timestamp,model,device_type,mfg,id,api,data
66.284352,Unknown Device,0,0,12,0,"[0, 0, 4, 0, 0, 0, 0, 1]"
66.284423,Unknown Device,0,0,12,0,"[0, 0, 4, 0, 0, 0, 0, 10]"
66.284495,Unknown Device,0,0,4,0,"[0, 0, 0, 0, 0, 0, 0, 27]"
66.284565,Unknown Device,0,0,12,0,"[0, 0, 4, 0, 0, 0, 0, 28]"
66.284651,Unknown Device,0,0,12,0,"[0, 0, 4, 0, 0, 0, 0, 37]"
66.284737,Unknown Device,0,0,4,0,"[0, 0, 0, 0, 0, 0, 0, 54]"
66.284807,Unknown Device,0,0,12,0,"[0, 0, 4, 0, 0, 0, 0, 55]"
66.284893,Unknown Device,0,0,12,0,"[0, 0, 4, 0, 0, 0, 0, 64]"
66.284979,Unknown Device,0,0,4,0,"[0, 0, 0, 0, 0, 0, 0, 81]"
66.285049,Unknown Device,0,0,12,0,"[0, 0, 4, 0, 0, 0, 0, 82]"
66.285135,Unknown Device,0,0,12,0,"[0, 12, 4, 0, 0, 0, 0, 99]"
66.285292,Unknown Device,0,0,12,0,"[0, 12, 4, 0, 0, 0, 0, 109]"
66.285383,Unknown Device,0,0,4,0,"[0, 12, 0, 0, 0, 0, 0, 126]"
66.285453,Unknown Device,0,0,12,0,"[0, 12, 4, 0, 0, 0, 0, 127]"
66.285469,Unknown Device,0,0,4,0,"[0, 48, 0, 0, 0, 0, 0, 255]"
66.285552,Unknown Device,0,0,12,0,"[0, 48, 2, 0, 0, 0, 0, 255]"
66.285567,Unknown Device,0,0,12,0,"[0, 48, 2, 0, 0, 0, 0, 255]"
66.285582,Unknown Device,0,0,12,0,"[0, 48, 2, 0, 0, 0, 0, 255]"
66.285667,Unknown Device,0,0,12,0,"[0, 48, 2, 0, 0, 0, 0, 255]"
66.285696,Unknown Device,0,0,12,0,"[0, 48, 2, 0, 0, 0, 0, 255]"
66.285767,Unknown Device,0,0,12,0,"[0, 48, 2, 0, 0, 0, 0, 255]"
66.285782,Unknown Device,0,0,12,0,"[0, 48, 2, 0, 0, 0, 0, 255]"
66.285812,Unknown Device,0,0,12,0,"[0, 48, 2, 0, 0, 0, 0, 255]"
66.285855,Unknown Device,0,0,12,0,"[0, 48, 2, 0, 0, 0, 0, 255]"
66.285884,Unknown Device,0,0,12,0,"[0, 48, 2, 0, 0, 0, 0, 255]"
66.285899,Unknown Device,0,0,12,0,"[0, 48, 2, 0, 0, 0, 0, 255]"
66.28597,Unknown Device,0,0,12,0,"[0, 48, 2, 0, 0, 0, 0, 255]"
66.286478,Unknown Device,0,0,12,0,"[0, 48, 4, 0, 0, 0, 0, 255]"
66.286507,Unknown Device,0,0,12,0,"[0, 48, 2, 0, 0, 0, 0, 255]"
66.286522,Unknown Device,0,0,12,0,"[0, 48, 2, 0, 0, 0, 0, 255]"
66.286733,Unknown Device,0,0,12,0,"[0, 48, 4, 0, 0, 0, 0, 255]"
66.286748,Unknown Device,0,0,12,0,"[0, 48, 2, 0, 0, 0, 0, 255]"
66.286763,Unknown Device,0,0,12,0,"[0, 48, 2, 0, 0, 0, 0, 255]"
66.287355,Unknown Device,0,0,12,0,"[0, 48, 2, 0, 0, 0, 0, 255]"
66.28744,Unknown Device,0,0,12,0,"[0, 48, 2, 0, 0, 0, 0, 255]"
66.287455,Unknown Device,0,0,12,0,"[0, 48, 2, 0, 0, 0, 0, 255]"
66.28747,Unknown Device,0,0,12,0,"[0, 48, 2, 0, 0, 0, 0, 255]"
66.287486,Unknown Device,0,0,12,0,"[0, 48, 2, 0, 0, 0, 0, 255]"
66.287863,Unknown Device,0,0,12,0,"[0, 48, 4, 0, 0, 0, 0, 255]"
66.288031,Unknown Device,0,0,12,0,"[0, 48, 4, 0, 0, 0, 0, 255]"
66.288046,Unknown Device,0,0,12,0,"[0, 48, 2, 0, 0, 0, 0, 255]"
66.28825,Unknown Device,0,0,12,0,"[0, 48, 2, 0, 0, 0, 0, 255]"
66.288265,Unknown Device,0,0,12,0,"[0, 48, 2, 0, 0, 0, 0, 255]"
66.288355,Unknown Device,0,0,12,0,"[0, 48, 2, 0, 0, 0, 0, 255]"
66.288873,Unknown Device,0,0,12,0,"[0, 48, 4, 0, 0, 0, 0, 255]"
66.288902,Unknown Device,0,0,12,0,"[0, 48, 2, 0, 0, 0, 0, 255]"
66.288917,Unknown Device,0,0,12,0,"[0, 48, 2, 0, 0, 0, 0, 255]"
66.289197,Unknown Device,0,0,12,0,"[0, 48, 4, 0, 0, 0, 0, 255]"
66.289277,Unknown Device,0,0,12,0,"[0, 48, 4, 0, 0, 0, 0, 255]"
66.289394,Unknown Device,0,0,12,0,"[0, 48, 4, 0, 0, 0, 0, 255]"
66.289492,Unknown Device,0,0,12,0,"[0, 48, 4, 0, 0, 0, 0, 255]"
66.289507,Unknown Device,0,0,12,0,"[0, 48, 2, 0, 0, 0, 0, 255]"
66.289522,Unknown Device,0,0,12,0,"[0, 48, 2, 0, 0, 0, 0, 255]"
66.289775,Unknown Device,0,0,12,0,"[0, 48, 4, 0, 0, 0, 0, 255]"
66.289832,Unknown Device,0,0,12,0,"[0, 48, 2, 0, 0, 0, 0, 255]"
66.290811,Unknown Device,0,0,12,0,"[0, 48, 4, 0, 0, 0, 0, 255]"
66.290896,Unknown Device,0,0,12,0,"[0, 48, 4, 0, 0, 0, 0, 255]"
66.290911,Unknown Device,0,0,12,0,"[0, 48, 2, 0, 0, 0, 0, 255]"
66.290982,Unknown Device,0,0,12,0,"[0, 48, 2, 0, 0, 0, 0, 255]"
66.291019,Unknown Device,0,0,12,0,"[0, 48, 2, 0, 0, 0, 0, 255]"
66.291076,Unknown Device,0,0,12,0,"[0, 48, 2, 0, 0, 0, 0, 255]"
66.291133,Unknown Device,0,0,12,0,"[0, 48, 2, 0, 0, 0, 0, 255]"
66.291148,Unknown Device,0,0,12,0,"[0, 48, 2, 0, 0, 0, 0, 255]"
66.291177,Unknown Device,0,0,12,0,"[0, 48, 2, 0, 0, 0, 0, 255]"
66.291498,Unknown Device,0,0,12,0,"[0, 48, 2, 0, 0, 0, 0, 255]"
66.291527,Unknown Device,0,0,12,0,"[0, 48, 2, 0, 0, 0, 0, 255]"
66.291718,Unknown Device,0,0,12,0,"[0, 48, 2, 0, 0, 0, 0, 255]"
66.291733,Unknown Device,0,0,12,0,"[0, 48, 2, 0, 0, 0, 0, 255]"
66.291748,Unknown Device,0,0,12,0,"[0, 48, 2, 0, 0, 0, 0, 255]"
66.292397,Unknown Device,0,0,12,0,"[0, 48, 2, 0, 0, 0, 0, 255]"
66.292412,Unknown Device,0,0,12,0,"[0, 48, 2, 0, 0, 0, 0, 255]"
66.292483,Unknown Device,0,0,12,0,"[0, 48, 2, 0, 0, 0, 0, 255]"
66.292498,Unknown Device,0,0,12,0,"[0, 48, 2, 0, 0, 0, 0, 255]"
66.292569,Unknown Device,0,0,12,0,"[0, 48, 2, 0, 0, 0, 0, 255]"
66.292879,Unknown,Unknown,Unknown,Unknown,997,"[6, 251, 1, 163, 83, 5, 0, 170]"
66.292915,Unknown Device,0,0,4,0,"[0, 76, 0, 0, 0, 0, 0, 126]"
66.292973,Unknown Device,0,0,12,0,"[0, 12, 4, 0, 0, 0, 0, 127]"
66.292988,Unknown Device,0,0,4,0,"[0, 48, 0, 0, 0, 0, 0, 255]"
66.293058,Unknown Device,0,0,12,0,"[0, 48, 2, 0, 0, 0, 0, 255]"
66.293214,Unknown Device,0,0,12,0,"[0, 48, 4, 0, 0, 0, 0, 255]"
66.293252,Unknown Device,0,0,12,0,"[0, 48, 2, 0, 0, 0, 0, 255]"
66.29361,Unknown Device,0,0,12,0,"[0, 48, 2, 0, 0, 0, 0, 255]"
66.293639,Unknown Device,0,0,12,0,"[0, 48, 2, 0, 0, 0, 0, 255]"
66.293781,Unknown Device,0,0,12,0,"[0, 48, 4, 0, 0, 0, 0, 255]"
66.293875,Unknown Device,0,0,12,0,"[0, 48, 2, 0, 0, 0, 0, 255]"
66.29389,Unknown Device,0,0,12,0,"[0, 48, 2, 0, 0, 0, 0, 255]"
66.294411,Unknown Device,0,0,12,0,"[0, 48, 2, 0, 0, 0, 0, 255]"
66.294553,Unknown Device,0,0,12,0,"[0, 48, 2, 0, 0, 0, 0, 255]"
66.294568,Unknown Device,0,0,12,0,"[0, 48, 2, 0, 0, 0, 0, 255]"
66.294718,Unknown Device,0,0,12,0,"[0, 48, 4, 0, 0, 0, 0, 255]"
66.294761,Unknown Device,0,0,12,0,"[0, 48, 2, 0, 0, 0, 0, 255]"
66.294791,Unknown Device,0,0,12,0,"[0, 48, 2, 0, 0, 0, 0, 255]"
66.294834,Unknown Device,0,0,12,0,"[0, 48, 2, 0, 0, 0, 0, 255]"
66.295792,Unknown Device,0,0,12,0,"[0, 48, 4, 0, 0, 0, 0, 255]"
66.295849,Unknown Device,0,0,12,0,"[0, 48, 2, 0, 0, 0, 0, 255]"
66.296294,Unknown Device,0,0,12,0,"[0, 48, 2, 0, 0, 0, 0, 255]"
66.296324,Unknown Device,0,0,12,0,"[0, 48, 2, 0, 0, 0, 0, 255]"
66.296604,Unknown Device,0,0,12,0,"[0, 48, 4, 0, 0, 0, 0, 255]"
66.296619,Unknown Device,0,0,12,0,"[0, 48, 2, 0, 0, 0, 0, 255]"
66.296634,Unknown Device,0,0,12,0,"[0, 48, 2, 0, 0, 0, 0, 255]"
66.297488,Unknown Device,0,0,12,0,"[0, 48, 2, 0, 0, 0, 0, 255]"
66.297525,Unknown Device,0,0,12,0,"[0, 48, 2, 0, 0, 0, 0, 255]"
66.297611,Unknown Device,0,0,12,0,"[0, 48, 2, 0, 0, 0, 0, 255]"
66.297626,Unknown Device,0,0,12,0,"[0, 48, 2, 0, 0, 0, 0, 255]"
66.297641,Unknown Device,0,0,12,0,"[0, 48, 2, 0, 0, 0, 0, 255]"
66.298157,Unknown Device,0,0,12,0,"[0, 48, 4, 0, 0, 0, 0, 255]"
66.298243,Unknown Device,0,0,12,0,"[0, 48, 2, 0, 0, 0, 0, 255]"
66.298258,Unknown Device,0,0,12,0,"[0, 48, 2, 0, 0, 0, 0, 255]"
66.29833,Unknown Device,0,0,12,0,"[0, 48, 2, 0, 0, 0, 0, 255]"
66.29835,Unknown Device,0,0,12,0,"[0, 48, 2, 0, 0, 0, 0, 255]"
66.298365,Unknown Device,0,0,12,0,"[0, 48, 2, 0, 0, 0, 0, 255]"
66.29838,Unknown Device,0,0,12,0,"[0, 48, 2, 0, 0, 0, 0, 255]"
66.298395,Unknown Device,0,0,12,0,"[0, 48, 2, 0, 0, 0, 0, 255]"
66.298461,Unknown Device,0,0,12,0,"[0, 48, 2, 0, 0, 0, 0, 255]"
66.298476,Unknown Device,0,0,12,0,"[0, 48, 2, 0, 0, 0, 0, 255]"
66.298548,Unknown Device,0,0,12,0,"[0, 48, 2, 0, 0, 0, 0, 255]"
66.298881,Unknown Device,0,0,12,0,"[0, 48, 4, 0, 0, 0, 0, 255]"
66.298966,Unknown Device,0,0,12,0,"[0, 48, 4, 0, 0, 0, 0, 255]"
66.29908,Unknown Device,0,0,12,0,"[0, 48, 4, 0, 0, 0, 0, 255]"
66.299244,Unknown Device,0,0,12,0,"[0, 48, 2, 0, 0, 0, 0, 255]"
66.299525,Unknown Device,0,0,12,0,"[0, 48, 4, 0, 0, 0, 0, 255]"
66.299652,Unknown Device,0,0,4,0,"[0, 76, 0, 0, 0, 0, 0, 126]"
66.299669,Unknown Device,0,0,0,0,"[192, 205, 62, 70, 85, 0, 0, 0]"
66.299711,Unknown Device,0,0,12,0,"[0, 12, 4, 0, 0, 0, 0, 127]"
66.299726,Unknown Device,0,0,4,0,"[0, 48, 0, 0, 0, 0, 0, 255]"
66.299768,Unknown Device,0,0,12,0,"[0, 48, 4, 0, 0, 0, 0, 255]"
66.299784,Unknown Device,0,0,12,0,"[0, 48, 2, 0, 0, 0, 0, 255]"
66.300144,Unknown Device,0,0,12,0,"[0, 48, 2, 0, 0, 0, 0, 255]"
66.300354,Unknown Device,0,0,12,0,"[0, 48, 2, 0, 0, 0, 0, 255]"
66.30037,Unknown Device,0,0,12,0,"[0, 48, 2, 0, 0, 0, 0, 255]"
66.300935,Unknown Device,0,0,12,0,"[0, 48, 4, 0, 0, 0, 0, 255]"
66.30095,Unknown Device,0,0,12,0,"[0, 48, 2, 0, 0, 0, 0, 255]"
66.301078,Unknown Device,0,0,12,0,"[0, 48, 2, 0, 0, 0, 0, 255]"
66.301093,Unknown Device,0,0,12,0,"[0, 48, 2, 0, 0, 0, 0, 255]"
66.301109,Unknown Device,0,0,12,0,"[0, 48, 2, 0, 0, 0, 0, 255]"
66.301124,Unknown Device,0,0,12,0,"[0, 48, 2, 0, 0, 0, 0, 255]"
66.301295,Unknown Device,0,0,12,0,"[0, 48, 4, 0, 0, 0, 0, 255]"
66.301324,Unknown Device,0,0,12,0,"[0, 48, 2, 0, 0, 0, 0, 255]"
66.301339,Unknown Device,0,0,12,0,"[0, 48, 2, 0, 0, 0, 0, 255]"
66.30162,Unknown Device,0,0,12,0,"[0, 48, 4, 0, 0, 0, 0, 255]"
66.301967,Unknown Device,0,0,12,0,"[0, 48, 4, 0, 0, 0, 0, 255]"
66.302173,Unknown Device,0,0,12,0,"[0, 48, 4, 0, 0, 0, 0, 255]"
66.302217,Unknown Device,0,0,12,0,"[0, 48, 4, 0, 0, 0, 0, 255]"
66.302303,Unknown Device,0,0,12,0,"[0, 48, 4, 0, 0, 0, 0, 255]"
66.302378,Unknown Device,0,0,12,0,"[0, 48, 4, 0, 0, 0, 0, 255]"
66.302464,Unknown Device,0,0,12,0,"[0, 48, 2, 0, 0, 0, 0, 255]"
66.302479,Unknown Device,0,0,12,0,"[0, 48, 2, 0, 0, 0, 0, 255]"
66.302494,Unknown Device,0,0,12,0,"[0, 48, 2, 0, 0, 0, 0, 255]"
66.302616,Unknown Device,0,0,12,0,"[0, 48, 2, 0, 0, 0, 0, 255]"
66.302839,Unknown,Unknown,Unknown,Unknown,997,"[16, 19, 8, 0, 16, 70, 114, 111]"
66.302853,Unknown Device,0,0,4,0,"[0, 76, 0, 0, 0, 0, 0, 126]"
66.303124,Unknown Device,0,0,4,0,"[0, 48, 0, 0, 0, 0, 0, 255]"
66.30318,Unknown Device,0,0,12,0,"[0, 48, 4, 0, 0, 0, 0, 255]"
66.303317,Unknown Device,0,0,12,0,"[0, 48, 2, 0, 0, 0, 0, 255]"
66.303723,Unknown Device,0,0,12,0,"[0, 48, 2, 0, 0, 0, 0, 255]"
66.303823,Unknown Device,0,0,12,0,"[0, 48, 4, 0, 0, 0, 0, 255]"
66.303838,Unknown Device,0,0,12,0,"[0, 48, 2, 0, 0, 0, 0, 255]"
66.303853,Unknown Device,0,0,12,0,"[0, 48, 2, 0, 0, 0, 0, 255]"
66.303868,Unknown Device,0,0,12,0,"[0, 48, 2, 0, 0, 0, 0, 255]"
66.30394,Unknown Device,0,0,12,0,"[0, 48, 2, 0, 0, 0, 0, 255]"
66.304329,Unknown Device,0,0,12,0,"[0, 48, 4, 0, 0, 0, 0, 255]"
66.304362,Unknown Device,0,0,12,0,"[0, 48, 2, 0, 0, 0, 0, 255]"
66.304399,Unknown Device,0,0,12,0,"[0, 48, 2, 0, 0, 0, 0, 255]"
66.304569,Unknown Device,0,0,12,0,"[0, 48, 2, 0, 0, 0, 0, 255]"
66.304584,Unknown Device,0,0,12,0,"[0, 48, 2, 0, 0, 0, 0, 255]"
66.304804,Unknown Device,0,0,12,0,"[0, 48, 2, 0, 0, 0, 0, 255]"
66.304833,Unknown Device,0,0,12,0,"[0, 48, 2, 0, 0, 0, 0, 255]"
66.304919,Unknown Device,0,0,12,0,"[0, 48, 2, 0, 0, 0, 0, 255]"
66.305864,Unknown Device,0,0,12,0,"[0, 48, 4, 0, 0, 0, 0, 255]"
66.305879,Unknown Device,0,0,12,0,"[0, 48, 2, 0, 0, 0, 0, 255]"
66.306358,Unknown Device,0,0,12,0,"[0, 48, 4, 0, 0, 0, 0, 255]"
66.306564,Unknown Device,0,0,12,0,"[0, 48, 4, 0, 0, 0, 0, 255]"
66.306579,Unknown Device,0,0,12,0,"[0, 48, 2, 0, 0, 0, 0, 255]"
66.306594,Unknown Device,0,0,12,0,"[0, 48, 2, 0, 0, 0, 0, 255]"
66.30661,Unknown Device,0,0,12,0,"[0, 48, 2, 0, 0, 0, 0, 255]"
66.307325,Unknown Device,0,0,12,0,"[0, 48, 2, 0, 0, 0, 0, 255]"
66.30734,Unknown Device,0,0,12,0,"[0, 48, 2, 0, 0, 0, 0, 255]"
66.307359,Unknown Device,0,0,12,0,"[0, 48, 2, 0, 0, 0, 0, 255]"
66.307459,Unknown Device,0,0,12,0,"[0, 48, 2, 0, 0, 0, 0, 255]"
66.308122,Unknown Device,0,0,12,0,"[0, 48, 4, 0, 0, 0, 0, 255]"
66.308137,Unknown Device,0,0,12,0,"[0, 48, 2, 0, 0, 0, 0, 255]"
66.308152,Unknown Device,0,0,12,0,"[0, 48, 2, 0, 0, 0, 0, 255]"
66.308238,Unknown Device,0,0,12,0,"[0, 48, 2, 0, 0, 0, 0, 255]"
66.308253,Unknown Device,0,0,12,0,"[0, 48, 2, 0, 0, 0, 0, 255]"
66.308291,Unknown Device,0,0,12,0,"[0, 48, 2, 0, 0, 0, 0, 255]"
66.308451,Unknown Device,0,0,12,0,"[0, 48, 2, 0, 0, 0, 0, 255]"
66.308988,Unknown Device,0,0,12,0,"[0, 48, 2, 0, 0, 0, 0, 255]"
66.30948,Unknown Device,0,0,12,0,"[0, 48, 4, 0, 0, 0, 0, 255]"
66.309771,Unknown Device,0,0,12,0,"[0, 48, 4, 0, 0, 0, 0, 255]"
66.31009,Unknown Device,0,0,12,0,"[0, 48, 4, 0, 0, 0, 0, 255]"
66.310943,Unknown Device,0,0,12,0,"[0, 48, 4, 0, 0, 0, 0, 255]"
66.310958,Unknown Device,0,0,12,0,"[0, 48, 2, 0, 0, 0, 0, 255]"
66.311029,Unknown Device,0,0,12,0,"[0, 48, 2, 0, 0, 0, 0, 255]"
66.311044,Unknown Device,0,0,12,0,"[0, 48, 2, 0, 0, 0, 0, 255]"
66.31106,Unknown Device,0,0,12,0,"[0, 48, 2, 0, 0, 0, 0, 255]"
66.311075,Unknown Device,0,0,12,0,"[0, 48, 2, 0, 0, 0, 0, 255]"
66.311296,Unknown Device,0,0,12,0,"[0, 48, 4, 0, 0, 0, 0, 255]"
66.311311,Unknown Device,0,0,12,0,"[0, 48, 2, 0, 0, 0, 0, 255]"
66.311326,Unknown Device,0,0,12,0,"[0, 48, 2, 0, 0, 0, 0, 255]"
66.311634,Unknown Device,0,0,12,0,"[0, 48, 2, 0, 0, 0, 0, 255]"
66.311649,Unknown Device,0,0,12,0,"[0, 48, 2, 0, 0, 0, 0, 255]"
66.311664,Unknown Device,0,0,12,0,"[0, 48, 2, 0, 0, 0, 0, 255]"
66.311904,Unknown Device,0,0,12,0,"[0, 48, 4, 0, 0, 0, 0, 255]"
66.311998,Unknown Device,0,0,12,0,"[0, 48, 4, 0, 0, 0, 0, 255]"
66.312489,Unknown Device,0,0,12,0,"[0, 48, 4, 0, 0, 0, 0, 255]"
66.312504,Unknown Device,0,0,12,0,"[0, 48, 2, 0, 0, 0, 0, 255]"
66.312519,Unknown Device,0,0,12,0,"[0, 48, 2, 0, 0, 0, 0, 255]"
66.312535,Unknown Device,0,0,12,0,"[0, 48, 2, 0, 0, 0, 0, 255]"
66.31255,Unknown Device,0,0,12,0,"[0, 48, 2, 0, 0, 0, 0, 255]"
66.312629,Unknown Device,0,0,12,0,"[0, 48, 2, 0, 0, 0, 0, 255]"
66.312644,Unknown Device,0,0,12,0,"[0, 48, 2, 0, 0, 0, 0, 255]"
66.312977,Unknown Device,0,0,12,0,"[0, 48, 4, 0, 0, 0, 0, 255]"
66.312992,Unknown Device,0,0,12,0,"[0, 48, 2, 0, 0, 0, 0, 255]"
66.313162,Unknown Device,0,0,12,0,"[0, 48, 4, 0, 0, 0, 0, 255]"
66.313284,Unknown Device,0,0,12,0,"[0, 48, 2, 0, 0, 0, 0, 255]"
66.313489,Unknown,Unknown,Unknown,Unknown,997,"[33, 110, 116, 32, 82, 105, 103, 104]"
66.313503,Unknown Device,0,0,4,0,"[0, 76, 0, 0, 0, 0, 0, 126]"
66.313904,Unknown Device,0,0,12,0,"[0, 12, 4, 0, 0, 0, 0, 127]"
66.313919,Unknown Device,0,0,4,0,"[0, 48, 0, 0, 0, 0, 0, 255]"
66.313962,Unknown Device,0,0,12,0,"[0, 48, 4, 0, 0, 0, 0, 255]"
66.314005,Unknown Device,0,0,12,0,"[0, 48, 2, 0, 0, 0, 0, 255]"
66.314034,Unknown Device,0,0,12,0,"[0, 48, 2, 0, 0, 0, 0, 255]"
66.314106,Unknown Device,0,0,12,0,"[0, 48, 2, 0, 0, 0, 0, 255]"
66.314277,Unknown Device,0,0,12,0,"[0, 48, 4, 0, 0, 0, 0, 255]"
66.31432,Unknown Device,0,0,12,0,"[0, 48, 2, 0, 0, 0, 0, 255]"
66.31453,Unknown Device,0,0,12,0,"[0, 48, 4, 0, 0, 0, 0, 255]"
66.314546,Unknown Device,0,0,12,0,"[0, 48, 2, 0, 0, 0, 0, 255]"
66.314794,Unknown Device,0,0,12,0,"[0, 48, 2, 0, 0, 0, 0, 255]"
66.314823,Unknown Device,0,0,12,0,"[0, 48, 2, 0, 0, 0, 0, 255]"
66.315325,Unknown Device,0,0,12,0,"[0, 48, 4, 0, 0, 0, 0, 255]"
66.315436,Unknown Device,0,0,12,0,"[0, 48, 4, 0, 0, 0, 0, 255]"
66.31562,Unknown Device,0,0,12,0,"[0, 48, 4, 0, 0, 0, 0, 255]"
66.315663,Unknown Device,0,0,12,0,"[0, 48, 2, 0, 0, 0, 0, 255]"
66.315883,Unknown Device,0,0,12,0,"[0, 48, 4, 0, 0, 0, 0, 255]"
66.315898,Unknown Device,0,0,12,0,"[0, 48, 2, 0, 0, 0, 0, 255]"
66.315913,Unknown Device,0,0,12,0,"[0, 48, 2, 0, 0, 0, 0, 255]"
66.316377,Unknown Device,0,0,12,0,"[0, 48, 4, 0, 0, 0, 0, 255]"
66.316406,Unknown Device,0,0,12,0,"[0, 48, 2, 0, 0, 0, 0, 255]"
66.316668,Unknown Device,0,0,12,0,"[0, 48, 2, 0, 0, 0, 0, 255]"
66.316683,Unknown Device,0,0,12,0,"[0, 48, 2, 0, 0, 0, 0, 255]"
66.316698,Unknown Device,0,0,12,0,"[0, 48, 2, 0, 0, 0, 0, 255]"
66.317372,Unknown Device,0,0,12,0,"[0, 48, 2, 0, 0, 0, 0, 255]"
66.317388,Unknown Device,0,0,12,0,"[0, 48, 2, 0, 0, 0, 0, 255]"
66.317473,Unknown Device,0,0,12,0,"[0, 48, 2, 0, 0, 0, 0, 255]"
66.317511,Unknown Device,0,0,12,0,"[0, 48, 2, 0, 0, 0, 0, 255]"
66.318119,Unknown Device,0,0,12,0,"[0, 48, 2, 0, 0, 0, 0, 255]"
66.318205,Unknown Device,0,0,12,0,"[0, 48, 4, 0, 0, 0, 0, 255]"
66.31822,Unknown Device,0,0,12,0,"[0, 48, 2, 0, 0, 0, 0, 255]"
66.318353,Unknown Device,0,0,12,0,"[0, 48, 2, 0, 0, 0, 0, 255]"
66.318368,Unknown Device,0,0,12,0,"[0, 48, 2, 0, 0, 0, 0, 255]"
66.318518,Unknown Device,0,0,12,0,"[0, 48, 2, 0, 0, 0, 0, 255]"
66.31859,Unknown Device,0,0,12,0,"[0, 48, 2, 0, 0, 0, 0, 255]"
66.318916,Unknown Device,0,0,12,0,"[0, 48, 4, 0, 0, 0, 0, 255]"
66.318987,Unknown Device,0,0,12,0,"[0, 48, 2, 0, 0, 0, 0, 255]"
66.319002,Unknown Device,0,0,12,0,"[0, 48, 2, 0, 0, 0, 0, 255]"
66.31953,Unknown Device,0,0,12,0,"[0, 48, 4, 0, 0, 0, 0, 255]"
66.319545,Unknown Device,0,0,12,0,"[0, 48, 2, 0, 0, 0, 0, 255]"
66.31956,Unknown Device,0,0,12,0,"[0, 48, 2, 0, 0, 0, 0, 255]"
66.320041,Unknown Device,0,0,12,0,"[0, 48, 2, 0, 0, 0, 0, 255]"
66.320858,Unknown Device,0,0,12,0,"[0, 48, 4, 0, 0, 0, 0, 255]"
66.320915,Unknown Device,0,0,12,0,"[0, 48, 2, 0, 0, 0, 0, 255]"
66.320952,Unknown Device,0,0,12,0,"[0, 48, 2, 0, 0, 0, 0, 255]"
66.320981,Unknown Device,0,0,12,0,"[0, 48, 2, 0, 0, 0, 0, 255]"
66.321025,Unknown Device,0,0,12,0,"[0, 48, 2, 0, 0, 0, 0, 255]"
66.321354,Unknown Device,0,0,12,0,"[0, 48, 2, 0, 0, 0, 0, 255]"
66.321369,Unknown Device,0,0,12,0,"[0, 48, 2, 0, 0, 0, 0, 255]"
66.321604,Unknown Device,0,0,12,0,"[0, 48, 2, 0, 0, 0, 0, 255]"
66.321619,Unknown Device,0,0,12,0,"[0, 48, 2, 0, 0, 0, 0, 255]"
66.321783,Unknown Device,0,0,12,0,"[0, 48, 4, 0, 0, 0, 0, 255]"
66.321798,Unknown Device,0,0,12,0,"[0, 48, 2, 0, 0, 0, 0, 255]"
66.321813,Unknown Device,0,0,12,0,"[0, 48, 2, 0, 0, 0, 0, 255]"
66.322362,Unknown Device,0,0,12,0,"[0, 48, 4, 0, 0, 0, 0, 255]"
66.322377,Unknown Device,0,0,12,0,"[0, 48, 2, 0, 0, 0, 0, 255]"
66.322512,Unknown Device,0,0,12,0,"[0, 48, 2, 0, 0, 0, 0, 255]"
66.322939,Unknown Device,0,0,12,0,"[0, 48, 4, 0, 0, 0, 0, 255]"
66.323046,Unknown Device,0,0,12,0,"[0, 48, 4, 0, 0, 0, 0, 255]"
66.323088,Unknown Device,0,0,12,0,"[0, 48, 2, 0, 0, 0, 0, 255]"
66.323104,Unknown Device,0,0,12,0,"[0, 48, 2, 0, 0, 0, 0, 255]"
66.323119,Unknown Device,0,0,12,0,"[0, 48, 2, 0, 0, 0, 0, 255]"
66.323176,Unknown Device,0,0,12,0,"[0, 48, 2, 0, 0, 0, 0, 255]"
66.323233,Unknown Device,0,0,12,0,"[0, 48, 2, 0, 0, 0, 0, 255]"
66.323262,Unknown Device,0,0,12,0,"[0, 48, 2, 0, 0, 0, 0, 255]"
66.323278,Unknown Device,0,0,12,0,"[0, 48, 2, 0, 0, 0, 0, 255]"
66.323293,Unknown Device,0,0,12,0,"[0, 48, 2, 0, 0, 0, 0, 255]"
66.323913,Unknown Device,0,0,12,0,"[0, 48, 2, 0, 0, 0, 0, 255]"
66.323928,Unknown Device,0,0,12,0,"[0, 48, 2, 0, 0, 0, 0, 255]"
66.324387,Unknown Device,0,0,12,0,"[0, 48, 2, 0, 0, 0, 0, 255]"
66.324403,Unknown Device,0,0,12,0,"[0, 48, 2, 0, 0, 0, 0, 255]"
66.324446,Unknown Device,0,0,12,0,"[0, 48, 2, 0, 0, 0, 0, 255]"
66.324594,Unknown Device,0,0,12,0,"[0, 48, 2, 0, 0, 0, 0, 255]"
66.324821,Unknown,Unknown,Unknown,Unknown,997,"[16, 98, 5, 9, 76, 73, 67, 45]"
66.324834,Unknown Device,0,0,4,0,"[0, 76, 0, 0, 0, 0, 0, 126]"
66.324947,Unknown Device,0,0,12,0,"[0, 48, 4, 0, 0, 0, 0, 255]"
66.325068,Unknown Device,0,0,12,0,"[0, 48, 2, 0, 0, 0, 0, 255]"
66.325166,Unknown Device,0,0,12,0,"[0, 48, 2, 0, 0, 0, 0, 255]"
66.325237,Unknown Device,0,0,12,0,"[0, 48, 2, 0, 0, 0, 0, 255]"
66.325998,Unknown Device,0,0,12,0,"[0, 48, 2, 0, 0, 0, 0, 255]"
66.326014,Unknown Device,0,0,12,0,"[0, 48, 2, 0, 0, 0, 0, 255]"
66.326182,Unknown Device,0,0,12,0,"[0, 48, 4, 0, 0, 0, 0, 255]"
66.326197,Unknown Device,0,0,12,0,"[0, 48, 2, 0, 0, 0, 0, 255]"
66.32624,Unknown Device,0,0,12,0,"[0, 48, 2, 0, 0, 0, 0, 255]"
66.326464,Unknown Device,0,0,12,0,"[0, 48, 4, 0, 0, 0, 0, 255]"
66.326479,Unknown Device,0,0,12,0,"[0, 48, 2, 0, 0, 0, 0, 255]"
66.326494,Unknown Device,0,0,12,0,"[0, 48, 2, 0, 0, 0, 0, 255]"
66.326648,Unknown Device,0,0,12,0,"[0, 48, 2, 0, 0, 0, 0, 255]"
66.326664,Unknown Device,0,0,12,0,"[0, 48, 2, 0, 0, 0, 0, 255]"
66.326882,Unknown Device,0,0,12,0,"[0, 48, 4, 0, 0, 0, 0, 255]"
66.327369,Unknown Device,0,0,12,0,"[0, 48, 4, 0, 0, 0, 0, 255]"
66.327398,Unknown Device,0,0,12,0,"[0, 48, 2, 0, 0, 0, 0, 255]"
66.327427,Unknown Device,0,0,12,0,"[0, 48, 2, 0, 0, 0, 0, 255]"
66.327609,Unknown Device,0,0,12,0,"[0, 48, 4, 0, 0, 0, 0, 255]"
66.32773,Unknown Device,0,0,12,0,"[0, 48, 4, 0, 0, 0, 0, 255]"
66.328101,Unknown Device,0,0,12,0,"[0, 48, 4, 0, 0, 0, 0, 255]"
66.328325,Unknown Device,0,0,12,0,"[0, 48, 2, 0, 0, 0, 0, 255]"
66.32834,Unknown Device,0,0,12,0,"[0, 48, 2, 0, 0, 0, 0, 255]"
66.32836,Unknown Device,0,0,12,0,"[0, 48, 2, 0, 0, 0, 0, 255]"
66.328383,Unknown Device,0,0,12,0,"[0, 48, 2, 0, 0, 0, 0, 255]"
66.328426,Unknown Device,0,0,12,0,"[0, 48, 2, 0, 0, 0, 0, 255]"
66.328441,Unknown Device,0,0,12,0,"[0, 48, 2, 0, 0, 0, 0, 255]"
66.32847,Unknown Device,0,0,12,0,"[0, 48, 2, 0, 0, 0, 0, 255]"
66.328555,Unknown Device,0,0,12,0,"[0, 48, 2, 0, 0, 0, 0, 255]"
66.328856,Unknown Device,0,0,12,0,"[0, 48, 2, 0, 0, 0, 0, 255]"
66.328913,Unknown Device,0,0,12,0,"[0, 48, 2, 0, 0, 0, 0, 255]"
66.328942,Unknown Device,0,0,12,0,"[0, 48, 2, 0, 0, 0, 0, 255]"
66.328958,Unknown Device,0,0,12,0,"[0, 48, 2, 0, 0, 0, 0, 255]"
66.329042,Unknown Device,0,0,12,0,"[0, 48, 2, 0, 0, 0, 0, 255]"
66.329155,Unknown Device,0,0,12,0,"[0, 48, 2, 0, 0, 0, 0, 255]"
66.329226,Unknown Device,0,0,12,0,"[0, 48, 2, 0, 0, 0, 0, 255]"
66.330107,Unknown Device,0,0,12,0,"[0, 48, 4, 0, 0, 0, 0, 255]"
66.330937,Unknown Device,0,0,12,0,"[0, 48, 2, 0, 0, 0, 0, 255]"
66.331015,Unknown Device,0,0,12,0,"[0, 48, 2, 0, 0, 0, 0, 255]"
66.331031,Unknown Device,0,0,12,0,"[0, 48, 2, 0, 0, 0, 0, 255]"
66.331365,Unknown Device,0,0,12,0,"[0, 48, 4, 0, 0, 0, 0, 255]"
66.331394,Unknown Device,0,0,12,0,"[0, 48, 2, 0, 0, 0, 0, 255]"
66.331409,Unknown Device,0,0,12,0,"[0, 48, 2, 0, 0, 0, 0, 255]"
66.331613,Unknown Device,0,0,12,0,"[0, 48, 2, 0, 0, 0, 0, 255]"
66.331656,Unknown Device,0,0,12,0,"[0, 48, 2, 0, 0, 0, 0, 255]"
66.331755,Unknown Device,0,0,12,0,"[0, 48, 4, 0, 0, 0, 0, 255]"
66.331875,Unknown Device,0,0,12,0,"[0, 48, 4, 0, 0, 0, 0, 255]"
66.33189,Unknown Device,0,0,12,0,"[0, 48, 2, 0, 0, 0, 0, 255]"
66.331906,Unknown Device,0,0,12,0,"[0, 48, 2, 0, 0, 0, 0, 255]"
66.331935,Unknown Device,0,0,12,0,"[0, 48, 2, 0, 0, 0, 0, 255]"
66.332,Unknown Device,0,0,12,0,"[0, 48, 2, 0, 0, 0, 0, 255]"
66.33207,Unknown Device,0,0,12,0,"[0, 48, 4, 0, 0, 0, 0, 255]"
66.332496,Unknown Device,0,0,4,0,"[0, 76, 0, 0, 0, 0, 0, 126]"
66.332513,Unknown,Unknown,Unknown,Unknown,997,"[33, 50, 48, 45, 56, 48, 55, 50]"
66.332555,Unknown Device,0,0,12,0,"[0, 12, 4, 0, 0, 0, 0, 127]"
66.332626,Unknown Device,0,0,12,0,"[0, 48, 4, 0, 0, 0, 0, 255]"
66.332697,Unknown Device,0,0,12,0,"[0, 48, 4, 0, 0, 0, 0, 255]"
66.332734,Unknown Device,0,0,12,0,"[0, 48, 2, 0, 0, 0, 0, 255]"
66.332763,Unknown Device,0,0,12,0,"[0, 48, 2, 0, 0, 0, 0, 255]"
66.332806,Unknown Device,0,0,12,0,"[0, 48, 2, 0, 0, 0, 0, 255]"
66.332821,Unknown Device,0,0,12,0,"[0, 48, 2, 0, 0, 0, 0, 255]"
66.33285,Unknown Device,0,0,12,0,"[0, 48, 2, 0, 0, 0, 0, 255]"
66.333082,Unknown Device,0,0,12,0,"[0, 48, 4, 0, 0, 0, 0, 255]"
66.333329,Unknown Device,0,0,12,0,"[0, 48, 2, 0, 0, 0, 0, 255]"
66.333344,Unknown Device,0,0,12,0,"[0, 48, 2, 0, 0, 0, 0, 255]"
66.333363,Unknown Device,0,0,12,0,"[0, 48, 2, 0, 0, 0, 0, 255]"
66.333498,Unknown Device,0,0,12,0,"[0, 48, 2, 0, 0, 0, 0, 255]"
66.333786,Unknown Device,0,0,12,0,"[0, 48, 2, 0, 0, 0, 0, 255]"
66.333893,Unknown Device,0,0,12,0,"[0, 48, 4, 0, 0, 0, 0, 255]"
66.333922,Unknown Device,0,0,12,0,"[0, 48, 2, 0, 0, 0, 0, 255]"
66.334021,Unknown Device,0,0,12,0,"[0, 48, 4, 0, 0, 0, 0, 255]"
66.334355,Unknown Device,0,0,12,0,"[0, 48, 4, 0, 0, 0, 0, 255]"
66.33437,Unknown Device,0,0,12,0,"[0, 48, 2, 0, 0, 0, 0, 255]"
66.334407,Unknown Device,0,0,12,0,"[0, 48, 2, 0, 0, 0, 0, 255]"
66.334548,Unknown Device,0,0,12,0,"[0, 48, 4, 0, 0, 0, 0, 255]"
66.334563,Unknown Device,0,0,12,0,"[0, 48, 2, 0, 0, 0, 0, 255]"
66.334578,Unknown Device,0,0,12,0,"[0, 48, 2, 0, 0, 0, 0, 255]"
66.334782,Unknown Device,0,0,12,0,"[0, 48, 4, 0, 0, 0, 0, 255]"
66.335928,Unknown Device,0,0,12,0,"[0, 48, 2, 0, 0, 0, 0, 255]"
66.33636,Unknown Device,0,0,12,0,"[0, 48, 2, 0, 0, 0, 0, 255]"
66.336536,Unknown Device,0,0,12,0,"[0, 48, 4, 0, 0, 0, 0, 255]"
66.336565,Unknown Device,0,0,12,0,"[0, 48, 2, 0, 0, 0, 0, 255]"
66.337431,Unknown Device,0,0,4,0,"[0, 76, 0, 0, 0, 0, 0, 126]"
66.337448,Unknown,Unknown,Unknown,Unknown,997,"[34, 55, 56, 56, 56, 0, 0, 0]"
66.337484,Unknown Device,0,0,12,0,"[0, 12, 4, 0, 0, 0, 0, 127]"
66.337542,Unknown Device,0,0,12,0,"[0, 48, 4, 0, 0, 0, 0, 255]"
66.337613,Unknown Device,0,0,12,0,"[0, 48, 4, 0, 0, 0, 0, 255]"
66.337642,Unknown Device,0,0,12,0,"[0, 48, 2, 0, 0, 0, 0, 255]"
66.337658,Unknown Device,0,0,12,0,"[0, 48, 2, 0, 0, 0, 0, 255]"
66.337695,Unknown Device,0,0,12,0,"[0, 48, 2, 0, 0, 0, 0, 255]"
66.337724,Unknown Device,0,0,12,0,"[0, 48, 2, 0, 0, 0, 0, 255]"
66.33774,Unknown Device,0,0,12,0,"[0, 48, 2, 0, 0, 0, 0, 255]"
66.337769,Unknown Device,0,0,12,0,"[0, 48, 2, 0, 0, 0, 0, 255]"
66.338222,Unknown Device,0,0,12,0,"[0, 48, 2, 0, 0, 0, 0, 255]"
66.338237,Unknown Device,0,0,12,0,"[0, 48, 2, 0, 0, 0, 0, 255]"
66.33831,Unknown Device,0,0,12,0,"[0, 48, 2, 0, 0, 0, 0, 255]"
66.338325,Unknown Device,0,0,12,0,"[0, 48, 2, 0, 0, 0, 0, 255]"
66.338358,Unknown Device,0,0,12,0,"[0, 48, 2, 0, 0, 0, 0, 255]"
66.338374,Unknown Device,0,0,12,0,"[0, 48, 2, 0, 0, 0, 0, 255]"
66.338439,Unknown Device,0,0,12,0,"[0, 48, 2, 0, 0, 0, 0, 255]"
66.338454,Unknown Device,0,0,12,0,"[0, 48, 2, 0, 0, 0, 0, 255]"
66.338526,Unknown Device,0,0,12,0,"[0, 48, 2, 0, 0, 0, 0, 255]"
66.3389,Unknown Device,0,0,12,0,"[0, 48, 2, 0, 0, 0, 0, 255]"
66.33919,Unknown Device,0,0,12,0,"[0, 48, 4, 0, 0, 0, 0, 255]"
66.339485,Unknown Device,0,0,12,0,"[0, 48, 4, 0, 0, 0, 0, 255]"
66.339612,Unknown Device,0,0,12,0,"[0, 48, 0, 8, 0, 0, 0, 255]"
66.33986,Unknown Device,0,0,12,0,"[0, 48, 2, 0, 0, 0, 0, 255]"
66.339876,Unknown Device,0,0,12,0,"[0, 48, 2, 0, 0, 0, 0, 255]"
66.340236,Unknown Device,0,0,12,0,"[0, 48, 2, 0, 0, 0, 0, 255]"
66.340946,Unknown Device,0,0,12,0,"[0, 48, 2, 0, 0, 0, 0, 255]"
66.341017,Unknown Device,0,0,12,0,"[0, 48, 2, 0, 0, 0, 0, 255]"
66.341383,Unknown Device,0,0,12,0,"[0, 48, 4, 0, 0, 0, 0, 255]"
66.341412,Unknown Device,0,0,12,0,"[0, 48, 2, 0, 0, 0, 0, 255]"
66.341427,Unknown Device,0,0,12,0,"[0, 48, 2, 0, 0, 0, 0, 255]"
66.341597,Unknown Device,0,0,12,0,"[0, 48, 4, 0, 0, 0, 0, 255]"
66.341634,Unknown Device,0,0,12,0,"[0, 48, 2, 0, 0, 0, 0, 255]"
66.3424,Unknown Device,0,0,4,0,"[0, 76, 0, 0, 0, 0, 0, 126]"
66.342418,Unknown,Unknown,Unknown,Unknown,997,"[35, 0, 0, 0, 0, 0, 0, 0]"
66.342488,Unknown Device,0,0,12,0,"[0, 12, 4, 0, 0, 0, 0, 127]"
66.34256,Unknown Device,0,0,12,0,"[0, 48, 4, 0, 0, 0, 0, 255]"
66.342632,Unknown Device,0,0,12,0,"[0, 48, 4, 0, 0, 0, 0, 255]"
66.342669,Unknown Device,0,0,12,0,"[0, 48, 2, 0, 0, 0, 0, 255]"
66.34274,Unknown Device,0,0,12,0,"[0, 48, 2, 0, 0, 0, 0, 255]"
66.34319,Unknown Device,0,0,12,0,"[0, 48, 2, 0, 0, 0, 0, 255]"
66.344107,Unknown Device,0,0,12,0,"[0, 48, 2, 0, 0, 0, 0, 255]"
66.345179,Unknown Device,0,0,12,0,"[0, 48, 2, 0, 0, 0, 0, 255]"
66.345892,Unknown Device,0,0,12,0,"[0, 48, 4, 0, 0, 0, 0, 255]"
66.345921,Unknown Device,0,0,12,0,"[0, 48, 2, 0, 0, 0, 0, 255]"
66.346091,Unknown Device,0,0,12,0,"[0, 48, 2, 0, 0, 0, 0, 255]"
66.34629,Unknown Device,0,0,12,0,"[0, 48, 4, 0, 0, 0, 0, 255]"
66.346486,Unknown Device,0,0,12,0,"[0, 48, 2, 0, 0, 0, 0, 255]"
66.346744,Unknown Device,0,0,12,0,"[0, 48, 2, 0, 0, 0, 0, 255]"
66.347439,Unknown,Unknown,Unknown,Unknown,997,"[36, 0, 0, 0, 0, 0, 0, 0]"
66.347452,Unknown Device,0,0,4,0,"[0, 76, 0, 0, 0, 0, 0, 126]"
66.347524,Unknown Device,0,0,12,0,"[0, 48, 4, 0, 0, 0, 0, 255]"
66.347671,Unknown Device,0,0,12,0,"[0, 48, 2, 0, 0, 0, 0, 255]"
66.347892,Unknown Device,0,0,12,0,"[0, 48, 2, 0, 0, 0, 0, 255]"
66.348171,Unknown Device,0,0,12,0,"[0, 48, 2, 0, 0, 0, 0, 255]"
66.348442,Unknown Device,0,0,12,0,"[0, 48, 2, 0, 0, 0, 0, 255]"
66.348714,Unknown Device,0,0,12,0,"[0, 48, 2, 0, 0, 0, 0, 255]"
66.348994,Unknown Device,0,0,12,0,"[0, 48, 2, 0, 0, 0, 0, 255]"
66.34947,Unknown Device,0,0,12,0,"[0, 48, 2, 0, 0, 0, 0, 255]"
66.349595,Unknown Device,0,0,12,0,"[0, 48, 2, 0, 0, 0, 0, 255]"
66.349846,Unknown Device,0,0,12,0,"[0, 48, 4, 0, 0, 0, 0, 255]"
66.350096,Unknown Device,0,0,12,0,"[0, 48, 4, 0, 0, 0, 0, 255]"
66.350921,Unknown Device,0,0,12,0,"[0, 48, 4, 0, 0, 0, 0, 255]"
66.350951,Unknown Device,0,0,12,0,"[0, 48, 2, 0, 0, 0, 0, 255]"
66.351058,Unknown Device,0,0,12,0,"[0, 48, 2, 0, 0, 0, 0, 255]"
66.351073,Unknown Device,0,0,12,0,"[0, 48, 2, 0, 0, 0, 0, 255]"
66.35141,Unknown Device,0,0,12,0,"[0, 48, 2, 0, 0, 0, 0, 255]"
66.35169,Unknown Device,0,0,12,0,"[0, 48, 2, 0, 0, 0, 0, 255]"
66.352406,Unknown,Unknown,Unknown,Unknown,997,"[37, 76, 73, 67, 45, 50, 52, 45]"
66.35242,Unknown Device,0,0,4,0,"[0, 76, 0, 0, 0, 0, 0, 126]"
66.352434,Unknown Device,0,0,12,0,"[0, 12, 4, 0, 0, 0, 0, 127]"
66.352648,Unknown Device,0,0,12,0,"[0, 48, 2, 0, 0, 0, 0, 255]"
66.352884,Unknown Device,0,0,12,0,"[0, 48, 2, 0, 0, 0, 0, 255]"
66.353149,Unknown Device,0,0,12,0,"[0, 48, 2, 0, 0, 0, 0, 255]"
66.353404,Unknown Device,0,0,12,0,"[0, 48, 2, 0, 0, 0, 0, 255]"
66.35364,Unknown Device,0,0,12,0,"[0, 48, 4, 0, 0, 0, 0, 255]"
66.353876,Unknown Device,0,0,12,0,"[0, 48, 4, 0, 0, 0, 0, 255]"
66.354134,Unknown Device,0,0,12,0,"[0, 48, 2, 0, 0, 0, 0, 255]"
66.354404,Unknown Device,0,0,12,0,"[0, 48, 4, 0, 0, 0, 0, 255]"
66.354721,Unknown Device,0,0,12,0,"[0, 48, 2, 0, 0, 0, 0, 255]"
66.355052,Unknown Device,0,0,12,0,"[0, 48, 2, 0, 0, 0, 0, 255]"
66.355274,Unknown Device,0,0,12,0,"[0, 48, 4, 0, 0, 0, 0, 255]"
66.356021,Unknown Device,0,0,12,0,"[0, 48, 4, 0, 0, 0, 0, 255]"
66.356058,Unknown Device,0,0,12,0,"[0, 48, 2, 0, 0, 0, 0, 255]"
66.356074,Unknown Device,0,0,12,0,"[0, 48, 2, 0, 0, 0, 0, 255]"
66.356363,Unknown Device,0,0,12,0,"[0, 48, 2, 0, 0, 0, 0, 255]"
66.356636,Unknown Device,0,0,12,0,"[0, 48, 2, 0, 0, 0, 0, 255]"
66.3574,Unknown,Unknown,Unknown,Unknown,997,"[38, 56, 48, 56, 50, 55, 57, 48]"
66.357436,Unknown Device,0,0,4,0,"[0, 76, 0, 0, 0, 0, 0, 126]"
66.357535,Unknown Device,0,0,12,0,"[0, 48, 4, 0, 0, 0, 0, 255]"
66.357771,Unknown Device,0,0,12,0,"[0, 48, 2, 0, 0, 0, 0, 255]"
66.358158,Unknown Device,0,0,12,0,"[0, 48, 4, 0, 0, 0, 0, 255]"
66.358421,Unknown Device,0,0,12,0,"[0, 48, 2, 0, 0, 0, 0, 255]"
66.358716,Unknown Device,0,0,12,0,"[0, 48, 2, 0, 0, 0, 0, 255]"
66.35901,Unknown Device,0,0,12,0,"[0, 48, 2, 0, 0, 0, 0, 255]"
66.35949,Unknown Device,0,0,12,0,"[0, 48, 2, 0, 0, 0, 0, 255]"
66.359796,Unknown Device,0,0,12,0,"[0, 48, 4, 0, 0, 0, 0, 255]"
66.360039,Unknown Device,0,0,12,0,"[0, 48, 4, 0, 0, 0, 0, 255]"
66.36096,Unknown Device,0,0,12,0,"[0, 48, 4, 0, 0, 0, 0, 255]"
66.361407,Unknown Device,0,0,12,0,"[0, 48, 4, 0, 0, 0, 0, 255]"
66.362276,Unknown Device,0,0,12,0,"[0, 48, 2, 0, 0, 0, 0, 255]"
66.362668,Unknown,Unknown,Unknown,Unknown,997,"[39, 48, 45, 70, 82, 67, 45, 48]"
66.362984,Unknown Device,0,0,12,0,"[0, 48, 2, 0, 0, 0, 0, 255]"
66.363294,Unknown Device,0,0,12,0,"[0, 48, 2, 0, 0, 0, 0, 255]"
66.363563,Unknown Device,0,0,12,0,"[0, 48, 2, 0, 0, 0, 0, 255]"
66.36384,Unknown Device,0,0,12,0,"[0, 48, 4, 0, 0, 0, 0, 255]"
66.364025,Unknown Device,0,0,12,0,"[0, 48, 2, 0, 0, 0, 0, 255]"
66.364246,Unknown Device,0,0,12,0,"[0, 48, 4, 0, 0, 0, 0, 255]"
66.364457,Unknown Device,0,0,12,0,"[0, 48, 2, 0, 0, 0, 0, 255]"
66.364664,Unknown Device,0,0,12,0,"[0, 48, 2, 0, 0, 0, 0, 255]"
66.364877,Unknown Device,0,0,12,0,"[0, 48, 2, 0, 0, 0, 0, 255]"
66.365091,Unknown Device,0,0,12,0,"[0, 48, 2, 0, 0, 0, 0, 255]"
66.365838,Unknown Device,0,0,12,0,"[0, 48, 4, 0, 0, 0, 0, 255]"
66.365867,Unknown Device,0,0,12,0,"[0, 48, 2, 0, 0, 0, 0, 255]"
66.365882,Unknown Device,0,0,12,0,"[0, 48, 2, 0, 0, 0, 0, 255]"
66.36628,Unknown Device,0,0,12,0,"[0, 48, 4, 0, 0, 0, 0, 255]"
66.366309,Unknown Device,0,0,12,0,"[0, 48, 2, 0, 0, 0, 0, 255]"
66.36652,Unknown Device,0,0,12,0,"[0, 48, 2, 0, 0, 0, 0, 255]"
66.3668,Unknown Device,0,0,12,0,"[0, 48, 2, 0, 0, 0, 0, 255]"
66.367457,Unknown,Unknown,Unknown,Unknown,997,"[40, 50, 49, 50, 57, 0, 0, 0]"
66.36747,Unknown Device,0,0,4,0,"[0, 76, 0, 0, 0, 0, 0, 126]"
66.367506,Unknown Device,0,0,12,0,"[0, 12, 4, 0, 0, 0, 0, 127]"
66.367724,Unknown Device,0,0,12,0,"[0, 48, 2, 0, 0, 0, 0, 255]"
66.36795,Unknown Device,0,0,12,0,"[0, 48, 2, 0, 0, 0, 0, 255]"
66.368167,Unknown Device,0,0,12,0,"[0, 48, 2, 0, 0, 0, 0, 255]"
66.368405,Unknown Device,0,0,12,0,"[0, 48, 2, 0, 0, 0, 0, 255]"
66.368644,Unknown Device,0,0,12,0,"[0, 48, 2, 0, 0, 0, 0, 255]"
66.368883,Unknown Device,0,0,12,0,"[0, 48, 4, 0, 0, 0, 0, 255]"
66.369152,Unknown Device,0,0,12,0,"[0, 48, 2, 0, 0, 0, 0, 255]"
66.369466,Unknown Device,0,0,12,0,"[0, 48, 4, 0, 0, 0, 0, 255]"
66.369648,Unknown Device,0,0,12,0,"[0, 48, 2, 0, 0, 0, 0, 255]"
66.369866,Unknown Device,0,0,12,0,"[0, 48, 2, 0, 0, 0, 0, 255]"
66.370134,Unknown Device,0,0,12,0,"[0, 48, 2, 0, 0, 0, 0, 255]"
66.370953,Unknown Device,0,0,12,0,"[0, 48, 4, 0, 0, 0, 0, 255]"
66.370982,Unknown Device,0,0,12,0,"[0, 48, 2, 0, 0, 0, 0, 255]"
66.370997,Unknown Device,0,0,12,0,"[0, 48, 2, 0, 0, 0, 0, 255]"
66.371164,Unknown Device,0,0,12,0,"[0, 48, 2, 0, 0, 0, 0, 255]"
66.371416,Unknown Device,0,0,12,0,"[0, 48, 2, 0, 0, 0, 0, 255]"
66.371735,Unknown Device,0,0,12,0,"[0, 48, 2, 0, 0, 0, 0, 255]"
66.37243,Unknown,Unknown,Unknown,Unknown,997,"[41, 0, 0, 0, 0, 76, 73, 67]"
66.372443,Unknown Device,0,0,4,0,"[0, 76, 0, 0, 0, 0, 0, 126]"
66.372556,Unknown Device,0,0,12,0,"[0, 48, 4, 0, 0, 0, 0, 255]"
66.372666,Unknown Device,0,0,12,0,"[0, 48, 2, 0, 0, 0, 0, 255]"
66.372898,Unknown Device,0,0,12,0,"[0, 48, 2, 0, 0, 0, 0, 255]"
66.373171,Unknown Device,0,0,12,0,"[0, 48, 2, 0, 0, 0, 0, 255]"
66.373408,Unknown Device,0,0,12,0,"[0, 48, 2, 0, 0, 0, 0, 255]"
66.373773,Unknown Device,0,0,12,0,"[0, 48, 4, 0, 0, 0, 0, 255]"
66.373875,Unknown Device,0,0,12,0,"[0, 48, 2, 0, 0, 0, 0, 255]"
66.374297,Unknown Device,0,0,12,0,"[0, 48, 4, 0, 0, 0, 0, 255]"
66.37434,Unknown Device,0,0,12,0,"[0, 48, 2, 0, 0, 0, 0, 255]"
66.374511,Unknown Device,0,0,12,0,"[0, 48, 2, 0, 0, 0, 0, 255]"
66.374737,Unknown Device,0,0,12,0,"[0, 48, 2, 0, 0, 0, 0, 255]"
66.374962,Unknown Device,0,0,12,0,"[0, 48, 2, 0, 0, 0, 0, 255]"
66.375187,Unknown Device,0,0,12,0,"[0, 48, 2, 0, 0, 0, 0, 255]"
66.375899,Unknown Device,0,0,12,0,"[0, 48, 2, 0, 0, 0, 0, 255]"
66.375914,Unknown Device,0,0,12,0,"[0, 48, 2, 0, 0, 0, 0, 255]"
66.376342,Unknown Device,0,0,12,0,"[0, 48, 4, 0, 0, 0, 0, 255]"
66.376375,Unknown Device,0,0,12,0,"[0, 48, 2, 0, 0, 0, 0, 255]"
66.376448,Unknown Device,0,0,12,0,"[0, 48, 2, 0, 0, 0, 0, 255]"
66.37671,Unknown Device,0,0,12,0,"[0, 48, 2, 0, 0, 0, 0, 255]"
66.377412,Unknown Device,0,0,4,0,"[0, 76, 0, 0, 0, 0, 0, 126]"
66.377429,Unknown,Unknown,Unknown,Unknown,997,"[42, 45, 50, 53, 45, 56, 48, 56]"
66.378137,Unknown Device,0,0,12,0,"[0, 48, 2, 0, 0, 0, 0, 255]"
66.378823,Unknown Device,0,0,12,0,"[0, 48, 2, 0, 0, 0, 0, 255]"
66.379149,Unknown Device,0,0,12,0,"[0, 48, 2, 0, 0, 0, 0, 255]"
66.379465,Unknown Device,0,0,12,0,"[0, 48, 4, 0, 0, 0, 0, 255]"
66.379682,Unknown Device,0,0,12,0,"[0, 48, 2, 0, 0, 0, 0, 255]"
66.379893,Unknown Device,0,0,12,0,"[0, 48, 4, 0, 0, 0, 0, 255]"
66.380146,Unknown Device,0,0,12,0,"[0, 48, 4, 0, 0, 0, 0, 255]"
66.38044,Unknown Device,0,0,12,0,"[0, 48, 4, 0, 0, 0, 0, 255]"
66.380919,Unknown Device,0,0,12,0,"[0, 48, 2, 0, 0, 0, 0, 255]"
66.381048,Unknown Device,0,0,12,0,"[0, 48, 2, 0, 0, 0, 0, 255]"
66.381259,Unknown Device,0,0,12,0,"[0, 48, 2, 0, 0, 0, 0, 255]"
66.381482,Unknown Device,0,0,12,0,"[0, 48, 2, 0, 0, 0, 0, 255]"
66.381707,Unknown Device,0,0,12,0,"[0, 48, 2, 0, 0, 0, 0, 255]"
66.382362,Unknown Device,0,0,4,0,"[0, 76, 0, 0, 0, 0, 0, 126]"
66.382379,Unknown,Unknown,Unknown,Unknown,997,"[43, 50, 55, 57, 48, 48, 45, 70]"
66.382444,Unknown Device,0,0,4,0,"[0, 48, 0, 0, 0, 0, 0, 255]"
66.3827,Unknown Device,0,0,12,0,"[0, 48, 2, 0, 0, 0, 0, 255]"
66.382921,Unknown Device,0,0,12,0,"[0, 48, 2, 0, 0, 0, 0, 255]"
66.383178,Unknown Device,0,0,12,0,"[0, 48, 4, 0, 0, 0, 0, 255]"
66.383411,Unknown Device,0,0,12,0,"[0, 48, 2, 0, 0, 0, 0, 255]"
66.383801,Unknown Device,0,0,12,0,"[0, 48, 2, 0, 0, 0, 0, 255]"
66.383888,Unknown Device,0,0,12,0,"[0, 48, 2, 0, 0, 0, 0, 255]"
66.384373,Unknown Device,0,0,12,0,"[0, 48, 4, 0, 0, 0, 0, 255]"
66.38441,Unknown Device,0,0,12,0,"[0, 48, 2, 0, 0, 0, 0, 255]"
66.38469,Unknown Device,0,0,12,0,"[0, 48, 2, 0, 0, 0, 0, 255]"
66.384955,Unknown Device,0,0,12,0,"[0, 48, 2, 0, 0, 0, 0, 255]"
66.38519,Unknown Device,0,0,12,0,"[0, 48, 4, 0, 0, 0, 0, 255]"
66.38567,Unknown Device,0,0,12,0,"[0, 48, 4, 0, 0, 0, 0, 255]"
66.385755,Unknown Device,0,0,12,0,"[0, 48, 4, 0, 0, 0, 0, 255]"
66.386057,Unknown Device,0,0,12,0,"[0, 48, 2, 0, 0, 0, 0, 255]"
66.386422,Unknown Device,0,0,12,0,"[0, 48, 4, 0, 0, 0, 0, 255]"
66.386753,Unknown Device,0,0,12,0,"[0, 48, 2, 0, 0, 0, 0, 255]"
66.387444,Unknown Device,0,0,4,0,"[0, 76, 0, 0, 0, 0, 0, 126]"
66.387461,Unknown,Unknown,Unknown,Unknown,997,"[44, 82, 67, 45, 48, 50, 49, 50]"
66.387607,Unknown Device,0,0,12,0,"[0, 48, 2, 0, 0, 0, 0, 255]"
66.387916,Unknown Device,0,0,12,0,"[0, 48, 2, 0, 0, 0, 0, 255]"
66.388286,Unknown Device,0,0,12,0,"[0, 48, 2, 0, 0, 0, 0, 255]"
66.388614,Unknown Device,0,0,12,0,"[0, 48, 2, 0, 0, 0, 0, 255]"
66.388923,Unknown Device,0,0,12,0,"[0, 48, 2, 0, 0, 0, 0, 255]"
66.389196,Unknown Device,0,0,12,0,"[0, 48, 2, 0, 0, 0, 0, 255]"
66.389549,Unknown Device,0,0,12,0,"[0, 48, 4, 0, 0, 0, 0, 255]"
66.389667,Unknown Device,0,0,12,0,"[0, 48, 2, 0, 0, 0, 0, 255]"
66.389918,Unknown Device,0,0,12,0,"[0, 48, 2, 0, 0, 0, 0, 255]"
66.390168,Unknown Device,0,0,12,0,"[0, 48, 4, 0, 0, 0, 0, 255]"
66.390712,Unknown Device,0,0,12,0,"[0, 48, 4, 0, 0, 0, 0, 255]"
66.390867,Unknown Device,0,0,12,0,"[0, 48, 4, 0, 0, 0, 0, 255]"
66.390904,Unknown Device,0,0,12,0,"[0, 48, 2, 0, 0, 0, 0, 255]"
66.391118,Unknown Device,0,0,12,0,"[0, 48, 2, 0, 0, 0, 0, 255]"
66.391407,Unknown Device,0,0,12,0,"[0, 48, 2, 0, 0, 0, 0, 255]"
66.391719,Unknown Device,0,0,12,0,"[0, 48, 2, 0, 0, 0, 0, 255]"
66.391859,Unknown Device,0,0,12,0,"[0, 48, 2, 0, 0, 0, 0, 255]"
66.392431,Unknown Device,0,0,4,0,"[0, 76, 0, 0, 0, 0, 0, 126]"
66.392448,Unknown,Unknown,Unknown,Unknown,997,"[45, 57, 0, 0, 0, 0, 0, 0]"
66.392646,Unknown Device,0,0,12,0,"[0, 48, 2, 0, 0, 0, 0, 255]"
66.392918,Unknown Device,0,0,12,0,"[0, 48, 2, 0, 0, 0, 0, 255]"
66.393246,Unknown Device,0,0,12,0,"[0, 48, 4, 0, 0, 0, 0, 255]"
66.393458,Unknown Device,0,0,12,0,"[0, 48, 2, 0, 0, 0, 0, 255]"
66.393855,Unknown Device,0,0,12,0,"[0, 48, 2, 0, 0, 0, 0, 255]"
66.394611,Unknown Device,0,0,12,0,"[0, 48, 2, 0, 0, 0, 0, 255]"
66.395318,Unknown Device,0,0,12,0,"[0, 48, 4, 0, 0, 0, 0, 255]"
66.395558,Unknown Device,0,0,12,0,"[0, 48, 4, 0, 0, 0, 0, 255]"
66.396047,Unknown Device,0,0,12,0,"[0, 48, 2, 0, 0, 0, 0, 255]"
66.396062,Unknown Device,0,0,12,0,"[0, 48, 2, 0, 0, 0, 0, 255]"
66.396375,Unknown Device,0,0,12,0,"[0, 48, 2, 0, 0, 0, 0, 255]"
66.396413,Unknown Device,0,0,12,0,"[0, 48, 2, 0, 0, 0, 0, 255]"
66.396619,Unknown Device,0,0,12,0,"[0, 48, 2, 0, 0, 0, 0, 255]"
66.397447,Unknown,Unknown,Unknown,Unknown,997,"[46, 0, 170, 170, 170, 170, 170, 170]"
66.397461,Unknown Device,0,0,4,0,"[0, 76, 0, 0, 0, 0, 0, 126]"
66.397532,Unknown Device,0,0,12,0,"[0, 48, 4, 0, 0, 0, 0, 255]"
66.397603,Unknown Device,0,0,12,0,"[0, 48, 4, 0, 0, 0, 0, 255]"
66.397685,Unknown Device,0,0,12,0,"[0, 48, 2, 0, 0, 0, 0, 255]"
66.397884,Unknown Device,0,0,12,0,"[0, 48, 2, 0, 0, 0, 0, 255]"
66.39809,Unknown Device,0,0,12,0,"[0, 48, 2, 0, 0, 0, 0, 255]"
66.39829,Unknown Device,0,0,12,0,"[0, 48, 2, 0, 0, 0, 0, 255]"
66.398508,Unknown Device,0,0,12,0,"[0, 48, 2, 0, 0, 0, 0, 255]"
66.398927,Unknown Device,0,0,12,0,"[0, 48, 2, 0, 0, 0, 0, 255]"
66.399524,Unknown Device,0,0,12,0,"[0, 48, 4, 0, 0, 0, 0, 255]"
66.399744,Unknown Device,0,0,4,0,"[0, 76, 0, 0, 0, 0, 0, 126]"
66.399761,Unknown Device,0,0,0,0,"[192, 166, 197, 71, 85, 0, 0, 0]"
66.399803,Unknown Device,0,0,4,0,"[0, 48, 0, 0, 0, 0, 0, 255]"
66.399868,Unknown Device,0,0,12,0,"[0, 48, 4, 0, 0, 0, 0, 255]"
66.400082,Unknown Device,0,0,12,0,"[0, 48, 2, 0, 0, 0, 0, 255]"
66.400296,Unknown Device,0,0,12,0,"[0, 48, 2, 0, 0, 0, 0, 255]"
66.400572,Unknown,Unknown,Unknown,Unknown,997,"[16, 34, 5, 15, 2, 115, 253, 84]"
66.400711,Unknown Device,0,0,4,0,"[0, 76, 0, 0, 0, 0, 0, 126]"
66.40096,Unknown Device,0,0,12,0,"[0, 48, 4, 0, 0, 0, 0, 255]"
66.401136,Unknown Device,0,0,12,0,"[0, 48, 2, 0, 0, 0, 0, 255]"
66.401414,Unknown Device,0,0,12,0,"[0, 48, 2, 0, 0, 0, 0, 255]"
66.401721,Unknown Device,0,0,12,0,"[0, 48, 2, 0, 0, 0, 0, 255]"
66.402374,Unknown Device,0,0,12,0,"[0, 48, 4, 0, 0, 0, 0, 255]"
66.402389,Unknown Device,0,0,12,0,"[0, 48, 2, 0, 0, 0, 0, 255]"
66.402475,Unknown Device,0,0,12,0,"[0, 48, 2, 0, 0, 0, 0, 255]"
66.402549,Unknown Device,0,0,12,0,"[0, 48, 2, 0, 0, 0, 0, 255]"
66.403066,Unknown Device,0,0,12,0,"[0, 48, 4, 0, 0, 0, 0, 255]"
66.403095,Unknown Device,0,0,12,0,"[0, 48, 2, 0, 0, 0, 0, 255]"
66.403261,Unknown Device,0,0,12,0,"[0, 48, 2, 0, 0, 0, 0, 255]"
66.403414,Unknown Device,0,0,12,0,"[0, 48, 2, 0, 0, 0, 0, 255]"
66.40362,Unknown Device,0,0,12,0,"[0, 48, 2, 0, 0, 0, 0, 255]"
66.403876,Unknown Device,0,0,12,0,"[0, 48, 4, 0, 0, 0, 0, 255]"
66.40406,Unknown Device,0,0,12,0,"[0, 48, 2, 0, 0, 0, 0, 255]"
66.404391,Unknown Device,0,0,12,0,"[0, 48, 4, 0, 0, 0, 0, 255]"
66.404487,Unknown Device,0,0,12,0,"[0, 48, 2, 0, 0, 0, 0, 255]"
66.404723,Unknown Device,0,0,12,0,"[0, 48, 2, 0, 0, 0, 0, 255]"
66.404981,Unknown Device,0,0,12,0,"[0, 48, 2, 0, 0, 0, 0, 255]"
66.405883,Unknown Device,0,0,12,0,"[0, 48, 4, 0, 0, 0, 0, 255]"
66.405935,Unknown Device,0,0,12,0,"[0, 48, 2, 0, 0, 0, 0, 255]"
66.40637,Unknown Device,0,0,12,0,"[0, 48, 4, 0, 0, 0, 0, 255]"
66.406421,Unknown Device,0,0,12,0,"[0, 48, 2, 0, 0, 0, 0, 255]"
66.406591,Unknown Device,0,0,12,0,"[0, 48, 4, 0, 0, 0, 0, 255]"
66.406656,Unknown Device,0,0,12,0,"[0, 48, 2, 0, 0, 0, 0, 255]"
66.406671,Unknown Device,0,0,12,0,"[0, 48, 2, 0, 0, 0, 0, 255]"
66.406834,Unknown Device,0,0,12,0,"[0, 48, 2, 0, 0, 0, 0, 255]"
66.40704,Unknown Device,0,0,12,0,"[0, 48, 4, 0, 0, 0, 0, 255]"
66.407487,Unknown,Unknown,Unknown,Unknown,997,"[33, 146, 6, 165, 167, 0, 0, 0]"
66.4075,Unknown Device,0,0,4,0,"[0, 76, 0, 0, 0, 0, 0, 126]"
66.407691,Unknown Device,0,0,12,0,"[0, 48, 2, 0, 0, 0, 0, 255]"
66.407898,Unknown Device,0,0,12,0,"[0, 48, 2, 0, 0, 0, 0, 255]"
66.408104,Unknown Device,0,0,12,0,"[0, 48, 2, 0, 0, 0, 0, 255]"
66.408311,Unknown Device,0,0,12,0,"[0, 48, 2, 0, 0, 0, 0, 255]"
66.408514,Unknown Device,0,0,12,0,"[0, 48, 2, 0, 0, 0, 0, 255]"
66.408939,Unknown Device,0,0,12,0,"[0, 48, 4, 0, 0, 0, 0, 255]"
66.408969,Unknown Device,0,0,12,0,"[0, 48, 2, 0, 0, 0, 0, 255]"
66.409509,Unknown Device,0,0,12,0,"[0, 48, 4, 0, 0, 0, 0, 255]"
66.409524,Unknown Device,0,0,12,0,"[0, 48, 2, 0, 0, 0, 0, 255]"
66.409664,Unknown Device,0,0,12,0,"[0, 48, 2, 0, 0, 0, 0, 255]"
66.409908,Unknown Device,0,0,12,0,"[0, 48, 4, 0, 0, 0, 0, 255]"
66.410158,Unknown Device,0,0,12,0,"[0, 48, 4, 0, 0, 0, 0, 255]"
66.410875,Unknown Device,0,0,12,0,"[0, 48, 4, 0, 0, 0, 0, 255]"
66.410904,Unknown Device,0,0,12,0,"[0, 48, 2, 0, 0, 0, 0, 255]"
66.411066,Unknown Device,0,0,12,0,"[0, 48, 2, 0, 0, 0, 0, 255]"
66.411281,Unknown Device,0,0,12,0,"[0, 48, 2, 0, 0, 0, 0, 255]"
66.411521,Unknown Device,0,0,12,0,"[0, 48, 2, 0, 0, 0, 0, 255]"
66.411786,Unknown Device,0,0,12,0,"[0, 48, 2, 0, 0, 0, 0, 255]"
66.412441,Unknown Device,0,0,4,0,"[0, 76, 0, 0, 0, 0, 0, 126]"
66.412458,Unknown,Unknown,Unknown,Unknown,997,"[34, 0, 0, 0, 0, 0, 168, 206]"
66.412494,Unknown Device,0,0,12,0,"[0, 12, 4, 0, 0, 0, 0, 127]"
66.412733,Unknown Device,0,0,12,0,"[0, 48, 2, 0, 0, 0, 0, 255]"
66.41298,Unknown Device,0,0,12,0,"[0, 48, 2, 0, 0, 0, 0, 255]"
66.413234,Unknown Device,0,0,12,0,"[0, 48, 2, 0, 0, 0, 0, 255]"
66.413493,Unknown Device,0,0,12,0,"[0, 48, 2, 0, 0, 0, 0, 255]"
66.413774,Unknown Device,0,0,12,0,"[0, 48, 4, 0, 0, 0, 0, 255]"
66.413934,Unknown Device,0,0,12,0,"[0, 48, 2, 0, 0, 0, 0, 255]"
66.414323,Unknown Device,0,0,12,0,"[0, 48, 4, 0, 0, 0, 0, 255]"
66.414451,Unknown Device,0,0,12,0,"[0, 48, 2, 0, 0, 0, 0, 255]"
66.414669,Unknown Device,0,0,12,0,"[0, 48, 2, 0, 0, 0, 0, 255]"
66.414887,Unknown Device,0,0,12,0,"[0, 48, 2, 0, 0, 0, 0, 255]"
66.415914,Unknown Device,0,0,12,0,"[0, 48, 2, 0, 0, 0, 0, 255]"
66.415929,Unknown Device,0,0,12,0,"[0, 48, 2, 0, 0, 0, 0, 255]"
66.415944,Unknown Device,0,0,12,0,"[0, 48, 2, 0, 0, 0, 0, 255]"
66.416344,Unknown Device,0,0,12,0,"[0, 48, 4, 0, 0, 0, 0, 255]"
66.416363,Unknown Device,0,0,12,0,"[0, 48, 2, 0, 0, 0, 0, 255]"
66.416415,Unknown Device,0,0,12,0,"[0, 48, 2, 0, 0, 0, 0, 255]"
66.416684,Unknown Device,0,0,12,0,"[0, 48, 2, 0, 0, 0, 0, 255]"
66.417301,Unknown Device,0,0,12,0,"[0, 48, 4, 0, 0, 0, 0, 255]"
66.417495,Unknown Device,0,0,12,0,"[0, 48, 2, 0, 0, 0, 0, 255]"
66.41751,Unknown Device,0,0,12,0,"[0, 48, 2, 0, 0, 0, 0, 255]"
66.417656,Unknown Device,0,0,12,0,"[0, 48, 2, 0, 0, 0, 0, 255]"
66.417888,Unknown Device,0,0,12,0,"[0, 48, 2, 0, 0, 0, 0, 255]"
66.418128,Unknown Device,0,0,12,0,"[0, 48, 4, 0, 0, 0, 0, 255]"
66.418416,Unknown Device,0,0,12,0,"[0, 48, 2, 0, 0, 0, 0, 255]"
66.418655,Unknown Device,0,0,12,0,"[0, 48, 2, 0, 0, 0, 0, 255]"
66.418915,Unknown Device,0,0,12,0,"[0, 48, 4, 0, 0, 0, 0, 255]"
66.41914,Unknown Device,0,0,12,0,"[0, 48, 2, 0, 0, 0, 0, 255]"
66.419511,Unknown Device,0,0,12,0,"[0, 48, 4, 0, 0, 0, 0, 255]"
66.419649,Unknown Device,0,0,12,0,"[0, 48, 2, 0, 0, 0, 0, 255]"
66.419889,Unknown Device,0,0,12,0,"[0, 48, 2, 0, 0, 0, 0, 255]"
66.420143,Unknown Device,0,0,12,0,"[0, 48, 2, 0, 0, 0, 0, 255]"
66.420892,Unknown Device,0,0,12,0,"[0, 48, 2, 0, 0, 0, 0, 255]"
66.420907,Unknown Device,0,0,12,0,"[0, 48, 2, 0, 0, 0, 0, 255]"
66.420922,Unknown Device,0,0,12,0,"[0, 48, 2, 0, 0, 0, 0, 255]"
66.421104,Unknown Device,0,0,12,0,"[0, 48, 2, 0, 0, 0, 0, 255]"
66.421383,Unknown Device,0,0,12,0,"[0, 48, 2, 0, 0, 0, 0, 255]"
66.421579,Unknown Device,0,0,12,0,"[0, 48, 2, 0, 0, 0, 0, 255]"
66.42179,Unknown Device,0,0,12,0,"[0, 48, 2, 0, 0, 0, 0, 255]"
66.422473,Unknown Device,0,0,4,0,"[0, 76, 0, 0, 0, 0, 0, 126]"
66.422512,Unknown,Unknown,Unknown,Unknown,997,"[36, 34, 204, 112, 24, 10, 194, 18]"
66.422553,Unknown Device,0,0,4,0,"[0, 48, 0, 0, 0, 0, 0, 255]"
66.422741,Unknown Device,0,0,12,0,"[0, 48, 2, 0, 0, 0, 0, 255]"
66.422966,Unknown Device,0,0,12,0,"[0, 48, 2, 0, 0, 0, 0, 255]"
66.423199,Unknown Device,0,0,12,0,"[0, 48, 2, 0, 0, 0, 0, 255]"
66.423414,Unknown Device,0,0,12,0,"[0, 48, 2, 0, 0, 0, 0, 255]"
66.423625,Unknown Device,0,0,12,0,"[0, 48, 2, 0, 0, 0, 0, 255]"
66.42385,Unknown Device,0,0,12,0,"[0, 48, 2, 0, 0, 0, 0, 255]"
66.424075,Unknown Device,0,0,12,0,"[0, 48, 2, 0, 0, 0, 0, 255]"
66.424375,Unknown Device,0,0,12,0,"[0, 48, 4, 0, 0, 0, 0, 255]"
66.42452,Unknown Device,0,0,12,0,"[0, 48, 4, 0, 0, 0, 0, 255]"
66.424738,Unknown Device,0,0,12,0,"[0, 48, 4, 0, 0, 0, 0, 255]"
66.424963,Unknown Device,0,0,12,0,"[0, 48, 2, 0, 0, 0, 0, 255]"
66.425195,Unknown Device,0,0,12,0,"[0, 48, 2, 0, 0, 0, 0, 255]"
66.425907,Unknown Device,0,0,12,0,"[0, 48, 2, 0, 0, 0, 0, 255]"
66.426329,Unknown Device,0,0,12,0,"[0, 48, 4, 0, 0, 0, 0, 255]"
66.426344,Unknown Device,0,0,12,0,"[0, 48, 2, 0, 0, 0, 0, 255]"
66.426359,Unknown Device,0,0,12,0,"[0, 48, 2, 0, 0, 0, 0, 255]"
66.42653,Unknown Device,0,0,12,0,"[0, 48, 4, 0, 0, 0, 0, 255]"
66.426762,Unknown Device,0,0,12,0,"[0, 48, 2, 0, 0, 0, 0, 255]"
66.427355,Unknown Device,0,0,12,0,"[0, 48, 4, 0, 0, 0, 0, 255]"
66.427446,Unknown Device,0,0,12,0,"[0, 48, 2, 0, 0, 0, 0, 255]"
66.427722,Unknown Device,0,0,12,0,"[0, 48, 2, 0, 0, 0, 0, 255]"
66.427954,Unknown Device,0,0,12,0,"[0, 48, 2, 0, 0, 0, 0, 255]"
66.42818,Unknown Device,0,0,12,0,"[0, 48, 2, 0, 0, 0, 0, 255]"
66.428417,Unknown Device,0,0,12,0,"[0, 48, 4, 0, 0, 0, 0, 255]"
66.428635,Unknown Device,0,0,12,0,"[0, 48, 2, 0, 0, 0, 0, 255]"
66.428853,Unknown Device,0,0,12,0,"[0, 48, 4, 0, 0, 0, 0, 255]"
66.42907,Unknown Device,0,0,12,0,"[0, 48, 2, 0, 0, 0, 0, 255]"
66.429304,Unknown Device,0,0,12,0,"[0, 48, 4, 0, 0, 0, 0, 255]"
66.4298,Unknown Device,0,0,12,0,"[0, 48, 4, 0, 0, 0, 0, 255]"
66.429843,Unknown Device,0,0,12,0,"[0, 48, 2, 0, 0, 0, 0, 255]"
66.430953,Unknown Device,0,0,12,0,"[0, 48, 2, 0, 0, 0, 0, 255]"
66.430968,Unknown Device,0,0,12,0,"[0, 48, 2, 0, 0, 0, 0, 255]"
66.430983,Unknown Device,0,0,12,0,"[0, 48, 2, 0, 0, 0, 0, 255]"
66.431054,Unknown Device,0,0,12,0,"[0, 48, 2, 0, 0, 0, 0, 255]"
66.431069,Unknown Device,0,0,12,0,"[0, 48, 2, 0, 0, 0, 0, 255]"
66.431171,Unknown Device,0,0,12,0,"[0, 48, 2, 0, 0, 0, 0, 255]"
66.431415,Unknown Device,0,0,12,0,"[0, 48, 2, 0, 0, 0, 0, 255]"
66.431724,Unknown Device,0,0,4,0,"[0, 76, 0, 0, 0, 0, 0, 126]"
66.431904,Unknown,Unknown,Unknown,Unknown,997,"[16, 98, 240, 26, 1, 0, 5, 253]"
66.432131,Unknown Device,0,0,12,0,"[0, 48, 2, 0, 0, 0, 0, 255]"
66.432444,Unknown Device,0,0,12,0,"[0, 48, 4, 0, 0, 0, 0, 255]"
66.432724,Unknown Device,0,0,12,0,"[0, 48, 2, 0, 0, 0, 0, 255]"
66.433142,Unknown Device,0,0,12,0,"[0, 48, 2, 0, 0, 0, 0, 255]"
66.43325,Unknown Device,0,0,12,0,"[0, 48, 4, 0, 0, 0, 0, 255]"
66.433424,Unknown Device,0,0,12,0,"[0, 48, 2, 0, 0, 0, 0, 255]"
66.433814,Unknown Device,0,0,12,0,"[0, 48, 2, 0, 0, 0, 0, 255]"
66.433888,Unknown Device,0,0,12,0,"[0, 48, 2, 0, 0, 0, 0, 255]"
66.434132,Unknown Device,0,0,12,0,"[0, 48, 2, 0, 0, 0, 0, 255]"
66.434417,Unknown Device,0,0,12,0,"[0, 48, 2, 0, 0, 0, 0, 255]"
66.43466,Unknown Device,0,0,12,0,"[0, 48, 2, 0, 0, 0, 0, 255]"
66.434888,Unknown Device,0,0,12,0,"[0, 48, 2, 0, 0, 0, 0, 255]"
66.435146,Unknown Device,0,0,12,0,"[0, 48, 2, 0, 0, 0, 0, 255]"
66.435896,Unknown Device,0,0,12,0,"[0, 48, 4, 0, 0, 0, 0, 255]"
66.435911,Unknown Device,0,0,12,0,"[0, 48, 2, 0, 0, 0, 0, 255]"
66.435926,Unknown Device,0,0,12,0,"[0, 48, 2, 0, 0, 0, 0, 255]"
66.436687,Unknown Device,0,0,12,0,"[0, 48, 4, 0, 0, 0, 0, 255]"
66.436702,Unknown Device,0,0,12,0,"[0, 48, 2, 0, 0, 0, 0, 255]"
66.436717,Unknown Device,0,0,12,0,"[0, 48, 2, 0, 0, 0, 0, 255]"
66.437321,Unknown Device,0,0,12,0,"[0, 48, 4, 0, 0, 0, 0, 255]"
66.437368,Unknown Device,0,0,12,0,"[0, 48, 2, 0, 0, 0, 0, 255]"
66.437397,Unknown Device,0,0,12,0,"[0, 48, 2, 0, 0, 0, 0, 255]"
66.437471,Unknown Device,0,0,12,0,"[0, 48, 2, 0, 0, 0, 0, 255]"
66.437693,Unknown Device,0,0,12,0,"[0, 48, 2, 0, 0, 0, 0, 255]"
66.437977,Unknown Device,0,0,12,0,"[0, 48, 4, 0, 0, 0, 0, 255]"
66.438168,Unknown Device,0,0,12,0,"[0, 48, 2, 0, 0, 0, 0, 255]"
66.438416,Unknown Device,0,0,12,0,"[0, 48, 2, 0, 0, 0, 0, 255]"
66.438638,Unknown Device,0,0,12,0,"[0, 48, 2, 0, 0, 0, 0, 255]"
66.438894,Unknown Device,0,0,12,0,"[0, 48, 2, 0, 0, 0, 0, 255]"
66.439115,Unknown Device,0,0,12,0,"[0, 48, 2, 0, 0, 0, 0, 255]"
66.439337,Unknown Device,0,0,12,0,"[0, 48, 4, 0, 0, 0, 0, 255]"
66.439577,Unknown Device,0,0,12,0,"[0, 48, 2, 0, 0, 0, 0, 255]"
66.439813,Unknown Device,0,0,12,0,"[0, 48, 4, 0, 0, 0, 0, 255]"
66.440056,Unknown Device,0,0,12,0,"[0, 48, 2, 0, 0, 0, 0, 255]"
66.440293,Unknown Device,0,0,12,0,"[0, 48, 2, 0, 0, 0, 0, 255]"
66.440836,Unknown Device,0,0,12,0,"[0, 48, 4, 0, 0, 0, 0, 255]"
66.440851,Unknown Device,0,0,12,0,"[0, 48, 2, 0, 0, 0, 0, 255]"
66.440998,Unknown Device,0,0,12,0,"[0, 48, 2, 0, 0, 0, 0, 255]"
66.441227,Unknown Device,0,0,12,0,"[0, 48, 2, 0, 0, 0, 0, 255]"
66.441446,Unknown Device,0,0,12,0,"[0, 48, 2, 0, 0, 0, 0, 255]"
66.441696,Unknown Device,0,0,12,0,"[0, 48, 2, 0, 0, 0, 0, 255]"
66.442416,Unknown Device,0,0,12,0,"[0, 48, 2, 0, 0, 0, 0, 255]"
66.442431,Unknown Device,0,0,12,0,"[0, 48, 2, 0, 0, 0, 0, 255]"
66.44246,Unknown Device,0,0,12,0,"[0, 48, 2, 0, 0, 0, 0, 255]"
66.442843,Unknown Device,0,0,12,0,"[0, 48, 2, 0, 0, 0, 0, 255]"
66.443153,Unknown Device,0,0,12,0,"[0, 48, 2, 0, 0, 0, 0, 255]"
66.443438,Unknown Device,0,0,12,0,"[0, 48, 2, 0, 0, 0, 0, 255]"
66.443828,Unknown Device,0,0,12,0,"[0, 48, 2, 0, 0, 0, 0, 255]"
66.444189,Unknown Device,0,0,12,0,"[0, 48, 2, 0, 0, 0, 0, 255]"
66.444555,Unknown Device,0,0,12,0,"[0, 48, 2, 0, 0, 0, 0, 255]"
66.444857,Unknown Device,0,0,12,0,"[0, 48, 2, 0, 0, 0, 0, 255]"
66.445115,Unknown Device,0,0,12,0,"[0, 48, 2, 0, 0, 0, 0, 255]"
66.445882,Unknown Device,0,0,12,0,"[0, 48, 4, 0, 0, 0, 0, 255]"
66.446051,Unknown Device,0,0,12,0,"[0, 48, 2, 0, 0, 0, 0, 255]"
66.446329,Unknown Device,0,0,12,0,"[0, 48, 4, 0, 0, 0, 0, 255]"
66.446466,Unknown Device,0,0,12,0,"[0, 48, 2, 0, 0, 0, 0, 255]"
66.446687,Unknown Device,0,0,12,0,"[0, 48, 2, 0, 0, 0, 0, 255]"
66.447339,Unknown Device,0,0,12,0,"[0, 48, 4, 0, 0, 0, 0, 255]"
66.447373,Unknown Device,0,0,12,0,"[0, 48, 2, 0, 0, 0, 0, 255]"
66.447417,Unknown Device,0,0,12,0,"[0, 48, 2, 0, 0, 0, 0, 255]"
66.447675,Unknown Device,0,0,12,0,"[0, 48, 2, 0, 0, 0, 0, 255]"
66.448249,Unknown Device,0,0,12,0,"[0, 48, 4, 0, 0, 0, 0, 255]"
66.448279,Unknown Device,0,0,12,0,"[0, 48, 2, 0, 0, 0, 0, 255]"
66.448416,Unknown Device,0,0,12,0,"[0, 48, 2, 0, 0, 0, 0, 255]"
66.448674,Unknown Device,0,0,12,0,"[0, 48, 2, 0, 0, 0, 0, 255]"
66.448915,Unknown Device,0,0,12,0,"[0, 48, 2, 0, 0, 0, 0, 255]"
66.4491,Unknown Device,0,0,12,0,"[0, 48, 2, 0, 0, 0, 0, 255]"
66.449537,Unknown Device,0,0,12,0,"[0, 48, 2, 0, 0, 0, 0, 255]"
66.450118,Unknown Device,0,0,12,0,"[0, 48, 4, 0, 0, 0, 0, 255]"
66.45073,Unknown Device,0,0,12,0,"[0, 48, 4, 0, 0, 0, 0, 255]"
66.451014,Unknown Device,0,0,12,0,"[0, 48, 2, 0, 0, 0, 0, 255]"
66.451113,Unknown Device,0,0,12,0,"[0, 48, 4, 0, 0, 0, 0, 255]"
66.451143,Unknown Device,0,0,12,0,"[0, 48, 2, 0, 0, 0, 0, 255]"
66.451158,Unknown Device,0,0,12,0,"[0, 48, 2, 0, 0, 0, 0, 255]"
66.451475,Unknown Device,0,0,12,0,"[0, 48, 4, 0, 0, 0, 0, 255]"
66.45149,Unknown Device,0,0,12,0,"[0, 48, 2, 0, 0, 0, 0, 255]"
66.451519,Unknown Device,0,0,12,0,"[0, 48, 2, 0, 0, 0, 0, 255]"
66.451774,Unknown Device,0,0,12,0,"[0, 48, 4, 0, 0, 0, 0, 255]"
66.451936,Unknown Device,0,0,12,0,"[0, 48, 2, 0, 0, 0, 0, 255]"
66.452422,Unknown Device,0,0,12,0,"[0, 48, 2, 0, 0, 0, 0, 255]"
66.452452,Unknown Device,0,0,12,0,"[0, 48, 2, 0, 0, 0, 0, 255]"
66.452629,Unknown Device,0,0,12,0,"[0, 48, 2, 0, 0, 0, 0, 255]"
66.452975,Unknown Device,0,0,12,0,"[0, 48, 4, 0, 0, 0, 0, 255]"
66.453042,Unknown Device,0,0,12,0,"[0, 48, 2, 0, 0, 0, 0, 255]"
66.453286,Unknown Device,0,0,12,0,"[0, 48, 2, 0, 0, 0, 0, 255]"
66.453504,Unknown Device,0,0,12,0,"[0, 48, 2, 0, 0, 0, 0, 255]"
66.454371,Unknown Device,0,0,12,0,"[0, 48, 4, 0, 0, 0, 0, 255]"
66.4544,Unknown Device,0,0,12,0,"[0, 48, 2, 0, 0, 0, 0, 255]"
66.454415,Unknown Device,0,0,12,0,"[0, 48, 2, 0, 0, 0, 0, 255]"
66.454545,Unknown Device,0,0,12,0,"[0, 48, 2, 0, 0, 0, 0, 255]"
66.454925,Unknown Device,0,0,12,0,"[0, 48, 2, 0, 0, 0, 0, 255]"
66.455028,Unknown Device,0,0,12,0,"[0, 48, 2, 0, 0, 0, 0, 255]"
66.455955,Unknown Device,0,0,12,0,"[0, 48, 2, 0, 0, 0, 0, 255]"
66.456376,Unknown Device,0,0,12,0,"[0, 48, 4, 0, 0, 0, 0, 255]"
66.456405,Unknown Device,0,0,12,0,"[0, 48, 2, 0, 0, 0, 0, 255]"
66.45642,Unknown Device,0,0,12,0,"[0, 48, 2, 0, 0, 0, 0, 255]"
66.456556,Unknown Device,0,0,12,0,"[0, 48, 2, 0, 0, 0, 0, 255]"
66.456571,Unknown Device,0,0,12,0,"[0, 48, 2, 0, 0, 0, 0, 255]"
66.456726,Unknown Device,0,0,12,0,"[0, 48, 2, 0, 0, 0, 0, 255]"
66.457375,Unknown Device,0,0,12,0,"[0, 48, 2, 0, 0, 0, 0, 255]"
66.45739,Unknown Device,0,0,12,0,"[0, 48, 2, 0, 0, 0, 0, 255]"
66.457559,Unknown,Unknown,Unknown,Unknown,997,"[36, 117, 9, 182, 7, 14, 0, 84]"
66.45769,Unknown Device,0,0,12,0,"[0, 48, 4, 0, 0, 0, 0, 255]"
66.457897,Unknown Device,0,0,12,0,"[0, 48, 2, 0, 0, 0, 0, 255]"
66.458103,Unknown Device,0,0,12,0,"[0, 48, 2, 0, 0, 0, 0, 255]"
66.458318,Unknown Device,0,0,12,0,"[0, 48, 2, 0, 0, 0, 0, 255]"
66.458528,Unknown Device,0,0,12,0,"[0, 48, 2, 0, 0, 0, 0, 255]"
66.458939,Unknown Device,0,0,12,0,"[0, 48, 2, 0, 0, 0, 0, 255]"
66.459509,Unknown Device,0,0,12,0,"[0, 48, 4, 0, 0, 0, 0, 255]"
66.459855,Unknown Device,0,0,12,0,"[0, 48, 4, 0, 0, 0, 0, 255]"
66.460644,Unknown Device,0,0,12,0,"[0, 48, 4, 0, 0, 0, 0, 255]"
66.460948,Unknown Device,0,0,12,0,"[0, 48, 4, 0, 0, 0, 0, 255]"
66.460963,Unknown Device,0,0,12,0,"[0, 48, 2, 0, 0, 0, 0, 255]"
66.460978,Unknown Device,0,0,12,0,"[0, 48, 2, 0, 0, 0, 0, 255]"
66.461072,Unknown Device,0,0,12,0,"[0, 48, 2, 0, 0, 0, 0, 255]"
66.461087,Unknown Device,0,0,12,0,"[0, 48, 2, 0, 0, 0, 0, 255]"
66.461409,Unknown Device,0,0,12,0,"[0, 48, 2, 0, 0, 0, 0, 255]"
66.461543,Unknown Device,0,0,12,0,"[0, 48, 4, 0, 0, 0, 0, 255]"
66.461614,Unknown Device,0,0,12,0,"[0, 48, 2, 0, 0, 0, 0, 255]"
66.461724,Unknown Device,0,0,12,0,"[0, 48, 2, 0, 0, 0, 0, 255]"
66.462014,Unknown Device,0,0,12,0,"[0, 48, 4, 0, 0, 0, 0, 255]"
66.462467,Unknown Device,0,0,12,0,"[0, 48, 2, 0, 0, 0, 0, 255]"
66.462512,Unknown Device,0,0,12,0,"[0, 48, 2, 0, 0, 0, 0, 255]"
66.462788,Unknown,Unknown,Unknown,Unknown,997,"[37, 97, 108, 111, 110, 32, 70, 88]"
66.463083,Unknown Device,0,0,12,0,"[0, 48, 4, 0, 0, 0, 0, 255]"
66.463338,Unknown Device,0,0,12,0,"[0, 48, 2, 0, 0, 0, 0, 255]"
66.463632,Unknown Device,0,0,12,0,"[0, 48, 2, 0, 0, 0, 0, 255]"
66.463923,Unknown Device,0,0,12,0,"[0, 48, 2, 0, 0, 0, 0, 255]"
66.46422,Unknown Device,0,0,12,0,"[0, 48, 2, 0, 0, 0, 0, 255]"
66.464486,Unknown Device,0,0,12,0,"[0, 48, 2, 0, 0, 0, 0, 255]"
66.464762,Unknown Device,0,0,12,0,"[0, 48, 2, 0, 0, 0, 0, 255]"
66.465045,Unknown Device,0,0,12,0,"[0, 48, 2, 0, 0, 0, 0, 255]"
66.465911,Unknown Device,0,0,12,0,"[0, 48, 2, 0, 0, 0, 0, 255]"
66.466269,Unknown Device,0,0,12,0,"[0, 48, 4, 0, 0, 0, 0, 255]"
66.466306,Unknown Device,0,0,12,0,"[0, 48, 2, 0, 0, 0, 0, 255]"
66.466322,Unknown Device,0,0,12,0,"[0, 48, 2, 0, 0, 0, 0, 255]"
66.466641,Unknown Device,0,0,12,0,"[0, 48, 2, 0, 0, 0, 0, 255]"
66.466656,Unknown Device,0,0,12,0,"[0, 48, 2, 0, 0, 0, 0, 255]"
66.466874,Unknown Device,0,0,12,0,"[0, 48, 2, 0, 0, 0, 0, 255]"
66.467407,Unknown Device,0,0,12,0,"[0, 48, 2, 0, 0, 0, 0, 255]"
66.467466,Unknown Device,0,0,12,0,"[0, 48, 2, 0, 0, 0, 0, 255]"
66.467741,Unknown Device,0,0,12,0,"[0, 48, 2, 0, 0, 0, 0, 255]"
66.467995,Unknown Device,0,0,12,0,"[0, 48, 2, 0, 0, 0, 0, 255]"
66.468242,Unknown Device,0,0,12,0,"[0, 48, 4, 0, 0, 0, 0, 255]"
66.468516,Unknown Device,0,0,12,0,"[0, 48, 2, 0, 0, 0, 0, 255]"
66.469521,Unknown Device,0,0,12,0,"[0, 48, 4, 0, 0, 0, 0, 255]"
66.469809,Unknown Device,0,0,12,0,"[0, 48, 4, 0, 0, 0, 0, 255]"
66.470054,Unknown Device,0,0,12,0,"[0, 48, 4, 0, 0, 0, 0, 255]"
66.470083,Unknown Device,0,0,12,0,"[0, 48, 2, 0, 0, 0, 0, 255]"
66.470879,Unknown Device,0,0,12,0,"[0, 48, 2, 0, 0, 0, 0, 255]"
66.470964,Unknown Device,0,0,12,0,"[0, 48, 4, 0, 0, 0, 0, 255]"
66.470979,Unknown Device,0,0,12,0,"[0, 48, 2, 0, 0, 0, 0, 255]"
66.470994,Unknown Device,0,0,12,0,"[0, 48, 2, 0, 0, 0, 0, 255]"
66.471046,Unknown Device,0,0,12,0,"[0, 48, 2, 0, 0, 0, 0, 255]"
66.471382,Unknown Device,0,0,12,0,"[0, 48, 4, 0, 0, 0, 0, 255]"
66.471592,Unknown Device,0,0,12,0,"[0, 48, 2, 0, 0, 0, 0, 255]"
66.471854,Unknown Device,0,0,12,0,"[0, 48, 4, 0, 0, 0, 0, 255]"
66.472136,Unknown Device,0,0,12,0,"[0, 48, 4, 0, 0, 0, 0, 255]"
66.472445,Unknown Device,0,0,12,0,"[0, 48, 4, 0, 0, 0, 0, 255]"
66.472684,Unknown Device,0,0,12,0,"[0, 48, 2, 0, 0, 0, 0, 255]"
66.473036,Unknown Device,0,0,12,0,"[0, 48, 2, 0, 0, 0, 0, 255]"
66.473225,Unknown Device,0,0,12,0,"[0, 48, 2, 0, 0, 0, 0, 255]"
66.473491,Unknown Device,0,0,12,0,"[0, 48, 4, 0, 0, 0, 0, 255]"
66.473752,Unknown Device,0,0,12,0,"[0, 48, 2, 0, 0, 0, 0, 255]"
66.474042,Unknown Device,0,0,12,0,"[0, 48, 4, 0, 0, 0, 0, 255]"
66.47429,Unknown Device,0,0,12,0,"[0, 48, 4, 0, 0, 0, 0, 255]"
66.474555,Unknown Device,0,0,12,0,"[0, 48, 2, 0, 0, 0, 0, 255]"
66.474838,Unknown Device,0,0,12,0,"[0, 48, 4, 0, 0, 0, 0, 255]"
66.475085,Unknown Device,0,0,12,0,"[0, 48, 2, 0, 0, 0, 0, 255]"
66.475875,Unknown Device,0,0,12,0,"[0, 48, 4, 0, 0, 0, 0, 255]"
66.475918,Unknown Device,0,0,12,0,"[0, 48, 2, 0, 0, 0, 0, 255]"
66.476318,Unknown Device,0,0,12,0,"[0, 48, 4, 0, 0, 0, 0, 255]"
66.476333,Unknown Device,0,0,12,0,"[0, 48, 2, 0, 0, 0, 0, 255]"
66.476533,Unknown Device,0,0,12,0,"[0, 48, 2, 0, 0, 0, 0, 255]"
66.476888,Unknown Device,0,0,12,0,"[0, 48, 2, 0, 0, 0, 0, 255]"
66.47738,Unknown Device,0,0,12,0,"[0, 48, 4, 0, 0, 0, 0, 255]"
66.477547,Unknown Device,0,0,12,0,"[0, 48, 2, 0, 0, 0, 0, 255]"
66.477912,Unknown Device,0,0,12,0,"[0, 48, 2, 0, 0, 0, 0, 255]"
66.478014,Unknown Device,0,0,12,0,"[0, 48, 2, 0, 0, 0, 0, 255]"
66.478247,Unknown Device,0,0,12,0,"[0, 48, 2, 0, 0, 0, 0, 255]"
66.478455,Unknown Device,0,0,12,0,"[0, 48, 2, 0, 0, 0, 0, 255]"
66.478896,Unknown Device,0,0,12,0,"[0, 48, 4, 0, 0, 0, 0, 255]"
66.478925,Unknown Device,0,0,12,0,"[0, 48, 2, 0, 0, 0, 0, 255]"
66.479056,Unknown Device,0,0,12,0,"[0, 48, 2, 0, 0, 0, 0, 255]"
66.479559,Unknown Device,0,0,12,0,"[0, 48, 2, 0, 0, 0, 0, 255]"
66.479861,Unknown Device,0,0,12,0,"[0, 48, 4, 0, 0, 0, 0, 255]"
66.480023,Unknown Device,0,0,12,0,"[0, 48, 4, 0, 0, 0, 0, 255]"
66.480952,Unknown Device,0,0,12,0,"[0, 48, 4, 0, 0, 0, 0, 255]"
66.480981,Unknown Device,0,0,12,0,"[0, 48, 2, 0, 0, 0, 0, 255]"
66.480996,Unknown Device,0,0,12,0,"[0, 48, 2, 0, 0, 0, 0, 255]"
66.481067,Unknown Device,0,0,12,0,"[0, 48, 2, 0, 0, 0, 0, 255]"
66.481091,Unknown Device,0,0,12,0,"[0, 48, 2, 0, 0, 0, 0, 255]"
66.481323,Unknown Device,0,0,12,0,"[0, 48, 4, 0, 0, 0, 0, 255]"
66.481338,Unknown Device,0,0,12,0,"[0, 48, 2, 0, 0, 0, 0, 255]"
66.481524,Unknown Device,0,0,12,0,"[0, 48, 2, 0, 0, 0, 0, 255]"
66.481742,Unknown Device,0,0,12,0,"[0, 48, 2, 0, 0, 0, 0, 255]"
66.481953,Unknown Device,0,0,12,0,"[0, 48, 2, 0, 0, 0, 0, 255]"
66.482391,Unknown Device,0,0,12,0,"[0, 48, 4, 0, 0, 0, 0, 255]"
66.482428,Unknown Device,0,0,12,0,"[0, 48, 2, 0, 0, 0, 0, 255]"
66.482675,Unknown Device,0,0,12,0,"[0, 48, 2, 0, 0, 0, 0, 255]"
66.482907,Unknown Device,0,0,12,0,"[0, 48, 2, 0, 0, 0, 0, 255]"
66.483125,Unknown Device,0,0,12,0,"[0, 48, 2, 0, 0, 0, 0, 255]"
66.48342,Unknown Device,0,0,12,0,"[0, 48, 2, 0, 0, 0, 0, 255]"
66.483653,Unknown Device,0,0,12,0,"[0, 48, 2, 0, 0, 0, 0, 255]"
66.483856,Unknown Device,0,0,12,0,"[0, 48, 4, 0, 0, 0, 0, 255]"
66.48406,Unknown Device,0,0,12,0,"[0, 48, 2, 0, 0, 0, 0, 255]"
66.48438,Unknown Device,0,0,12,0,"[0, 48, 2, 0, 0, 0, 0, 255]"
66.484489,Unknown Device,0,0,12,0,"[0, 48, 2, 0, 0, 0, 0, 255]"
66.484707,Unknown Device,0,0,12,0,"[0, 48, 2, 0, 0, 0, 0, 255]"
66.484911,Unknown Device,0,0,12,0,"[0, 48, 2, 0, 0, 0, 0, 255]"
66.485136,Unknown Device,0,0,12,0,"[0, 48, 2, 0, 0, 0, 0, 255]"
66.485862,Unknown Device,0,0,12,0,"[0, 48, 4, 0, 0, 0, 0, 255]"
66.485877,Unknown Device,0,0,12,0,"[0, 48, 2, 0, 0, 0, 0, 255]"
66.485892,Unknown Device,0,0,12,0,"[0, 48, 2, 0, 0, 0, 0, 255]"
66.486375,Unknown Device,0,0,12,0,"[0, 48, 4, 0, 0, 0, 0, 255]"
66.486579,Unknown Device,0,0,12,0,"[0, 48, 2, 0, 0, 0, 0, 255]"
66.486594,Unknown Device,0,0,12,0,"[0, 48, 2, 0, 0, 0, 0, 255]"
66.487318,Unknown Device,0,0,12,0,"[0, 48, 4, 0, 0, 0, 0, 255]"
66.487333,Unknown Device,0,0,12,0,"[0, 48, 2, 0, 0, 0, 0, 255]"
66.487348,Unknown Device,0,0,12,0,"[0, 48, 2, 0, 0, 0, 0, 255]"
66.487487,Unknown Device,0,0,12,0,"[0, 48, 2, 0, 0, 0, 0, 255]"
66.487502,Unknown Device,0,0,12,0,"[0, 48, 2, 0, 0, 0, 0, 255]"
66.487698,Unknown Device,0,0,12,0,"[0, 48, 2, 0, 0, 0, 0, 255]"
66.487974,Unknown Device,0,0,12,0,"[0, 48, 4, 0, 0, 0, 0, 255]"
66.488235,Unknown Device,0,0,12,0,"[0, 48, 2, 0, 0, 0, 0, 255]"
66.488465,Unknown Device,0,0,12,0,"[0, 48, 2, 0, 0, 0, 0, 255]"
66.488733,Unknown Device,0,0,12,0,"[0, 48, 4, 0, 0, 0, 0, 255]"
66.488999,Unknown Device,0,0,12,0,"[0, 48, 2, 0, 0, 0, 0, 255]"
66.489195,Unknown Device,0,0,12,0,"[0, 48, 2, 0, 0, 0, 0, 255]"
66.489845,Unknown Device,0,0,12,0,"[0, 48, 2, 0, 0, 0, 0, 255]"
66.490077,Unknown Device,0,0,12,0,"[0, 48, 4, 0, 0, 0, 0, 255]"
66.490881,Unknown Device,0,0,12,0,"[0, 48, 4, 0, 0, 0, 0, 255]"
66.490924,Unknown Device,0,0,12,0,"[0, 48, 2, 0, 0, 0, 0, 255]"
66.491023,Unknown Device,0,0,12,0,"[0, 48, 2, 0, 0, 0, 0, 255]"
66.491038,Unknown Device,0,0,12,0,"[0, 48, 2, 0, 0, 0, 0, 255]"
66.491053,Unknown Device,0,0,12,0,"[0, 48, 2, 0, 0, 0, 0, 255]"
66.491423,Unknown Device,0,0,12,0,"[0, 48, 4, 0, 0, 0, 0, 255]"
66.491452,Unknown Device,0,0,12,0,"[0, 48, 2, 0, 0, 0, 0, 255]"
66.491569,Unknown Device,0,0,12,0,"[0, 48, 2, 0, 0, 0, 0, 255]"
66.491808,Unknown Device,0,0,12,0,"[0, 48, 2, 0, 0, 0, 0, 255]"
66.492301,Unknown Device,0,0,12,0,"[0, 48, 4, 0, 0, 0, 0, 255]"
66.49233,Unknown Device,0,0,12,0,"[0, 48, 2, 0, 0, 0, 0, 255]"
66.49253,Unknown Device,0,0,12,0,"[0, 48, 2, 0, 0, 0, 0, 255]"
66.492923,Unknown,Unknown,Unknown,Unknown,997,"[43, 111, 97, 100, 32, 69, 108, 101]"
66.493165,Unknown Device,0,0,12,0,"[0, 48, 4, 0, 0, 0, 0, 255]"
66.49342,Unknown Device,0,0,12,0,"[0, 48, 2, 0, 0, 0, 0, 255]"
66.493634,Unknown Device,0,0,12,0,"[0, 48, 2, 0, 0, 0, 0, 255]"
66.493911,Unknown Device,0,0,12,0,"[0, 48, 2, 0, 0, 0, 0, 255]"
66.494044,Unknown Device,0,0,12,0,"[0, 48, 2, 0, 0, 0, 0, 255]"
66.494382,Unknown Device,0,0,12,0,"[0, 48, 4, 0, 0, 0, 0, 255]"
66.49447,Unknown Device,0,0,12,0,"[0, 48, 2, 0, 0, 0, 0, 255]"
66.494684,Unknown Device,0,0,12,0,"[0, 48, 2, 0, 0, 0, 0, 255]"
66.494898,Unknown Device,0,0,12,0,"[0, 48, 2, 0, 0, 0, 0, 255]"
66.495178,Unknown Device,0,0,12,0,"[0, 48, 2, 0, 0, 0, 0, 255]"
66.495935,Unknown Device,0,0,12,0,"[0, 48, 4, 0, 0, 0, 0, 255]"
66.49595,Unknown Device,0,0,12,0,"[0, 48, 2, 0, 0, 0, 0, 255]"
66.495965,Unknown Device,0,0,12,0,"[0, 48, 2, 0, 0, 0, 0, 255]"
66.496618,Unknown Device,0,0,12,0,"[0, 48, 4, 0, 0, 0, 0, 255]"
66.497354,Unknown Device,0,0,12,0,"[0, 48, 4, 0, 0, 0, 0, 255]"
66.497373,Unknown Device,0,0,12,0,"[0, 48, 2, 0, 0, 0, 0, 255]"
66.497388,Unknown Device,0,0,12,0,"[0, 48, 2, 0, 0, 0, 0, 255]"
66.49746,Unknown Device,0,0,12,0,"[0, 48, 2, 0, 0, 0, 0, 255]"
66.497475,Unknown Device,0,0,12,0,"[0, 48, 2, 0, 0, 0, 0, 255]"
66.497504,Unknown Device,0,0,12,0,"[0, 48, 2, 0, 0, 0, 0, 255]"
66.497549,Unknown Device,0,0,12,0,"[0, 48, 2, 0, 0, 0, 0, 255]"
66.498306,Unknown Device,0,0,12,0,"[0, 48, 2, 0, 0, 0, 0, 255]"
66.498382,Unknown Device,0,0,12,0,"[0, 48, 2, 0, 0, 0, 0, 255]"
66.498433,Unknown Device,0,0,12,0,"[0, 48, 2, 0, 0, 0, 0, 255]"
66.498942,Unknown Device,0,0,12,0,"[0, 48, 4, 0, 0, 0, 0, 255]"
66.498957,Unknown Device,0,0,12,0,"[0, 48, 2, 0, 0, 0, 0, 255]"
66.498972,Unknown Device,0,0,12,0,"[0, 48, 2, 0, 0, 0, 0, 255]"
66.499517,Unknown Device,0,0,12,0,"[0, 48, 2, 0, 0, 0, 0, 255]"
66.499726,Unknown Device,0,0,0,0,"[192, 26, 76, 73, 85, 0, 0, 0]"
66.499739,Unknown Device,0,0,4,0,"[0, 76, 0, 0, 0, 0, 0, 126]"
66.499825,Unknown Device,0,0,4,0,"[0, 48, 0, 0, 0, 0, 0, 255]"
66.499898,Unknown Device,0,0,12,0,"[0, 48, 2, 0, 0, 0, 0, 255]"
66.500111,Unknown Device,0,0,12,0,"[0, 48, 4, 0, 0, 0, 0, 255]"
66.500929,Unknown Device,0,0,12,0,"[0, 48, 2, 0, 0, 0, 0, 255]"
66.500944,Unknown Device,0,0,12,0,"[0, 48, 2, 0, 0, 0, 0, 255]"
66.5011,Unknown Device,0,0,12,0,"[0, 48, 2, 0, 0, 0, 0, 255]"
66.501137,Unknown Device,0,0,12,0,"[0, 48, 2, 0, 0, 0, 0, 255]"
66.501358,Unknown Device,0,0,12,0,"[0, 48, 4, 0, 0, 0, 0, 255]"
66.501391,Unknown Device,0,0,12,0,"[0, 48, 2, 0, 0, 0, 0, 255]"
66.501554,Unknown Device,0,0,12,0,"[0, 48, 2, 0, 0, 0, 0, 255]"
66.501782,Unknown Device,0,0,12,0,"[0, 48, 2, 0, 0, 0, 0, 255]"
66.502293,Unknown Device,0,0,12,0,"[0, 48, 4, 0, 0, 0, 0, 255]"
66.502336,Unknown Device,0,0,12,0,"[0, 48, 2, 0, 0, 0, 0, 255]"
66.502421,Unknown Device,0,0,12,0,"[0, 48, 2, 0, 0, 0, 0, 255]"
66.502637,Unknown,Unknown,Unknown,Unknown,997,"[45, 115, 0, 0, 0, 0, 0, 0]"
66.502857,Unknown Device,0,0,12,0,"[0, 48, 2, 0, 0, 0, 0, 255]"
66.503063,Unknown Device,0,0,12,0,"[0, 48, 2, 0, 0, 0, 0, 255]"
66.503278,Unknown Device,0,0,12,0,"[0, 48, 2, 0, 0, 0, 0, 255]"
66.503547,Unknown Device,0,0,12,0,"[0, 48, 2, 0, 0, 0, 0, 255]"
66.503869,Unknown Device,0,0,12,0,"[0, 48, 4, 0, 0, 0, 0, 255]"
66.504112,Unknown Device,0,0,12,0,"[0, 48, 2, 0, 0, 0, 0, 255]"
66.504426,Unknown Device,0,0,12,0,"[0, 48, 2, 0, 0, 0, 0, 255]"
66.504713,Unknown Device,0,0,12,0,"[0, 48, 2, 0, 0, 0, 0, 255]"
66.505045,Unknown Device,0,0,12,0,"[0, 48, 2, 0, 0, 0, 0, 255]"
66.505949,Unknown Device,0,0,12,0,"[0, 48, 4, 0, 0, 0, 0, 255]"
66.505992,Unknown Device,0,0,12,0,"[0, 48, 2, 0, 0, 0, 0, 255]"
66.506325,Unknown Device,0,0,12,0,"[0, 48, 2, 0, 0, 0, 0, 255]"
66.50634,Unknown Device,0,0,12,0,"[0, 48, 2, 0, 0, 0, 0, 255]"
66.506651,Unknown Device,0,0,12,0,"[0, 48, 4, 0, 0, 0, 0, 255]"
66.506725,Unknown Device,0,0,12,0,"[0, 48, 2, 0, 0, 0, 0, 255]"
66.507363,Unknown Device,0,0,12,0,"[0, 48, 4, 0, 0, 0, 0, 255]"
66.507382,Unknown Device,0,0,12,0,"[0, 48, 2, 0, 0, 0, 0, 255]"
66.507523,Unknown Device,0,0,12,0,"[0, 48, 2, 0, 0, 0, 0, 255]"
66.507999,Unknown Device,0,0,12,0,"[0, 48, 4, 0, 0, 0, 0, 255]"
66.508051,Unknown Device,0,0,12,0,"[0, 48, 2, 0, 0, 0, 0, 255]"
66.50831,Unknown Device,0,0,12,0,"[0, 48, 2, 0, 0, 0, 0, 255]"
66.508572,Unknown Device,0,0,12,0,"[0, 48, 2, 0, 0, 0, 0, 255]"
66.508943,Unknown Device,0,0,12,0,"[0, 48, 4, 0, 0, 0, 0, 255]"
66.509127,Unknown Device,0,0,12,0,"[0, 48, 2, 0, 0, 0, 0, 255]"
66.50949,Unknown Device,0,0,12,0,"[0, 48, 4, 0, 0, 0, 0, 255]"
66.509697,Unknown Device,0,0,12,0,"[0, 48, 2, 0, 0, 0, 0, 255]"
66.509962,Unknown Device,0,0,12,0,"[0, 48, 4, 0, 0, 0, 0, 255]"
66.510212,Unknown Device,0,0,12,0,"[0, 48, 2, 0, 0, 0, 0, 255]"
66.510884,Unknown Device,0,0,12,0,"[0, 48, 4, 0, 0, 0, 0, 255]"
66.510927,Unknown Device,0,0,12,0,"[0, 48, 2, 0, 0, 0, 0, 255]"
66.511001,Unknown Device,0,0,12,0,"[0, 48, 4, 0, 0, 0, 0, 255]"
66.511274,Unknown Device,0,0,12,0,"[0, 48, 2, 0, 0, 0, 0, 255]"
66.511536,Unknown Device,0,0,12,0,"[0, 48, 2, 0, 0, 0, 0, 255]"
66.511824,Unknown Device,0,0,12,0,"[0, 48, 2, 0, 0, 0, 0, 255]"
66.512417,Unknown Device,0,0,12,0,"[0, 48, 2, 0, 0, 0, 0, 255]"
66.512432,Unknown Device,0,0,12,0,"[0, 48, 2, 0, 0, 0, 0, 255]"
66.512564,Unknown Device,0,0,12,0,"[0, 48, 4, 0, 0, 0, 0, 255]"
66.5128,Unknown Device,0,0,12,0,"[0, 48, 2, 0, 0, 0, 0, 255]"
66.513205,Unknown Device,0,0,12,0,"[0, 48, 2, 0, 0, 0, 0, 255]"
66.513339,Unknown Device,0,0,12,0,"[0, 48, 2, 0, 0, 0, 0, 255]"
66.513812,Unknown Device,0,0,12,0,"[0, 48, 4, 0, 0, 0, 0, 255]"
66.513911,Unknown Device,0,0,12,0,"[0, 48, 4, 0, 0, 0, 0, 255]"
66.514022,Unknown Device,0,0,12,0,"[0, 48, 2, 0, 0, 0, 0, 255]"
66.51425,Unknown Device,0,0,12,0,"[0, 48, 4, 0, 0, 0, 0, 255]"
66.514469,Unknown Device,0,0,12,0,"[0, 48, 4, 0, 0, 0, 0, 255]"
66.514697,Unknown Device,0,0,12,0,"[0, 48, 4, 0, 0, 0, 0, 255]"
66.514911,Unknown Device,0,0,12,0,"[0, 48, 2, 0, 0, 0, 0, 255]"
66.515125,Unknown Device,0,0,12,0,"[0, 48, 2, 0, 0, 0, 0, 255]"
66.515921,Unknown Device,0,0,12,0,"[0, 48, 4, 0, 0, 0, 0, 255]"
66.515936,Unknown Device,0,0,12,0,"[0, 48, 2, 0, 0, 0, 0, 255]"
66.515951,Unknown Device,0,0,12,0,"[0, 48, 2, 0, 0, 0, 0, 255]"
66.516316,Unknown Device,0,0,12,0,"[0, 48, 4, 0, 0, 0, 0, 255]"
66.516331,Unknown Device,0,0,12,0,"[0, 48, 2, 0, 0, 0, 0, 255]"
66.516564,Unknown Device,0,0,12,0,"[0, 48, 2, 0, 0, 0, 0, 255]"
66.516836,Unknown Device,0,0,12,0,"[0, 48, 2, 0, 0, 0, 0, 255]"
66.517072,Unknown Device,0,0,12,0,"[0, 48, 4, 0, 0, 0, 0, 255]"
66.517418,Unknown Device,0,0,12,0,"[0, 48, 4, 0, 0, 0, 0, 255]"
66.517514,Unknown Device,0,0,12,0,"[0, 48, 2, 0, 0, 0, 0, 255]"
66.517728,Unknown Device,0,0,12,0,"[0, 48, 2, 0, 0, 0, 0, 255]"
66.517969,Unknown Device,0,0,12,0,"[0, 48, 4, 0, 0, 0, 0, 255]"
66.518302,Unknown Device,0,0,12,0,"[0, 48, 2, 0, 0, 0, 0, 255]"
66.518424,Unknown Device,0,0,12,0,"[0, 48, 2, 0, 0, 0, 0, 255]"
66.51866,Unknown Device,0,0,12,0,"[0, 48, 2, 0, 0, 0, 0, 255]"
66.518922,Unknown Device,0,0,12,0,"[0, 48, 4, 0, 0, 0, 0, 255]"
66.51907,Unknown Device,0,0,12,0,"[0, 48, 2, 0, 0, 0, 0, 255]"
66.519528,Unknown Device,0,0,12,0,"[0, 48, 4, 0, 0, 0, 0, 255]"
66.519557,Unknown Device,0,0,12,0,"[0, 48, 2, 0, 0, 0, 0, 255]"
66.519727,Unknown Device,0,0,12,0,"[0, 48, 2, 0, 0, 0, 0, 255]"
66.519934,Unknown Device,0,0,12,0,"[0, 48, 2, 0, 0, 0, 0, 255]"
66.52014,Unknown Device,0,0,12,0,"[0, 48, 4, 0, 0, 0, 0, 255]"
66.520901,Unknown Device,0,0,12,0,"[0, 48, 4, 0, 0, 0, 0, 255]"
66.520916,Unknown Device,0,0,12,0,"[0, 48, 2, 0, 0, 0, 0, 255]"
66.520953,Unknown Device,0,0,12,0,"[0, 48, 2, 0, 0, 0, 0, 255]"
66.521067,Unknown Device,0,0,12,0,"[0, 48, 4, 0, 0, 0, 0, 255]"
66.521156,Unknown Device,0,0,12,0,"[0, 48, 2, 0, 0, 0, 0, 255]"
66.521426,Unknown Device,0,0,12,0,"[0, 48, 2, 0, 0, 0, 0, 255]"
66.521732,Unknown Device,0,0,12,0,"[0, 48, 2, 0, 0, 0, 0, 255]"
66.521865,Unknown Device,0,0,12,0,"[0, 48, 2, 0, 0, 0, 0, 255]"
66.522392,Unknown Device,0,0,12,0,"[0, 48, 2, 0, 0, 0, 0, 255]"
66.522407,Unknown Device,0,0,12,0,"[0, 48, 2, 0, 0, 0, 0, 255]"
66.52248,Unknown Device,0,0,12,0,"[0, 48, 2, 0, 0, 0, 0, 255]"
66.522684,Unknown Device,0,0,12,0,"[0, 48, 2, 0, 0, 0, 0, 255]"
66.522895,Unknown Device,0,0,12,0,"[0, 48, 2, 0, 0, 0, 0, 255]"
66.523195,Unknown Device,0,0,12,0,"[0, 48, 4, 0, 0, 0, 0, 255]"
66.523327,Unknown Device,0,0,12,0,"[0, 48, 2, 0, 0, 0, 0, 255]"
66.52383,Unknown Device,0,0,12,0,"[0, 48, 2, 0, 0, 0, 0, 255]"
66.523971,Unknown Device,0,0,12,0,"[0, 48, 2, 0, 0, 0, 0, 255]"
66.524008,Unknown Device,0,0,12,0,"[0, 48, 2, 0, 0, 0, 0, 255]"
66.524218,Unknown Device,0,0,12,0,"[0, 48, 4, 0, 0, 0, 0, 255]"
66.524434,Unknown Device,0,0,12,0,"[0, 48, 2, 0, 0, 0, 0, 255]"
66.524637,Unknown Device,0,0,12,0,"[0, 48, 4, 0, 0, 0, 0, 255]"
66.524848,Unknown Device,0,0,12,0,"[0, 48, 2, 0, 0, 0, 0, 255]"
66.525051,Unknown Device,0,0,12,0,"[0, 48, 2, 0, 0, 0, 0, 255]"
66.525255,Unknown Device,0,0,12,0,"[0, 48, 2, 0, 0, 0, 0, 255]"
66.525959,Unknown Device,0,0,12,0,"[0, 48, 4, 0, 0, 0, 0, 255]"
66.525974,Unknown Device,0,0,12,0,"[0, 48, 2, 0, 0, 0, 0, 255]"
66.52599,Unknown Device,0,0,12,0,"[0, 48, 2, 0, 0, 0, 0, 255]"
66.52615,Unknown Device,0,0,12,0,"[0, 48, 2, 0, 0, 0, 0, 255]"
66.526423,Unknown Device,0,0,12,0,"[0, 48, 2, 0, 0, 0, 0, 255]"
66.526749,Unknown Device,0,0,12,0,"[0, 48, 2, 0, 0, 0, 0, 255]"
66.527354,Unknown Device,0,0,12,0,"[0, 48, 4, 0, 0, 0, 0, 255]"
66.527387,Unknown Device,0,0,12,0,"[0, 48, 2, 0, 0, 0, 0, 255]"
66.52746,Unknown Device,0,0,12,0,"[0, 48, 2, 0, 0, 0, 0, 255]"
66.527678,Unknown Device,0,0,12,0,"[0, 48, 4, 0, 0, 0, 0, 255]"
66.527966,Unknown Device,0,0,12,0,"[0, 48, 4, 0, 0, 0, 0, 255]"
66.52822,Unknown Device,0,0,12,0,"[0, 48, 2, 0, 0, 0, 0, 255]"
66.528544,Unknown Device,0,0,12,0,"[0, 48, 2, 0, 0, 0, 0, 255]"
66.528972,Unknown Device,0,0,12,0,"[0, 48, 2, 0, 0, 0, 0, 255]"
66.52984,Unknown Device,0,0,12,0,"[0, 48, 4, 0, 0, 0, 0, 255]"
66.529883,Unknown Device,0,0,12,0,"[0, 48, 2, 0, 0, 0, 0, 255]"
66.530115,Unknown Device,0,0,12,0,"[0, 48, 4, 0, 0, 0, 0, 255]"
66.530883,Unknown Device,0,0,12,0,"[0, 48, 2, 0, 0, 0, 0, 255]"
66.530898,Unknown Device,0,0,12,0,"[0, 48, 2, 0, 0, 0, 0, 255]"
66.531088,Unknown Device,0,0,12,0,"[0, 48, 4, 0, 0, 0, 0, 255]"
66.531117,Unknown Device,0,0,12,0,"[0, 48, 2, 0, 0, 0, 0, 255]"
66.531322,Unknown Device,0,0,12,0,"[0, 48, 4, 0, 0, 0, 0, 255]"
66.531351,Unknown Device,0,0,12,0,"[0, 48, 2, 0, 0, 0, 0, 255]"
66.531366,Unknown Device,0,0,12,0,"[0, 48, 2, 0, 0, 0, 0, 255]"
66.53166,Unknown Device,0,0,12,0,"[0, 48, 2, 0, 0, 0, 0, 255]"
66.531675,Unknown Device,0,0,12,0,"[0, 48, 2, 0, 0, 0, 0, 255]"
66.531864,Unknown Device,0,0,12,0,"[0, 48, 2, 0, 0, 0, 0, 255]"
66.532401,Unknown Device,0,0,12,0,"[0, 48, 4, 0, 0, 0, 0, 255]"
66.532416,Unknown Device,0,0,12,0,"[0, 48, 2, 0, 0, 0, 0, 255]"
66.532496,Unknown Device,0,0,12,0,"[0, 48, 2, 0, 0, 0, 0, 255]"
66.532743,Unknown Device,0,0,12,0,"[0, 48, 2, 0, 0, 0, 0, 255]"
66.532983,Unknown Device,0,0,12,0,"[0, 48, 2, 0, 0, 0, 0, 255]"
66.533186,Unknown Device,0,0,12,0,"[0, 48, 2, 0, 0, 0, 0, 255]"
66.533431,Unknown Device,0,0,12,0,"[0, 48, 2, 0, 0, 0, 0, 255]"
66.533787,Unknown Device,0,0,12,0,"[0, 48, 4, 0, 0, 0, 0, 255]"
66.533936,Unknown Device,0,0,12,0,"[0, 48, 2, 0, 0, 0, 0, 255]"
66.534039,Unknown Device,0,0,12,0,"[0, 48, 4, 0, 0, 0, 0, 255]"
66.534368,Unknown Device,0,0,12,0,"[0, 48, 2, 0, 0, 0, 0, 255]"
66.534467,Unknown Device,0,0,12,0,"[0, 48, 2, 0, 0, 0, 0, 255]"
66.534663,Unknown Device,0,0,12,0,"[0, 48, 2, 0, 0, 0, 0, 255]"
66.534895,Unknown Device,0,0,12,0,"[0, 48, 4, 0, 0, 0, 0, 255]"
66.535084,Unknown Device,0,0,12,0,"[0, 48, 2, 0, 0, 0, 0, 255]"
66.535288,Unknown Device,0,0,12,0,"[0, 48, 4, 0, 0, 0, 0, 255]"
66.535495,Unknown Device,0,0,12,0,"[0, 48, 4, 0, 0, 0, 0, 255]"
66.535699,Unknown Device,0,0,12,0,"[0, 48, 4, 0, 0, 0, 0, 255]"
66.536134,Unknown Device,0,0,12,0,"[0, 48, 4, 0, 0, 0, 0, 255]"
66.536149,Unknown Device,0,0,12,0,"[0, 48, 2, 0, 0, 0, 0, 255]"
66.536489,Unknown Device,0,0,12,0,"[0, 48, 4, 0, 0, 0, 0, 255]"
66.536533,Unknown Device,0,0,12,0,"[0, 48, 2, 0, 0, 0, 0, 255]"
66.536736,Unknown Device,0,0,12,0,"[0, 48, 2, 0, 0, 0, 0, 255]"
66.537378,Unknown Device,0,0,12,0,"[0, 48, 4, 0, 0, 0, 0, 255]"
66.537393,Unknown Device,0,0,12,0,"[0, 48, 2, 0, 0, 0, 0, 255]"
66.53743,Unknown Device,0,0,12,0,"[0, 48, 2, 0, 0, 0, 0, 255]"
66.537655,Unknown Device,0,0,12,0,"[0, 48, 2, 0, 0, 0, 0, 255]"
66.53797,Unknown Device,0,0,12,0,"[0, 48, 4, 0, 0, 0, 0, 255]"
66.538162,Unknown Device,0,0,12,0,"[0, 48, 4, 0, 0, 0, 0, 255]"
66.538264,Unknown Device,0,0,12,0,"[0, 48, 2, 0, 0, 0, 0, 255]"
66.538472,Unknown Device,0,0,12,0,"[0, 48, 2, 0, 0, 0, 0, 255]"
66.538962,Unknown Device,0,0,12,0,"[0, 48, 2, 0, 0, 0, 0, 255]"
66.538977,Unknown Device,0,0,12,0,"[0, 48, 2, 0, 0, 0, 0, 255]"
66.539177,Unknown Device,0,0,12,0,"[0, 48, 4, 0, 0, 0, 0, 255]"
66.53928,Unknown Device,0,0,12,0,"[0, 48, 4, 0, 0, 0, 0, 255]"
66.53948,Unknown Device,0,0,12,0,"[0, 48, 4, 0, 0, 0, 0, 255]"
66.539685,Unknown,Unknown,Unknown,Unknown,997,"[33, 107, 32, 76, 101, 102, 116, 32]"
66.539883,Unknown Device,0,0,12,0,"[0, 48, 2, 0, 0, 0, 0, 255]"
66.540112,Unknown Device,0,0,12,0,"[0, 48, 2, 0, 0, 0, 0, 255]"
66.540334,Unknown Device,0,0,12,0,"[0, 48, 2, 0, 0, 0, 0, 255]"
66.540946,Unknown Device,0,0,12,0,"[0, 48, 2, 0, 0, 0, 0, 255]"
66.540961,Unknown Device,0,0,12,0,"[0, 48, 2, 0, 0, 0, 0, 255]"
66.541112,Unknown Device,0,0,12,0,"[0, 48, 2, 0, 0, 0, 0, 255]"
66.541245,Unknown Device,0,0,12,0,"[0, 48, 2, 0, 0, 0, 0, 255]"
66.541523,Unknown Device,0,0,12,0,"[0, 48, 2, 0, 0, 0, 0, 255]"
66.541773,Unknown Device,0,0,12,0,"[0, 48, 2, 0, 0, 0, 0, 255]"
66.54241,Unknown Device,0,0,12,0,"[0, 48, 2, 0, 0, 0, 0, 255]"
66.542999,Unknown Device,0,0,12,0,"[0, 48, 2, 0, 0, 0, 0, 255]"
66.543431,Unknown Device,0,0,12,0,"[0, 48, 2, 0, 0, 0, 0, 255]"
66.54381,Unknown Device,0,0,12,0,"[0, 48, 2, 0, 0, 0, 0, 255]"
66.544054,Unknown Device,0,0,12,0,"[0, 48, 2, 0, 0, 0, 0, 255]"
66.544537,Unknown Device,0,0,12,0,"[0, 48, 2, 0, 0, 0, 0, 255]"
66.545148,Unknown,Unknown,Unknown,Unknown,997,"[34, 84, 117, 114, 110, 170, 170, 170]"
66.545754,Unknown Device,0,0,12,0,"[0, 48, 4, 0, 0, 0, 0, 255]"
66.546218,Unknown Device,0,0,12,0,"[0, 48, 4, 0, 0, 0, 0, 255]"
66.546709,Unknown Device,0,0,12,0,"[0, 48, 2, 0, 0, 0, 0, 255]"
66.547114,Unknown Device,0,0,12,0,"[0, 48, 2, 0, 0, 0, 0, 255]"
66.547678,Unknown Device,0,0,12,0,"[0, 48, 2, 0, 0, 0, 0, 255]"
66.548083,Unknown Device,0,0,12,0,"[0, 48, 2, 0, 0, 0, 0, 255]"
66.548342,Unknown Device,0,0,12,0,"[0, 48, 2, 0, 0, 0, 0, 255]"
66.548656,Unknown Device,0,0,12,0,"[0, 48, 2, 0, 0, 0, 0, 255]"
66.549178,Unknown Device,0,0,12,0,"[0, 48, 2, 0, 0, 0, 0, 255]"
66.5495,Unknown Device,0,0,12,0,"[0, 48, 4, 0, 0, 0, 0, 255]"
66.549772,Unknown Device,0,0,12,0,"[0, 48, 4, 0, 0, 0, 0, 255]"
66.550052,Unknown Device,0,0,12,0,"[0, 48, 2, 0, 0, 0, 0, 255]"
66.550333,Unknown Device,0,0,12,0,"[0, 48, 2, 0, 0, 0, 0, 255]"
66.550683,Unknown Device,0,0,12,0,"[0, 48, 4, 0, 0, 0, 0, 255]"
66.551431,Unknown Device,0,0,12,0,"[0, 48, 2, 0, 0, 0, 0, 255]"
66.551767,Unknown,Unknown,Unknown,Unknown,997,"[16, 98, 5, 9, 76, 73, 67, 45]"
66.552303,Unknown Device,0,0,12,0,"[0, 48, 2, 0, 0, 0, 0, 255]"
66.552609,Unknown Device,0,0,12,0,"[0, 48, 2, 0, 0, 0, 0, 255]"
66.552954,Unknown Device,0,0,12,0,"[0, 48, 2, 0, 0, 0, 0, 255]"
66.553212,Unknown Device,0,0,12,0,"[0, 48, 2, 0, 0, 0, 0, 255]"
66.553453,Unknown Device,0,0,12,0,"[0, 48, 2, 0, 0, 0, 0, 255]"
66.553829,Unknown Device,0,0,12,0,"[0, 48, 4, 0, 0, 0, 0, 255]"
66.553925,Unknown Device,0,0,12,0,"[0, 48, 2, 0, 0, 0, 0, 255]"
66.554168,Unknown Device,0,0,12,0,"[0, 48, 2, 0, 0, 0, 0, 255]"
66.554438,Unknown Device,0,0,12,0,"[0, 48, 2, 0, 0, 0, 0, 255]"
66.554711,Unknown Device,0,0,12,0,"[0, 48, 2, 0, 0, 0, 0, 255]"
66.55494,Unknown Device,0,0,12,0,"[0, 48, 2, 0, 0, 0, 0, 255]"
66.55524,Unknown Device,0,0,12,0,"[0, 48, 4, 0, 0, 0, 0, 255]"
66.555834,Unknown Device,0,0,12,0,"[0, 48, 4, 0, 0, 0, 0, 255]"
66.556217,Unknown Device,0,0,12,0,"[0, 48, 2, 0, 0, 0, 0, 255]"
66.556538,Unknown Device,0,0,12,0,"[0, 48, 2, 0, 0, 0, 0, 255]"
66.556958,Unknown Device,0,0,12,0,"[0, 48, 4, 0, 0, 0, 0, 255]"
66.557298,Unknown Device,0,0,12,0,"[0, 48, 4, 0, 0, 0, 0, 255]"
66.557618,Unknown Device,0,0,12,0,"[0, 48, 4, 0, 0, 0, 0, 255]"
66.557935,Unknown Device,0,0,12,0,"[0, 48, 2, 0, 0, 0, 0, 255]"
66.558522,Unknown Device,0,0,12,0,"[0, 48, 2, 0, 0, 0, 0, 255]"
66.558919,Unknown Device,0,0,12,0,"[0, 48, 2, 0, 0, 0, 0, 255]"
66.559545,Unknown Device,0,0,12,0,"[0, 48, 4, 0, 0, 0, 0, 255]"
66.55956,Unknown Device,0,0,12,0,"[0, 48, 2, 0, 0, 0, 0, 255]"
66.56007,Unknown Device,0,0,12,0,"[0, 48, 4, 0, 0, 0, 0, 255]"
66.560305,Unknown Device,0,0,12,0,"[0, 48, 4, 0, 0, 0, 0, 255]"
66.560427,Unknown Device,0,0,12,0,"[0, 48, 2, 0, 0, 0, 0, 255]"
66.560953,Unknown Device,0,0,12,0,"[0, 48, 4, 0, 0, 0, 0, 255]"
66.560996,Unknown Device,0,0,12,0,"[0, 48, 2, 0, 0, 0, 0, 255]"
66.561254,Unknown Device,0,0,12,0,"[0, 48, 2, 0, 0, 0, 0, 255]"
66.565642,Unknown,Unknown,Unknown,Unknown,997,"[34, 55, 56, 56, 56, 0, 0, 0]"
66.56595,Unknown Device,0,0,12,0,"[0, 48, 2, 0, 0, 0, 0, 255]"
66.566191,Unknown Device,0,0,12,0,"[0, 48, 4, 0, 0, 0, 0, 255]"
66.566467,Unknown Device,0,0,12,0,"[0, 48, 4, 0, 0, 0, 0, 255]"
66.566666,Unknown Device,0,0,12,0,"[0, 48, 2, 0, 0, 0, 0, 255]"
66.567133,Unknown Device,0,0,12,0,"[0, 48, 4, 0, 0, 0, 0, 255]"
66.5674,Unknown Device,0,0,12,0,"[0, 48, 4, 0, 0, 0, 0, 255]"
66.567415,Unknown Device,0,0,12,0,"[0, 48, 2, 0, 0, 0, 0, 255]"
66.567489,Unknown Device,0,0,12,0,"[0, 48, 2, 0, 0, 0, 0, 255]"
66.567696,Unknown Device,0,0,12,0,"[0, 48, 2, 0, 0, 0, 0, 255]"
66.568107,Unknown Device,0,0,12,0,"[0, 48, 2, 0, 0, 0, 0, 255]"
66.568262,Unknown Device,0,0,12,0,"[0, 48, 4, 0, 0, 0, 0, 255]"
66.56833,Unknown Device,0,0,12,0,"[0, 48, 2, 0, 0, 0, 0, 255]"
66.568533,Unknown Device,0,0,12,0,"[0, 48, 2, 0, 0, 0, 0, 255]"
66.568951,Unknown Device,0,0,12,0,"[0, 48, 4, 0, 0, 0, 0, 255]"
66.568966,Unknown Device,0,0,12,0,"[0, 48, 2, 0, 0, 0, 0, 255]"
66.569143,Unknown Device,0,0,12,0,"[0, 48, 2, 0, 0, 0, 0, 255]"
66.569557,Unknown Device,0,0,12,0,"[0, 48, 4, 0, 0, 0, 0, 255]"
66.569572,Unknown Device,0,0,12,0,"[0, 48, 2, 0, 0, 0, 0, 255]"
66.569964,Unknown Device,0,0,12,0,"[0, 48, 4, 0, 0, 0, 0, 255]"
66.57028,Unknown Device,0,0,12,0,"[0, 48, 4, 0, 0, 0, 0, 255]"
66.570337,Unknown Device,0,0,12,0,"[0, 48, 2, 0, 0, 0, 0, 255]"
66.570904,Unknown Device,0,0,12,0,"[0, 48, 4, 0, 0, 0, 0, 255]"
66.570947,Unknown Device,0,0,12,0,"[0, 48, 2, 0, 0, 0, 0, 255]"
66.570962,Unknown Device,0,0,12,0,"[0, 48, 2, 0, 0, 0, 0, 255]"
66.571129,Unknown Device,0,0,12,0,"[0, 48, 2, 0, 0, 0, 0, 255]"
66.571425,Unknown Device,0,0,12,0,"[0, 48, 2, 0, 0, 0, 0, 255]"
66.571679,Unknown Device,0,0,12,0,"[0, 48, 4, 0, 0, 0, 0, 255]"
66.571933,Unknown Device,0,0,12,0,"[0, 48, 4, 0, 0, 0, 0, 255]"
66.572165,Unknown Device,0,0,12,0,"[0, 48, 2, 0, 0, 0, 0, 255]"
66.572438,Unknown Device,0,0,12,0,"[0, 48, 2, 0, 0, 0, 0, 255]"
66.572692,Unknown Device,0,0,12,0,"[0, 48, 2, 0, 0, 0, 0, 255]"
66.573184,Unknown Device,0,0,12,0,"[0, 48, 4, 0, 0, 0, 0, 255]"
66.573236,Unknown Device,0,0,12,0,"[0, 48, 2, 0, 0, 0, 0, 255]"
66.573487,Unknown Device,0,0,12,0,"[0, 48, 2, 0, 0, 0, 0, 255]"
66.573806,Unknown Device,0,0,12,0,"[0, 48, 2, 0, 0, 0, 0, 255]"
66.574032,Unknown Device,0,0,12,0,"[0, 48, 2, 0, 0, 0, 0, 255]"
66.574286,Unknown Device,0,0,12,0,"[0, 48, 2, 0, 0, 0, 0, 255]"
66.574516,Unknown Device,0,0,12,0,"[0, 48, 2, 0, 0, 0, 0, 255]"
66.574755,Unknown Device,0,0,12,0,"[0, 48, 2, 0, 0, 0, 0, 255]"
66.574988,Unknown Device,0,0,12,0,"[0, 48, 2, 0, 0, 0, 0, 255]"
66.575206,Unknown Device,0,0,12,0,"[0, 48, 2, 0, 0, 0, 0, 255]"
66.575946,Unknown Device,0,0,12,0,"[0, 48, 4, 0, 0, 0, 0, 255]"
66.575988,Unknown Device,0,0,12,0,"[0, 48, 2, 0, 0, 0, 0, 255]"
66.57624,Unknown Device,0,0,12,0,"[0, 48, 4, 0, 0, 0, 0, 255]"
66.576562,Unknown Device,0,0,12,0,"[0, 48, 2, 0, 0, 0, 0, 255]"
66.576605,Unknown Device,0,0,12,0,"[0, 48, 2, 0, 0, 0, 0, 255]"
66.577097,Unknown Device,0,0,12,0,"[0, 48, 2, 0, 0, 0, 0, 255]"
66.577826,Unknown Device,0,0,12,0,"[0, 48, 4, 0, 0, 0, 0, 255]"
66.578196,Unknown Device,0,0,12,0,"[0, 48, 4, 0, 0, 0, 0, 255]"
66.578455,Unknown Device,0,0,12,0,"[0, 48, 2, 0, 0, 0, 0, 255]"
66.578702,Unknown Device,0,0,12,0,"[0, 48, 2, 0, 0, 0, 0, 255]"
66.578934,Unknown Device,0,0,12,0,"[0, 48, 2, 0, 0, 0, 0, 255]"
66.579174,Unknown Device,0,0,12,0,"[0, 48, 2, 0, 0, 0, 0, 255]"
66.579425,Unknown Device,0,0,12,0,"[0, 48, 2, 0, 0, 0, 0, 255]"
66.579658,Unknown Device,0,0,12,0,"[0, 48, 2, 0, 0, 0, 0, 255]"
66.579897,Unknown Device,0,0,12,0,"[0, 48, 2, 0, 0, 0, 0, 255]"
66.580255,Unknown Device,0,0,12,0,"[0, 48, 4, 0, 0, 0, 0, 255]"
66.580895,Unknown Device,0,0,12,0,"[0, 48, 4, 0, 0, 0, 0, 255]"
66.58096,Unknown Device,0,0,12,0,"[0, 48, 2, 0, 0, 0, 0, 255]"
66.581072,Unknown Device,0,0,12,0,"[0, 48, 4, 0, 0, 0, 0, 255]"
66.581211,Unknown Device,0,0,12,0,"[0, 48, 2, 0, 0, 0, 0, 255]"
66.58147,Unknown Device,0,0,12,0,"[0, 48, 2, 0, 0, 0, 0, 255]"
66.581709,Unknown Device,0,0,12,0,"[0, 48, 4, 0, 0, 0, 0, 255]"
66.581949,Unknown Device,0,0,12,0,"[0, 48, 4, 0, 0, 0, 0, 255]"
66.582188,Unknown Device,0,0,12,0,"[0, 48, 4, 0, 0, 0, 0, 255]"
66.582433,Unknown Device,0,0,12,0,"[0, 48, 2, 0, 0, 0, 0, 255]"
66.582679,Unknown Device,0,0,12,0,"[0, 48, 2, 0, 0, 0, 0, 255]"
66.583332,Unknown Device,0,0,12,0,"[0, 48, 4, 0, 0, 0, 0, 255]"
66.583361,Unknown Device,0,0,12,0,"[0, 48, 2, 0, 0, 0, 0, 255]"
66.583431,Unknown Device,0,0,12,0,"[0, 48, 2, 0, 0, 0, 0, 255]"
66.583673,Unknown,Unknown,Unknown,Unknown,997,"[38, 56, 48, 56, 50, 55, 57, 48]"
66.583911,Unknown Device,0,0,12,0,"[0, 48, 4, 0, 0, 0, 0, 255]"
66.584158,Unknown Device,0,0,12,0,"[0, 48, 2, 0, 0, 0, 0, 255]"
66.584431,Unknown Device,0,0,12,0,"[0, 48, 2, 0, 0, 0, 0, 255]"
66.584678,Unknown Device,0,0,12,0,"[0, 48, 2, 0, 0, 0, 0, 255]"
66.584917,Unknown Device,0,0,12,0,"[0, 48, 2, 0, 0, 0, 0, 255]"
66.585186,Unknown Device,0,0,12,0,"[0, 48, 2, 0, 0, 0, 0, 255]"
66.585956,Unknown Device,0,0,12,0,"[0, 48, 4, 0, 0, 0, 0, 255]"
66.585999,Unknown Device,0,0,12,0,"[0, 48, 2, 0, 0, 0, 0, 255]"
66.586343,Unknown Device,0,0,12,0,"[0, 48, 4, 0, 0, 0, 0, 255]"
66.586372,Unknown Device,0,0,12,0,"[0, 48, 2, 0, 0, 0, 0, 255]"
66.586435,Unknown Device,0,0,12,0,"[0, 48, 2, 0, 0, 0, 0, 255]"
66.586682,Unknown Device,0,0,12,0,"[0, 48, 2, 0, 0, 0, 0, 255]"
66.586927,Unknown Device,0,0,12,0,"[0, 48, 4, 0, 0, 0, 0, 255]"
66.587427,Unknown Device,0,0,12,0,"[0, 48, 4, 0, 0, 0, 0, 255]"
66.587456,Unknown Device,0,0,12,0,"[0, 48, 2, 0, 0, 0, 0, 255]"
66.58758,Unknown Device,0,0,12,0,"[0, 48, 4, 0, 0, 0, 0, 255]"
66.587827,Unknown Device,0,0,12,0,"[0, 48, 2, 0, 0, 0, 0, 255]"
66.588067,Unknown Device,0,0,12,0,"[0, 48, 2, 0, 0, 0, 0, 255]"
66.588307,Unknown Device,0,0,12,0,"[0, 48, 2, 0, 0, 0, 0, 255]"
66.588551,Unknown Device,0,0,12,0,"[0, 48, 2, 0, 0, 0, 0, 255]"
66.588784,Unknown,Unknown,Unknown,Unknown,997,"[39, 48, 45, 70, 82, 67, 45, 48]"
66.589122,Unknown Device,0,0,12,0,"[0, 48, 2, 0, 0, 0, 0, 255]"
66.589444,Unknown Device,0,0,12,0,"[0, 48, 4, 0, 0, 0, 0, 255]"
66.58976,Unknown Device,0,0,12,0,"[0, 48, 2, 0, 0, 0, 0, 255]"
66.590092,Unknown Device,0,0,12,0,"[0, 48, 2, 0, 0, 0, 0, 255]"
66.590428,Unknown Device,0,0,12,0,"[0, 48, 4, 0, 0, 0, 0, 255]"
66.590967,Unknown Device,0,0,12,0,"[0, 48, 4, 0, 0, 0, 0, 255]"
66.591012,Unknown Device,0,0,12,0,"[0, 48, 2, 0, 0, 0, 0, 255]"
66.591315,Unknown Device,0,0,12,0,"[0, 48, 2, 0, 0, 0, 0, 255]"
66.591636,Unknown Device,0,0,12,0,"[0, 48, 2, 0, 0, 0, 0, 255]"
66.591989,Unknown Device,0,0,12,0,"[0, 48, 2, 0, 0, 0, 0, 255]"
66.592408,Unknown Device,0,0,12,0,"[0, 48, 4, 0, 0, 0, 0, 255]"
66.592622,Unknown Device,0,0,12,0,"[0, 48, 2, 0, 0, 0, 0, 255]"
66.593554,Unknown Device,0,0,12,0,"[0, 48, 2, 0, 0, 0, 0, 255]"
66.594308,Unknown,Unknown,Unknown,Unknown,997,"[40, 50, 49, 50, 57, 0, 0, 0]"
66.594884,Unknown Device,0,0,12,0,"[0, 48, 4, 0, 0, 0, 0, 255]"
66.595127,Unknown Device,0,0,12,0,"[0, 48, 2, 0, 0, 0, 0, 255]"
66.595874,Unknown Device,0,0,12,0,"[0, 48, 2, 0, 0, 0, 0, 255]"
66.595889,Unknown Device,0,0,12,0,"[0, 48, 2, 0, 0, 0, 0, 255]"
66.596389,Unknown Device,0,0,12,0,"[0, 48, 4, 0, 0, 0, 0, 255]"
66.596426,Unknown Device,0,0,12,0,"[0, 48, 2, 0, 0, 0, 0, 255]"
66.596441,Unknown Device,0,0,12,0,"[0, 48, 2, 0, 0, 0, 0, 255]"
66.596647,Unknown Device,0,0,12,0,"[0, 48, 2, 0, 0, 0, 0, 255]"
66.596662,Unknown Device,0,0,12,0,"[0, 48, 2, 0, 0, 0, 0, 255]"
66.597081,Unknown Device,0,0,12,0,"[0, 48, 4, 0, 0, 0, 0, 255]"
66.597432,Unknown Device,0,0,12,0,"[0, 48, 4, 0, 0, 0, 0, 255]"
66.597461,Unknown Device,0,0,12,0,"[0, 48, 2, 0, 0, 0, 0, 255]"
66.597498,Unknown Device,0,0,12,0,"[0, 48, 2, 0, 0, 0, 0, 255]"
66.597712,Unknown Device,0,0,12,0,"[0, 48, 2, 0, 0, 0, 0, 255]"
66.59813,Unknown Device,0,0,12,0,"[0, 48, 4, 0, 0, 0, 0, 255]"
66.598145,Unknown Device,0,0,12,0,"[0, 48, 2, 0, 0, 0, 0, 255]"
66.598323,Unknown Device,0,0,12,0,"[0, 48, 2, 0, 0, 0, 0, 255]"
66.598534,Unknown Device,0,0,12,0,"[0, 48, 2, 0, 0, 0, 0, 255]"
66.598734,Unknown,Unknown,Unknown,Unknown,997,"[41, 0, 0, 0, 0, 76, 73, 67]"
66.598939,Unknown Device,0,0,4,0,"[0, 76, 0, 0, 0, 0, 0, 126]"
66.599145,Unknown Device,0,0,12,0,"[0, 48, 2, 0, 0, 0, 0, 255]"
66.599556,Unknown Device,0,0,12,0,"[0, 48, 4, 0, 0, 0, 0, 255]"
66.599667,Unknown Device,0,0,12,0,"[0, 48, 2, 0, 0, 0, 0, 255]"
66.600085,Unknown Device,0,0,12,0,"[0, 48, 4, 0, 0, 0, 0, 255]"
66.60032,Unknown Device,0,0,12,0,"[0, 48, 4, 0, 0, 0, 0, 255]"
66.601079,Unknown Device,0,0,12,0,"[0, 48, 4, 0, 0, 0, 0, 255]"
66.601116,Unknown Device,0,0,12,0,"[0, 48, 2, 0, 0, 0, 0, 255]"
66.601132,Unknown Device,0,0,12,0,"[0, 48, 2, 0, 0, 0, 0, 255]"
66.601203,Unknown Device,0,0,12,0,"[0, 48, 2, 0, 0, 0, 0, 255]"
66.601218,Unknown Device,0,0,12,0,"[0, 48, 2, 0, 0, 0, 0, 255]"
66.601315,Unknown Device,0,0,12,0,"[0, 48, 2, 0, 0, 0, 0, 255]"
66.601518,Unknown Device,0,0,12,0,"[0, 48, 2, 0, 0, 0, 0, 255]"
66.601725,Unknown Device,0,0,12,0,"[0, 48, 4, 0, 0, 0, 0, 255]"
66.601931,Unknown Device,0,0,12,0,"[0, 48, 2, 0, 0, 0, 0, 255]"
66.602396,Unknown Device,0,0,12,0,"[0, 48, 4, 0, 0, 0, 0, 255]"
66.602411,Unknown Device,0,0,12,0,"[0, 48, 2, 0, 0, 0, 0, 255]"
66.602559,Unknown Device,0,0,12,0,"[0, 48, 2, 0, 0, 0, 0, 255]"
66.602856,Unknown Device,0,0,12,0,"[0, 48, 2, 0, 0, 0, 0, 255]"
66.603065,Unknown Device,0,0,12,0,"[0, 48, 4, 0, 0, 0, 0, 255]"
66.603253,Unknown Device,0,0,12,0,"[0, 48, 4, 0, 0, 0, 0, 255]"
66.603427,Unknown Device,0,0,12,0,"[0, 48, 2, 0, 0, 0, 0, 255]"
66.603673,Unknown,Unknown,Unknown,Unknown,997,"[42, 45, 50, 53, 45, 56, 48, 56]"
66.60387,Unknown Device,0,0,4,0,"[0, 76, 0, 0, 0, 0, 0, 126]"
66.604075,Unknown Device,0,0,12,0,"[0, 48, 2, 0, 0, 0, 0, 255]"
66.604406,Unknown Device,0,0,12,0,"[0, 48, 2, 0, 0, 0, 0, 255]"
66.604539,Unknown Device,0,0,12,0,"[0, 48, 2, 0, 0, 0, 0, 255]"
66.604834,Unknown Device,0,0,12,0,"[0, 48, 2, 0, 0, 0, 0, 255]"
66.60504,Unknown Device,0,0,12,0,"[0, 48, 2, 0, 0, 0, 0, 255]"
66.605247,Unknown Device,0,0,12,0,"[0, 48, 4, 0, 0, 0, 0, 255]"
66.60545,Unknown Device,0,0,12,0,"[0, 48, 4, 0, 0, 0, 0, 255]"
66.605952,Unknown Device,0,0,12,0,"[0, 48, 4, 0, 0, 0, 0, 255]"
66.605981,Unknown Device,0,0,12,0,"[0, 48, 2, 0, 0, 0, 0, 255]"
66.606055,Unknown Device,0,0,12,0,"[0, 48, 2, 0, 0, 0, 0, 255]"
66.606361,Unknown Device,0,0,12,0,"[0, 48, 2, 0, 0, 0, 0, 255]"
66.606461,Unknown Device,0,0,12,0,"[0, 48, 2, 0, 0, 0, 0, 255]"
66.606668,Unknown Device,0,0,12,0,"[0, 48, 4, 0, 0, 0, 0, 255]"
66.606867,Unknown Device,0,0,12,0,"[0, 48, 2, 0, 0, 0, 0, 255]"
66.607487,Unknown Device,0,0,12,0,"[0, 48, 2, 0, 0, 0, 0, 255]"
66.607503,Unknown Device,0,0,12,0,"[0, 48, 2, 0, 0, 0, 0, 255]"
66.607532,Unknown Device,0,0,12,0,"[0, 48, 2, 0, 0, 0, 0, 255]"
66.607694,Unknown Device,0,0,12,0,"[0, 48, 2, 0, 0, 0, 0, 255]"
66.608013,Unknown Device,0,0,12,0,"[0, 48, 4, 0, 0, 0, 0, 255]"
66.60827,Unknown Device,0,0,12,0,"[0, 48, 2, 0, 0, 0, 0, 255]"
66.608308,Unknown Device,0,0,12,0,"[0, 48, 2, 0, 0, 0, 0, 255]"
66.608512,Unknown Device,0,0,12,0,"[0, 48, 2, 0, 0, 0, 0, 255]"
66.608718,Unknown Device,0,0,4,0,"[0, 76, 0, 0, 0, 0, 0, 126]"
66.608922,Unknown,Unknown,Unknown,Unknown,997,"[43, 50, 55, 57, 48, 48, 45, 70]"
66.609127,Unknown Device,0,0,12,0,"[0, 48, 2, 0, 0, 0, 0, 255]"
66.60952,Unknown Device,0,0,12,0,"[0, 48, 4, 0, 0, 0, 0, 255]"
66.609733,Unknown Device,0,0,12,0,"[0, 48, 4, 0, 0, 0, 0, 255]"
66.609947,Unknown Device,0,0,12,0,"[0, 48, 2, 0, 0, 0, 0, 255]"
66.610153,Unknown Device,0,0,12,0,"[0, 48, 2, 0, 0, 0, 0, 255]"
66.610431,Unknown Device,0,0,12,0,"[0, 48, 4, 0, 0, 0, 0, 255]"
66.610674,Unknown Device,0,0,12,0,"[0, 48, 4, 0, 0, 0, 0, 255]"
66.611099,Unknown Device,0,0,12,0,"[0, 48, 4, 0, 0, 0, 0, 255]"
66.611114,Unknown Device,0,0,12,0,"[0, 48, 2, 0, 0, 0, 0, 255]"
66.611307,Unknown Device,0,0,12,0,"[0, 48, 2, 0, 0, 0, 0, 255]"
66.61151,Unknown Device,0,0,12,0,"[0, 48, 2, 0, 0, 0, 0, 255]"
66.61173,Unknown Device,0,0,12,0,"[0, 48, 2, 0, 0, 0, 0, 255]"
66.611937,Unknown Device,0,0,12,0,"[0, 48, 2, 0, 0, 0, 0, 255]"
66.612409,Unknown Device,0,0,12,0,"[0, 48, 4, 0, 0, 0, 0, 255]"
66.612424,Unknown Device,0,0,12,0,"[0, 48, 2, 0, 0, 0, 0, 255]"
66.61255,Unknown Device,0,0,12,0,"[0, 48, 2, 0, 0, 0, 0, 255]"
66.61294,Unknown Device,0,0,12,0,"[0, 48, 4, 0, 0, 0, 0, 255]"
66.612977,Unknown Device,0,0,12,0,"[0, 48, 2, 0, 0, 0, 0, 255]"
66.613183,Unknown Device,0,0,12,0,"[0, 48, 2, 0, 0, 0, 0, 255]"
66.613432,Unknown Device,0,0,12,0,"[0, 48, 2, 0, 0, 0, 0, 255]"
66.613659,Unknown Device,0,0,4,0,"[0, 76, 0, 0, 0, 0, 0, 126]"
66.613857,Unknown,Unknown,Unknown,Unknown,997,"[44, 82, 67, 45, 48, 50, 49, 50]"
66.614054,Unknown Device,0,0,12,0,"[0, 48, 2, 0, 0, 0, 0, 255]"
66.614268,Unknown Device,0,0,12,0,"[0, 48, 2, 0, 0, 0, 0, 255]"
66.614472,Unknown Device,0,0,12,0,"[0, 48, 2, 0, 0, 0, 0, 255]"
66.614671,Unknown Device,0,0,12,0,"[0, 48, 2, 0, 0, 0, 0, 255]"
66.614877,Unknown Device,0,0,12,0,"[0, 48, 2, 0, 0, 0, 0, 255]"
66.615091,Unknown Device,0,0,12,0,"[0, 48, 2, 0, 0, 0, 0, 255]"
66.61588,Unknown Device,0,0,12,0,"[0, 48, 4, 0, 0, 0, 0, 255]"
66.615931,Unknown Device,0,0,12,0,"[0, 48, 2, 0, 0, 0, 0, 255]"
66.616334,Unknown Device,0,0,12,0,"[0, 48, 2, 0, 0, 0, 0, 255]"
66.61635,Unknown Device,0,0,12,0,"[0, 48, 2, 0, 0, 0, 0, 255]"
66.616708,Unknown Device,0,0,12,0,"[0, 48, 2, 0, 0, 0, 0, 255]"
66.616723,Unknown Device,0,0,12,0,"[0, 48, 2, 0, 0, 0, 0, 255]"
66.617373,Unknown Device,0,0,12,0,"[0, 48, 4, 0, 0, 0, 0, 255]"
66.617393,Unknown Device,0,0,12,0,"[0, 48, 2, 0, 0, 0, 0, 255]"
66.617408,Unknown Device,0,0,12,0,"[0, 48, 2, 0, 0, 0, 0, 255]"
66.617504,Unknown Device,0,0,12,0,"[0, 48, 2, 0, 0, 0, 0, 255]"
66.617747,Unknown Device,0,0,12,0,"[0, 48, 4, 0, 0, 0, 0, 255]"
66.618026,Unknown Device,0,0,12,0,"[0, 48, 4, 0, 0, 0, 0, 255]"
66.618232,Unknown Device,0,0,12,0,"[0, 48, 4, 0, 0, 0, 0, 255]"
66.618492,Unknown Device,0,0,12,0,"[0, 48, 2, 0, 0, 0, 0, 255]"
66.618734,Unknown,Unknown,Unknown,Unknown,997,"[45, 57, 0, 0, 0, 0, 0, 0]"
66.618971,Unknown Device,0,0,12,0,"[0, 48, 4, 0, 0, 0, 0, 255]"
66.619225,Unknown Device,0,0,12,0,"[0, 48, 2, 0, 0, 0, 0, 255]"
66.620253,Unknown Device,0,0,12,0,"[0, 48, 4, 0, 0, 0, 0, 255]"
66.620412,Unknown Device,0,0,12,0,"[0, 48, 4, 0, 0, 0, 0, 255]"
66.620491,Unknown Device,0,0,12,0,"[0, 48, 4, 0, 0, 0, 0, 255]"
66.621009,Unknown Device,0,0,12,0,"[0, 48, 4, 0, 0, 0, 0, 255]"
66.621024,Unknown Device,0,0,12,0,"[0, 48, 2, 0, 0, 0, 0, 255]"
66.621039,Unknown Device,0,0,12,0,"[0, 48, 2, 0, 0, 0, 0, 255]"
66.621166,Unknown Device,0,0,12,0,"[0, 48, 2, 0, 0, 0, 0, 255]"
66.621246,Unknown Device,0,0,12,0,"[0, 48, 2, 0, 0, 0, 0, 255]"
66.621484,Unknown Device,0,0,12,0,"[0, 48, 2, 0, 0, 0, 0, 255]"
66.621752,Unknown Device,0,0,12,0,"[0, 48, 2, 0, 0, 0, 0, 255]"
66.621963,Unknown Device,0,0,12,0,"[0, 48, 2, 0, 0, 0, 0, 255]"
66.622394,Unknown Device,0,0,12,0,"[0, 48, 4, 0, 0, 0, 0, 255]"
66.622431,Unknown Device,0,0,12,0,"[0, 48, 2, 0, 0, 0, 0, 255]"
66.622671,Unknown Device,0,0,12,0,"[0, 48, 2, 0, 0, 0, 0, 255]"
66.622896,Unknown Device,0,0,12,0,"[0, 48, 4, 0, 0, 0, 0, 255]"
66.623092,Unknown Device,0,0,12,0,"[0, 48, 2, 0, 0, 0, 0, 255]"
66.623296,Unknown Device,0,0,12,0,"[0, 48, 4, 0, 0, 0, 0, 255]"
66.623525,Unknown Device,0,0,12,0,"[0, 48, 2, 0, 0, 0, 0, 255]"
66.623786,Unknown,Unknown,Unknown,Unknown,997,"[46, 0, 170, 170, 170, 170, 170, 170]"
66.624038,Unknown Device,0,0,12,0,"[0, 48, 2, 0, 0, 0, 0, 255]"
66.624256,Unknown Device,0,0,12,0,"[0, 48, 2, 0, 0, 0, 0, 255]"
66.624479,Unknown Device,0,0,12,0,"[0, 48, 2, 0, 0, 0, 0, 255]"
66.624675,Unknown Device,0,0,12,0,"[0, 48, 2, 0, 0, 0, 0, 255]"
66.624901,Unknown Device,0,0,12,0,"[0, 48, 2, 0, 0, 0, 0, 255]"
66.625104,Unknown Device,0,0,12,0,"[0, 48, 2, 0, 0, 0, 0, 255]"
66.625634,Unknown Device,0,0,12,0,"[0, 48, 4, 0, 0, 0, 0, 255]"
66.625986,Unknown Device,0,0,4,0,"[0, 76, 0, 0, 0, 0, 0, 126]"
66.626003,Unknown,Unknown,Unknown,Unknown,997,"[16, 34, 5, 15, 235, 114, 253, 123]"
66.626058,Unknown Device,0,0,4,0,"[0, 48, 0, 0, 0, 0, 0, 255]"
66.626145,Unknown Device,0,0,12,0,"[0, 48, 2, 0, 0, 0, 0, 255]"
66.626433,Unknown Device,0,0,12,0,"[0, 48, 2, 0, 0, 0, 0, 255]"
66.626629,Unknown Device,0,0,12,0,"[0, 48, 2, 0, 0, 0, 0, 255]"
66.626818,Unknown Device,0,0,12,0,"[0, 48, 2, 0, 0, 0, 0, 255]"
66.627336,Unknown Device,0,0,12,0,"[0, 48, 4, 0, 0, 0, 0, 255]"
66.627365,Unknown Device,0,0,12,0,"[0, 48, 2, 0, 0, 0, 0, 255]"
66.627442,Unknown Device,0,0,12,0,"[0, 48, 2, 0, 0, 0, 0, 255]"
66.627631,Unknown Device,0,0,12,0,"[0, 48, 2, 0, 0, 0, 0, 255]"
66.628051,Unknown Device,0,0,12,0,"[0, 48, 2, 0, 0, 0, 0, 255]"
66.628108,Unknown Device,0,0,12,0,"[0, 48, 2, 0, 0, 0, 0, 255]"
66.628232,Unknown Device,0,0,12,0,"[0, 48, 2, 0, 0, 0, 0, 255]"
66.628433,Unknown Device,0,0,12,0,"[0, 48, 2, 0, 0, 0, 0, 255]"
66.628651,Unknown Device,0,0,12,0,"[0, 48, 2, 0, 0, 0, 0, 255]"
66.62891,Unknown Device,0,0,12,0,"[0, 48, 2, 0, 0, 0, 0, 255]"
66.629034,Unknown Device,0,0,12,0,"[0, 48, 2, 0, 0, 0, 0, 255]"
66.629536,Unknown Device,0,0,12,0,"[0, 48, 2, 0, 0, 0, 0, 255]"
66.629551,Unknown Device,0,0,12,0,"[0, 48, 2, 0, 0, 0, 0, 255]"
66.629842,Unknown Device,0,0,12,0,"[0, 48, 4, 0, 0, 0, 0, 255]"
66.631002,Unknown Device,0,0,12,0,"[0, 48, 2, 0, 0, 0, 0, 255]"
66.631017,Unknown Device,0,0,12,0,"[0, 48, 2, 0, 0, 0, 0, 255]"
66.631033,Unknown Device,0,0,12,0,"[0, 48, 2, 0, 0, 0, 0, 255]"
66.631048,Unknown Device,0,0,12,0,"[0, 48, 2, 0, 0, 0, 0, 255]"
66.631127,Unknown Device,0,0,12,0,"[0, 48, 2, 0, 0, 0, 0, 255]"
66.631156,Unknown Device,0,0,12,0,"[0, 48, 2, 0, 0, 0, 0, 255]"
66.631185,Unknown Device,0,0,12,0,"[0, 48, 2, 0, 0, 0, 0, 255]"
66.631429,Unknown Device,0,0,12,0,"[0, 48, 2, 0, 0, 0, 0, 255]"
66.631633,Unknown Device,0,0,12,0,"[0, 48, 2, 0, 0, 0, 0, 255]"
66.631836,Unknown Device,0,0,12,0,"[0, 48, 2, 0, 0, 0, 0, 255]"
66.632429,Unknown Device,0,0,12,0,"[0, 48, 4, 0, 0, 0, 0, 255]"
66.632466,Unknown Device,0,0,12,0,"[0, 48, 2, 0, 0, 0, 0, 255]"
66.63262,Unknown Device,0,0,4,0,"[0, 76, 0, 0, 0, 0, 0, 126]"
66.632659,Unknown,Unknown,Unknown,Unknown,997,"[33, 146, 6, 163, 167, 0, 0, 0]"
66.632839,Unknown Device,0,0,12,0,"[0, 48, 2, 0, 0, 0, 0, 255]"
66.633217,Unknown Device,0,0,12,0,"[0, 48, 4, 0, 0, 0, 0, 255]"
66.633291,Unknown Device,0,0,12,0,"[0, 48, 2, 0, 0, 0, 0, 255]"
66.633476,Unknown Device,0,0,12,0,"[0, 48, 2, 0, 0, 0, 0, 255]"
66.633702,Unknown Device,0,0,12,0,"[0, 48, 2, 0, 0, 0, 0, 255]"
66.633961,Unknown Device,0,0,12,0,"[0, 48, 2, 0, 0, 0, 0, 255]"
66.634107,Unknown Device,0,0,12,0,"[0, 48, 2, 0, 0, 0, 0, 255]"
66.634385,Unknown Device,0,0,12,0,"[0, 48, 4, 0, 0, 0, 0, 255]"
66.634509,Unknown Device,0,0,12,0,"[0, 48, 2, 0, 0, 0, 0, 255]"
66.634749,Unknown Device,0,0,12,0,"[0, 48, 2, 0, 0, 0, 0, 255]"
66.634981,Unknown Device,0,0,12,0,"[0, 48, 2, 0, 0, 0, 0, 255]"
66.635953,Unknown Device,0,0,12,0,"[0, 48, 4, 0, 0, 0, 0, 255]"
66.635968,Unknown Device,0,0,12,0,"[0, 48, 2, 0, 0, 0, 0, 255]"
66.635983,Unknown Device,0,0,12,0,"[0, 48, 2, 0, 0, 0, 0, 255]"
66.635999,Unknown Device,0,0,12,0,"[0, 48, 2, 0, 0, 0, 0, 255]"
66.636361,Unknown Device,0,0,12,0,"[0, 48, 4, 0, 0, 0, 0, 255]"
66.636408,Unknown Device,0,0,12,0,"[0, 48, 2, 0, 0, 0, 0, 255]"
66.636597,Unknown Device,0,0,12,0,"[0, 48, 4, 0, 0, 0, 0, 255]"
66.636793,Unknown Device,0,0,12,0,"[0, 48, 2, 0, 0, 0, 0, 255]"
66.637326,Unknown Device,0,0,12,0,"[0, 48, 4, 0, 0, 0, 0, 255]"
66.637355,Unknown Device,0,0,12,0,"[0, 48, 2, 0, 0, 0, 0, 255]"
66.637433,Unknown Device,0,0,12,0,"[0, 48, 2, 0, 0, 0, 0, 255]"
66.637651,Unknown Device,0,0,12,0,"[0, 48, 2, 0, 0, 0, 0, 255]"
66.638035,Unknown Device,0,0,12,0,"[0, 48, 4, 0, 0, 0, 0, 255]"
66.638253,Unknown Device,0,0,12,0,"[0, 48, 2, 0, 0, 0, 0, 255]"
66.63832,Unknown Device,0,0,12,0,"[0, 48, 2, 0, 0, 0, 0, 255]"
66.638513,Unknown Device,0,0,12,0,"[0, 48, 2, 0, 0, 0, 0, 255]"
66.638731,Unknown Device,0,0,12,0,"[0, 48, 2, 0, 0, 0, 0, 255]"
66.638993,Unknown Device,0,0,12,0,"[0, 48, 4, 0, 0, 0, 0, 255]"
66.639196,Unknown Device,0,0,12,0,"[0, 48, 2, 0, 0, 0, 0, 255]"
66.639572,Unknown Device,0,0,12,0,"[0, 48, 4, 0, 0, 0, 0, 255]"
66.639689,Unknown Device,0,0,12,0,"[0, 48, 2, 0, 0, 0, 0, 255]"
66.639892,Unknown Device,0,0,12,0,"[0, 48, 2, 0, 0, 0, 0, 255]"
66.640153,Unknown Device,0,0,12,0,"[0, 48, 4, 0, 0, 0, 0, 255]"
66.640976,Unknown Device,0,0,12,0,"[0, 48, 4, 0, 0, 0, 0, 255]"
66.640991,Unknown Device,0,0,12,0,"[0, 48, 2, 0, 0, 0, 0, 255]"
66.641007,Unknown Device,0,0,12,0,"[0, 48, 2, 0, 0, 0, 0, 255]"
66.641036,Unknown Device,0,0,12,0,"[0, 48, 2, 0, 0, 0, 0, 255]"
66.641152,Unknown Device,0,0,12,0,"[0, 48, 2, 0, 0, 0, 0, 255]"
66.641416,Unknown Device,0,0,12,0,"[0, 48, 4, 0, 0, 0, 0, 255]"
66.641561,Unknown Device,0,0,12,0,"[0, 48, 2, 0, 0, 0, 0, 255]"
66.64175,Unknown Device,0,0,12,0,"[0, 48, 2, 0, 0, 0, 0, 255]"
66.642156,Unknown Device,0,0,12,0,"[0, 48, 4, 0, 0, 0, 0, 255]"
66.642255,Unknown Device,0,0,12,0,"[0, 48, 4, 0, 0, 0, 0, 255]"
66.64235,Unknown Device,0,0,12,0,"[0, 48, 4, 0, 0, 0, 0, 255]"
66.642565,Unknown Device,0,0,12,0,"[0, 48, 2, 0, 0, 0, 0, 255]"
66.642783,Unknown Device,0,0,12,0,"[0, 48, 2, 0, 0, 0, 0, 255]"
66.642979,Unknown Device,0,0,12,0,"[0, 48, 2, 0, 0, 0, 0, 255]"
66.643197,Unknown Device,0,0,12,0,"[0, 48, 2, 0, 0, 0, 0, 255]"
66.643434,Unknown Device,0,0,12,0,"[0, 48, 2, 0, 0, 0, 0, 255]"
66.643911,Unknown Device,0,0,12,0,"[0, 48, 4, 0, 0, 0, 0, 255]"
66.643926,Unknown Device,0,0,12,0,"[0, 48, 2, 0, 0, 0, 0, 255]"
66.644079,Unknown Device,0,0,12,0,"[0, 48, 2, 0, 0, 0, 0, 255]"
66.644374,Unknown Device,0,0,12,0,"[0, 48, 4, 0, 0, 0, 0, 255]"
66.644509,Unknown Device,0,0,12,0,"[0, 48, 2, 0, 0, 0, 0, 255]"
66.644698,Unknown Device,0,0,12,0,"[0, 48, 2, 0, 0, 0, 0, 255]"
66.644887,Unknown Device,0,0,12,0,"[0, 48, 2, 0, 0, 0, 0, 255]"
66.645098,Unknown Device,0,0,12,0,"[0, 48, 2, 0, 0, 0, 0, 255]"
66.645865,Unknown Device,0,0,12,0,"[0, 48, 2, 0, 0, 0, 0, 255]"
66.64588,Unknown Device,0,0,12,0,"[0, 48, 2, 0, 0, 0, 0, 255]"
66.645895,Unknown Device,0,0,12,0,"[0, 48, 2, 0, 0, 0, 0, 255]"
66.646339,Unknown Device,0,0,12,0,"[0, 48, 4, 0, 0, 0, 0, 255]"
66.646368,Unknown Device,0,0,12,0,"[0, 48, 2, 0, 0, 0, 0, 255]"
66.646632,Unknown Device,0,0,12,0,"[0, 48, 4, 0, 0, 0, 0, 255]"
66.646675,Unknown Device,0,0,12,0,"[0, 48, 2, 0, 0, 0, 0, 255]"
66.647343,Unknown Device,0,0,12,0,"[0, 48, 4, 0, 0, 0, 0, 255]"
66.647372,Unknown Device,0,0,12,0,"[0, 48, 2, 0, 0, 0, 0, 255]"
66.647581,Unknown Device,0,0,4,0,"[0, 76, 0, 0, 0, 0, 0, 126]"
66.647597,Unknown,Unknown,Unknown,Unknown,997,"[36, 34, 204, 112, 24, 10, 194, 18]"
66.647719,Unknown Device,0,0,12,0,"[0, 48, 4, 0, 0, 0, 0, 255]"
66.647776,Unknown Device,0,0,12,0,"[0, 48, 4, 0, 0, 0, 0, 255]"
66.647916,Unknown Device,0,0,12,0,"[0, 48, 2, 0, 0, 0, 0, 255]"
66.648167,Unknown Device,0,0,12,0,"[0, 48, 2, 0, 0, 0, 0, 255]"
66.64843,Unknown Device,0,0,12,0,"[0, 48, 2, 0, 0, 0, 0, 255]"
66.648673,Unknown Device,0,0,12,0,"[0, 48, 2, 0, 0, 0, 0, 255]"
66.648887,Unknown Device,0,0,12,0,"[0, 48, 4, 0, 0, 0, 0, 255]"
66.649101,Unknown Device,0,0,12,0,"[0, 48, 2, 0, 0, 0, 0, 255]"
66.649559,Unknown Device,0,0,12,0,"[0, 48, 4, 0, 0, 0, 0, 255]"
66.649574,Unknown Device,0,0,12,0,"[0, 48, 2, 0, 0, 0, 0, 255]"
66.649722,Unknown Device,0,0,12,0,"[0, 48, 4, 0, 0, 0, 0, 255]"
66.649935,Unknown Device,0,0,12,0,"[0, 48, 2, 0, 0, 0, 0, 255]"
66.650156,Unknown Device,0,0,12,0,"[0, 48, 2, 0, 0, 0, 0, 255]"
66.650356,Unknown Device,0,0,4,0,"[0, 76, 0, 0, 0, 0, 0, 126]"
66.650565,Unknown,Unknown,Unknown,Unknown,997,"[6, 126, 2, 4, 252, 72, 19, 170]"
66.650912,Unknown Device,0,0,4,0,"[0, 48, 0, 0, 0, 0, 0, 255]"
66.650998,Unknown Device,0,0,12,0,"[0, 48, 2, 0, 0, 0, 0, 255]"
66.651175,Unknown Device,0,0,12,0,"[0, 48, 2, 0, 0, 0, 0, 255]"
66.651459,Unknown Device,0,0,12,0,"[0, 48, 2, 0, 0, 0, 0, 255]"
66.651643,Unknown Device,0,0,12,0,"[0, 48, 2, 0, 0, 0, 0, 255]"
66.651842,Unknown Device,0,0,12,0,"[0, 48, 2, 0, 0, 0, 0, 255]"
66.652161,Unknown Device,0,0,12,0,"[0, 48, 4, 0, 0, 0, 0, 255]"
66.65225,Unknown Device,0,0,12,0,"[0, 48, 4, 0, 0, 0, 0, 255]"
66.652454,Unknown Device,0,0,12,0,"[0, 48, 2, 0, 0, 0, 0, 255]"
66.65266,Unknown Device,0,0,12,0,"[0, 48, 2, 0, 0, 0, 0, 255]"
66.652881,Unknown Device,0,0,12,0,"[0, 48, 2, 0, 0, 0, 0, 255]"
66.653242,Unknown Device,0,0,12,0,"[0, 48, 4, 0, 0, 0, 0, 255]"
66.653287,Unknown Device,0,0,12,0,"[0, 48, 2, 0, 0, 0, 0, 255]"
66.653491,Unknown Device,0,0,12,0,"[0, 48, 2, 0, 0, 0, 0, 255]"
66.653746,Unknown Device,0,0,12,0,"[0, 48, 4, 0, 0, 0, 0, 255]"
66.653893,Unknown Device,0,0,12,0,"[0, 48, 2, 0, 0, 0, 0, 255]"
66.654093,Unknown Device,0,0,12,0,"[0, 48, 2, 0, 0, 0, 0, 255]"
66.65443,Unknown Device,0,0,12,0,"[0, 48, 4, 0, 0, 0, 0, 255]"
66.654497,Unknown Device,0,0,12,0,"[0, 48, 2, 0, 0, 0, 0, 255]"
66.654703,Unknown Device,0,0,12,0,"[0, 48, 2, 0, 0, 0, 0, 255]"
66.654902,Unknown Device,0,0,12,0,"[0, 48, 2, 0, 0, 0, 0, 255]"
66.655102,Unknown Device,0,0,12,0,"[0, 48, 2, 0, 0, 0, 0, 255]"
66.655941,Unknown Device,0,0,12,0,"[0, 48, 2, 0, 0, 0, 0, 255]"
66.655956,Unknown Device,0,0,12,0,"[0, 48, 2, 0, 0, 0, 0, 255]"
66.656041,Unknown Device,0,0,12,0,"[0, 48, 4, 0, 0, 0, 0, 255]"
66.656429,Unknown Device,0,0,4,0,"[0, 76, 0, 0, 0, 0, 0, 126]"
66.656446,Unknown,Unknown,Unknown,Unknown,997,"[16, 98, 240, 26, 1, 0, 5, 251]"
66.656488,Unknown Device,0,0,12,0,"[0, 12, 4, 0, 0, 0, 0, 127]"
66.656553,Unknown Device,0,0,4,0,"[0, 48, 0, 0, 0, 0, 0, 255]"
66.656722,Unknown Device,0,0,12,0,"[0, 48, 2, 0, 0, 0, 0, 255]"
66.656928,Unknown Device,0,0,12,0,"[0, 48, 2, 0, 0, 0, 0, 255]"
66.657435,Unknown Device,0,0,12,0,"[0, 48, 4, 0, 0, 0, 0, 255]"
66.65745,Unknown Device,0,0,12,0,"[0, 48, 2, 0, 0, 0, 0, 255]"
66.657532,Unknown Device,0,0,12,0,"[0, 48, 2, 0, 0, 0, 0, 255]"
66.657731,Unknown Device,0,0,12,0,"[0, 48, 2, 0, 0, 0, 0, 255]"
66.657937,Unknown Device,0,0,12,0,"[0, 48, 2, 0, 0, 0, 0, 255]"
66.658214,Unknown Device,0,0,12,0,"[0, 48, 4, 0, 0, 0, 0, 255]"
66.65834,Unknown Device,0,0,12,0,"[0, 48, 2, 0, 0, 0, 0, 255]"
66.658551,Unknown Device,0,0,12,0,"[0, 48, 2, 0, 0, 0, 0, 255]"
66.658997,Unknown Device,0,0,12,0,"[0, 48, 2, 0, 0, 0, 0, 255]"
66.659623,Unknown Device,0,0,12,0,"[0, 48, 4, 0, 0, 0, 0, 255]"
66.659638,Unknown Device,0,0,12,0,"[0, 48, 2, 0, 0, 0, 0, 255]"
66.65983,Unknown Device,0,0,12,0,"[0, 48, 4, 0, 0, 0, 0, 255]"
66.659881,Unknown Device,0,0,12,0,"[0, 48, 2, 0, 0, 0, 0, 255]"
66.660101,Unknown Device,0,0,12,0,"[0, 48, 4, 0, 0, 0, 0, 255]"
66.660939,Unknown Device,0,0,12,0,"[0, 48, 4, 0, 0, 0, 0, 255]"
66.660954,Unknown Device,0,0,12,0,"[0, 48, 2, 0, 0, 0, 0, 255]"
66.660969,Unknown Device,0,0,12,0,"[0, 48, 2, 0, 0, 0, 0, 255]"
66.661091,Unknown Device,0,0,12,0,"[0, 48, 4, 0, 0, 0, 0, 255]"
66.66112,Unknown Device,0,0,12,0,"[0, 48, 2, 0, 0, 0, 0, 255]"
66.661136,Unknown Device,0,0,12,0,"[0, 48, 2, 0, 0, 0, 0, 255]"
66.661429,Unknown Device,0,0,12,0,"[0, 48, 2, 0, 0, 0, 0, 255]"
66.661481,Unknown Device,0,0,12,0,"[0, 48, 2, 0, 0, 0, 0, 255]"
66.66168,Unknown Device,0,0,12,0,"[0, 48, 2, 0, 0, 0, 0, 255]"
66.662055,Unknown Device,0,0,12,0,"[0, 48, 4, 0, 0, 0, 0, 255]"
66.662297,Unknown Device,0,0,12,0,"[0, 48, 4, 0, 0, 0, 0, 255]"
66.662369,Unknown Device,0,0,12,0,"[0, 48, 4, 0, 0, 0, 0, 255]"
66.662498,Unknown Device,0,0,12,0,"[0, 48, 2, 0, 0, 0, 0, 255]"
66.662727,Unknown Device,0,0,12,0,"[0, 48, 2, 0, 0, 0, 0, 255]"
66.663243,Unknown Device,0,0,12,0,"[0, 48, 2, 0, 0, 0, 0, 255]"
66.663398,Unknown Device,0,0,12,0,"[0, 48, 2, 0, 0, 0, 0, 255]"
66.663413,Unknown Device,0,0,12,0,"[0, 48, 2, 0, 0, 0, 0, 255]"
66.663928,Unknown Device,0,0,12,0,"[0, 48, 2, 0, 0, 0, 0, 255]"
66.664063,Unknown Device,0,0,12,0,"[0, 48, 2, 0, 0, 0, 0, 255]"
66.664386,Unknown Device,0,0,12,0,"[0, 48, 4, 0, 0, 0, 0, 255]"
66.66443,Unknown Device,0,0,12,0,"[0, 48, 2, 0, 0, 0, 0, 255]"
66.664584,Unknown Device,0,0,12,0,"[0, 48, 4, 0, 0, 0, 0, 255]"
66.66479,Unknown Device,0,0,12,0,"[0, 48, 2, 0, 0, 0, 0, 255]"
66.665063,Unknown Device,0,0,12,0,"[0, 48, 2, 0, 0, 0, 0, 255]"
66.665946,Unknown Device,0,0,12,0,"[0, 48, 4, 0, 0, 0, 0, 255]"
66.665989,Unknown Device,0,0,12,0,"[0, 48, 2, 0, 0, 0, 0, 255]"
66.666404,Unknown Device,0,0,12,0,"[0, 48, 2, 0, 0, 0, 0, 255]"
66.666433,Unknown Device,0,0,12,0,"[0, 48, 2, 0, 0, 0, 0, 255]"
66.666695,Unknown Device,0,0,12,0,"[0, 48, 2, 0, 0, 0, 0, 255]"
66.666747,Unknown Device,0,0,12,0,"[0, 48, 2, 0, 0, 0, 0, 255]"
66.667287,Unknown,Unknown,Unknown,Unknown,997,"[33, 0, 0, 2, 1, 0, 17, 0]"
66.667301,Unknown Device,0,0,4,0,"[0, 76, 0, 0, 0, 0, 0, 126]"
66.667441,Unknown Device,0,0,4,0,"[0, 48, 0, 0, 0, 0, 0, 255]"
66.667511,Unknown Device,0,0,12,0,"[0, 48, 2, 0, 0, 0, 0, 255]"
66.667526,Unknown Device,0,0,12,0,"[0, 48, 2, 0, 0, 0, 0, 255]"
66.667667,Unknown Device,0,0,12,0,"[0, 48, 2, 0, 0, 0, 0, 255]"
66.667957,Unknown Device,0,0,12,0,"[0, 48, 4, 0, 0, 0, 0, 255]"
66.668068,Unknown Device,0,0,12,0,"[0, 48, 2, 0, 0, 0, 0, 255]"
66.668276,Unknown Device,0,0,12,0,"[0, 48, 2, 0, 0, 0, 0, 255]"
66.668479,Unknown Device,0,0,12,0,"[0, 48, 2, 0, 0, 0, 0, 255]"
66.668967,Unknown Device,0,0,12,0,"[0, 48, 2, 0, 0, 0, 0, 255]"
66.668982,Unknown Device,0,0,12,0,"[0, 48, 2, 0, 0, 0, 0, 255]"
66.66912,Unknown Device,0,0,12,0,"[0, 48, 4, 0, 0, 0, 0, 255]"
66.669618,Unknown Device,0,0,12,0,"[0, 48, 4, 0, 0, 0, 0, 255]"
66.669633,Unknown Device,0,0,12,0,"[0, 48, 2, 0, 0, 0, 0, 255]"
66.669693,Unknown Device,0,0,12,0,"[0, 48, 2, 0, 0, 0, 0, 255]"
66.669892,Unknown Device,0,0,12,0,"[0, 48, 2, 0, 0, 0, 0, 255]"
66.670098,Unknown Device,0,0,12,0,"[0, 48, 4, 0, 0, 0, 0, 255]"
66.670972,Unknown Device,0,0,12,0,"[0, 48, 4, 0, 0, 0, 0, 255]"
66.670987,Unknown Device,0,0,12,0,"[0, 48, 2, 0, 0, 0, 0, 255]"
66.671059,Unknown Device,0,0,12,0,"[0, 48, 2, 0, 0, 0, 0, 255]"
66.671074,Unknown Device,0,0,12,0,"[0, 48, 2, 0, 0, 0, 0, 255]"
66.671111,Unknown Device,0,0,12,0,"[0, 48, 2, 0, 0, 0, 0, 255]"
66.671347,Unknown Device,0,0,12,0,"[0, 48, 4, 0, 0, 0, 0, 255]"
66.67152,Unknown Device,0,0,12,0,"[0, 48, 2, 0, 0, 0, 0, 255]"
66.671734,Unknown Device,0,0,12,0,"[0, 48, 4, 0, 0, 0, 0, 255]"
66.671933,Unknown Device,0,0,12,0,"[0, 48, 2, 0, 0, 0, 0, 255]"
66.67234,Unknown,Unknown,Unknown,Unknown,997,"[34, 1, 10, 227, 7, 2, 2, 18]"
66.672353,Unknown Device,0,0,4,0,"[0, 76, 0, 0, 0, 0, 0, 126]"
66.672533,Unknown Device,0,0,12,0,"[0, 48, 2, 0, 0, 0, 0, 255]"
66.67274,Unknown Device,0,0,12,0,"[0, 48, 2, 0, 0, 0, 0, 255]"
66.672939,Unknown Device,0,0,12,0,"[0, 48, 2, 0, 0, 0, 0, 255]"
66.673138,Unknown Device,0,0,12,0,"[0, 48, 2, 0, 0, 0, 0, 255]"
66.673345,Unknown Device,0,0,12,0,"[0, 48, 4, 0, 0, 0, 0, 255]"
66.67357,Unknown Device,0,0,12,0,"[0, 48, 2, 0, 0, 0, 0, 255]"
66.673799,Unknown Device,0,0,12,0,"[0, 48, 4, 0, 0, 0, 0, 255]"
66.674005,Unknown Device,0,0,12,0,"[0, 48, 2, 0, 0, 0, 0, 255]"
66.674227,Unknown Device,0,0,12,0,"[0, 48, 2, 0, 0, 0, 0, 255]"
66.674466,Unknown Device,0,0,12,0,"[0, 48, 4, 0, 0, 0, 0, 255]"
66.67465,Unknown Device,0,0,12,0,"[0, 48, 2, 0, 0, 0, 0, 255]"
66.674864,Unknown Device,0,0,12,0,"[0, 48, 4, 0, 0, 0, 0, 255]"
66.675092,Unknown Device,0,0,12,0,"[0, 48, 2, 0, 0, 0, 0, 255]"
66.675863,Unknown Device,0,0,12,0,"[0, 48, 4, 0, 0, 0, 0, 255]"
66.675878,Unknown Device,0,0,12,0,"[0, 48, 2, 0, 0, 0, 0, 255]"
66.675893,Unknown Device,0,0,12,0,"[0, 48, 2, 0, 0, 0, 0, 255]"
66.676331,Unknown Device,0,0,12,0,"[0, 48, 4, 0, 0, 0, 0, 255]"
66.67636,Unknown Device,0,0,12,0,"[0, 48, 2, 0, 0, 0, 0, 255]"
66.676468,Unknown Device,0,0,12,0,"[0, 48, 2, 0, 0, 0, 0, 255]"
66.676689,Unknown Device,0,0,12,0,"[0, 48, 4, 0, 0, 0, 0, 255]"
66.67691,Unknown Device,0,0,12,0,"[0, 48, 2, 0, 0, 0, 0, 255]"
66.677346,Unknown,Unknown,Unknown,Unknown,997,"[35, 4, 0, 0, 0, 128, 0, 224]"
66.677359,Unknown Device,0,0,4,0,"[0, 76, 0, 0, 0, 0, 0, 126]"
66.677573,Unknown Device,0,0,12,0,"[0, 48, 2, 0, 0, 0, 0, 255]"
66.677791,Unknown Device,0,0,12,0,"[0, 48, 2, 0, 0, 0, 0, 255]"
66.678022,Unknown Device,0,0,12,0,"[0, 48, 4, 0, 0, 0, 0, 255]"
66.678204,Unknown Device,0,0,12,0,"[0, 48, 2, 0, 0, 0, 0, 255]"
66.678434,Unknown Device,0,0,12,0,"[0, 48, 4, 0, 0, 0, 0, 255]"
66.678644,Unknown Device,0,0,12,0,"[0, 48, 2, 0, 0, 0, 0, 255]"
66.678952,Unknown Device,0,0,12,0,"[0, 48, 4, 0, 0, 0, 0, 255]"
66.679062,Unknown Device,0,0,12,0,"[0, 48, 2, 0, 0, 0, 0, 255]"
66.679388,Unknown Device,0,0,12,0,"[0, 48, 4, 0, 0, 0, 0, 255]"
66.67951,Unknown Device,0,0,12,0,"[0, 48, 2, 0, 0, 0, 0, 255]"
66.679678,Unknown Device,0,0,12,0,"[0, 48, 2, 0, 0, 0, 0, 255]"
66.679881,Unknown Device,0,0,12,0,"[0, 48, 2, 0, 0, 0, 0, 255]"
66.680084,Unknown Device,0,0,12,0,"[0, 48, 2, 0, 0, 0, 0, 255]"
66.680289,Unknown Device,0,0,12,0,"[0, 48, 4, 0, 0, 0, 0, 255]"
66.680964,Unknown Device,0,0,12,0,"[0, 48, 4, 0, 0, 0, 0, 255]"
66.680979,Unknown Device,0,0,12,0,"[0, 48, 2, 0, 0, 0, 0, 255]"
66.680995,Unknown Device,0,0,12,0,"[0, 48, 2, 0, 0, 0, 0, 255]"
66.681119,Unknown Device,0,0,12,0,"[0, 48, 2, 0, 0, 0, 0, 255]"
66.681417,Unknown Device,0,0,12,0,"[0, 48, 4, 0, 0, 0, 0, 255]"
66.681519,Unknown Device,0,0,12,0,"[0, 48, 2, 0, 0, 0, 0, 255]"
66.68175,Unknown Device,0,0,12,0,"[0, 48, 2, 0, 0, 0, 0, 255]"
66.681925,Unknown Device,0,0,12,0,"[0, 48, 2, 0, 0, 0, 0, 255]"
66.682363,Unknown,Unknown,Unknown,Unknown,997,"[36, 117, 9, 182, 7, 14, 0, 84]"
66.682376,Unknown Device,0,0,4,0,"[0, 76, 0, 0, 0, 0, 0, 126]"
66.682547,Unknown Device,0,0,12,0,"[0, 48, 2, 0, 0, 0, 0, 255]"
66.68275,Unknown Device,0,0,12,0,"[0, 48, 2, 0, 0, 0, 0, 255]"
66.683289,Unknown Device,0,0,12,0,"[0, 48, 2, 0, 0, 0, 0, 255]"
66.683304,Unknown Device,0,0,12,0,"[0, 48, 2, 0, 0, 0, 0, 255]"
66.683356,Unknown Device,0,0,12,0,"[0, 48, 2, 0, 0, 0, 0, 255]"
66.683878,Unknown Device,0,0,12,0,"[0, 48, 4, 0, 0, 0, 0, 255]"
66.683957,Unknown Device,0,0,12,0,"[0, 48, 2, 0, 0, 0, 0, 255]"
66.683972,Unknown Device,0,0,12,0,"[0, 48, 2, 0, 0, 0, 0, 255]"
66.684161,Unknown Device,0,0,12,0,"[0, 48, 2, 0, 0, 0, 0, 255]"
66.684434,Unknown Device,0,0,12,0,"[0, 48, 2, 0, 0, 0, 0, 255]"
66.684708,Unknown Device,0,0,12,0,"[0, 48, 2, 0, 0, 0, 0, 255]"
66.684868,Unknown Device,0,0,12,0,"[0, 48, 2, 0, 0, 0, 0, 255]"
66.685072,Unknown Device,0,0,12,0,"[0, 48, 2, 0, 0, 0, 0, 255]"
66.685903,Unknown Device,0,0,12,0,"[0, 48, 2, 0, 0, 0, 0, 255]"
66.685918,Unknown Device,0,0,12,0,"[0, 48, 2, 0, 0, 0, 0, 255]"
66.6864,Unknown Device,0,0,12,0,"[0, 48, 4, 0, 0, 0, 0, 255]"
66.686429,Unknown Device,0,0,12,0,"[0, 48, 2, 0, 0, 0, 0, 255]"
66.686444,Unknown Device,0,0,12,0,"[0, 48, 2, 0, 0, 0, 0, 255]"
66.686684,Unknown Device,0,0,12,0,"[0, 48, 2, 0, 0, 0, 0, 255]"
66.687323,Unknown Device,0,0,4,0,"[0, 76, 0, 0, 0, 0, 0, 126]"
66.68734,Unknown,Unknown,Unknown,Unknown,997,"[37, 97, 108, 111, 110, 32, 70, 88]"
66.687414,Unknown Device,0,0,4,0,"[0, 48, 0, 0, 0, 0, 0, 255]"
66.687483,Unknown Device,0,0,12,0,"[0, 48, 2, 0, 0, 0, 0, 255]"
66.68752,Unknown Device,0,0,12,0,"[0, 48, 2, 0, 0, 0, 0, 255]"
66.687536,Unknown Device,0,0,12,0,"[0, 48, 2, 0, 0, 0, 0, 255]"
66.687717,Unknown Device,0,0,12,0,"[0, 48, 2, 0, 0, 0, 0, 255]"
66.687921,Unknown Device,0,0,12,0,"[0, 48, 2, 0, 0, 0, 0, 255]"
66.688292,Unknown Device,0,0,12,0,"[0, 48, 4, 0, 0, 0, 0, 255]"
66.688329,Unknown Device,0,0,12,0,"[0, 48, 2, 0, 0, 0, 0, 255]"
66.688537,Unknown Device,0,0,12,0,"[0, 48, 2, 0, 0, 0, 0, 255]"
66.688964,Unknown Device,0,0,12,0,"[0, 48, 4, 0, 0, 0, 0, 255]"
66.688979,Unknown Device,0,0,12,0,"[0, 48, 2, 0, 0, 0, 0, 255]"
66.689585,Unknown Device,0,0,12,0,"[0, 48, 4, 0, 0, 0, 0, 255]"
66.6896,Unknown Device,0,0,12,0,"[0, 48, 2, 0, 0, 0, 0, 255]"
66.689901,Unknown Device,0,0,12,0,"[0, 48, 4, 0, 0, 0, 0, 255]"
66.690872,Unknown Device,0,0,12,0,"[0, 48, 4, 0, 0, 0, 0, 255]"
66.690915,Unknown Device,0,0,12,0,"[0, 48, 2, 0, 0, 0, 0, 255]"
66.691092,Unknown Device,0,0,12,0,"[0, 48, 4, 0, 0, 0, 0, 255]"
66.691107,Unknown Device,0,0,12,0,"[0, 48, 2, 0, 0, 0, 0, 255]"
66.691122,Unknown Device,0,0,12,0,"[0, 48, 2, 0, 0, 0, 0, 255]"
66.691137,Unknown Device,0,0,12,0,"[0, 48, 2, 0, 0, 0, 0, 255]"
66.691355,Unknown Device,0,0,12,0,"[0, 48, 4, 0, 0, 0, 0, 255]"
66.691584,Unknown Device,0,0,12,0,"[0, 48, 2, 0, 0, 0, 0, 255]"
66.691824,Unknown Device,0,0,12,0,"[0, 48, 2, 0, 0, 0, 0, 255]"
66.692298,Unknown,Unknown,Unknown,Unknown,997,"[38, 0, 48, 56, 50, 55, 57, 48]"
66.692312,Unknown Device,0,0,4,0,"[0, 76, 0, 0, 0, 0, 0, 126]"
66.692551,Unknown Device,0,0,12,0,"[0, 48, 2, 0, 0, 0, 0, 255]"
66.692816,Unknown Device,0,0,12,0,"[0, 48, 2, 0, 0, 0, 0, 255]"
66.693045,Unknown Device,0,0,12,0,"[0, 48, 2, 0, 0, 0, 0, 255]"
66.693266,Unknown Device,0,0,12,0,"[0, 48, 4, 0, 0, 0, 0, 255]"
66.693521,Unknown Device,0,0,12,0,"[0, 48, 2, 0, 0, 0, 0, 255]"
66.693918,Unknown Device,0,0,12,0,"[0, 48, 4, 0, 0, 0, 0, 255]"
66.693978,Unknown Device,0,0,12,0,"[0, 48, 2, 0, 0, 0, 0, 255]"
66.694191,Unknown Device,0,0,12,0,"[0, 48, 2, 0, 0, 0, 0, 255]"
66.69444,Unknown Device,0,0,12,0,"[0, 48, 4, 0, 0, 0, 0, 255]"
66.694661,Unknown Device,0,0,12,0,"[0, 48, 4, 0, 0, 0, 0, 255]"
66.694875,Unknown Device,0,0,12,0,"[0, 48, 4, 0, 0, 0, 0, 255]"
66.695103,Unknown Device,0,0,12,0,"[0, 48, 2, 0, 0, 0, 0, 255]"
66.695892,Unknown Device,0,0,12,0,"[0, 48, 4, 0, 0, 0, 0, 255]"
66.695943,Unknown Device,0,0,12,0,"[0, 48, 2, 0, 0, 0, 0, 255]"
66.696375,Unknown Device,0,0,12,0,"[0, 48, 4, 0, 0, 0, 0, 255]"
66.696394,Unknown Device,0,0,12,0,"[0, 48, 2, 0, 0, 0, 0, 255]"
66.696706,Unknown Device,0,0,12,0,"[0, 48, 2, 0, 0, 0, 0, 255]"
66.696721,Unknown Device,0,0,12,0,"[0, 48, 2, 0, 0, 0, 0, 255]"
66.696737,Unknown Device,0,0,12,0,"[0, 48, 2, 0, 0, 0, 0, 255]"
66.69735,Unknown Device,0,0,4,0,"[0, 76, 0, 0, 0, 0, 0, 126]"
66.697368,Unknown,Unknown,Unknown,Unknown,997,"[39, 48, 45, 70, 82, 67, 45, 48]"
66.697414,Unknown Device,0,0,12,0,"[0, 12, 4, 0, 0, 0, 0, 127]"
66.697495,Unknown Device,0,0,12,0,"[0, 48, 4, 0, 0, 0, 0, 255]"
66.697701,Unknown Device,0,0,12,0,"[0, 48, 2, 0, 0, 0, 0, 255]"
66.69795,Unknown Device,0,0,12,0,"[0, 48, 4, 0, 0, 0, 0, 255]"
66.69836,Unknown Device,0,0,12,0,"[0, 48, 2, 0, 0, 0, 0, 255]"
66.698375,Unknown Device,0,0,12,0,"[0, 48, 2, 0, 0, 0, 0, 255]"
66.698563,Unknown Device,0,0,12,0,"[0, 48, 2, 0, 0, 0, 0, 255]"
66.698975,Unknown Device,0,0,12,0,"[0, 48, 2, 0, 0, 0, 0, 255]"
66.69899,Unknown Device,0,0,12,0,"[0, 48, 2, 0, 0, 0, 0, 255]"
66.69958,Unknown Device,0,0,12,0,"[0, 48, 4, 0, 0, 0, 0, 255]"
66.699595,Unknown Device,0,0,12,0,"[0, 48, 2, 0, 0, 0, 0, 255]"
66.699677,Unknown Device,0,0,12,0,"[0, 48, 2, 0, 0, 0, 0, 255]"
66.699876,Unknown Device,0,0,12,0,"[0, 48, 4, 0, 0, 0, 0, 255]"
66.700082,Unknown Device,0,0,12,0,"[0, 48, 4, 0, 0, 0, 0, 255]"
66.700893,Unknown Device,0,0,12,0,"[0, 48, 4, 0, 0, 0, 0, 255]"
66.700908,Unknown Device,0,0,12,0,"[0, 48, 2, 0, 0, 0, 0, 255]"
66.700924,Unknown Device,0,0,12,0,"[0, 48, 2, 0, 0, 0, 0, 255]"
66.700939,Unknown Device,0,0,12,0,"[0, 48, 2, 0, 0, 0, 0, 255]"
66.701109,Unknown Device,0,0,12,0,"[0, 48, 2, 0, 0, 0, 0, 255]"
66.701425,Unknown Device,0,0,12,0,"[0, 48, 4, 0, 0, 0, 0, 255]"
66.701514,Unknown Device,0,0,12,0,"[0, 48, 2, 0, 0, 0, 0, 255]"
66.701713,Unknown Device,0,0,12,0,"[0, 48, 2, 0, 0, 0, 0, 255]"
66.702343,Unknown Device,0,0,4,0,"[0, 76, 0, 0, 0, 0, 0, 126]"
66.70236,Unknown,Unknown,Unknown,Unknown,997,"[40, 50, 49, 50, 57, 0, 0, 0]"
66.702406,Unknown Device,0,0,12,0,"[0, 12, 4, 0, 0, 0, 0, 127]"
66.702547,Unknown Device,0,0,12,0,"[0, 48, 2, 0, 0, 0, 0, 255]"
66.702746,Unknown Device,0,0,12,0,"[0, 48, 2, 0, 0, 0, 0, 255]"
66.703362,Unknown Device,0,0,12,0,"[0, 48, 4, 0, 0, 0, 0, 255]"
66.703395,Unknown Device,0,0,12,0,"[0, 48, 2, 0, 0, 0, 0, 255]"
66.703968,Unknown Device,0,0,12,0,"[0, 48, 4, 0, 0, 0, 0, 255]"
66.703983,Unknown Device,0,0,12,0,"[0, 48, 2, 0, 0, 0, 0, 255]"
66.703999,Unknown Device,0,0,12,0,"[0, 48, 2, 0, 0, 0, 0, 255]"
66.704014,Unknown Device,0,0,12,0,"[0, 48, 2, 0, 0, 0, 0, 255]"
66.704169,Unknown Device,0,0,12,0,"[0, 48, 2, 0, 0, 0, 0, 255]"
66.704439,Unknown Device,0,0,12,0,"[0, 48, 4, 0, 0, 0, 0, 255]"
66.704668,Unknown Device,0,0,12,0,"[0, 48, 2, 0, 0, 0, 0, 255]"
66.704867,Unknown Device,0,0,12,0,"[0, 48, 4, 0, 0, 0, 0, 255]"
66.705073,Unknown Device,0,0,12,0,"[0, 48, 4, 0, 0, 0, 0, 255]"
66.705273,Unknown Device,0,0,12,0,"[0, 48, 2, 0, 0, 0, 0, 255]"
66.705942,Unknown Device,0,0,12,0,"[0, 48, 4, 0, 0, 0, 0, 255]"
66.705971,Unknown Device,0,0,12,0,"[0, 48, 2, 0, 0, 0, 0, 255]"
66.706442,Unknown Device,0,0,12,0,"[0, 48, 2, 0, 0, 0, 0, 255]"
66.706457,Unknown Device,0,0,12,0,"[0, 48, 2, 0, 0, 0, 0, 255]"
66.706621,Unknown Device,0,0,12,0,"[0, 48, 4, 0, 0, 0, 0, 255]"
66.706636,Unknown Device,0,0,12,0,"[0, 48, 2, 0, 0, 0, 0, 255]"
66.706696,Unknown Device,0,0,12,0,"[0, 48, 2, 0, 0, 0, 0, 255]"
66.707301,Unknown,Unknown,Unknown,Unknown,997,"[41, 0, 0, 0, 67, 114, 111, 115]"
66.707328,Unknown Device,0,0,4,0,"[0, 76, 0, 0, 0, 0, 0, 126]"
66.707418,Unknown Device,0,0,4,0,"[0, 48, 0, 0, 0, 0, 0, 255]"
66.70752,Unknown Device,0,0,12,0,"[0, 48, 2, 0, 0, 0, 0, 255]"
66.707727,Unknown Device,0,0,12,0,"[0, 48, 2, 0, 0, 0, 0, 255]"
66.708038,Unknown Device,0,0,12,0,"[0, 48, 4, 0, 0, 0, 0, 255]"
66.708176,Unknown Device,0,0,12,0,"[0, 48, 4, 0, 0, 0, 0, 255]"
66.708332,Unknown Device,0,0,12,0,"[0, 48, 4, 0, 0, 0, 0, 255]"
66.708542,Unknown Device,0,0,12,0,"[0, 48, 2, 0, 0, 0, 0, 255]"
66.708974,Unknown Device,0,0,12,0,"[0, 48, 4, 0, 0, 0, 0, 255]"
66.708989,Unknown Device,0,0,12,0,"[0, 48, 2, 0, 0, 0, 0, 255]"
66.709524,Unknown Device,0,0,12,0,"[0, 48, 2, 0, 0, 0, 0, 255]"
66.709842,Unknown Device,0,0,12,0,"[0, 48, 4, 0, 0, 0, 0, 255]"
66.709977,Unknown Device,0,0,12,0,"[0, 48, 2, 0, 0, 0, 0, 255]"
66.71029,Unknown Device,0,0,12,0,"[0, 48, 4, 0, 0, 0, 0, 255]"
66.710966,Unknown Device,0,0,12,0,"[0, 48, 4, 0, 0, 0, 0, 255]"
66.710981,Unknown Device,0,0,12,0,"[0, 48, 2, 0, 0, 0, 0, 255]"
66.710996,Unknown Device,0,0,12,0,"[0, 48, 2, 0, 0, 0, 0, 255]"
66.711011,Unknown Device,0,0,12,0,"[0, 48, 2, 0, 0, 0, 0, 255]"
66.711105,Unknown Device,0,0,12,0,"[0, 48, 4, 0, 0, 0, 0, 255]"
66.71112,Unknown Device,0,0,12,0,"[0, 48, 2, 0, 0, 0, 0, 255]"
66.711313,Unknown Device,0,0,12,0,"[0, 48, 2, 0, 0, 0, 0, 255]"
66.711516,Unknown Device,0,0,12,0,"[0, 48, 2, 0, 0, 0, 0, 255]"
66.711715,Unknown Device,0,0,12,0,"[0, 48, 2, 0, 0, 0, 0, 255]"
66.711921,Unknown Device,0,0,12,0,"[0, 48, 2, 0, 0, 0, 0, 255]"
66.71234,Unknown Device,0,0,4,0,"[0, 76, 0, 0, 0, 0, 0, 126]"
66.712357,Unknown,Unknown,Unknown,Unknown,997,"[42, 115, 32, 84, 104, 101, 32, 82]"
66.712529,Unknown Device,0,0,12,0,"[0, 48, 4, 0, 0, 0, 0, 255]"
66.712735,Unknown Device,0,0,12,0,"[0, 48, 2, 0, 0, 0, 0, 255]"
66.712942,Unknown Device,0,0,12,0,"[0, 48, 2, 0, 0, 0, 0, 255]"
66.713239,Unknown Device,0,0,12,0,"[0, 48, 4, 0, 0, 0, 0, 255]"
66.713343,Unknown Device,0,0,12,0,"[0, 48, 2, 0, 0, 0, 0, 255]"
66.713554,Unknown Device,0,0,12,0,"[0, 48, 2, 0, 0, 0, 0, 255]"
66.713761,Unknown Device,0,0,12,0,"[0, 48, 4, 0, 0, 0, 0, 255]"
66.714055,Unknown Device,0,0,12,0,"[0, 48, 2, 0, 0, 0, 0, 255]"
66.714314,Unknown Device,0,0,12,0,"[0, 48, 4, 0, 0, 0, 0, 255]"
66.714568,Unknown Device,0,0,12,0,"[0, 48, 2, 0, 0, 0, 0, 255]"
66.714804,Unknown Device,0,0,12,0,"[0, 48, 2, 0, 0, 0, 0, 255]"
66.715048,Unknown Device,0,0,12,0,"[0, 48, 2, 0, 0, 0, 0, 255]"
66.715978,Unknown Device,0,0,12,0,"[0, 48, 4, 0, 0, 0, 0, 255]"
66.716016,Unknown Device,0,0,12,0,"[0, 48, 2, 0, 0, 0, 0, 255]"
66.716349,Unknown Device,0,0,12,0,"[0, 48, 4, 0, 0, 0, 0, 255]"
66.716378,Unknown Device,0,0,12,0,"[0, 48, 2, 0, 0, 0, 0, 255]"
66.716672,Unknown Device,0,0,12,0,"[0, 48, 4, 0, 0, 0, 0, 255]"
66.716701,Unknown Device,0,0,12,0,"[0, 48, 2, 0, 0, 0, 0, 255]"
66.716797,Unknown Device,0,0,12,0,"[0, 48, 2, 0, 0, 0, 0, 255]"
66.717295,Unknown Device,0,0,4,0,"[0, 76, 0, 0, 0, 0, 0, 126]"
66.717312,Unknown,Unknown,Unknown,Unknown,997,"[43, 111, 97, 100, 32, 69, 108, 101]"
66.717506,Unknown Device,0,0,12,0,"[0, 48, 2, 0, 0, 0, 0, 255]"
66.717727,Unknown Device,0,0,12,0,"[0, 48, 2, 0, 0, 0, 0, 255]"
66.718188,Unknown Device,0,0,12,0,"[0, 48, 2, 0, 0, 0, 0, 255]"
66.71833,Unknown Device,0,0,12,0,"[0, 48, 2, 0, 0, 0, 0, 255]"
66.718445,Unknown Device,0,0,12,0,"[0, 48, 2, 0, 0, 0, 0, 255]"
66.718674,Unknown Device,0,0,12,0,"[0, 48, 2, 0, 0, 0, 0, 255]"
66.718887,Unknown Device,0,0,12,0,"[0, 48, 4, 0, 0, 0, 0, 255]"
66.719123,Unknown Device,0,0,12,0,"[0, 48, 2, 0, 0, 0, 0, 255]"
66.719575,Unknown Device,0,0,12,0,"[0, 48, 4, 0, 0, 0, 0, 255]"
66.71959,Unknown Device,0,0,12,0,"[0, 48, 2, 0, 0, 0, 0, 255]"
66.719812,Unknown Device,0,0,12,0,"[0, 48, 2, 0, 0, 0, 0, 255]"
66.720062,Unknown Device,0,0,12,0,"[0, 48, 2, 0, 0, 0, 0, 255]"
66.721035,Unknown Device,0,0,12,0,"[0, 48, 2, 0, 0, 0, 0, 255]"
66.72105,Unknown Device,0,0,12,0,"[0, 48, 2, 0, 0, 0, 0, 255]"
66.721144,Unknown Device,0,0,12,0,"[0, 48, 2, 0, 0, 0, 0, 255]"
66.721159,Unknown Device,0,0,12,0,"[0, 48, 2, 0, 0, 0, 0, 255]"
66.721426,Unknown Device,0,0,12,0,"[0, 48, 4, 0, 0, 0, 0, 255]"
66.721441,Unknown Device,0,0,12,0,"[0, 48, 2, 0, 0, 0, 0, 255]"
66.721537,Unknown Device,0,0,12,0,"[0, 48, 2, 0, 0, 0, 0, 255]"
66.721758,Unknown Device,0,0,12,0,"[0, 48, 4, 0, 0, 0, 0, 255]"
66.72195,Unknown Device,0,0,12,0,"[0, 48, 2, 0, 0, 0, 0, 255]"
66.722367,Unknown Device,0,0,4,0,"[0, 76, 0, 0, 0, 0, 0, 126]"
66.722384,Unknown,Unknown,Unknown,Unknown,997,"[44, 99, 116, 114, 111, 110, 105, 99]"
66.722568,Unknown Device,0,0,12,0,"[0, 48, 2, 0, 0, 0, 0, 255]"
66.722765,Unknown Device,0,0,12,0,"[0, 48, 2, 0, 0, 0, 0, 255]"
66.723107,Unknown Device,0,0,12,0,"[0, 48, 4, 0, 0, 0, 0, 255]"
66.723173,Unknown Device,0,0,12,0,"[0, 48, 2, 0, 0, 0, 0, 255]"
66.723439,Unknown Device,0,0,12,0,"[0, 48, 2, 0, 0, 0, 0, 255]"
66.723679,Unknown Device,0,0,12,0,"[0, 48, 2, 0, 0, 0, 0, 255]"
66.723882,Unknown Device,0,0,12,0,"[0, 48, 2, 0, 0, 0, 0, 255]"
66.724086,Unknown Device,0,0,12,0,"[0, 48, 2, 0, 0, 0, 0, 255]"
66.72429,Unknown Device,0,0,12,0,"[0, 48, 4, 0, 0, 0, 0, 255]"
66.724497,Unknown Device,0,0,12,0,"[0, 48, 2, 0, 0, 0, 0, 255]"
66.724701,Unknown Device,0,0,12,0,"[0, 48, 2, 0, 0, 0, 0, 255]"
66.724904,Unknown Device,0,0,12,0,"[0, 48, 4, 0, 0, 0, 0, 255]"
66.725115,Unknown Device,0,0,12,0,"[0, 48, 2, 0, 0, 0, 0, 255]"
66.725319,Unknown Device,0,0,12,0,"[0, 48, 4, 0, 0, 0, 0, 255]"
66.725527,Unknown Device,0,0,12,0,"[0, 48, 4, 0, 0, 0, 0, 255]"
66.726072,Unknown Device,0,0,12,0,"[0, 48, 2, 0, 0, 0, 0, 255]"
66.726401,Unknown Device,0,0,12,0,"[0, 48, 4, 0, 0, 0, 0, 255]"
66.726416,Unknown Device,0,0,12,0,"[0, 48, 2, 0, 0, 0, 0, 255]"
66.726431,Unknown Device,0,0,12,0,"[0, 48, 2, 0, 0, 0, 0, 255]"
66.726694,Unknown Device,0,0,12,0,"[0, 48, 4, 0, 0, 0, 0, 255]"
66.72676,Unknown Device,0,0,12,0,"[0, 48, 2, 0, 0, 0, 0, 255]"
66.727279,Unknown Device,0,0,4,0,"[0, 76, 0, 0, 0, 0, 0, 126]"
66.727296,Unknown,Unknown,Unknown,Unknown,997,"[45, 115, 0, 0, 0, 0, 0, 0]"
66.727443,Unknown Device,0,0,12,0,"[0, 48, 4, 0, 0, 0, 0, 255]"
66.727661,Unknown Device,0,0,12,0,"[0, 48, 2, 0, 0, 0, 0, 255]"
66.727948,Unknown Device,0,0,12,0,"[0, 48, 4, 0, 0, 0, 0, 255]"
66.728065,Unknown Device,0,0,12,0,"[0, 48, 2, 0, 0, 0, 0, 255]"
66.728268,Unknown Device,0,0,12,0,"[0, 48, 2, 0, 0, 0, 0, 255]"
66.728469,Unknown Device,0,0,12,0,"[0, 48, 2, 0, 0, 0, 0, 255]"
66.728673,Unknown Device,0,0,12,0,"[0, 48, 2, 0, 0, 0, 0, 255]"
66.728994,Unknown Device,0,0,12,0,"[0, 48, 2, 0, 0, 0, 0, 255]"
66.729075,Unknown Device,0,0,12,0,"[0, 48, 2, 0, 0, 0, 0, 255]"
66.729528,Unknown Device,0,0,12,0,"[0, 48, 2, 0, 0, 0, 0, 255]"
66.729857,Unknown Device,0,0,12,0,"[0, 48, 2, 0, 0, 0, 0, 255]"
66.73002,Unknown Device,0,0,12,0,"[0, 48, 2, 0, 0, 0, 0, 255]"
66.730796,Unknown Device,0,0,12,0,"[0, 48, 4, 0, 0, 0, 0, 255]"
66.730894,Unknown Device,0,0,12,0,"[0, 48, 4, 0, 0, 0, 0, 255]"
66.730909,Unknown Device,0,0,12,0,"[0, 48, 2, 0, 0, 0, 0, 255]"
66.730924,Unknown Device,0,0,12,0,"[0, 48, 2, 0, 0, 0, 0, 255]"
66.730962,Unknown Device,0,0,12,0,"[0, 48, 2, 0, 0, 0, 0, 255]"
66.731018,Unknown Device,0,0,12,0,"[0, 48, 2, 0, 0, 0, 0, 255]"
66.731164,Unknown Device,0,0,12,0,"[0, 48, 2, 0, 0, 0, 0, 255]"
66.731514,Unknown Device,0,0,12,0,"[0, 48, 2, 0, 0, 0, 0, 255]"
66.731667,Unknown Device,0,0,12,0,"[0, 48, 2, 0, 0, 0, 0, 255]"
66.731871,Unknown Device,0,0,12,0,"[0, 48, 2, 0, 0, 0, 0, 255]"
66.732348,Unknown Device,0,0,4,0,"[0, 76, 0, 0, 0, 0, 0, 126]"
66.732365,Unknown,Unknown,Unknown,Unknown,997,"[46, 19, 170, 170, 170, 170, 170, 170]"
66.732476,Unknown Device,0,0,12,0,"[0, 48, 4, 0, 0, 0, 0, 255]"
66.732679,Unknown Device,0,0,12,0,"[0, 48, 2, 0, 0, 0, 0, 255]"
66.733008,Unknown Device,0,0,12,0,"[0, 48, 2, 0, 0, 0, 0, 255]"
66.733285,Unknown Device,0,0,12,0,"[0, 48, 2, 0, 0, 0, 0, 255]"
66.733342,Unknown Device,0,0,12,0,"[0, 48, 2, 0, 0, 0, 0, 255]"
66.733485,Unknown Device,0,0,12,0,"[0, 48, 2, 0, 0, 0, 0, 255]"
66.733891,Unknown Device,0,0,12,0,"[0, 48, 2, 0, 0, 0, 0, 255]"
66.73399,Unknown Device,0,0,12,0,"[0, 48, 4, 0, 0, 0, 0, 255]"
66.734099,Unknown Device,0,0,12,0,"[0, 48, 2, 0, 0, 0, 0, 255]"
66.734426,Unknown Device,0,0,12,0,"[0, 48, 2, 0, 0, 0, 0, 255]"
66.734499,Unknown Device,0,0,12,0,"[0, 48, 2, 0, 0, 0, 0, 255]"
66.734702,Unknown Device,0,0,12,0,"[0, 48, 2, 0, 0, 0, 0, 255]"
66.734906,Unknown Device,0,0,12,0,"[0, 48, 2, 0, 0, 0, 0, 255]"
66.735109,Unknown Device,0,0,12,0,"[0, 48, 2, 0, 0, 0, 0, 255]"
66.735527,Unknown Device,0,0,12,0,"[0, 48, 4, 0, 0, 0, 0, 255]"
66.735857,Unknown Device,0,0,12,0,"[0, 48, 4, 0, 0, 0, 0, 255]"
66.736047,Unknown Device,0,0,12,0,"[0, 48, 2, 0, 0, 0, 0, 255]"
66.736118,Unknown Device,0,0,12,0,"[0, 48, 2, 0, 0, 0, 0, 255]"
66.736279,Unknown Device,0,0,12,0,"[0, 48, 4, 0, 0, 0, 0, 255]"
66.736537,Unknown Device,0,0,12,0,"[0, 48, 2, 0, 0, 0, 0, 255]"
66.736784,Unknown Device,0,0,12,0,"[0, 48, 2, 0, 0, 0, 0, 255]"
66.737426,Unknown Device,0,0,12,0,"[0, 48, 2, 0, 0, 0, 0, 255]"
66.737442,Unknown Device,0,0,12,0,"[0, 48, 2, 0, 0, 0, 0, 255]"
66.737572,Unknown Device,0,0,12,0,"[0, 48, 4, 0, 0, 0, 0, 255]"
66.737826,Unknown Device,0,0,12,0,"[0, 48, 2, 0, 0, 0, 0, 255]"
66.738094,Unknown Device,0,0,12,0,"[0, 48, 4, 0, 0, 0, 0, 255]"
66.73832,Unknown Device,0,0,12,0,"[0, 48, 4, 0, 0, 0, 0, 255]"
66.738542,Unknown Device,0,0,12,0,"[0, 48, 2, 0, 0, 0, 0, 255]"
66.738955,Unknown Device,0,0,12,0,"[0, 48, 2, 0, 0, 0, 0, 255]"
66.739604,Unknown Device,0,0,12,0,"[0, 48, 2, 0, 0, 0, 0, 255]"
66.739619,Unknown Device,0,0,12,0,"[0, 48, 2, 0, 0, 0, 0, 255]"
66.739851,Unknown Device,0,0,12,0,"[0, 48, 4, 0, 0, 0, 0, 255]"
66.739888,Unknown Device,0,0,12,0,"[0, 48, 2, 0, 0, 0, 0, 255]"
66.739904,Unknown Device,0,0,12,0,"[0, 48, 2, 0, 0, 0, 0, 255]"
66.7401,Unknown Device,0,0,12,0,"[0, 48, 2, 0, 0, 0, 0, 255]"
66.740406,Unknown Device,0,0,4,0,"[0, 76, 0, 0, 0, 0, 0, 126]"
66.740515,Unknown,Unknown,Unknown,Unknown,997,"[6, 251, 1, 163, 83, 5, 0, 170]"
66.741006,Unknown Device,0,0,12,0,"[0, 12, 4, 0, 0, 0, 0, 127]"
66.741021,Unknown Device,0,0,4,0,"[0, 48, 0, 0, 0, 0, 0, 255]"
66.741123,Unknown Device,0,0,12,0,"[0, 48, 4, 0, 0, 0, 0, 255]"
66.741323,Unknown Device,0,0,12,0,"[0, 48, 2, 0, 0, 0, 0, 255]"
66.741526,Unknown Device,0,0,12,0,"[0, 48, 2, 0, 0, 0, 0, 255]"
66.741747,Unknown Device,0,0,12,0,"[0, 48, 4, 0, 0, 0, 0, 255]"
66.741931,Unknown Device,0,0,12,0,"[0, 48, 2, 0, 0, 0, 0, 255]"
66.74248,Unknown Device,0,0,12,0,"[0, 48, 2, 0, 0, 0, 0, 255]"
66.742495,Unknown Device,0,0,12,0,"[0, 48, 2, 0, 0, 0, 0, 255]"
66.74254,Unknown Device,0,0,12,0,"[0, 48, 2, 0, 0, 0, 0, 255]"
66.742739,Unknown Device,0,0,12,0,"[0, 48, 2, 0, 0, 0, 0, 255]"
66.743114,Unknown Device,0,0,12,0,"[0, 48, 4, 0, 0, 0, 0, 255]"
66.743151,Unknown Device,0,0,12,0,"[0, 48, 2, 0, 0, 0, 0, 255]"
66.743351,Unknown Device,0,0,12,0,"[0, 48, 2, 0, 0, 0, 0, 255]"
66.743625,Unknown Device,0,0,12,0,"[0, 48, 4, 0, 0, 0, 0, 255]"
66.743757,Unknown Device,0,0,12,0,"[0, 48, 2, 0, 0, 0, 0, 255]"
66.743964,Unknown Device,0,0,12,0,"[0, 48, 2, 0, 0, 0, 0, 255]"
66.744163,Unknown Device,0,0,12,0,"[0, 48, 2, 0, 0, 0, 0, 255]"
66.744451,Unknown Device,0,0,12,0,"[0, 48, 4, 0, 0, 0, 0, 255]"
66.744569,Unknown Device,0,0,12,0,"[0, 48, 2, 0, 0, 0, 0, 255]"
66.744791,Unknown Device,0,0,12,0,"[0, 48, 4, 0, 0, 0, 0, 255]"
66.74499,Unknown Device,0,0,12,0,"[0, 48, 2, 0, 0, 0, 0, 255]"
66.745568,Unknown Device,0,0,12,0,"[0, 48, 4, 0, 0, 0, 0, 255]"
66.745894,Unknown Device,0,0,12,0,"[0, 48, 4, 0, 0, 0, 0, 255]"
66.745993,Unknown Device,0,0,12,0,"[0, 48, 4, 0, 0, 0, 0, 255]"
66.746073,Unknown Device,0,0,12,0,"[0, 48, 2, 0, 0, 0, 0, 255]"
66.746088,Unknown Device,0,0,12,0,"[0, 48, 2, 0, 0, 0, 0, 255]"
66.746295,Unknown Device,0,0,12,0,"[0, 48, 4, 0, 0, 0, 0, 255]"
66.746512,Unknown Device,0,0,12,0,"[0, 48, 4, 0, 0, 0, 0, 255]"
66.746697,Unknown Device,0,0,12,0,"[0, 48, 2, 0, 0, 0, 0, 255]"
66.746896,Unknown Device,0,0,12,0,"[0, 48, 2, 0, 0, 0, 0, 255]"
66.747378,Unknown Device,0,0,12,0,"[0, 48, 4, 0, 0, 0, 0, 255]"
66.747397,Unknown Device,0,0,12,0,"[0, 48, 2, 0, 0, 0, 0, 255]"
66.747508,Unknown Device,0,0,12,0,"[0, 48, 2, 0, 0, 0, 0, 255]"
66.747714,Unknown Device,0,0,12,0,"[0, 48, 2, 0, 0, 0, 0, 255]"
66.748118,Unknown Device,0,0,12,0,"[0, 48, 2, 0, 0, 0, 0, 255]"
66.748288,Unknown Device,0,0,12,0,"[0, 48, 4, 0, 0, 0, 0, 255]"
66.748326,Unknown Device,0,0,12,0,"[0, 48, 2, 0, 0, 0, 0, 255]"
66.748522,Unknown Device,0,0,12,0,"[0, 48, 2, 0, 0, 0, 0, 255]"
66.749003,Unknown Device,0,0,12,0,"[0, 48, 2, 0, 0, 0, 0, 255]"
66.749525,Unknown Device,0,0,12,0,"[0, 48, 4, 0, 0, 0, 0, 255]"
66.749554,Unknown Device,0,0,12,0,"[0, 48, 2, 0, 0, 0, 0, 255]"
66.749709,Unknown Device,0,0,12,0,"[0, 48, 4, 0, 0, 0, 0, 255]"
66.749901,Unknown Device,0,0,12,0,"[0, 48, 4, 0, 0, 0, 0, 255]"
66.750157,Unknown Device,0,0,12,0,"[0, 48, 2, 0, 0, 0, 0, 255]"
66.750468,Unknown,Unknown,Unknown,Unknown,997,"[16, 18, 8, 0, 15, 66, 97, 99]"
66.750482,Unknown Device,0,0,4,0,"[0, 76, 0, 0, 0, 0, 0, 126]"
66.750961,Unknown Device,0,0,12,0,"[0, 48, 4, 0, 0, 0, 0, 255]"
66.751019,Unknown Device,0,0,12,0,"[0, 48, 4, 0, 0, 0, 0, 255]"
66.751062,Unknown Device,0,0,12,0,"[0, 48, 2, 0, 0, 0, 0, 255]"
66.751077,Unknown Device,0,0,12,0,"[0, 48, 2, 0, 0, 0, 0, 255]"
66.751173,Unknown Device,0,0,12,0,"[0, 48, 2, 0, 0, 0, 0, 255]"
66.751458,Unknown Device,0,0,12,0,"[0, 48, 4, 0, 0, 0, 0, 255]"
66.751701,Unknown Device,0,0,12,0,"[0, 48, 2, 0, 0, 0, 0, 255]"
66.751907,Unknown Device,0,0,12,0,"[0, 48, 2, 0, 0, 0, 0, 255]"
66.7524,Unknown Device,0,0,12,0,"[0, 48, 2, 0, 0, 0, 0, 255]"
66.752415,Unknown Device,0,0,12,0,"[0, 48, 2, 0, 0, 0, 0, 255]"
66.752512,Unknown Device,0,0,12,0,"[0, 48, 2, 0, 0, 0, 0, 255]"
66.752711,Unknown Device,0,0,12,0,"[0, 48, 2, 0, 0, 0, 0, 255]"
66.752931,Unknown Device,0,0,12,0,"[0, 48, 4, 0, 0, 0, 0, 255]"
66.753123,Unknown Device,0,0,12,0,"[0, 48, 2, 0, 0, 0, 0, 255]"
66.75333,Unknown Device,0,0,12,0,"[0, 48, 2, 0, 0, 0, 0, 255]"
66.753985,Unknown Device,0,0,12,0,"[0, 48, 2, 0, 0, 0, 0, 255]"
66.754057,Unknown Device,0,0,12,0,"[0, 48, 2, 0, 0, 0, 0, 255]"
66.754348,Unknown Device,0,0,12,0,"[0, 48, 4, 0, 0, 0, 0, 255]"
66.754391,Unknown Device,0,0,12,0,"[0, 48, 2, 0, 0, 0, 0, 255]"
66.754695,Unknown Device,0,0,12,0,"[0, 48, 2, 0, 0, 0, 0, 255]"
66.754851,Unknown Device,0,0,12,0,"[0, 48, 4, 0, 0, 0, 0, 255]"
66.754925,Unknown Device,0,0,12,0,"[0, 48, 2, 0, 0, 0, 0, 255]"
66.75516,Unknown Device,0,0,12,0,"[0, 48, 2, 0, 0, 0, 0, 255]"
66.755544,Unknown Device,0,0,12,0,"[0, 48, 4, 0, 0, 0, 0, 255]"
66.755924,Unknown Device,0,0,12,0,"[0, 48, 4, 0, 0, 0, 0, 255]"
66.755995,Unknown Device,0,0,12,0,"[0, 48, 4, 0, 0, 0, 0, 255]"
66.756157,Unknown Device,0,0,12,0,"[0, 48, 2, 0, 0, 0, 0, 255]"
66.75645,Unknown Device,0,0,12,0,"[0, 48, 4, 0, 0, 0, 0, 255]"
66.756663,Unknown Device,0,0,12,0,"[0, 48, 2, 0, 0, 0, 0, 255]"
66.75687,Unknown Device,0,0,12,0,"[0, 48, 2, 0, 0, 0, 0, 255]"
66.75744,Unknown Device,0,0,12,0,"[0, 48, 2, 0, 0, 0, 0, 255]"
66.757477,Unknown Device,0,0,12,0,"[0, 48, 2, 0, 0, 0, 0, 255]"
66.757493,Unknown Device,0,0,12,0,"[0, 48, 2, 0, 0, 0, 0, 255]"
66.757684,Unknown Device,0,0,12,0,"[0, 48, 2, 0, 0, 0, 0, 255]"
66.758045,Unknown Device,0,0,12,0,"[0, 48, 4, 0, 0, 0, 0, 255]"
66.758244,Unknown Device,0,0,12,0,"[0, 48, 4, 0, 0, 0, 0, 255]"
66.758297,Unknown Device,0,0,12,0,"[0, 48, 2, 0, 0, 0, 0, 255]"
66.7585,Unknown Device,0,0,12,0,"[0, 48, 2, 0, 0, 0, 0, 255]"
66.758995,Unknown Device,0,0,12,0,"[0, 48, 4, 0, 0, 0, 0, 255]"
66.759011,Unknown Device,0,0,12,0,"[0, 48, 2, 0, 0, 0, 0, 255]"
66.759571,Unknown Device,0,0,12,0,"[0, 48, 2, 0, 0, 0, 0, 255]"
66.759586,Unknown Device,0,0,12,0,"[0, 48, 2, 0, 0, 0, 0, 255]"
66.759904,Unknown Device,0,0,12,0,"[0, 48, 2, 0, 0, 0, 0, 255]"
66.75992,Unknown Device,0,0,12,0,"[0, 48, 2, 0, 0, 0, 0, 255]"
66.760935,Unknown Device,0,0,12,0,"[0, 48, 4, 0, 0, 0, 0, 255]"
66.76095,Unknown Device,0,0,12,0,"[0, 48, 2, 0, 0, 0, 0, 255]"
66.761001,Unknown Device,0,0,12,0,"[0, 48, 2, 0, 0, 0, 0, 255]"
66.761101,Unknown Device,0,0,12,0,"[0, 48, 4, 0, 0, 0, 0, 255]"
66.761116,Unknown Device,0,0,12,0,"[0, 48, 2, 0, 0, 0, 0, 255]"
66.761145,Unknown Device,0,0,12,0,"[0, 48, 2, 0, 0, 0, 0, 255]"
66.761363,Unknown,Unknown,Unknown,Unknown,997,"[33, 107, 32, 114, 105, 103, 104, 116]"
66.761447,Unknown Device,0,0,12,0,"[0, 48, 4, 0, 0, 0, 0, 255]"
66.761668,Unknown Device,0,0,12,0,"[0, 48, 2, 0, 0, 0, 0, 255]"
66.761874,Unknown Device,0,0,12,0,"[0, 48, 2, 0, 0, 0, 0, 255]"
66.762423,Unknown Device,0,0,12,0,"[0, 48, 4, 0, 0, 0, 0, 255]"
66.762438,Unknown Device,0,0,12,0,"[0, 48, 2, 0, 0, 0, 0, 255]"
66.76249,Unknown Device,0,0,12,0,"[0, 48, 2, 0, 0, 0, 0, 255]"
66.762697,Unknown Device,0,0,12,0,"[0, 48, 2, 0, 0, 0, 0, 255]"
66.763071,Unknown Device,0,0,12,0,"[0, 48, 2, 0, 0, 0, 0, 255]"
66.763235,Unknown Device,0,0,12,0,"[0, 48, 4, 0, 0, 0, 0, 255]"
66.763317,Unknown Device,0,0,12,0,"[0, 48, 2, 0, 0, 0, 0, 255]"
66.763647,Unknown Device,0,0,12,0,"[0, 48, 4, 0, 0, 0, 0, 255]"
66.763728,Unknown Device,0,0,12,0,"[0, 48, 2, 0, 0, 0, 0, 255]"
66.763949,Unknown Device,0,0,12,0,"[0, 48, 4, 0, 0, 0, 0, 255]"
66.76414,Unknown Device,0,0,12,0,"[0, 48, 2, 0, 0, 0, 0, 255]"
66.764471,Unknown Device,0,0,12,0,"[0, 48, 2, 0, 0, 0, 0, 255]"
66.764545,Unknown Device,0,0,12,0,"[0, 48, 2, 0, 0, 0, 0, 255]"
66.764751,Unknown Device,0,0,12,0,"[0, 48, 2, 0, 0, 0, 0, 255]"
66.76495,Unknown Device,0,0,12,0,"[0, 48, 2, 0, 0, 0, 0, 255]"
66.765157,Unknown Device,0,0,12,0,"[0, 48, 2, 0, 0, 0, 0, 255]"
66.765904,Unknown Device,0,0,12,0,"[0, 48, 4, 0, 0, 0, 0, 255]"
66.765997,Unknown Device,0,0,12,0,"[0, 48, 4, 0, 0, 0, 0, 255]"
66.76604,Unknown Device,0,0,12,0,"[0, 48, 2, 0, 0, 0, 0, 255]"
66.766056,Unknown Device,0,0,12,0,"[0, 48, 2, 0, 0, 0, 0, 255]"
66.766203,Unknown Device,0,0,12,0,"[0, 48, 2, 0, 0, 0, 0, 255]"
66.766451,Unknown Device,0,0,12,0,"[0, 48, 4, 0, 0, 0, 0, 255]"
66.766664,Unknown,Unknown,Unknown,Unknown,997,"[34, 32, 84, 117, 114, 110, 170, 170]"
66.766861,Unknown Device,0,0,12,0,"[0, 48, 2, 0, 0, 0, 0, 255]"
66.767453,Unknown Device,0,0,12,0,"[0, 48, 4, 0, 0, 0, 0, 255]"
66.767504,Unknown Device,0,0,12,0,"[0, 48, 2, 0, 0, 0, 0, 255]"
66.767575,Unknown Device,0,0,12,0,"[0, 48, 2, 0, 0, 0, 0, 255]"
66.767701,Unknown Device,0,0,12,0,"[0, 48, 2, 0, 0, 0, 0, 255]"
66.768048,Unknown Device,0,0,12,0,"[0, 48, 4, 0, 0, 0, 0, 255]"
66.768185,Unknown Device,0,0,12,0,"[0, 48, 4, 0, 0, 0, 0, 255]"
66.768311,Unknown Device,0,0,12,0,"[0, 48, 2, 0, 0, 0, 0, 255]"
66.768514,Unknown Device,0,0,12,0,"[0, 48, 2, 0, 0, 0, 0, 255]"
66.768925,Unknown Device,0,0,12,0,"[0, 48, 4, 0, 0, 0, 0, 255]"
66.76894,Unknown Device,0,0,12,0,"[0, 48, 2, 0, 0, 0, 0, 255]"
66.769609,Unknown Device,0,0,12,0,"[0, 48, 4, 0, 0, 0, 0, 255]"
66.769857,Unknown Device,0,0,12,0,"[0, 48, 4, 0, 0, 0, 0, 255]"
66.77009,Unknown Device,0,0,12,0,"[0, 48, 4, 0, 0, 0, 0, 255]"
66.77096,Unknown Device,0,0,12,0,"[0, 48, 4, 0, 0, 0, 0, 255]"
66.770988,Unknown Device,0,0,12,0,"[0, 48, 2, 0, 0, 0, 0, 255]"
66.771059,Unknown Device,0,0,12,0,"[0, 48, 4, 0, 0, 0, 0, 255]"
66.771074,Unknown Device,0,0,12,0,"[0, 48, 2, 0, 0, 0, 0, 255]"
66.771103,Unknown Device,0,0,12,0,"[0, 48, 2, 0, 0, 0, 0, 255]"
66.771358,Unknown Device,0,0,12,0,"[0, 48, 4, 0, 0, 0, 0, 255]"
66.771373,Unknown Device,0,0,12,0,"[0, 48, 2, 0, 0, 0, 0, 255]"
66.771388,Unknown Device,0,0,12,0,"[0, 48, 2, 0, 0, 0, 0, 255]"
66.771736,Unknown Device,0,0,12,0,"[0, 48, 2, 0, 0, 0, 0, 255]"
66.771773,Unknown Device,0,0,12,0,"[0, 48, 2, 0, 0, 0, 0, 255]"
66.772019,Unknown Device,0,0,12,0,"[0, 48, 4, 0, 0, 0, 0, 255]"
66.772181,Unknown Device,0,0,12,0,"[0, 48, 4, 0, 0, 0, 0, 255]"
66.772502,Unknown Device,0,0,12,0,"[0, 48, 4, 0, 0, 0, 0, 255]"
66.772517,Unknown Device,0,0,12,0,"[0, 48, 2, 0, 0, 0, 0, 255]"
66.772684,Unknown Device,0,0,12,0,"[0, 48, 2, 0, 0, 0, 0, 255]"
66.772971,Unknown Device,0,0,12,0,"[0, 48, 4, 0, 0, 0, 0, 255]"
66.773095,Unknown Device,0,0,12,0,"[0, 48, 2, 0, 0, 0, 0, 255]"
66.773299,Unknown Device,0,0,12,0,"[0, 48, 2, 0, 0, 0, 0, 255]"
66.7735,Unknown Device,0,0,12,0,"[0, 48, 2, 0, 0, 0, 0, 255]"
66.773913,Unknown Device,0,0,12,0,"[0, 48, 4, 0, 0, 0, 0, 255]"
66.773928,Unknown Device,0,0,12,0,"[0, 48, 2, 0, 0, 0, 0, 255]"
66.77411,Unknown Device,0,0,12,0,"[0, 48, 2, 0, 0, 0, 0, 255]"
66.774314,Unknown Device,0,0,12,0,"[0, 48, 4, 0, 0, 0, 0, 255]"
66.774522,Unknown Device,0,0,12,0,"[0, 48, 4, 0, 0, 0, 0, 255]"
66.774725,Unknown Device,0,0,12,0,"[0, 48, 2, 0, 0, 0, 0, 255]"
66.774928,Unknown Device,0,0,12,0,"[0, 48, 2, 0, 0, 0, 0, 255]"
66.775132,Unknown Device,0,0,12,0,"[0, 48, 2, 0, 0, 0, 0, 255]"
66.775343,Unknown Device,0,0,12,0,"[0, 48, 2, 0, 0, 0, 0, 255]"
66.776033,Unknown Device,0,0,12,0,"[0, 48, 4, 0, 0, 0, 0, 255]"
66.776048,Unknown Device,0,0,12,0,"[0, 48, 2, 0, 0, 0, 0, 255]"
66.776063,Unknown Device,0,0,12,0,"[0, 48, 2, 0, 0, 0, 0, 255]"
66.776401,Unknown Device,0,0,12,0,"[0, 48, 4, 0, 0, 0, 0, 255]"
66.776452,Unknown Device,0,0,12,0,"[0, 48, 2, 0, 0, 0, 0, 255]"
66.776663,Unknown Device,0,0,12,0,"[0, 48, 2, 0, 0, 0, 0, 255]"
66.777202,Unknown Device,0,0,12,0,"[0, 48, 4, 0, 0, 0, 0, 255]"
66.777295,Unknown Device,0,0,12,0,"[0, 48, 4, 0, 0, 0, 0, 255]"
66.77738,Unknown Device,0,0,12,0,"[0, 48, 4, 0, 0, 0, 0, 255]"
66.777501,Unknown Device,0,0,12,0,"[0, 48, 4, 0, 0, 0, 0, 255]"
66.777718,Unknown Device,0,0,12,0,"[0, 48, 2, 0, 0, 0, 0, 255]"
66.778138,Unknown Device,0,0,12,0,"[0, 48, 4, 0, 0, 0, 0, 255]"
66.778315,Unknown Device,0,0,12,0,"[0, 48, 4, 0, 0, 0, 0, 255]"
66.778451,Unknown Device,0,0,12,0,"[0, 48, 2, 0, 0, 0, 0, 255]"
66.778705,Unknown Device,0,0,12,0,"[0, 48, 2, 0, 0, 0, 0, 255]"
66.77902,Unknown Device,0,0,12,0,"[0, 48, 4, 0, 0, 0, 0, 255]"
66.779151,Unknown Device,0,0,12,0,"[0, 48, 2, 0, 0, 0, 0, 255]"
66.779605,Unknown Device,0,0,12,0,"[0, 48, 4, 0, 0, 0, 0, 255]"
66.77962,Unknown Device,0,0,12,0,"[0, 48, 2, 0, 0, 0, 0, 255]"
66.779838,Unknown Device,0,0,12,0,"[0, 48, 2, 0, 0, 0, 0, 255]"
66.780063,Unknown Device,0,0,12,0,"[0, 48, 2, 0, 0, 0, 0, 255]"
66.780326,Unknown,Unknown,Unknown,Unknown,997,"[33, 50, 48, 45, 56, 48, 55, 50]"
66.780495,Unknown Device,0,0,4,0,"[0, 76, 0, 0, 0, 0, 0, 126]"
66.781038,Unknown Device,0,0,4,0,"[0, 48, 0, 0, 0, 0, 0, 255]"
66.781122,Unknown Device,0,0,12,0,"[0, 48, 2, 0, 0, 0, 0, 255]"
66.781159,Unknown Device,0,0,12,0,"[0, 48, 2, 0, 0, 0, 0, 255]"
66.781371,Unknown Device,0,0,12,0,"[0, 48, 2, 0, 0, 0, 0, 255]"
66.781593,Unknown Device,0,0,12,0,"[0, 48, 2, 0, 0, 0, 0, 255]"
66.781811,Unknown Device,0,0,12,0,"[0, 48, 2, 0, 0, 0, 0, 255]"
66.782302,Unknown Device,0,0,12,0,"[0, 48, 4, 0, 0, 0, 0, 255]"
66.782468,Unknown Device,0,0,12,0,"[0, 48, 2, 0, 0, 0, 0, 255]"
66.782484,Unknown Device,0,0,12,0,"[0, 48, 2, 0, 0, 0, 0, 255]"
66.78268,Unknown Device,0,0,12,0,"[0, 48, 2, 0, 0, 0, 0, 255]"
66.783142,Unknown Device,0,0,12,0,"[0, 48, 4, 0, 0, 0, 0, 255]"
66.783157,Unknown Device,0,0,12,0,"[0, 48, 2, 0, 0, 0, 0, 255]"
66.783326,Unknown Device,0,0,12,0,"[0, 48, 2, 0, 0, 0, 0, 255]"
66.783658,Unknown Device,0,0,12,0,"[0, 48, 4, 0, 0, 0, 0, 255]"
66.783739,Unknown Device,0,0,12,0,"[0, 48, 2, 0, 0, 0, 0, 255]"
66.783949,Unknown Device,0,0,12,0,"[0, 48, 2, 0, 0, 0, 0, 255]"
66.78416,Unknown Device,0,0,12,0,"[0, 48, 2, 0, 0, 0, 0, 255]"
66.784448,Unknown Device,0,0,12,0,"[0, 48, 2, 0, 0, 0, 0, 255]"
66.784709,Unknown Device,0,0,12,0,"[0, 48, 2, 0, 0, 0, 0, 255]"
66.784934,Unknown Device,0,0,12,0,"[0, 48, 2, 0, 0, 0, 0, 255]"
66.785152,Unknown Device,0,0,12,0,"[0, 48, 2, 0, 0, 0, 0, 255]"
66.785395,Unknown,Unknown,Unknown,Unknown,997,"[34, 55, 56, 56, 56, 0, 0, 0]"
66.785604,Unknown Device,0,0,4,0,"[0, 76, 0, 0, 0, 0, 0, 126]"
66.78596,Unknown Device,0,0,12,0,"[0, 12, 4, 0, 0, 0, 0, 127]"
66.786049,Unknown Device,0,0,12,0,"[0, 48, 4, 0, 0, 0, 0, 255]"
66.786255,Unknown Device,0,0,12,0,"[0, 48, 2, 0, 0, 0, 0, 255]"
66.786459,Unknown Device,0,0,12,0,"[0, 48, 2, 0, 0, 0, 0, 255]"
66.786666,Unknown Device,0,0,12,0,"[0, 48, 2, 0, 0, 0, 0, 255]"
66.787441,Unknown Device,0,0,12,0,"[0, 48, 4, 0, 0, 0, 0, 255]"
66.78747,Unknown Device,0,0,12,0,"[0, 48, 2, 0, 0, 0, 0, 255]"
66.787485,Unknown Device,0,0,12,0,"[0, 48, 2, 0, 0, 0, 0, 255]"
66.787589,Unknown Device,0,0,12,0,"[0, 48, 2, 0, 0, 0, 0, 255]"
66.788014,Unknown Device,0,0,12,0,"[0, 48, 4, 0, 0, 0, 0, 255]"
66.788029,Unknown Device,0,0,12,0,"[0, 48, 2, 0, 0, 0, 0, 255]"
66.788221,Unknown Device,0,0,12,0,"[0, 48, 2, 0, 0, 0, 0, 255]"
66.788454,Unknown Device,0,0,12,0,"[0, 48, 2, 0, 0, 0, 0, 255]"
66.788668,Unknown Device,0,0,12,0,"[0, 48, 2, 0, 0, 0, 0, 255]"
66.788874,Unknown Device,0,0,12,0,"[0, 48, 4, 0, 0, 0, 0, 255]"
66.789096,Unknown Device,0,0,12,0,"[0, 48, 2, 0, 0, 0, 0, 255]"
66.78931,Unknown Device,0,0,12,0,"[0, 48, 4, 0, 0, 0, 0, 255]"
66.789535,Unknown Device,0,0,12,0,"[0, 48, 4, 0, 0, 0, 0, 255]"
66.789756,Unknown Device,0,0,12,0,"[0, 48, 2, 0, 0, 0, 0, 255]"
66.789977,Unknown Device,0,0,12,0,"[0, 48, 2, 0, 0, 0, 0, 255]"
66.790276,Unknown Device,0,0,12,0,"[0, 48, 4, 0, 0, 0, 0, 255]"
66.79045,Unknown Device,0,0,12,0,"[0, 48, 2, 0, 0, 0, 0, 255]"
66.791038,Unknown Device,0,0,12,0,"[0, 48, 2, 0, 0, 0, 0, 255]"
66.791131,Unknown Device,0,0,12,0,"[0, 48, 2, 0, 0, 0, 0, 255]"
66.791146,Unknown Device,0,0,12,0,"[0, 48, 2, 0, 0, 0, 0, 255]"
66.791317,Unknown Device,0,0,12,0,"[0, 48, 2, 0, 0, 0, 0, 255]"
66.791527,Unknown Device,0,0,12,0,"[0, 48, 2, 0, 0, 0, 0, 255]"
66.791798,Unknown Device,0,0,12,0,"[0, 48, 2, 0, 0, 0, 0, 255]"
66.792476,Unknown Device,0,0,12,0,"[0, 48, 4, 0, 0, 0, 0, 255]"
66.793013,Unknown Device,0,0,12,0,"[0, 48, 2, 0, 0, 0, 0, 255]"
66.793375,Unknown Device,0,0,12,0,"[0, 48, 2, 0, 0, 0, 0, 255]"
66.793615,Unknown Device,0,0,12,0,"[0, 48, 2, 0, 0, 0, 0, 255]"
66.7939,Unknown Device,0,0,12,0,"[0, 48, 2, 0, 0, 0, 0, 255]"
66.794107,Unknown Device,0,0,12,0,"[0, 48, 2, 0, 0, 0, 0, 255]"
66.794386,Unknown Device,0,0,12,0,"[0, 48, 4, 0, 0, 0, 0, 255]"
66.794633,Unknown Device,0,0,12,0,"[0, 48, 2, 0, 0, 0, 0, 255]"
66.794958,Unknown Device,0,0,12,0,"[0, 48, 2, 0, 0, 0, 0, 255]"
66.795201,Unknown Device,0,0,12,0,"[0, 48, 2, 0, 0, 0, 0, 255]"
66.795552,Unknown,Unknown,Unknown,Unknown,997,"[36, 0, 0, 0, 0, 0, 0, 0]"
66.796519,Unknown Device,0,0,12,0,"[0, 48, 2, 0, 0, 0, 0, 255]"
66.796858,Unknown Device,0,0,12,0,"[0, 48, 2, 0, 0, 0, 0, 255]"
66.797383,Unknown Device,0,0,12,0,"[0, 48, 4, 0, 0, 0, 0, 255]"
66.797468,Unknown Device,0,0,12,0,"[0, 48, 4, 0, 0, 0, 0, 255]"
66.797763,Unknown Device,0,0,12,0,"[0, 48, 4, 0, 0, 0, 0, 255]"
66.798013,Unknown Device,0,0,12,0,"[0, 48, 2, 0, 0, 0, 0, 255]"
66.798343,Unknown Device,0,0,12,0,"[0, 48, 4, 0, 0, 0, 0, 255]"
66.798524,Unknown Device,0,0,12,0,"[0, 48, 2, 0, 0, 0, 0, 255]"
66.79884,Unknown Device,0,0,12,0,"[0, 48, 2, 0, 0, 0, 0, 255]"
66.799076,Unknown Device,0,0,12,0,"[0, 48, 4, 0, 0, 0, 0, 255]"
66.799298,Unknown Device,0,0,12,0,"[0, 48, 2, 0, 0, 0, 0, 255]"
66.799516,Unknown Device,0,0,12,0,"[0, 48, 4, 0, 0, 0, 0, 255]"
66.79974,Unknown Device,0,0,0,0,"[192, 192, 223, 77, 85, 0, 0, 0]"
66.799966,Unknown Device,0,0,12,0,"[0, 48, 2, 0, 0, 0, 0, 255]"
66.800195,Unknown Device,0,0,12,0,"[0, 48, 2, 0, 0, 0, 0, 255]"
66.800452,Unknown,Unknown,Unknown,Unknown,997,"[37, 76, 73, 67, 45, 50, 52, 45]"
66.800679,Unknown Device,0,0,12,0,"[0, 48, 2, 0, 0, 0, 0, 255]"
66.800922,Unknown Device,0,0,12,0,"[0, 48, 2, 0, 0, 0, 0, 255]"
66.801144,Unknown Device,0,0,12,0,"[0, 48, 2, 0, 0, 0, 0, 255]"
66.801451,Unknown Device,0,0,12,0,"[0, 48, 2, 0, 0, 0, 0, 255]"
66.801694,Unknown Device,0,0,12,0,"[0, 48, 2, 0, 0, 0, 0, 255]"
66.801974,Unknown Device,0,0,12,0,"[0, 48, 2, 0, 0, 0, 0, 255]"
66.802483,Unknown Device,0,0,12,0,"[0, 48, 2, 0, 0, 0, 0, 255]"
66.802554,Unknown Device,0,0,12,0,"[0, 48, 2, 0, 0, 0, 0, 255]"
66.802702,Unknown Device,0,0,12,0,"[0, 48, 2, 0, 0, 0, 0, 255]"
66.803127,Unknown Device,0,0,12,0,"[0, 48, 4, 0, 0, 0, 0, 255]"
66.803354,Unknown Device,0,0,12,0,"[0, 48, 4, 0, 0, 0, 0, 255]"
66.803454,Unknown Device,0,0,12,0,"[0, 48, 2, 0, 0, 0, 0, 255]"
66.803712,Unknown Device,0,0,12,0,"[0, 48, 2, 0, 0, 0, 0, 255]"
66.803996,Unknown Device,0,0,12,0,"[0, 48, 4, 0, 0, 0, 0, 255]"
66.804144,Unknown Device,0,0,12,0,"[0, 48, 2, 0, 0, 0, 0, 255]"
66.804419,Unknown Device,0,0,12,0,"[0, 48, 2, 0, 0, 0, 0, 255]"
66.804596,Unknown Device,0,0,12,0,"[0, 48, 2, 0, 0, 0, 0, 255]"
66.804854,Unknown Device,0,0,12,0,"[0, 48, 2, 0, 0, 0, 0, 255]"
66.805112,Unknown Device,0,0,12,0,"[0, 48, 2, 0, 0, 0, 0, 255]"
66.80537,Unknown Device,0,0,4,0,"[0, 76, 0, 0, 0, 0, 0, 126]"
66.805592,Unknown,Unknown,Unknown,Unknown,997,"[38, 56, 48, 56, 50, 55, 57, 48]"
66.805991,Unknown Device,0,0,4,0,"[0, 48, 0, 0, 0, 0, 0, 255]"
66.806064,Unknown Device,0,0,12,0,"[0, 48, 4, 0, 0, 0, 0, 255]"
66.806301,Unknown Device,0,0,12,0,"[0, 48, 2, 0, 0, 0, 0, 255]"
66.806526,Unknown Device,0,0,12,0,"[0, 48, 2, 0, 0, 0, 0, 255]"
66.806754,Unknown Device,0,0,12,0,"[0, 48, 2, 0, 0, 0, 0, 255]"
66.807447,Unknown Device,0,0,12,0,"[0, 48, 4, 0, 0, 0, 0, 255]"
66.807475,Unknown Device,0,0,12,0,"[0, 48, 2, 0, 0, 0, 0, 255]"
66.807491,Unknown Device,0,0,12,0,"[0, 48, 2, 0, 0, 0, 0, 255]"
66.807734,Unknown Device,0,0,12,0,"[0, 48, 2, 0, 0, 0, 0, 255]"
66.808007,Unknown Device,0,0,12,0,"[0, 48, 2, 0, 0, 0, 0, 255]"
66.808285,Unknown Device,0,0,12,0,"[0, 48, 2, 0, 0, 0, 0, 255]"
66.808474,Unknown Device,0,0,12,0,"[0, 48, 2, 0, 0, 0, 0, 255]"
66.808769,Unknown Device,0,0,12,0,"[0, 48, 2, 0, 0, 0, 0, 255]"
66.809012,Unknown Device,0,0,12,0,"[0, 48, 2, 0, 0, 0, 0, 255]"
66.809307,Unknown Device,0,0,12,0,"[0, 48, 2, 0, 0, 0, 0, 255]"
66.809665,Unknown Device,0,0,12,0,"[0, 48, 2, 0, 0, 0, 0, 255]"
66.809952,Unknown Device,0,0,12,0,"[0, 48, 2, 0, 0, 0, 0, 255]"
66.810313,Unknown Device,0,0,4,0,"[0, 76, 0, 0, 0, 0, 0, 126]"
66.810594,Unknown,Unknown,Unknown,Unknown,997,"[39, 48, 45, 70, 82, 67, 45, 48]"
66.81085,Unknown Device,0,0,12,0,"[0, 48, 4, 0, 0, 0, 0, 255]"
66.811071,Unknown Device,0,0,12,0,"[0, 48, 2, 0, 0, 0, 0, 255]"
66.8113,Unknown Device,0,0,12,0,"[0, 48, 2, 0, 0, 0, 0, 255]"
66.811533,Unknown Device,0,0,12,0,"[0, 48, 2, 0, 0, 0, 0, 255]"
66.811754,Unknown Device,0,0,12,0,"[0, 48, 2, 0, 0, 0, 0, 255]"
66.812433,Unknown Device,0,0,12,0,"[0, 48, 2, 0, 0, 0, 0, 255]"
66.812554,Unknown Device,0,0,12,0,"[0, 48, 2, 0, 0, 0, 0, 255]"
66.812943,Unknown Device,0,0,12,0,"[0, 48, 4, 0, 0, 0, 0, 255]"
66.812972,Unknown Device,0,0,12,0,"[0, 48, 2, 0, 0, 0, 0, 255]"
66.813299,Unknown Device,0,0,12,0,"[0, 48, 4, 0, 0, 0, 0, 255]"
66.813314,Unknown Device,0,0,12,0,"[0, 48, 2, 0, 0, 0, 0, 255]"
66.813574,Unknown Device,0,0,12,0,"[0, 48, 4, 0, 0, 0, 0, 255]"
66.813998,Unknown Device,0,0,12,0,"[0, 48, 4, 0, 0, 0, 0, 255]"
66.814013,Unknown Device,0,0,12,0,"[0, 48, 2, 0, 0, 0, 0, 255]"
66.814264,Unknown Device,0,0,12,0,"[0, 48, 2, 0, 0, 0, 0, 255]"
66.814497,Unknown Device,0,0,12,0,"[0, 48, 2, 0, 0, 0, 0, 255]"
66.81477,Unknown Device,0,0,12,0,"[0, 48, 2, 0, 0, 0, 0, 255]"
66.815079,Unknown Device,0,0,12,0,"[0, 48, 2, 0, 0, 0, 0, 255]"
66.81542,Unknown,Unknown,Unknown,Unknown,997,"[40, 50, 49, 50, 57, 0, 0, 0]"
66.815542,Unknown Device,0,0,4,0,"[0, 76, 0, 0, 0, 0, 0, 126]"
66.815824,Unknown Device,0,0,12,0,"[0, 48, 2, 0, 0, 0, 0, 255]"
66.816042,Unknown Device,0,0,12,0,"[0, 48, 2, 0, 0, 0, 0, 255]"
66.816311,Unknown Device,0,0,12,0,"[0, 48, 2, 0, 0, 0, 0, 255]"
66.816598,Unknown Device,0,0,12,0,"[0, 48, 2, 0, 0, 0, 0, 255]"
66.816838,Unknown Device,0,0,12,0,"[0, 48, 2, 0, 0, 0, 0, 255]"
66.817392,Unknown Device,0,0,12,0,"[0, 48, 4, 0, 0, 0, 0, 255]"
66.817411,Unknown Device,0,0,12,0,"[0, 48, 2, 0, 0, 0, 0, 255]"
66.81755,Unknown Device,0,0,12,0,"[0, 48, 2, 0, 0, 0, 0, 255]"
66.817826,Unknown Device,0,0,12,0,"[0, 48, 2, 0, 0, 0, 0, 255]"
66.81808,Unknown Device,0,0,12,0,"[0, 48, 2, 0, 0, 0, 0, 255]"
66.818313,Unknown Device,0,0,12,0,"[0, 48, 2, 0, 0, 0, 0, 255]"
66.818528,Unknown Device,0,0,12,0,"[0, 48, 2, 0, 0, 0, 0, 255]"
66.819005,Unknown Device,0,0,12,0,"[0, 48, 2, 0, 0, 0, 0, 255]"
66.819612,Unknown Device,0,0,12,0,"[0, 48, 4, 0, 0, 0, 0, 255]"
66.819627,Unknown Device,0,0,12,0,"[0, 48, 2, 0, 0, 0, 0, 255]"
66.819922,Unknown Device,0,0,12,0,"[0, 48, 2, 0, 0, 0, 0, 255]"
66.820118,Unknown Device,0,0,12,0,"[0, 48, 4, 0, 0, 0, 0, 255]"
66.820197,Unknown Device,0,0,12,0,"[0, 48, 2, 0, 0, 0, 0, 255]"
66.820338,Unknown Device,0,0,12,0,"[0, 48, 4, 0, 0, 0, 0, 255]"
66.82048,Unknown Device,0,0,12,0,"[0, 48, 2, 0, 0, 0, 0, 255]"
66.820705,Unknown Device,0,0,12,0,"[0, 48, 4, 0, 0, 0, 0, 255]"
66.821098,Unknown Device,0,0,12,0,"[0, 48, 4, 0, 0, 0, 0, 255]"
66.821186,Unknown Device,0,0,12,0,"[0, 48, 2, 0, 0, 0, 0, 255]"
66.821535,Unknown Device,0,0,12,0,"[0, 48, 2, 0, 0, 0, 0, 255]"
66.821717,Unknown Device,0,0,12,0,"[0, 48, 2, 0, 0, 0, 0, 255]"
66.821957,Unknown Device,0,0,12,0,"[0, 48, 4, 0, 0, 0, 0, 255]"
66.822218,Unknown Device,0,0,12,0,"[0, 48, 2, 0, 0, 0, 0, 255]"
66.822477,Unknown Device,0,0,12,0,"[0, 48, 4, 0, 0, 0, 0, 255]"
66.822687,Unknown Device,0,0,12,0,"[0, 48, 2, 0, 0, 0, 0, 255]"
66.823185,Unknown Device,0,0,12,0,"[0, 48, 2, 0, 0, 0, 0, 255]"
66.823269,Unknown Device,0,0,12,0,"[0, 48, 4, 0, 0, 0, 0, 255]"
66.823456,Unknown Device,0,0,12,0,"[0, 48, 2, 0, 0, 0, 0, 255]"
66.823688,Unknown Device,0,0,12,0,"[0, 48, 4, 0, 0, 0, 0, 255]"
66.82392,Unknown Device,0,0,12,0,"[0, 48, 4, 0, 0, 0, 0, 255]"
66.824131,Unknown Device,0,0,12,0,"[0, 48, 2, 0, 0, 0, 0, 255]"
66.824452,Unknown Device,0,0,12,0,"[0, 48, 2, 0, 0, 0, 0, 255]"
66.824554,Unknown Device,0,0,12,0,"[0, 48, 2, 0, 0, 0, 0, 255]"
66.824743,Unknown Device,0,0,12,0,"[0, 48, 2, 0, 0, 0, 0, 255]"
66.824961,Unknown Device,0,0,12,0,"[0, 48, 2, 0, 0, 0, 0, 255]"
66.825222,Unknown Device,0,0,12,0,"[0, 48, 2, 0, 0, 0, 0, 255]"
66.825483,Unknown,Unknown,Unknown,Unknown,997,"[42, 45, 50, 53, 45, 56, 48, 56]"
66.825692,Unknown Device,0,0,4,0,"[0, 76, 0, 0, 0, 0, 0, 126]"
66.826003,Unknown Device,0,0,12,0,"[0, 48, 4, 0, 0, 0, 0, 255]"
66.82625,Unknown Device,0,0,12,0,"[0, 48, 2, 0, 0, 0, 0, 255]"
66.826487,Unknown Device,0,0,12,0,"[0, 48, 4, 0, 0, 0, 0, 255]"
66.826835,Unknown Device,0,0,12,0,"[0, 48, 2, 0, 0, 0, 0, 255]"
66.827197,Unknown Device,0,0,12,0,"[0, 48, 4, 0, 0, 0, 0, 255]"
66.828099,Unknown Device,0,0,12,0,"[0, 48, 2, 0, 0, 0, 0, 255]"
66.828481,Unknown Device,0,0,12,0,"[0, 48, 2, 0, 0, 0, 0, 255]"
66.828713,Unknown Device,0,0,12,0,"[0, 48, 2, 0, 0, 0, 0, 255]"
66.828994,Unknown Device,0,0,12,0,"[0, 48, 4, 0, 0, 0, 0, 255]"
66.829161,Unknown Device,0,0,12,0,"[0, 48, 2, 0, 0, 0, 0, 255]"
66.829456,Unknown Device,0,0,12,0,"[0, 48, 4, 0, 0, 0, 0, 255]"
66.829667,Unknown Device,0,0,12,0,"[0, 48, 2, 0, 0, 0, 0, 255]"
66.829906,Unknown Device,0,0,12,0,"[0, 48, 4, 0, 0, 0, 0, 255]"
66.830124,Unknown Device,0,0,12,0,"[0, 48, 4, 0, 0, 0, 0, 255]"
66.830364,Unknown Device,0,0,12,0,"[0, 48, 2, 0, 0, 0, 0, 255]"
66.830572,Unknown Device,0,0,12,0,"[0, 48, 2, 0, 0, 0, 0, 255]"
66.830775,Unknown Device,0,0,12,0,"[0, 48, 4, 0, 0, 0, 0, 255]"
66.831126,Unknown Device,0,0,12,0,"[0, 48, 4, 0, 0, 0, 0, 255]"
66.831287,Unknown Device,0,0,12,0,"[0, 48, 2, 0, 0, 0, 0, 255]"
66.831581,Unknown Device,0,0,12,0,"[0, 48, 2, 0, 0, 0, 0, 255]"
66.831814,Unknown Device,0,0,12,0,"[0, 48, 4, 0, 0, 0, 0, 255]"
66.832039,Unknown Device,0,0,12,0,"[0, 48, 2, 0, 0, 0, 0, 255]"
66.832329,Unknown Device,0,0,12,0,"[0, 48, 4, 0, 0, 0, 0, 255]"
66.832559,Unknown Device,0,0,12,0,"[0, 48, 2, 0, 0, 0, 0, 255]"
66.832784,Unknown Device,0,0,12,0,"[0, 48, 2, 0, 0, 0, 0, 255]"
66.8331,Unknown Device,0,0,12,0,"[0, 48, 2, 0, 0, 0, 0, 255]"
66.833245,Unknown Device,0,0,12,0,"[0, 48, 4, 0, 0, 0, 0, 255]"
66.833468,Unknown Device,0,0,12,0,"[0, 48, 2, 0, 0, 0, 0, 255]"
66.83391,Unknown Device,0,0,12,0,"[0, 48, 4, 0, 0, 0, 0, 255]"
66.833969,Unknown Device,0,0,12,0,"[0, 48, 2, 0, 0, 0, 0, 255]"
66.834201,Unknown Device,0,0,12,0,"[0, 48, 2, 0, 0, 0, 0, 255]"
66.834453,Unknown Device,0,0,12,0,"[0, 48, 2, 0, 0, 0, 0, 255]"
66.834685,Unknown Device,0,0,12,0,"[0, 48, 2, 0, 0, 0, 0, 255]"
66.834918,Unknown Device,0,0,12,0,"[0, 48, 2, 0, 0, 0, 0, 255]"
66.835121,Unknown Device,0,0,12,0,"[0, 48, 2, 0, 0, 0, 0, 255]"
66.835409,Unknown,Unknown,Unknown,Unknown,997,"[44, 82, 67, 45, 48, 50, 49, 50]"
66.835533,Unknown Device,0,0,4,0,"[0, 76, 0, 0, 0, 0, 0, 126]"
66.835997,Unknown Device,0,0,12,0,"[0, 48, 4, 0, 0, 0, 0, 255]"
66.836054,Unknown Device,0,0,12,0,"[0, 48, 4, 0, 0, 0, 0, 255]"
66.836216,Unknown Device,0,0,12,0,"[0, 48, 2, 0, 0, 0, 0, 255]"
66.836457,Unknown Device,0,0,12,0,"[0, 48, 2, 0, 0, 0, 0, 255]"
66.836685,Unknown Device,0,0,12,0,"[0, 48, 4, 0, 0, 0, 0, 255]"
66.836906,Unknown Device,0,0,12,0,"[0, 48, 2, 0, 0, 0, 0, 255]"
66.837484,Unknown Device,0,0,12,0,"[0, 48, 2, 0, 0, 0, 0, 255]"
66.837499,Unknown Device,0,0,12,0,"[0, 48, 2, 0, 0, 0, 0, 255]"
66.837565,Unknown Device,0,0,12,0,"[0, 48, 2, 0, 0, 0, 0, 255]"
66.83783,Unknown Device,0,0,12,0,"[0, 48, 2, 0, 0, 0, 0, 255]"
66.838095,Unknown Device,0,0,12,0,"[0, 48, 2, 0, 0, 0, 0, 255]"
66.838369,Unknown Device,0,0,12,0,"[0, 48, 2, 0, 0, 0, 0, 255]"
66.838653,Unknown Device,0,0,12,0,"[0, 48, 2, 0, 0, 0, 0, 255]"
66.839017,Unknown Device,0,0,12,0,"[0, 48, 2, 0, 0, 0, 0, 255]"
66.839186,Unknown Device,0,0,12,0,"[0, 48, 2, 0, 0, 0, 0, 255]"
66.839555,Unknown Device,0,0,12,0,"[0, 48, 2, 0, 0, 0, 0, 255]"
66.83968,Unknown Device,0,0,12,0,"[0, 48, 2, 0, 0, 0, 0, 255]"
66.839938,Unknown Device,0,0,12,0,"[0, 48, 2, 0, 0, 0, 0, 255]"
66.840167,Unknown Device,0,0,12,0,"[0, 48, 2, 0, 0, 0, 0, 255]"
66.840461,Unknown,Unknown,Unknown,Unknown,997,"[45, 57, 0, 0, 0, 0, 0, 0]"
66.840717,Unknown Device,0,0,4,0,"[0, 76, 0, 0, 0, 0, 0, 126]"
66.840974,Unknown Device,0,0,12,0,"[0, 48, 4, 0, 0, 0, 0, 255]"
66.84118,Unknown Device,0,0,12,0,"[0, 48, 2, 0, 0, 0, 0, 255]"
66.841458,Unknown Device,0,0,12,0,"[0, 48, 4, 0, 0, 0, 0, 255]"
66.841716,Unknown Device,0,0,12,0,"[0, 48, 2, 0, 0, 0, 0, 255]"
66.841929,Unknown Device,0,0,12,0,"[0, 48, 2, 0, 0, 0, 0, 255]"
66.842409,Unknown Device,0,0,12,0,"[0, 48, 4, 0, 0, 0, 0, 255]"
66.842424,Unknown Device,0,0,12,0,"[0, 48, 2, 0, 0, 0, 0, 255]"
66.842564,Unknown Device,0,0,12,0,"[0, 48, 2, 0, 0, 0, 0, 255]"
66.842896,Unknown Device,0,0,12,0,"[0, 48, 2, 0, 0, 0, 0, 255]"
66.843152,Unknown Device,0,0,12,0,"[0, 48, 2, 0, 0, 0, 0, 255]"
66.843337,Unknown Device,0,0,12,0,"[0, 48, 2, 0, 0, 0, 0, 255]"
66.843695,Unknown Device,0,0,12,0,"[0, 48, 4, 0, 0, 0, 0, 255]"
66.843754,Unknown Device,0,0,12,0,"[0, 48, 2, 0, 0, 0, 0, 255]"
66.843968,Unknown Device,0,0,12,0,"[0, 48, 2, 0, 0, 0, 0, 255]"
66.844174,Unknown Device,0,0,12,0,"[0, 48, 2, 0, 0, 0, 0, 255]"
66.844473,Unknown Device,0,0,12,0,"[0, 48, 4, 0, 0, 0, 0, 255]"
66.844701,Unknown Device,0,0,12,0,"[0, 48, 2, 0, 0, 0, 0, 255]"
66.844989,Unknown Device,0,0,12,0,"[0, 48, 2, 0, 0, 0, 0, 255]"
66.845232,Unknown Device,0,0,12,0,"[0, 48, 2, 0, 0, 0, 0, 255]"
66.845489,Unknown,Unknown,Unknown,Unknown,997,"[46, 0, 170, 170, 170, 170, 170, 170]"
66.845694,Unknown Device,0,0,4,0,"[0, 76, 0, 0, 0, 0, 0, 126]"
66.846036,Unknown Device,0,0,4,0,"[0, 48, 0, 0, 0, 0, 0, 255]"
66.846182,Unknown Device,0,0,12,0,"[0, 48, 2, 0, 0, 0, 0, 255]"
66.84646,Unknown Device,0,0,12,0,"[0, 48, 2, 0, 0, 0, 0, 255]"
66.846738,Unknown Device,0,0,12,0,"[0, 48, 4, 0, 0, 0, 0, 255]"
66.8469,Unknown Device,0,0,12,0,"[0, 48, 2, 0, 0, 0, 0, 255]"
66.847485,Unknown Device,0,0,12,0,"[0, 48, 2, 0, 0, 0, 0, 255]"
66.847514,Unknown Device,0,0,12,0,"[0, 48, 2, 0, 0, 0, 0, 255]"
66.847558,Unknown Device,0,0,12,0,"[0, 48, 2, 0, 0, 0, 0, 255]"
66.84772,Unknown Device,0,0,12,0,"[0, 48, 2, 0, 0, 0, 0, 255]"
66.848075,Unknown Device,0,0,12,0,"[0, 48, 4, 0, 0, 0, 0, 255]"
66.848184,Unknown Device,0,0,12,0,"[0, 48, 4, 0, 0, 0, 0, 255]"
66.848361,Unknown Device,0,0,12,0,"[0, 48, 2, 0, 0, 0, 0, 255]"
66.848587,Unknown Device,0,0,12,0,"[0, 48, 2, 0, 0, 0, 0, 255]"
66.849032,Unknown Device,0,0,12,0,"[0, 48, 4, 0, 0, 0, 0, 255]"
66.849048,Unknown Device,0,0,12,0,"[0, 48, 2, 0, 0, 0, 0, 255]"
66.849526,Unknown Device,0,0,12,0,"[0, 48, 4, 0, 0, 0, 0, 255]"
66.849612,Unknown Device,0,0,12,0,"[0, 48, 2, 0, 0, 0, 0, 255]"
66.849693,Unknown Device,0,0,12,0,"[0, 48, 2, 0, 0, 0, 0, 255]"
66.849892,Unknown Device,0,0,12,0,"[0, 48, 4, 0, 0, 0, 0, 255]"
66.850128,Unknown Device,0,0,12,0,"[0, 48, 2, 0, 0, 0, 0, 255]"
66.850457,Unknown Device,0,0,12,0,"[0, 48, 4, 0, 0, 0, 0, 255]"
66.850974,Unknown Device,0,0,12,0,"[0, 48, 2, 0, 0, 0, 0, 255]"
66.851144,Unknown Device,0,0,12,0,"[0, 48, 2, 0, 0, 0, 0, 255]"
66.851196,Unknown Device,0,0,12,0,"[0, 48, 2, 0, 0, 0, 0, 255]"
66.851459,Unknown Device,0,0,12,0,"[0, 48, 4, 0, 0, 0, 0, 255]"
66.851688,Unknown Device,0,0,12,0,"[0, 48, 2, 0, 0, 0, 0, 255]"
66.851916,Unknown Device,0,0,12,0,"[0, 48, 2, 0, 0, 0, 0, 255]"
66.85248,Unknown Device,0,0,12,0,"[0, 48, 2, 0, 0, 0, 0, 255]"
66.852496,Unknown Device,0,0,12,0,"[0, 48, 2, 0, 0, 0, 0, 255]"
66.852635,Unknown Device,0,0,12,0,"[0, 48, 4, 0, 0, 0, 0, 255]"
66.852812,Unknown Device,0,0,12,0,"[0, 48, 2, 0, 0, 0, 0, 255]"
66.853025,Unknown Device,0,0,12,0,"[0, 48, 4, 0, 0, 0, 0, 255]"
66.853375,Unknown Device,0,0,12,0,"[0, 48, 2, 0, 0, 0, 0, 255]"
66.853578,Unknown Device,0,0,12,0,"[0, 48, 2, 0, 0, 0, 0, 255]"
66.853836,Unknown Device,0,0,12,0,"[0, 48, 2, 0, 0, 0, 0, 255]"
66.854094,Unknown Device,0,0,12,0,"[0, 48, 2, 0, 0, 0, 0, 255]"
66.854437,Unknown,Unknown,Unknown,Unknown,997,"[33, 147, 6, 160, 167, 0, 0, 0]"
66.854657,Unknown Device,0,0,12,0,"[0, 48, 2, 0, 0, 0, 0, 255]"
66.854885,Unknown Device,0,0,12,0,"[0, 48, 4, 0, 0, 0, 0, 255]"
66.855128,Unknown Device,0,0,12,0,"[0, 48, 2, 0, 0, 0, 0, 255]"
66.85535,Unknown Device,0,0,12,0,"[0, 48, 4, 0, 0, 0, 0, 255]"
66.855575,Unknown Device,0,0,12,0,"[0, 48, 4, 0, 0, 0, 0, 255]"
66.856102,Unknown Device,0,0,12,0,"[0, 48, 2, 0, 0, 0, 0, 255]"
66.856118,Unknown Device,0,0,12,0,"[0, 48, 2, 0, 0, 0, 0, 255]"
66.856369,Unknown Device,0,0,12,0,"[0, 48, 2, 0, 0, 0, 0, 255]"
66.856668,Unknown Device,0,0,12,0,"[0, 48, 2, 0, 0, 0, 0, 255]"
66.857419,Unknown Device,0,0,12,0,"[0, 48, 2, 0, 0, 0, 0, 255]"
66.857569,Unknown Device,0,0,12,0,"[0, 48, 4, 0, 0, 0, 0, 255]"
66.857584,Unknown Device,0,0,12,0,"[0, 48, 2, 0, 0, 0, 0, 255]"
66.857857,Unknown Device,0,0,12,0,"[0, 48, 2, 0, 0, 0, 0, 255]"
66.858151,Unknown Device,0,0,12,0,"[0, 48, 2, 0, 0, 0, 0, 255]"
66.858466,Unknown Device,0,0,12,0,"[0, 48, 2, 0, 0, 0, 0, 255]"
66.858997,Unknown Device,0,0,12,0,"[0, 48, 4, 0, 0, 0, 0, 255]"
66.859026,Unknown Device,0,0,12,0,"[0, 48, 2, 0, 0, 0, 0, 255]"
66.859465,Unknown,Unknown,Unknown,Unknown,997,"[34, 0, 0, 0, 0, 0, 205, 184]"
66.859758,Unknown Device,0,0,12,0,"[0, 48, 2, 0, 0, 0, 0, 255]"
66.860031,Unknown Device,0,0,12,0,"[0, 48, 2, 0, 0, 0, 0, 255]"
66.860312,Unknown Device,0,0,12,0,"[0, 48, 4, 0, 0, 0, 0, 255]"
66.861068,Unknown Device,0,0,12,0,"[0, 48, 2, 0, 0, 0, 0, 255]"
66.861083,Unknown Device,0,0,12,0,"[0, 48, 2, 0, 0, 0, 0, 255]"
66.861098,Unknown Device,0,0,12,0,"[0, 48, 2, 0, 0, 0, 0, 255]"
66.861298,Unknown Device,0,0,12,0,"[0, 48, 2, 0, 0, 0, 0, 255]"
66.861516,Unknown Device,0,0,12,0,"[0, 48, 2, 0, 0, 0, 0, 255]"
66.86176,Unknown Device,0,0,12,0,"[0, 48, 4, 0, 0, 0, 0, 255]"
66.862003,Unknown Device,0,0,12,0,"[0, 48, 2, 0, 0, 0, 0, 255]"
66.86246,Unknown Device,0,0,12,0,"[0, 48, 2, 0, 0, 0, 0, 255]"
66.862545,Unknown Device,0,0,12,0,"[0, 48, 2, 0, 0, 0, 0, 255]"
66.862701,Unknown Device,0,0,12,0,"[0, 48, 2, 0, 0, 0, 0, 255]"
66.863189,Unknown Device,0,0,12,0,"[0, 48, 2, 0, 0, 0, 0, 255]"
66.863204,Unknown Device,0,0,12,0,"[0, 48, 2, 0, 0, 0, 0, 255]"
66.863346,Unknown Device,0,0,12,0,"[0, 48, 2, 0, 0, 0, 0, 255]"
66.863761,Unknown Device,0,0,12,0,"[0, 48, 4, 0, 0, 0, 0, 255]"
66.863791,Unknown Device,0,0,12,0,"[0, 48, 2, 0, 0, 0, 0, 255]"
66.863982,Unknown Device,0,0,12,0,"[0, 48, 2, 0, 0, 0, 0, 255]"
66.864233,Unknown Device,0,0,12,0,"[0, 48, 2, 0, 0, 0, 0, 255]"
66.864462,Unknown,Unknown,Unknown,Unknown,997,"[35, 165, 238, 121, 200, 191, 53, 5]"
66.864681,Unknown Device,0,0,12,0,"[0, 48, 2, 0, 0, 0, 0, 255]"
66.864895,Unknown Device,0,0,12,0,"[0, 48, 2, 0, 0, 0, 0, 255]"
66.865087,Unknown Device,0,0,12,0,"[0, 48, 4, 0, 0, 0, 0, 255]"
66.865316,Unknown Device,0,0,12,0,"[0, 48, 2, 0, 0, 0, 0, 255]"
66.865986,Unknown Device,0,0,12,0,"[0, 48, 4, 0, 0, 0, 0, 255]"
66.866014,Unknown Device,0,0,12,0,"[0, 48, 2, 0, 0, 0, 0, 255]"
66.866468,Unknown Device,0,0,12,0,"[0, 48, 2, 0, 0, 0, 0, 255]"
66.866608,Unknown Device,0,0,12,0,"[0, 48, 4, 0, 0, 0, 0, 255]"
66.866623,Unknown Device,0,0,12,0,"[0, 48, 2, 0, 0, 0, 0, 255]"
66.866675,Unknown Device,0,0,12,0,"[0, 48, 2, 0, 0, 0, 0, 255]"
66.867485,Unknown Device,0,0,12,0,"[0, 48, 2, 0, 0, 0, 0, 255]"
66.867522,Unknown Device,0,0,12,0,"[0, 48, 2, 0, 0, 0, 0, 255]"
66.867593,Unknown Device,0,0,12,0,"[0, 48, 2, 0, 0, 0, 0, 255]"
66.867608,Unknown Device,0,0,12,0,"[0, 48, 2, 0, 0, 0, 0, 255]"
66.867732,Unknown Device,0,0,12,0,"[0, 48, 2, 0, 0, 0, 0, 255]"
66.868343,Unknown Device,0,0,12,0,"[0, 48, 2, 0, 0, 0, 0, 255]"
66.868358,Unknown Device,0,0,12,0,"[0, 48, 2, 0, 0, 0, 0, 255]"
66.868373,Unknown Device,0,0,12,0,"[0, 48, 2, 0, 0, 0, 0, 255]"
66.868552,Unknown Device,0,0,12,0,"[0, 48, 2, 0, 0, 0, 0, 255]"
66.868748,Unknown Device,0,0,12,0,"[0, 48, 2, 0, 0, 0, 0, 255]"
66.868993,Unknown Device,0,0,12,0,"[0, 48, 2, 0, 0, 0, 0, 255]"
66.869307,Unknown Device,0,0,4,0,"[0, 76, 0, 0, 0, 0, 0, 126]"
66.86936,Unknown,Unknown,Unknown,Unknown,997,"[36, 34, 204, 112, 24, 10, 194, 18]"
66.869601,Unknown Device,0,0,12,0,"[0, 12, 4, 0, 0, 0, 0, 127]"
66.869754,Unknown Device,0,0,12,0,"[0, 48, 2, 0, 0, 0, 0, 255]"
66.870124,Unknown Device,0,0,12,0,"[0, 48, 2, 0, 0, 0, 0, 255]"
66.870205,Unknown Device,0,0,12,0,"[0, 48, 2, 0, 0, 0, 0, 255]"
66.871078,Unknown Device,0,0,12,0,"[0, 48, 2, 0, 0, 0, 0, 255]"
66.871116,Unknown Device,0,0,12,0,"[0, 48, 2, 0, 0, 0, 0, 255]"
66.871173,Unknown Device,0,0,12,0,"[0, 48, 2, 0, 0, 0, 0, 255]"
66.871243,Unknown Device,0,0,12,0,"[0, 48, 2, 0, 0, 0, 0, 255]"
66.87131,Unknown Device,0,0,12,0,"[0, 48, 2, 0, 0, 0, 0, 255]"
66.871525,Unknown Device,0,0,12,0,"[0, 48, 2, 0, 0, 0, 0, 255]"
66.871743,Unknown Device,0,0,12,0,"[0, 48, 2, 0, 0, 0, 0, 255]"
66.871954,Unknown Device,0,0,12,0,"[0, 48, 4, 0, 0, 0, 0, 255]"
66.872164,Unknown Device,0,0,12,0,"[0, 48, 4, 0, 0, 0, 0, 255]"
66.872491,Unknown Device,0,0,12,0,"[0, 48, 4, 0, 0, 0, 0, 255]"
66.872586,Unknown Device,0,0,12,0,"[0, 48, 2, 0, 0, 0, 0, 255]"
66.872797,Unknown Device,0,0,12,0,"[0, 48, 2, 0, 0, 0, 0, 255]"
66.873077,Unknown Device,0,0,12,0,"[0, 48, 2, 0, 0, 0, 0, 255]"
66.873293,Unknown Device,0,0,12,0,"[0, 48, 4, 0, 0, 0, 0, 255]"
66.873464,Unknown Device,0,0,12,0,"[0, 48, 2, 0, 0, 0, 0, 255]"
66.873689,Unknown Device,0,0,12,0,"[0, 48, 4, 0, 0, 0, 0, 255]"
66.873921,Unknown Device,0,0,12,0,"[0, 48, 2, 0, 0, 0, 0, 255]"
66.874132,Unknown Device,0,0,12,0,"[0, 48, 2, 0, 0, 0, 0, 255]"
66.874431,Unknown Device,0,0,12,0,"[0, 48, 4, 0, 0, 0, 0, 255]"
66.874562,Unknown Device,0,0,12,0,"[0, 48, 2, 0, 0, 0, 0, 255]"
66.874773,Unknown Device,0,0,12,0,"[0, 48, 2, 0, 0, 0, 0, 255]"
66.874984,Unknown Device,0,0,12,0,"[0, 48, 2, 0, 0, 0, 0, 255]"
66.875222,Unknown Device,0,0,12,0,"[0, 48, 4, 0, 0, 0, 0, 255]"
66.875459,Unknown Device,0,0,12,0,"[0, 48, 2, 0, 0, 0, 0, 255]"
66.875713,Unknown Device,0,0,12,0,"[0, 48, 4, 0, 0, 0, 0, 255]"
66.876011,Unknown Device,0,0,12,0,"[0, 48, 2, 0, 0, 0, 0, 255]"
66.876471,Unknown Device,0,0,12,0,"[0, 48, 4, 0, 0, 0, 0, 255]"
66.876515,Unknown Device,0,0,12,0,"[0, 48, 2, 0, 0, 0, 0, 255]"
66.876813,Unknown Device,0,0,12,0,"[0, 48, 2, 0, 0, 0, 0, 255]"
66.877442,Unknown Device,0,0,12,0,"[0, 48, 2, 0, 0, 0, 0, 255]"
66.877457,Unknown Device,0,0,12,0,"[0, 48, 2, 0, 0, 0, 0, 255]"
66.877646,Unknown Device,0,0,12,0,"[0, 48, 2, 0, 0, 0, 0, 255]"
66.877957,Unknown Device,0,0,12,0,"[0, 48, 4, 0, 0, 0, 0, 255]"
66.878187,Unknown Device,0,0,12,0,"[0, 48, 4, 0, 0, 0, 0, 255]"
66.878377,Unknown Device,0,0,12,0,"[0, 48, 2, 0, 0, 0, 0, 255]"
66.878599,Unknown Device,0,0,12,0,"[0, 48, 2, 0, 0, 0, 0, 255]"
66.878935,Unknown Device,0,0,12,0,"[0, 48, 4, 0, 0, 0, 0, 255]"
66.879023,Unknown Device,0,0,12,0,"[0, 48, 2, 0, 0, 0, 0, 255]"
66.87963,Unknown Device,0,0,12,0,"[0, 48, 4, 0, 0, 0, 0, 255]"
66.879645,Unknown Device,0,0,12,0,"[0, 48, 2, 0, 0, 0, 0, 255]"
66.879704,Unknown Device,0,0,12,0,"[0, 48, 2, 0, 0, 0, 0, 255]"
66.880323,Unknown Device,0,0,12,0,"[0, 48, 4, 0, 0, 0, 0, 255]"
66.88038,Unknown Device,0,0,12,0,"[0, 48, 2, 0, 0, 0, 0, 255]"
66.881037,Unknown Device,0,0,12,0,"[0, 48, 2, 0, 0, 0, 0, 255]"
66.881053,Unknown Device,0,0,12,0,"[0, 48, 2, 0, 0, 0, 0, 255]"
66.881145,Unknown Device,0,0,12,0,"[0, 48, 4, 0, 0, 0, 0, 255]"
66.88116,Unknown Device,0,0,12,0,"[0, 48, 2, 0, 0, 0, 0, 255]"
66.881314,Unknown Device,0,0,12,0,"[0, 48, 2, 0, 0, 0, 0, 255]"
66.881514,Unknown Device,0,0,12,0,"[0, 48, 2, 0, 0, 0, 0, 255]"
66.88174,Unknown Device,0,0,12,0,"[0, 48, 2, 0, 0, 0, 0, 255]"
66.881943,Unknown Device,0,0,12,0,"[0, 48, 2, 0, 0, 0, 0, 255]"
66.882147,Unknown Device,0,0,12,0,"[0, 48, 4, 0, 0, 0, 0, 255]"
66.882592,Unknown Device,0,0,12,0,"[0, 48, 2, 0, 0, 0, 0, 255]"
66.882607,Unknown Device,0,0,12,0,"[0, 48, 2, 0, 0, 0, 0, 255]"
66.882753,Unknown Device,0,0,12,0,"[0, 48, 2, 0, 0, 0, 0, 255]"
66.883167,Unknown Device,0,0,12,0,"[0, 48, 4, 0, 0, 0, 0, 255]"
66.883372,Unknown Device,0,0,12,0,"[0, 48, 4, 0, 0, 0, 0, 255]"
66.883387,Unknown Device,0,0,12,0,"[0, 48, 2, 0, 0, 0, 0, 255]"
66.883573,Unknown Device,0,0,12,0,"[0, 48, 2, 0, 0, 0, 0, 255]"
66.883776,Unknown Device,0,0,12,0,"[0, 48, 2, 0, 0, 0, 0, 255]"
66.883979,Unknown Device,0,0,12,0,"[0, 48, 2, 0, 0, 0, 0, 255]"
66.884183,Unknown Device,0,0,12,0,"[0, 48, 2, 0, 0, 0, 0, 255]"
66.884433,Unknown Device,0,0,12,0,"[0, 48, 4, 0, 0, 0, 0, 255]"
66.8846,Unknown Device,0,0,12,0,"[0, 48, 2, 0, 0, 0, 0, 255]"
66.884804,Unknown Device,0,0,12,0,"[0, 48, 2, 0, 0, 0, 0, 255]"
66.885022,Unknown Device,0,0,12,0,"[0, 48, 2, 0, 0, 0, 0, 255]"
66.885352,Unknown Device,0,0,12,0,"[0, 48, 2, 0, 0, 0, 0, 255]"
66.885806,Unknown Device,0,0,12,0,"[0, 48, 4, 0, 0, 0, 0, 255]"
66.886058,Unknown Device,0,0,12,0,"[0, 48, 4, 0, 0, 0, 0, 255]"
66.886232,Unknown Device,0,0,12,0,"[0, 48, 2, 0, 0, 0, 0, 255]"
66.88649,Unknown Device,0,0,12,0,"[0, 48, 2, 0, 0, 0, 0, 255]"
66.886687,Unknown Device,0,0,12,0,"[0, 48, 2, 0, 0, 0, 0, 255]"
66.886904,Unknown Device,0,0,12,0,"[0, 48, 2, 0, 0, 0, 0, 255]"
66.88749,Unknown Device,0,0,12,0,"[0, 48, 4, 0, 0, 0, 0, 255]"
66.887541,Unknown Device,0,0,12,0,"[0, 48, 2, 0, 0, 0, 0, 255]"
66.887598,Unknown Device,0,0,12,0,"[0, 48, 2, 0, 0, 0, 0, 255]"
66.887736,Unknown Device,0,0,12,0,"[0, 48, 2, 0, 0, 0, 0, 255]"
66.887983,Unknown Device,0,0,12,0,"[0, 48, 2, 0, 0, 0, 0, 255]"
66.888355,Unknown Device,0,0,12,0,"[0, 48, 2, 0, 0, 0, 0, 255]"
66.888444,Unknown Device,0,0,12,0,"[0, 48, 2, 0, 0, 0, 0, 255]"
66.88856,Unknown Device,0,0,12,0,"[0, 48, 2, 0, 0, 0, 0, 255]"
66.88896,Unknown Device,0,0,12,0,"[0, 48, 4, 0, 0, 0, 0, 255]"
66.888975,Unknown Device,0,0,12,0,"[0, 48, 2, 0, 0, 0, 0, 255]"
66.889583,Unknown Device,0,0,12,0,"[0, 48, 4, 0, 0, 0, 0, 255]"
66.889612,Unknown Device,0,0,12,0,"[0, 48, 2, 0, 0, 0, 0, 255]"
66.890116,Unknown Device,0,0,12,0,"[0, 48, 4, 0, 0, 0, 0, 255]"
66.890321,Unknown Device,0,0,12,0,"[0, 48, 4, 0, 0, 0, 0, 255]"
66.890378,Unknown Device,0,0,12,0,"[0, 48, 2, 0, 0, 0, 0, 255]"
66.890978,Unknown Device,0,0,12,0,"[0, 48, 4, 0, 0, 0, 0, 255]"
66.890993,Unknown Device,0,0,12,0,"[0, 48, 2, 0, 0, 0, 0, 255]"
66.891008,Unknown Device,0,0,12,0,"[0, 48, 2, 0, 0, 0, 0, 255]"
66.891157,Unknown Device,0,0,12,0,"[0, 48, 4, 0, 0, 0, 0, 255]"
66.891186,Unknown Device,0,0,12,0,"[0, 48, 2, 0, 0, 0, 0, 255]"
66.891266,Unknown Device,0,0,12,0,"[0, 48, 2, 0, 0, 0, 0, 255]"
66.891489,Unknown Device,0,0,12,0,"[0, 48, 4, 0, 0, 0, 0, 255]"
66.891721,Unknown Device,0,0,12,0,"[0, 48, 2, 0, 0, 0, 0, 255]"
66.891947,Unknown Device,0,0,12,0,"[0, 48, 2, 0, 0, 0, 0, 255]"
66.892428,Unknown Device,0,0,12,0,"[0, 48, 2, 0, 0, 0, 0, 255]"
66.892444,Unknown Device,0,0,12,0,"[0, 48, 2, 0, 0, 0, 0, 255]"
66.892582,Unknown Device,0,0,12,0,"[0, 48, 2, 0, 0, 0, 0, 255]"
66.892814,Unknown Device,0,0,12,0,"[0, 48, 4, 0, 0, 0, 0, 255]"
66.893025,Unknown Device,0,0,12,0,"[0, 48, 4, 0, 0, 0, 0, 255]"
66.893368,Unknown Device,0,0,12,0,"[0, 48, 4, 0, 0, 0, 0, 255]"
66.893467,Unknown Device,0,0,12,0,"[0, 48, 2, 0, 0, 0, 0, 255]"
66.893894,Unknown Device,0,0,12,0,"[0, 48, 4, 0, 0, 0, 0, 255]"
66.893909,Unknown Device,0,0,12,0,"[0, 48, 2, 0, 0, 0, 0, 255]"
66.894062,Unknown Device,0,0,12,0,"[0, 48, 2, 0, 0, 0, 0, 255]"
66.894424,Unknown Device,0,0,12,0,"[0, 48, 4, 0, 0, 0, 0, 255]"
66.894519,Unknown Device,0,0,12,0,"[0, 48, 2, 0, 0, 0, 0, 255]"
66.894737,Unknown Device,0,0,12,0,"[0, 48, 2, 0, 0, 0, 0, 255]"
66.895023,Unknown Device,0,0,12,0,"[0, 48, 2, 0, 0, 0, 0, 255]"
66.895133,Unknown Device,0,0,12,0,"[0, 48, 2, 0, 0, 0, 0, 255]"
66.896061,Unknown Device,0,0,12,0,"[0, 48, 4, 0, 0, 0, 0, 255]"
66.896154,Unknown Device,0,0,12,0,"[0, 48, 2, 0, 0, 0, 0, 255]"
66.896169,Unknown Device,0,0,12,0,"[0, 48, 2, 0, 0, 0, 0, 255]"
66.896517,Unknown Device,0,0,12,0,"[0, 48, 2, 0, 0, 0, 0, 255]"
66.896666,Unknown Device,0,0,12,0,"[0, 48, 4, 0, 0, 0, 0, 255]"
66.896681,Unknown Device,0,0,12,0,"[0, 48, 2, 0, 0, 0, 0, 255]"
66.896696,Unknown Device,0,0,12,0,"[0, 48, 2, 0, 0, 0, 0, 255]"
66.896783,Unknown Device,0,0,12,0,"[0, 48, 2, 0, 0, 0, 0, 255]"
66.897467,Unknown Device,0,0,12,0,"[0, 48, 2, 0, 0, 0, 0, 255]"
66.897607,Unknown Device,0,0,12,0,"[0, 48, 2, 0, 0, 0, 0, 255]"
66.897959,Unknown Device,0,0,12,0,"[0, 48, 4, 0, 0, 0, 0, 255]"
66.898246,Unknown Device,0,0,12,0,"[0, 48, 2, 0, 0, 0, 0, 255]"
66.898326,Unknown Device,0,0,12,0,"[0, 48, 2, 0, 0, 0, 0, 255]"
66.898443,Unknown Device,0,0,12,0,"[0, 48, 2, 0, 0, 0, 0, 255]"
66.898458,Unknown Device,0,0,12,0,"[0, 48, 2, 0, 0, 0, 0, 255]"
66.89898,Unknown Device,0,0,12,0,"[0, 48, 4, 0, 0, 0, 0, 255]"
66.899008,Unknown Device,0,0,12,0,"[0, 48, 2, 0, 0, 0, 0, 255]"
66.899643,Unknown Device,0,0,12,0,"[0, 48, 4, 0, 0, 0, 0, 255]"
66.899658,Unknown Device,0,0,12,0,"[0, 48, 2, 0, 0, 0, 0, 255]"
66.899687,Unknown Device,0,0,12,0,"[0, 48, 2, 0, 0, 0, 0, 255]"
66.899905,Unknown Device,0,0,12,0,"[0, 48, 4, 0, 0, 0, 0, 255]"
66.899942,Unknown Device,0,0,12,0,"[0, 48, 2, 0, 0, 0, 0, 255]"
66.900124,Unknown Device,0,0,12,0,"[0, 48, 2, 0, 0, 0, 0, 255]"
66.900307,Unknown Device,0,0,12,0,"[0, 48, 4, 0, 0, 0, 0, 255]"
66.900969,Unknown Device,0,0,12,0,"[0, 48, 2, 0, 0, 0, 0, 255]"
66.900984,Unknown Device,0,0,12,0,"[0, 48, 2, 0, 0, 0, 0, 255]"
66.901105,Unknown Device,0,0,12,0,"[0, 48, 4, 0, 0, 0, 0, 255]"
66.90112,Unknown Device,0,0,12,0,"[0, 48, 2, 0, 0, 0, 0, 255]"
66.901302,Unknown Device,0,0,12,0,"[0, 48, 2, 0, 0, 0, 0, 255]"
66.901546,Unknown Device,0,0,12,0,"[0, 48, 2, 0, 0, 0, 0, 255]"
66.901757,Unknown Device,0,0,12,0,"[0, 48, 2, 0, 0, 0, 0, 255]"
66.902482,Unknown Device,0,0,12,0,"[0, 48, 4, 0, 0, 0, 0, 255]"
66.902497,Unknown Device,0,0,12,0,"[0, 48, 2, 0, 0, 0, 0, 255]"
66.902512,Unknown Device,0,0,12,0,"[0, 48, 2, 0, 0, 0, 0, 255]"
66.902557,Unknown Device,0,0,12,0,"[0, 48, 2, 0, 0, 0, 0, 255]"
66.902767,Unknown Device,0,0,12,0,"[0, 48, 2, 0, 0, 0, 0, 255]"
66.902963,Unknown Device,0,0,12,0,"[0, 48, 4, 0, 0, 0, 0, 255]"
66.903137,Unknown Device,0,0,12,0,"[0, 48, 2, 0, 0, 0, 0, 255]"
66.903356,Unknown Device,0,0,12,0,"[0, 48, 2, 0, 0, 0, 0, 255]"
66.903564,Unknown Device,0,0,12,0,"[0, 48, 4, 0, 0, 0, 0, 255]"
66.903767,Unknown Device,0,0,12,0,"[0, 48, 4, 0, 0, 0, 0, 255]"
66.903999,Unknown Device,0,0,12,0,"[0, 48, 2, 0, 0, 0, 0, 255]"
66.904239,Unknown Device,0,0,12,0,"[0, 48, 2, 0, 0, 0, 0, 255]"
66.904552,Unknown Device,0,0,12,0,"[0, 48, 2, 0, 0, 0, 0, 255]"
66.904684,Unknown Device,0,0,12,0,"[0, 48, 2, 0, 0, 0, 0, 255]"
66.905027,Unknown Device,0,0,12,0,"[0, 48, 2, 0, 0, 0, 0, 255]"
66.905165,Unknown Device,0,0,12,0,"[0, 48, 2, 0, 0, 0, 0, 255]"
66.905971,Unknown Device,0,0,12,0,"[0, 48, 4, 0, 0, 0, 0, 255]"
66.905986,Unknown Device,0,0,12,0,"[0, 48, 2, 0, 0, 0, 0, 255]"
66.906454,Unknown Device,0,0,12,0,"[0, 48, 4, 0, 0, 0, 0, 255]"
66.906505,Unknown Device,0,0,12,0,"[0, 48, 2, 0, 0, 0, 0, 255]"
66.906779,Unknown Device,0,0,12,0,"[0, 48, 4, 0, 0, 0, 0, 255]"
66.906794,Unknown Device,0,0,12,0,"[0, 48, 2, 0, 0, 0, 0, 255]"
66.906809,Unknown Device,0,0,12,0,"[0, 48, 2, 0, 0, 0, 0, 255]"
66.907489,Unknown Device,0,0,12,0,"[0, 48, 4, 0, 0, 0, 0, 255]"
66.907504,Unknown Device,0,0,12,0,"[0, 48, 2, 0, 0, 0, 0, 255]"
66.907602,Unknown Device,0,0,12,0,"[0, 48, 2, 0, 0, 0, 0, 255]"
66.907617,Unknown Device,0,0,12,0,"[0, 48, 2, 0, 0, 0, 0, 255]"
66.907684,Unknown Device,0,0,12,0,"[0, 48, 2, 0, 0, 0, 0, 255]"
66.907957,Unknown Device,0,0,12,0,"[0, 48, 4, 0, 0, 0, 0, 255]"
66.908095,Unknown Device,0,0,12,0,"[0, 48, 2, 0, 0, 0, 0, 255]"
66.908383,Unknown Device,0,0,12,0,"[0, 48, 2, 0, 0, 0, 0, 255]"
66.908475,Unknown Device,0,0,12,0,"[0, 48, 2, 0, 0, 0, 0, 255]"
66.908664,Unknown Device,0,0,12,0,"[0, 48, 2, 0, 0, 0, 0, 255]"
66.909042,Unknown Device,0,0,12,0,"[0, 48, 2, 0, 0, 0, 0, 255]"
66.909057,Unknown Device,0,0,12,0,"[0, 48, 2, 0, 0, 0, 0, 255]"
66.909586,Unknown Device,0,0,12,0,"[0, 48, 2, 0, 0, 0, 0, 255]"
66.909952,Unknown Device,0,0,12,0,"[0, 48, 2, 0, 0, 0, 0, 255]"
66.910114,Unknown Device,0,0,12,0,"[0, 48, 4, 0, 0, 0, 0, 255]"
66.911016,Unknown Device,0,0,12,0,"[0, 48, 4, 0, 0, 0, 0, 255]"
66.911031,Unknown Device,0,0,12,0,"[0, 48, 2, 0, 0, 0, 0, 255]"
66.911046,Unknown Device,0,0,12,0,"[0, 48, 2, 0, 0, 0, 0, 255]"
66.911061,Unknown Device,0,0,12,0,"[0, 48, 2, 0, 0, 0, 0, 255]"
66.911099,Unknown Device,0,0,12,0,"[0, 48, 2, 0, 0, 0, 0, 255]"
66.911169,Unknown Device,0,0,12,0,"[0, 48, 2, 0, 0, 0, 0, 255]"
66.911184,Unknown Device,0,0,12,0,"[0, 48, 2, 0, 0, 0, 0, 255]"
66.911365,Unknown Device,0,0,12,0,"[0, 48, 4, 0, 0, 0, 0, 255]"
66.9115,Unknown Device,0,0,12,0,"[0, 48, 2, 0, 0, 0, 0, 255]"
66.911759,Unknown Device,0,0,12,0,"[0, 48, 2, 0, 0, 0, 0, 255]"
66.911904,Unknown Device,0,0,12,0,"[0, 48, 2, 0, 0, 0, 0, 255]"
66.912518,Unknown Device,0,0,12,0,"[0, 48, 2, 0, 0, 0, 0, 255]"
66.912616,Unknown Device,0,0,12,0,"[0, 48, 2, 0, 0, 0, 0, 255]"
66.91264,Unknown Device,0,0,12,0,"[0, 48, 2, 0, 0, 0, 0, 255]"
66.912808,Unknown Device,0,0,12,0,"[0, 48, 2, 0, 0, 0, 0, 255]"
66.912852,Unknown Device,0,0,12,0,"[0, 48, 2, 0, 0, 0, 0, 255]"
66.91318,Unknown Device,0,0,12,0,"[0, 48, 4, 0, 0, 0, 0, 255]"
66.913439,Unknown Device,0,0,12,0,"[0, 48, 2, 0, 0, 0, 0, 255]"
66.913477,Unknown Device,0,0,12,0,"[0, 48, 2, 0, 0, 0, 0, 255]"
66.913709,Unknown Device,0,0,12,0,"[0, 48, 4, 0, 0, 0, 0, 255]"
66.913995,Unknown Device,0,0,12,0,"[0, 48, 2, 0, 0, 0, 0, 255]"
66.914112,Unknown Device,0,0,12,0,"[0, 48, 2, 0, 0, 0, 0, 255]"
66.914331,Unknown Device,0,0,12,0,"[0, 48, 2, 0, 0, 0, 0, 255]"
66.914552,Unknown Device,0,0,12,0,"[0, 48, 2, 0, 0, 0, 0, 255]"
66.914741,Unknown Device,0,0,12,0,"[0, 48, 2, 0, 0, 0, 0, 255]"
66.914959,Unknown Device,0,0,12,0,"[0, 48, 2, 0, 0, 0, 0, 255]"
66.915148,Unknown Device,0,0,12,0,"[0, 48, 2, 0, 0, 0, 0, 255]"
66.916014,Unknown Device,0,0,12,0,"[0, 48, 4, 0, 0, 0, 0, 255]"
66.916029,Unknown Device,0,0,12,0,"[0, 48, 2, 0, 0, 0, 0, 255]"
66.916044,Unknown Device,0,0,12,0,"[0, 48, 2, 0, 0, 0, 0, 255]"
66.916402,Unknown Device,0,0,12,0,"[0, 48, 2, 0, 0, 0, 0, 255]"
66.916688,Unknown Device,0,0,12,0,"[0, 48, 4, 0, 0, 0, 0, 255]"
66.916731,Unknown Device,0,0,12,0,"[0, 48, 2, 0, 0, 0, 0, 255]"
66.916746,Unknown Device,0,0,12,0,"[0, 48, 2, 0, 0, 0, 0, 255]"
66.917512,Unknown Device,0,0,12,0,"[0, 48, 4, 0, 0, 0, 0, 255]"
66.917541,Unknown Device,0,0,12,0,"[0, 48, 2, 0, 0, 0, 0, 255]"
66.917556,Unknown Device,0,0,12,0,"[0, 48, 2, 0, 0, 0, 0, 255]"
66.917655,Unknown Device,0,0,12,0,"[0, 48, 4, 0, 0, 0, 0, 255]"
66.917692,Unknown Device,0,0,12,0,"[0, 48, 2, 0, 0, 0, 0, 255]"
66.917965,Unknown Device,0,0,12,0,"[0, 48, 4, 0, 0, 0, 0, 255]"
66.918263,Unknown Device,0,0,12,0,"[0, 48, 4, 0, 0, 0, 0, 255]"
66.918308,Unknown Device,0,0,12,0,"[0, 48, 2, 0, 0, 0, 0, 255]"
66.918523,Unknown Device,0,0,12,0,"[0, 48, 2, 0, 0, 0, 0, 255]"
66.918998,Unknown Device,0,0,12,0,"[0, 48, 2, 0, 0, 0, 0, 255]"
66.919013,Unknown Device,0,0,12,0,"[0, 48, 2, 0, 0, 0, 0, 255]"
66.919575,Unknown Device,0,0,12,0,"[0, 48, 2, 0, 0, 0, 0, 255]"
66.91959,Unknown Device,0,0,12,0,"[0, 48, 2, 0, 0, 0, 0, 255]"
66.919927,Unknown Device,0,0,12,0,"[0, 48, 4, 0, 0, 0, 0, 255]"
66.919956,Unknown Device,0,0,12,0,"[0, 48, 2, 0, 0, 0, 0, 255]"
66.921005,Unknown Device,0,0,12,0,"[0, 48, 4, 0, 0, 0, 0, 255]"
66.921034,Unknown Device,0,0,12,0,"[0, 48, 2, 0, 0, 0, 0, 255]"
66.921133,Unknown Device,0,0,12,0,"[0, 48, 2, 0, 0, 0, 0, 255]"
66.921148,Unknown Device,0,0,12,0,"[0, 48, 2, 0, 0, 0, 0, 255]"
66.921185,Unknown Device,0,0,12,0,"[0, 48, 2, 0, 0, 0, 0, 255]"
66.92152,Unknown Device,0,0,12,0,"[0, 48, 4, 0, 0, 0, 0, 255]"
66.921548,Unknown Device,0,0,12,0,"[0, 48, 2, 0, 0, 0, 0, 255]"
66.921586,Unknown Device,0,0,12,0,"[0, 48, 2, 0, 0, 0, 0, 255]"
66.921776,Unknown Device,0,0,12,0,"[0, 48, 4, 0, 0, 0, 0, 255]"
66.922433,Unknown Device,0,0,12,0,"[0, 48, 4, 0, 0, 0, 0, 255]"
66.922462,Unknown Device,0,0,12,0,"[0, 48, 2, 0, 0, 0, 0, 255]"
66.922624,Unknown Device,0,0,12,0,"[0, 48, 2, 0, 0, 0, 0, 255]"
66.922639,Unknown Device,0,0,12,0,"[0, 48, 2, 0, 0, 0, 0, 255]"
66.922871,Unknown Device,0,0,12,0,"[0, 48, 4, 0, 0, 0, 0, 255]"
66.9229,Unknown Device,0,0,12,0,"[0, 48, 2, 0, 0, 0, 0, 255]"
66.923184,Unknown Device,0,0,12,0,"[0, 48, 4, 0, 0, 0, 0, 255]"
66.923258,Unknown Device,0,0,12,0,"[0, 48, 2, 0, 0, 0, 0, 255]"
66.923481,Unknown Device,0,0,12,0,"[0, 48, 2, 0, 0, 0, 0, 255]"
66.923838,Unknown Device,0,0,12,0,"[0, 48, 2, 0, 0, 0, 0, 255]"
66.923975,Unknown Device,0,0,12,0,"[0, 48, 4, 0, 0, 0, 0, 255]"
66.924171,Unknown Device,0,0,12,0,"[0, 48, 2, 0, 0, 0, 0, 255]"
66.924354,Unknown Device,0,0,12,0,"[0, 48, 4, 0, 0, 0, 0, 255]"
66.924575,Unknown Device,0,0,12,0,"[0, 48, 2, 0, 0, 0, 0, 255]"
66.924808,Unknown Device,0,0,12,0,"[0, 48, 2, 0, 0, 0, 0, 255]"
66.925018,Unknown Device,0,0,12,0,"[0, 48, 2, 0, 0, 0, 0, 255]"
66.925207,Unknown Device,0,0,12,0,"[0, 48, 2, 0, 0, 0, 0, 255]"
66.925991,Unknown Device,0,0,12,0,"[0, 48, 2, 0, 0, 0, 0, 255]"
66.926006,Unknown Device,0,0,12,0,"[0, 48, 2, 0, 0, 0, 0, 255]"
66.926358,Unknown Device,0,0,12,0,"[0, 48, 4, 0, 0, 0, 0, 255]"
66.926387,Unknown Device,0,0,12,0,"[0, 48, 2, 0, 0, 0, 0, 255]"
66.926416,Unknown Device,0,0,12,0,"[0, 48, 2, 0, 0, 0, 0, 255]"
66.926747,Unknown Device,0,0,12,0,"[0, 48, 2, 0, 0, 0, 0, 255]"
66.926776,Unknown Device,0,0,12,0,"[0, 48, 2, 0, 0, 0, 0, 255]"
66.926965,Unknown Device,0,0,12,0,"[0, 48, 4, 0, 0, 0, 0, 255]"
66.927475,Unknown Device,0,0,12,0,"[0, 48, 4, 0, 0, 0, 0, 255]"
66.92749,Unknown Device,0,0,12,0,"[0, 48, 2, 0, 0, 0, 0, 255]"
66.927672,Unknown Device,0,0,12,0,"[0, 48, 2, 0, 0, 0, 0, 255]"
66.927959,Unknown Device,0,0,12,0,"[0, 48, 2, 0, 0, 0, 0, 255]"
66.928358,Unknown Device,0,0,12,0,"[0, 48, 2, 0, 0, 0, 0, 255]"
66.928373,Unknown Device,0,0,12,0,"[0, 48, 2, 0, 0, 0, 0, 255]"
66.928538,Unknown Device,0,0,12,0,"[0, 48, 2, 0, 0, 0, 0, 255]"
66.92877,Unknown Device,0,0,12,0,"[0, 48, 2, 0, 0, 0, 0, 255]"
66.928988,Unknown Device,0,0,12,0,"[0, 48, 4, 0, 0, 0, 0, 255]"
66.929227,Unknown Device,0,0,12,0,"[0, 48, 2, 0, 0, 0, 0, 255]"
66.929689,Unknown Device,0,0,12,0,"[0, 48, 2, 0, 0, 0, 0, 255]"
66.929907,Unknown Device,0,0,12,0,"[0, 48, 4, 0, 0, 0, 0, 255]"
66.930047,Unknown Device,0,0,12,0,"[0, 48, 2, 0, 0, 0, 0, 255]"
66.930951,Unknown Device,0,0,12,0,"[0, 48, 4, 0, 0, 0, 0, 255]"
66.930988,Unknown Device,0,0,12,0,"[0, 48, 2, 0, 0, 0, 0, 255]"
66.931156,Unknown Device,0,0,12,0,"[0, 48, 2, 0, 0, 0, 0, 255]"
66.931171,Unknown Device,0,0,12,0,"[0, 48, 2, 0, 0, 0, 0, 255]"
66.931404,Unknown Device,0,0,12,0,"[0, 48, 4, 0, 0, 0, 0, 255]"
66.931419,Unknown Device,0,0,12,0,"[0, 48, 2, 0, 0, 0, 0, 255]"
66.931474,Unknown Device,0,0,12,0,"[0, 48, 2, 0, 0, 0, 0, 255]"
66.931727,Unknown Device,0,0,12,0,"[0, 48, 4, 0, 0, 0, 0, 255]"
66.931894,Unknown Device,0,0,12,0,"[0, 48, 2, 0, 0, 0, 0, 255]"
66.932489,Unknown Device,0,0,12,0,"[0, 48, 4, 0, 0, 0, 0, 255]"
66.932518,Unknown Device,0,0,12,0,"[0, 48, 2, 0, 0, 0, 0, 255]"
66.932589,Unknown Device,0,0,12,0,"[0, 48, 2, 0, 0, 0, 0, 255]"
66.932843,Unknown Device,0,0,12,0,"[0, 48, 2, 0, 0, 0, 0, 255]"
66.933046,Unknown Device,0,0,12,0,"[0, 48, 2, 0, 0, 0, 0, 255]"
66.933228,Unknown Device,0,0,12,0,"[0, 48, 2, 0, 0, 0, 0, 255]"
66.933472,Unknown Device,0,0,12,0,"[0, 48, 2, 0, 0, 0, 0, 255]"
66.933914,Unknown Device,0,0,12,0,"[0, 48, 2, 0, 0, 0, 0, 255]"
66.933929,Unknown Device,0,0,12,0,"[0, 48, 2, 0, 0, 0, 0, 255]"
66.934133,Unknown Device,0,0,12,0,"[0, 48, 2, 0, 0, 0, 0, 255]"
66.934366,Unknown Device,0,0,12,0,"[0, 48, 4, 0, 0, 0, 0, 255]"
66.934566,Unknown Device,0,0,12,0,"[0, 48, 2, 0, 0, 0, 0, 255]"
66.934777,Unknown Device,0,0,12,0,"[0, 48, 2, 0, 0, 0, 0, 255]"
66.935009,Unknown Device,0,0,12,0,"[0, 48, 2, 0, 0, 0, 0, 255]"
66.935234,Unknown Device,0,0,12,0,"[0, 48, 2, 0, 0, 0, 0, 255]"
66.935933,Unknown Device,0,0,12,0,"[0, 48, 4, 0, 0, 0, 0, 255]"
66.935962,Unknown Device,0,0,12,0,"[0, 48, 2, 0, 0, 0, 0, 255]"
66.935977,Unknown Device,0,0,12,0,"[0, 48, 2, 0, 0, 0, 0, 255]"
66.936471,Unknown Device,0,0,12,0,"[0, 48, 4, 0, 0, 0, 0, 255]"
66.9365,Unknown Device,0,0,12,0,"[0, 48, 2, 0, 0, 0, 0, 255]"
66.936689,Unknown Device,0,0,12,0,"[0, 48, 2, 0, 0, 0, 0, 255]"
66.937256,Unknown Device,0,0,12,0,"[0, 48, 4, 0, 0, 0, 0, 255]"
66.937493,Unknown Device,0,0,12,0,"[0, 48, 4, 0, 0, 0, 0, 255]"
66.93753,Unknown Device,0,0,12,0,"[0, 48, 2, 0, 0, 0, 0, 255]"
66.937559,Unknown Device,0,0,12,0,"[0, 48, 2, 0, 0, 0, 0, 255]"
66.937784,Unknown Device,0,0,12,0,"[0, 48, 2, 0, 0, 0, 0, 255]"
66.938092,Unknown Device,0,0,12,0,"[0, 48, 4, 0, 0, 0, 0, 255]"
66.938172,Unknown Device,0,0,12,0,"[0, 48, 2, 0, 0, 0, 0, 255]"
66.938475,Unknown Device,0,0,12,0,"[0, 48, 2, 0, 0, 0, 0, 255]"
66.938678,Unknown Device,0,0,12,0,"[0, 48, 2, 0, 0, 0, 0, 255]"
66.939035,Unknown Device,0,0,12,0,"[0, 48, 4, 0, 0, 0, 0, 255]"
66.939087,Unknown Device,0,0,12,0,"[0, 48, 2, 0, 0, 0, 0, 255]"
66.939651,Unknown Device,0,0,12,0,"[0, 48, 4, 0, 0, 0, 0, 255]"
66.939739,Unknown Device,0,0,12,0,"[0, 48, 2, 0, 0, 0, 0, 255]"
66.940166,Unknown Device,0,0,12,0,"[0, 48, 4, 0, 0, 0, 0, 255]"
66.941018,Unknown Device,0,0,12,0,"[0, 48, 4, 0, 0, 0, 0, 255]"
66.941479,Unknown Device,0,0,12,0,"[0, 48, 2, 0, 0, 0, 0, 255]"
66.942124,Unknown Device,0,0,12,0,"[0, 48, 2, 0, 0, 0, 0, 255]"
66.942505,Unknown Device,0,0,12,0,"[0, 48, 4, 0, 0, 0, 0, 255]"
66.943324,Unknown Device,0,0,12,0,"[0, 48, 4, 0, 0, 0, 0, 255]"
66.943575,Unknown Device,0,0,12,0,"[0, 48, 2, 0, 0, 0, 0, 255]"
66.943978,Unknown Device,0,0,12,0,"[0, 48, 2, 0, 0, 0, 0, 255]"
66.944363,Unknown Device,0,0,12,0,"[0, 48, 2, 0, 0, 0, 0, 255]"
66.94473,Unknown Device,0,0,12,0,"[0, 48, 2, 0, 0, 0, 0, 255]"
66.945172,Unknown Device,0,0,12,0,"[0, 48, 2, 0, 0, 0, 0, 255]"
66.945503,Unknown Device,0,0,12,0,"[0, 48, 4, 0, 0, 0, 0, 255]"
66.946622,Unknown Device,0,0,12,0,"[0, 48, 2, 0, 0, 0, 0, 255]"
66.948262,Unknown Device,0,0,12,0,"[0, 48, 2, 0, 0, 0, 0, 255]"
66.949186,Unknown Device,0,0,12,0,"[0, 48, 2, 0, 0, 0, 0, 255]"
66.949651,Unknown Device,0,0,12,0,"[0, 48, 4, 0, 0, 0, 0, 255]"
66.951379,Unknown Device,0,0,12,0,"[0, 48, 2, 0, 0, 0, 0, 255]"
66.951687,Unknown Device,0,0,12,0,"[0, 48, 2, 0, 0, 0, 0, 255]"
66.951978,Unknown Device,0,0,12,0,"[0, 48, 2, 0, 0, 0, 0, 255]"
66.95248,Unknown Device,0,0,12,0,"[0, 48, 4, 0, 0, 0, 0, 255]"
66.952517,Unknown Device,0,0,12,0,"[0, 48, 2, 0, 0, 0, 0, 255]"
66.952829,Unknown Device,0,0,12,0,"[0, 48, 2, 0, 0, 0, 0, 255]"
66.953025,Unknown Device,0,0,12,0,"[0, 48, 2, 0, 0, 0, 0, 255]"
66.953353,Unknown Device,0,0,12,0,"[0, 48, 2, 0, 0, 0, 0, 255]"
66.95364,Unknown Device,0,0,12,0,"[0, 48, 2, 0, 0, 0, 0, 255]"
66.953972,Unknown Device,0,0,12,0,"[0, 48, 4, 0, 0, 0, 0, 255]"
66.954226,Unknown Device,0,0,12,0,"[0, 48, 2, 0, 0, 0, 0, 255]"
66.954506,Unknown Device,0,0,12,0,"[0, 48, 2, 0, 0, 0, 0, 255]"
66.954775,Unknown Device,0,0,12,0,"[0, 48, 2, 0, 0, 0, 0, 255]"
66.955058,Unknown Device,0,0,12,0,"[0, 48, 2, 0, 0, 0, 0, 255]"
66.955961,Unknown Device,0,0,12,0,"[0, 48, 4, 0, 0, 0, 0, 255]"
66.95606,Unknown Device,0,0,12,0,"[0, 48, 2, 0, 0, 0, 0, 255]"
66.956097,Unknown Device,0,0,12,0,"[0, 48, 2, 0, 0, 0, 0, 255]"
66.956359,Unknown Device,0,0,12,0,"[0, 48, 4, 0, 0, 0, 0, 255]"
66.956761,Unknown Device,0,0,12,0,"[0, 48, 2, 0, 0, 0, 0, 255]"
66.957073,Unknown Device,0,0,12,0,"[0, 48, 2, 0, 0, 0, 0, 255]"
66.957477,Unknown Device,0,0,12,0,"[0, 48, 4, 0, 0, 0, 0, 255]"
66.957803,Unknown Device,0,0,12,0,"[0, 48, 4, 0, 0, 0, 0, 255]"
66.958137,Unknown Device,0,0,12,0,"[0, 48, 2, 0, 0, 0, 0, 255]"
66.958475,Unknown Device,0,0,12,0,"[0, 48, 2, 0, 0, 0, 0, 255]"
66.958794,Unknown Device,0,0,12,0,"[0, 48, 2, 0, 0, 0, 0, 255]"
66.959121,Unknown Device,0,0,12,0,"[0, 48, 2, 0, 0, 0, 0, 255]"
66.959634,Unknown Device,0,0,12,0,"[0, 48, 4, 0, 0, 0, 0, 255]"
66.959736,Unknown Device,0,0,12,0,"[0, 48, 2, 0, 0, 0, 0, 255]"
66.960033,Unknown Device,0,0,12,0,"[0, 48, 2, 0, 0, 0, 0, 255]"
66.960354,Unknown Device,0,0,12,0,"[0, 48, 4, 0, 0, 0, 0, 255]"
66.960691,Unknown Device,0,0,12,0,"[0, 48, 4, 0, 0, 0, 0, 255]"
66.96103,Unknown Device,0,0,12,0,"[0, 48, 2, 0, 0, 0, 0, 255]"
66.961233,Unknown Device,0,0,12,0,"[0, 48, 2, 0, 0, 0, 0, 255]"
66.961514,Unknown Device,0,0,12,0,"[0, 48, 2, 0, 0, 0, 0, 255]"
66.961804,Unknown Device,0,0,12,0,"[0, 48, 2, 0, 0, 0, 0, 255]"
66.962478,Unknown Device,0,0,12,0,"[0, 48, 4, 0, 0, 0, 0, 255]"
66.962507,Unknown Device,0,0,12,0,"[0, 48, 2, 0, 0, 0, 0, 255]"
66.962797,Unknown Device,0,0,12,0,"[0, 48, 2, 0, 0, 0, 0, 255]"
66.963102,Unknown Device,0,0,12,0,"[0, 48, 2, 0, 0, 0, 0, 255]"
66.963477,Unknown Device,0,0,12,0,"[0, 48, 2, 0, 0, 0, 0, 255]"
66.963898,Unknown Device,0,0,12,0,"[0, 48, 4, 0, 0, 0, 0, 255]"
66.96413,Unknown Device,0,0,12,0,"[0, 48, 2, 0, 0, 0, 0, 255]"
66.964483,Unknown Device,0,0,12,0,"[0, 48, 4, 0, 0, 0, 0, 255]"
66.964744,Unknown Device,0,0,12,0,"[0, 48, 2, 0, 0, 0, 0, 255]"
66.965129,Unknown Device,0,0,12,0,"[0, 48, 4, 0, 0, 0, 0, 255]"
66.966082,Unknown Device,0,0,12,0,"[0, 48, 2, 0, 0, 0, 0, 255]"
66.966125,Unknown Device,0,0,12,0,"[0, 48, 2, 0, 0, 0, 0, 255]"
66.96614,Unknown Device,0,0,12,0,"[0, 48, 2, 0, 0, 0, 0, 255]"
66.966403,Unknown Device,0,0,12,0,"[0, 48, 4, 0, 0, 0, 0, 255]"
66.966798,Unknown Device,0,0,12,0,"[0, 48, 2, 0, 0, 0, 0, 255]"
66.967435,Unknown Device,0,0,12,0,"[0, 48, 4, 0, 0, 0, 0, 255]"
66.96745,Unknown Device,0,0,12,0,"[0, 48, 2, 0, 0, 0, 0, 255]"
66.967639,Unknown Device,0,0,12,0,"[0, 48, 2, 0, 0, 0, 0, 255]"
66.968049,Unknown Device,0,0,12,0,"[0, 48, 4, 0, 0, 0, 0, 255]"
66.968245,Unknown Device,0,0,12,0,"[0, 48, 2, 0, 0, 0, 0, 255]"
66.968555,Unknown Device,0,0,12,0,"[0, 48, 2, 0, 0, 0, 0, 255]"
66.968859,Unknown Device,0,0,12,0,"[0, 48, 2, 0, 0, 0, 0, 255]"
66.969265,Unknown Device,0,0,12,0,"[0, 48, 2, 0, 0, 0, 0, 255]"
66.969595,Unknown Device,0,0,12,0,"[0, 48, 2, 0, 0, 0, 0, 255]"
66.969986,Unknown Device,0,0,12,0,"[0, 48, 2, 0, 0, 0, 0, 255]"
66.970477,Unknown Device,0,0,12,0,"[0, 48, 4, 0, 0, 0, 0, 255]"
66.970974,Unknown Device,0,0,12,0,"[0, 48, 4, 0, 0, 0, 0, 255]"
66.971003,Unknown Device,0,0,12,0,"[0, 48, 2, 0, 0, 0, 0, 255]"
66.971352,Unknown Device,0,0,12,0,"[0, 48, 2, 0, 0, 0, 0, 255]"
66.971725,Unknown Device,0,0,12,0,"[0, 48, 2, 0, 0, 0, 0, 255]"
66.972102,Unknown Device,0,0,12,0,"[0, 48, 2, 0, 0, 0, 0, 255]"
66.972519,Unknown Device,0,0,12,0,"[0, 48, 4, 0, 0, 0, 0, 255]"
66.972773,Unknown Device,0,0,12,0,"[0, 48, 2, 0, 0, 0, 0, 255]"
66.97307,Unknown Device,0,0,12,0,"[0, 48, 2, 0, 0, 0, 0, 255]"
66.973332,Unknown Device,0,0,12,0,"[0, 48, 2, 0, 0, 0, 0, 255]"
66.973706,Unknown Device,0,0,12,0,"[0, 48, 2, 0, 0, 0, 0, 255]"
66.973982,Unknown Device,0,0,12,0,"[0, 48, 4, 0, 0, 0, 0, 255]"
66.974316,Unknown Device,0,0,12,0,"[0, 48, 4, 0, 0, 0, 0, 255]"
66.974603,Unknown Device,0,0,12,0,"[0, 48, 2, 0, 0, 0, 0, 255]"
66.974908,Unknown Device,0,0,12,0,"[0, 48, 4, 0, 0, 0, 0, 255]"
66.975162,Unknown Device,0,0,12,0,"[0, 48, 2, 0, 0, 0, 0, 255]"
66.976015,Unknown Device,0,0,12,0,"[0, 48, 2, 0, 0, 0, 0, 255]"
66.976031,Unknown Device,0,0,12,0,"[0, 48, 2, 0, 0, 0, 0, 255]"
66.976104,Unknown Device,0,0,12,0,"[0, 48, 2, 0, 0, 0, 0, 255]"
66.976479,Unknown Device,0,0,12,0,"[0, 48, 4, 0, 0, 0, 0, 255]"
66.976747,Unknown Device,0,0,12,0,"[0, 48, 2, 0, 0, 0, 0, 255]"
66.977117,Unknown Device,0,0,12,0,"[0, 48, 2, 0, 0, 0, 0, 255]"
66.977484,Unknown Device,0,0,12,0,"[0, 48, 2, 0, 0, 0, 0, 255]"
66.977825,Unknown Device,0,0,12,0,"[0, 48, 2, 0, 0, 0, 0, 255]"
66.978113,Unknown,Unknown,Unknown,Unknown,997,"[6, 126, 2, 4, 252, 74, 9, 170]"
66.978485,Unknown Device,0,0,12,0,"[0, 48, 2, 0, 0, 0, 0, 255]"
66.978824,Unknown Device,0,0,12,0,"[0, 48, 2, 0, 0, 0, 0, 255]"
66.979133,Unknown Device,0,0,12,0,"[0, 48, 2, 0, 0, 0, 0, 255]"
66.979653,Unknown Device,0,0,12,0,"[0, 48, 4, 0, 0, 0, 0, 255]"
66.979778,Unknown Device,0,0,12,0,"[0, 48, 2, 0, 0, 0, 0, 255]"
66.980146,Unknown Device,0,0,12,0,"[0, 48, 4, 0, 0, 0, 0, 255]"
66.981047,Unknown Device,0,0,12,0,"[0, 48, 4, 0, 0, 0, 0, 255]"
66.981075,Unknown Device,0,0,12,0,"[0, 48, 2, 0, 0, 0, 0, 255]"
66.981147,Unknown Device,0,0,12,0,"[0, 48, 2, 0, 0, 0, 0, 255]"
66.981393,Unknown,Unknown,Unknown,Unknown,997,"[6, 126, 2, 4, 252, 75, 21, 170]"
66.981805,Unknown,Unknown,Unknown,Unknown,997,"[6, 126, 2, 4, 252, 71, 8, 170]"
66.982084,Unknown Device,0,0,12,0,"[0, 48, 2, 0, 0, 0, 0, 255]"
66.982516,Unknown Device,0,0,12,0,"[0, 48, 4, 0, 0, 0, 0, 255]"
66.98273,Unknown Device,0,0,12,0,"[0, 48, 2, 0, 0, 0, 0, 255]"
66.983076,Unknown Device,0,0,12,0,"[0, 48, 2, 0, 0, 0, 0, 255]"
66.983486,Unknown Device,0,0,12,0,"[0, 48, 2, 0, 0, 0, 0, 255]"
66.983801,Unknown,Unknown,Unknown,Unknown,997,"[6, 126, 2, 4, 252, 76, 10, 170]"
66.98407,Unknown,Unknown,Unknown,Unknown,997,"[6, 126, 10, 4, 252, 83, 17, 170]"
66.984411,Unknown,Unknown,Unknown,Unknown,997,"[6, 126, 5, 4, 252, 67, 24, 170]"
66.984847,Unknown Device,0,0,12,0,"[0, 48, 2, 0, 0, 0, 0, 255]"
66.985149,Unknown Device,0,0,12,0,"[0, 48, 2, 0, 0, 0, 0, 255]"
66.985952,Unknown Device,0,0,12,0,"[0, 48, 4, 0, 0, 0, 0, 255]"
66.986037,Unknown Device,0,0,12,0,"[0, 48, 2, 0, 0, 0, 0, 255]"
66.986155,Unknown Device,0,0,12,0,"[0, 48, 2, 0, 0, 0, 0, 255]"
66.986484,Unknown Device,0,0,12,0,"[0, 48, 4, 0, 0, 0, 0, 255]"
66.986764,Unknown Device,0,0,12,0,"[0, 48, 4, 0, 0, 0, 0, 255]"
66.987051,Unknown Device,0,0,12,0,"[0, 48, 2, 0, 0, 0, 0, 255]"
66.987325,Unknown,Unknown,Unknown,Unknown,997,"[6, 126, 2, 4, 252, 80, 22, 170]"
66.98763,Unknown Device,0,0,12,0,"[0, 48, 2, 0, 0, 0, 0, 255]"
66.987976,Unknown Device,0,0,12,0,"[0, 48, 2, 0, 0, 0, 0, 255]"
66.988226,Unknown Device,0,0,12,0,"[0, 48, 2, 0, 0, 0, 0, 255]"
66.988614,Unknown Device,0,0,12,0,"[0, 48, 2, 0, 0, 0, 0, 255]"
66.988982,Unknown Device,0,0,12,0,"[0, 48, 2, 0, 0, 0, 0, 255]"
66.989293,Unknown Device,0,0,12,0,"[0, 48, 2, 0, 0, 0, 0, 255]"
66.989628,Unknown,Unknown,Unknown,Unknown,997,"[6, 126, 2, 4, 252, 73, 18, 170]"
66.989796,Unknown Device,0,0,12,0,"[0, 48, 4, 0, 0, 0, 0, 255]"
66.990083,Unknown Device,0,0,12,0,"[0, 48, 2, 0, 0, 0, 0, 255]"
66.990485,Unknown Device,0,0,12,0,"[0, 48, 2, 0, 0, 0, 0, 255]"
66.991173,Unknown Device,0,0,12,0,"[0, 48, 2, 0, 0, 0, 0, 255]"
66.991189,Unknown Device,0,0,12,0,"[0, 48, 2, 0, 0, 0, 0, 255]"
66.991488,Unknown Device,0,0,12,0,"[0, 48, 2, 0, 0, 0, 0, 255]"
66.991753,Unknown Device,0,0,12,0,"[0, 48, 2, 0, 0, 0, 0, 255]"
66.992004,Unknown Device,0,0,12,0,"[0, 48, 2, 0, 0, 0, 0, 255]"
66.992511,Unknown Device,0,0,12,0,"[0, 48, 2, 0, 0, 0, 0, 255]"
66.992718,Unknown Device,0,0,12,0,"[0, 48, 2, 0, 0, 0, 0, 255]"
66.993056,Unknown Device,0,0,12,0,"[0, 76, 2, 0, 0, 0, 0, 126]"
66.993306,Unknown,Unknown,Unknown,Unknown,997,"[6, 126, 5, 4, 252, 65, 6, 170]"
66.993593,Unknown,Unknown,Unknown,Unknown,997,"[6, 126, 2, 4, 252, 72, 19, 170]"
66.993969,Unknown,Unknown,Unknown,Unknown,997,"[6, 126, 2, 4, 252, 82, 15, 170]"
66.994269,Unknown Device,0,0,12,0,"[0, 48, 2, 0, 0, 0, 0, 255]"
66.994657,Unknown Device,0,0,12,0,"[0, 48, 2, 0, 0, 0, 0, 255]"
66.994937,Unknown Device,0,0,12,0,"[0, 48, 4, 0, 0, 0, 0, 255]"
66.995254,Unknown Device,0,0,12,0,"[0, 48, 2, 0, 0, 0, 0, 255]"
66.995971,Unknown Device,0,0,12,0,"[0, 48, 2, 0, 0, 0, 0, 255]"
66.995986,Unknown Device,0,0,12,0,"[0, 48, 2, 0, 0, 0, 0, 255]"
66.99639,Unknown Device,0,0,12,0,"[0, 48, 4, 0, 0, 0, 0, 255]"
66.996488,Unknown Device,0,0,12,0,"[0, 48, 2, 0, 0, 0, 0, 255]"
66.996503,Unknown Device,0,0,12,0,"[0, 48, 2, 0, 0, 0, 0, 255]"
66.996812,Unknown Device,0,0,12,0,"[0, 48, 2, 0, 0, 0, 0, 255]"
66.99751,Unknown Device,0,0,12,0,"[0, 48, 2, 0, 0, 0, 0, 255]"
66.997526,Unknown Device,0,0,12,0,"[0, 48, 2, 0, 0, 0, 0, 255]"
66.997644,Unknown Device,0,0,12,0,"[0, 48, 2, 0, 0, 0, 0, 255]"
66.99799,Unknown Device,0,0,12,0,"[0, 48, 2, 0, 0, 0, 0, 255]"
66.9983,Unknown Device,0,0,12,0,"[0, 48, 2, 0, 0, 0, 0, 255]"
66.998599,Unknown Device,0,0,12,0,"[0, 48, 2, 0, 0, 0, 0, 255]"
66.998993,Unknown Device,0,0,12,0,"[0, 48, 4, 0, 0, 0, 0, 255]"
66.999259,Unknown Device,0,0,12,0,"[0, 48, 2, 0, 0, 0, 0, 255]"
66.999699,Unknown Device,0,0,12,0,"[0, 48, 2, 0, 0, 0, 0, 255]"
66.999861,Unknown Device,0,0,12,0,"[0, 48, 2, 0, 0, 0, 0, 255]"
67.00017,Unknown Device,0,0,12,0,"[0, 48, 4, 0, 0, 0, 0, 255]"
67.001062,Unknown Device,0,0,12,0,"[0, 48, 4, 0, 0, 0, 0, 255]"
67.001105,Unknown Device,0,0,12,0,"[0, 48, 2, 0, 0, 0, 0, 255]"
67.001121,Unknown Device,0,0,12,0,"[0, 48, 2, 0, 0, 0, 0, 255]"
67.001268,Unknown Device,0,0,12,0,"[0, 48, 2, 0, 0, 0, 0, 255]"
67.001575,Unknown Device,0,0,12,0,"[0, 48, 2, 0, 0, 0, 0, 255]"
67.001855,Unknown Device,0,0,12,0,"[0, 48, 2, 0, 0, 0, 0, 255]"
67.002443,Unknown Device,0,0,12,0,"[0, 48, 4, 0, 0, 0, 0, 255]"
67.002458,Unknown Device,0,0,12,0,"[0, 48, 2, 0, 0, 0, 0, 255]"
67.002599,Unknown Device,0,0,12,0,"[0, 48, 2, 0, 0, 0, 0, 255]"
67.002812,Unknown Device,0,0,12,0,"[0, 48, 2, 0, 0, 0, 0, 255]"
67.003011,Unknown Device,0,0,12,0,"[0, 48, 2, 0, 0, 0, 0, 255]"
67.003233,Unknown Device,0,0,12,0,"[0, 48, 2, 0, 0, 0, 0, 255]"
67.003488,Unknown Device,0,0,12,0,"[0, 48, 2, 0, 0, 0, 0, 255]"
67.003978,Unknown Device,0,0,12,0,"[0, 48, 4, 0, 0, 0, 0, 255]"
67.004007,Unknown Device,0,0,12,0,"[0, 48, 2, 0, 0, 0, 0, 255]"
67.00414,Unknown Device,0,0,12,0,"[0, 48, 2, 0, 0, 0, 0, 255]"
67.004463,Unknown Device,0,0,12,0,"[0, 48, 4, 0, 0, 0, 0, 255]"
67.004515,Unknown Device,0,0,12,0,"[0, 48, 2, 0, 0, 0, 0, 255]"
67.004722,Unknown Device,0,0,12,0,"[0, 48, 2, 0, 0, 0, 0, 255]"
67.004899,Unknown Device,0,0,12,0,"[0, 48, 2, 0, 0, 0, 0, 255]"
67.005127,Unknown Device,0,0,12,0,"[0, 48, 2, 0, 0, 0, 0, 255]"
67.005916,Unknown Device,0,0,12,0,"[0, 48, 4, 0, 0, 0, 0, 255]"
67.005959,Unknown Device,0,0,12,0,"[0, 48, 2, 0, 0, 0, 0, 255]"
67.006384,Unknown Device,0,0,12,0,"[0, 48, 4, 0, 0, 0, 0, 255]"
67.006552,Unknown Device,0,0,12,0,"[0, 48, 2, 0, 0, 0, 0, 255]"
67.006567,Unknown Device,0,0,12,0,"[0, 48, 2, 0, 0, 0, 0, 255]"
67.006596,Unknown Device,0,0,12,0,"[0, 48, 2, 0, 0, 0, 0, 255]"
67.0067,Unknown Device,0,0,12,0,"[0, 48, 2, 0, 0, 0, 0, 255]"
67.006914,Unknown Device,0,0,12,0,"[0, 48, 2, 0, 0, 0, 0, 255]"
67.00754,Unknown Device,0,0,12,0,"[0, 48, 4, 0, 0, 0, 0, 255]"
67.007555,Unknown Device,0,0,12,0,"[0, 48, 2, 0, 0, 0, 0, 255]"
67.007571,Unknown Device,0,0,12,0,"[0, 48, 2, 0, 0, 0, 0, 255]"
67.007738,Unknown Device,0,0,12,0,"[0, 48, 2, 0, 0, 0, 0, 255]"
67.008342,Unknown Device,0,0,12,0,"[0, 48, 4, 0, 0, 0, 0, 255]"
67.008385,Unknown Device,0,0,12,0,"[0, 48, 2, 0, 0, 0, 0, 255]"
67.0084,Unknown Device,0,0,12,0,"[0, 48, 2, 0, 0, 0, 0, 255]"
67.008542,Unknown Device,0,0,12,0,"[0, 48, 2, 0, 0, 0, 0, 255]"
67.00902,Unknown Device,0,0,12,0,"[0, 48, 4, 0, 0, 0, 0, 255]"
67.009035,Unknown Device,0,0,12,0,"[0, 48, 2, 0, 0, 0, 0, 255]"
67.00937,Unknown Device,0,0,12,0,"[0, 48, 4, 0, 0, 0, 0, 255]"
67.009694,Unknown Device,0,0,12,0,"[0, 48, 2, 0, 0, 0, 0, 255]"
67.009709,Unknown Device,0,0,12,0,"[0, 48, 2, 0, 0, 0, 0, 255]"
67.009905,Unknown Device,0,0,12,0,"[0, 48, 4, 0, 0, 0, 0, 255]"
67.010115,Unknown Device,0,0,12,0,"[0, 48, 2, 0, 0, 0, 0, 255]"
67.01029,Unknown Device,0,0,12,0,"[0, 48, 4, 0, 0, 0, 0, 255]"
67.011036,Unknown Device,0,0,12,0,"[0, 48, 4, 0, 0, 0, 0, 255]"
67.011156,Unknown Device,0,0,12,0,"[0, 48, 2, 0, 0, 0, 0, 255]"
67.011172,Unknown Device,0,0,12,0,"[0, 48, 2, 0, 0, 0, 0, 255]"
67.011187,Unknown Device,0,0,12,0,"[0, 48, 2, 0, 0, 0, 0, 255]"
67.01126,Unknown Device,0,0,12,0,"[0, 48, 2, 0, 0, 0, 0, 255]"
67.011497,Unknown Device,0,0,12,0,"[0, 48, 2, 0, 0, 0, 0, 255]"
67.01173,Unknown Device,0,0,12,0,"[0, 48, 2, 0, 0, 0, 0, 255]"
67.01194,Unknown Device,0,0,12,0,"[0, 48, 2, 0, 0, 0, 0, 255]"
67.012533,Unknown Device,0,0,12,0,"[0, 48, 2, 0, 0, 0, 0, 255]"
67.012562,Unknown Device,0,0,12,0,"[0, 48, 2, 0, 0, 0, 0, 255]"
67.012619,Unknown Device,0,0,12,0,"[0, 48, 2, 0, 0, 0, 0, 255]"
67.012757,Unknown Device,0,0,12,0,"[0, 48, 2, 0, 0, 0, 0, 255]"
67.012983,Unknown Device,0,0,12,0,"[0, 48, 4, 0, 0, 0, 0, 255]"
67.0132,Unknown Device,0,0,12,0,"[0, 48, 2, 0, 0, 0, 0, 255]"
67.013412,Unknown Device,0,0,12,0,"[0, 48, 2, 0, 0, 0, 0, 255]"
67.014052,Unknown Device,0,0,12,0,"[0, 48, 2, 0, 0, 0, 0, 255]"
67.014123,Unknown Device,0,0,12,0,"[0, 48, 2, 0, 0, 0, 0, 255]"
67.014493,Unknown Device,0,0,12,0,"[0, 48, 2, 0, 0, 0, 0, 255]"
67.014508,Unknown Device,0,0,12,0,"[0, 48, 2, 0, 0, 0, 0, 255]"
67.014685,Unknown Device,0,0,12,0,"[0, 48, 4, 0, 0, 0, 0, 255]"
67.0147,Unknown Device,0,0,12,0,"[0, 48, 2, 0, 0, 0, 0, 255]"
67.014896,Unknown Device,0,0,12,0,"[0, 48, 2, 0, 0, 0, 0, 255]"
67.015078,Unknown Device,0,0,12,0,"[0, 48, 2, 0, 0, 0, 0, 255]"
67.015999,Unknown Device,0,0,12,0,"[0, 48, 4, 0, 0, 0, 0, 255]"
67.016041,Unknown Device,0,0,12,0,"[0, 48, 2, 0, 0, 0, 0, 255]"
67.016394,Unknown Device,0,0,12,0,"[0, 48, 4, 0, 0, 0, 0, 255]"
67.016468,Unknown Device,0,0,12,0,"[0, 48, 2, 0, 0, 0, 0, 255]"
67.016484,Unknown Device,0,0,12,0,"[0, 48, 2, 0, 0, 0, 0, 255]"
67.016513,Unknown Device,0,0,12,0,"[0, 48, 2, 0, 0, 0, 0, 255]"
67.016586,Unknown Device,0,0,12,0,"[0, 48, 2, 0, 0, 0, 0, 255]"
67.016782,Unknown Device,0,0,12,0,"[0, 48, 2, 0, 0, 0, 0, 255]"
67.017036,Unknown Device,0,0,12,0,"[0, 48, 2, 0, 0, 0, 0, 255]"
67.01749,Unknown Device,0,0,12,0,"[0, 48, 2, 0, 0, 0, 0, 255]"
67.017506,Unknown Device,0,0,12,0,"[0, 48, 2, 0, 0, 0, 0, 255]"
67.017695,Unknown Device,0,0,12,0,"[0, 48, 2, 0, 0, 0, 0, 255]"
67.018108,Unknown Device,0,0,12,0,"[0, 48, 4, 0, 0, 0, 0, 255]"
67.018305,Unknown Device,0,0,12,0,"[0, 48, 2, 0, 0, 0, 0, 255]"
67.018364,Unknown Device,0,0,12,0,"[0, 48, 2, 0, 0, 0, 0, 255]"
67.0186,Unknown Device,0,0,12,0,"[0, 48, 2, 0, 0, 0, 0, 255]"
67.019027,Unknown Device,0,0,12,0,"[0, 48, 4, 0, 0, 0, 0, 255]"
67.019042,Unknown Device,0,0,12,0,"[0, 48, 2, 0, 0, 0, 0, 255]"
67.019696,Unknown Device,0,0,12,0,"[0, 48, 2, 0, 0, 0, 0, 255]"
67.020335,Unknown Device,0,0,12,0,"[0, 48, 4, 0, 0, 0, 0, 255]"
67.021083,Unknown Device,0,0,12,0,"[0, 48, 2, 0, 0, 0, 0, 255]"
67.021098,Unknown Device,0,0,12,0,"[0, 48, 2, 0, 0, 0, 0, 255]"
67.021182,Unknown Device,0,0,12,0,"[0, 48, 2, 0, 0, 0, 0, 255]"
67.021211,Unknown Device,0,0,12,0,"[0, 48, 2, 0, 0, 0, 0, 255]"
67.021448,Unknown Device,0,0,12,0,"[0, 48, 4, 0, 0, 0, 0, 255]"
67.021499,Unknown Device,0,0,12,0,"[0, 48, 2, 0, 0, 0, 0, 255]"
67.021829,Unknown Device,0,0,12,0,"[0, 48, 2, 0, 0, 0, 0, 255]"
67.021844,Unknown Device,0,0,12,0,"[0, 48, 2, 0, 0, 0, 0, 255]"
67.022445,Unknown Device,0,0,12,0,"[0, 48, 4, 0, 0, 0, 0, 255]"
67.02246,Unknown Device,0,0,12,0,"[0, 48, 2, 0, 0, 0, 0, 255]"
67.022475,Unknown Device,0,0,12,0,"[0, 48, 2, 0, 0, 0, 0, 255]"
67.022568,Unknown Device,0,0,12,0,"[0, 48, 2, 0, 0, 0, 0, 255]"
67.022583,Unknown Device,0,0,12,0,"[0, 48, 2, 0, 0, 0, 0, 255]"
67.02299,Unknown Device,0,0,12,0,"[0, 48, 2, 0, 0, 0, 0, 255]"
67.023006,Unknown Device,0,0,12,0,"[0, 48, 2, 0, 0, 0, 0, 255]"
67.023076,Unknown Device,0,0,12,0,"[0, 48, 2, 0, 0, 0, 0, 255]"
67.023373,Unknown Device,0,0,12,0,"[0, 48, 4, 0, 0, 0, 0, 255]"
67.023388,Unknown Device,0,0,12,0,"[0, 48, 2, 0, 0, 0, 0, 255]"
67.023403,Unknown Device,0,0,12,0,"[0, 48, 2, 0, 0, 0, 0, 255]"
67.023925,Unknown Device,0,0,12,0,"[0, 48, 4, 0, 0, 0, 0, 255]"
67.02394,Unknown Device,0,0,12,0,"[0, 48, 2, 0, 0, 0, 0, 255]"
67.024119,Unknown Device,0,0,12,0,"[0, 48, 4, 0, 0, 0, 0, 255]"
67.024364,Unknown Device,0,0,12,0,"[0, 48, 4, 0, 0, 0, 0, 255]"
67.024492,Unknown Device,0,0,12,0,"[0, 48, 4, 0, 0, 0, 0, 255]"
67.02471,Unknown Device,0,0,12,0,"[0, 48, 2, 0, 0, 0, 0, 255]"
67.02492,Unknown Device,0,0,12,0,"[0, 48, 2, 0, 0, 0, 0, 255]"
67.025102,Unknown Device,0,0,12,0,"[0, 48, 2, 0, 0, 0, 0, 255]"
67.026009,Unknown Device,0,0,12,0,"[0, 48, 4, 0, 0, 0, 0, 255]"
67.026038,Unknown Device,0,0,12,0,"[0, 48, 2, 0, 0, 0, 0, 255]"
67.026053,Unknown Device,0,0,12,0,"[0, 48, 2, 0, 0, 0, 0, 255]"
67.026479,Unknown Device,0,0,12,0,"[0, 48, 4, 0, 0, 0, 0, 255]"
67.026564,Unknown Device,0,0,12,0,"[0, 48, 2, 0, 0, 0, 0, 255]"
67.026579,Unknown Device,0,0,12,0,"[0, 48, 2, 0, 0, 0, 0, 255]"
67.026631,Unknown Device,0,0,12,0,"[0, 48, 2, 0, 0, 0, 0, 255]"
67.026834,Unknown Device,0,0,12,0,"[0, 48, 2, 0, 0, 0, 0, 255]"
67.027059,Unknown Device,0,0,12,0,"[0, 48, 4, 0, 0, 0, 0, 255]"
67.027506,Unknown Device,0,0,12,0,"[0, 48, 2, 0, 0, 0, 0, 255]"
67.027626,Unknown Device,0,0,12,0,"[0, 48, 4, 0, 0, 0, 0, 255]"
67.027721,Unknown Device,0,0,12,0,"[0, 48, 2, 0, 0, 0, 0, 255]"
67.028114,Unknown Device,0,0,12,0,"[0, 48, 4, 0, 0, 0, 0, 255]"
67.028268,Unknown Device,0,0,12,0,"[0, 48, 4, 0, 0, 0, 0, 255]"
67.028349,Unknown Device,0,0,12,0,"[0, 48, 4, 0, 0, 0, 0, 255]"
67.02852,Unknown Device,0,0,12,0,"[0, 48, 2, 0, 0, 0, 0, 255]"
67.029003,Unknown Device,0,0,12,0,"[0, 48, 4, 0, 0, 0, 0, 255]"
67.029018,Unknown Device,0,0,12,0,"[0, 48, 2, 0, 0, 0, 0, 255]"
67.0292,Unknown Device,0,0,12,0,"[0, 48, 2, 0, 0, 0, 0, 255]"
67.029701,Unknown Device,0,0,12,0,"[0, 48, 2, 0, 0, 0, 0, 255]"
67.029905,Unknown Device,0,0,12,0,"[0, 48, 4, 0, 0, 0, 0, 255]"
67.029957,Unknown Device,0,0,12,0,"[0, 48, 2, 0, 0, 0, 0, 255]"
67.029985,Unknown Device,0,0,12,0,"[0, 48, 2, 0, 0, 0, 0, 255]"
67.03016,Unknown Device,0,0,12,0,"[0, 48, 2, 0, 0, 0, 0, 255]"
67.031018,Unknown Device,0,0,12,0,"[0, 48, 4, 0, 0, 0, 0, 255]"
67.031033,Unknown Device,0,0,12,0,"[0, 48, 2, 0, 0, 0, 0, 255]"
67.03114,Unknown Device,0,0,12,0,"[0, 48, 2, 0, 0, 0, 0, 255]"
67.031169,Unknown Device,0,0,12,0,"[0, 48, 2, 0, 0, 0, 0, 255]"
67.031567,Unknown Device,0,0,12,0,"[0, 48, 2, 0, 0, 0, 0, 255]"
67.031813,Unknown Device,0,0,12,0,"[0, 48, 4, 0, 0, 0, 0, 255]"
67.032442,Unknown Device,0,0,12,0,"[0, 48, 4, 0, 0, 0, 0, 255]"
67.032471,Unknown Device,0,0,12,0,"[0, 48, 2, 0, 0, 0, 0, 255]"
67.032591,Unknown Device,0,0,12,0,"[0, 48, 2, 0, 0, 0, 0, 255]"
67.03262,Unknown Device,0,0,12,0,"[0, 48, 2, 0, 0, 0, 0, 255]"
67.033027,Unknown Device,0,0,12,0,"[0, 48, 4, 0, 0, 0, 0, 255]"
67.033056,Unknown Device,0,0,12,0,"[0, 48, 2, 0, 0, 0, 0, 255]"
67.033135,Unknown Device,0,0,12,0,"[0, 48, 2, 0, 0, 0, 0, 255]"
67.033151,Unknown Device,0,0,12,0,"[0, 48, 2, 0, 0, 0, 0, 255]"
67.033328,Unknown Device,0,0,12,0,"[0, 48, 2, 0, 0, 0, 0, 255]"
67.033343,Unknown Device,0,0,12,0,"[0, 48, 2, 0, 0, 0, 0, 255]"
67.033927,Unknown Device,0,0,12,0,"[0, 48, 2, 0, 0, 0, 0, 255]"
67.03402,Unknown Device,0,0,12,0,"[0, 48, 4, 0, 0, 0, 0, 255]"
67.034035,Unknown Device,0,0,12,0,"[0, 48, 2, 0, 0, 0, 0, 255]"
67.034495,Unknown Device,0,0,12,0,"[0, 48, 2, 0, 0, 0, 0, 255]"
67.03451,Unknown Device,0,0,12,0,"[0, 48, 2, 0, 0, 0, 0, 255]"
67.034699,Unknown Device,0,0,12,0,"[0, 48, 2, 0, 0, 0, 0, 255]"
67.034917,Unknown Device,0,0,12,0,"[0, 48, 2, 0, 0, 0, 0, 255]"
67.035099,Unknown Device,0,0,12,0,"[0, 48, 2, 0, 0, 0, 0, 255]"
67.036006,Unknown Device,0,0,12,0,"[0, 48, 2, 0, 0, 0, 0, 255]"
67.036551,Unknown Device,0,0,12,0,"[0, 48, 2, 0, 0, 0, 0, 255]"
67.036567,Unknown Device,0,0,12,0,"[0, 48, 2, 0, 0, 0, 0, 255]"
67.036799,Unknown Device,0,0,12,0,"[0, 48, 2, 0, 0, 0, 0, 255]"
67.036814,Unknown Device,0,0,12,0,"[0, 48, 2, 0, 0, 0, 0, 255]"
67.036948,Unknown Device,0,0,12,0,"[0, 48, 4, 0, 0, 0, 0, 255]"
67.037527,Unknown Device,0,0,12,0,"[0, 48, 2, 0, 0, 0, 0, 255]"
67.037731,Unknown Device,0,0,12,0,"[0, 48, 2, 0, 0, 0, 0, 255]"
67.038314,Unknown Device,0,0,12,0,"[0, 48, 4, 0, 0, 0, 0, 255]"
67.038329,Unknown Device,0,0,12,0,"[0, 48, 2, 0, 0, 0, 0, 255]"
67.038345,Unknown Device,0,0,12,0,"[0, 48, 2, 0, 0, 0, 0, 255]"
67.038415,Unknown Device,0,0,12,0,"[0, 48, 2, 0, 0, 0, 0, 255]"
67.038431,Unknown Device,0,0,12,0,"[0, 48, 2, 0, 0, 0, 0, 255]"
67.03845,Unknown Device,0,0,12,0,"[0, 48, 2, 0, 0, 0, 0, 255]"
67.038465,Unknown Device,0,0,12,0,"[0, 48, 2, 0, 0, 0, 0, 255]"
67.038509,Unknown Device,0,0,12,0,"[0, 48, 2, 0, 0, 0, 0, 255]"
67.038727,Unknown Device,0,0,12,0,"[0, 48, 2, 0, 0, 0, 0, 255]"
67.038909,Unknown Device,0,0,12,0,"[0, 48, 4, 0, 0, 0, 0, 255]"
67.039127,Unknown Device,0,0,12,0,"[0, 48, 2, 0, 0, 0, 0, 255]"
67.039367,Unknown Device,0,0,12,0,"[0, 48, 4, 0, 0, 0, 0, 255]"
67.039603,Unknown Device,0,0,12,0,"[0, 48, 4, 0, 0, 0, 0, 255]"
67.039836,Unknown Device,0,0,12,0,"[0, 48, 2, 0, 0, 0, 0, 255]"
67.040068,Unknown Device,0,0,12,0,"[0, 48, 2, 0, 0, 0, 0, 255]"
67.04025,Unknown Device,0,0,12,0,"[0, 48, 4, 0, 0, 0, 0, 255]"
67.041039,Unknown Device,0,0,12,0,"[0, 48, 4, 0, 0, 0, 0, 255]"
67.041068,Unknown Device,0,0,12,0,"[0, 48, 2, 0, 0, 0, 0, 255]"
67.041217,Unknown Device,0,0,12,0,"[0, 48, 4, 0, 0, 0, 0, 255]"
67.041246,Unknown Device,0,0,12,0,"[0, 48, 2, 0, 0, 0, 0, 255]"
67.041284,Unknown Device,0,0,12,0,"[0, 48, 2, 0, 0, 0, 0, 255]"
67.041491,Unknown Device,0,0,12,0,"[0, 48, 4, 0, 0, 0, 0, 255]"
67.04168,Unknown Device,0,0,12,0,"[0, 48, 2, 0, 0, 0, 0, 255]"
67.041911,Unknown,Unknown,Unknown,Unknown,997,"[6, 126, 2, 4, 252, 73, 18, 170]"
67.042592,Unknown Device,0,0,12,0,"[0, 48, 2, 0, 0, 0, 0, 255]"
67.042842,Unknown Device,0,0,12,0,"[0, 48, 2, 0, 0, 0, 0, 255]"
67.043093,Unknown Device,0,0,12,0,"[0, 48, 2, 0, 0, 0, 0, 255]"
67.043315,Unknown Device,0,0,12,0,"[0, 48, 4, 0, 0, 0, 0, 255]"
67.043525,Unknown Device,0,0,12,0,"[0, 48, 2, 0, 0, 0, 0, 255]"
67.044043,Unknown Device,0,0,12,0,"[0, 48, 2, 0, 0, 0, 0, 255]"
67.044493,Unknown Device,0,0,12,0,"[0, 48, 2, 0, 0, 0, 0, 255]"
67.044508,Unknown Device,0,0,12,0,"[0, 48, 2, 0, 0, 0, 0, 255]"
67.044832,Unknown Device,0,0,12,0,"[0, 48, 2, 0, 0, 0, 0, 255]"
67.045061,Unknown Device,0,0,12,0,"[0, 48, 2, 0, 0, 0, 0, 255]"
67.045957,Unknown Device,0,0,12,0,"[0, 48, 2, 0, 0, 0, 0, 255]"
67.045973,Unknown Device,0,0,12,0,"[0, 48, 2, 0, 0, 0, 0, 255]"
67.046464,Unknown Device,0,0,12,0,"[0, 48, 4, 0, 0, 0, 0, 255]"
67.046501,Unknown Device,0,0,12,0,"[0, 48, 2, 0, 0, 0, 0, 255]"
67.046791,Unknown Device,0,0,12,0,"[0, 48, 4, 0, 0, 0, 0, 255]"
67.046806,Unknown Device,0,0,12,0,"[0, 48, 2, 0, 0, 0, 0, 255]"
67.047101,Unknown Device,0,0,12,0,"[0, 48, 4, 0, 0, 0, 0, 255]"
67.047419,Unknown Device,0,0,12,0,"[0, 48, 4, 0, 0, 0, 0, 255]"
67.047739,Unknown Device,0,0,12,0,"[0, 48, 2, 0, 0, 0, 0, 255]"
67.048049,Unknown Device,0,0,12,0,"[0, 48, 2, 0, 0, 0, 0, 255]"
67.048373,Unknown Device,0,0,12,0,"[0, 48, 4, 0, 0, 0, 0, 255]"
67.048657,Unknown Device,0,0,12,0,"[0, 48, 2, 0, 0, 0, 0, 255]"
67.048944,Unknown Device,0,0,12,0,"[0, 48, 2, 0, 0, 0, 0, 255]"
67.049268,Unknown Device,0,0,12,0,"[0, 48, 4, 0, 0, 0, 0, 255]"
67.049553,Unknown Device,0,0,12,0,"[0, 48, 2, 0, 0, 0, 0, 255]"
67.049855,Unknown Device,0,0,12,0,"[0, 48, 4, 0, 0, 0, 0, 255]"
67.050135,Unknown Device,0,0,12,0,"[0, 48, 2, 0, 0, 0, 0, 255]"
67.050494,Unknown Device,0,0,12,0,"[0, 48, 4, 0, 0, 0, 0, 255]"
67.050766,Unknown Device,0,0,12,0,"[0, 48, 4, 0, 0, 0, 0, 255]"
67.051134,Unknown Device,0,0,12,0,"[0, 48, 4, 0, 0, 0, 0, 255]"
67.051171,Unknown Device,0,0,12,0,"[0, 48, 2, 0, 0, 0, 0, 255]"
67.051394,Unknown Device,0,0,12,0,"[0, 48, 2, 0, 0, 0, 0, 255]"
67.051626,Unknown Device,0,0,12,0,"[0, 48, 2, 0, 0, 0, 0, 255]"
67.051811,Unknown Device,0,0,12,0,"[0, 48, 4, 0, 0, 0, 0, 255]"
67.052024,Unknown Device,0,0,12,0,"[0, 48, 2, 0, 0, 0, 0, 255]"
67.052476,Unknown Device,0,0,12,0,"[0, 48, 2, 0, 0, 0, 0, 255]"
67.052491,Unknown Device,0,0,12,0,"[0, 48, 2, 0, 0, 0, 0, 255]"
67.052639,Unknown Device,0,0,12,0,"[0, 48, 2, 0, 0, 0, 0, 255]"
67.053114,Unknown Device,0,0,12,0,"[0, 48, 2, 0, 0, 0, 0, 255]"
67.053349,Unknown Device,0,0,12,0,"[0, 48, 2, 0, 0, 0, 0, 255]"
67.053364,Unknown Device,0,0,12,0,"[0, 48, 2, 0, 0, 0, 0, 255]"
67.053734,Unknown Device,0,0,12,0,"[0, 48, 4, 0, 0, 0, 0, 255]"
67.053763,Unknown Device,0,0,12,0,"[0, 48, 2, 0, 0, 0, 0, 255]"
67.054015,Unknown Device,0,0,12,0,"[0, 48, 4, 0, 0, 0, 0, 255]"
67.054074,Unknown Device,0,0,12,0,"[0, 48, 2, 0, 0, 0, 0, 255]"
67.054296,Unknown Device,0,0,12,0,"[0, 48, 4, 0, 0, 0, 0, 255]"
67.054528,Unknown Device,0,0,12,0,"[0, 48, 2, 0, 0, 0, 0, 255]"
67.054713,Unknown Device,0,0,12,0,"[0, 48, 4, 0, 0, 0, 0, 255]"
67.054919,Unknown Device,0,0,12,0,"[0, 48, 2, 0, 0, 0, 0, 255]"
67.055096,Unknown Device,0,0,12,0,"[0, 48, 2, 0, 0, 0, 0, 255]"
67.056075,Unknown Device,0,0,12,0,"[0, 48, 2, 0, 0, 0, 0, 255]"
67.056477,Unknown Device,0,0,12,0,"[0, 48, 2, 0, 0, 0, 0, 255]"
67.056767,Unknown Device,0,0,12,0,"[0, 48, 2, 0, 0, 0, 0, 255]"
67.056782,Unknown Device,0,0,12,0,"[0, 48, 2, 0, 0, 0, 0, 255]"
67.056797,Unknown Device,0,0,12,0,"[0, 48, 2, 0, 0, 0, 0, 255]"
67.057109,Unknown Device,0,0,12,0,"[0, 48, 4, 0, 0, 0, 0, 255]"
67.057181,Unknown Device,0,0,12,0,"[0, 48, 4, 0, 0, 0, 0, 255]"
67.057281,Unknown Device,0,0,12,0,"[0, 48, 4, 0, 0, 0, 0, 255]"
67.05736,Unknown Device,0,0,12,0,"[0, 48, 4, 0, 0, 0, 0, 255]"
67.05745,Unknown Device,0,0,12,0,"[0, 48, 4, 0, 0, 0, 0, 255]"
67.057557,Unknown Device,0,0,12,0,"[0, 48, 4, 0, 0, 0, 0, 255]"
67.057572,Unknown Device,0,0,12,0,"[0, 48, 2, 0, 0, 0, 0, 255]"
67.057793,Unknown Device,0,0,12,0,"[0, 48, 2, 0, 0, 0, 0, 255]"
67.058049,Unknown Device,0,0,12,0,"[0, 48, 4, 0, 0, 0, 0, 255]"
67.058395,Unknown Device,0,0,12,0,"[0, 48, 4, 0, 0, 0, 0, 255]"
67.05841,Unknown Device,0,0,12,0,"[0, 48, 2, 0, 0, 0, 0, 255]"
67.058591,Unknown Device,0,0,12,0,"[0, 48, 2, 0, 0, 0, 0, 255]"
67.058827,Unknown Device,0,0,12,0,"[0, 48, 4, 0, 0, 0, 0, 255]"
67.05909,Unknown Device,0,0,12,0,"[0, 48, 2, 0, 0, 0, 0, 255]"
67.059371,Unknown Device,0,0,12,0,"[0, 48, 2, 0, 0, 0, 0, 255]"
67.059626,Unknown Device,0,0,12,0,"[0, 48, 4, 0, 0, 0, 0, 255]"
67.059869,Unknown Device,0,0,12,0,"[0, 48, 2, 0, 0, 0, 0, 255]"
67.060215,Unknown Device,0,0,12,0,"[0, 48, 2, 0, 0, 0, 0, 255]"
67.060994,Unknown Device,0,0,12,0,"[0, 48, 4, 0, 0, 0, 0, 255]"
67.061009,Unknown Device,0,0,12,0,"[0, 48, 2, 0, 0, 0, 0, 255]"
67.061066,Unknown Device,0,0,12,0,"[0, 48, 2, 0, 0, 0, 0, 255]"
67.061111,Unknown Device,0,0,12,0,"[0, 48, 2, 0, 0, 0, 0, 255]"
67.061333,Unknown Device,0,0,12,0,"[0, 48, 2, 0, 0, 0, 0, 255]"
67.061573,Unknown Device,0,0,12,0,"[0, 48, 2, 0, 0, 0, 0, 255]"
67.061816,Unknown Device,0,0,12,0,"[0, 48, 4, 0, 0, 0, 0, 255]"
67.062022,Unknown Device,0,0,12,0,"[0, 48, 2, 0, 0, 0, 0, 255]"
67.06245,Unknown Device,0,0,12,0,"[0, 48, 4, 0, 0, 0, 0, 255]"
67.062495,Unknown Device,0,0,12,0,"[0, 48, 2, 0, 0, 0, 0, 255]"
67.062687,Unknown Device,0,0,12,0,"[0, 48, 2, 0, 0, 0, 0, 255]"
67.063025,Unknown Device,0,0,12,0,"[0, 48, 4, 0, 0, 0, 0, 255]"
67.063063,Unknown Device,0,0,12,0,"[0, 48, 2, 0, 0, 0, 0, 255]"
67.063292,Unknown Device,0,0,12,0,"[0, 48, 2, 0, 0, 0, 0, 255]"
67.063495,Unknown Device,0,0,12,0,"[0, 48, 2, 0, 0, 0, 0, 255]"
67.063823,Unknown,Unknown,Unknown,Unknown,997,"[33, 0, 0, 18, 1, 0, 24, 0]"
67.063903,Unknown Device,0,0,12,0,"[0, 48, 4, 0, 0, 0, 0, 255]"
67.064087,Unknown Device,0,0,12,0,"[0, 48, 2, 0, 0, 0, 0, 255]"
67.064454,Unknown Device,0,0,12,0,"[0, 48, 4, 0, 0, 0, 0, 255]"
67.064506,Unknown Device,0,0,12,0,"[0, 48, 2, 0, 0, 0, 0, 255]"
67.064769,Unknown Device,0,0,12,0,"[0, 48, 2, 0, 0, 0, 0, 255]"
67.064931,Unknown Device,0,0,12,0,"[0, 48, 2, 0, 0, 0, 0, 255]"
67.065167,Unknown Device,0,0,12,0,"[0, 48, 2, 0, 0, 0, 0, 255]"
67.065688,Unknown Device,0,0,12,0,"[0, 48, 4, 0, 0, 0, 0, 255]"
67.065759,Unknown Device,0,0,12,0,"[0, 48, 4, 0, 0, 0, 0, 255]"
67.065804,Unknown Device,0,0,12,0,"[0, 48, 2, 0, 0, 0, 0, 255]"
67.066171,Unknown Device,0,0,12,0,"[0, 48, 2, 0, 0, 0, 0, 255]"
67.066538,Unknown Device,0,0,12,0,"[0, 48, 4, 0, 0, 0, 0, 255]"
67.066567,Unknown Device,0,0,12,0,"[0, 48, 2, 0, 0, 0, 0, 255]"
67.066612,Unknown Device,0,0,12,0,"[0, 48, 2, 0, 0, 0, 0, 255]"
67.066789,Unknown Device,0,0,12,0,"[0, 48, 2, 0, 0, 0, 0, 255]"
67.067002,Unknown Device,0,0,12,0,"[0, 48, 2, 0, 0, 0, 0, 255]"
67.067201,Unknown Device,0,0,12,0,"[0, 48, 4, 0, 0, 0, 0, 255]"
67.067423,Unknown Device,0,0,12,0,"[0, 48, 4, 0, 0, 0, 0, 255]"
67.067604,Unknown Device,0,0,12,0,"[0, 48, 2, 0, 0, 0, 0, 255]"
67.06781,Unknown Device,0,0,12,0,"[0, 48, 2, 0, 0, 0, 0, 255]"
67.068046,Unknown Device,0,0,12,0,"[0, 48, 2, 0, 0, 0, 0, 255]"
67.06835,Unknown Device,0,0,12,0,"[0, 48, 4, 0, 0, 0, 0, 255]"
67.068494,Unknown Device,0,0,12,0,"[0, 48, 2, 0, 0, 0, 0, 255]"
67.068723,Unknown Device,0,0,12,0,"[0, 48, 2, 0, 0, 0, 0, 255]"
67.068916,Unknown,Unknown,Unknown,Unknown,997,"[34, 9, 10, 231, 7, 3, 4, 30]"
67.069121,Unknown Device,0,0,12,0,"[0, 48, 2, 0, 0, 0, 0, 255]"
67.069529,Unknown Device,0,0,12,0,"[0, 48, 4, 0, 0, 0, 0, 255]"
67.06967,Unknown Device,0,0,12,0,"[0, 48, 4, 0, 0, 0, 0, 255]"
67.069766,Unknown Device,0,0,12,0,"[0, 48, 2, 0, 0, 0, 0, 255]"
67.069988,Unknown Device,0,0,12,0,"[0, 48, 4, 0, 0, 0, 0, 255]"
67.070231,Unknown Device,0,0,12,0,"[0, 48, 4, 0, 0, 0, 0, 255]"
67.071008,Unknown Device,0,0,12,0,"[0, 48, 2, 0, 0, 0, 0, 255]"
67.071024,Unknown Device,0,0,12,0,"[0, 48, 2, 0, 0, 0, 0, 255]"
67.071039,Unknown Device,0,0,12,0,"[0, 48, 2, 0, 0, 0, 0, 255]"
67.07115,Unknown Device,0,0,12,0,"[0, 48, 2, 0, 0, 0, 0, 255]"
67.071392,Unknown Device,0,0,12,0,"[0, 48, 4, 0, 0, 0, 0, 255]"
67.071578,Unknown Device,0,0,12,0,"[0, 48, 2, 0, 0, 0, 0, 255]"
67.071879,Unknown Device,0,0,12,0,"[0, 48, 2, 0, 0, 0, 0, 255]"
67.072017,Unknown Device,0,0,12,0,"[0, 48, 2, 0, 0, 0, 0, 255]"
67.072243,Unknown Device,0,0,12,0,"[0, 48, 2, 0, 0, 0, 0, 255]"
67.072599,Unknown Device,0,0,12,0,"[0, 48, 2, 0, 0, 0, 0, 255]"
67.072709,Unknown Device,0,0,12,0,"[0, 48, 2, 0, 0, 0, 0, 255]"
67.072912,Unknown Device,0,0,12,0,"[0, 48, 2, 0, 0, 0, 0, 255]"
67.073339,Unknown Device,0,0,12,0,"[0, 48, 4, 0, 0, 0, 0, 255]"
67.073391,Unknown Device,0,0,12,0,"[0, 48, 2, 0, 0, 0, 0, 255]"
67.073647,Unknown Device,0,0,12,0,"[0, 48, 4, 0, 0, 0, 0, 255]"
67.073822,Unknown Device,0,0,12,0,"[0, 48, 2, 0, 0, 0, 0, 255]"
67.074032,Unknown Device,0,0,12,0,"[0, 48, 2, 0, 0, 0, 0, 255]"
67.07425,Unknown Device,0,0,12,0,"[0, 48, 2, 0, 0, 0, 0, 255]"
67.074502,Unknown Device,0,0,12,0,"[0, 48, 2, 0, 0, 0, 0, 255]"
67.074734,Unknown Device,0,0,12,0,"[0, 48, 2, 0, 0, 0, 0, 255]"
67.074959,Unknown Device,0,0,12,0,"[0, 48, 2, 0, 0, 0, 0, 255]"
67.075184,Unknown Device,0,0,12,0,"[0, 48, 2, 0, 0, 0, 0, 255]"
67.0761,Unknown Device,0,0,12,0,"[0, 48, 4, 0, 0, 0, 0, 255]"
67.076115,Unknown Device,0,0,12,0,"[0, 48, 2, 0, 0, 0, 0, 255]"
67.076347,Unknown Device,0,0,12,0,"[0, 48, 4, 0, 0, 0, 0, 255]"
67.076432,Unknown Device,0,0,12,0,"[0, 48, 4, 0, 0, 0, 0, 255]"
67.076696,Unknown Device,0,0,12,0,"[0, 48, 2, 0, 0, 0, 0, 255]"
67.076711,Unknown Device,0,0,12,0,"[0, 48, 2, 0, 0, 0, 0, 255]"
67.076842,Unknown Device,0,0,12,0,"[0, 48, 2, 0, 0, 0, 0, 255]"
67.077407,Unknown Device,0,0,12,0,"[0, 48, 4, 0, 0, 0, 0, 255]"
67.077874,Unknown Device,0,0,12,0,"[0, 48, 2, 0, 0, 0, 0, 255]"
67.078502,Unknown Device,0,0,12,0,"[0, 48, 2, 0, 0, 0, 0, 255]"
67.078763,Unknown Device,0,0,12,0,"[0, 48, 2, 0, 0, 0, 0, 255]"
67.079005,Unknown,Unknown,Unknown,Unknown,997,"[36, 14, 6, 52, 23, 14, 0, 84]"
67.079221,Unknown Device,0,0,12,0,"[0, 48, 4, 0, 0, 0, 0, 255]"
67.079502,Unknown Device,0,0,12,0,"[0, 48, 2, 0, 0, 0, 0, 255]"
67.07972,Unknown Device,0,0,12,0,"[0, 48, 4, 0, 0, 0, 0, 255]"
67.079959,Unknown Device,0,0,12,0,"[0, 48, 2, 0, 0, 0, 0, 255]"
67.08017,Unknown Device,0,0,12,0,"[0, 48, 2, 0, 0, 0, 0, 255]"
67.080374,Unknown Device,0,0,12,0,"[0, 48, 2, 0, 0, 0, 0, 255]"
67.081057,Unknown Device,0,0,12,0,"[0, 48, 2, 0, 0, 0, 0, 255]"
67.081072,Unknown Device,0,0,12,0,"[0, 48, 2, 0, 0, 0, 0, 255]"
67.081171,Unknown Device,0,0,12,0,"[0, 48, 2, 0, 0, 0, 0, 255]"
67.081208,Unknown Device,0,0,12,0,"[0, 48, 2, 0, 0, 0, 0, 255]"
67.081412,Unknown Device,0,0,12,0,"[0, 48, 2, 0, 0, 0, 0, 255]"
67.081649,Unknown Device,0,0,12,0,"[0, 48, 2, 0, 0, 0, 0, 255]"
67.08191,Unknown Device,0,0,12,0,"[0, 48, 2, 0, 0, 0, 0, 255]"
67.082128,Unknown Device,0,0,12,0,"[0, 48, 4, 0, 0, 0, 0, 255]"
67.082339,Unknown Device,0,0,12,0,"[0, 48, 4, 0, 0, 0, 0, 255]"
67.082561,Unknown Device,0,0,12,0,"[0, 48, 4, 0, 0, 0, 0, 255]"
67.082786,Unknown Device,0,0,12,0,"[0, 48, 2, 0, 0, 0, 0, 255]"
67.083033,Unknown Device,0,0,12,0,"[0, 48, 2, 0, 0, 0, 0, 255]"
67.083258,Unknown Device,0,0,12,0,"[0, 48, 4, 0, 0, 0, 0, 255]"
67.083502,Unknown Device,0,0,12,0,"[0, 48, 2, 0, 0, 0, 0, 255]"
67.083905,Unknown,Unknown,Unknown,Unknown,997,"[37, 97, 108, 111, 110, 32, 70, 88]"
67.084078,Unknown Device,0,0,12,0,"[0, 48, 2, 0, 0, 0, 0, 255]"
67.084383,Unknown Device,0,0,12,0,"[0, 48, 2, 0, 0, 0, 0, 255]"
67.084685,Unknown Device,0,0,12,0,"[0, 48, 2, 0, 0, 0, 0, 255]"
67.085011,Unknown Device,0,0,12,0,"[0, 48, 2, 0, 0, 0, 0, 255]"
67.085317,Unknown Device,0,0,12,0,"[0, 48, 2, 0, 0, 0, 0, 255]"
67.086093,Unknown Device,0,0,12,0,"[0, 48, 2, 0, 0, 0, 0, 255]"
67.086469,Unknown Device,0,0,12,0,"[0, 48, 2, 0, 0, 0, 0, 255]"
67.086498,Unknown Device,0,0,12,0,"[0, 48, 2, 0, 0, 0, 0, 255]"
67.086737,Unknown Device,0,0,12,0,"[0, 48, 4, 0, 0, 0, 0, 255]"
67.086825,Unknown Device,0,0,12,0,"[0, 48, 2, 0, 0, 0, 0, 255]"
67.087324,Unknown Device,0,0,12,0,"[0, 48, 4, 0, 0, 0, 0, 255]"
67.087486,Unknown Device,0,0,12,0,"[0, 48, 2, 0, 0, 0, 0, 255]"
67.087711,Unknown Device,0,0,12,0,"[0, 48, 2, 0, 0, 0, 0, 255]"
67.087987,Unknown Device,0,0,12,0,"[0, 48, 4, 0, 0, 0, 0, 255]"
67.088408,Unknown Device,0,0,12,0,"[0, 48, 2, 0, 0, 0, 0, 255]"
67.0885,Unknown Device,0,0,12,0,"[0, 48, 2, 0, 0, 0, 0, 255]"
67.088718,Unknown Device,0,0,12,0,"[0, 48, 2, 0, 0, 0, 0, 255]"
67.088995,Unknown,Unknown,Unknown,Unknown,997,"[38, 32, 118, 101, 114, 115, 46, 32]"
67.089259,Unknown Device,0,0,12,0,"[0, 48, 4, 0, 0, 0, 0, 255]"
67.0895,Unknown Device,0,0,12,0,"[0, 48, 2, 0, 0, 0, 0, 255]"
67.089721,Unknown Device,0,0,12,0,"[0, 48, 2, 0, 0, 0, 0, 255]"
67.089934,Unknown Device,0,0,12,0,"[0, 48, 4, 0, 0, 0, 0, 255]"
67.090111,Unknown Device,0,0,12,0,"[0, 48, 2, 0, 0, 0, 0, 255]"
67.090348,Unknown Device,0,0,12,0,"[0, 48, 4, 0, 0, 0, 0, 255]"
67.091032,Unknown Device,0,0,12,0,"[0, 48, 4, 0, 0, 0, 0, 255]"
67.091075,Unknown Device,0,0,12,0,"[0, 48, 2, 0, 0, 0, 0, 255]"
67.09109,Unknown Device,0,0,12,0,"[0, 48, 2, 0, 0, 0, 0, 255]"
67.091216,Unknown Device,0,0,12,0,"[0, 48, 2, 0, 0, 0, 0, 255]"
67.091475,Unknown Device,0,0,12,0,"[0, 48, 4, 0, 0, 0, 0, 255]"
67.091608,Unknown Device,0,0,12,0,"[0, 48, 2, 0, 0, 0, 0, 255]"
67.091807,Unknown Device,0,0,12,0,"[0, 48, 2, 0, 0, 0, 0, 255]"
67.092072,Unknown Device,0,0,12,0,"[0, 48, 4, 0, 0, 0, 0, 255]"
67.092521,Unknown Device,0,0,12,0,"[0, 48, 4, 0, 0, 0, 0, 255]"
67.09255,Unknown Device,0,0,12,0,"[0, 48, 2, 0, 0, 0, 0, 255]"
67.092735,Unknown Device,0,0,12,0,"[0, 48, 2, 0, 0, 0, 0, 255]"
67.093112,Unknown Device,0,0,12,0,"[0, 48, 2, 0, 0, 0, 0, 255]"
67.093223,Unknown Device,0,0,12,0,"[0, 48, 2, 0, 0, 0, 0, 255]"
67.093454,Unknown Device,0,0,12,0,"[0, 48, 2, 0, 0, 0, 0, 255]"
67.093631,Unknown Device,0,0,12,0,"[0, 48, 2, 0, 0, 0, 0, 255]"
67.093862,Unknown,Unknown,Unknown,Unknown,997,"[39, 67, 0, 70, 82, 67, 45, 48]"
67.094096,Unknown Device,0,0,12,0,"[0, 48, 2, 0, 0, 0, 0, 255]"
67.094281,Unknown Device,0,0,12,0,"[0, 48, 2, 0, 0, 0, 0, 255]"
67.094513,Unknown Device,0,0,12,0,"[0, 48, 4, 0, 0, 0, 0, 255]"
67.094712,Unknown Device,0,0,12,0,"[0, 48, 2, 0, 0, 0, 0, 255]"
67.094918,Unknown Device,0,0,12,0,"[0, 48, 4, 0, 0, 0, 0, 255]"
67.095169,Unknown Device,0,0,12,0,"[0, 48, 2, 0, 0, 0, 0, 255]"
67.09607,Unknown Device,0,0,12,0,"[0, 48, 4, 0, 0, 0, 0, 255]"
67.096113,Unknown Device,0,0,12,0,"[0, 48, 2, 0, 0, 0, 0, 255]"
67.096495,Unknown Device,0,0,12,0,"[0, 48, 4, 0, 0, 0, 0, 255]"
67.096524,Unknown Device,0,0,12,0,"[0, 48, 2, 0, 0, 0, 0, 255]"
67.096744,Unknown Device,0,0,12,0,"[0, 48, 2, 0, 0, 0, 0, 255]"
67.09761,Unknown Device,0,0,12,0,"[0, 48, 2, 0, 0, 0, 0, 255]"
67.097626,Unknown Device,0,0,12,0,"[0, 48, 2, 0, 0, 0, 0, 255]"
67.097641,Unknown Device,0,0,12,0,"[0, 48, 2, 0, 0, 0, 0, 255]"
67.097656,Unknown Device,0,0,12,0,"[0, 48, 2, 0, 0, 0, 0, 255]"
67.097806,Unknown Device,0,0,12,0,"[0, 48, 2, 0, 0, 0, 0, 255]"
67.097877,Unknown Device,0,0,12,0,"[0, 48, 2, 0, 0, 0, 0, 255]"
67.097963,Unknown Device,0,0,12,0,"[0, 48, 4, 0, 0, 0, 0, 255]"
67.09836,Unknown Device,0,0,12,0,"[0, 48, 4, 0, 0, 0, 0, 255]"
67.098445,Unknown Device,0,0,12,0,"[0, 48, 2, 0, 0, 0, 0, 255]"
67.098464,Unknown Device,0,0,12,0,"[0, 48, 2, 0, 0, 0, 0, 255]"
67.098502,Unknown Device,0,0,12,0,"[0, 48, 2, 0, 0, 0, 0, 255]"
67.098693,Unknown Device,0,0,12,0,"[0, 48, 2, 0, 0, 0, 0, 255]"
67.09888,Unknown,Unknown,Unknown,Unknown,997,"[40, 50, 49, 50, 57, 0, 0, 0]"
67.099063,Unknown Device,0,0,12,0,"[0, 48, 4, 0, 0, 0, 0, 255]"
67.099299,Unknown Device,0,0,12,0,"[0, 48, 2, 0, 0, 0, 0, 255]"
67.099567,Unknown Device,0,0,12,0,"[0, 48, 4, 0, 0, 0, 0, 255]"
67.099751,Unknown Device,0,0,12,0,"[0, 48, 2, 0, 0, 0, 0, 255]"
67.099986,Unknown Device,0,0,12,0,"[0, 48, 4, 0, 0, 0, 0, 255]"
67.10017,Unknown Device,0,0,12,0,"[0, 48, 4, 0, 0, 0, 0, 255]"
67.101072,Unknown Device,0,0,12,0,"[0, 48, 2, 0, 0, 0, 0, 255]"
67.101088,Unknown Device,0,0,12,0,"[0, 48, 2, 0, 0, 0, 0, 255]"
67.101167,Unknown Device,0,0,12,0,"[0, 48, 2, 0, 0, 0, 0, 255]"
67.101182,Unknown Device,0,0,12,0,"[0, 48, 2, 0, 0, 0, 0, 255]"
67.101198,Unknown Device,0,0,12,0,"[0, 48, 2, 0, 0, 0, 0, 255]"
67.101402,Unknown Device,0,0,12,0,"[0, 48, 4, 0, 0, 0, 0, 255]"
67.101524,Unknown Device,0,0,12,0,"[0, 48, 2, 0, 0, 0, 0, 255]"
67.101849,Unknown Device,0,0,12,0,"[0, 48, 2, 0, 0, 0, 0, 255]"
67.101923,Unknown Device,0,0,12,0,"[0, 48, 2, 0, 0, 0, 0, 255]"
67.102448,Unknown Device,0,0,12,0,"[0, 48, 4, 0, 0, 0, 0, 255]"
67.10251,Unknown Device,0,0,12,0,"[0, 48, 2, 0, 0, 0, 0, 255]"
67.102562,Unknown Device,0,0,12,0,"[0, 48, 2, 0, 0, 0, 0, 255]"
67.102746,Unknown Device,0,0,12,0,"[0, 48, 2, 0, 0, 0, 0, 255]"
67.103023,Unknown Device,0,0,12,0,"[0, 48, 2, 0, 0, 0, 0, 255]"
67.103171,Unknown Device,0,0,12,0,"[0, 48, 2, 0, 0, 0, 0, 255]"
67.103364,Unknown Device,0,0,12,0,"[0, 48, 2, 0, 0, 0, 0, 255]"
67.103581,Unknown Device,0,0,12,0,"[0, 48, 2, 0, 0, 0, 0, 255]"
67.103904,Unknown,Unknown,Unknown,Unknown,997,"[41, 0, 0, 0, 67, 84, 82, 32]"
67.104043,Unknown Device,0,0,12,0,"[0, 48, 4, 0, 0, 0, 0, 255]"
67.104279,Unknown Device,0,0,12,0,"[0, 48, 2, 0, 0, 0, 0, 255]"
67.104519,Unknown Device,0,0,12,0,"[0, 48, 2, 0, 0, 0, 0, 255]"
67.104733,Unknown Device,0,0,12,0,"[0, 48, 4, 0, 0, 0, 0, 255]"
67.104917,Unknown Device,0,0,12,0,"[0, 48, 2, 0, 0, 0, 0, 255]"
67.105131,Unknown Device,0,0,12,0,"[0, 48, 2, 0, 0, 0, 0, 255]"
67.105317,Unknown Device,0,0,12,0,"[0, 48, 2, 0, 0, 0, 0, 255]"
67.105534,Unknown Device,0,0,12,0,"[0, 48, 4, 0, 0, 0, 0, 255]"
67.106072,Unknown Device,0,0,12,0,"[0, 48, 4, 0, 0, 0, 0, 255]"
67.106088,Unknown Device,0,0,12,0,"[0, 48, 2, 0, 0, 0, 0, 255]"
67.106162,Unknown Device,0,0,12,0,"[0, 48, 2, 0, 0, 0, 0, 255]"
67.106464,Unknown Device,0,0,12,0,"[0, 48, 2, 0, 0, 0, 0, 255]"
67.106567,Unknown Device,0,0,12,0,"[0, 48, 2, 0, 0, 0, 0, 255]"
67.106795,Unknown Device,0,0,12,0,"[0, 48, 4, 0, 0, 0, 0, 255]"
67.107009,Unknown Device,0,0,12,0,"[0, 48, 2, 0, 0, 0, 0, 255]"
67.107364,Unknown Device,0,0,12,0,"[0, 48, 4, 0, 0, 0, 0, 255]"
67.107524,Unknown Device,0,0,12,0,"[0, 48, 4, 0, 0, 0, 0, 255]"
67.107605,Unknown Device,0,0,12,0,"[0, 48, 2, 0, 0, 0, 0, 255]"
67.107819,Unknown Device,0,0,12,0,"[0, 48, 2, 0, 0, 0, 0, 255]"
67.108003,Unknown Device,0,0,12,0,"[0, 48, 4, 0, 0, 0, 0, 255]"
67.10838,Unknown Device,0,0,12,0,"[0, 48, 4, 0, 0, 0, 0, 255]"
67.108502,Unknown Device,0,0,12,0,"[0, 48, 2, 0, 0, 0, 0, 255]"
67.108731,Unknown Device,0,0,12,0,"[0, 48, 2, 0, 0, 0, 0, 255]"
67.108937,Unknown,Unknown,Unknown,Unknown,997,"[42, 69, 108, 101, 99, 116, 114, 111]"
67.109157,Unknown Device,0,0,12,0,"[0, 48, 2, 0, 0, 0, 0, 255]"
67.109539,Unknown Device,0,0,12,0,"[0, 48, 2, 0, 0, 0, 0, 255]"
67.109712,Unknown Device,0,0,12,0,"[0, 48, 2, 0, 0, 0, 0, 255]"
67.11014,Unknown Device,0,0,12,0,"[0, 48, 4, 0, 0, 0, 0, 255]"
67.110169,Unknown Device,0,0,12,0,"[0, 48, 2, 0, 0, 0, 0, 255]"
67.111046,Unknown Device,0,0,12,0,"[0, 48, 2, 0, 0, 0, 0, 255]"
67.111075,Unknown Device,0,0,12,0,"[0, 48, 2, 0, 0, 0, 0, 255]"
67.111112,Unknown Device,0,0,12,0,"[0, 48, 2, 0, 0, 0, 0, 255]"
67.111184,Unknown Device,0,0,12,0,"[0, 48, 2, 0, 0, 0, 0, 255]"
67.111199,Unknown Device,0,0,12,0,"[0, 48, 2, 0, 0, 0, 0, 255]"
67.111519,Unknown Device,0,0,12,0,"[0, 48, 2, 0, 0, 0, 0, 255]"
67.111753,Unknown Device,0,0,12,0,"[0, 48, 4, 0, 0, 0, 0, 255]"
67.112457,Unknown Device,0,0,12,0,"[0, 48, 4, 0, 0, 0, 0, 255]"
67.112472,Unknown Device,0,0,12,0,"[0, 48, 2, 0, 0, 0, 0, 255]"
67.112515,Unknown Device,0,0,12,0,"[0, 48, 2, 0, 0, 0, 0, 255]"
67.112581,Unknown Device,0,0,12,0,"[0, 48, 2, 0, 0, 0, 0, 255]"
67.112596,Unknown Device,0,0,12,0,"[0, 48, 2, 0, 0, 0, 0, 255]"
67.11302,Unknown Device,0,0,12,0,"[0, 48, 4, 0, 0, 0, 0, 255]"
67.113035,Unknown Device,0,0,12,0,"[0, 48, 2, 0, 0, 0, 0, 255]"
67.113242,Unknown Device,0,0,12,0,"[0, 48, 2, 0, 0, 0, 0, 255]"
67.113427,Unknown Device,0,0,12,0,"[0, 48, 4, 0, 0, 0, 0, 255]"
67.113659,Unknown Device,0,0,12,0,"[0, 48, 2, 0, 0, 0, 0, 255]"
67.113854,Unknown,Unknown,Unknown,Unknown,997,"[43, 110, 105, 99, 115, 0, 0, 0]"
67.114059,Unknown Device,0,0,12,0,"[0, 48, 4, 0, 0, 0, 0, 255]"
67.114288,Unknown Device,0,0,12,0,"[0, 48, 2, 0, 0, 0, 0, 255]"
67.114513,Unknown Device,0,0,12,0,"[0, 48, 4, 0, 0, 0, 0, 255]"
67.114697,Unknown Device,0,0,12,0,"[0, 48, 2, 0, 0, 0, 0, 255]"
67.114911,Unknown Device,0,0,12,0,"[0, 48, 2, 0, 0, 0, 0, 255]"
67.115132,Unknown Device,0,0,12,0,"[0, 48, 2, 0, 0, 0, 0, 255]"
67.116006,Unknown Device,0,0,12,0,"[0, 48, 4, 0, 0, 0, 0, 255]"
67.116021,Unknown Device,0,0,12,0,"[0, 48, 2, 0, 0, 0, 0, 255]"
67.116471,Unknown Device,0,0,12,0,"[0, 48, 4, 0, 0, 0, 0, 255]"
67.116508,Unknown Device,0,0,12,0,"[0, 48, 2, 0, 0, 0, 0, 255]"
67.116523,Unknown Device,0,0,12,0,"[0, 48, 2, 0, 0, 0, 0, 255]"
67.116701,Unknown Device,0,0,12,0,"[0, 48, 4, 0, 0, 0, 0, 255]"
67.116758,Unknown Device,0,0,12,0,"[0, 48, 2, 0, 0, 0, 0, 255]"
67.117461,Unknown Device,0,0,12,0,"[0, 48, 4, 0, 0, 0, 0, 255]"
67.117504,Unknown Device,0,0,12,0,"[0, 48, 2, 0, 0, 0, 0, 255]"
67.117626,Unknown Device,0,0,12,0,"[0, 48, 4, 0, 0, 0, 0, 255]"
67.117641,Unknown Device,0,0,12,0,"[0, 48, 2, 0, 0, 0, 0, 255]"
67.117781,Unknown Device,0,0,12,0,"[0, 48, 2, 0, 0, 0, 0, 255]"
67.118304,Unknown Device,0,0,12,0,"[0, 48, 4, 0, 0, 0, 0, 255]"
67.118347,Unknown Device,0,0,12,0,"[0, 48, 2, 0, 0, 0, 0, 255]"
67.118384,Unknown Device,0,0,12,0,"[0, 48, 2, 0, 0, 0, 0, 255]"
67.118599,Unknown Device,0,0,12,0,"[0, 48, 2, 0, 0, 0, 0, 255]"
67.118809,Unknown Device,0,0,12,0,"[0, 48, 2, 0, 0, 0, 0, 255]"
67.118993,Unknown,Unknown,Unknown,Unknown,997,"[44, 0, 0, 0, 0, 0, 0, 0]"
67.119173,Unknown Device,0,0,12,0,"[0, 48, 4, 0, 0, 0, 0, 255]"
67.119355,Unknown Device,0,0,12,0,"[0, 48, 2, 0, 0, 0, 0, 255]"
67.119563,Unknown Device,0,0,12,0,"[0, 48, 4, 0, 0, 0, 0, 255]"
67.119772,Unknown Device,0,0,12,0,"[0, 48, 4, 0, 0, 0, 0, 255]"
67.119954,Unknown Device,0,0,12,0,"[0, 48, 4, 0, 0, 0, 0, 255]"
67.12023,Unknown Device,0,0,12,0,"[0, 48, 4, 0, 0, 0, 0, 255]"
67.121041,Unknown Device,0,0,12,0,"[0, 48, 4, 0, 0, 0, 0, 255]"
67.121056,Unknown Device,0,0,12,0,"[0, 48, 2, 0, 0, 0, 0, 255]"
67.121072,Unknown Device,0,0,12,0,"[0, 48, 2, 0, 0, 0, 0, 255]"
67.121131,Unknown Device,0,0,12,0,"[0, 48, 2, 0, 0, 0, 0, 255]"
67.121335,Unknown Device,0,0,12,0,"[0, 48, 2, 0, 0, 0, 0, 255]"
67.121521,Unknown Device,0,0,12,0,"[0, 48, 4, 0, 0, 0, 0, 255]"
67.121724,Unknown Device,0,0,12,0,"[0, 48, 2, 0, 0, 0, 0, 255]"
67.121906,Unknown Device,0,0,12,0,"[0, 48, 2, 0, 0, 0, 0, 255]"
67.122514,Unknown Device,0,0,12,0,"[0, 48, 4, 0, 0, 0, 0, 255]"
67.122529,Unknown Device,0,0,12,0,"[0, 48, 2, 0, 0, 0, 0, 255]"
67.122544,Unknown Device,0,0,12,0,"[0, 48, 2, 0, 0, 0, 0, 255]"
67.122726,Unknown Device,0,0,12,0,"[0, 48, 2, 0, 0, 0, 0, 255]"
67.123251,Unknown Device,0,0,12,0,"[0, 48, 4, 0, 0, 0, 0, 255]"
67.123414,Unknown Device,0,0,12,0,"[0, 48, 2, 0, 0, 0, 0, 255]"
67.123429,Unknown Device,0,0,12,0,"[0, 48, 2, 0, 0, 0, 0, 255]"
67.123725,Unknown Device,0,0,12,0,"[0, 48, 4, 0, 0, 0, 0, 255]"
67.123753,Unknown Device,0,0,12,0,"[0, 48, 2, 0, 0, 0, 0, 255]"
67.123935,Unknown Device,0,0,12,0,"[0, 48, 2, 0, 0, 0, 0, 255]"
67.124146,Unknown Device,0,0,12,0,"[0, 48, 2, 0, 0, 0, 0, 255]"
67.124357,Unknown Device,0,0,12,0,"[0, 48, 2, 0, 0, 0, 0, 255]"
67.124565,Unknown Device,0,0,12,0,"[0, 48, 2, 0, 0, 0, 0, 255]"
67.124747,Unknown Device,0,0,12,0,"[0, 48, 2, 0, 0, 0, 0, 255]"
67.124985,Unknown Device,0,0,12,0,"[0, 48, 4, 0, 0, 0, 0, 255]"
67.125138,Unknown Device,0,0,12,0,"[0, 48, 2, 0, 0, 0, 0, 255]"
67.126087,Unknown Device,0,0,12,0,"[0, 48, 4, 0, 0, 0, 0, 255]"
67.126129,Unknown Device,0,0,12,0,"[0, 48, 2, 0, 0, 0, 0, 255]"
67.126412,Unknown Device,0,0,12,0,"[0, 48, 4, 0, 0, 0, 0, 255]"
67.126441,Unknown Device,0,0,12,0,"[0, 48, 2, 0, 0, 0, 0, 255]"
67.12646,Unknown Device,0,0,12,0,"[0, 48, 2, 0, 0, 0, 0, 255]"
67.126812,Unknown Device,0,0,12,0,"[0, 48, 2, 0, 0, 0, 0, 255]"
67.126841,Unknown Device,0,0,12,0,"[0, 48, 2, 0, 0, 0, 0, 255]"
67.127548,Unknown Device,0,0,12,0,"[0, 48, 4, 0, 0, 0, 0, 255]"
67.127577,Unknown Device,0,0,12,0,"[0, 48, 2, 0, 0, 0, 0, 255]"
67.127606,Unknown Device,0,0,12,0,"[0, 48, 2, 0, 0, 0, 0, 255]"
67.127704,Unknown Device,0,0,12,0,"[0, 48, 2, 0, 0, 0, 0, 255]"
67.128259,Unknown Device,0,0,12,0,"[0, 48, 2, 0, 0, 0, 0, 255]"
67.128275,Unknown Device,0,0,12,0,"[0, 48, 2, 0, 0, 0, 0, 255]"
67.128346,Unknown Device,0,0,12,0,"[0, 48, 2, 0, 0, 0, 0, 255]"
67.12884,Unknown Device,0,0,4,0,"[0, 76, 0, 0, 0, 0, 0, 126]"
67.128857,Unknown,Unknown,Unknown,Unknown,997,"[46, 19, 170, 170, 170, 170, 170, 170]"
67.128963,Unknown Device,0,0,12,0,"[0, 12, 4, 0, 0, 0, 0, 127]"
67.128978,Unknown Device,0,0,4,0,"[0, 48, 0, 0, 0, 0, 0, 255]"
67.129116,Unknown Device,0,0,12,0,"[0, 48, 2, 0, 0, 0, 0, 255]"
67.129298,Unknown Device,0,0,12,0,"[0, 48, 2, 0, 0, 0, 0, 255]"
67.129534,Unknown Device,0,0,12,0,"[0, 48, 4, 0, 0, 0, 0, 255]"
67.129759,Unknown Device,0,0,12,0,"[0, 48, 2, 0, 0, 0, 0, 255]"
67.129977,Unknown Device,0,0,12,0,"[0, 48, 2, 0, 0, 0, 0, 255]"
67.130217,Unknown Device,0,0,12,0,"[0, 48, 2, 0, 0, 0, 0, 255]"
67.130392,Unknown Device,0,0,12,0,"[0, 48, 4, 0, 0, 0, 0, 255]"
67.131034,Unknown Device,0,0,12,0,"[0, 48, 4, 0, 0, 0, 0, 255]"
67.131091,Unknown Device,0,0,12,0,"[0, 48, 2, 0, 0, 0, 0, 255]"
67.131148,Unknown Device,0,0,12,0,"[0, 48, 4, 0, 0, 0, 0, 255]"
67.131243,Unknown Device,0,0,12,0,"[0, 48, 2, 0, 0, 0, 0, 255]"
67.131537,Unknown Device,0,0,12,0,"[0, 48, 4, 0, 0, 0, 0, 255]"
67.131726,Unknown Device,0,0,12,0,"[0, 48, 2, 0, 0, 0, 0, 255]"
67.131937,Unknown Device,0,0,12,0,"[0, 48, 2, 0, 0, 0, 0, 255]"
67.132515,Unknown Device,0,0,12,0,"[0, 48, 2, 0, 0, 0, 0, 255]"
67.13253,Unknown Device,0,0,12,0,"[0, 48, 2, 0, 0, 0, 0, 255]"
67.132629,Unknown Device,0,0,12,0,"[0, 48, 2, 0, 0, 0, 0, 255]"
67.132716,Unknown Device,0,0,12,0,"[0, 48, 2, 0, 0, 0, 0, 255]"
67.133059,Unknown Device,0,0,12,0,"[0, 48, 2, 0, 0, 0, 0, 255]"
67.133147,Unknown Device,0,0,12,0,"[0, 48, 2, 0, 0, 0, 0, 255]"
67.133406,Unknown Device,0,0,12,0,"[0, 48, 4, 0, 0, 0, 0, 255]"
67.13357,Unknown Device,0,0,12,0,"[0, 48, 2, 0, 0, 0, 0, 255]"
67.133877,Unknown Device,0,0,12,0,"[0, 48, 4, 0, 0, 0, 0, 255]"
67.133958,Unknown Device,0,0,12,0,"[0, 48, 2, 0, 0, 0, 0, 255]"
67.134183,Unknown Device,0,0,12,0,"[0, 48, 2, 0, 0, 0, 0, 255]"
67.134463,Unknown Device,0,0,12,0,"[0, 48, 2, 0, 0, 0, 0, 255]"
67.134666,Unknown Device,0,0,12,0,"[0, 48, 2, 0, 0, 0, 0, 255]"
67.134862,Unknown Device,0,0,12,0,"[0, 48, 4, 0, 0, 0, 0, 255]"
67.135044,Unknown Device,0,0,12,0,"[0, 48, 2, 0, 0, 0, 0, 255]"
67.135971,Unknown Device,0,0,12,0,"[0, 48, 4, 0, 0, 0, 0, 255]"
67.136008,Unknown Device,0,0,12,0,"[0, 48, 2, 0, 0, 0, 0, 255]"
67.136461,Unknown Device,0,0,12,0,"[0, 48, 2, 0, 0, 0, 0, 255]"
67.136476,Unknown Device,0,0,12,0,"[0, 48, 2, 0, 0, 0, 0, 255]"
67.136695,Unknown Device,0,0,12,0,"[0, 48, 4, 0, 0, 0, 0, 255]"
67.13754,Unknown Device,0,0,12,0,"[0, 48, 2, 0, 0, 0, 0, 255]"
67.137555,Unknown Device,0,0,12,0,"[0, 48, 2, 0, 0, 0, 0, 255]"
67.137612,Unknown Device,0,0,12,0,"[0, 48, 2, 0, 0, 0, 0, 255]"
67.138343,Unknown Device,0,0,12,0,"[0, 48, 2, 0, 0, 0, 0, 255]"
67.138358,Unknown Device,0,0,12,0,"[0, 48, 2, 0, 0, 0, 0, 255]"
67.138443,Unknown Device,0,0,12,0,"[0, 48, 2, 0, 0, 0, 0, 255]"
67.138462,Unknown Device,0,0,12,0,"[0, 48, 2, 0, 0, 0, 0, 255]"
67.138477,Unknown Device,0,0,12,0,"[0, 48, 2, 0, 0, 0, 0, 255]"
67.139101,Unknown Device,0,0,12,0,"[0, 48, 4, 0, 0, 0, 0, 255]"
67.139116,Unknown Device,0,0,12,0,"[0, 48, 2, 0, 0, 0, 0, 255]"
67.139131,Unknown Device,0,0,12,0,"[0, 48, 2, 0, 0, 0, 0, 255]"
67.139718,Unknown Device,0,0,12,0,"[0, 48, 4, 0, 0, 0, 0, 255]"
67.139733,Unknown Device,0,0,12,0,"[0, 48, 2, 0, 0, 0, 0, 255]"
67.139749,Unknown Device,0,0,12,0,"[0, 48, 2, 0, 0, 0, 0, 255]"
67.139764,Unknown Device,0,0,12,0,"[0, 48, 2, 0, 0, 0, 0, 255]"
67.139996,Unknown Device,0,0,12,0,"[0, 48, 4, 0, 0, 0, 0, 255]"
67.140075,Unknown Device,0,0,12,0,"[0, 48, 2, 0, 0, 0, 0, 255]"
67.140131,Unknown Device,0,0,12,0,"[0, 48, 2, 0, 0, 0, 0, 255]"
67.140604,Unknown Device,0,0,12,0,"[0, 48, 4, 0, 0, 0, 0, 255]"
67.140891,Unknown Device,0,0,12,0,"[0, 48, 4, 0, 0, 0, 0, 255]"
67.14097,Unknown Device,0,0,12,0,"[0, 48, 4, 0, 0, 0, 0, 255]"
67.141124,Unknown Device,0,0,12,0,"[0, 48, 2, 0, 0, 0, 0, 255]"
67.141161,Unknown Device,0,0,12,0,"[0, 48, 2, 0, 0, 0, 0, 255]"
67.141337,Unknown Device,0,0,12,0,"[0, 48, 2, 0, 0, 0, 0, 255]"
67.141606,Unknown Device,0,0,12,0,"[0, 48, 2, 0, 0, 0, 0, 255]"
67.141744,Unknown Device,0,0,12,0,"[0, 48, 2, 0, 0, 0, 0, 255]"
67.141955,Unknown Device,0,0,12,0,"[0, 48, 2, 0, 0, 0, 0, 255]"
67.142484,Unknown Device,0,0,12,0,"[0, 48, 2, 0, 0, 0, 0, 255]"
67.142499,Unknown Device,0,0,12,0,"[0, 48, 2, 0, 0, 0, 0, 255]"
67.142579,Unknown Device,0,0,12,0,"[0, 48, 4, 0, 0, 0, 0, 255]"
67.142804,Unknown Device,0,0,12,0,"[0, 48, 2, 0, 0, 0, 0, 255]"
67.143069,Unknown Device,0,0,12,0,"[0, 48, 2, 0, 0, 0, 0, 255]"
67.14322,Unknown Device,0,0,12,0,"[0, 48, 4, 0, 0, 0, 0, 255]"
67.143388,Unknown Device,0,0,12,0,"[0, 48, 2, 0, 0, 0, 0, 255]"
67.143581,Unknown Device,0,0,12,0,"[0, 48, 2, 0, 0, 0, 0, 255]"
67.143861,Unknown Device,0,0,12,0,"[0, 48, 4, 0, 0, 0, 0, 255]"
67.144014,Unknown Device,0,0,12,0,"[0, 48, 2, 0, 0, 0, 0, 255]"
67.144261,Unknown Device,0,0,12,0,"[0, 48, 2, 0, 0, 0, 0, 255]"
67.144512,Unknown Device,0,0,12,0,"[0, 48, 2, 0, 0, 0, 0, 255]"
67.144723,Unknown Device,0,0,12,0,"[0, 48, 2, 0, 0, 0, 0, 255]"
67.144926,Unknown Device,0,0,12,0,"[0, 48, 2, 0, 0, 0, 0, 255]"
67.145108,Unknown Device,0,0,12,0,"[0, 48, 2, 0, 0, 0, 0, 255]"
67.145291,Unknown Device,0,0,12,0,"[0, 48, 2, 0, 0, 0, 0, 255]"
67.146086,Unknown Device,0,0,12,0,"[0, 48, 2, 0, 0, 0, 0, 255]"
67.146497,Unknown Device,0,0,12,0,"[0, 48, 2, 0, 0, 0, 0, 255]"
67.146779,Unknown Device,0,0,12,0,"[0, 48, 4, 0, 0, 0, 0, 255]"
67.146794,Unknown Device,0,0,12,0,"[0, 48, 2, 0, 0, 0, 0, 255]"
67.14681,Unknown Device,0,0,12,0,"[0, 48, 2, 0, 0, 0, 0, 255]"
67.146825,Unknown Device,0,0,12,0,"[0, 48, 2, 0, 0, 0, 0, 255]"
67.147537,Unknown Device,0,0,12,0,"[0, 48, 4, 0, 0, 0, 0, 255]"
67.147566,Unknown Device,0,0,12,0,"[0, 48, 2, 0, 0, 0, 0, 255]"
67.147581,Unknown Device,0,0,12,0,"[0, 48, 2, 0, 0, 0, 0, 255]"
67.147596,Unknown Device,0,0,12,0,"[0, 48, 2, 0, 0, 0, 0, 255]"
67.147647,Unknown Device,0,0,12,0,"[0, 48, 2, 0, 0, 0, 0, 255]"
67.147865,Unknown Device,0,0,12,0,"[0, 48, 2, 0, 0, 0, 0, 255]"
67.148293,Unknown Device,0,0,12,0,"[0, 48, 2, 0, 0, 0, 0, 255]"
67.148336,Unknown Device,0,0,12,0,"[0, 48, 2, 0, 0, 0, 0, 255]"
67.148507,Unknown Device,0,0,12,0,"[0, 48, 2, 0, 0, 0, 0, 255]"
67.148732,Unknown Device,0,0,12,0,"[0, 48, 4, 0, 0, 0, 0, 255]"
67.148985,Unknown Device,0,0,12,0,"[0, 48, 4, 0, 0, 0, 0, 255]"
67.149138,Unknown Device,0,0,12,0,"[0, 48, 2, 0, 0, 0, 0, 255]"
67.149723,Unknown Device,0,0,12,0,"[0, 48, 4, 0, 0, 0, 0, 255]"
67.14976,Unknown Device,0,0,12,0,"[0, 48, 2, 0, 0, 0, 0, 255]"
67.150948,Unknown Device,0,0,12,0,"[0, 48, 4, 0, 0, 0, 0, 255]"
67.151096,Unknown Device,0,0,12,0,"[0, 48, 2, 0, 0, 0, 0, 255]"
67.151125,Unknown Device,0,0,12,0,"[0, 48, 2, 0, 0, 0, 0, 255]"
67.15114,Unknown Device,0,0,12,0,"[0, 48, 2, 0, 0, 0, 0, 255]"
67.151276,Unknown Device,0,0,12,0,"[0, 48, 4, 0, 0, 0, 0, 255]"
67.151305,Unknown Device,0,0,12,0,"[0, 48, 2, 0, 0, 0, 0, 255]"
67.15132,Unknown Device,0,0,12,0,"[0, 48, 2, 0, 0, 0, 0, 255]"
67.151681,Unknown Device,0,0,12,0,"[0, 48, 2, 0, 0, 0, 0, 255]"
67.151802,Unknown Device,0,0,12,0,"[0, 48, 4, 0, 0, 0, 0, 255]"
67.151817,Unknown Device,0,0,12,0,"[0, 48, 2, 0, 0, 0, 0, 255]"
67.15197,Unknown Device,0,0,12,0,"[0, 48, 2, 0, 0, 0, 0, 255]"
67.152564,Unknown Device,0,0,12,0,"[0, 48, 2, 0, 0, 0, 0, 255]"
67.152579,Unknown Device,0,0,12,0,"[0, 48, 2, 0, 0, 0, 0, 255]"
67.152616,Unknown Device,0,0,12,0,"[0, 48, 2, 0, 0, 0, 0, 255]"
67.152798,Unknown Device,0,0,12,0,"[0, 48, 2, 0, 0, 0, 0, 255]"
67.153415,Unknown Device,0,0,12,0,"[0, 48, 2, 0, 0, 0, 0, 255]"
67.153785,Unknown Device,0,0,12,0,"[0, 48, 4, 0, 0, 0, 0, 255]"
67.153814,Unknown Device,0,0,12,0,"[0, 48, 2, 0, 0, 0, 0, 255]"
67.15399,Unknown Device,0,0,12,0,"[0, 48, 2, 0, 0, 0, 0, 255]"
67.154236,Unknown Device,0,0,12,0,"[0, 48, 4, 0, 0, 0, 0, 255]"
67.154542,Unknown Device,0,0,12,0,"[0, 48, 4, 0, 0, 0, 0, 255]"
67.154585,Unknown Device,0,0,12,0,"[0, 48, 2, 0, 0, 0, 0, 255]"
67.15472,Unknown Device,0,0,12,0,"[0, 48, 4, 0, 0, 0, 0, 255]"
67.154735,Unknown Device,0,0,12,0,"[0, 48, 2, 0, 0, 0, 0, 255]"
67.154837,Unknown Device,0,0,12,0,"[0, 48, 2, 0, 0, 0, 0, 255]"
67.155019,Unknown Device,0,0,12,0,"[0, 48, 2, 0, 0, 0, 0, 255]"
67.155244,Unknown Device,0,0,12,0,"[0, 48, 2, 0, 0, 0, 0, 255]"
67.156119,Unknown Device,0,0,12,0,"[0, 48, 2, 0, 0, 0, 0, 255]"
67.156421,Unknown Device,0,0,12,0,"[0, 48, 4, 0, 0, 0, 0, 255]"
67.15645,Unknown Device,0,0,12,0,"[0, 48, 2, 0, 0, 0, 0, 255]"
67.15647,Unknown Device,0,0,12,0,"[0, 48, 2, 0, 0, 0, 0, 255]"
67.156702,Unknown Device,0,0,12,0,"[0, 48, 2, 0, 0, 0, 0, 255]"
67.156717,Unknown Device,0,0,12,0,"[0, 48, 2, 0, 0, 0, 0, 255]"
67.157479,Unknown Device,0,0,12,0,"[0, 48, 4, 0, 0, 0, 0, 255]"
67.157508,Unknown Device,0,0,12,0,"[0, 48, 2, 0, 0, 0, 0, 255]"
67.157523,Unknown Device,0,0,12,0,"[0, 48, 2, 0, 0, 0, 0, 255]"
67.157538,Unknown Device,0,0,12,0,"[0, 48, 2, 0, 0, 0, 0, 255]"
67.157604,Unknown Device,0,0,12,0,"[0, 48, 2, 0, 0, 0, 0, 255]"
67.157815,Unknown Device,0,0,12,0,"[0, 48, 2, 0, 0, 0, 0, 255]"
67.158284,Unknown Device,0,0,12,0,"[0, 48, 4, 0, 0, 0, 0, 255]"
67.158299,Unknown Device,0,0,12,0,"[0, 48, 2, 0, 0, 0, 0, 255]"
67.158423,Unknown Device,0,0,12,0,"[0, 48, 2, 0, 0, 0, 0, 255]"
67.158631,Unknown Device,0,0,12,0,"[0, 48, 2, 0, 0, 0, 0, 255]"
67.159044,Unknown Device,0,0,12,0,"[0, 48, 4, 0, 0, 0, 0, 255]"
67.159059,Unknown Device,0,0,12,0,"[0, 48, 2, 0, 0, 0, 0, 255]"
67.159722,Unknown Device,0,0,12,0,"[0, 48, 4, 0, 0, 0, 0, 255]"
67.16001,Unknown Device,0,0,12,0,"[0, 48, 2, 0, 0, 0, 0, 255]"
67.160172,Unknown Device,0,0,12,0,"[0, 48, 4, 0, 0, 0, 0, 255]"
67.161046,Unknown Device,0,0,12,0,"[0, 48, 4, 0, 0, 0, 0, 255]"
67.161075,Unknown Device,0,0,12,0,"[0, 48, 2, 0, 0, 0, 0, 255]"
67.16109,Unknown Device,0,0,12,0,"[0, 48, 2, 0, 0, 0, 0, 255]"
67.161127,Unknown Device,0,0,12,0,"[0, 48, 2, 0, 0, 0, 0, 255]"
67.161184,Unknown Device,0,0,12,0,"[0, 48, 2, 0, 0, 0, 0, 255]"
67.161199,Unknown Device,0,0,12,0,"[0, 48, 2, 0, 0, 0, 0, 255]"
67.161478,Unknown Device,0,0,12,0,"[0, 48, 2, 0, 0, 0, 0, 255]"
67.161515,Unknown Device,0,0,12,0,"[0, 48, 2, 0, 0, 0, 0, 255]"
67.161656,Unknown Device,0,0,12,0,"[0, 48, 4, 0, 0, 0, 0, 255]"
67.161797,Unknown Device,0,0,12,0,"[0, 48, 4, 0, 0, 0, 0, 255]"
67.161928,Unknown Device,0,0,12,0,"[0, 48, 2, 0, 0, 0, 0, 255]"
67.162161,Unknown Device,0,0,12,0,"[0, 48, 4, 0, 0, 0, 0, 255]"
67.162336,Unknown Device,0,0,12,0,"[0, 48, 4, 0, 0, 0, 0, 255]"
67.162635,Unknown Device,0,0,12,0,"[0, 48, 2, 0, 0, 0, 0, 255]"
67.162802,Unknown Device,0,0,12,0,"[0, 48, 2, 0, 0, 0, 0, 255]"
67.163054,Unknown Device,0,0,12,0,"[0, 48, 4, 0, 0, 0, 0, 255]"
67.163193,Unknown Device,0,0,12,0,"[0, 48, 2, 0, 0, 0, 0, 255]"
67.163426,Unknown Device,0,0,12,0,"[0, 48, 2, 0, 0, 0, 0, 255]"
67.163612,Unknown Device,0,0,12,0,"[0, 48, 2, 0, 0, 0, 0, 255]"
67.163927,Unknown Device,0,0,12,0,"[0, 48, 4, 0, 0, 0, 0, 255]"
67.164043,Unknown Device,0,0,12,0,"[0, 48, 2, 0, 0, 0, 0, 255]"
67.164461,Unknown Device,0,0,12,0,"[0, 48, 4, 0, 0, 0, 0, 255]"
67.16452,Unknown Device,0,0,12,0,"[0, 48, 2, 0, 0, 0, 0, 255]"
67.164702,Unknown Device,0,0,12,0,"[0, 48, 2, 0, 0, 0, 0, 255]"
67.164913,Unknown Device,0,0,12,0,"[0, 48, 2, 0, 0, 0, 0, 255]"
67.165094,Unknown Device,0,0,12,0,"[0, 48, 2, 0, 0, 0, 0, 255]"
67.165298,Unknown Device,0,0,12,0,"[0, 48, 2, 0, 0, 0, 0, 255]"
67.166003,Unknown Device,0,0,12,0,"[0, 48, 4, 0, 0, 0, 0, 255]"
67.166018,Unknown Device,0,0,12,0,"[0, 48, 2, 0, 0, 0, 0, 255]"
67.166486,Unknown Device,0,0,12,0,"[0, 48, 2, 0, 0, 0, 0, 255]"
67.166781,Unknown Device,0,0,12,0,"[0, 48, 2, 0, 0, 0, 0, 255]"
67.166796,Unknown Device,0,0,12,0,"[0, 48, 2, 0, 0, 0, 0, 255]"
67.166811,Unknown Device,0,0,12,0,"[0, 48, 2, 0, 0, 0, 0, 255]"
67.167468,Unknown Device,0,0,12,0,"[0, 48, 4, 0, 0, 0, 0, 255]"
67.167497,Unknown Device,0,0,12,0,"[0, 48, 2, 0, 0, 0, 0, 255]"
67.167646,Unknown Device,0,0,12,0,"[0, 48, 2, 0, 0, 0, 0, 255]"
67.168396,Unknown Device,0,0,12,0,"[0, 48, 4, 0, 0, 0, 0, 255]"
67.168411,Unknown Device,0,0,12,0,"[0, 48, 2, 0, 0, 0, 0, 255]"
67.168522,Unknown Device,0,0,12,0,"[0, 48, 2, 0, 0, 0, 0, 255]"
67.168537,Unknown Device,0,0,12,0,"[0, 48, 2, 0, 0, 0, 0, 255]"
67.168552,Unknown Device,0,0,12,0,"[0, 48, 2, 0, 0, 0, 0, 255]"
67.168987,Unknown Device,0,0,12,0,"[0, 48, 4, 0, 0, 0, 0, 255]"
67.16903,Unknown Device,0,0,12,0,"[0, 48, 2, 0, 0, 0, 0, 255]"
67.169438,Unknown Device,0,0,12,0,"[0, 48, 4, 0, 0, 0, 0, 255]"
67.169724,Unknown Device,0,0,12,0,"[0, 48, 4, 0, 0, 0, 0, 255]"
67.169739,Unknown Device,0,0,12,0,"[0, 48, 2, 0, 0, 0, 0, 255]"
67.169971,Unknown Device,0,0,12,0,"[0, 48, 4, 0, 0, 0, 0, 255]"
67.170027,Unknown Device,0,0,12,0,"[0, 48, 2, 0, 0, 0, 0, 255]"
67.170302,Unknown Device,0,0,12,0,"[0, 48, 4, 0, 0, 0, 0, 255]"
67.171052,Unknown,Unknown,Unknown,Unknown,997,"[16, 66, 5, 9, 76, 73, 67, 45]"
67.171066,Unknown Device,0,0,4,0,"[0, 76, 0, 0, 0, 0, 0, 126]"
67.171123,Unknown Device,0,0,12,0,"[0, 12, 4, 0, 0, 0, 0, 127]"
67.171139,Unknown Device,0,0,4,0,"[0, 48, 0, 0, 0, 0, 0, 255]"
67.171217,Unknown Device,0,0,12,0,"[0, 48, 4, 0, 0, 0, 0, 255]"
67.171232,Unknown Device,0,0,12,0,"[0, 48, 2, 0, 0, 0, 0, 255]"
67.171388,Unknown Device,0,0,12,0,"[0, 48, 2, 0, 0, 0, 0, 255]"
67.171606,Unknown Device,0,0,12,0,"[0, 48, 2, 0, 0, 0, 0, 255]"
67.171834,Unknown Device,0,0,12,0,"[0, 48, 2, 0, 0, 0, 0, 255]"
67.172538,Unknown Device,0,0,12,0,"[0, 48, 2, 0, 0, 0, 0, 255]"
67.172553,Unknown Device,0,0,12,0,"[0, 48, 2, 0, 0, 0, 0, 255]"
67.172568,Unknown Device,0,0,12,0,"[0, 48, 2, 0, 0, 0, 0, 255]"
67.172635,Unknown Device,0,0,12,0,"[0, 48, 2, 0, 0, 0, 0, 255]"
67.17282,Unknown Device,0,0,12,0,"[0, 48, 2, 0, 0, 0, 0, 255]"
67.173026,Unknown Device,0,0,12,0,"[0, 48, 4, 0, 0, 0, 0, 255]"
67.17321,Unknown Device,0,0,12,0,"[0, 48, 2, 0, 0, 0, 0, 255]"
67.173388,Unknown Device,0,0,12,0,"[0, 48, 2, 0, 0, 0, 0, 255]"
67.173569,Unknown Device,0,0,12,0,"[0, 48, 2, 0, 0, 0, 0, 255]"
67.174079,Unknown Device,0,0,12,0,"[0, 48, 4, 0, 0, 0, 0, 255]"
67.174094,Unknown Device,0,0,12,0,"[0, 48, 2, 0, 0, 0, 0, 255]"
67.174182,Unknown Device,0,0,12,0,"[0, 48, 2, 0, 0, 0, 0, 255]"
67.174499,Unknown Device,0,0,12,0,"[0, 48, 4, 0, 0, 0, 0, 255]"
67.174587,Unknown Device,0,0,12,0,"[0, 48, 2, 0, 0, 0, 0, 255]"
67.174764,Unknown Device,0,0,12,0,"[0, 48, 4, 0, 0, 0, 0, 255]"
67.174971,Unknown Device,0,0,12,0,"[0, 48, 2, 0, 0, 0, 0, 255]"
67.175155,Unknown Device,0,0,12,0,"[0, 48, 2, 0, 0, 0, 0, 255]"
67.176035,Unknown Device,0,0,12,0,"[0, 48, 4, 0, 0, 0, 0, 255]"
67.17605,Unknown Device,0,0,12,0,"[0, 48, 2, 0, 0, 0, 0, 255]"
67.176447,Unknown Device,0,0,12,0,"[0, 48, 2, 0, 0, 0, 0, 255]"
67.176481,Unknown Device,0,0,12,0,"[0, 48, 2, 0, 0, 0, 0, 255]"
67.176821,Unknown Device,0,0,12,0,"[0, 48, 2, 0, 0, 0, 0, 255]"
67.176836,Unknown Device,0,0,12,0,"[0, 48, 2, 0, 0, 0, 0, 255]"
67.177555,Unknown Device,0,0,12,0,"[0, 48, 4, 0, 0, 0, 0, 255]"
67.177584,Unknown Device,0,0,12,0,"[0, 48, 2, 0, 0, 0, 0, 255]"
67.177621,Unknown Device,0,0,12,0,"[0, 48, 2, 0, 0, 0, 0, 255]"
67.177664,Unknown Device,0,0,12,0,"[0, 48, 2, 0, 0, 0, 0, 255]"
67.177708,Unknown Device,0,0,12,0,"[0, 48, 2, 0, 0, 0, 0, 255]"
67.17836,Unknown Device,0,0,12,0,"[0, 48, 2, 0, 0, 0, 0, 255]"
67.178389,Unknown Device,0,0,12,0,"[0, 48, 2, 0, 0, 0, 0, 255]"
67.178493,Unknown Device,0,0,12,0,"[0, 48, 2, 0, 0, 0, 0, 255]"
67.178522,Unknown Device,0,0,12,0,"[0, 48, 2, 0, 0, 0, 0, 255]"
67.178601,Unknown Device,0,0,12,0,"[0, 48, 2, 0, 0, 0, 0, 255]"
67.178835,Unknown Device,0,0,4,0,"[0, 76, 0, 0, 0, 0, 0, 126]"
67.178852,Unknown,Unknown,Unknown,Unknown,997,"[33, 50, 52, 45, 56, 48, 56, 50]"
67.179006,Unknown Device,0,0,12,0,"[0, 48, 2, 0, 0, 0, 0, 255]"
67.179227,Unknown Device,0,0,12,0,"[0, 48, 2, 0, 0, 0, 0, 255]"
67.179684,Unknown Device,0,0,12,0,"[0, 48, 4, 0, 0, 0, 0, 255]"
67.179699,Unknown Device,0,0,12,0,"[0, 48, 2, 0, 0, 0, 0, 255]"
67.179869,Unknown Device,0,0,12,0,"[0, 48, 2, 0, 0, 0, 0, 255]"
67.180053,Unknown Device,0,0,12,0,"[0, 48, 2, 0, 0, 0, 0, 255]"
67.181126,Unknown Device,0,0,12,0,"[0, 48, 4, 0, 0, 0, 0, 255]"
67.181141,Unknown Device,0,0,12,0,"[0, 48, 2, 0, 0, 0, 0, 255]"
67.181213,Unknown Device,0,0,12,0,"[0, 48, 2, 0, 0, 0, 0, 255]"
67.181228,Unknown Device,0,0,12,0,"[0, 48, 2, 0, 0, 0, 0, 255]"
67.181243,Unknown Device,0,0,12,0,"[0, 48, 2, 0, 0, 0, 0, 255]"
67.181289,Unknown Device,0,0,12,0,"[0, 48, 2, 0, 0, 0, 0, 255]"
67.181514,Unknown Device,0,0,12,0,"[0, 48, 2, 0, 0, 0, 0, 255]"
67.18179,Unknown Device,0,0,12,0,"[0, 48, 4, 0, 0, 0, 0, 255]"
67.181915,Unknown Device,0,0,12,0,"[0, 48, 2, 0, 0, 0, 0, 255]"
67.182498,Unknown Device,0,0,12,0,"[0, 48, 4, 0, 0, 0, 0, 255]"
67.18255,Unknown Device,0,0,12,0,"[0, 48, 2, 0, 0, 0, 0, 255]"
67.182621,Unknown Device,0,0,12,0,"[0, 48, 2, 0, 0, 0, 0, 255]"
67.182776,Unknown Device,0,0,12,0,"[0, 48, 2, 0, 0, 0, 0, 255]"
67.18296,Unknown Device,0,0,12,0,"[0, 48, 4, 0, 0, 0, 0, 255]"
67.183181,Unknown Device,0,0,12,0,"[0, 48, 4, 0, 0, 0, 0, 255]"
67.183367,Unknown Device,0,0,12,0,"[0, 48, 2, 0, 0, 0, 0, 255]"
67.183548,Unknown Device,0,0,12,0,"[0, 48, 2, 0, 0, 0, 0, 255]"
67.183909,Unknown Device,0,0,4,0,"[0, 76, 0, 0, 0, 0, 0, 126]"
67.183948,Unknown,Unknown,Unknown,Unknown,997,"[34, 55, 57, 48, 48, 45, 70, 82]"
67.18416,Unknown Device,0,0,12,0,"[0, 48, 2, 0, 0, 0, 0, 255]"
67.184352,Unknown Device,0,0,12,0,"[0, 48, 2, 0, 0, 0, 0, 255]"
67.184563,Unknown Device,0,0,12,0,"[0, 48, 2, 0, 0, 0, 0, 255]"
67.184747,Unknown Device,0,0,12,0,"[0, 48, 2, 0, 0, 0, 0, 255]"
67.184954,Unknown Device,0,0,12,0,"[0, 48, 2, 0, 0, 0, 0, 255]"
67.185131,Unknown Device,0,0,12,0,"[0, 48, 2, 0, 0, 0, 0, 255]"
67.185316,Unknown Device,0,0,12,0,"[0, 48, 2, 0, 0, 0, 0, 255]"
67.186196,Unknown Device,0,0,12,0,"[0, 48, 2, 0, 0, 0, 0, 255]"
67.186513,Unknown Device,0,0,12,0,"[0, 48, 4, 0, 0, 0, 0, 255]"
67.186542,Unknown Device,0,0,12,0,"[0, 48, 2, 0, 0, 0, 0, 255]"
67.186748,Unknown Device,0,0,12,0,"[0, 48, 4, 0, 0, 0, 0, 255]"
67.186763,Unknown Device,0,0,12,0,"[0, 48, 2, 0, 0, 0, 0, 255]"
67.186778,Unknown Device,0,0,12,0,"[0, 48, 2, 0, 0, 0, 0, 255]"
67.187589,Unknown Device,0,0,12,0,"[0, 48, 2, 0, 0, 0, 0, 255]"
67.187604,Unknown Device,0,0,12,0,"[0, 48, 2, 0, 0, 0, 0, 255]"
67.187661,Unknown Device,0,0,12,0,"[0, 48, 2, 0, 0, 0, 0, 255]"
67.187677,Unknown Device,0,0,12,0,"[0, 48, 2, 0, 0, 0, 0, 255]"
67.187714,Unknown Device,0,0,12,0,"[0, 48, 2, 0, 0, 0, 0, 255]"
67.188316,Unknown Device,0,0,12,0,"[0, 48, 4, 0, 0, 0, 0, 255]"
67.188345,Unknown Device,0,0,12,0,"[0, 48, 2, 0, 0, 0, 0, 255]"
67.18836,Unknown Device,0,0,12,0,"[0, 48, 2, 0, 0, 0, 0, 255]"
67.188418,Unknown Device,0,0,12,0,"[0, 48, 2, 0, 0, 0, 0, 255]"
67.188569,Unknown Device,0,0,12,0,"[0, 48, 2, 0, 0, 0, 0, 255]"
67.188798,Unknown,Unknown,Unknown,Unknown,997,"[35, 67, 45, 48, 50, 49, 50, 57]"
67.188974,Unknown Device,0,0,4,0,"[0, 76, 0, 0, 0, 0, 0, 126]"
67.189179,Unknown Device,0,0,12,0,"[0, 48, 4, 0, 0, 0, 0, 255]"
67.189357,Unknown Device,0,0,12,0,"[0, 48, 2, 0, 0, 0, 0, 255]"
67.189538,Unknown Device,0,0,12,0,"[0, 48, 2, 0, 0, 0, 0, 255]"
67.189767,Unknown Device,0,0,12,0,"[0, 48, 2, 0, 0, 0, 0, 255]"
67.190178,Unknown Device,0,0,12,0,"[0, 48, 2, 0, 0, 0, 0, 255]"
67.191142,Unknown Device,0,0,12,0,"[0, 48, 2, 0, 0, 0, 0, 255]"
67.191158,Unknown Device,0,0,12,0,"[0, 48, 2, 0, 0, 0, 0, 255]"
67.191209,Unknown Device,0,0,12,0,"[0, 48, 2, 0, 0, 0, 0, 255]"
67.191224,Unknown Device,0,0,12,0,"[0, 48, 2, 0, 0, 0, 0, 255]"
67.191254,Unknown Device,0,0,12,0,"[0, 48, 2, 0, 0, 0, 0, 255]"
67.191549,Unknown Device,0,0,12,0,"[0, 48, 4, 0, 0, 0, 0, 255]"
67.191578,Unknown Device,0,0,12,0,"[0, 48, 2, 0, 0, 0, 0, 255]"
67.191864,Unknown Device,0,0,12,0,"[0, 48, 4, 0, 0, 0, 0, 255]"
67.19188,Unknown Device,0,0,12,0,"[0, 48, 2, 0, 0, 0, 0, 255]"
67.192064,Unknown Device,0,0,12,0,"[0, 48, 2, 0, 0, 0, 0, 255]"
67.192528,Unknown Device,0,0,12,0,"[0, 48, 2, 0, 0, 0, 0, 255]"
67.192543,Unknown Device,0,0,12,0,"[0, 48, 2, 0, 0, 0, 0, 255]"
67.192668,Unknown Device,0,0,12,0,"[0, 48, 2, 0, 0, 0, 0, 255]"
67.192852,Unknown Device,0,0,12,0,"[0, 48, 2, 0, 0, 0, 0, 255]"
67.193095,Unknown Device,0,0,12,0,"[0, 48, 2, 0, 0, 0, 0, 255]"
67.193332,Unknown Device,0,0,12,0,"[0, 48, 2, 0, 0, 0, 0, 255]"
67.193564,Unknown Device,0,0,12,0,"[0, 48, 2, 0, 0, 0, 0, 255]"
67.193741,Unknown Device,0,0,12,0,"[0, 48, 2, 0, 0, 0, 0, 255]"
67.19399,Unknown Device,0,0,4,0,"[0, 76, 0, 0, 0, 0, 0, 126]"
67.19413,Unknown,Unknown,Unknown,Unknown,997,"[36, 0, 0, 0, 0, 0, 0, 0]"
67.194365,Unknown Device,0,0,12,0,"[0, 48, 2, 0, 0, 0, 0, 255]"
67.194605,Unknown Device,0,0,12,0,"[0, 48, 2, 0, 0, 0, 0, 255]"
67.194796,Unknown Device,0,0,12,0,"[0, 48, 2, 0, 0, 0, 0, 255]"
67.195101,Unknown Device,0,0,12,0,"[0, 48, 4, 0, 0, 0, 0, 255]"
67.195226,Unknown Device,0,0,12,0,"[0, 48, 2, 0, 0, 0, 0, 255]"
67.195404,Unknown Device,0,0,12,0,"[0, 48, 2, 0, 0, 0, 0, 255]"
67.19608,Unknown Device,0,0,12,0,"[0, 48, 4, 0, 0, 0, 0, 255]"
67.196095,Unknown Device,0,0,12,0,"[0, 48, 2, 0, 0, 0, 0, 255]"
67.196442,Unknown Device,0,0,12,0,"[0, 48, 4, 0, 0, 0, 0, 255]"
67.196476,Unknown Device,0,0,12,0,"[0, 48, 2, 0, 0, 0, 0, 255]"
67.19652,Unknown Device,0,0,12,0,"[0, 48, 2, 0, 0, 0, 0, 255]"
67.196846,Unknown Device,0,0,12,0,"[0, 48, 4, 0, 0, 0, 0, 255]"
67.196927,Unknown Device,0,0,12,0,"[0, 48, 2, 0, 0, 0, 0, 255]"
67.197582,Unknown Device,0,0,12,0,"[0, 48, 2, 0, 0, 0, 0, 255]"
67.197597,Unknown Device,0,0,12,0,"[0, 48, 2, 0, 0, 0, 0, 255]"
67.197697,Unknown Device,0,0,12,0,"[0, 48, 2, 0, 0, 0, 0, 255]"
67.197749,Unknown Device,0,0,12,0,"[0, 48, 2, 0, 0, 0, 0, 255]"
67.198274,Unknown Device,0,0,12,0,"[0, 48, 4, 0, 0, 0, 0, 255]"
67.198359,Unknown Device,0,0,12,0,"[0, 48, 2, 0, 0, 0, 0, 255]"
67.198518,Unknown Device,0,0,12,0,"[0, 48, 2, 0, 0, 0, 0, 255]"
67.198882,Unknown Device,0,0,4,0,"[0, 76, 0, 0, 0, 0, 0, 126]"
67.199015,Unknown,Unknown,Unknown,Unknown,997,"[37, 76, 73, 67, 45, 50, 53, 45]"
67.199212,Unknown Device,0,0,12,0,"[0, 48, 2, 0, 0, 0, 0, 255]"
67.199419,Unknown Device,0,0,12,0,"[0, 48, 2, 0, 0, 0, 0, 255]"
67.199706,Unknown Device,0,0,12,0,"[0, 48, 4, 0, 0, 0, 0, 255]"
67.199817,Unknown Device,0,0,12,0,"[0, 48, 2, 0, 0, 0, 0, 255]"
67.200369,Unknown Device,0,0,12,0,"[0, 48, 4, 0, 0, 0, 0, 255]"
67.201067,Unknown Device,0,0,12,0,"[0, 48, 4, 0, 0, 0, 0, 255]"
67.201104,Unknown Device,0,0,12,0,"[0, 48, 2, 0, 0, 0, 0, 255]"
67.20123,Unknown Device,0,0,12,0,"[0, 48, 4, 0, 0, 0, 0, 255]"
67.201245,Unknown Device,0,0,12,0,"[0, 48, 2, 0, 0, 0, 0, 255]"
67.201275,Unknown Device,0,0,12,0,"[0, 48, 2, 0, 0, 0, 0, 255]"
67.201452,Unknown Device,0,0,12,0,"[0, 48, 4, 0, 0, 0, 0, 255]"
67.201558,Unknown Device,0,0,12,0,"[0, 48, 2, 0, 0, 0, 0, 255]"
67.201837,Unknown Device,0,0,12,0,"[0, 48, 4, 0, 0, 0, 0, 255]"
67.201954,Unknown Device,0,0,12,0,"[0, 48, 2, 0, 0, 0, 0, 255]"
67.202531,Unknown Device,0,0,12,0,"[0, 48, 4, 0, 0, 0, 0, 255]"
67.202569,Unknown Device,0,0,12,0,"[0, 48, 2, 0, 0, 0, 0, 255]"
67.202597,Unknown Device,0,0,12,0,"[0, 48, 2, 0, 0, 0, 0, 255]"
67.202801,Unknown Device,0,0,12,0,"[0, 48, 2, 0, 0, 0, 0, 255]"
67.203024,Unknown Device,0,0,12,0,"[0, 48, 4, 0, 0, 0, 0, 255]"
67.203213,Unknown Device,0,0,12,0,"[0, 48, 4, 0, 0, 0, 0, 255]"
67.203403,Unknown Device,0,0,12,0,"[0, 48, 4, 0, 0, 0, 0, 255]"
67.203625,Unknown Device,0,0,12,0,"[0, 48, 4, 0, 0, 0, 0, 255]"
67.203863,Unknown Device,0,0,12,0,"[0, 48, 4, 0, 0, 0, 0, 255]"
67.204016,Unknown Device,0,0,12,0,"[0, 48, 2, 0, 0, 0, 0, 255]"
67.204256,Unknown Device,0,0,12,0,"[0, 48, 2, 0, 0, 0, 0, 255]"
67.204526,Unknown Device,0,0,12,0,"[0, 48, 2, 0, 0, 0, 0, 255]"
67.204672,Unknown Device,0,0,12,0,"[0, 48, 2, 0, 0, 0, 0, 255]"
67.204868,Unknown Device,0,0,12,0,"[0, 48, 2, 0, 0, 0, 0, 255]"
67.205064,Unknown Device,0,0,12,0,"[0, 48, 2, 0, 0, 0, 0, 255]"
67.205394,Unknown Device,0,0,12,0,"[0, 48, 2, 0, 0, 0, 0, 255]"
67.205515,Unknown Device,0,0,12,0,"[0, 48, 2, 0, 0, 0, 0, 255]"
67.206109,Unknown Device,0,0,12,0,"[0, 48, 2, 0, 0, 0, 0, 255]"
67.206521,Unknown Device,0,0,12,0,"[0, 48, 4, 0, 0, 0, 0, 255]"
67.206558,Unknown Device,0,0,12,0,"[0, 48, 2, 0, 0, 0, 0, 255]"
67.206818,Unknown Device,0,0,12,0,"[0, 48, 2, 0, 0, 0, 0, 255]"
67.206833,Unknown Device,0,0,12,0,"[0, 48, 2, 0, 0, 0, 0, 255]"
67.206848,Unknown Device,0,0,12,0,"[0, 48, 2, 0, 0, 0, 0, 255]"
67.207488,Unknown Device,0,0,12,0,"[0, 48, 4, 0, 0, 0, 0, 255]"
67.207553,Unknown Device,0,0,12,0,"[0, 48, 2, 0, 0, 0, 0, 255]"
67.207652,Unknown Device,0,0,12,0,"[0, 48, 2, 0, 0, 0, 0, 255]"
67.207667,Unknown Device,0,0,12,0,"[0, 48, 2, 0, 0, 0, 0, 255]"
67.207755,Unknown Device,0,0,12,0,"[0, 48, 2, 0, 0, 0, 0, 255]"
67.208358,Unknown Device,0,0,12,0,"[0, 48, 4, 0, 0, 0, 0, 255]"
67.208401,Unknown Device,0,0,12,0,"[0, 48, 2, 0, 0, 0, 0, 255]"
67.208522,Unknown Device,0,0,12,0,"[0, 48, 2, 0, 0, 0, 0, 255]"
67.208864,Unknown Device,0,0,4,0,"[0, 76, 0, 0, 0, 0, 0, 126]"
67.208903,Unknown,Unknown,Unknown,Unknown,997,"[39, 48, 45, 70, 82, 67, 45, 48]"
67.209075,Unknown Device,0,0,12,0,"[0, 48, 4, 0, 0, 0, 0, 255]"
67.209257,Unknown Device,0,0,12,0,"[0, 48, 2, 0, 0, 0, 0, 255]"
67.209719,Unknown Device,0,0,12,0,"[0, 48, 2, 0, 0, 0, 0, 255]"
67.210154,Unknown Device,0,0,12,0,"[0, 48, 4, 0, 0, 0, 0, 255]"
67.210289,Unknown Device,0,0,12,0,"[0, 48, 4, 0, 0, 0, 0, 255]"
67.210402,Unknown Device,0,0,12,0,"[0, 48, 4, 0, 0, 0, 0, 255]"
67.210431,Unknown Device,0,0,12,0,"[0, 48, 2, 0, 0, 0, 0, 255]"
67.210515,Unknown Device,0,0,12,0,"[0, 48, 2, 0, 0, 0, 0, 255]"
67.211138,Unknown Device,0,0,12,0,"[0, 48, 2, 0, 0, 0, 0, 255]"
67.211153,Unknown Device,0,0,12,0,"[0, 48, 2, 0, 0, 0, 0, 255]"
67.211232,Unknown Device,0,0,12,0,"[0, 48, 4, 0, 0, 0, 0, 255]"
67.211421,Unknown Device,0,0,12,0,"[0, 48, 2, 0, 0, 0, 0, 255]"
67.211672,Unknown Device,0,0,12,0,"[0, 48, 2, 0, 0, 0, 0, 255]"
67.211861,Unknown Device,0,0,12,0,"[0, 48, 2, 0, 0, 0, 0, 255]"
67.212058,Unknown Device,0,0,12,0,"[0, 48, 2, 0, 0, 0, 0, 255]"
67.212533,Unknown Device,0,0,12,0,"[0, 48, 2, 0, 0, 0, 0, 255]"
67.212548,Unknown Device,0,0,12,0,"[0, 48, 2, 0, 0, 0, 0, 255]"
67.212751,Unknown Device,0,0,12,0,"[0, 48, 2, 0, 0, 0, 0, 255]"
67.213143,Unknown Device,0,0,12,0,"[0, 48, 4, 0, 0, 0, 0, 255]"
67.213158,Unknown Device,0,0,12,0,"[0, 48, 2, 0, 0, 0, 0, 255]"
67.213438,Unknown Device,0,0,12,0,"[0, 48, 2, 0, 0, 0, 0, 255]"
67.213522,Unknown Device,0,0,12,0,"[0, 48, 2, 0, 0, 0, 0, 255]"
67.21374,Unknown Device,0,0,12,0,"[0, 48, 4, 0, 0, 0, 0, 255]"
67.214052,Unknown Device,0,0,12,0,"[0, 48, 2, 0, 0, 0, 0, 255]"
67.214336,Unknown Device,0,0,12,0,"[0, 48, 2, 0, 0, 0, 0, 255]"
67.214635,Unknown Device,0,0,12,0,"[0, 48, 2, 0, 0, 0, 0, 255]"
67.214839,Unknown Device,0,0,12,0,"[0, 48, 2, 0, 0, 0, 0, 255]"
67.21507,Unknown Device,0,0,12,0,"[0, 48, 4, 0, 0, 0, 0, 255]"
67.215251,Unknown Device,0,0,12,0,"[0, 48, 2, 0, 0, 0, 0, 255]"
67.215517,Unknown Device,0,0,12,0,"[0, 48, 2, 0, 0, 0, 0, 255]"
67.216086,Unknown Device,0,0,12,0,"[0, 48, 2, 0, 0, 0, 0, 255]"
67.216165,Unknown Device,0,0,12,0,"[0, 48, 2, 0, 0, 0, 0, 255]"
67.21618,Unknown Device,0,0,12,0,"[0, 48, 2, 0, 0, 0, 0, 255]"
67.216513,Unknown Device,0,0,12,0,"[0, 48, 4, 0, 0, 0, 0, 255]"
67.216593,Unknown Device,0,0,12,0,"[0, 48, 2, 0, 0, 0, 0, 255]"
67.216826,Unknown Device,0,0,12,0,"[0, 48, 4, 0, 0, 0, 0, 255]"
67.217051,Unknown Device,0,0,12,0,"[0, 48, 2, 0, 0, 0, 0, 255]"
67.21756,Unknown Device,0,0,12,0,"[0, 48, 2, 0, 0, 0, 0, 255]"
67.217576,Unknown Device,0,0,12,0,"[0, 48, 2, 0, 0, 0, 0, 255]"
67.217714,Unknown Device,0,0,12,0,"[0, 48, 2, 0, 0, 0, 0, 255]"
67.218318,Unknown Device,0,0,12,0,"[0, 48, 2, 0, 0, 0, 0, 255]"
67.218361,Unknown Device,0,0,12,0,"[0, 48, 2, 0, 0, 0, 0, 255]"
67.218376,Unknown Device,0,0,12,0,"[0, 48, 2, 0, 0, 0, 0, 255]"
67.218518,Unknown Device,0,0,12,0,"[0, 48, 2, 0, 0, 0, 0, 255]"
67.218885,Unknown,Unknown,Unknown,Unknown,997,"[41, 0, 0, 0, 0, 170, 170, 170]"
67.218935,Unknown Device,0,0,4,0,"[0, 76, 0, 0, 0, 0, 0, 126]"
67.219126,Unknown Device,0,0,12,0,"[0, 48, 4, 0, 0, 0, 0, 255]"
67.219311,Unknown Device,0,0,12,0,"[0, 48, 2, 0, 0, 0, 0, 255]"
67.219762,Unknown Device,0,0,12,0,"[0, 48, 2, 0, 0, 0, 0, 255]"
67.220122,Unknown Device,0,0,12,0,"[0, 48, 4, 0, 0, 0, 0, 255]"
67.220421,Unknown Device,0,0,12,0,"[0, 48, 2, 0, 0, 0, 0, 255]"
67.22045,Unknown Device,0,0,12,0,"[0, 48, 2, 0, 0, 0, 0, 255]"
67.221097,Unknown Device,0,0,4,0,"[0, 76, 0, 0, 0, 0, 0, 126]"
67.221115,Unknown,Unknown,Unknown,Unknown,997,"[16, 34, 5, 15, 146, 90, 134, 185]"
67.221193,Unknown Device,0,0,4,0,"[0, 48, 0, 0, 0, 0, 0, 255]"
67.221278,Unknown Device,0,0,12,0,"[0, 48, 4, 0, 0, 0, 0, 255]"
67.221293,Unknown Device,0,0,12,0,"[0, 48, 2, 0, 0, 0, 0, 255]"
67.221352,Unknown Device,0,0,12,0,"[0, 48, 2, 0, 0, 0, 0, 255]"
67.221592,Unknown Device,0,0,12,0,"[0, 48, 4, 0, 0, 0, 0, 255]"
67.221828,Unknown Device,0,0,12,0,"[0, 48, 4, 0, 0, 0, 0, 255]"
67.222064,Unknown Device,0,0,12,0,"[0, 48, 2, 0, 0, 0, 0, 255]"
67.222524,Unknown Device,0,0,12,0,"[0, 48, 2, 0, 0, 0, 0, 255]"
67.222539,Unknown Device,0,0,12,0,"[0, 48, 2, 0, 0, 0, 0, 255]"
67.222753,Unknown Device,0,0,12,0,"[0, 48, 2, 0, 0, 0, 0, 255]"
67.223043,Unknown Device,0,0,12,0,"[0, 48, 2, 0, 0, 0, 0, 255]"
67.223117,Unknown Device,0,0,12,0,"[0, 48, 2, 0, 0, 0, 0, 255]"
67.223379,Unknown Device,0,0,12,0,"[0, 48, 2, 0, 0, 0, 0, 255]"
67.223523,Unknown Device,0,0,12,0,"[0, 48, 2, 0, 0, 0, 0, 255]"
67.223752,Unknown Device,0,0,12,0,"[0, 48, 4, 0, 0, 0, 0, 255]"
67.223965,Unknown Device,0,0,12,0,"[0, 48, 4, 0, 0, 0, 0, 255]"
67.224157,Unknown Device,0,0,12,0,"[0, 48, 2, 0, 0, 0, 0, 255]"
67.224335,Unknown Device,0,0,12,0,"[0, 48, 2, 0, 0, 0, 0, 255]"
67.224523,Unknown Device,0,0,12,0,"[0, 48, 2, 0, 0, 0, 0, 255]"
67.224737,Unknown Device,0,0,12,0,"[0, 48, 2, 0, 0, 0, 0, 255]"
67.224951,Unknown Device,0,0,12,0,"[0, 48, 2, 0, 0, 0, 0, 255]"
67.225128,Unknown Device,0,0,12,0,"[0, 48, 2, 0, 0, 0, 0, 255]"
67.225365,Unknown Device,0,0,12,0,"[0, 48, 2, 0, 0, 0, 0, 255]"
67.226109,Unknown Device,0,0,12,0,"[0, 48, 2, 0, 0, 0, 0, 255]"
67.226475,Unknown Device,0,0,12,0,"[0, 48, 4, 0, 0, 0, 0, 255]"
67.226568,Unknown Device,0,0,12,0,"[0, 48, 2, 0, 0, 0, 0, 255]"
67.226872,Unknown Device,0,0,12,0,"[0, 48, 2, 0, 0, 0, 0, 255]"
67.226887,Unknown Device,0,0,12,0,"[0, 48, 2, 0, 0, 0, 0, 255]"
67.227507,Unknown Device,0,0,12,0,"[0, 48, 4, 0, 0, 0, 0, 255]"
67.227523,Unknown Device,0,0,12,0,"[0, 48, 2, 0, 0, 0, 0, 255]"
67.227538,Unknown Device,0,0,12,0,"[0, 48, 2, 0, 0, 0, 0, 255]"
67.227687,Unknown Device,0,0,12,0,"[0, 48, 4, 0, 0, 0, 0, 255]"
67.227717,Unknown Device,0,0,12,0,"[0, 48, 2, 0, 0, 0, 0, 255]"
67.227813,Unknown Device,0,0,12,0,"[0, 48, 2, 0, 0, 0, 0, 255]"
67.228367,Unknown Device,0,0,12,0,"[0, 48, 2, 0, 0, 0, 0, 255]"
67.228382,Unknown Device,0,0,12,0,"[0, 48, 2, 0, 0, 0, 0, 255]"
67.228519,Unknown Device,0,0,12,0,"[0, 48, 2, 0, 0, 0, 0, 255]"
67.228726,Unknown Device,0,0,12,0,"[0, 48, 2, 0, 0, 0, 0, 255]"
67.228935,Unknown,Unknown,Unknown,Unknown,997,"[33, 17, 22, 233, 0, 0, 0, 0]"
67.229184,Unknown Device,0,0,12,0,"[0, 48, 2, 0, 0, 0, 0, 255]"
67.229376,Unknown Device,0,0,12,0,"[0, 48, 2, 0, 0, 0, 0, 255]"
67.229764,Unknown Device,0,0,12,0,"[0, 48, 4, 0, 0, 0, 0, 255]"
67.22986,Unknown Device,0,0,12,0,"[0, 48, 2, 0, 0, 0, 0, 255]"
67.230096,Unknown Device,0,0,12,0,"[0, 48, 2, 0, 0, 0, 0, 255]"
67.230296,Unknown Device,0,0,12,0,"[0, 48, 2, 0, 0, 0, 0, 255]"
67.231106,Unknown Device,0,0,12,0,"[0, 48, 2, 0, 0, 0, 0, 255]"
67.231199,Unknown Device,0,0,12,0,"[0, 48, 2, 0, 0, 0, 0, 255]"
67.231215,Unknown Device,0,0,12,0,"[0, 48, 2, 0, 0, 0, 0, 255]"
67.23123,Unknown Device,0,0,12,0,"[0, 48, 2, 0, 0, 0, 0, 255]"
67.23155,Unknown Device,0,0,12,0,"[0, 48, 4, 0, 0, 0, 0, 255]"
67.231579,Unknown Device,0,0,12,0,"[0, 48, 2, 0, 0, 0, 0, 255]"
67.231848,Unknown Device,0,0,12,0,"[0, 48, 4, 0, 0, 0, 0, 255]"
67.231959,Unknown Device,0,0,12,0,"[0, 48, 2, 0, 0, 0, 0, 255]"
67.232543,Unknown Device,0,0,12,0,"[0, 48, 2, 0, 0, 0, 0, 255]"
67.232559,Unknown Device,0,0,12,0,"[0, 48, 2, 0, 0, 0, 0, 255]"
67.232596,Unknown Device,0,0,12,0,"[0, 48, 2, 0, 0, 0, 0, 255]"
67.232788,Unknown Device,0,0,12,0,"[0, 48, 2, 0, 0, 0, 0, 255]"
67.233094,Unknown Device,0,0,12,0,"[0, 48, 4, 0, 0, 0, 0, 255]"
67.233263,Unknown Device,0,0,12,0,"[0, 48, 2, 0, 0, 0, 0, 255]"
67.233519,Unknown Device,0,0,12,0,"[0, 48, 2, 0, 0, 0, 0, 255]"
67.23374,Unknown Device,0,0,12,0,"[0, 48, 4, 0, 0, 0, 0, 255]"
67.233954,Unknown Device,0,0,12,0,"[0, 48, 2, 0, 0, 0, 0, 255]"
67.234138,Unknown Device,0,0,12,0,"[0, 48, 2, 0, 0, 0, 0, 255]"
67.234316,Unknown Device,0,0,12,0,"[0, 48, 2, 0, 0, 0, 0, 255]"
67.234548,Unknown Device,0,0,12,0,"[0, 48, 4, 0, 0, 0, 0, 255]"
67.234754,Unknown Device,0,0,12,0,"[0, 48, 2, 0, 0, 0, 0, 255]"
67.234939,Unknown Device,0,0,12,0,"[0, 48, 4, 0, 0, 0, 0, 255]"
67.23516,Unknown Device,0,0,12,0,"[0, 48, 2, 0, 0, 0, 0, 255]"
67.235352,Unknown Device,0,0,12,0,"[0, 48, 2, 0, 0, 0, 0, 255]"
67.236099,Unknown Device,0,0,12,0,"[0, 48, 4, 0, 0, 0, 0, 255]"
67.236114,Unknown Device,0,0,12,0,"[0, 48, 2, 0, 0, 0, 0, 255]"
67.23653,Unknown Device,0,0,12,0,"[0, 48, 4, 0, 0, 0, 0, 255]"
67.236545,Unknown Device,0,0,12,0,"[0, 48, 2, 0, 0, 0, 0, 255]"
67.23656,Unknown Device,0,0,12,0,"[0, 48, 2, 0, 0, 0, 0, 255]"
67.236766,Unknown Device,0,0,12,0,"[0, 48, 2, 0, 0, 0, 0, 255]"
67.236965,Unknown Device,0,0,12,0,"[0, 48, 2, 0, 0, 0, 0, 255]"
67.237591,Unknown Device,0,0,12,0,"[0, 48, 2, 0, 0, 0, 0, 255]"
67.237607,Unknown Device,0,0,12,0,"[0, 48, 2, 0, 0, 0, 0, 255]"
67.237622,Unknown Device,0,0,12,0,"[0, 48, 2, 0, 0, 0, 0, 255]"
67.237725,Unknown Device,0,0,12,0,"[0, 48, 4, 0, 0, 0, 0, 255]"
67.237939,Unknown Device,0,0,12,0,"[0, 48, 2, 0, 0, 0, 0, 255]"
67.23835,Unknown Device,0,0,12,0,"[0, 48, 2, 0, 0, 0, 0, 255]"
67.238365,Unknown Device,0,0,12,0,"[0, 48, 2, 0, 0, 0, 0, 255]"
67.238531,Unknown Device,0,0,12,0,"[0, 48, 2, 0, 0, 0, 0, 255]"
67.238753,Unknown Device,0,0,12,0,"[0, 48, 2, 0, 0, 0, 0, 255]"
67.238975,Unknown,Unknown,Unknown,Unknown,997,"[35, 193, 88, 51, 204, 230, 218, 122]"
67.239157,Unknown Device,0,0,12,0,"[0, 48, 4, 0, 0, 0, 0, 255]"
67.239379,Unknown Device,0,0,12,0,"[0, 48, 2, 0, 0, 0, 0, 255]"
67.23971,Unknown Device,0,0,12,0,"[0, 48, 4, 0, 0, 0, 0, 255]"
67.239836,Unknown Device,0,0,12,0,"[0, 48, 2, 0, 0, 0, 0, 255]"
67.24002,Unknown Device,0,0,12,0,"[0, 48, 2, 0, 0, 0, 0, 255]"
67.240256,Unknown Device,0,0,12,0,"[0, 48, 4, 0, 0, 0, 0, 255]"
67.241062,Unknown Device,0,0,12,0,"[0, 48, 2, 0, 0, 0, 0, 255]"
67.241183,Unknown Device,0,0,12,0,"[0, 48, 4, 0, 0, 0, 0, 255]"
67.241212,Unknown Device,0,0,12,0,"[0, 48, 2, 0, 0, 0, 0, 255]"
67.241529,Unknown Device,0,0,12,0,"[0, 48, 4, 0, 0, 0, 0, 255]"
67.241559,Unknown Device,0,0,12,0,"[0, 48, 2, 0, 0, 0, 0, 255]"
67.241574,Unknown Device,0,0,12,0,"[0, 48, 2, 0, 0, 0, 0, 255]"
67.241869,Unknown Device,0,0,12,0,"[0, 48, 4, 0, 0, 0, 0, 255]"
67.241906,Unknown Device,0,0,12,0,"[0, 48, 2, 0, 0, 0, 0, 255]"
67.242507,Unknown Device,0,0,12,0,"[0, 48, 2, 0, 0, 0, 0, 255]"
67.24262,Unknown Device,0,0,12,0,"[0, 48, 4, 0, 0, 0, 0, 255]"
67.242636,Unknown Device,0,0,12,0,"[0, 48, 2, 0, 0, 0, 0, 255]"
67.242746,Unknown Device,0,0,12,0,"[0, 48, 2, 0, 0, 0, 0, 255]"
67.24327,Unknown Device,0,0,12,0,"[0, 48, 4, 0, 0, 0, 0, 255]"
67.243392,Unknown Device,0,0,12,0,"[0, 48, 4, 0, 0, 0, 0, 255]"
67.243421,Unknown Device,0,0,12,0,"[0, 48, 2, 0, 0, 0, 0, 255]"
67.243522,Unknown Device,0,0,12,0,"[0, 48, 2, 0, 0, 0, 0, 255]"
67.243777,Unknown Device,0,0,12,0,"[0, 48, 2, 0, 0, 0, 0, 255]"
67.243925,Unknown Device,0,0,12,0,"[0, 48, 2, 0, 0, 0, 0, 255]"
67.244146,Unknown Device,0,0,12,0,"[0, 48, 2, 0, 0, 0, 0, 255]"
67.244568,Unknown Device,0,0,12,0,"[0, 48, 4, 0, 0, 0, 0, 255]"
67.244598,Unknown Device,0,0,12,0,"[0, 48, 2, 0, 0, 0, 0, 255]"
67.24476,Unknown Device,0,0,12,0,"[0, 48, 2, 0, 0, 0, 0, 255]"
67.244966,Unknown Device,0,0,12,0,"[0, 48, 2, 0, 0, 0, 0, 255]"
67.245195,Unknown Device,0,0,12,0,"[0, 48, 2, 0, 0, 0, 0, 255]"
67.24538,Unknown Device,0,0,12,0,"[0, 48, 4, 0, 0, 0, 0, 255]"
67.245568,Unknown Device,0,0,12,0,"[0, 48, 4, 0, 0, 0, 0, 255]"
67.24612,Unknown Device,0,0,12,0,"[0, 48, 4, 0, 0, 0, 0, 255]"
67.246495,Unknown,Unknown,Unknown,Unknown,997,"[6, 126, 2, 4, 252, 74, 9, 170]"
67.246509,Unknown Device,0,0,4,0,"[0, 76, 0, 0, 0, 0, 0, 126]"
67.246538,Unknown Device,0,0,12,0,"[0, 12, 4, 0, 0, 0, 0, 127]"
67.246641,Unknown Device,0,0,12,0,"[0, 48, 4, 0, 0, 0, 0, 255]"
67.246818,Unknown Device,0,0,12,0,"[0, 48, 2, 0, 0, 0, 0, 255]"
67.247024,Unknown Device,0,0,12,0,"[0, 48, 2, 0, 0, 0, 0, 255]"
67.247209,Unknown Device,0,0,12,0,"[0, 48, 4, 0, 0, 0, 0, 255]"
67.247545,Unknown Device,0,0,12,0,"[0, 48, 4, 0, 0, 0, 0, 255]"
67.247619,Unknown Device,0,0,12,0,"[0, 48, 2, 0, 0, 0, 0, 255]"
67.247826,Unknown Device,0,0,12,0,"[0, 48, 2, 0, 0, 0, 0, 255]"
67.248369,Unknown Device,0,0,12,0,"[0, 48, 4, 0, 0, 0, 0, 255]"
67.248384,Unknown Device,0,0,12,0,"[0, 48, 2, 0, 0, 0, 0, 255]"
67.248421,Unknown Device,0,0,12,0,"[0, 48, 2, 0, 0, 0, 0, 255]"
67.248607,Unknown Device,0,0,12,0,"[0, 48, 2, 0, 0, 0, 0, 255]"
67.249111,Unknown Device,0,0,12,0,"[0, 48, 2, 0, 0, 0, 0, 255]"
67.249259,Unknown Device,0,0,12,0,"[0, 48, 4, 0, 0, 0, 0, 255]"
67.249741,Unknown Device,0,0,12,0,"[0, 48, 2, 0, 0, 0, 0, 255]"
67.249756,Unknown Device,0,0,12,0,"[0, 48, 2, 0, 0, 0, 0, 255]"
67.249771,Unknown Device,0,0,12,0,"[0, 48, 2, 0, 0, 0, 0, 255]"
67.249964,Unknown Device,0,0,12,0,"[0, 48, 4, 0, 0, 0, 0, 255]"
67.250157,Unknown Device,0,0,12,0,"[0, 48, 4, 0, 0, 0, 0, 255]"
67.251085,Unknown Device,0,0,12,0,"[0, 48, 2, 0, 0, 0, 0, 255]"
67.251164,Unknown Device,0,0,12,0,"[0, 48, 4, 0, 0, 0, 0, 255]"
67.251192,Unknown Device,0,0,12,0,"[0, 48, 2, 0, 0, 0, 0, 255]"
67.251208,Unknown Device,0,0,12,0,"[0, 48, 2, 0, 0, 0, 0, 255]"
67.251542,Unknown Device,0,0,12,0,"[0, 48, 2, 0, 0, 0, 0, 255]"
67.251557,Unknown Device,0,0,12,0,"[0, 48, 2, 0, 0, 0, 0, 255]"
67.251923,Unknown Device,0,0,12,0,"[0, 48, 2, 0, 0, 0, 0, 255]"
67.252488,Unknown Device,0,0,12,0,"[0, 48, 4, 0, 0, 0, 0, 255]"
67.252525,Unknown Device,0,0,12,0,"[0, 48, 2, 0, 0, 0, 0, 255]"
67.252568,Unknown Device,0,0,12,0,"[0, 48, 2, 0, 0, 0, 0, 255]"
67.252583,Unknown Device,0,0,12,0,"[0, 48, 2, 0, 0, 0, 0, 255]"
67.252714,Unknown Device,0,0,12,0,"[0, 48, 2, 0, 0, 0, 0, 255]"
67.253127,Unknown Device,0,0,12,0,"[0, 48, 2, 0, 0, 0, 0, 255]"
67.253226,Unknown Device,0,0,12,0,"[0, 48, 4, 0, 0, 0, 0, 255]"
67.253292,Unknown Device,0,0,12,0,"[0, 48, 2, 0, 0, 0, 0, 255]"
67.253522,Unknown Device,0,0,12,0,"[0, 48, 2, 0, 0, 0, 0, 255]"
67.253907,Unknown Device,0,0,12,0,"[0, 48, 2, 0, 0, 0, 0, 255]"
67.2545,Unknown Device,0,0,12,0,"[0, 48, 2, 0, 0, 0, 0, 255]"
67.254515,Unknown Device,0,0,12,0,"[0, 48, 2, 0, 0, 0, 0, 255]"
67.254783,Unknown Device,0,0,12,0,"[0, 48, 2, 0, 0, 0, 0, 255]"
67.254987,Unknown Device,0,0,12,0,"[0, 48, 4, 0, 0, 0, 0, 255]"
67.255016,Unknown Device,0,0,12,0,"[0, 48, 2, 0, 0, 0, 0, 255]"
67.255087,Unknown Device,0,0,12,0,"[0, 48, 2, 0, 0, 0, 0, 255]"
67.255153,Unknown Device,0,0,12,0,"[0, 48, 2, 0, 0, 0, 0, 255]"
67.25597,Unknown Device,0,0,12,0,"[0, 48, 4, 0, 0, 0, 0, 255]"
67.256138,Unknown Device,0,0,12,0,"[0, 48, 2, 0, 0, 0, 0, 255]"
67.256161,Unknown Device,0,0,12,0,"[0, 48, 2, 0, 0, 0, 0, 255]"
67.256232,Unknown Device,0,0,12,0,"[0, 48, 4, 0, 0, 0, 0, 255]"
67.256303,Unknown Device,0,0,12,0,"[0, 48, 4, 0, 0, 0, 0, 255]"
67.25642,Unknown Device,0,0,12,0,"[0, 48, 4, 0, 0, 0, 0, 255]"
67.256649,Unknown Device,0,0,12,0,"[0, 48, 4, 0, 0, 0, 0, 255]"
67.256889,Unknown Device,0,0,12,0,"[0, 48, 2, 0, 0, 0, 0, 255]"
67.257121,Unknown Device,0,0,12,0,"[0, 48, 2, 0, 0, 0, 0, 255]"
67.257303,Unknown Device,0,0,12,0,"[0, 48, 4, 0, 0, 0, 0, 255]"
67.257581,Unknown Device,0,0,12,0,"[0, 48, 4, 0, 0, 0, 0, 255]"
67.257712,Unknown Device,0,0,12,0,"[0, 48, 2, 0, 0, 0, 0, 255]"
67.257922,Unknown Device,0,0,12,0,"[0, 48, 2, 0, 0, 0, 0, 255]"
67.258391,Unknown Device,0,0,12,0,"[0, 48, 4, 0, 0, 0, 0, 255]"
67.258407,Unknown Device,0,0,12,0,"[0, 48, 2, 0, 0, 0, 0, 255]"
67.258563,Unknown Device,0,0,12,0,"[0, 48, 2, 0, 0, 0, 0, 255]"
67.258752,Unknown Device,0,0,12,0,"[0, 48, 2, 0, 0, 0, 0, 255]"
67.258963,Unknown Device,0,0,12,0,"[0, 48, 2, 0, 0, 0, 0, 255]"
67.259138,Unknown Device,0,0,12,0,"[0, 48, 2, 0, 0, 0, 0, 255]"
67.25968,Unknown Device,0,0,12,0,"[0, 48, 2, 0, 0, 0, 0, 255]"
67.259696,Unknown Device,0,0,12,0,"[0, 48, 2, 0, 0, 0, 0, 255]"
67.261158,Unknown Device,0,0,12,0,"[0, 48, 2, 0, 0, 0, 0, 255]"
67.261215,Unknown Device,0,0,12,0,"[0, 48, 2, 0, 0, 0, 0, 255]"
67.26123,Unknown Device,0,0,12,0,"[0, 48, 2, 0, 0, 0, 0, 255]"
67.261259,Unknown Device,0,0,12,0,"[0, 48, 2, 0, 0, 0, 0, 255]"
67.26163,Unknown Device,0,0,12,0,"[0, 48, 2, 0, 0, 0, 0, 255]"
67.261645,Unknown Device,0,0,12,0,"[0, 48, 2, 0, 0, 0, 0, 255]"
67.261779,Unknown Device,0,0,12,0,"[0, 48, 2, 0, 0, 0, 0, 255]"
67.261795,Unknown Device,0,0,12,0,"[0, 48, 2, 0, 0, 0, 0, 255]"
67.26181,Unknown Device,0,0,12,0,"[0, 48, 2, 0, 0, 0, 0, 255]"
67.26255,Unknown Device,0,0,12,0,"[0, 48, 2, 0, 0, 0, 0, 255]"
67.262565,Unknown Device,0,0,12,0,"[0, 48, 2, 0, 0, 0, 0, 255]"
67.262658,Unknown Device,0,0,12,0,"[0, 48, 2, 0, 0, 0, 0, 255]"
67.262673,Unknown Device,0,0,12,0,"[0, 48, 2, 0, 0, 0, 0, 255]"
67.26308,Unknown Device,0,0,12,0,"[0, 48, 2, 0, 0, 0, 0, 255]"
67.263151,Unknown Device,0,0,12,0,"[0, 48, 2, 0, 0, 0, 0, 255]"
67.263398,Unknown Device,0,0,12,0,"[0, 48, 4, 0, 0, 0, 0, 255]"
67.263435,Unknown Device,0,0,12,0,"[0, 48, 2, 0, 0, 0, 0, 255]"
67.263999,Unknown Device,0,0,12,0,"[0, 48, 4, 0, 0, 0, 0, 255]"
67.264015,Unknown Device,0,0,12,0,"[0, 48, 2, 0, 0, 0, 0, 255]"
67.264052,Unknown Device,0,0,12,0,"[0, 48, 2, 0, 0, 0, 0, 255]"
67.264192,Unknown Device,0,0,12,0,"[0, 48, 2, 0, 0, 0, 0, 255]"
67.264271,Unknown Device,0,0,12,0,"[0, 48, 2, 0, 0, 0, 0, 255]"
67.264536,Unknown Device,0,0,12,0,"[0, 48, 4, 0, 0, 0, 0, 255]"
67.264565,Unknown Device,0,0,12,0,"[0, 48, 2, 0, 0, 0, 0, 255]"
67.264732,Unknown Device,0,0,12,0,"[0, 48, 2, 0, 0, 0, 0, 255]"
67.264957,Unknown Device,0,0,12,0,"[0, 48, 2, 0, 0, 0, 0, 255]"
67.265139,Unknown Device,0,0,12,0,"[0, 48, 2, 0, 0, 0, 0, 255]"
67.265365,Unknown Device,0,0,12,0,"[0, 48, 2, 0, 0, 0, 0, 255]"
67.266035,Unknown Device,0,0,12,0,"[0, 48, 4, 0, 0, 0, 0, 255]"
67.266134,Unknown Device,0,0,12,0,"[0, 48, 2, 0, 0, 0, 0, 255]"
67.266191,Unknown Device,0,0,12,0,"[0, 48, 4, 0, 0, 0, 0, 255]"
67.266368,Unknown Device,0,0,12,0,"[0, 48, 4, 0, 0, 0, 0, 255]"
67.266524,Unknown Device,0,0,12,0,"[0, 48, 4, 0, 0, 0, 0, 255]"
67.266721,Unknown Device,0,0,12,0,"[0, 48, 2, 0, 0, 0, 0, 255]"
67.266931,Unknown Device,0,0,12,0,"[0, 48, 2, 0, 0, 0, 0, 255]"
67.267567,Unknown Device,0,0,12,0,"[0, 48, 2, 0, 0, 0, 0, 255]"
67.267582,Unknown Device,0,0,12,0,"[0, 48, 2, 0, 0, 0, 0, 255]"
67.267598,Unknown Device,0,0,12,0,"[0, 48, 2, 0, 0, 0, 0, 255]"
67.267787,Unknown Device,0,0,12,0,"[0, 48, 2, 0, 0, 0, 0, 255]"
67.268381,Unknown Device,0,0,12,0,"[0, 48, 2, 0, 0, 0, 0, 255]"
67.268396,Unknown Device,0,0,12,0,"[0, 48, 2, 0, 0, 0, 0, 255]"
67.268461,Unknown Device,0,0,12,0,"[0, 48, 2, 0, 0, 0, 0, 255]"
67.268625,Unknown Device,0,0,12,0,"[0, 48, 2, 0, 0, 0, 0, 255]"
67.268926,Unknown Device,0,0,12,0,"[0, 48, 4, 0, 0, 0, 0, 255]"
67.269048,Unknown Device,0,0,12,0,"[0, 48, 4, 0, 0, 0, 0, 255]"
67.269252,Unknown Device,0,0,12,0,"[0, 48, 2, 0, 0, 0, 0, 255]"
67.269435,Unknown,Unknown,Unknown,Unknown,997,"[34, 9, 10, 231, 7, 3, 4, 30]"
67.269651,Unknown Device,0,0,4,0,"[0, 76, 0, 0, 0, 0, 0, 126]"
67.269857,Unknown Device,0,0,12,0,"[0, 48, 2, 0, 0, 0, 0, 255]"
67.270041,Unknown Device,0,0,12,0,"[0, 48, 2, 0, 0, 0, 0, 255]"
67.270277,Unknown Device,0,0,12,0,"[0, 48, 4, 0, 0, 0, 0, 255]"
67.271102,Unknown Device,0,0,12,0,"[0, 48, 4, 0, 0, 0, 0, 255]"
67.271139,Unknown Device,0,0,12,0,"[0, 48, 2, 0, 0, 0, 0, 255]"
67.271238,Unknown Device,0,0,12,0,"[0, 48, 2, 0, 0, 0, 0, 255]"
67.271253,Unknown Device,0,0,12,0,"[0, 48, 2, 0, 0, 0, 0, 255]"
67.271336,Unknown Device,0,0,12,0,"[0, 48, 2, 0, 0, 0, 0, 255]"
67.271546,Unknown Device,0,0,12,0,"[0, 48, 4, 0, 0, 0, 0, 255]"
67.271731,Unknown Device,0,0,12,0,"[0, 48, 2, 0, 0, 0, 0, 255]"
67.271937,Unknown Device,0,0,12,0,"[0, 48, 2, 0, 0, 0, 0, 255]"
67.272536,Unknown Device,0,0,12,0,"[0, 48, 4, 0, 0, 0, 0, 255]"
67.272551,Unknown Device,0,0,12,0,"[0, 48, 2, 0, 0, 0, 0, 255]"
67.27265,Unknown Device,0,0,12,0,"[0, 48, 4, 0, 0, 0, 0, 255]"
67.272732,Unknown Device,0,0,12,0,"[0, 48, 2, 0, 0, 0, 0, 255]"
67.272953,Unknown Device,0,0,12,0,"[0, 48, 2, 0, 0, 0, 0, 255]"
67.273137,Unknown Device,0,0,12,0,"[0, 48, 2, 0, 0, 0, 0, 255]"
67.273315,Unknown Device,0,0,12,0,"[0, 48, 2, 0, 0, 0, 0, 255]"
67.273547,Unknown Device,0,0,12,0,"[0, 48, 2, 0, 0, 0, 0, 255]"
67.273994,Unknown Device,0,0,12,0,"[0, 48, 4, 0, 0, 0, 0, 255]"
67.274009,Unknown Device,0,0,12,0,"[0, 48, 2, 0, 0, 0, 0, 255]"
67.274171,Unknown Device,0,0,12,0,"[0, 48, 2, 0, 0, 0, 0, 255]"
67.274415,Unknown Device,0,0,12,0,"[0, 48, 4, 0, 0, 0, 0, 255]"
67.274596,Unknown Device,0,0,12,0,"[0, 48, 4, 0, 0, 0, 0, 255]"
67.274803,Unknown Device,0,0,12,0,"[0, 48, 2, 0, 0, 0, 0, 255]"
67.275031,Unknown Device,0,0,12,0,"[0, 48, 2, 0, 0, 0, 0, 255]"
67.275283,Unknown Device,0,0,12,0,"[0, 48, 2, 0, 0, 0, 0, 255]"
67.276037,Unknown Device,0,0,12,0,"[0, 48, 4, 0, 0, 0, 0, 255]"
67.276067,Unknown Device,0,0,12,0,"[0, 48, 2, 0, 0, 0, 0, 255]"
67.276082,Unknown Device,0,0,12,0,"[0, 48, 2, 0, 0, 0, 0, 255]"
67.276498,Unknown Device,0,0,12,0,"[0, 48, 4, 0, 0, 0, 0, 255]"
67.276535,Unknown Device,0,0,12,0,"[0, 48, 2, 0, 0, 0, 0, 255]"
67.276853,Unknown Device,0,0,12,0,"[0, 48, 2, 0, 0, 0, 0, 255]"
67.276868,Unknown Device,0,0,12,0,"[0, 48, 2, 0, 0, 0, 0, 255]"
67.277317,Unknown Device,0,0,12,0,"[0, 48, 4, 0, 0, 0, 0, 255]"
67.277577,Unknown Device,0,0,12,0,"[0, 48, 4, 0, 0, 0, 0, 255]"
67.277592,Unknown Device,0,0,12,0,"[0, 48, 2, 0, 0, 0, 0, 255]"
67.277608,Unknown Device,0,0,12,0,"[0, 48, 2, 0, 0, 0, 0, 255]"
67.277769,Unknown Device,0,0,12,0,"[0, 48, 4, 0, 0, 0, 0, 255]"
67.277968,Unknown Device,0,0,12,0,"[0, 48, 2, 0, 0, 0, 0, 255]"
67.278357,Unknown Device,0,0,12,0,"[0, 48, 4, 0, 0, 0, 0, 255]"
67.278395,Unknown Device,0,0,12,0,"[0, 48, 2, 0, 0, 0, 0, 255]"
67.278576,Unknown Device,0,0,12,0,"[0, 48, 2, 0, 0, 0, 0, 255]"
67.278782,Unknown Device,0,0,12,0,"[0, 48, 2, 0, 0, 0, 0, 255]"
67.279128,Unknown Device,0,0,12,0,"[0, 48, 2, 0, 0, 0, 0, 255]"
67.279187,Unknown Device,0,0,12,0,"[0, 48, 2, 0, 0, 0, 0, 255]"
67.27951,Unknown Device,0,0,12,0,"[0, 48, 4, 0, 0, 0, 0, 255]"
67.279613,Unknown Device,0,0,12,0,"[0, 48, 2, 0, 0, 0, 0, 255]"
67.27982,Unknown Device,0,0,12,0,"[0, 48, 2, 0, 0, 0, 0, 255]"
67.280004,Unknown Device,0,0,12,0,"[0, 48, 4, 0, 0, 0, 0, 255]"
67.280233,Unknown Device,0,0,12,0,"[0, 48, 2, 0, 0, 0, 0, 255]"
67.280525,Unknown Device,0,0,12,0,"[0, 48, 4, 0, 0, 0, 0, 255]"
67.281021,Unknown Device,0,0,12,0,"[0, 48, 4, 0, 0, 0, 0, 255]"
67.28105,Unknown Device,0,0,12,0,"[0, 48, 2, 0, 0, 0, 0, 255]"
67.281205,Unknown Device,0,0,12,0,"[0, 48, 2, 0, 0, 0, 0, 255]"
67.281563,Unknown Device,0,0,12,0,"[0, 48, 4, 0, 0, 0, 0, 255]"
67.281593,Unknown Device,0,0,12,0,"[0, 48, 2, 0, 0, 0, 0, 255]"
67.281777,Unknown Device,0,0,12,0,"[0, 48, 2, 0, 0, 0, 0, 255]"
67.281969,Unknown Device,0,0,12,0,"[0, 48, 2, 0, 0, 0, 0, 255]"
67.282533,Unknown Device,0,0,12,0,"[0, 48, 2, 0, 0, 0, 0, 255]"
67.282646,Unknown Device,0,0,12,0,"[0, 48, 2, 0, 0, 0, 0, 255]"
67.282662,Unknown Device,0,0,12,0,"[0, 48, 2, 0, 0, 0, 0, 255]"
67.283005,Unknown Device,0,0,12,0,"[0, 48, 4, 0, 0, 0, 0, 255]"
67.28302,Unknown Device,0,0,12,0,"[0, 48, 2, 0, 0, 0, 0, 255]"
67.28316,Unknown Device,0,0,12,0,"[0, 48, 2, 0, 0, 0, 0, 255]"
67.283345,Unknown Device,0,0,12,0,"[0, 48, 2, 0, 0, 0, 0, 255]"
67.283563,Unknown Device,0,0,12,0,"[0, 48, 2, 0, 0, 0, 0, 255]"
67.284031,Unknown Device,0,0,12,0,"[0, 48, 4, 0, 0, 0, 0, 255]"
67.28413,Unknown Device,0,0,12,0,"[0, 48, 2, 0, 0, 0, 0, 255]"
67.284197,Unknown Device,0,0,12,0,"[0, 48, 2, 0, 0, 0, 0, 255]"
67.284583,Unknown Device,0,0,12,0,"[0, 48, 2, 0, 0, 0, 0, 255]"
67.28462,Unknown Device,0,0,12,0,"[0, 48, 2, 0, 0, 0, 0, 255]"
67.28482,Unknown Device,0,0,12,0,"[0, 48, 2, 0, 0, 0, 0, 255]"
67.285019,Unknown Device,0,0,12,0,"[0, 48, 4, 0, 0, 0, 0, 255]"
67.28524,Unknown Device,0,0,12,0,"[0, 48, 2, 0, 0, 0, 0, 255]"
67.286053,Unknown Device,0,0,12,0,"[0, 48, 2, 0, 0, 0, 0, 255]"
67.286511,Unknown Device,0,0,12,0,"[0, 48, 4, 0, 0, 0, 0, 255]"
67.28654,Unknown Device,0,0,12,0,"[0, 48, 2, 0, 0, 0, 0, 255]"
67.286578,Unknown Device,0,0,12,0,"[0, 48, 2, 0, 0, 0, 0, 255]"
67.286804,Unknown Device,0,0,12,0,"[0, 48, 4, 0, 0, 0, 0, 255]"
67.286841,Unknown Device,0,0,12,0,"[0, 48, 2, 0, 0, 0, 0, 255]"
67.286856,Unknown Device,0,0,12,0,"[0, 48, 2, 0, 0, 0, 0, 255]"
67.287032,Unknown Device,0,0,12,0,"[0, 48, 4, 0, 0, 0, 0, 255]"
67.287239,Unknown Device,0,0,12,0,"[0, 48, 4, 0, 0, 0, 0, 255]"
67.287439,Unknown Device,0,0,12,0,"[0, 48, 4, 0, 0, 0, 0, 255]"
67.287678,Unknown Device,0,0,12,0,"[0, 48, 4, 0, 0, 0, 0, 255]"
67.287869,Unknown Device,0,0,12,0,"[0, 48, 2, 0, 0, 0, 0, 255]"
67.28842,Unknown Device,0,0,12,0,"[0, 48, 4, 0, 0, 0, 0, 255]"
67.288496,Unknown Device,0,0,12,0,"[0, 48, 2, 0, 0, 0, 0, 255]"
67.288533,Unknown Device,0,0,12,0,"[0, 48, 2, 0, 0, 0, 0, 255]"
67.288747,Unknown Device,0,0,12,0,"[0, 48, 2, 0, 0, 0, 0, 255]"
67.289108,Unknown Device,0,0,12,0,"[0, 48, 4, 0, 0, 0, 0, 255]"
67.289219,Unknown Device,0,0,12,0,"[0, 48, 2, 0, 0, 0, 0, 255]"
67.289397,Unknown Device,0,0,12,0,"[0, 48, 2, 0, 0, 0, 0, 255]"
67.289578,Unknown Device,0,0,12,0,"[0, 48, 4, 0, 0, 0, 0, 255]"
67.289792,Unknown Device,0,0,12,0,"[0, 48, 2, 0, 0, 0, 0, 255]"
67.290035,Unknown Device,0,0,12,0,"[0, 48, 2, 0, 0, 0, 0, 255]"
67.290278,Unknown Device,0,0,12,0,"[0, 48, 2, 0, 0, 0, 0, 255]"
67.291069,Unknown Device,0,0,12,0,"[0, 48, 4, 0, 0, 0, 0, 255]"
67.291106,Unknown Device,0,0,12,0,"[0, 48, 2, 0, 0, 0, 0, 255]"
67.291121,Unknown Device,0,0,12,0,"[0, 48, 2, 0, 0, 0, 0, 255]"
67.291136,Unknown Device,0,0,12,0,"[0, 48, 2, 0, 0, 0, 0, 255]"
67.291292,Unknown Device,0,0,12,0,"[0, 48, 2, 0, 0, 0, 0, 255]"
67.291546,Unknown Device,0,0,12,0,"[0, 48, 4, 0, 0, 0, 0, 255]"
67.29173,Unknown Device,0,0,12,0,"[0, 48, 2, 0, 0, 0, 0, 255]"
67.291944,Unknown Device,0,0,12,0,"[0, 48, 2, 0, 0, 0, 0, 255]"
67.292531,Unknown Device,0,0,12,0,"[0, 48, 4, 0, 0, 0, 0, 255]"
67.292546,Unknown Device,0,0,12,0,"[0, 48, 2, 0, 0, 0, 0, 255]"
67.292664,Unknown Device,0,0,12,0,"[0, 48, 2, 0, 0, 0, 0, 255]"
67.292907,Unknown Device,0,0,12,0,"[0, 48, 2, 0, 0, 0, 0, 255]"
67.293128,Unknown Device,0,0,12,0,"[0, 48, 2, 0, 0, 0, 0, 255]"
67.293306,Unknown Device,0,0,12,0,"[0, 48, 2, 0, 0, 0, 0, 255]"
67.293532,Unknown Device,0,0,12,0,"[0, 48, 2, 0, 0, 0, 0, 255]"
67.293928,Unknown Device,0,0,12,0,"[0, 48, 4, 0, 0, 0, 0, 255]"
67.294042,Unknown Device,0,0,12,0,"[0, 48, 2, 0, 0, 0, 0, 255]"
67.294152,Unknown Device,0,0,12,0,"[0, 48, 2, 0, 0, 0, 0, 255]"
67.294568,Unknown Device,0,0,12,0,"[0, 48, 4, 0, 0, 0, 0, 255]"
67.294583,Unknown Device,0,0,12,0,"[0, 48, 2, 0, 0, 0, 0, 255]"
67.294789,Unknown Device,0,0,12,0,"[0, 48, 2, 0, 0, 0, 0, 255]"
67.295025,Unknown Device,0,0,12,0,"[0, 48, 2, 0, 0, 0, 0, 255]"
67.295261,Unknown Device,0,0,12,0,"[0, 48, 2, 0, 0, 0, 0, 255]"
67.296039,Unknown Device,0,0,12,0,"[0, 48, 4, 0, 0, 0, 0, 255]"
67.296096,Unknown Device,0,0,12,0,"[0, 48, 2, 0, 0, 0, 0, 255]"
67.296545,Unknown Device,0,0,12,0,"[0, 48, 4, 0, 0, 0, 0, 255]"
67.296575,Unknown Device,0,0,12,0,"[0, 48, 2, 0, 0, 0, 0, 255]"
67.296766,Unknown Device,0,0,12,0,"[0, 48, 2, 0, 0, 0, 0, 255]"
67.296995,Unknown Device,0,0,12,0,"[0, 48, 2, 0, 0, 0, 0, 255]"
67.297208,Unknown Device,0,0,12,0,"[0, 48, 4, 0, 0, 0, 0, 255]"
67.297423,Unknown Device,0,0,12,0,"[0, 48, 4, 0, 0, 0, 0, 255]"
67.297626,Unknown Device,0,0,12,0,"[0, 48, 4, 0, 0, 0, 0, 255]"
67.297832,Unknown Device,0,0,12,0,"[0, 48, 2, 0, 0, 0, 0, 255]"
67.298039,Unknown Device,0,0,12,0,"[0, 48, 2, 0, 0, 0, 0, 255]"
67.298324,Unknown Device,0,0,12,0,"[0, 48, 4, 0, 0, 0, 0, 255]"
67.298527,Unknown Device,0,0,12,0,"[0, 48, 2, 0, 0, 0, 0, 255]"
67.29888,Unknown Device,0,0,12,0,"[0, 48, 2, 0, 0, 0, 0, 255]"
67.299219,Unknown Device,0,0,12,0,"[0, 48, 4, 0, 0, 0, 0, 255]"
67.299556,Unknown,Unknown,Unknown,Unknown,997,"[40, 50, 49, 50, 57, 0, 0, 0]"
67.299888,Unknown Device,0,0,12,0,"[0, 48, 2, 0, 0, 0, 0, 255]"
67.3002,Unknown Device,0,0,12,0,"[0, 48, 4, 0, 0, 0, 0, 255]"
67.300538,Unknown Device,0,0,12,0,"[0, 48, 2, 0, 0, 0, 0, 255]"
67.300843,Unknown Device,0,0,12,0,"[0, 48, 2, 0, 0, 0, 0, 255]"
67.301217,Unknown Device,0,0,12,0,"[0, 48, 2, 0, 0, 0, 0, 255]"
67.301392,Unknown Device,0,0,12,0,"[0, 48, 2, 0, 0, 0, 0, 255]"
67.301607,Unknown Device,0,0,12,0,"[0, 48, 2, 0, 0, 0, 0, 255]"
67.301887,Unknown Device,0,0,12,0,"[0, 48, 2, 0, 0, 0, 0, 255]"
67.302003,Unknown Device,0,0,12,0,"[0, 48, 2, 0, 0, 0, 0, 255]"
67.302562,Unknown Device,0,0,12,0,"[0, 48, 2, 0, 0, 0, 0, 255]"
67.302577,Unknown Device,0,0,12,0,"[0, 48, 2, 0, 0, 0, 0, 255]"
67.302671,Unknown Device,0,0,12,0,"[0, 48, 4, 0, 0, 0, 0, 255]"
67.302882,Unknown Device,0,0,12,0,"[0, 48, 2, 0, 0, 0, 0, 255]"
67.303275,Unknown Device,0,0,12,0,"[0, 48, 4, 0, 0, 0, 0, 255]"
67.30329,Unknown Device,0,0,12,0,"[0, 48, 2, 0, 0, 0, 0, 255]"
67.303534,Unknown Device,0,0,12,0,"[0, 48, 2, 0, 0, 0, 0, 255]"
67.303744,Unknown Device,0,0,12,0,"[0, 48, 4, 0, 0, 0, 0, 255]"
67.303933,Unknown Device,0,0,12,0,"[0, 48, 2, 0, 0, 0, 0, 255]"
67.304122,Unknown Device,0,0,12,0,"[0, 48, 2, 0, 0, 0, 0, 255]"
67.304348,Unknown Device,0,0,12,0,"[0, 48, 2, 0, 0, 0, 0, 255]"
67.304578,Unknown Device,0,0,12,0,"[0, 48, 2, 0, 0, 0, 0, 255]"
67.304767,Unknown Device,0,0,12,0,"[0, 48, 2, 0, 0, 0, 0, 255]"
67.30504,Unknown Device,0,0,12,0,"[0, 48, 2, 0, 0, 0, 0, 255]"
67.305193,Unknown Device,0,0,12,0,"[0, 48, 2, 0, 0, 0, 0, 255]"
67.3061,Unknown Device,0,0,12,0,"[0, 48, 2, 0, 0, 0, 0, 255]"
67.306484,Unknown Device,0,0,12,0,"[0, 48, 4, 0, 0, 0, 0, 255]"
67.306499,Unknown Device,0,0,12,0,"[0, 48, 2, 0, 0, 0, 0, 255]"
67.306536,Unknown Device,0,0,12,0,"[0, 48, 2, 0, 0, 0, 0, 255]"
67.30681,Unknown Device,0,0,12,0,"[0, 48, 2, 0, 0, 0, 0, 255]"
67.306825,Unknown Device,0,0,12,0,"[0, 48, 2, 0, 0, 0, 0, 255]"
67.30684,Unknown Device,0,0,12,0,"[0, 48, 2, 0, 0, 0, 0, 255]"
67.307539,Unknown Device,0,0,12,0,"[0, 48, 4, 0, 0, 0, 0, 255]"
67.30759,Unknown Device,0,0,12,0,"[0, 48, 2, 0, 0, 0, 0, 255]"
67.307689,Unknown Device,0,0,12,0,"[0, 48, 2, 0, 0, 0, 0, 255]"
67.307704,Unknown Device,0,0,12,0,"[0, 48, 2, 0, 0, 0, 0, 255]"
67.308189,Unknown Device,0,0,12,0,"[0, 48, 4, 0, 0, 0, 0, 255]"
67.308204,Unknown Device,0,0,12,0,"[0, 48, 2, 0, 0, 0, 0, 255]"
67.308219,Unknown Device,0,0,12,0,"[0, 48, 2, 0, 0, 0, 0, 255]"
67.308346,Unknown Device,0,0,12,0,"[0, 48, 4, 0, 0, 0, 0, 255]"
67.308404,Unknown Device,0,0,12,0,"[0, 48, 2, 0, 0, 0, 0, 255]"
67.308569,Unknown Device,0,0,12,0,"[0, 48, 2, 0, 0, 0, 0, 255]"
67.308786,Unknown Device,0,0,12,0,"[0, 48, 2, 0, 0, 0, 0, 255]"
67.309012,Unknown Device,0,0,12,0,"[0, 48, 4, 0, 0, 0, 0, 255]"
67.309244,Unknown Device,0,0,12,0,"[0, 48, 4, 0, 0, 0, 0, 255]"
67.309448,Unknown Device,0,0,12,0,"[0, 48, 2, 0, 0, 0, 0, 255]"
67.309747,Unknown Device,0,0,12,0,"[0, 48, 4, 0, 0, 0, 0, 255]"
67.309885,Unknown Device,0,0,12,0,"[0, 48, 2, 0, 0, 0, 0, 255]"
67.310103,Unknown Device,0,0,12,0,"[0, 48, 2, 0, 0, 0, 0, 255]"
67.310329,Unknown Device,0,0,12,0,"[0, 48, 4, 0, 0, 0, 0, 255]"
67.311074,Unknown Device,0,0,12,0,"[0, 48, 2, 0, 0, 0, 0, 255]"
67.311181,Unknown Device,0,0,12,0,"[0, 48, 4, 0, 0, 0, 0, 255]"
67.311196,Unknown Device,0,0,12,0,"[0, 48, 2, 0, 0, 0, 0, 255]"
67.311211,Unknown Device,0,0,12,0,"[0, 48, 2, 0, 0, 0, 0, 255]"
67.311409,Unknown Device,0,0,12,0,"[0, 48, 2, 0, 0, 0, 0, 255]"
67.311761,Unknown Device,0,0,12,0,"[0, 48, 2, 0, 0, 0, 0, 255]"
67.311993,Unknown Device,0,0,12,0,"[0, 48, 2, 0, 0, 0, 0, 255]"
67.312502,Unknown Device,0,0,12,0,"[0, 48, 4, 0, 0, 0, 0, 255]"
67.312517,Unknown Device,0,0,12,0,"[0, 48, 2, 0, 0, 0, 0, 255]"
67.312605,Unknown Device,0,0,12,0,"[0, 48, 2, 0, 0, 0, 0, 255]"
67.312808,Unknown Device,0,0,12,0,"[0, 48, 2, 0, 0, 0, 0, 255]"
67.312997,Unknown Device,0,0,12,0,"[0, 48, 4, 0, 0, 0, 0, 255]"
67.313222,Unknown Device,0,0,12,0,"[0, 48, 2, 0, 0, 0, 0, 255]"
67.313532,Unknown Device,0,0,12,0,"[0, 48, 2, 0, 0, 0, 0, 255]"
67.314002,Unknown Device,0,0,12,0,"[0, 48, 2, 0, 0, 0, 0, 255]"
67.314031,Unknown Device,0,0,12,0,"[0, 48, 2, 0, 0, 0, 0, 255]"
67.314177,Unknown Device,0,0,12,0,"[0, 48, 2, 0, 0, 0, 0, 255]"
67.31441,Unknown Device,0,0,12,0,"[0, 48, 2, 0, 0, 0, 0, 255]"
67.314646,Unknown Device,0,0,12,0,"[0, 48, 2, 0, 0, 0, 0, 255]"
67.31485,Unknown Device,0,0,12,0,"[0, 48, 2, 0, 0, 0, 0, 255]"
67.315031,Unknown Device,0,0,12,0,"[0, 48, 2, 0, 0, 0, 0, 255]"
67.315264,Unknown Device,0,0,12,0,"[0, 48, 2, 0, 0, 0, 0, 255]"
67.315548,Unknown Device,0,0,12,0,"[0, 48, 4, 0, 0, 0, 0, 255]"
67.315686,Unknown Device,0,0,12,0,"[0, 48, 4, 0, 0, 0, 0, 255]"
67.315875,Unknown Device,0,0,12,0,"[0, 48, 4, 0, 0, 0, 0, 255]"
67.316071,Unknown Device,0,0,12,0,"[0, 48, 2, 0, 0, 0, 0, 255]"
67.316283,Unknown Device,0,0,12,0,"[0, 48, 2, 0, 0, 0, 0, 255]"
67.316603,Unknown Device,0,0,12,0,"[0, 48, 2, 0, 0, 0, 0, 255]"
67.316727,Unknown Device,0,0,12,0,"[0, 48, 2, 0, 0, 0, 0, 255]"
67.316938,Unknown Device,0,0,12,0,"[0, 48, 2, 0, 0, 0, 0, 255]"
67.317588,Unknown Device,0,0,12,0,"[0, 48, 2, 0, 0, 0, 0, 255]"
67.317603,Unknown Device,0,0,12,0,"[0, 48, 2, 0, 0, 0, 0, 255]"
67.31766,Unknown Device,0,0,12,0,"[0, 48, 2, 0, 0, 0, 0, 255]"
67.31782,Unknown Device,0,0,12,0,"[0, 48, 2, 0, 0, 0, 0, 255]"
67.318423,Unknown Device,0,0,12,0,"[0, 48, 4, 0, 0, 0, 0, 255]"
67.318533,Unknown Device,0,0,12,0,"[0, 48, 2, 0, 0, 0, 0, 255]"
67.318548,Unknown Device,0,0,12,0,"[0, 48, 2, 0, 0, 0, 0, 255]"
67.318759,Unknown Device,0,0,12,0,"[0, 48, 2, 0, 0, 0, 0, 255]"
67.31897,Unknown Device,0,0,12,0,"[0, 48, 2, 0, 0, 0, 0, 255]"
67.319217,Unknown Device,0,0,12,0,"[0, 48, 2, 0, 0, 0, 0, 255]"
67.319407,Unknown Device,0,0,12,0,"[0, 48, 2, 0, 0, 0, 0, 255]"
67.319629,Unknown Device,0,0,12,0,"[0, 48, 2, 0, 0, 0, 0, 255]"
67.319868,Unknown Device,0,0,12,0,"[0, 48, 2, 0, 0, 0, 0, 255]"
67.320101,Unknown Device,0,0,12,0,"[0, 48, 2, 0, 0, 0, 0, 255]"
67.321113,Unknown Device,0,0,12,0,"[0, 48, 2, 0, 0, 0, 0, 255]"
67.32115,Unknown Device,0,0,12,0,"[0, 48, 2, 0, 0, 0, 0, 255]"
67.32118,Unknown Device,0,0,12,0,"[0, 48, 2, 0, 0, 0, 0, 255]"
67.321426,Unknown Device,0,0,12,0,"[0, 48, 4, 0, 0, 0, 0, 255]"
67.321565,Unknown Device,0,0,12,0,"[0, 48, 4, 0, 0, 0, 0, 255]"
67.32158,Unknown Device,0,0,12,0,"[0, 48, 2, 0, 0, 0, 0, 255]"
67.321609,Unknown Device,0,0,12,0,"[0, 48, 2, 0, 0, 0, 0, 255]"
67.321839,Unknown Device,0,0,12,0,"[0, 48, 4, 0, 0, 0, 0, 255]"
67.321991,Unknown Device,0,0,12,0,"[0, 48, 2, 0, 0, 0, 0, 255]"
67.322173,Unknown Device,0,0,12,0,"[0, 48, 2, 0, 0, 0, 0, 255]"
67.322591,Unknown Device,0,0,12,0,"[0, 48, 4, 0, 0, 0, 0, 255]"
67.322619,Unknown Device,0,0,12,0,"[0, 48, 2, 0, 0, 0, 0, 255]"
67.323083,Unknown Device,0,0,12,0,"[0, 48, 2, 0, 0, 0, 0, 255]"
67.323309,Unknown Device,0,0,12,0,"[0, 48, 2, 0, 0, 0, 0, 255]"
67.323546,Unknown Device,0,0,12,0,"[0, 48, 2, 0, 0, 0, 0, 255]"
67.323771,Unknown Device,0,0,12,0,"[0, 48, 4, 0, 0, 0, 0, 255]"
67.323952,Unknown Device,0,0,12,0,"[0, 48, 4, 0, 0, 0, 0, 255]"
67.324163,Unknown Device,0,0,12,0,"[0, 48, 2, 0, 0, 0, 0, 255]"
67.324374,Unknown Device,0,0,12,0,"[0, 48, 2, 0, 0, 0, 0, 255]"
67.324582,Unknown Device,0,0,12,0,"[0, 48, 4, 0, 0, 0, 0, 255]"
67.324763,Unknown Device,0,0,12,0,"[0, 48, 2, 0, 0, 0, 0, 255]"
67.324967,Unknown Device,0,0,12,0,"[0, 48, 2, 0, 0, 0, 0, 255]"
67.325149,Unknown Device,0,0,12,0,"[0, 48, 2, 0, 0, 0, 0, 255]"
67.325331,Unknown Device,0,0,12,0,"[0, 48, 2, 0, 0, 0, 0, 255]"
67.326104,Unknown Device,0,0,12,0,"[0, 48, 2, 0, 0, 0, 0, 255]"
67.32612,Unknown Device,0,0,12,0,"[0, 48, 2, 0, 0, 0, 0, 255]"
67.326629,Unknown Device,0,0,12,0,"[0, 48, 4, 0, 0, 0, 0, 255]"
67.326686,Unknown Device,0,0,12,0,"[0, 48, 4, 0, 0, 0, 0, 255]"
67.326715,Unknown Device,0,0,12,0,"[0, 48, 2, 0, 0, 0, 0, 255]"
67.326839,Unknown Device,0,0,12,0,"[0, 48, 4, 0, 0, 0, 0, 255]"
67.327332,Unknown Device,0,0,12,0,"[0, 48, 2, 0, 0, 0, 0, 255]"
67.32759,Unknown Device,0,0,12,0,"[0, 48, 2, 0, 0, 0, 0, 255]"
67.327801,Unknown Device,0,0,12,0,"[0, 48, 4, 0, 0, 0, 0, 255]"
67.327997,Unknown Device,0,0,12,0,"[0, 48, 4, 0, 0, 0, 0, 255]"
67.328334,Unknown Device,0,0,12,0,"[0, 48, 2, 0, 0, 0, 0, 255]"
67.328414,Unknown Device,0,0,12,0,"[0, 48, 2, 0, 0, 0, 0, 255]"
67.328636,Unknown Device,0,0,12,0,"[0, 48, 2, 0, 0, 0, 0, 255]"
67.328862,Unknown Device,0,0,12,0,"[0, 48, 2, 0, 0, 0, 0, 255]"
67.329043,Unknown Device,0,0,12,0,"[0, 48, 2, 0, 0, 0, 0, 255]"
67.329261,Unknown Device,0,0,12,0,"[0, 48, 2, 0, 0, 0, 0, 255]"
67.329535,Unknown Device,0,0,12,0,"[0, 48, 2, 0, 0, 0, 0, 255]"
67.329823,Unknown Device,0,0,12,0,"[0, 48, 2, 0, 0, 0, 0, 255]"
67.329969,Unknown Device,0,0,12,0,"[0, 48, 2, 0, 0, 0, 0, 255]"
67.330172,Unknown Device,0,0,12,0,"[0, 48, 2, 0, 0, 0, 0, 255]"
67.330453,Unknown Device,0,0,12,0,"[0, 48, 4, 0, 0, 0, 0, 255]"
67.331138,Unknown Device,0,0,12,0,"[0, 48, 4, 0, 0, 0, 0, 255]"
67.331175,Unknown Device,0,0,12,0,"[0, 48, 2, 0, 0, 0, 0, 255]"
67.331274,Unknown Device,0,0,12,0,"[0, 48, 4, 0, 0, 0, 0, 255]"
67.331289,Unknown Device,0,0,12,0,"[0, 48, 2, 0, 0, 0, 0, 255]"
67.331348,Unknown Device,0,0,12,0,"[0, 48, 2, 0, 0, 0, 0, 255]"
67.331612,Unknown Device,0,0,12,0,"[0, 48, 2, 0, 0, 0, 0, 255]"
67.331808,Unknown Device,0,0,12,0,"[0, 48, 2, 0, 0, 0, 0, 255]"
67.332012,Unknown Device,0,0,12,0,"[0, 48, 4, 0, 0, 0, 0, 255]"
67.332193,Unknown Device,0,0,12,0,"[0, 48, 4, 0, 0, 0, 0, 255]"
67.332376,Unknown Device,0,0,12,0,"[0, 48, 4, 0, 0, 0, 0, 255]"
67.332554,Unknown Device,0,0,12,0,"[0, 48, 2, 0, 0, 0, 0, 255]"
67.332765,Unknown Device,0,0,12,0,"[0, 48, 2, 0, 0, 0, 0, 255]"
67.332947,Unknown Device,0,0,12,0,"[0, 48, 2, 0, 0, 0, 0, 255]"
67.333269,Unknown Device,0,0,12,0,"[0, 48, 2, 0, 0, 0, 0, 255]"
67.333372,Unknown Device,0,0,12,0,"[0, 48, 4, 0, 0, 0, 0, 255]"
67.333594,Unknown Device,0,0,12,0,"[0, 48, 2, 0, 0, 0, 0, 255]"
67.333882,Unknown Device,0,0,12,0,"[0, 48, 4, 0, 0, 0, 0, 255]"
67.333998,Unknown Device,0,0,12,0,"[0, 48, 2, 0, 0, 0, 0, 255]"
67.334209,Unknown Device,0,0,12,0,"[0, 48, 2, 0, 0, 0, 0, 255]"
67.334586,Unknown Device,0,0,12,0,"[0, 48, 2, 0, 0, 0, 0, 255]"
67.334637,Unknown Device,0,0,12,0,"[0, 48, 2, 0, 0, 0, 0, 255]"
67.334841,Unknown Device,0,0,12,0,"[0, 48, 2, 0, 0, 0, 0, 255]"
67.335023,Unknown Device,0,0,12,0,"[0, 48, 4, 0, 0, 0, 0, 255]"
67.335262,Unknown Device,0,0,12,0,"[0, 48, 2, 0, 0, 0, 0, 255]"
67.336106,Unknown Device,0,0,12,0,"[0, 48, 2, 0, 0, 0, 0, 255]"
67.336574,Unknown Device,0,0,12,0,"[0, 48, 4, 0, 0, 0, 0, 255]"
67.336589,Unknown Device,0,0,12,0,"[0, 48, 2, 0, 0, 0, 0, 255]"
67.336604,Unknown Device,0,0,12,0,"[0, 48, 2, 0, 0, 0, 0, 255]"
67.336752,Unknown Device,0,0,12,0,"[0, 48, 2, 0, 0, 0, 0, 255]"
67.336767,Unknown Device,0,0,12,0,"[0, 48, 2, 0, 0, 0, 0, 255]"
67.33753,Unknown Device,0,0,12,0,"[0, 48, 2, 0, 0, 0, 0, 255]"
67.337559,Unknown Device,0,0,12,0,"[0, 48, 2, 0, 0, 0, 0, 255]"
67.33763,Unknown Device,0,0,12,0,"[0, 48, 2, 0, 0, 0, 0, 255]"
67.337645,Unknown Device,0,0,12,0,"[0, 48, 2, 0, 0, 0, 0, 255]"
67.33813,Unknown Device,0,0,12,0,"[0, 48, 4, 0, 0, 0, 0, 255]"
67.338404,Unknown Device,0,0,12,0,"[0, 48, 2, 0, 0, 0, 0, 255]"
67.338419,Unknown Device,0,0,12,0,"[0, 48, 2, 0, 0, 0, 0, 255]"
67.338435,Unknown Device,0,0,12,0,"[0, 48, 2, 0, 0, 0, 0, 255]"
67.338532,Unknown Device,0,0,12,0,"[0, 48, 2, 0, 0, 0, 0, 255]"
67.338575,Unknown Device,0,0,12,0,"[0, 48, 2, 0, 0, 0, 0, 255]"
67.338756,Unknown Device,0,0,12,0,"[0, 48, 2, 0, 0, 0, 0, 255]"
67.338967,Unknown Device,0,0,12,0,"[0, 48, 2, 0, 0, 0, 0, 255]"
67.339149,Unknown Device,0,0,12,0,"[0, 48, 4, 0, 0, 0, 0, 255]"
67.339331,Unknown Device,0,0,12,0,"[0, 48, 2, 0, 0, 0, 0, 255]"
67.339623,Unknown Device,0,0,12,0,"[0, 48, 4, 0, 0, 0, 0, 255]"
67.33979,Unknown Device,0,0,12,0,"[0, 48, 2, 0, 0, 0, 0, 255]"
67.340056,Unknown Device,0,0,12,0,"[0, 48, 2, 0, 0, 0, 0, 255]"
67.341108,Unknown Device,0,0,12,0,"[0, 48, 2, 0, 0, 0, 0, 255]"
67.341124,Unknown Device,0,0,12,0,"[0, 48, 2, 0, 0, 0, 0, 255]"
67.341189,Unknown Device,0,0,12,0,"[0, 48, 2, 0, 0, 0, 0, 255]"
67.341218,Unknown Device,0,0,12,0,"[0, 48, 2, 0, 0, 0, 0, 255]"
67.341552,Unknown Device,0,0,12,0,"[0, 48, 4, 0, 0, 0, 0, 255]"
67.341567,Unknown Device,0,0,12,0,"[0, 48, 2, 0, 0, 0, 0, 255]"
67.341582,Unknown Device,0,0,12,0,"[0, 48, 2, 0, 0, 0, 0, 255]"
67.341794,Unknown Device,0,0,12,0,"[0, 48, 2, 0, 0, 0, 0, 255]"
67.34186,Unknown Device,0,0,12,0,"[0, 48, 2, 0, 0, 0, 0, 255]"
67.342531,Unknown Device,0,0,12,0,"[0, 48, 2, 0, 0, 0, 0, 255]"
67.342547,Unknown Device,0,0,12,0,"[0, 48, 2, 0, 0, 0, 0, 255]"
67.342576,Unknown Device,0,0,12,0,"[0, 48, 2, 0, 0, 0, 0, 255]"
67.342851,Unknown Device,0,0,12,0,"[0, 48, 2, 0, 0, 0, 0, 255]"
67.343149,Unknown Device,0,0,12,0,"[0, 48, 2, 0, 0, 0, 0, 255]"
67.343396,Unknown Device,0,0,12,0,"[0, 48, 2, 0, 0, 0, 0, 255]"
67.343626,Unknown Device,0,0,12,0,"[0, 48, 2, 0, 0, 0, 0, 255]"
67.343927,Unknown Device,0,0,12,0,"[0, 48, 4, 0, 0, 0, 0, 255]"
67.344072,Unknown Device,0,0,12,0,"[0, 48, 2, 0, 0, 0, 0, 255]"
67.34449,Unknown Device,0,0,12,0,"[0, 48, 4, 0, 0, 0, 0, 255]"
67.344535,Unknown Device,0,0,12,0,"[0, 48, 2, 0, 0, 0, 0, 255]"
67.3448,Unknown Device,0,0,12,0,"[0, 48, 2, 0, 0, 0, 0, 255]"
67.34491,Unknown Device,0,0,12,0,"[0, 48, 4, 0, 0, 0, 0, 255]"
67.345099,Unknown Device,0,0,12,0,"[0, 48, 2, 0, 0, 0, 0, 255]"
67.346049,Unknown Device,0,0,12,0,"[0, 48, 4, 0, 0, 0, 0, 255]"
67.346078,Unknown Device,0,0,12,0,"[0, 48, 2, 0, 0, 0, 0, 255]"
67.346504,Unknown Device,0,0,12,0,"[0, 48, 4, 0, 0, 0, 0, 255]"
67.346519,Unknown Device,0,0,12,0,"[0, 48, 2, 0, 0, 0, 0, 255]"
67.346556,Unknown Device,0,0,12,0,"[0, 48, 2, 0, 0, 0, 0, 255]"
67.346886,Unknown Device,0,0,12,0,"[0, 48, 2, 0, 0, 0, 0, 255]"
67.346901,Unknown Device,0,0,12,0,"[0, 48, 2, 0, 0, 0, 0, 255]"
67.347566,Unknown Device,0,0,12,0,"[0, 48, 2, 0, 0, 0, 0, 255]"
67.34765,Unknown Device,0,0,12,0,"[0, 48, 2, 0, 0, 0, 0, 255]"
67.347679,Unknown Device,0,0,12,0,"[0, 48, 2, 0, 0, 0, 0, 255]"
67.347695,Unknown Device,0,0,12,0,"[0, 48, 2, 0, 0, 0, 0, 255]"
67.348355,Unknown Device,0,0,12,0,"[0, 48, 2, 0, 0, 0, 0, 255]"
67.348371,Unknown Device,0,0,12,0,"[0, 48, 2, 0, 0, 0, 0, 255]"
67.348427,Unknown Device,0,0,12,0,"[0, 48, 2, 0, 0, 0, 0, 255]"
67.348443,Unknown Device,0,0,12,0,"[0, 48, 2, 0, 0, 0, 0, 255]"
67.348458,Unknown Device,0,0,12,0,"[0, 48, 2, 0, 0, 0, 0, 255]"
67.348535,Unknown Device,0,0,12,0,"[0, 48, 2, 0, 0, 0, 0, 255]"
67.348717,Unknown Device,0,0,12,0,"[0, 48, 2, 0, 0, 0, 0, 255]"
67.349145,Unknown Device,0,0,12,0,"[0, 48, 2, 0, 0, 0, 0, 255]"
67.349174,Unknown Device,0,0,12,0,"[0, 48, 2, 0, 0, 0, 0, 255]"
67.349349,Unknown Device,0,0,12,0,"[0, 48, 2, 0, 0, 0, 0, 255]"
67.349571,Unknown Device,0,0,12,0,"[0, 48, 4, 0, 0, 0, 0, 255]"
67.349803,Unknown Device,0,0,12,0,"[0, 48, 2, 0, 0, 0, 0, 255]"
67.350021,Unknown Device,0,0,12,0,"[0, 48, 4, 0, 0, 0, 0, 255]"
67.350268,Unknown Device,0,0,12,0,"[0, 48, 2, 0, 0, 0, 0, 255]"
67.350534,Unknown Device,0,0,12,0,"[0, 48, 4, 0, 0, 0, 0, 255]"
67.351086,Unknown Device,0,0,12,0,"[0, 48, 2, 0, 0, 0, 0, 255]"
67.351193,Unknown Device,0,0,12,0,"[0, 48, 2, 0, 0, 0, 0, 255]"
67.351208,Unknown Device,0,0,12,0,"[0, 48, 2, 0, 0, 0, 0, 255]"
67.351398,Unknown Device,0,0,12,0,"[0, 48, 2, 0, 0, 0, 0, 255]"
67.351605,Unknown Device,0,0,12,0,"[0, 48, 2, 0, 0, 0, 0, 255]"
67.351794,Unknown Device,0,0,12,0,"[0, 48, 2, 0, 0, 0, 0, 255]"
67.351998,Unknown Device,0,0,12,0,"[0, 48, 2, 0, 0, 0, 0, 255]"
67.352541,Unknown Device,0,0,12,0,"[0, 48, 4, 0, 0, 0, 0, 255]"
67.35257,Unknown Device,0,0,12,0,"[0, 48, 2, 0, 0, 0, 0, 255]"
67.352643,Unknown Device,0,0,12,0,"[0, 48, 2, 0, 0, 0, 0, 255]"
67.352875,Unknown Device,0,0,12,0,"[0, 48, 2, 0, 0, 0, 0, 255]"
67.353128,Unknown Device,0,0,12,0,"[0, 48, 2, 0, 0, 0, 0, 255]"
67.353274,Unknown Device,0,0,12,0,"[0, 48, 2, 0, 0, 0, 0, 255]"
67.353532,Unknown Device,0,0,12,0,"[0, 48, 2, 0, 0, 0, 0, 255]"
67.354001,Unknown Device,0,0,12,0,"[0, 48, 2, 0, 0, 0, 0, 255]"
67.354016,Unknown Device,0,0,12,0,"[0, 48, 2, 0, 0, 0, 0, 255]"
67.354118,Unknown Device,0,0,12,0,"[0, 48, 2, 0, 0, 0, 0, 255]"
67.354488,Unknown Device,0,0,12,0,"[0, 48, 4, 0, 0, 0, 0, 255]"
67.35459,Unknown Device,0,0,12,0,"[0, 48, 2, 0, 0, 0, 0, 255]"
67.354772,Unknown Device,0,0,12,0,"[0, 48, 2, 0, 0, 0, 0, 255]"
67.35499,Unknown Device,0,0,12,0,"[0, 48, 2, 0, 0, 0, 0, 255]"
67.355215,Unknown Device,0,0,12,0,"[0, 48, 2, 0, 0, 0, 0, 255]"
67.355448,Unknown Device,0,0,12,0,"[0, 48, 4, 0, 0, 0, 0, 255]"
67.356188,Unknown Device,0,0,12,0,"[0, 48, 2, 0, 0, 0, 0, 255]"
67.356558,Unknown Device,0,0,12,0,"[0, 48, 4, 0, 0, 0, 0, 255]"
67.356573,Unknown Device,0,0,12,0,"[0, 48, 2, 0, 0, 0, 0, 255]"
67.356589,Unknown Device,0,0,12,0,"[0, 48, 2, 0, 0, 0, 0, 255]"
67.356765,Unknown Device,0,0,12,0,"[0, 48, 2, 0, 0, 0, 0, 255]"
67.357555,Unknown Device,0,0,12,0,"[0, 48, 2, 0, 0, 0, 0, 255]"
67.35757,Unknown Device,0,0,12,0,"[0, 48, 2, 0, 0, 0, 0, 255]"
67.357599,Unknown Device,0,0,12,0,"[0, 48, 2, 0, 0, 0, 0, 255]"
67.357642,Unknown Device,0,0,12,0,"[0, 48, 2, 0, 0, 0, 0, 255]"
67.357671,Unknown Device,0,0,12,0,"[0, 48, 2, 0, 0, 0, 0, 255]"
67.357759,Unknown Device,0,0,12,0,"[0, 48, 2, 0, 0, 0, 0, 255]"
67.35841,Unknown Device,0,0,12,0,"[0, 48, 2, 0, 0, 0, 0, 255]"
67.358425,Unknown Device,0,0,12,0,"[0, 48, 2, 0, 0, 0, 0, 255]"
67.358527,Unknown Device,0,0,12,0,"[0, 48, 2, 0, 0, 0, 0, 255]"
67.35863,Unknown Device,0,0,12,0,"[0, 48, 2, 0, 0, 0, 0, 255]"
67.359086,Unknown Device,0,0,12,0,"[0, 48, 2, 0, 0, 0, 0, 255]"
67.359101,Unknown Device,0,0,12,0,"[0, 48, 2, 0, 0, 0, 0, 255]"
67.359261,Unknown Device,0,0,12,0,"[0, 48, 2, 0, 0, 0, 0, 255]"
67.359702,Unknown Device,0,0,12,0,"[0, 48, 4, 0, 0, 0, 0, 255]"
67.359739,Unknown Device,0,0,12,0,"[0, 48, 2, 0, 0, 0, 0, 255]"
67.359984,Unknown Device,0,0,12,0,"[0, 48, 4, 0, 0, 0, 0, 255]"
67.36013,Unknown Device,0,0,12,0,"[0, 48, 2, 0, 0, 0, 0, 255]"
67.360312,Unknown Device,0,0,12,0,"[0, 48, 2, 0, 0, 0, 0, 255]"
67.360534,Unknown Device,0,0,12,0,"[0, 48, 4, 0, 0, 0, 0, 255]"
67.360737,Unknown Device,0,0,12,0,"[0, 48, 4, 0, 0, 0, 0, 255]"
67.360962,Unknown Device,0,0,12,0,"[0, 48, 4, 0, 0, 0, 0, 255]"
67.361255,Unknown Device,0,0,12,0,"[0, 48, 4, 0, 0, 0, 0, 255]"
67.361322,Unknown Device,0,0,12,0,"[0, 48, 2, 0, 0, 0, 0, 255]"
67.361537,Unknown Device,0,0,12,0,"[0, 48, 2, 0, 0, 0, 0, 255]"
67.361726,Unknown Device,0,0,12,0,"[0, 48, 2, 0, 0, 0, 0, 255]"
67.361937,Unknown Device,0,0,12,0,"[0, 48, 2, 0, 0, 0, 0, 255]"
67.362118,Unknown Device,0,0,12,0,"[0, 48, 2, 0, 0, 0, 0, 255]"
67.362531,Unknown Device,0,0,12,0,"[0, 48, 4, 0, 0, 0, 0, 255]"
67.36256,Unknown Device,0,0,12,0,"[0, 48, 2, 0, 0, 0, 0, 255]"
67.362756,Unknown Device,0,0,12,0,"[0, 48, 2, 0, 0, 0, 0, 255]"
67.36331,Unknown Device,0,0,12,0,"[0, 48, 4, 0, 0, 0, 0, 255]"
67.36343,Unknown Device,0,0,12,0,"[0, 48, 2, 0, 0, 0, 0, 255]"
67.363445,Unknown Device,0,0,12,0,"[0, 48, 2, 0, 0, 0, 0, 255]"
67.363784,Unknown Device,0,0,12,0,"[0, 48, 4, 0, 0, 0, 0, 255]"
67.363835,Unknown Device,0,0,12,0,"[0, 48, 2, 0, 0, 0, 0, 255]"
67.364114,Unknown Device,0,0,12,0,"[0, 48, 4, 0, 0, 0, 0, 255]"
67.364246,Unknown Device,0,0,12,0,"[0, 48, 2, 0, 0, 0, 0, 255]"
67.364551,Unknown Device,0,0,12,0,"[0, 48, 2, 0, 0, 0, 0, 255]"
67.364661,Unknown Device,0,0,12,0,"[0, 48, 2, 0, 0, 0, 0, 255]"
67.364835,Unknown Device,0,0,12,0,"[0, 48, 2, 0, 0, 0, 0, 255]"
67.365046,Unknown Device,0,0,12,0,"[0, 48, 2, 0, 0, 0, 0, 255]"
67.365228,Unknown Device,0,0,12,0,"[0, 48, 2, 0, 0, 0, 0, 255]"
67.366142,Unknown Device,0,0,12,0,"[0, 48, 2, 0, 0, 0, 0, 255]"
67.36649,Unknown Device,0,0,12,0,"[0, 48, 4, 0, 0, 0, 0, 255]"
67.366513,Unknown Device,0,0,12,0,"[0, 48, 2, 0, 0, 0, 0, 255]"
67.366542,Unknown Device,0,0,12,0,"[0, 48, 2, 0, 0, 0, 0, 255]"
67.366858,Unknown Device,0,0,12,0,"[0, 48, 4, 0, 0, 0, 0, 255]"
67.366901,Unknown Device,0,0,12,0,"[0, 48, 2, 0, 0, 0, 0, 255]"
67.367552,Unknown Device,0,0,12,0,"[0, 48, 2, 0, 0, 0, 0, 255]"
67.367567,Unknown Device,0,0,12,0,"[0, 48, 2, 0, 0, 0, 0, 255]"
67.368233,Unknown Device,0,0,12,0,"[0, 48, 4, 0, 0, 0, 0, 255]"
67.368248,Unknown Device,0,0,12,0,"[0, 48, 2, 0, 0, 0, 0, 255]"
67.368397,Unknown Device,0,0,12,0,"[0, 48, 4, 0, 0, 0, 0, 255]"
67.368426,Unknown Device,0,0,12,0,"[0, 48, 2, 0, 0, 0, 0, 255]"
67.368455,Unknown Device,0,0,12,0,"[0, 48, 2, 0, 0, 0, 0, 255]"
67.368516,Unknown Device,0,0,12,0,"[0, 48, 2, 0, 0, 0, 0, 255]"
67.368581,Unknown Device,0,0,12,0,"[0, 48, 2, 0, 0, 0, 0, 255]"
67.368624,Unknown Device,0,0,12,0,"[0, 48, 2, 0, 0, 0, 0, 255]"
67.368806,Unknown Device,0,0,12,0,"[0, 48, 2, 0, 0, 0, 0, 255]"
67.369127,Unknown Device,0,0,12,0,"[0, 48, 2, 0, 0, 0, 0, 255]"
67.369688,Unknown Device,0,0,12,0,"[0, 48, 4, 0, 0, 0, 0, 255]"
67.370834,Unknown Device,0,0,12,0,"[0, 48, 4, 0, 0, 0, 0, 255]"
67.371143,Unknown Device,0,0,12,0,"[0, 48, 4, 0, 0, 0, 0, 255]"
67.371158,Unknown Device,0,0,12,0,"[0, 48, 2, 0, 0, 0, 0, 255]"
67.371243,Unknown Device,0,0,12,0,"[0, 48, 4, 0, 0, 0, 0, 255]"
67.371273,Unknown Device,0,0,12,0,"[0, 48, 2, 0, 0, 0, 0, 255]"
67.371288,Unknown Device,0,0,12,0,"[0, 48, 2, 0, 0, 0, 0, 255]"
67.371339,Unknown Device,0,0,12,0,"[0, 48, 2, 0, 0, 0, 0, 255]"
67.371382,Unknown Device,0,0,12,0,"[0, 48, 2, 0, 0, 0, 0, 255]"
67.371535,Unknown Device,0,0,12,0,"[0, 48, 2, 0, 0, 0, 0, 255]"
67.371564,Unknown Device,0,0,12,0,"[0, 48, 2, 0, 0, 0, 0, 255]"
67.371593,Unknown Device,0,0,12,0,"[0, 48, 2, 0, 0, 0, 0, 255]"
67.371753,Unknown Device,0,0,12,0,"[0, 48, 2, 0, 0, 0, 0, 255]"
67.371964,Unknown Device,0,0,12,0,"[0, 48, 2, 0, 0, 0, 0, 255]"
67.372189,Unknown Device,0,0,12,0,"[0, 48, 2, 0, 0, 0, 0, 255]"
67.372607,Unknown Device,0,0,12,0,"[0, 48, 4, 0, 0, 0, 0, 255]"
67.372659,Unknown Device,0,0,12,0,"[0, 48, 2, 0, 0, 0, 0, 255]"
67.372891,Unknown Device,0,0,12,0,"[0, 48, 2, 0, 0, 0, 0, 255]"
67.373212,Unknown Device,0,0,12,0,"[0, 48, 2, 0, 0, 0, 0, 255]"
67.373405,Unknown Device,0,0,12,0,"[0, 48, 4, 0, 0, 0, 0, 255]"
67.373533,Unknown Device,0,0,12,0,"[0, 48, 2, 0, 0, 0, 0, 255]"
67.373758,Unknown Device,0,0,12,0,"[0, 48, 4, 0, 0, 0, 0, 255]"
67.374019,Unknown Device,0,0,12,0,"[0, 48, 4, 0, 0, 0, 0, 255]"
67.374215,Unknown Device,0,0,12,0,"[0, 48, 2, 0, 0, 0, 0, 255]"
67.374591,Unknown Device,0,0,12,0,"[0, 48, 4, 0, 0, 0, 0, 255]"
67.374619,Unknown Device,0,0,12,0,"[0, 48, 2, 0, 0, 0, 0, 255]"
67.374787,Unknown Device,0,0,12,0,"[0, 48, 2, 0, 0, 0, 0, 255]"
67.375019,Unknown Device,0,0,12,0,"[0, 48, 2, 0, 0, 0, 0, 255]"
67.375201,Unknown Device,0,0,12,0,"[0, 48, 2, 0, 0, 0, 0, 255]"
67.376163,Unknown Device,0,0,12,0,"[0, 48, 2, 0, 0, 0, 0, 255]"
67.376534,Unknown Device,0,0,12,0,"[0, 48, 4, 0, 0, 0, 0, 255]"
67.376563,Unknown Device,0,0,12,0,"[0, 48, 2, 0, 0, 0, 0, 255]"
67.376578,Unknown Device,0,0,12,0,"[0, 48, 2, 0, 0, 0, 0, 255]"
67.376726,Unknown Device,0,0,12,0,"[0, 48, 4, 0, 0, 0, 0, 255]"
67.376755,Unknown Device,0,0,12,0,"[0, 48, 2, 0, 0, 0, 0, 255]"
67.37677,Unknown Device,0,0,12,0,"[0, 48, 2, 0, 0, 0, 0, 255]"
67.377515,Unknown Device,0,0,12,0,"[0, 48, 4, 0, 0, 0, 0, 255]"
67.377544,Unknown Device,0,0,12,0,"[0, 48, 2, 0, 0, 0, 0, 255]"
67.377665,Unknown Device,0,0,12,0,"[0, 48, 4, 0, 0, 0, 0, 255]"
67.377694,Unknown Device,0,0,12,0,"[0, 48, 2, 0, 0, 0, 0, 255]"
67.377803,Unknown Device,0,0,12,0,"[0, 48, 2, 0, 0, 0, 0, 255]"
67.37837,Unknown Device,0,0,12,0,"[0, 48, 4, 0, 0, 0, 0, 255]"
67.378398,Unknown Device,0,0,12,0,"[0, 48, 2, 0, 0, 0, 0, 255]"
67.378443,Unknown Device,0,0,12,0,"[0, 48, 2, 0, 0, 0, 0, 255]"
67.378636,Unknown Device,0,0,12,0,"[0, 48, 2, 0, 0, 0, 0, 255]"
67.378847,Unknown Device,0,0,12,0,"[0, 48, 2, 0, 0, 0, 0, 255]"
67.379114,Unknown Device,0,0,12,0,"[0, 48, 4, 0, 0, 0, 0, 255]"
67.379303,Unknown Device,0,0,12,0,"[0, 48, 2, 0, 0, 0, 0, 255]"
67.379722,Unknown Device,0,0,12,0,"[0, 48, 2, 0, 0, 0, 0, 255]"
67.379737,Unknown Device,0,0,12,0,"[0, 48, 2, 0, 0, 0, 0, 255]"
67.379989,Unknown Device,0,0,12,0,"[0, 48, 4, 0, 0, 0, 0, 255]"
67.380112,Unknown Device,0,0,12,0,"[0, 48, 2, 0, 0, 0, 0, 255]"
67.380367,Unknown Device,0,0,12,0,"[0, 48, 4, 0, 0, 0, 0, 255]"
67.380797,Unknown Device,0,0,12,0,"[0, 48, 4, 0, 0, 0, 0, 255]"
67.381148,Unknown Device,0,0,12,0,"[0, 48, 2, 0, 0, 0, 0, 255]"
67.381163,Unknown Device,0,0,12,0,"[0, 48, 2, 0, 0, 0, 0, 255]"
67.38122,Unknown Device,0,0,12,0,"[0, 48, 2, 0, 0, 0, 0, 255]"
67.381331,Unknown Device,0,0,12,0,"[0, 48, 2, 0, 0, 0, 0, 255]"
67.381567,Unknown Device,0,0,12,0,"[0, 48, 4, 0, 0, 0, 0, 255]"
67.381749,Unknown Device,0,0,12,0,"[0, 48, 2, 0, 0, 0, 0, 255]"
67.381952,Unknown Device,0,0,12,0,"[0, 48, 2, 0, 0, 0, 0, 255]"
67.382177,Unknown Device,0,0,12,0,"[0, 48, 2, 0, 0, 0, 0, 255]"
67.38263,Unknown Device,0,0,12,0,"[0, 48, 2, 0, 0, 0, 0, 255]"
67.382645,Unknown Device,0,0,12,0,"[0, 48, 2, 0, 0, 0, 0, 255]"
67.382784,Unknown Device,0,0,12,0,"[0, 48, 4, 0, 0, 0, 0, 255]"
67.382987,Unknown Device,0,0,12,0,"[0, 48, 2, 0, 0, 0, 0, 255]"
67.383212,Unknown Device,0,0,12,0,"[0, 48, 2, 0, 0, 0, 0, 255]"
67.383452,Unknown Device,0,0,12,0,"[0, 48, 2, 0, 0, 0, 0, 255]"
67.383646,Unknown Device,0,0,12,0,"[0, 48, 2, 0, 0, 0, 0, 255]"
67.384045,Unknown Device,0,0,12,0,"[0, 48, 4, 0, 0, 0, 0, 255]"
67.38406,Unknown Device,0,0,12,0,"[0, 48, 2, 0, 0, 0, 0, 255]"
67.384271,Unknown Device,0,0,12,0,"[0, 48, 2, 0, 0, 0, 0, 255]"
67.384534,Unknown Device,0,0,12,0,"[0, 48, 4, 0, 0, 0, 0, 255]"
67.384629,Unknown Device,0,0,12,0,"[0, 48, 2, 0, 0, 0, 0, 255]"
67.384839,Unknown Device,0,0,12,0,"[0, 48, 2, 0, 0, 0, 0, 255]"
67.385021,Unknown Device,0,0,12,0,"[0, 48, 4, 0, 0, 0, 0, 255]"
67.385239,Unknown Device,0,0,12,0,"[0, 48, 2, 0, 0, 0, 0, 255]"
67.386132,Unknown Device,0,0,12,0,"[0, 48, 2, 0, 0, 0, 0, 255]"
67.386622,Unknown Device,0,0,12,0,"[0, 48, 2, 0, 0, 0, 0, 255]"
67.386818,Unknown Device,0,0,12,0,"[0, 48, 2, 0, 0, 0, 0, 255]"
67.386855,Unknown Device,0,0,12,0,"[0, 48, 2, 0, 0, 0, 0, 255]"
67.387553,Unknown Device,0,0,12,0,"[0, 48, 4, 0, 0, 0, 0, 255]"
67.387582,Unknown Device,0,0,12,0,"[0, 48, 2, 0, 0, 0, 0, 255]"
67.387598,Unknown Device,0,0,12,0,"[0, 48, 2, 0, 0, 0, 0, 255]"
67.387613,Unknown Device,0,0,12,0,"[0, 48, 2, 0, 0, 0, 0, 255]"
67.387664,Unknown Device,0,0,12,0,"[0, 48, 2, 0, 0, 0, 0, 255]"
67.387693,Unknown Device,0,0,12,0,"[0, 48, 2, 0, 0, 0, 0, 255]"
67.387708,Unknown Device,0,0,12,0,"[0, 48, 2, 0, 0, 0, 0, 255]"
67.388297,Unknown Device,0,0,12,0,"[0, 48, 2, 0, 0, 0, 0, 255]"
67.38839,Unknown Device,0,0,12,0,"[0, 48, 4, 0, 0, 0, 0, 255]"
67.388405,Unknown Device,0,0,12,0,"[0, 48, 2, 0, 0, 0, 0, 255]"
67.388448,Unknown Device,0,0,12,0,"[0, 48, 2, 0, 0, 0, 0, 255]"
67.38859,Unknown Device,0,0,12,0,"[0, 48, 2, 0, 0, 0, 0, 255]"
67.388765,Unknown Device,0,0,12,0,"[0, 48, 2, 0, 0, 0, 0, 255]"
67.389101,Unknown Device,0,0,12,0,"[0, 48, 2, 0, 0, 0, 0, 255]"
67.389259,Unknown Device,0,0,4,0,"[0, 76, 0, 0, 0, 0, 0, 126]"
67.389397,Unknown,Unknown,Unknown,Unknown,997,"[35, 67, 45, 48, 50, 49, 50, 57]"
67.3897,Unknown Device,0,0,4,0,"[0, 48, 0, 0, 0, 0, 0, 255]"
67.389846,Unknown Device,0,0,12,0,"[0, 48, 2, 0, 0, 0, 0, 255]"
67.390067,Unknown Device,0,0,12,0,"[0, 48, 2, 0, 0, 0, 0, 255]"
67.390304,Unknown Device,0,0,12,0,"[0, 48, 4, 0, 0, 0, 0, 255]"
67.391016,Unknown Device,0,0,12,0,"[0, 48, 4, 0, 0, 0, 0, 255]"
67.391172,Unknown Device,0,0,12,0,"[0, 48, 2, 0, 0, 0, 0, 255]"
67.391251,Unknown Device,0,0,12,0,"[0, 48, 2, 0, 0, 0, 0, 255]"
67.391266,Unknown Device,0,0,12,0,"[0, 48, 2, 0, 0, 0, 0, 255]"
67.391415,Unknown Device,0,0,12,0,"[0, 48, 2, 0, 0, 0, 0, 255]"
67.391633,Unknown Device,0,0,12,0,"[0, 48, 2, 0, 0, 0, 0, 255]"
67.391824,Unknown Device,0,0,12,0,"[0, 48, 4, 0, 0, 0, 0, 255]"
67.392075,Unknown Device,0,0,12,0,"[0, 48, 2, 0, 0, 0, 0, 255]"
67.392653,Unknown Device,0,0,12,0,"[0, 48, 2, 0, 0, 0, 0, 255]"
67.392794,Unknown Device,0,0,12,0,"[0, 48, 4, 0, 0, 0, 0, 255]"
67.392823,Unknown Device,0,0,12,0,"[0, 48, 2, 0, 0, 0, 0, 255]"
67.393103,Unknown Device,0,0,12,0,"[0, 48, 4, 0, 0, 0, 0, 255]"
67.393169,Unknown Device,0,0,12,0,"[0, 48, 2, 0, 0, 0, 0, 255]"
67.393461,Unknown Device,0,0,12,0,"[0, 48, 4, 0, 0, 0, 0, 255]"
67.393612,Unknown Device,0,0,12,0,"[0, 48, 2, 0, 0, 0, 0, 255]"
67.39384,Unknown Device,0,0,12,0,"[0, 48, 4, 0, 0, 0, 0, 255]"
67.394046,Unknown Device,0,0,12,0,"[0, 48, 2, 0, 0, 0, 0, 255]"
67.39424,Unknown,Unknown,Unknown,Unknown,997,"[36, 0, 0, 0, 0, 0, 0, 0]"
67.394416,Unknown Device,0,0,12,0,"[0, 48, 4, 0, 0, 0, 0, 255]"
67.394597,Unknown Device,0,0,12,0,"[0, 48, 2, 0, 0, 0, 0, 255]"
67.394804,Unknown Device,0,0,12,0,"[0, 48, 2, 0, 0, 0, 0, 255]"
67.394995,Unknown Device,0,0,12,0,"[0, 48, 4, 0, 0, 0, 0, 255]"
67.395209,Unknown Device,0,0,12,0,"[0, 48, 2, 0, 0, 0, 0, 255]"
67.396089,Unknown Device,0,0,12,0,"[0, 48, 2, 0, 0, 0, 0, 255]"
67.396533,Unknown Device,0,0,12,0,"[0, 48, 2, 0, 0, 0, 0, 255]"
67.396548,Unknown Device,0,0,12,0,"[0, 48, 2, 0, 0, 0, 0, 255]"
67.396838,Unknown Device,0,0,12,0,"[0, 48, 2, 0, 0, 0, 0, 255]"
67.396854,Unknown Device,0,0,12,0,"[0, 48, 2, 0, 0, 0, 0, 255]"
67.396869,Unknown Device,0,0,12,0,"[0, 48, 2, 0, 0, 0, 0, 255]"
67.397531,Unknown Device,0,0,12,0,"[0, 48, 2, 0, 0, 0, 0, 255]"
67.397546,Unknown Device,0,0,12,0,"[0, 48, 2, 0, 0, 0, 0, 255]"
67.397584,Unknown Device,0,0,12,0,"[0, 48, 2, 0, 0, 0, 0, 255]"
67.397725,Unknown Device,0,0,12,0,"[0, 48, 2, 0, 0, 0, 0, 255]"
67.398405,Unknown Device,0,0,12,0,"[0, 48, 4, 0, 0, 0, 0, 255]"
67.39842,Unknown Device,0,0,12,0,"[0, 48, 2, 0, 0, 0, 0, 255]"
67.398436,Unknown Device,0,0,12,0,"[0, 48, 2, 0, 0, 0, 0, 255]"
67.398511,Unknown Device,0,0,12,0,"[0, 48, 2, 0, 0, 0, 0, 255]"
67.398548,Unknown Device,0,0,12,0,"[0, 48, 2, 0, 0, 0, 0, 255]"
67.398564,Unknown Device,0,0,12,0,"[0, 48, 2, 0, 0, 0, 0, 255]"
67.398726,Unknown Device,0,0,12,0,"[0, 48, 2, 0, 0, 0, 0, 255]"
67.399109,Unknown Device,0,0,12,0,"[0, 48, 4, 0, 0, 0, 0, 255]"
67.399138,Unknown Device,0,0,12,0,"[0, 48, 2, 0, 0, 0, 0, 255]"
67.399338,Unknown Device,0,0,12,0,"[0, 48, 2, 0, 0, 0, 0, 255]"
67.399746,Unknown Device,0,0,12,0,"[0, 48, 2, 0, 0, 0, 0, 255]"
67.399775,Unknown Device,0,0,12,0,"[0, 48, 2, 0, 0, 0, 0, 255]"
67.400045,Unknown Device,0,0,12,0,"[0, 48, 4, 0, 0, 0, 0, 255]"
67.400207,Unknown Device,0,0,12,0,"[0, 48, 4, 0, 0, 0, 0, 255]"
67.401172,Unknown Device,0,0,12,0,"[0, 48, 2, 0, 0, 0, 0, 255]"
67.401252,Unknown Device,0,0,12,0,"[0, 48, 2, 0, 0, 0, 0, 255]"
67.401282,Unknown Device,0,0,12,0,"[0, 48, 2, 0, 0, 0, 0, 255]"
67.401548,Unknown Device,0,0,12,0,"[0, 48, 4, 0, 0, 0, 0, 255]"
67.401585,Unknown Device,0,0,12,0,"[0, 48, 2, 0, 0, 0, 0, 255]"
67.401614,Unknown Device,0,0,12,0,"[0, 48, 2, 0, 0, 0, 0, 255]"
67.401904,Unknown Device,0,0,12,0,"[0, 48, 4, 0, 0, 0, 0, 255]"
67.401919,Unknown Device,0,0,12,0,"[0, 48, 2, 0, 0, 0, 0, 255]"
67.402008,Unknown Device,0,0,12,0,"[0, 48, 2, 0, 0, 0, 0, 255]"
67.402329,Unknown Device,0,0,12,0,"[0, 48, 4, 0, 0, 0, 0, 255]"
67.402425,Unknown Device,0,0,12,0,"[0, 48, 4, 0, 0, 0, 0, 255]"
67.402643,Unknown Device,0,0,12,0,"[0, 48, 2, 0, 0, 0, 0, 255]"
67.402879,Unknown Device,0,0,12,0,"[0, 48, 2, 0, 0, 0, 0, 255]"
67.403085,Unknown Device,0,0,12,0,"[0, 48, 4, 0, 0, 0, 0, 255]"
67.403335,Unknown Device,0,0,12,0,"[0, 48, 2, 0, 0, 0, 0, 255]"
67.403538,Unknown Device,0,0,12,0,"[0, 48, 2, 0, 0, 0, 0, 255]"
67.403943,Unknown Device,0,0,12,0,"[0, 48, 2, 0, 0, 0, 0, 255]"
67.404,Unknown Device,0,0,12,0,"[0, 48, 2, 0, 0, 0, 0, 255]"
67.40414,Unknown Device,0,0,12,0,"[0, 48, 2, 0, 0, 0, 0, 255]"
67.404562,Unknown Device,0,0,12,0,"[0, 48, 2, 0, 0, 0, 0, 255]"
67.404591,Unknown Device,0,0,12,0,"[0, 48, 2, 0, 0, 0, 0, 255]"
67.404992,Unknown Device,0,0,12,0,"[0, 48, 4, 0, 0, 0, 0, 255]"
67.405007,Unknown Device,0,0,12,0,"[0, 48, 2, 0, 0, 0, 0, 255]"
67.405118,Unknown Device,0,0,12,0,"[0, 48, 2, 0, 0, 0, 0, 255]"
67.405355,Unknown Device,0,0,12,0,"[0, 48, 2, 0, 0, 0, 0, 255]"
67.406031,Unknown Device,0,0,12,0,"[0, 48, 4, 0, 0, 0, 0, 255]"
67.406061,Unknown Device,0,0,12,0,"[0, 48, 2, 0, 0, 0, 0, 255]"
67.406076,Unknown Device,0,0,12,0,"[0, 48, 2, 0, 0, 0, 0, 255]"
67.406579,Unknown Device,0,0,12,0,"[0, 48, 4, 0, 0, 0, 0, 255]"
67.406595,Unknown Device,0,0,12,0,"[0, 48, 2, 0, 0, 0, 0, 255]"
67.406632,Unknown Device,0,0,12,0,"[0, 48, 2, 0, 0, 0, 0, 255]"
67.406809,Unknown Device,0,0,12,0,"[0, 48, 4, 0, 0, 0, 0, 255]"
67.407023,Unknown Device,0,0,12,0,"[0, 48, 2, 0, 0, 0, 0, 255]"
67.407535,Unknown Device,0,0,12,0,"[0, 48, 4, 0, 0, 0, 0, 255]"
67.407551,Unknown Device,0,0,12,0,"[0, 48, 2, 0, 0, 0, 0, 255]"
67.407603,Unknown Device,0,0,12,0,"[0, 48, 2, 0, 0, 0, 0, 255]"
67.407824,Unknown Device,0,0,12,0,"[0, 48, 2, 0, 0, 0, 0, 255]"
67.408361,Unknown Device,0,0,12,0,"[0, 48, 4, 0, 0, 0, 0, 255]"
67.408426,Unknown Device,0,0,12,0,"[0, 48, 2, 0, 0, 0, 0, 255]"
67.408488,Unknown Device,0,0,12,0,"[0, 48, 4, 0, 0, 0, 0, 255]"
67.408642,Unknown Device,0,0,12,0,"[0, 48, 2, 0, 0, 0, 0, 255]"
67.408864,Unknown Device,0,0,12,0,"[0, 48, 2, 0, 0, 0, 0, 255]"
67.409118,Unknown Device,0,0,12,0,"[0, 48, 4, 0, 0, 0, 0, 255]"
67.409266,Unknown Device,0,0,12,0,"[0, 48, 2, 0, 0, 0, 0, 255]"
67.409542,Unknown,Unknown,Unknown,Unknown,997,"[39, 48, 45, 70, 82, 67, 45, 48]"
67.409731,Unknown Device,0,0,12,0,"[0, 48, 4, 0, 0, 0, 0, 255]"
67.409952,Unknown Device,0,0,12,0,"[0, 48, 2, 0, 0, 0, 0, 255]"
67.410181,Unknown Device,0,0,12,0,"[0, 48, 0, 8, 0, 0, 0, 255]"
67.410366,Unknown Device,0,0,12,0,"[0, 48, 4, 0, 0, 0, 0, 255]"
67.411104,Unknown Device,0,0,12,0,"[0, 48, 4, 0, 0, 0, 0, 255]"
67.411119,Unknown Device,0,0,12,0,"[0, 48, 2, 0, 0, 0, 0, 255]"
67.41124,Unknown Device,0,0,12,0,"[0, 48, 2, 0, 0, 0, 0, 255]"
67.411256,Unknown Device,0,0,12,0,"[0, 48, 2, 0, 0, 0, 0, 255]"
67.411626,Unknown Device,0,0,12,0,"[0, 48, 2, 0, 0, 0, 0, 255]"
67.411846,Unknown Device,0,0,12,0,"[0, 48, 2, 0, 0, 0, 0, 255]"
67.411861,Unknown Device,0,0,12,0,"[0, 48, 2, 0, 0, 0, 0, 255]"
67.412606,Unknown Device,0,0,12,0,"[0, 48, 2, 0, 0, 0, 0, 255]"
67.412622,Unknown Device,0,0,12,0,"[0, 48, 2, 0, 0, 0, 0, 255]"
67.412743,Unknown Device,0,0,12,0,"[0, 48, 2, 0, 0, 0, 0, 255]"
67.412758,Unknown Device,0,0,12,0,"[0, 48, 2, 0, 0, 0, 0, 255]"
67.413063,Unknown Device,0,0,12,0,"[0, 48, 2, 0, 0, 0, 0, 255]"
67.41323,Unknown Device,0,0,12,0,"[0, 48, 4, 0, 0, 0, 0, 255]"
67.413371,Unknown Device,0,0,12,0,"[0, 48, 2, 0, 0, 0, 0, 255]"
67.413589,Unknown Device,0,0,12,0,"[0, 48, 2, 0, 0, 0, 0, 255]"
67.413817,Unknown Device,0,0,12,0,"[0, 48, 4, 0, 0, 0, 0, 255]"
67.413994,Unknown Device,0,0,12,0,"[0, 48, 4, 0, 0, 0, 0, 255]"
67.414215,Unknown Device,0,0,12,0,"[0, 48, 2, 0, 0, 0, 0, 255]"
67.414694,Unknown Device,0,0,12,0,"[0, 48, 2, 0, 0, 0, 0, 255]"
67.414723,Unknown Device,0,0,12,0,"[0, 48, 2, 0, 0, 0, 0, 255]"
67.414863,Unknown Device,0,0,12,0,"[0, 48, 2, 0, 0, 0, 0, 255]"
67.415092,Unknown Device,0,0,12,0,"[0, 48, 2, 0, 0, 0, 0, 255]"
67.415336,Unknown Device,0,0,12,0,"[0, 48, 2, 0, 0, 0, 0, 255]"
67.416089,Unknown Device,0,0,12,0,"[0, 48, 4, 0, 0, 0, 0, 255]"
67.416126,Unknown Device,0,0,12,0,"[0, 48, 2, 0, 0, 0, 0, 255]"
67.416155,Unknown Device,0,0,12,0,"[0, 48, 2, 0, 0, 0, 0, 255]"
67.416492,Unknown Device,0,0,12,0,"[0, 48, 4, 0, 0, 0, 0, 255]"
67.416846,Unknown Device,0,0,12,0,"[0, 48, 4, 0, 0, 0, 0, 255]"
67.416862,Unknown Device,0,0,12,0,"[0, 48, 2, 0, 0, 0, 0, 255]"
67.417538,Unknown Device,0,0,12,0,"[0, 48, 2, 0, 0, 0, 0, 255]"
67.417581,Unknown Device,0,0,12,0,"[0, 48, 2, 0, 0, 0, 0, 255]"
67.417653,Unknown Device,0,0,12,0,"[0, 48, 2, 0, 0, 0, 0, 255]"
67.417668,Unknown Device,0,0,12,0,"[0, 48, 2, 0, 0, 0, 0, 255]"
67.418263,Unknown Device,0,0,12,0,"[0, 48, 4, 0, 0, 0, 0, 255]"
67.418279,Unknown Device,0,0,12,0,"[0, 48, 2, 0, 0, 0, 0, 255]"
67.418401,Unknown Device,0,0,12,0,"[0, 48, 2, 0, 0, 0, 0, 255]"
67.418416,Unknown Device,0,0,12,0,"[0, 48, 2, 0, 0, 0, 0, 255]"
67.418538,Unknown Device,0,0,12,0,"[0, 48, 2, 0, 0, 0, 0, 255]"
67.41873,Unknown Device,0,0,12,0,"[0, 48, 2, 0, 0, 0, 0, 255]"
67.419177,Unknown Device,0,0,12,0,"[0, 48, 4, 0, 0, 0, 0, 255]"
67.419192,Unknown Device,0,0,12,0,"[0, 48, 2, 0, 0, 0, 0, 255]"
67.419354,Unknown Device,0,0,12,0,"[0, 48, 2, 0, 0, 0, 0, 255]"
67.419744,Unknown Device,0,0,12,0,"[0, 48, 2, 0, 0, 0, 0, 255]"
67.420848,Unknown Device,0,0,12,0,"[0, 48, 4, 0, 0, 0, 0, 255]"
67.42115,Unknown Device,0,0,12,0,"[0, 48, 2, 0, 0, 0, 0, 255]"
67.421229,Unknown Device,0,0,12,0,"[0, 48, 2, 0, 0, 0, 0, 255]"
67.421244,Unknown Device,0,0,12,0,"[0, 48, 2, 0, 0, 0, 0, 255]"
67.421421,Unknown Device,0,0,4,0,"[0, 76, 0, 0, 0, 0, 0, 126]"
67.421438,Unknown,Unknown,Unknown,Unknown,997,"[16, 34, 5, 15, 188, 106, 136, 71]"
67.421597,Unknown Device,0,0,12,0,"[0, 12, 4, 0, 0, 0, 0, 127]"
67.421634,Unknown Device,0,0,4,0,"[0, 48, 0, 0, 0, 0, 0, 255]"
67.421676,Unknown Device,0,0,12,0,"[0, 48, 4, 0, 0, 0, 0, 255]"
67.421691,Unknown Device,0,0,12,0,"[0, 48, 2, 0, 0, 0, 0, 255]"
67.421815,Unknown Device,0,0,12,0,"[0, 48, 2, 0, 0, 0, 0, 255]"
67.422026,Unknown Device,0,0,12,0,"[0, 48, 2, 0, 0, 0, 0, 255]"
67.422519,Unknown Device,0,0,12,0,"[0, 48, 4, 0, 0, 0, 0, 255]"
67.422585,Unknown Device,0,0,12,0,"[0, 48, 2, 0, 0, 0, 0, 255]"
67.422613,Unknown Device,0,0,12,0,"[0, 48, 2, 0, 0, 0, 0, 255]"
67.422824,Unknown Device,0,0,12,0,"[0, 48, 2, 0, 0, 0, 0, 255]"
67.423363,Unknown Device,0,0,12,0,"[0, 48, 4, 0, 0, 0, 0, 255]"
67.423405,Unknown Device,0,0,12,0,"[0, 48, 2, 0, 0, 0, 0, 255]"
67.423799,Unknown Device,0,0,12,0,"[0, 48, 4, 0, 0, 0, 0, 255]"
67.42387,Unknown Device,0,0,12,0,"[0, 48, 2, 0, 0, 0, 0, 255]"
67.423965,Unknown Device,0,0,12,0,"[0, 48, 2, 0, 0, 0, 0, 255]"
67.424161,Unknown Device,0,0,12,0,"[0, 48, 2, 0, 0, 0, 0, 255]"
67.424344,Unknown Device,0,0,12,0,"[0, 48, 2, 0, 0, 0, 0, 255]"
67.424566,Unknown Device,0,0,12,0,"[0, 48, 4, 0, 0, 0, 0, 255]"
67.424791,Unknown Device,0,0,12,0,"[0, 48, 2, 0, 0, 0, 0, 255]"
67.424973,Unknown Device,0,0,12,0,"[0, 48, 2, 0, 0, 0, 0, 255]"
67.425191,Unknown Device,0,0,12,0,"[0, 48, 2, 0, 0, 0, 0, 255]"
67.426098,Unknown Device,0,0,12,0,"[0, 48, 2, 0, 0, 0, 0, 255]"
67.426502,Unknown Device,0,0,12,0,"[0, 48, 4, 0, 0, 0, 0, 255]"
67.426539,Unknown Device,0,0,12,0,"[0, 48, 2, 0, 0, 0, 0, 255]"
67.426554,Unknown Device,0,0,12,0,"[0, 48, 2, 0, 0, 0, 0, 255]"
67.426772,Unknown Device,0,0,12,0,"[0, 48, 4, 0, 0, 0, 0, 255]"
67.42759,Unknown Device,0,0,12,0,"[0, 48, 4, 0, 0, 0, 0, 255]"
67.427605,Unknown Device,0,0,12,0,"[0, 48, 2, 0, 0, 0, 0, 255]"
67.427718,Unknown Device,0,0,12,0,"[0, 48, 4, 0, 0, 0, 0, 255]"
67.427733,Unknown Device,0,0,12,0,"[0, 48, 2, 0, 0, 0, 0, 255]"
67.427748,Unknown Device,0,0,12,0,"[0, 48, 2, 0, 0, 0, 0, 255]"
67.427763,Unknown Device,0,0,12,0,"[0, 48, 2, 0, 0, 0, 0, 255]"
67.428209,Unknown,Unknown,Unknown,Unknown,997,"[33, 88, 23, 229, 0, 0, 0, 0]"
67.428222,Unknown Device,0,0,4,0,"[0, 76, 0, 0, 0, 0, 0, 126]"
67.428294,Unknown Device,0,0,12,0,"[0, 12, 4, 0, 0, 0, 0, 127]"
67.428396,Unknown Device,0,0,12,0,"[0, 48, 4, 0, 0, 0, 0, 255]"
67.428618,Unknown Device,0,0,12,0,"[0, 48, 2, 0, 0, 0, 0, 255]"
67.42885,Unknown Device,0,0,12,0,"[0, 48, 2, 0, 0, 0, 0, 255]"
67.429145,Unknown Device,0,0,12,0,"[0, 48, 4, 0, 0, 0, 0, 255]"
67.429335,Unknown Device,0,0,12,0,"[0, 48, 2, 0, 0, 0, 0, 255]"
67.429695,Unknown Device,0,0,12,0,"[0, 48, 2, 0, 0, 0, 0, 255]"
67.430033,Unknown Device,0,0,12,0,"[0, 48, 2, 0, 0, 0, 0, 255]"
67.430168,Unknown Device,0,0,12,0,"[0, 48, 4, 0, 0, 0, 0, 255]"
67.431161,Unknown Device,0,0,12,0,"[0, 48, 4, 0, 0, 0, 0, 255]"
67.431176,Unknown Device,0,0,12,0,"[0, 48, 2, 0, 0, 0, 0, 255]"
67.431191,Unknown Device,0,0,12,0,"[0, 48, 2, 0, 0, 0, 0, 255]"
67.431248,Unknown Device,0,0,12,0,"[0, 48, 2, 0, 0, 0, 0, 255]"
67.431263,Unknown Device,0,0,12,0,"[0, 48, 2, 0, 0, 0, 0, 255]"
67.431279,Unknown Device,0,0,12,0,"[0, 48, 2, 0, 0, 0, 0, 255]"
67.431573,Unknown Device,0,0,12,0,"[0, 48, 2, 0, 0, 0, 0, 255]"
67.43161,Unknown Device,0,0,12,0,"[0, 48, 2, 0, 0, 0, 0, 255]"
67.431835,Unknown Device,0,0,12,0,"[0, 48, 2, 0, 0, 0, 0, 255]"
67.432191,Unknown Device,0,0,12,0,"[0, 48, 4, 0, 0, 0, 0, 255]"
67.432589,Unknown Device,0,0,12,0,"[0, 48, 2, 0, 0, 0, 0, 255]"
67.432604,Unknown Device,0,0,12,0,"[0, 48, 2, 0, 0, 0, 0, 255]"
67.432725,Unknown Device,0,0,12,0,"[0, 48, 4, 0, 0, 0, 0, 255]"
67.432885,Unknown Device,0,0,12,0,"[0, 48, 2, 0, 0, 0, 0, 255]"
67.43311,Unknown Device,0,0,12,0,"[0, 48, 2, 0, 0, 0, 0, 255]"
67.433343,Unknown,Unknown,Unknown,Unknown,997,"[34, 0, 0, 0, 0, 0, 165, 40]"
67.433542,Unknown Device,0,0,12,0,"[0, 48, 2, 0, 0, 0, 0, 255]"
67.43376,Unknown Device,0,0,12,0,"[0, 48, 2, 0, 0, 0, 0, 255]"
67.434089,Unknown Device,0,0,12,0,"[0, 48, 2, 0, 0, 0, 0, 255]"
67.434184,Unknown Device,0,0,12,0,"[0, 48, 2, 0, 0, 0, 0, 255]"
67.434367,Unknown Device,0,0,12,0,"[0, 48, 2, 0, 0, 0, 0, 255]"
67.434552,Unknown Device,0,0,12,0,"[0, 48, 2, 0, 0, 0, 0, 255]"
67.43477,Unknown Device,0,0,12,0,"[0, 48, 2, 0, 0, 0, 0, 255]"
67.434974,Unknown Device,0,0,12,0,"[0, 48, 4, 0, 0, 0, 0, 255]"
67.435155,Unknown Device,0,0,12,0,"[0, 48, 2, 0, 0, 0, 0, 255]"
67.435338,Unknown Device,0,0,12,0,"[0, 48, 2, 0, 0, 0, 0, 255]"
67.436183,Unknown Device,0,0,12,0,"[0, 48, 2, 0, 0, 0, 0, 255]"
67.436587,Unknown Device,0,0,12,0,"[0, 48, 2, 0, 0, 0, 0, 255]"
67.436603,Unknown Device,0,0,12,0,"[0, 48, 2, 0, 0, 0, 0, 255]"
67.436779,Unknown Device,0,0,12,0,"[0, 48, 4, 0, 0, 0, 0, 255]"
67.436794,Unknown Device,0,0,12,0,"[0, 48, 2, 0, 0, 0, 0, 255]"
67.436809,Unknown Device,0,0,12,0,"[0, 48, 2, 0, 0, 0, 0, 255]"
67.436883,Unknown Device,0,0,12,0,"[0, 48, 2, 0, 0, 0, 0, 255]"
67.437504,Unknown Device,0,0,12,0,"[0, 48, 4, 0, 0, 0, 0, 255]"
67.437541,Unknown Device,0,0,12,0,"[0, 48, 2, 0, 0, 0, 0, 255]"
67.437556,Unknown Device,0,0,12,0,"[0, 48, 2, 0, 0, 0, 0, 255]"
67.437759,Unknown Device,0,0,12,0,"[0, 48, 2, 0, 0, 0, 0, 255]"
67.438162,Unknown,Unknown,Unknown,Unknown,997,"[35, 215, 25, 37, 255, 162, 87, 253]"
67.438176,Unknown Device,0,0,4,0,"[0, 76, 0, 0, 0, 0, 0, 126]"
67.43841,Unknown Device,0,0,12,0,"[0, 12, 4, 0, 0, 0, 0, 127]"
67.438621,Unknown Device,0,0,12,0,"[0, 48, 2, 0, 0, 0, 0, 255]"
67.438812,Unknown Device,0,0,12,0,"[0, 48, 2, 0, 0, 0, 0, 255]"
67.439208,Unknown Device,0,0,12,0,"[0, 48, 2, 0, 0, 0, 0, 255]"
67.439674,Unknown Device,0,0,12,0,"[0, 48, 4, 0, 0, 0, 0, 255]"
67.439689,Unknown Device,0,0,12,0,"[0, 48, 2, 0, 0, 0, 0, 255]"
67.439704,Unknown Device,0,0,12,0,"[0, 48, 2, 0, 0, 0, 0, 255]"
67.440089,Unknown Device,0,0,12,0,"[0, 48, 2, 0, 0, 0, 0, 255]"
67.441133,Unknown Device,0,0,12,0,"[0, 48, 4, 0, 0, 0, 0, 255]"
67.441148,Unknown Device,0,0,12,0,"[0, 48, 2, 0, 0, 0, 0, 255]"
67.441241,Unknown Device,0,0,12,0,"[0, 48, 4, 0, 0, 0, 0, 255]"
67.44127,Unknown Device,0,0,12,0,"[0, 48, 2, 0, 0, 0, 0, 255]"
67.441593,Unknown Device,0,0,12,0,"[0, 48, 4, 0, 0, 0, 0, 255]"
67.441623,Unknown Device,0,0,12,0,"[0, 48, 2, 0, 0, 0, 0, 255]"
67.441638,Unknown Device,0,0,12,0,"[0, 48, 2, 0, 0, 0, 0, 255]"
67.441816,Unknown Device,0,0,12,0,"[0, 48, 2, 0, 0, 0, 0, 255]"
67.441831,Unknown Device,0,0,12,0,"[0, 48, 2, 0, 0, 0, 0, 255]"
67.441986,Unknown Device,0,0,12,0,"[0, 48, 2, 0, 0, 0, 0, 255]"
67.442586,Unknown Device,0,0,12,0,"[0, 48, 2, 0, 0, 0, 0, 255]"
67.442601,Unknown Device,0,0,12,0,"[0, 48, 2, 0, 0, 0, 0, 255]"
67.442704,Unknown Device,0,0,12,0,"[0, 48, 2, 0, 0, 0, 0, 255]"
67.442889,Unknown Device,0,0,12,0,"[0, 48, 2, 0, 0, 0, 0, 255]"
67.443095,Unknown Device,0,0,12,0,"[0, 48, 2, 0, 0, 0, 0, 255]"
67.44328,Unknown Device,0,0,12,0,"[0, 48, 2, 0, 0, 0, 0, 255]"
67.443542,Unknown Device,0,0,12,0,"[0, 48, 2, 0, 0, 0, 0, 255]"
67.443967,Unknown Device,0,0,12,0,"[0, 48, 4, 0, 0, 0, 0, 255]"
67.444066,Unknown Device,0,0,12,0,"[0, 48, 2, 0, 0, 0, 0, 255]"
67.444133,Unknown Device,0,0,12,0,"[0, 48, 2, 0, 0, 0, 0, 255]"
67.444548,Unknown Device,0,0,12,0,"[0, 48, 4, 0, 0, 0, 0, 255]"
67.444577,Unknown Device,0,0,12,0,"[0, 48, 2, 0, 0, 0, 0, 255]"
67.444783,Unknown Device,0,0,12,0,"[0, 48, 4, 0, 0, 0, 0, 255]"
67.44499,Unknown Device,0,0,12,0,"[0, 48, 4, 0, 0, 0, 0, 255]"
67.445166,Unknown Device,0,0,12,0,"[0, 48, 2, 0, 0, 0, 0, 255]"
67.445352,Unknown Device,0,0,12,0,"[0, 48, 4, 0, 0, 0, 0, 255]"
67.445584,Unknown Device,0,0,12,0,"[0, 48, 4, 0, 0, 0, 0, 255]"
67.445887,Unknown Device,0,0,4,0,"[0, 76, 0, 0, 0, 0, 0, 126]"
67.44597,Unknown,Unknown,Unknown,Unknown,997,"[6, 126, 2, 4, 252, 75, 21, 170]"
67.446173,Unknown Device,0,0,12,0,"[0, 12, 4, 0, 0, 0, 0, 127]"
67.446329,Unknown Device,0,0,12,0,"[0, 48, 4, 0, 0, 0, 0, 255]"
67.446555,Unknown Device,0,0,12,0,"[0, 48, 4, 0, 0, 0, 0, 255]"
67.446776,Unknown Device,0,0,12,0,"[0, 48, 2, 0, 0, 0, 0, 255]"
67.446953,Unknown Device,0,0,12,0,"[0, 48, 2, 0, 0, 0, 0, 255]"
67.447566,Unknown Device,0,0,12,0,"[0, 48, 4, 0, 0, 0, 0, 255]"
67.447581,Unknown Device,0,0,12,0,"[0, 48, 2, 0, 0, 0, 0, 255]"
67.44767,Unknown Device,0,0,12,0,"[0, 48, 2, 0, 0, 0, 0, 255]"
67.447876,Unknown Device,0,0,12,0,"[0, 48, 2, 0, 0, 0, 0, 255]"
67.448215,Unknown Device,0,0,12,0,"[0, 48, 4, 0, 0, 0, 0, 255]"
67.448282,Unknown Device,0,0,12,0,"[0, 48, 2, 0, 0, 0, 0, 255]"
67.448544,Unknown Device,0,0,12,0,"[0, 48, 2, 0, 0, 0, 0, 255]"
67.448766,Unknown Device,0,0,12,0,"[0, 48, 2, 0, 0, 0, 0, 255]"
67.44912,Unknown Device,0,0,12,0,"[0, 48, 4, 0, 0, 0, 0, 255]"
67.449157,Unknown Device,0,0,12,0,"[0, 48, 2, 0, 0, 0, 0, 255]"
67.449684,Unknown Device,0,0,12,0,"[0, 48, 2, 0, 0, 0, 0, 255]"
67.449699,Unknown Device,0,0,12,0,"[0, 48, 2, 0, 0, 0, 0, 255]"
67.449997,Unknown Device,0,0,12,0,"[0, 48, 4, 0, 0, 0, 0, 255]"
67.450352,Unknown Device,0,0,12,0,"[0, 48, 4, 0, 0, 0, 0, 255]"
67.451176,Unknown Device,0,0,12,0,"[0, 48, 2, 0, 0, 0, 0, 255]"
67.451247,Unknown Device,0,0,12,0,"[0, 48, 2, 0, 0, 0, 0, 255]"
67.451262,Unknown Device,0,0,12,0,"[0, 48, 2, 0, 0, 0, 0, 255]"
67.451279,Unknown Device,0,0,12,0,"[0, 48, 2, 0, 0, 0, 0, 255]"
67.451294,Unknown Device,0,0,12,0,"[0, 48, 2, 0, 0, 0, 0, 255]"
67.45156,Unknown Device,0,0,12,0,"[0, 48, 4, 0, 0, 0, 0, 255]"
67.451589,Unknown Device,0,0,12,0,"[0, 48, 2, 0, 0, 0, 0, 255]"
67.451626,Unknown Device,0,0,12,0,"[0, 48, 2, 0, 0, 0, 0, 255]"
67.451876,Unknown Device,0,0,12,0,"[0, 48, 2, 0, 0, 0, 0, 255]"
67.452023,Unknown Device,0,0,12,0,"[0, 48, 2, 0, 0, 0, 0, 255]"
67.452495,Unknown Device,0,0,4,0,"[0, 76, 0, 0, 0, 0, 0, 126]"
67.452549,Unknown,Unknown,Unknown,Unknown,997,"[16, 98, 240, 26, 1, 1, 0, 215]"
67.452746,Unknown Device,0,0,12,0,"[0, 48, 2, 0, 0, 0, 0, 255]"
67.45296,Unknown Device,0,0,12,0,"[0, 48, 2, 0, 0, 0, 0, 255]"
67.453181,Unknown Device,0,0,12,0,"[0, 48, 2, 0, 0, 0, 0, 255]"
67.453374,Unknown Device,0,0,12,0,"[0, 48, 2, 0, 0, 0, 0, 255]"
67.453592,Unknown Device,0,0,12,0,"[0, 48, 2, 0, 0, 0, 0, 255]"
67.454025,Unknown Device,0,0,12,0,"[0, 48, 4, 0, 0, 0, 0, 255]"
67.454054,Unknown Device,0,0,12,0,"[0, 48, 2, 0, 0, 0, 0, 255]"
67.45429,Unknown Device,0,0,12,0,"[0, 48, 4, 0, 0, 0, 0, 255]"
67.454573,Unknown Device,0,0,12,0,"[0, 48, 2, 0, 0, 0, 0, 255]"
67.45475,Unknown Device,0,0,12,0,"[0, 48, 2, 0, 0, 0, 0, 255]"
67.454964,Unknown Device,0,0,12,0,"[0, 48, 2, 0, 0, 0, 0, 255]"
67.455148,Unknown Device,0,0,12,0,"[0, 48, 2, 0, 0, 0, 0, 255]"
67.455326,Unknown Device,0,0,12,0,"[0, 48, 4, 0, 0, 0, 0, 255]"
67.455551,Unknown Device,0,0,12,0,"[0, 48, 4, 0, 0, 0, 0, 255]"
67.456245,Unknown Device,0,0,12,0,"[0, 48, 2, 0, 0, 0, 0, 255]"
67.456512,Unknown Device,0,0,12,0,"[0, 48, 4, 0, 0, 0, 0, 255]"
67.456527,Unknown Device,0,0,12,0,"[0, 48, 2, 0, 0, 0, 0, 255]"
67.456542,Unknown Device,0,0,12,0,"[0, 48, 2, 0, 0, 0, 0, 255]"
67.456646,Unknown Device,0,0,12,0,"[0, 48, 2, 0, 0, 0, 0, 255]"
67.456867,Unknown Device,0,0,12,0,"[0, 48, 2, 0, 0, 0, 0, 255]"
67.457564,Unknown Device,0,0,12,0,"[0, 48, 2, 0, 0, 0, 0, 255]"
67.457579,Unknown Device,0,0,12,0,"[0, 48, 2, 0, 0, 0, 0, 255]"
67.457701,Unknown Device,0,0,12,0,"[0, 48, 2, 0, 0, 0, 0, 255]"
67.457963,Unknown Device,0,0,12,0,"[0, 48, 4, 0, 0, 0, 0, 255]"
67.458402,Unknown Device,0,0,12,0,"[0, 48, 4, 0, 0, 0, 0, 255]"
67.458417,Unknown Device,0,0,12,0,"[0, 48, 2, 0, 0, 0, 0, 255]"
67.458432,Unknown Device,0,0,12,0,"[0, 48, 2, 0, 0, 0, 0, 255]"
67.458547,Unknown Device,0,0,12,0,"[0, 48, 2, 0, 0, 0, 0, 255]"
67.458761,Unknown Device,0,0,12,0,"[0, 48, 2, 0, 0, 0, 0, 255]"
67.459137,Unknown Device,0,0,12,0,"[0, 48, 4, 0, 0, 0, 0, 255]"
67.459248,Unknown Device,0,0,12,0,"[0, 48, 2, 0, 0, 0, 0, 255]"
67.459702,Unknown Device,0,0,12,0,"[0, 48, 2, 0, 0, 0, 0, 255]"
67.460268,Unknown Device,0,0,12,0,"[0, 48, 2, 0, 0, 0, 0, 255]"
67.460284,Unknown Device,0,0,12,0,"[0, 48, 2, 0, 0, 0, 0, 255]"
67.46042,Unknown Device,0,0,12,0,"[0, 48, 4, 0, 0, 0, 0, 255]"
67.460778,Unknown Device,0,0,12,0,"[0, 48, 4, 0, 0, 0, 0, 255]"
67.461138,Unknown Device,0,0,12,0,"[0, 48, 4, 0, 0, 0, 0, 255]"
67.461175,Unknown Device,0,0,12,0,"[0, 48, 2, 0, 0, 0, 0, 255]"
67.461276,Unknown Device,0,0,12,0,"[0, 48, 4, 0, 0, 0, 0, 255]"
67.461305,Unknown Device,0,0,12,0,"[0, 48, 2, 0, 0, 0, 0, 255]"
67.461386,Unknown Device,0,0,12,0,"[0, 48, 2, 0, 0, 0, 0, 255]"
67.46159,Unknown Device,0,0,12,0,"[0, 48, 4, 0, 0, 0, 0, 255]"
67.461789,Unknown Device,0,0,12,0,"[0, 48, 2, 0, 0, 0, 0, 255]"
67.462002,Unknown Device,0,0,12,0,"[0, 48, 2, 0, 0, 0, 0, 255]"
67.462552,Unknown Device,0,0,12,0,"[0, 48, 2, 0, 0, 0, 0, 255]"
67.462567,Unknown Device,0,0,12,0,"[0, 48, 2, 0, 0, 0, 0, 255]"
67.462642,Unknown Device,0,0,12,0,"[0, 48, 2, 0, 0, 0, 0, 255]"
67.462863,Unknown Device,0,0,12,0,"[0, 48, 2, 0, 0, 0, 0, 255]"
67.463089,Unknown Device,0,0,12,0,"[0, 48, 4, 0, 0, 0, 0, 255]"
67.463282,Unknown Device,0,0,12,0,"[0, 48, 2, 0, 0, 0, 0, 255]"
67.463466,Unknown Device,0,0,12,0,"[0, 48, 2, 0, 0, 0, 0, 255]"
67.463699,Unknown Device,0,0,4,0,"[0, 76, 0, 0, 0, 0, 0, 126]"
67.463896,Unknown,Unknown,Unknown,Unknown,997,"[33, 0, 0, 25, 1, 0, 20, 0]"
67.46413,Unknown Device,0,0,12,0,"[0, 48, 4, 0, 0, 0, 0, 255]"
67.464352,Unknown Device,0,0,12,0,"[0, 48, 2, 0, 0, 0, 0, 255]"
67.46457,Unknown Device,0,0,12,0,"[0, 48, 4, 0, 0, 0, 0, 255]"
67.464769,Unknown Device,0,0,12,0,"[0, 48, 2, 0, 0, 0, 0, 255]"
67.465025,Unknown Device,0,0,12,0,"[0, 48, 4, 0, 0, 0, 0, 255]"
67.465194,Unknown Device,0,0,12,0,"[0, 48, 2, 0, 0, 0, 0, 255]"
67.465402,Unknown Device,0,0,12,0,"[0, 48, 4, 0, 0, 0, 0, 255]"
67.465627,Unknown Device,0,0,12,0,"[0, 48, 4, 0, 0, 0, 0, 255]"
67.466207,Unknown Device,0,0,12,0,"[0, 48, 2, 0, 0, 0, 0, 255]"
67.466492,Unknown Device,0,0,12,0,"[0, 48, 4, 0, 0, 0, 0, 255]"
67.466525,Unknown Device,0,0,12,0,"[0, 48, 2, 0, 0, 0, 0, 255]"
67.46654,Unknown Device,0,0,12,0,"[0, 48, 2, 0, 0, 0, 0, 255]"
67.466849,Unknown Device,0,0,12,0,"[0, 48, 2, 0, 0, 0, 0, 255]"
67.466893,Unknown Device,0,0,12,0,"[0, 48, 2, 0, 0, 0, 0, 255]"
67.46758,Unknown Device,0,0,12,0,"[0, 48, 2, 0, 0, 0, 0, 255]"
67.467595,Unknown Device,0,0,12,0,"[0, 48, 2, 0, 0, 0, 0, 255]"
67.467638,Unknown Device,0,0,12,0,"[0, 48, 2, 0, 0, 0, 0, 255]"
67.467755,Unknown Device,0,0,12,0,"[0, 48, 2, 0, 0, 0, 0, 255]"
67.468401,Unknown Device,0,0,12,0,"[0, 48, 2, 0, 0, 0, 0, 255]"
67.468416,Unknown Device,0,0,12,0,"[0, 48, 2, 0, 0, 0, 0, 255]"
67.468431,Unknown Device,0,0,12,0,"[0, 48, 2, 0, 0, 0, 0, 255]"
67.468573,Unknown Device,0,0,12,0,"[0, 48, 2, 0, 0, 0, 0, 255]"
67.468798,Unknown Device,0,0,12,0,"[0, 48, 2, 0, 0, 0, 0, 255]"
67.469016,Unknown Device,0,0,12,0,"[0, 48, 2, 0, 0, 0, 0, 255]"
67.46927,Unknown Device,0,0,12,0,"[0, 48, 2, 0, 0, 0, 0, 255]"
67.46975,Unknown Device,0,0,12,0,"[0, 48, 2, 0, 0, 0, 0, 255]"
67.470024,Unknown Device,0,0,12,0,"[0, 48, 4, 0, 0, 0, 0, 255]"
67.470061,Unknown Device,0,0,12,0,"[0, 48, 2, 0, 0, 0, 0, 255]"
67.47028,Unknown Device,0,0,12,0,"[0, 48, 4, 0, 0, 0, 0, 255]"
67.471153,Unknown Device,0,0,12,0,"[0, 48, 4, 0, 0, 0, 0, 255]"
67.471181,Unknown Device,0,0,12,0,"[0, 48, 2, 0, 0, 0, 0, 255]"
67.471197,Unknown Device,0,0,12,0,"[0, 48, 2, 0, 0, 0, 0, 255]"
67.471262,Unknown Device,0,0,12,0,"[0, 48, 2, 0, 0, 0, 0, 255]"
67.471278,Unknown Device,0,0,12,0,"[0, 48, 2, 0, 0, 0, 0, 255]"
67.471293,Unknown Device,0,0,12,0,"[0, 48, 2, 0, 0, 0, 0, 255]"
67.471544,Unknown Device,0,0,12,0,"[0, 48, 2, 0, 0, 0, 0, 255]"
67.471852,Unknown Device,0,0,12,0,"[0, 48, 2, 0, 0, 0, 0, 255]"
67.471984,Unknown Device,0,0,12,0,"[0, 48, 2, 0, 0, 0, 0, 255]"
67.472557,Unknown Device,0,0,12,0,"[0, 48, 2, 0, 0, 0, 0, 255]"
67.472572,Unknown Device,0,0,12,0,"[0, 48, 2, 0, 0, 0, 0, 255]"
67.472701,Unknown Device,0,0,12,0,"[0, 48, 4, 0, 0, 0, 0, 255]"
67.472853,Unknown Device,0,0,12,0,"[0, 48, 2, 0, 0, 0, 0, 255]"
67.473035,Unknown Device,0,0,12,0,"[0, 48, 4, 0, 0, 0, 0, 255]"
67.473275,Unknown Device,0,0,12,0,"[0, 48, 4, 0, 0, 0, 0, 255]"
67.473457,Unknown Device,0,0,12,0,"[0, 48, 4, 0, 0, 0, 0, 255]"
67.473635,Unknown Device,0,0,12,0,"[0, 48, 2, 0, 0, 0, 0, 255]"
67.473861,Unknown Device,0,0,12,0,"[0, 48, 4, 0, 0, 0, 0, 255]"
67.474093,Unknown Device,0,0,12,0,"[0, 48, 4, 0, 0, 0, 0, 255]"
67.474326,Unknown Device,0,0,12,0,"[0, 48, 2, 0, 0, 0, 0, 255]"
67.474548,Unknown Device,0,0,12,0,"[0, 48, 4, 0, 0, 0, 0, 255]"
67.474737,Unknown Device,0,0,12,0,"[0, 48, 2, 0, 0, 0, 0, 255]"
67.47494,Unknown Device,0,0,12,0,"[0, 48, 2, 0, 0, 0, 0, 255]"
67.475151,Unknown Device,0,0,12,0,"[0, 48, 2, 0, 0, 0, 0, 255]"
67.475334,Unknown Device,0,0,12,0,"[0, 48, 2, 0, 0, 0, 0, 255]"
67.476052,Unknown Device,0,0,12,0,"[0, 48, 4, 0, 0, 0, 0, 255]"
67.476081,Unknown Device,0,0,12,0,"[0, 48, 2, 0, 0, 0, 0, 255]"
67.476118,Unknown Device,0,0,12,0,"[0, 48, 2, 0, 0, 0, 0, 255]"
67.476244,Unknown Device,0,0,12,0,"[0, 48, 4, 0, 0, 0, 0, 255]"
67.476354,Unknown Device,0,0,12,0,"[0, 48, 4, 0, 0, 0, 0, 255]"
67.476548,Unknown Device,0,0,12,0,"[0, 48, 4, 0, 0, 0, 0, 255]"
67.476751,Unknown Device,0,0,12,0,"[0, 48, 2, 0, 0, 0, 0, 255]"
67.476962,Unknown Device,0,0,12,0,"[0, 48, 2, 0, 0, 0, 0, 255]"
67.477194,Unknown Device,0,0,12,0,"[0, 48, 2, 0, 0, 0, 0, 255]"
67.47757,Unknown Device,0,0,12,0,"[0, 48, 4, 0, 0, 0, 0, 255]"
67.477598,Unknown Device,0,0,12,0,"[0, 48, 2, 0, 0, 0, 0, 255]"
67.477787,Unknown Device,0,0,12,0,"[0, 48, 2, 0, 0, 0, 0, 255]"
67.478419,Unknown Device,0,0,12,0,"[0, 48, 2, 0, 0, 0, 0, 255]"
67.478434,Unknown Device,0,0,12,0,"[0, 48, 2, 0, 0, 0, 0, 255]"
67.478449,Unknown Device,0,0,12,0,"[0, 48, 2, 0, 0, 0, 0, 255]"
67.478577,Unknown Device,0,0,12,0,"[0, 48, 2, 0, 0, 0, 0, 255]"
67.478817,Unknown Device,0,0,12,0,"[0, 48, 2, 0, 0, 0, 0, 255]"
67.479035,Unknown Device,0,0,12,0,"[0, 48, 2, 0, 0, 0, 0, 255]"
67.479267,Unknown Device,0,0,12,0,"[0, 48, 2, 0, 0, 0, 0, 255]"
67.479754,Unknown Device,0,0,12,0,"[0, 48, 2, 0, 0, 0, 0, 255]"
67.480042,Unknown Device,0,0,12,0,"[0, 48, 2, 0, 0, 0, 0, 255]"
67.480079,Unknown Device,0,0,12,0,"[0, 48, 2, 0, 0, 0, 0, 255]"
67.480312,Unknown Device,0,0,12,0,"[0, 48, 4, 0, 0, 0, 0, 255]"
67.481199,Unknown Device,0,0,12,0,"[0, 48, 2, 0, 0, 0, 0, 255]"
67.481214,Unknown Device,0,0,12,0,"[0, 48, 2, 0, 0, 0, 0, 255]"
67.481285,Unknown Device,0,0,12,0,"[0, 48, 2, 0, 0, 0, 0, 255]"
67.481508,Unknown Device,0,0,12,0,"[0, 48, 4, 0, 0, 0, 0, 255]"
67.481523,Unknown Device,0,0,12,0,"[0, 48, 2, 0, 0, 0, 0, 255]"
67.481552,Unknown Device,0,0,12,0,"[0, 48, 2, 0, 0, 0, 0, 255]"
67.48185,Unknown Device,0,0,12,0,"[0, 48, 2, 0, 0, 0, 0, 255]"
67.482548,Unknown Device,0,0,12,0,"[0, 48, 2, 0, 0, 0, 0, 255]"
67.482563,Unknown Device,0,0,12,0,"[0, 48, 2, 0, 0, 0, 0, 255]"
67.482592,Unknown Device,0,0,12,0,"[0, 48, 2, 0, 0, 0, 0, 255]"
67.482635,Unknown Device,0,0,12,0,"[0, 48, 2, 0, 0, 0, 0, 255]"
67.482766,Unknown Device,0,0,12,0,"[0, 48, 2, 0, 0, 0, 0, 255]"
67.483102,Unknown Device,0,0,12,0,"[0, 48, 4, 0, 0, 0, 0, 255]"
67.483176,Unknown Device,0,0,12,0,"[0, 48, 2, 0, 0, 0, 0, 255]"
67.483351,Unknown Device,0,0,12,0,"[0, 48, 2, 0, 0, 0, 0, 255]"
67.483573,Unknown Device,0,0,12,0,"[0, 48, 2, 0, 0, 0, 0, 255]"
67.483807,Unknown,Unknown,Unknown,Unknown,997,"[37, 97, 108, 111, 110, 32, 70, 88]"
67.484026,Unknown Device,0,0,4,0,"[0, 76, 0, 0, 0, 0, 0, 126]"
67.484217,Unknown Device,0,0,12,0,"[0, 48, 2, 0, 0, 0, 0, 255]"
67.484439,Unknown Device,0,0,12,0,"[0, 48, 2, 0, 0, 0, 0, 255]"
67.484679,Unknown Device,0,0,12,0,"[0, 48, 2, 0, 0, 0, 0, 255]"
67.484893,Unknown Device,0,0,12,0,"[0, 48, 2, 0, 0, 0, 0, 255]"
67.485136,Unknown Device,0,0,12,0,"[0, 48, 2, 0, 0, 0, 0, 255]"
67.485321,Unknown Device,0,0,12,0,"[0, 48, 2, 0, 0, 0, 0, 255]"
67.486068,Unknown Device,0,0,12,0,"[0, 48, 4, 0, 0, 0, 0, 255]"
67.486125,Unknown Device,0,0,12,0,"[0, 48, 2, 0, 0, 0, 0, 255]"
67.486577,Unknown Device,0,0,12,0,"[0, 48, 2, 0, 0, 0, 0, 255]"
67.486592,Unknown Device,0,0,12,0,"[0, 48, 2, 0, 0, 0, 0, 255]"
67.486784,Unknown Device,0,0,12,0,"[0, 48, 4, 0, 0, 0, 0, 255]"
67.48718,Unknown Device,0,0,12,0,"[0, 48, 4, 0, 0, 0, 0, 255]"
67.487457,Unknown Device,0,0,12,0,"[0, 48, 4, 0, 0, 0, 0, 255]"
67.487653,Unknown Device,0,0,12,0,"[0, 48, 4, 0, 0, 0, 0, 255]"
67.487682,Unknown Device,0,0,12,0,"[0, 48, 2, 0, 0, 0, 0, 255]"
67.487789,Unknown Device,0,0,12,0,"[0, 48, 4, 0, 0, 0, 0, 255]"
67.487805,Unknown Device,0,0,12,0,"[0, 48, 2, 0, 0, 0, 0, 255]"
67.48782,Unknown Device,0,0,12,0,"[0, 48, 2, 0, 0, 0, 0, 255]"
67.487953,Unknown Device,0,0,12,0,"[0, 48, 2, 0, 0, 0, 0, 255]"
67.488393,Unknown Device,0,0,12,0,"[0, 48, 4, 0, 0, 0, 0, 255]"
67.488408,Unknown Device,0,0,12,0,"[0, 48, 2, 0, 0, 0, 0, 255]"
67.488552,Unknown Device,0,0,12,0,"[0, 48, 2, 0, 0, 0, 0, 255]"
67.488759,Unknown Device,0,0,12,0,"[0, 48, 2, 0, 0, 0, 0, 255]"
67.48898,Unknown Device,0,0,12,0,"[0, 48, 4, 0, 0, 0, 0, 255]"
67.489194,Unknown Device,0,0,12,0,"[0, 48, 2, 0, 0, 0, 0, 255]"
67.489401,Unknown Device,0,0,12,0,"[0, 48, 2, 0, 0, 0, 0, 255]"
67.489817,Unknown Device,0,0,12,0,"[0, 48, 2, 0, 0, 0, 0, 255]"
67.489832,Unknown Device,0,0,12,0,"[0, 48, 2, 0, 0, 0, 0, 255]"
67.490053,Unknown Device,0,0,12,0,"[0, 48, 2, 0, 0, 0, 0, 255]"
67.490275,Unknown Device,0,0,12,0,"[0, 48, 2, 0, 0, 0, 0, 255]"
67.491124,Unknown Device,0,0,12,0,"[0, 48, 4, 0, 0, 0, 0, 255]"
67.491139,Unknown Device,0,0,12,0,"[0, 48, 2, 0, 0, 0, 0, 255]"
67.491154,Unknown Device,0,0,12,0,"[0, 48, 2, 0, 0, 0, 0, 255]"
67.491225,Unknown Device,0,0,12,0,"[0, 48, 2, 0, 0, 0, 0, 255]"
67.491344,Unknown Device,0,0,12,0,"[0, 48, 2, 0, 0, 0, 0, 255]"
67.491632,Unknown Device,0,0,12,0,"[0, 48, 4, 0, 0, 0, 0, 255]"
67.491772,Unknown Device,0,0,12,0,"[0, 48, 2, 0, 0, 0, 0, 255]"
67.491979,Unknown Device,0,0,12,0,"[0, 48, 2, 0, 0, 0, 0, 255]"
67.492577,Unknown Device,0,0,12,0,"[0, 48, 2, 0, 0, 0, 0, 255]"
67.492592,Unknown Device,0,0,12,0,"[0, 48, 2, 0, 0, 0, 0, 255]"
67.492607,Unknown Device,0,0,12,0,"[0, 48, 2, 0, 0, 0, 0, 255]"
67.492784,Unknown Device,0,0,12,0,"[0, 48, 2, 0, 0, 0, 0, 255]"
67.493102,Unknown Device,0,0,12,0,"[0, 48, 4, 0, 0, 0, 0, 255]"
67.493205,Unknown Device,0,0,12,0,"[0, 48, 2, 0, 0, 0, 0, 255]"
67.493383,Unknown Device,0,0,12,0,"[0, 48, 2, 0, 0, 0, 0, 255]"
67.493601,Unknown Device,0,0,12,0,"[0, 48, 2, 0, 0, 0, 0, 255]"
67.494084,Unknown Device,0,0,12,0,"[0, 48, 4, 0, 0, 0, 0, 255]"
67.494113,Unknown Device,0,0,12,0,"[0, 48, 2, 0, 0, 0, 0, 255]"
67.494298,Unknown Device,0,0,12,0,"[0, 48, 2, 0, 0, 0, 0, 255]"
67.494553,Unknown Device,0,0,12,0,"[0, 48, 2, 0, 0, 0, 0, 255]"
67.494767,Unknown Device,0,0,12,0,"[0, 48, 2, 0, 0, 0, 0, 255]"
67.49498,Unknown Device,0,0,12,0,"[0, 48, 2, 0, 0, 0, 0, 255]"
67.495165,Unknown Device,0,0,12,0,"[0, 48, 2, 0, 0, 0, 0, 255]"
67.495401,Unknown Device,0,0,12,0,"[0, 48, 2, 0, 0, 0, 0, 255]"
67.496055,Unknown Device,0,0,12,0,"[0, 48, 4, 0, 0, 0, 0, 255]"
67.496084,Unknown Device,0,0,12,0,"[0, 48, 2, 0, 0, 0, 0, 255]"
67.496099,Unknown Device,0,0,12,0,"[0, 48, 2, 0, 0, 0, 0, 255]"
67.496565,Unknown Device,0,0,12,0,"[0, 48, 2, 0, 0, 0, 0, 255]"
67.496581,Unknown Device,0,0,12,0,"[0, 48, 2, 0, 0, 0, 0, 255]"
67.496758,Unknown Device,0,0,12,0,"[0, 48, 2, 0, 0, 0, 0, 255]"
67.496825,Unknown Device,0,0,12,0,"[0, 48, 2, 0, 0, 0, 0, 255]"
67.497558,Unknown Device,0,0,12,0,"[0, 48, 2, 0, 0, 0, 0, 255]"
67.497574,Unknown Device,0,0,12,0,"[0, 48, 2, 0, 0, 0, 0, 255]"
67.497687,Unknown Device,0,0,12,0,"[0, 48, 2, 0, 0, 0, 0, 255]"
67.497769,Unknown Device,0,0,12,0,"[0, 48, 2, 0, 0, 0, 0, 255]"
67.49813,Unknown Device,0,0,12,0,"[0, 48, 4, 0, 0, 0, 0, 255]"
67.498223,Unknown Device,0,0,12,0,"[0, 48, 4, 0, 0, 0, 0, 255]"
67.498342,Unknown Device,0,0,12,0,"[0, 48, 2, 0, 0, 0, 0, 255]"
67.49856,Unknown Device,0,0,12,0,"[0, 48, 2, 0, 0, 0, 0, 255]"
67.498781,Unknown Device,0,0,12,0,"[0, 48, 2, 0, 0, 0, 0, 255]"
67.498965,Unknown Device,0,0,12,0,"[0, 48, 2, 0, 0, 0, 0, 255]"
67.49925,Unknown Device,0,0,12,0,"[0, 48, 4, 0, 0, 0, 0, 255]"
67.499435,Unknown Device,0,0,12,0,"[0, 48, 2, 0, 0, 0, 0, 255]"
67.499835,Unknown Device,0,0,12,0,"[0, 48, 2, 0, 0, 0, 0, 255]"
67.500083,Unknown Device,0,0,12,0,"[0, 48, 2, 0, 0, 0, 0, 255]"
67.500247,Unknown Device,0,0,12,0,"[0, 48, 2, 0, 0, 0, 0, 255]"
67.501141,Unknown Device,0,0,12,0,"[0, 48, 4, 0, 0, 0, 0, 255]"
67.50117,Unknown Device,0,0,12,0,"[0, 48, 2, 0, 0, 0, 0, 255]"
67.501208,Unknown Device,0,0,12,0,"[0, 48, 2, 0, 0, 0, 0, 255]"
67.50128,Unknown Device,0,0,12,0,"[0, 48, 2, 0, 0, 0, 0, 255]"
67.501295,Unknown Device,0,0,12,0,"[0, 48, 2, 0, 0, 0, 0, 255]"
67.501598,Unknown Device,0,0,12,0,"[0, 48, 2, 0, 0, 0, 0, 255]"
67.501832,Unknown Device,0,0,12,0,"[0, 48, 2, 0, 0, 0, 0, 255]"
67.502572,Unknown Device,0,0,12,0,"[0, 48, 4, 0, 0, 0, 0, 255]"
67.502615,Unknown Device,0,0,12,0,"[0, 48, 2, 0, 0, 0, 0, 255]"
67.502644,Unknown Device,0,0,12,0,"[0, 48, 2, 0, 0, 0, 0, 255]"
67.502716,Unknown Device,0,0,12,0,"[0, 48, 2, 0, 0, 0, 0, 255]"
67.502731,Unknown Device,0,0,12,0,"[0, 48, 2, 0, 0, 0, 0, 255]"
67.503113,Unknown Device,0,0,12,0,"[0, 48, 2, 0, 0, 0, 0, 255]"
67.503278,Unknown Device,0,0,12,0,"[0, 48, 4, 0, 0, 0, 0, 255]"
67.503293,Unknown Device,0,0,12,0,"[0, 48, 2, 0, 0, 0, 0, 255]"
67.503443,Unknown Device,0,0,12,0,"[0, 48, 4, 0, 0, 0, 0, 255]"
67.503458,Unknown Device,0,0,12,0,"[0, 48, 2, 0, 0, 0, 0, 255]"
67.503602,Unknown Device,0,0,12,0,"[0, 48, 2, 0, 0, 0, 0, 255]"
67.503832,Unknown,Unknown,Unknown,Unknown,997,"[41, 0, 0, 0, 67, 84, 82, 32]"
67.504051,Unknown Device,0,0,12,0,"[0, 48, 4, 0, 0, 0, 0, 255]"
67.504288,Unknown Device,0,0,12,0,"[0, 48, 2, 0, 0, 0, 0, 255]"
67.504547,Unknown Device,0,0,12,0,"[0, 48, 2, 0, 0, 0, 0, 255]"
67.504702,Unknown Device,0,0,12,0,"[0, 48, 2, 0, 0, 0, 0, 255]"
67.504901,Unknown Device,0,0,12,0,"[0, 48, 4, 0, 0, 0, 0, 255]"
67.505092,Unknown Device,0,0,12,0,"[0, 48, 2, 0, 0, 0, 0, 255]"
67.505314,Unknown Device,0,0,12,0,"[0, 48, 2, 0, 0, 0, 0, 255]"
67.506118,Unknown Device,0,0,12,0,"[0, 48, 4, 0, 0, 0, 0, 255]"
67.506133,Unknown Device,0,0,12,0,"[0, 48, 2, 0, 0, 0, 0, 255]"
67.50659,Unknown Device,0,0,12,0,"[0, 48, 2, 0, 0, 0, 0, 255]"
67.50662,Unknown Device,0,0,12,0,"[0, 48, 2, 0, 0, 0, 0, 255]"
67.506811,Unknown Device,0,0,12,0,"[0, 48, 4, 0, 0, 0, 0, 255]"
67.506826,Unknown Device,0,0,12,0,"[0, 48, 2, 0, 0, 0, 0, 255]"
67.506871,Unknown Device,0,0,12,0,"[0, 48, 2, 0, 0, 0, 0, 255]"
67.507554,Unknown Device,0,0,12,0,"[0, 48, 4, 0, 0, 0, 0, 255]"
67.507583,Unknown Device,0,0,12,0,"[0, 48, 2, 0, 0, 0, 0, 255]"
67.507761,Unknown Device,0,0,12,0,"[0, 48, 2, 0, 0, 0, 0, 255]"
67.507776,Unknown Device,0,0,12,0,"[0, 48, 2, 0, 0, 0, 0, 255]"
67.508261,Unknown Device,0,0,12,0,"[0, 48, 4, 0, 0, 0, 0, 255]"
67.508355,Unknown Device,0,0,12,0,"[0, 48, 4, 0, 0, 0, 0, 255]"
67.508412,Unknown Device,0,0,12,0,"[0, 48, 2, 0, 0, 0, 0, 255]"
67.508549,Unknown Device,0,0,12,0,"[0, 48, 2, 0, 0, 0, 0, 255]"
67.508748,Unknown Device,0,0,12,0,"[0, 48, 2, 0, 0, 0, 0, 255]"
67.50894,Unknown Device,0,0,12,0,"[0, 48, 2, 0, 0, 0, 0, 255]"
67.509176,Unknown Device,0,0,12,0,"[0, 48, 2, 0, 0, 0, 0, 255]"
67.509354,Unknown Device,0,0,12,0,"[0, 48, 2, 0, 0, 0, 0, 255]"
67.50979,Unknown Device,0,0,12,0,"[0, 48, 4, 0, 0, 0, 0, 255]"
67.509806,Unknown Device,0,0,12,0,"[0, 48, 2, 0, 0, 0, 0, 255]"
67.510124,Unknown Device,0,0,12,0,"[0, 48, 4, 0, 0, 0, 0, 255]"
67.510152,Unknown Device,0,0,12,0,"[0, 48, 2, 0, 0, 0, 0, 255]"
67.51036,Unknown Device,0,0,12,0,"[0, 48, 2, 0, 0, 0, 0, 255]"
67.511169,Unknown Device,0,0,12,0,"[0, 48, 4, 0, 0, 0, 0, 255]"
67.511213,Unknown Device,0,0,12,0,"[0, 48, 2, 0, 0, 0, 0, 255]"
67.511228,Unknown Device,0,0,12,0,"[0, 48, 2, 0, 0, 0, 0, 255]"
67.5113,Unknown Device,0,0,12,0,"[0, 48, 2, 0, 0, 0, 0, 255]"
67.511337,Unknown Device,0,0,12,0,"[0, 48, 2, 0, 0, 0, 0, 255]"
67.511577,Unknown Device,0,0,12,0,"[0, 48, 4, 0, 0, 0, 0, 255]"
67.511783,Unknown Device,0,0,12,0,"[0, 48, 2, 0, 0, 0, 0, 255]"
67.51196,Unknown Device,0,0,12,0,"[0, 48, 2, 0, 0, 0, 0, 255]"
67.512596,Unknown Device,0,0,12,0,"[0, 48, 4, 0, 0, 0, 0, 255]"
67.512611,Unknown Device,0,0,12,0,"[0, 48, 2, 0, 0, 0, 0, 255]"
67.512626,Unknown Device,0,0,12,0,"[0, 48, 2, 0, 0, 0, 0, 255]"
67.512818,Unknown Device,0,0,12,0,"[0, 48, 2, 0, 0, 0, 0, 255]"
67.513003,Unknown Device,0,0,12,0,"[0, 48, 4, 0, 0, 0, 0, 255]"
67.513224,Unknown Device,0,0,12,0,"[0, 48, 2, 0, 0, 0, 0, 255]"
67.513531,Unknown Device,0,0,12,0,"[0, 48, 2, 0, 0, 0, 0, 255]"
67.513691,Unknown Device,0,0,12,0,"[0, 48, 2, 0, 0, 0, 0, 255]"
67.51393,Unknown,Unknown,Unknown,Unknown,997,"[43, 110, 105, 99, 115, 0, 0, 0]"
67.514161,Unknown Device,0,0,12,0,"[0, 48, 2, 0, 0, 0, 0, 255]"
67.514343,Unknown Device,0,0,12,0,"[0, 48, 2, 0, 0, 0, 0, 255]"
