timestamp,id,data
66.284352,12,"[0, 0, 4, 0, 0, 0, 0, 1]"
66.284423,12,"[0, 0, 4, 0, 0, 0, 0, 10]"
66.284495,4,"[0, 0, 0, 0, 0, 0, 0, 27]"
66.284565,12,"[0, 0, 4, 0, 0, 0, 0, 28]"
66.284651,12,"[0, 0, 4, 0, 0, 0, 0, 37]"
66.284737,4,"[0, 0, 0, 0, 0, 0, 0, 54]"
66.284807,12,"[0, 0, 4, 0, 0, 0, 0, 55]"
66.284893,12,"[0, 0, 4, 0, 0, 0, 0, 64]"
66.284979,4,"[0, 0, 0, 0, 0, 0, 0, 81]"
66.285049,12,"[0, 0, 4, 0, 0, 0, 0, 82]"
66.285135,12,"[0, 12, 4, 0, 0, 0, 0, 99]"
66.285292,12,"[0, 12, 4, 0, 0, 0, 0, 109]"
66.285383,4,"[0, 12, 0, 0, 0, 0, 0, 126]"
66.285453,12,"[0, 12, 4, 0, 0, 0, 0, 127]"
66.285469,4,"[0, 48, 0, 0, 0, 0, 0, 255]"
66.285552,12,"[0, 48, 2, 0, 0, 0, 0, 255]"
66.285567,12,"[0, 48, 2, 0, 0, 0, 0, 255]"
66.285582,12,"[0, 48, 2, 0, 0, 0, 0, 255]"
66.285667,12,"[0, 48, 2, 0, 0, 0, 0, 255]"
66.285696,12,"[0, 48, 2, 0, 0, 0, 0, 255]"
66.285767,12,"[0, 48, 2, 0, 0, 0, 0, 255]"
66.285782,12,"[0, 48, 2, 0, 0, 0, 0, 255]"
66.285812,12,"[0, 48, 2, 0, 0, 0, 0, 255]"
66.285855,12,"[0, 48, 2, 0, 0, 0, 0, 255]"
66.285884,12,"[0, 48, 2, 0, 0, 0, 0, 255]"
66.285899,12,"[0, 48, 2, 0, 0, 0, 0, 255]"
66.28597,12,"[0, 48, 2, 0, 0, 0, 0, 255]"
66.286478,12,"[0, 48, 4, 0, 0, 0, 0, 255]"
66.286507,12,"[0, 48, 2, 0, 0, 0, 0, 255]"
66.286522,12,"[0, 48, 2, 0, 0, 0, 0, 255]"
66.286733,12,"[0, 48, 4, 0, 0, 0, 0, 255]"
66.286748,12,"[0, 48, 2, 0, 0, 0, 0, 255]"
66.286763,12,"[0, 48, 2, 0, 0, 0, 0, 255]"
66.287355,12,"[0, 48, 2, 0, 0, 0, 0, 255]"
66.28744,12,"[0, 48, 2, 0, 0, 0, 0, 255]"
66.287455,12,"[0, 48, 2, 0, 0, 0, 0, 255]"
66.28747,12,"[0, 48, 2, 0, 0, 0, 0, 255]"
66.287486,12,"[0, 48, 2, 0, 0, 0, 0, 255]"
66.287863,12,"[0, 48, 4, 0, 0, 0, 0, 255]"
66.288031,12,"[0, 48, 4, 0, 0, 0, 0, 255]"
66.288046,12,"[0, 48, 2, 0, 0, 0, 0, 255]"
66.28825,12,"[0, 48, 2, 0, 0, 0, 0, 255]"
66.288265,12,"[0, 48, 2, 0, 0, 0, 0, 255]"
66.288355,12,"[0, 48, 2, 0, 0, 0, 0, 255]"
66.288873,12,"[0, 48, 4, 0, 0, 0, 0, 255]"
66.288902,12,"[0, 48, 2, 0, 0, 0, 0, 255]"
66.288917,12,"[0, 48, 2, 0, 0, 0, 0, 255]"
66.289197,12,"[0, 48, 4, 0, 0, 0, 0, 255]"
66.289277,12,"[0, 48, 4, 0, 0, 0, 0, 255]"
66.289394,12,"[0, 48, 4, 0, 0, 0, 0, 255]"
66.289492,12,"[0, 48, 4, 0, 0, 0, 0, 255]"
66.289507,12,"[0, 48, 2, 0, 0, 0, 0, 255]"
66.289522,12,"[0, 48, 2, 0, 0, 0, 0, 255]"
66.289775,12,"[0, 48, 4, 0, 0, 0, 0, 255]"
66.289832,12,"[0, 48, 2, 0, 0, 0, 0, 255]"
66.290811,12,"[0, 48, 4, 0, 0, 0, 0, 255]"
66.290896,12,"[0, 48, 4, 0, 0, 0, 0, 255]"
66.290911,12,"[0, 48, 2, 0, 0, 0, 0, 255]"
66.290982,12,"[0, 48, 2, 0, 0, 0, 0, 255]"
66.291019,12,"[0, 48, 2, 0, 0, 0, 0, 255]"
66.291076,12,"[0, 48, 2, 0, 0, 0, 0, 255]"
66.291133,12,"[0, 48, 2, 0, 0, 0, 0, 255]"
66.291148,12,"[0, 48, 2, 0, 0, 0, 0, 255]"
66.291177,12,"[0, 48, 2, 0, 0, 0, 0, 255]"
66.291498,12,"[0, 48, 2, 0, 0, 0, 0, 255]"
66.291527,12,"[0, 48, 2, 0, 0, 0, 0, 255]"
66.291718,12,"[0, 48, 2, 0, 0, 0, 0, 255]"
66.291733,12,"[0, 48, 2, 0, 0, 0, 0, 255]"
66.291748,12,"[0, 48, 2, 0, 0, 0, 0, 255]"
66.292397,12,"[0, 48, 2, 0, 0, 0, 0, 255]"
66.292412,12,"[0, 48, 2, 0, 0, 0, 0, 255]"
66.292483,12,"[0, 48, 2, 0, 0, 0, 0, 255]"
66.292498,12,"[0, 48, 2, 0, 0, 0, 0, 255]"
66.292569,12,"[0, 48, 2, 0, 0, 0, 0, 255]"
66.292879,33880398,"[6, 251, 1, 163, 83, 5, 0, 170]"
66.292915,4,"[0, 76, 0, 0, 0, 0, 0, 126]"
66.292973,12,"[0, 12, 4, 0, 0, 0, 0, 127]"
66.292988,4,"[0, 48, 0, 0, 0, 0, 0, 255]"
66.293058,12,"[0, 48, 2, 0, 0, 0, 0, 255]"
66.293214,12,"[0, 48, 4, 0, 0, 0, 0, 255]"
66.293252,12,"[0, 48, 2, 0, 0, 0, 0, 255]"
66.29361,12,"[0, 48, 2, 0, 0, 0, 0, 255]"
66.293639,12,"[0, 48, 2, 0, 0, 0, 0, 255]"
66.293781,12,"[0, 48, 4, 0, 0, 0, 0, 255]"
66.293875,12,"[0, 48, 2, 0, 0, 0, 0, 255]"
66.29389,12,"[0, 48, 2, 0, 0, 0, 0, 255]"
66.294411,12,"[0, 48, 2, 0, 0, 0, 0, 255]"
66.294553,12,"[0, 48, 2, 0, 0, 0, 0, 255]"
66.294568,12,"[0, 48, 2, 0, 0, 0, 0, 255]"
66.294718,12,"[0, 48, 4, 0, 0, 0, 0, 255]"
66.294761,12,"[0, 48, 2, 0, 0, 0, 0, 255]"
66.294791,12,"[0, 48, 2, 0, 0, 0, 0, 255]"
66.294834,12,"[0, 48, 2, 0, 0, 0, 0, 255]"
66.295792,12,"[0, 48, 4, 0, 0, 0, 0, 255]"
66.295849,12,"[0, 48, 2, 0, 0, 0, 0, 255]"
66.296294,12,"[0, 48, 2, 0, 0, 0, 0, 255]"
66.296324,12,"[0, 48, 2, 0, 0, 0, 0, 255]"
66.296604,12,"[0, 48, 4, 0, 0, 0, 0, 255]"
66.296619,12,"[0, 48, 2, 0, 0, 0, 0, 255]"
66.296634,12,"[0, 48, 2, 0, 0, 0, 0, 255]"
66.297488,12,"[0, 48, 2, 0, 0, 0, 0, 255]"
66.297525,12,"[0, 48, 2, 0, 0, 0, 0, 255]"
66.297611,12,"[0, 48, 2, 0, 0, 0, 0, 255]"
66.297626,12,"[0, 48, 2, 0, 0, 0, 0, 255]"
66.297641,12,"[0, 48, 2, 0, 0, 0, 0, 255]"
66.298157,12,"[0, 48, 4, 0, 0, 0, 0, 255]"
66.298243,12,"[0, 48, 2, 0, 0, 0, 0, 255]"
66.298258,12,"[0, 48, 2, 0, 0, 0, 0, 255]"
66.29833,12,"[0, 48, 2, 0, 0, 0, 0, 255]"
66.29835,12,"[0, 48, 2, 0, 0, 0, 0, 255]"
66.298365,12,"[0, 48, 2, 0, 0, 0, 0, 255]"
66.29838,12,"[0, 48, 2, 0, 0, 0, 0, 255]"
66.298395,12,"[0, 48, 2, 0, 0, 0, 0, 255]"
66.298461,12,"[0, 48, 2, 0, 0, 0, 0, 255]"
66.298476,12,"[0, 48, 2, 0, 0, 0, 0, 255]"
66.298548,12,"[0, 48, 2, 0, 0, 0, 0, 255]"
66.298881,12,"[0, 48, 4, 0, 0, 0, 0, 255]"
66.298966,12,"[0, 48, 4, 0, 0, 0, 0, 255]"
66.29908,12,"[0, 48, 4, 0, 0, 0, 0, 255]"
66.299244,12,"[0, 48, 2, 0, 0, 0, 0, 255]"
66.299525,12,"[0, 48, 4, 0, 0, 0, 0, 255]"
66.299652,4,"[0, 76, 0, 0, 0, 0, 0, 126]"
66.299669,0,"[192, 205, 62, 70, 85, 0, 0, 0]"
66.299711,12,"[0, 12, 4, 0, 0, 0, 0, 127]"
66.299726,4,"[0, 48, 0, 0, 0, 0, 0, 255]"
66.299768,12,"[0, 48, 4, 0, 0, 0, 0, 255]"
66.299784,12,"[0, 48, 2, 0, 0, 0, 0, 255]"
66.300144,12,"[0, 48, 2, 0, 0, 0, 0, 255]"
66.300354,12,"[0, 48, 2, 0, 0, 0, 0, 255]"
66.30037,12,"[0, 48, 2, 0, 0, 0, 0, 255]"
66.300935,12,"[0, 48, 4, 0, 0, 0, 0, 255]"
66.30095,12,"[0, 48, 2, 0, 0, 0, 0, 255]"
66.301078,12,"[0, 48, 2, 0, 0, 0, 0, 255]"
66.301093,12,"[0, 48, 2, 0, 0, 0, 0, 255]"
66.301109,12,"[0, 48, 2, 0, 0, 0, 0, 255]"
66.301124,12,"[0, 48, 2, 0, 0, 0, 0, 255]"
66.301295,12,"[0, 48, 4, 0, 0, 0, 0, 255]"
66.301324,12,"[0, 48, 2, 0, 0, 0, 0, 255]"
66.301339,12,"[0, 48, 2, 0, 0, 0, 0, 255]"
66.30162,12,"[0, 48, 4, 0, 0, 0, 0, 255]"
66.301967,12,"[0, 48, 4, 0, 0, 0, 0, 255]"
66.302173,12,"[0, 48, 4, 0, 0, 0, 0, 255]"
66.302217,12,"[0, 48, 4, 0, 0, 0, 0, 255]"
66.302303,12,"[0, 48, 4, 0, 0, 0, 0, 255]"
66.302378,12,"[0, 48, 4, 0, 0, 0, 0, 255]"
66.302464,12,"[0, 48, 2, 0, 0, 0, 0, 255]"
66.302479,12,"[0, 48, 2, 0, 0, 0, 0, 255]"
66.302494,12,"[0, 48, 2, 0, 0, 0, 0, 255]"
66.302616,12,"[0, 48, 2, 0, 0, 0, 0, 255]"
66.302839,33880398,"[16, 19, 8, 0, 16, 70, 114, 111]"
66.302853,4,"[0, 76, 0, 0, 0, 0, 0, 126]"
66.303124,4,"[0, 48, 0, 0, 0, 0, 0, 255]"
66.30318,12,"[0, 48, 4, 0, 0, 0, 0, 255]"
66.303317,12,"[0, 48, 2, 0, 0, 0, 0, 255]"
66.303723,12,"[0, 48, 2, 0, 0, 0, 0, 255]"
66.303823,12,"[0, 48, 4, 0, 0, 0, 0, 255]"
66.303838,12,"[0, 48, 2, 0, 0, 0, 0, 255]"
66.303853,12,"[0, 48, 2, 0, 0, 0, 0, 255]"
66.303868,12,"[0, 48, 2, 0, 0, 0, 0, 255]"
66.30394,12,"[0, 48, 2, 0, 0, 0, 0, 255]"
66.304329,12,"[0, 48, 4, 0, 0, 0, 0, 255]"
66.304362,12,"[0, 48, 2, 0, 0, 0, 0, 255]"
66.304399,12,"[0, 48, 2, 0, 0, 0, 0, 255]"
66.304569,12,"[0, 48, 2, 0, 0, 0, 0, 255]"
66.304584,12,"[0, 48, 2, 0, 0, 0, 0, 255]"
66.304804,12,"[0, 48, 2, 0, 0, 0, 0, 255]"
66.304833,12,"[0, 48, 2, 0, 0, 0, 0, 255]"
66.304919,12,"[0, 48, 2, 0, 0, 0, 0, 255]"
66.305864,12,"[0, 48, 4, 0, 0, 0, 0, 255]"
66.305879,12,"[0, 48, 2, 0, 0, 0, 0, 255]"
66.306358,12,"[0, 48, 4, 0, 0, 0, 0, 255]"
66.306564,12,"[0, 48, 4, 0, 0, 0, 0, 255]"
66.306579,12,"[0, 48, 2, 0, 0, 0, 0, 255]"
66.306594,12,"[0, 48, 2, 0, 0, 0, 0, 255]"
66.30661,12,"[0, 48, 2, 0, 0, 0, 0, 255]"
66.307325,12,"[0, 48, 2, 0, 0, 0, 0, 255]"
66.30734,12,"[0, 48, 2, 0, 0, 0, 0, 255]"
66.307359,12,"[0, 48, 2, 0, 0, 0, 0, 255]"
66.307459,12,"[0, 48, 2, 0, 0, 0, 0, 255]"
66.308122,12,"[0, 48, 4, 0, 0, 0, 0, 255]"
66.308137,12,"[0, 48, 2, 0, 0, 0, 0, 255]"
66.308152,12,"[0, 48, 2, 0, 0, 0, 0, 255]"
66.308238,12,"[0, 48, 2, 0, 0, 0, 0, 255]"
66.308253,12,"[0, 48, 2, 0, 0, 0, 0, 255]"
66.308291,12,"[0, 48, 2, 0, 0, 0, 0, 255]"
66.308451,12,"[0, 48, 2, 0, 0, 0, 0, 255]"
66.308988,12,"[0, 48, 2, 0, 0, 0, 0, 255]"
66.30948,12,"[0, 48, 4, 0, 0, 0, 0, 255]"
66.309771,12,"[0, 48, 4, 0, 0, 0, 0, 255]"
66.31009,12,"[0, 48, 4, 0, 0, 0, 0, 255]"
66.310943,12,"[0, 48, 4, 0, 0, 0, 0, 255]"
66.310958,12,"[0, 48, 2, 0, 0, 0, 0, 255]"
66.311029,12,"[0, 48, 2, 0, 0, 0, 0, 255]"
66.311044,12,"[0, 48, 2, 0, 0, 0, 0, 255]"
66.31106,12,"[0, 48, 2, 0, 0, 0, 0, 255]"
66.311075,12,"[0, 48, 2, 0, 0, 0, 0, 255]"
66.311296,12,"[0, 48, 4, 0, 0, 0, 0, 255]"
66.311311,12,"[0, 48, 2, 0, 0, 0, 0, 255]"
66.311326,12,"[0, 48, 2, 0, 0, 0, 0, 255]"
66.311634,12,"[0, 48, 2, 0, 0, 0, 0, 255]"
66.311649,12,"[0, 48, 2, 0, 0, 0, 0, 255]"
66.311664,12,"[0, 48, 2, 0, 0, 0, 0, 255]"
66.311904,12,"[0, 48, 4, 0, 0, 0, 0, 255]"
66.311998,12,"[0, 48, 4, 0, 0, 0, 0, 255]"
66.312489,12,"[0, 48, 4, 0, 0, 0, 0, 255]"
66.312504,12,"[0, 48, 2, 0, 0, 0, 0, 255]"
66.312519,12,"[0, 48, 2, 0, 0, 0, 0, 255]"
66.312535,12,"[0, 48, 2, 0, 0, 0, 0, 255]"
66.31255,12,"[0, 48, 2, 0, 0, 0, 0, 255]"
66.312629,12,"[0, 48, 2, 0, 0, 0, 0, 255]"
66.312644,12,"[0, 48, 2, 0, 0, 0, 0, 255]"
66.312977,12,"[0, 48, 4, 0, 0, 0, 0, 255]"
66.312992,12,"[0, 48, 2, 0, 0, 0, 0, 255]"
66.313162,12,"[0, 48, 4, 0, 0, 0, 0, 255]"
66.313284,12,"[0, 48, 2, 0, 0, 0, 0, 255]"
66.313489,33880398,"[33, 110, 116, 32, 82, 105, 103, 104]"
66.313503,4,"[0, 76, 0, 0, 0, 0, 0, 126]"
66.313904,12,"[0, 12, 4, 0, 0, 0, 0, 127]"
66.313919,4,"[0, 48, 0, 0, 0, 0, 0, 255]"
66.313962,12,"[0, 48, 4, 0, 0, 0, 0, 255]"
66.314005,12,"[0, 48, 2, 0, 0, 0, 0, 255]"
66.314034,12,"[0, 48, 2, 0, 0, 0, 0, 255]"
66.314106,12,"[0, 48, 2, 0, 0, 0, 0, 255]"
66.314277,12,"[0, 48, 4, 0, 0, 0, 0, 255]"
66.31432,12,"[0, 48, 2, 0, 0, 0, 0, 255]"
66.31453,12,"[0, 48, 4, 0, 0, 0, 0, 255]"
66.314546,12,"[0, 48, 2, 0, 0, 0, 0, 255]"
66.314794,12,"[0, 48, 2, 0, 0, 0, 0, 255]"
66.314823,12,"[0, 48, 2, 0, 0, 0, 0, 255]"
66.315325,12,"[0, 48, 4, 0, 0, 0, 0, 255]"
66.315436,12,"[0, 48, 4, 0, 0, 0, 0, 255]"
66.31562,12,"[0, 48, 4, 0, 0, 0, 0, 255]"
66.315663,12,"[0, 48, 2, 0, 0, 0, 0, 255]"
66.315883,12,"[0, 48, 4, 0, 0, 0, 0, 255]"
66.315898,12,"[0, 48, 2, 0, 0, 0, 0, 255]"
66.315913,12,"[0, 48, 2, 0, 0, 0, 0, 255]"
66.316377,12,"[0, 48, 4, 0, 0, 0, 0, 255]"
66.316406,12,"[0, 48, 2, 0, 0, 0, 0, 255]"
66.316668,12,"[0, 48, 2, 0, 0, 0, 0, 255]"
66.316683,12,"[0, 48, 2, 0, 0, 0, 0, 255]"
66.316698,12,"[0, 48, 2, 0, 0, 0, 0, 255]"
66.317372,12,"[0, 48, 2, 0, 0, 0, 0, 255]"
66.317388,12,"[0, 48, 2, 0, 0, 0, 0, 255]"
66.317473,12,"[0, 48, 2, 0, 0, 0, 0, 255]"
66.317511,12,"[0, 48, 2, 0, 0, 0, 0, 255]"
66.318119,12,"[0, 48, 2, 0, 0, 0, 0, 255]"
66.318205,12,"[0, 48, 4, 0, 0, 0, 0, 255]"
66.31822,12,"[0, 48, 2, 0, 0, 0, 0, 255]"
66.318353,12,"[0, 48, 2, 0, 0, 0, 0, 255]"
66.318368,12,"[0, 48, 2, 0, 0, 0, 0, 255]"
66.318518,12,"[0, 48, 2, 0, 0, 0, 0, 255]"
66.31859,12,"[0, 48, 2, 0, 0, 0, 0, 255]"
66.318916,12,"[0, 48, 4, 0, 0, 0, 0, 255]"
66.318987,12,"[0, 48, 2, 0, 0, 0, 0, 255]"
66.319002,12,"[0, 48, 2, 0, 0, 0, 0, 255]"
66.31953,12,"[0, 48, 4, 0, 0, 0, 0, 255]"
66.319545,12,"[0, 48, 2, 0, 0, 0, 0, 255]"
66.31956,12,"[0, 48, 2, 0, 0, 0, 0, 255]"
66.320041,12,"[0, 48, 2, 0, 0, 0, 0, 255]"
66.320858,12,"[0, 48, 4, 0, 0, 0, 0, 255]"
66.320915,12,"[0, 48, 2, 0, 0, 0, 0, 255]"
66.320952,12,"[0, 48, 2, 0, 0, 0, 0, 255]"
66.320981,12,"[0, 48, 2, 0, 0, 0, 0, 255]"
66.321025,12,"[0, 48, 2, 0, 0, 0, 0, 255]"
66.321354,12,"[0, 48, 2, 0, 0, 0, 0, 255]"
66.321369,12,"[0, 48, 2, 0, 0, 0, 0, 255]"
66.321604,12,"[0, 48, 2, 0, 0, 0, 0, 255]"
66.321619,12,"[0, 48, 2, 0, 0, 0, 0, 255]"
66.321783,12,"[0, 48, 4, 0, 0, 0, 0, 255]"
66.321798,12,"[0, 48, 2, 0, 0, 0, 0, 255]"
66.321813,12,"[0, 48, 2, 0, 0, 0, 0, 255]"
66.322362,12,"[0, 48, 4, 0, 0, 0, 0, 255]"
66.322377,12,"[0, 48, 2, 0, 0, 0, 0, 255]"
66.322512,12,"[0, 48, 2, 0, 0, 0, 0, 255]"
66.322939,12,"[0, 48, 4, 0, 0, 0, 0, 255]"
66.323046,12,"[0, 48, 4, 0, 0, 0, 0, 255]"
66.323088,12,"[0, 48, 2, 0, 0, 0, 0, 255]"
66.323104,12,"[0, 48, 2, 0, 0, 0, 0, 255]"
66.323119,12,"[0, 48, 2, 0, 0, 0, 0, 255]"
66.323176,12,"[0, 48, 2, 0, 0, 0, 0, 255]"
66.323233,12,"[0, 48, 2, 0, 0, 0, 0, 255]"
66.323262,12,"[0, 48, 2, 0, 0, 0, 0, 255]"
66.323278,12,"[0, 48, 2, 0, 0, 0, 0, 255]"
66.323293,12,"[0, 48, 2, 0, 0, 0, 0, 255]"
66.323913,12,"[0, 48, 2, 0, 0, 0, 0, 255]"
66.323928,12,"[0, 48, 2, 0, 0, 0, 0, 255]"
66.324387,12,"[0, 48, 2, 0, 0, 0, 0, 255]"
66.324403,12,"[0, 48, 2, 0, 0, 0, 0, 255]"
66.324446,12,"[0, 48, 2, 0, 0, 0, 0, 255]"
66.324594,12,"[0, 48, 2, 0, 0, 0, 0, 255]"
66.324821,33880398,"[16, 98, 5, 9, 76, 73, 67, 45]"
66.324834,4,"[0, 76, 0, 0, 0, 0, 0, 126]"
66.324947,12,"[0, 48, 4, 0, 0, 0, 0, 255]"
66.325068,12,"[0, 48, 2, 0, 0, 0, 0, 255]"
66.325166,12,"[0, 48, 2, 0, 0, 0, 0, 255]"
66.325237,12,"[0, 48, 2, 0, 0, 0, 0, 255]"
66.325998,12,"[0, 48, 2, 0, 0, 0, 0, 255]"
66.326014,12,"[0, 48, 2, 0, 0, 0, 0, 255]"
66.326182,12,"[0, 48, 4, 0, 0, 0, 0, 255]"
66.326197,12,"[0, 48, 2, 0, 0, 0, 0, 255]"
66.32624,12,"[0, 48, 2, 0, 0, 0, 0, 255]"
66.326464,12,"[0, 48, 4, 0, 0, 0, 0, 255]"
66.326479,12,"[0, 48, 2, 0, 0, 0, 0, 255]"
66.326494,12,"[0, 48, 2, 0, 0, 0, 0, 255]"
66.326648,12,"[0, 48, 2, 0, 0, 0, 0, 255]"
66.326664,12,"[0, 48, 2, 0, 0, 0, 0, 255]"
66.326882,12,"[0, 48, 4, 0, 0, 0, 0, 255]"
66.327369,12,"[0, 48, 4, 0, 0, 0, 0, 255]"
66.327398,12,"[0, 48, 2, 0, 0, 0, 0, 255]"
66.327427,12,"[0, 48, 2, 0, 0, 0, 0, 255]"
66.327609,12,"[0, 48, 4, 0, 0, 0, 0, 255]"
66.32773,12,"[0, 48, 4, 0, 0, 0, 0, 255]"
66.328101,12,"[0, 48, 4, 0, 0, 0, 0, 255]"
66.328325,12,"[0, 48, 2, 0, 0, 0, 0, 255]"
66.32834,12,"[0, 48, 2, 0, 0, 0, 0, 255]"
66.32836,12,"[0, 48, 2, 0, 0, 0, 0, 255]"
66.328383,12,"[0, 48, 2, 0, 0, 0, 0, 255]"
66.328426,12,"[0, 48, 2, 0, 0, 0, 0, 255]"
66.328441,12,"[0, 48, 2, 0, 0, 0, 0, 255]"
66.32847,12,"[0, 48, 2, 0, 0, 0, 0, 255]"
66.328555,12,"[0, 48, 2, 0, 0, 0, 0, 255]"
66.328856,12,"[0, 48, 2, 0, 0, 0, 0, 255]"
66.328913,12,"[0, 48, 2, 0, 0, 0, 0, 255]"
66.328942,12,"[0, 48, 2, 0, 0, 0, 0, 255]"
66.328958,12,"[0, 48, 2, 0, 0, 0, 0, 255]"
66.329042,12,"[0, 48, 2, 0, 0, 0, 0, 255]"
66.329155,12,"[0, 48, 2, 0, 0, 0, 0, 255]"
66.329226,12,"[0, 48, 2, 0, 0, 0, 0, 255]"
66.330107,12,"[0, 48, 4, 0, 0, 0, 0, 255]"
66.330937,12,"[0, 48, 2, 0, 0, 0, 0, 255]"
66.331015,12,"[0, 48, 2, 0, 0, 0, 0, 255]"
66.331031,12,"[0, 48, 2, 0, 0, 0, 0, 255]"
66.331365,12,"[0, 48, 4, 0, 0, 0, 0, 255]"
66.331394,12,"[0, 48, 2, 0, 0, 0, 0, 255]"
66.331409,12,"[0, 48, 2, 0, 0, 0, 0, 255]"
66.331613,12,"[0, 48, 2, 0, 0, 0, 0, 255]"
66.331656,12,"[0, 48, 2, 0, 0, 0, 0, 255]"
66.331755,12,"[0, 48, 4, 0, 0, 0, 0, 255]"
66.331875,12,"[0, 48, 4, 0, 0, 0, 0, 255]"
66.33189,12,"[0, 48, 2, 0, 0, 0, 0, 255]"
66.331906,12,"[0, 48, 2, 0, 0, 0, 0, 255]"
66.331935,12,"[0, 48, 2, 0, 0, 0, 0, 255]"
66.332,12,"[0, 48, 2, 0, 0, 0, 0, 255]"
66.33207,12,"[0, 48, 4, 0, 0, 0, 0, 255]"
66.332496,4,"[0, 76, 0, 0, 0, 0, 0, 126]"
66.332513,33880398,"[33, 50, 48, 45, 56, 48, 55, 50]"
66.332555,12,"[0, 12, 4, 0, 0, 0, 0, 127]"
66.332626,12,"[0, 48, 4, 0, 0, 0, 0, 255]"
66.332697,12,"[0, 48, 4, 0, 0, 0, 0, 255]"
66.332734,12,"[0, 48, 2, 0, 0, 0, 0, 255]"
66.332763,12,"[0, 48, 2, 0, 0, 0, 0, 255]"
66.332806,12,"[0, 48, 2, 0, 0, 0, 0, 255]"
66.332821,12,"[0, 48, 2, 0, 0, 0, 0, 255]"
66.33285,12,"[0, 48, 2, 0, 0, 0, 0, 255]"
66.333082,12,"[0, 48, 4, 0, 0, 0, 0, 255]"
66.333329,12,"[0, 48, 2, 0, 0, 0, 0, 255]"
66.333344,12,"[0, 48, 2, 0, 0, 0, 0, 255]"
66.333363,12,"[0, 48, 2, 0, 0, 0, 0, 255]"
66.333498,12,"[0, 48, 2, 0, 0, 0, 0, 255]"
66.333786,12,"[0, 48, 2, 0, 0, 0, 0, 255]"
66.333893,12,"[0, 48, 4, 0, 0, 0, 0, 255]"
66.333922,12,"[0, 48, 2, 0, 0, 0, 0, 255]"
66.334021,12,"[0, 48, 4, 0, 0, 0, 0, 255]"
66.334355,12,"[0, 48, 4, 0, 0, 0, 0, 255]"
66.33437,12,"[0, 48, 2, 0, 0, 0, 0, 255]"
66.334407,12,"[0, 48, 2, 0, 0, 0, 0, 255]"
66.334548,12,"[0, 48, 4, 0, 0, 0, 0, 255]"
66.334563,12,"[0, 48, 2, 0, 0, 0, 0, 255]"
66.334578,12,"[0, 48, 2, 0, 0, 0, 0, 255]"
66.334782,12,"[0, 48, 4, 0, 0, 0, 0, 255]"
66.335928,12,"[0, 48, 2, 0, 0, 0, 0, 255]"
66.33636,12,"[0, 48, 2, 0, 0, 0, 0, 255]"
66.336536,12,"[0, 48, 4, 0, 0, 0, 0, 255]"
66.336565,12,"[0, 48, 2, 0, 0, 0, 0, 255]"
66.337431,4,"[0, 76, 0, 0, 0, 0, 0, 126]"
66.337448,33880398,"[34, 55, 56, 56, 56, 0, 0, 0]"
66.337484,12,"[0, 12, 4, 0, 0, 0, 0, 127]"
66.337542,12,"[0, 48, 4, 0, 0, 0, 0, 255]"
66.337613,12,"[0, 48, 4, 0, 0, 0, 0, 255]"
66.337642,12,"[0, 48, 2, 0, 0, 0, 0, 255]"
66.337658,12,"[0, 48, 2, 0, 0, 0, 0, 255]"
66.337695,12,"[0, 48, 2, 0, 0, 0, 0, 255]"
66.337724,12,"[0, 48, 2, 0, 0, 0, 0, 255]"
66.33774,12,"[0, 48, 2, 0, 0, 0, 0, 255]"
66.337769,12,"[0, 48, 2, 0, 0, 0, 0, 255]"
66.338222,12,"[0, 48, 2, 0, 0, 0, 0, 255]"
66.338237,12,"[0, 48, 2, 0, 0, 0, 0, 255]"
66.33831,12,"[0, 48, 2, 0, 0, 0, 0, 255]"
66.338325,12,"[0, 48, 2, 0, 0, 0, 0, 255]"
66.338358,12,"[0, 48, 2, 0, 0, 0, 0, 255]"
66.338374,12,"[0, 48, 2, 0, 0, 0, 0, 255]"
66.338439,12,"[0, 48, 2, 0, 0, 0, 0, 255]"
66.338454,12,"[0, 48, 2, 0, 0, 0, 0, 255]"
66.338526,12,"[0, 48, 2, 0, 0, 0, 0, 255]"
66.3389,12,"[0, 48, 2, 0, 0, 0, 0, 255]"
66.33919,12,"[0, 48, 4, 0, 0, 0, 0, 255]"
66.339485,12,"[0, 48, 4, 0, 0, 0, 0, 255]"
66.339612,12,"[0, 48, 0, 8, 0, 0, 0, 255]"
66.33986,12,"[0, 48, 2, 0, 0, 0, 0, 255]"
66.339876,12,"[0, 48, 2, 0, 0, 0, 0, 255]"
66.340236,12,"[0, 48, 2, 0, 0, 0, 0, 255]"
66.340946,12,"[0, 48, 2, 0, 0, 0, 0, 255]"
66.341017,12,"[0, 48, 2, 0, 0, 0, 0, 255]"
66.341383,12,"[0, 48, 4, 0, 0, 0, 0, 255]"
66.341412,12,"[0, 48, 2, 0, 0, 0, 0, 255]"
66.341427,12,"[0, 48, 2, 0, 0, 0, 0, 255]"
66.341597,12,"[0, 48, 4, 0, 0, 0, 0, 255]"
66.341634,12,"[0, 48, 2, 0, 0, 0, 0, 255]"
66.3424,4,"[0, 76, 0, 0, 0, 0, 0, 126]"
66.342418,33880398,"[35, 0, 0, 0, 0, 0, 0, 0]"
66.342488,12,"[0, 12, 4, 0, 0, 0, 0, 127]"
66.34256,12,"[0, 48, 4, 0, 0, 0, 0, 255]"
66.342632,12,"[0, 48, 4, 0, 0, 0, 0, 255]"
66.342669,12,"[0, 48, 2, 0, 0, 0, 0, 255]"
66.34274,12,"[0, 48, 2, 0, 0, 0, 0, 255]"
66.34319,12,"[0, 48, 2, 0, 0, 0, 0, 255]"
66.344107,12,"[0, 48, 2, 0, 0, 0, 0, 255]"
66.345179,12,"[0, 48, 2, 0, 0, 0, 0, 255]"
66.345892,12,"[0, 48, 4, 0, 0, 0, 0, 255]"
66.345921,12,"[0, 48, 2, 0, 0, 0, 0, 255]"
66.346091,12,"[0, 48, 2, 0, 0, 0, 0, 255]"
66.34629,12,"[0, 48, 4, 0, 0, 0, 0, 255]"
66.346486,12,"[0, 48, 2, 0, 0, 0, 0, 255]"
66.346744,12,"[0, 48, 2, 0, 0, 0, 0, 255]"
66.347439,33880398,"[36, 0, 0, 0, 0, 0, 0, 0]"
66.347452,4,"[0, 76, 0, 0, 0, 0, 0, 126]"
66.347524,12,"[0, 48, 4, 0, 0, 0, 0, 255]"
66.347671,12,"[0, 48, 2, 0, 0, 0, 0, 255]"
66.347892,12,"[0, 48, 2, 0, 0, 0, 0, 255]"
66.348171,12,"[0, 48, 2, 0, 0, 0, 0, 255]"
66.348442,12,"[0, 48, 2, 0, 0, 0, 0, 255]"
66.348714,12,"[0, 48, 2, 0, 0, 0, 0, 255]"
66.348994,12,"[0, 48, 2, 0, 0, 0, 0, 255]"
66.34947,12,"[0, 48, 2, 0, 0, 0, 0, 255]"
66.349595,12,"[0, 48, 2, 0, 0, 0, 0, 255]"
66.349846,12,"[0, 48, 4, 0, 0, 0, 0, 255]"
66.350096,12,"[0, 48, 4, 0, 0, 0, 0, 255]"
66.350921,12,"[0, 48, 4, 0, 0, 0, 0, 255]"
66.350951,12,"[0, 48, 2, 0, 0, 0, 0, 255]"
66.351058,12,"[0, 48, 2, 0, 0, 0, 0, 255]"
66.351073,12,"[0, 48, 2, 0, 0, 0, 0, 255]"
66.35141,12,"[0, 48, 2, 0, 0, 0, 0, 255]"
66.35169,12,"[0, 48, 2, 0, 0, 0, 0, 255]"
66.352406,33880398,"[37, 76, 73, 67, 45, 50, 52, 45]"
66.35242,4,"[0, 76, 0, 0, 0, 0, 0, 126]"
66.352434,12,"[0, 12, 4, 0, 0, 0, 0, 127]"
66.352648,12,"[0, 48, 2, 0, 0, 0, 0, 255]"
66.352884,12,"[0, 48, 2, 0, 0, 0, 0, 255]"
66.353149,12,"[0, 48, 2, 0, 0, 0, 0, 255]"
66.353404,12,"[0, 48, 2, 0, 0, 0, 0, 255]"
66.35364,12,"[0, 48, 4, 0, 0, 0, 0, 255]"
66.353876,12,"[0, 48, 4, 0, 0, 0, 0, 255]"
66.354134,12,"[0, 48, 2, 0, 0, 0, 0, 255]"
66.354404,12,"[0, 48, 4, 0, 0, 0, 0, 255]"
66.354721,12,"[0, 48, 2, 0, 0, 0, 0, 255]"
66.355052,12,"[0, 48, 2, 0, 0, 0, 0, 255]"
66.355274,12,"[0, 48, 4, 0, 0, 0, 0, 255]"
66.356021,12,"[0, 48, 4, 0, 0, 0, 0, 255]"
66.356058,12,"[0, 48, 2, 0, 0, 0, 0, 255]"
66.356074,12,"[0, 48, 2, 0, 0, 0, 0, 255]"
66.356363,12,"[0, 48, 2, 0, 0, 0, 0, 255]"
66.356636,12,"[0, 48, 2, 0, 0, 0, 0, 255]"
66.3574,33880398,"[38, 56, 48, 56, 50, 55, 57, 48]"
66.357436,4,"[0, 76, 0, 0, 0, 0, 0, 126]"
66.357535,12,"[0, 48, 4, 0, 0, 0, 0, 255]"
66.357771,12,"[0, 48, 2, 0, 0, 0, 0, 255]"
66.358158,12,"[0, 48, 4, 0, 0, 0, 0, 255]"
66.358421,12,"[0, 48, 2, 0, 0, 0, 0, 255]"
66.358716,12,"[0, 48, 2, 0, 0, 0, 0, 255]"
66.35901,12,"[0, 48, 2, 0, 0, 0, 0, 255]"
66.35949,12,"[0, 48, 2, 0, 0, 0, 0, 255]"
66.359796,12,"[0, 48, 4, 0, 0, 0, 0, 255]"
66.360039,12,"[0, 48, 4, 0, 0, 0, 0, 255]"
66.36096,12,"[0, 48, 4, 0, 0, 0, 0, 255]"
66.361407,12,"[0, 48, 4, 0, 0, 0, 0, 255]"
66.362276,12,"[0, 48, 2, 0, 0, 0, 0, 255]"
66.362668,33880398,"[39, 48, 45, 70, 82, 67, 45, 48]"
66.362984,12,"[0, 48, 2, 0, 0, 0, 0, 255]"
66.363294,12,"[0, 48, 2, 0, 0, 0, 0, 255]"
66.363563,12,"[0, 48, 2, 0, 0, 0, 0, 255]"
66.36384,12,"[0, 48, 4, 0, 0, 0, 0, 255]"
66.364025,12,"[0, 48, 2, 0, 0, 0, 0, 255]"
66.364246,12,"[0, 48, 4, 0, 0, 0, 0, 255]"
66.364457,12,"[0, 48, 2, 0, 0, 0, 0, 255]"
66.364664,12,"[0, 48, 2, 0, 0, 0, 0, 255]"
66.364877,12,"[0, 48, 2, 0, 0, 0, 0, 255]"
66.365091,12,"[0, 48, 2, 0, 0, 0, 0, 255]"
66.365838,12,"[0, 48, 4, 0, 0, 0, 0, 255]"
66.365867,12,"[0, 48, 2, 0, 0, 0, 0, 255]"
66.365882,12,"[0, 48, 2, 0, 0, 0, 0, 255]"
66.36628,12,"[0, 48, 4, 0, 0, 0, 0, 255]"
66.366309,12,"[0, 48, 2, 0, 0, 0, 0, 255]"
66.36652,12,"[0, 48, 2, 0, 0, 0, 0, 255]"
66.3668,12,"[0, 48, 2, 0, 0, 0, 0, 255]"
66.367457,33880398,"[40, 50, 49, 50, 57, 0, 0, 0]"
66.36747,4,"[0, 76, 0, 0, 0, 0, 0, 126]"
66.367506,12,"[0, 12, 4, 0, 0, 0, 0, 127]"
66.367724,12,"[0, 48, 2, 0, 0, 0, 0, 255]"
66.36795,12,"[0, 48, 2, 0, 0, 0, 0, 255]"
66.368167,12,"[0, 48, 2, 0, 0, 0, 0, 255]"
66.368405,12,"[0, 48, 2, 0, 0, 0, 0, 255]"
66.368644,12,"[0, 48, 2, 0, 0, 0, 0, 255]"
66.368883,12,"[0, 48, 4, 0, 0, 0, 0, 255]"
66.369152,12,"[0, 48, 2, 0, 0, 0, 0, 255]"
66.369466,12,"[0, 48, 4, 0, 0, 0, 0, 255]"
66.369648,12,"[0, 48, 2, 0, 0, 0, 0, 255]"
66.369866,12,"[0, 48, 2, 0, 0, 0, 0, 255]"
66.370134,12,"[0, 48, 2, 0, 0, 0, 0, 255]"
66.370953,12,"[0, 48, 4, 0, 0, 0, 0, 255]"
66.370982,12,"[0, 48, 2, 0, 0, 0, 0, 255]"
66.370997,12,"[0, 48, 2, 0, 0, 0, 0, 255]"
66.371164,12,"[0, 48, 2, 0, 0, 0, 0, 255]"
66.371416,12,"[0, 48, 2, 0, 0, 0, 0, 255]"
66.371735,12,"[0, 48, 2, 0, 0, 0, 0, 255]"
66.37243,33880398,"[41, 0, 0, 0, 0, 76, 73, 67]"
66.372443,4,"[0, 76, 0, 0, 0, 0, 0, 126]"
66.372556,12,"[0, 48, 4, 0, 0, 0, 0, 255]"
66.372666,12,"[0, 48, 2, 0, 0, 0, 0, 255]"
66.372898,12,"[0, 48, 2, 0, 0, 0, 0, 255]"
66.373171,12,"[0, 48, 2, 0, 0, 0, 0, 255]"
66.373408,12,"[0, 48, 2, 0, 0, 0, 0, 255]"
66.373773,12,"[0, 48, 4, 0, 0, 0, 0, 255]"
66.373875,12,"[0, 48, 2, 0, 0, 0, 0, 255]"
66.374297,12,"[0, 48, 4, 0, 0, 0, 0, 255]"
66.37434,12,"[0, 48, 2, 0, 0, 0, 0, 255]"
66.374511,12,"[0, 48, 2, 0, 0, 0, 0, 255]"
66.374737,12,"[0, 48, 2, 0, 0, 0, 0, 255]"
66.374962,12,"[0, 48, 2, 0, 0, 0, 0, 255]"
66.375187,12,"[0, 48, 2, 0, 0, 0, 0, 255]"
66.375899,12,"[0, 48, 2, 0, 0, 0, 0, 255]"
66.375914,12,"[0, 48, 2, 0, 0, 0, 0, 255]"
66.376342,12,"[0, 48, 4, 0, 0, 0, 0, 255]"
66.376375,12,"[0, 48, 2, 0, 0, 0, 0, 255]"
66.376448,12,"[0, 48, 2, 0, 0, 0, 0, 255]"
66.37671,12,"[0, 48, 2, 0, 0, 0, 0, 255]"
66.377412,4,"[0, 76, 0, 0, 0, 0, 0, 126]"
66.377429,33880398,"[42, 45, 50, 53, 45, 56, 48, 56]"
66.378137,12,"[0, 48, 2, 0, 0, 0, 0, 255]"
66.378823,12,"[0, 48, 2, 0, 0, 0, 0, 255]"
66.379149,12,"[0, 48, 2, 0, 0, 0, 0, 255]"
66.379465,12,"[0, 48, 4, 0, 0, 0, 0, 255]"
66.379682,12,"[0, 48, 2, 0, 0, 0, 0, 255]"
66.379893,12,"[0, 48, 4, 0, 0, 0, 0, 255]"
66.380146,12,"[0, 48, 4, 0, 0, 0, 0, 255]"
66.38044,12,"[0, 48, 4, 0, 0, 0, 0, 255]"
66.380919,12,"[0, 48, 2, 0, 0, 0, 0, 255]"
66.381048,12,"[0, 48, 2, 0, 0, 0, 0, 255]"
66.381259,12,"[0, 48, 2, 0, 0, 0, 0, 255]"
66.381482,12,"[0, 48, 2, 0, 0, 0, 0, 255]"
66.381707,12,"[0, 48, 2, 0, 0, 0, 0, 255]"
66.382362,4,"[0, 76, 0, 0, 0, 0, 0, 126]"
66.382379,33880398,"[43, 50, 55, 57, 48, 48, 45, 70]"
66.382444,4,"[0, 48, 0, 0, 0, 0, 0, 255]"
66.3827,12,"[0, 48, 2, 0, 0, 0, 0, 255]"
66.382921,12,"[0, 48, 2, 0, 0, 0, 0, 255]"
66.383178,12,"[0, 48, 4, 0, 0, 0, 0, 255]"
66.383411,12,"[0, 48, 2, 0, 0, 0, 0, 255]"
66.383801,12,"[0, 48, 2, 0, 0, 0, 0, 255]"
66.383888,12,"[0, 48, 2, 0, 0, 0, 0, 255]"
66.384373,12,"[0, 48, 4, 0, 0, 0, 0, 255]"
66.38441,12,"[0, 48, 2, 0, 0, 0, 0, 255]"
66.38469,12,"[0, 48, 2, 0, 0, 0, 0, 255]"
66.384955,12,"[0, 48, 2, 0, 0, 0, 0, 255]"
66.38519,12,"[0, 48, 4, 0, 0, 0, 0, 255]"
66.38567,12,"[0, 48, 4, 0, 0, 0, 0, 255]"
66.385755,12,"[0, 48, 4, 0, 0, 0, 0, 255]"
66.386057,12,"[0, 48, 2, 0, 0, 0, 0, 255]"
66.386422,12,"[0, 48, 4, 0, 0, 0, 0, 255]"
66.386753,12,"[0, 48, 2, 0, 0, 0, 0, 255]"
66.387444,4,"[0, 76, 0, 0, 0, 0, 0, 126]"
66.387461,33880398,"[44, 82, 67, 45, 48, 50, 49, 50]"
66.387607,12,"[0, 48, 2, 0, 0, 0, 0, 255]"
66.387916,12,"[0, 48, 2, 0, 0, 0, 0, 255]"
66.388286,12,"[0, 48, 2, 0, 0, 0, 0, 255]"
66.388614,12,"[0, 48, 2, 0, 0, 0, 0, 255]"
66.388923,12,"[0, 48, 2, 0, 0, 0, 0, 255]"
66.389196,12,"[0, 48, 2, 0, 0, 0, 0, 255]"
66.389549,12,"[0, 48, 4, 0, 0, 0, 0, 255]"
66.389667,12,"[0, 48, 2, 0, 0, 0, 0, 255]"
66.389918,12,"[0, 48, 2, 0, 0, 0, 0, 255]"
66.390168,12,"[0, 48, 4, 0, 0, 0, 0, 255]"
66.390712,12,"[0, 48, 4, 0, 0, 0, 0, 255]"
66.390867,12,"[0, 48, 4, 0, 0, 0, 0, 255]"
66.390904,12,"[0, 48, 2, 0, 0, 0, 0, 255]"
66.391118,12,"[0, 48, 2, 0, 0, 0, 0, 255]"
66.391407,12,"[0, 48, 2, 0, 0, 0, 0, 255]"
66.391719,12,"[0, 48, 2, 0, 0, 0, 0, 255]"
66.391859,12,"[0, 48, 2, 0, 0, 0, 0, 255]"
66.392431,4,"[0, 76, 0, 0, 0, 0, 0, 126]"
66.392448,33880398,"[45, 57, 0, 0, 0, 0, 0, 0]"
66.392646,12,"[0, 48, 2, 0, 0, 0, 0, 255]"
66.392918,12,"[0, 48, 2, 0, 0, 0, 0, 255]"
66.393246,12,"[0, 48, 4, 0, 0, 0, 0, 255]"
66.393458,12,"[0, 48, 2, 0, 0, 0, 0, 255]"
66.393855,12,"[0, 48, 2, 0, 0, 0, 0, 255]"
66.394611,12,"[0, 48, 2, 0, 0, 0, 0, 255]"
66.395318,12,"[0, 48, 4, 0, 0, 0, 0, 255]"
66.395558,12,"[0, 48, 4, 0, 0, 0, 0, 255]"
66.396047,12,"[0, 48, 2, 0, 0, 0, 0, 255]"
66.396062,12,"[0, 48, 2, 0, 0, 0, 0, 255]"
66.396375,12,"[0, 48, 2, 0, 0, 0, 0, 255]"
66.396413,12,"[0, 48, 2, 0, 0, 0, 0, 255]"
66.396619,12,"[0, 48, 2, 0, 0, 0, 0, 255]"
66.397447,33880398,"[46, 0, 170, 170, 170, 170, 170, 170]"
66.397461,4,"[0, 76, 0, 0, 0, 0, 0, 126]"
66.397532,12,"[0, 48, 4, 0, 0, 0, 0, 255]"
66.397603,12,"[0, 48, 4, 0, 0, 0, 0, 255]"
66.397685,12,"[0, 48, 2, 0, 0, 0, 0, 255]"
66.397884,12,"[0, 48, 2, 0, 0, 0, 0, 255]"
66.39809,12,"[0, 48, 2, 0, 0, 0, 0, 255]"
66.39829,12,"[0, 48, 2, 0, 0, 0, 0, 255]"
66.398508,12,"[0, 48, 2, 0, 0, 0, 0, 255]"
66.398927,12,"[0, 48, 2, 0, 0, 0, 0, 255]"
66.399524,12,"[0, 48, 4, 0, 0, 0, 0, 255]"
66.399744,4,"[0, 76, 0, 0, 0, 0, 0, 126]"
66.399761,0,"[192, 166, 197, 71, 85, 0, 0, 0]"
66.399803,4,"[0, 48, 0, 0, 0, 0, 0, 255]"
66.399868,12,"[0, 48, 4, 0, 0, 0, 0, 255]"
66.400082,12,"[0, 48, 2, 0, 0, 0, 0, 255]"
66.400296,12,"[0, 48, 2, 0, 0, 0, 0, 255]"
66.400572,33880398,"[16, 34, 5, 15, 2, 115, 253, 84]"
66.400711,4,"[0, 76, 0, 0, 0, 0, 0, 126]"
66.40096,12,"[0, 48, 4, 0, 0, 0, 0, 255]"
66.401136,12,"[0, 48, 2, 0, 0, 0, 0, 255]"
66.401414,12,"[0, 48, 2, 0, 0, 0, 0, 255]"
66.401721,12,"[0, 48, 2, 0, 0, 0, 0, 255]"
66.402374,12,"[0, 48, 4, 0, 0, 0, 0, 255]"
66.402389,12,"[0, 48, 2, 0, 0, 0, 0, 255]"
66.402475,12,"[0, 48, 2, 0, 0, 0, 0, 255]"
66.402549,12,"[0, 48, 2, 0, 0, 0, 0, 255]"
66.403066,12,"[0, 48, 4, 0, 0, 0, 0, 255]"
66.403095,12,"[0, 48, 2, 0, 0, 0, 0, 255]"
66.403261,12,"[0, 48, 2, 0, 0, 0, 0, 255]"
66.403414,12,"[0, 48, 2, 0, 0, 0, 0, 255]"
66.40362,12,"[0, 48, 2, 0, 0, 0, 0, 255]"
66.403876,12,"[0, 48, 4, 0, 0, 0, 0, 255]"
66.40406,12,"[0, 48, 2, 0, 0, 0, 0, 255]"
66.404391,12,"[0, 48, 4, 0, 0, 0, 0, 255]"
66.404487,12,"[0, 48, 2, 0, 0, 0, 0, 255]"
66.404723,12,"[0, 48, 2, 0, 0, 0, 0, 255]"
66.404981,12,"[0, 48, 2, 0, 0, 0, 0, 255]"
66.405883,12,"[0, 48, 4, 0, 0, 0, 0, 255]"
66.405935,12,"[0, 48, 2, 0, 0, 0, 0, 255]"
66.40637,12,"[0, 48, 4, 0, 0, 0, 0, 255]"
66.406421,12,"[0, 48, 2, 0, 0, 0, 0, 255]"
66.406591,12,"[0, 48, 4, 0, 0, 0, 0, 255]"
66.406656,12,"[0, 48, 2, 0, 0, 0, 0, 255]"
66.406671,12,"[0, 48, 2, 0, 0, 0, 0, 255]"
66.406834,12,"[0, 48, 2, 0, 0, 0, 0, 255]"
66.40704,12,"[0, 48, 4, 0, 0, 0, 0, 255]"
66.407487,33880398,"[33, 146, 6, 165, 167, 0, 0, 0]"
66.4075,4,"[0, 76, 0, 0, 0, 0, 0, 126]"
66.407691,12,"[0, 48, 2, 0, 0, 0, 0, 255]"
66.407898,12,"[0, 48, 2, 0, 0, 0, 0, 255]"
66.408104,12,"[0, 48, 2, 0, 0, 0, 0, 255]"
66.408311,12,"[0, 48, 2, 0, 0, 0, 0, 255]"
66.408514,12,"[0, 48, 2, 0, 0, 0, 0, 255]"
66.408939,12,"[0, 48, 4, 0, 0, 0, 0, 255]"
66.408969,12,"[0, 48, 2, 0, 0, 0, 0, 255]"
66.409509,12,"[0, 48, 4, 0, 0, 0, 0, 255]"
66.409524,12,"[0, 48, 2, 0, 0, 0, 0, 255]"
66.409664,12,"[0, 48, 2, 0, 0, 0, 0, 255]"
66.409908,12,"[0, 48, 4, 0, 0, 0, 0, 255]"
66.410158,12,"[0, 48, 4, 0, 0, 0, 0, 255]"
66.410875,12,"[0, 48, 4, 0, 0, 0, 0, 255]"
66.410904,12,"[0, 48, 2, 0, 0, 0, 0, 255]"
66.411066,12,"[0, 48, 2, 0, 0, 0, 0, 255]"
66.411281,12,"[0, 48, 2, 0, 0, 0, 0, 255]"
66.411521,12,"[0, 48, 2, 0, 0, 0, 0, 255]"
66.411786,12,"[0, 48, 2, 0, 0, 0, 0, 255]"
66.412441,4,"[0, 76, 0, 0, 0, 0, 0, 126]"
66.412458,33880398,"[34, 0, 0, 0, 0, 0, 168, 206]"
66.412494,12,"[0, 12, 4, 0, 0, 0, 0, 127]"
66.412733,12,"[0, 48, 2, 0, 0, 0, 0, 255]"
66.41298,12,"[0, 48, 2, 0, 0, 0, 0, 255]"
66.413234,12,"[0, 48, 2, 0, 0, 0, 0, 255]"
66.413493,12,"[0, 48, 2, 0, 0, 0, 0, 255]"
66.413774,12,"[0, 48, 4, 0, 0, 0, 0, 255]"
66.413934,12,"[0, 48, 2, 0, 0, 0, 0, 255]"
66.414323,12,"[0, 48, 4, 0, 0, 0, 0, 255]"
66.414451,12,"[0, 48, 2, 0, 0, 0, 0, 255]"
66.414669,12,"[0, 48, 2, 0, 0, 0, 0, 255]"
66.414887,12,"[0, 48, 2, 0, 0, 0, 0, 255]"
66.415914,12,"[0, 48, 2, 0, 0, 0, 0, 255]"
66.415929,12,"[0, 48, 2, 0, 0, 0, 0, 255]"
66.415944,12,"[0, 48, 2, 0, 0, 0, 0, 255]"
66.416344,12,"[0, 48, 4, 0, 0, 0, 0, 255]"
66.416363,12,"[0, 48, 2, 0, 0, 0, 0, 255]"
66.416415,12,"[0, 48, 2, 0, 0, 0, 0, 255]"
66.416684,12,"[0, 48, 2, 0, 0, 0, 0, 255]"
66.417301,12,"[0, 48, 4, 0, 0, 0, 0, 255]"
66.417495,12,"[0, 48, 2, 0, 0, 0, 0, 255]"
66.41751,12,"[0, 48, 2, 0, 0, 0, 0, 255]"
66.417656,12,"[0, 48, 2, 0, 0, 0, 0, 255]"
66.417888,12,"[0, 48, 2, 0, 0, 0, 0, 255]"
66.418128,12,"[0, 48, 4, 0, 0, 0, 0, 255]"
66.418416,12,"[0, 48, 2, 0, 0, 0, 0, 255]"
66.418655,12,"[0, 48, 2, 0, 0, 0, 0, 255]"
66.418915,12,"[0, 48, 4, 0, 0, 0, 0, 255]"
66.41914,12,"[0, 48, 2, 0, 0, 0, 0, 255]"
66.419511,12,"[0, 48, 4, 0, 0, 0, 0, 255]"
66.419649,12,"[0, 48, 2, 0, 0, 0, 0, 255]"
66.419889,12,"[0, 48, 2, 0, 0, 0, 0, 255]"
66.420143,12,"[0, 48, 2, 0, 0, 0, 0, 255]"
66.420892,12,"[0, 48, 2, 0, 0, 0, 0, 255]"
66.420907,12,"[0, 48, 2, 0, 0, 0, 0, 255]"
66.420922,12,"[0, 48, 2, 0, 0, 0, 0, 255]"
66.421104,12,"[0, 48, 2, 0, 0, 0, 0, 255]"
66.421383,12,"[0, 48, 2, 0, 0, 0, 0, 255]"
66.421579,12,"[0, 48, 2, 0, 0, 0, 0, 255]"
66.42179,12,"[0, 48, 2, 0, 0, 0, 0, 255]"
66.422473,4,"[0, 76, 0, 0, 0, 0, 0, 126]"
66.422512,33880398,"[36, 34, 204, 112, 24, 10, 194, 18]"
66.422553,4,"[0, 48, 0, 0, 0, 0, 0, 255]"
66.422741,12,"[0, 48, 2, 0, 0, 0, 0, 255]"
66.422966,12,"[0, 48, 2, 0, 0, 0, 0, 255]"
66.423199,12,"[0, 48, 2, 0, 0, 0, 0, 255]"
66.423414,12,"[0, 48, 2, 0, 0, 0, 0, 255]"
66.423625,12,"[0, 48, 2, 0, 0, 0, 0, 255]"
66.42385,12,"[0, 48, 2, 0, 0, 0, 0, 255]"
66.424075,12,"[0, 48, 2, 0, 0, 0, 0, 255]"
66.424375,12,"[0, 48, 4, 0, 0, 0, 0, 255]"
66.42452,12,"[0, 48, 4, 0, 0, 0, 0, 255]"
66.424738,12,"[0, 48, 4, 0, 0, 0, 0, 255]"
66.424963,12,"[0, 48, 2, 0, 0, 0, 0, 255]"
66.425195,12,"[0, 48, 2, 0, 0, 0, 0, 255]"
66.425907,12,"[0, 48, 2, 0, 0, 0, 0, 255]"
66.426329,12,"[0, 48, 4, 0, 0, 0, 0, 255]"
66.426344,12,"[0, 48, 2, 0, 0, 0, 0, 255]"
66.426359,12,"[0, 48, 2, 0, 0, 0, 0, 255]"
66.42653,12,"[0, 48, 4, 0, 0, 0, 0, 255]"
66.426762,12,"[0, 48, 2, 0, 0, 0, 0, 255]"
66.427355,12,"[0, 48, 4, 0, 0, 0, 0, 255]"
66.427446,12,"[0, 48, 2, 0, 0, 0, 0, 255]"
66.427722,12,"[0, 48, 2, 0, 0, 0, 0, 255]"
66.427954,12,"[0, 48, 2, 0, 0, 0, 0, 255]"
66.42818,12,"[0, 48, 2, 0, 0, 0, 0, 255]"
66.428417,12,"[0, 48, 4, 0, 0, 0, 0, 255]"
66.428635,12,"[0, 48, 2, 0, 0, 0, 0, 255]"
66.428853,12,"[0, 48, 4, 0, 0, 0, 0, 255]"
66.42907,12,"[0, 48, 2, 0, 0, 0, 0, 255]"
66.429304,12,"[0, 48, 4, 0, 0, 0, 0, 255]"
66.4298,12,"[0, 48, 4, 0, 0, 0, 0, 255]"
66.429843,12,"[0, 48, 2, 0, 0, 0, 0, 255]"
66.430953,12,"[0, 48, 2, 0, 0, 0, 0, 255]"
66.430968,12,"[0, 48, 2, 0, 0, 0, 0, 255]"
66.430983,12,"[0, 48, 2, 0, 0, 0, 0, 255]"
66.431054,12,"[0, 48, 2, 0, 0, 0, 0, 255]"
66.431069,12,"[0, 48, 2, 0, 0, 0, 0, 255]"
66.431171,12,"[0, 48, 2, 0, 0, 0, 0, 255]"
66.431415,12,"[0, 48, 2, 0, 0, 0, 0, 255]"
66.431724,4,"[0, 76, 0, 0, 0, 0, 0, 126]"
66.431904,33880392,"[16, 98, 240, 26, 1, 0, 5, 253]"
66.432131,12,"[0, 48, 2, 0, 0, 0, 0, 255]"
66.432444,12,"[0, 48, 4, 0, 0, 0, 0, 255]"
66.432724,12,"[0, 48, 2, 0, 0, 0, 0, 255]"
66.433142,12,"[0, 48, 2, 0, 0, 0, 0, 255]"
66.43325,12,"[0, 48, 4, 0, 0, 0, 0, 255]"
66.433424,12,"[0, 48, 2, 0, 0, 0, 0, 255]"
66.433814,12,"[0, 48, 2, 0, 0, 0, 0, 255]"
66.433888,12,"[0, 48, 2, 0, 0, 0, 0, 255]"
66.434132,12,"[0, 48, 2, 0, 0, 0, 0, 255]"
66.434417,12,"[0, 48, 2, 0, 0, 0, 0, 255]"
66.43466,12,"[0, 48, 2, 0, 0, 0, 0, 255]"
66.434888,12,"[0, 48, 2, 0, 0, 0, 0, 255]"
66.435146,12,"[0, 48, 2, 0, 0, 0, 0, 255]"
66.435896,12,"[0, 48, 4, 0, 0, 0, 0, 255]"
66.435911,12,"[0, 48, 2, 0, 0, 0, 0, 255]"
66.435926,12,"[0, 48, 2, 0, 0, 0, 0, 255]"
66.436687,12,"[0, 48, 4, 0, 0, 0, 0, 255]"
66.436702,12,"[0, 48, 2, 0, 0, 0, 0, 255]"
66.436717,12,"[0, 48, 2, 0, 0, 0, 0, 255]"
66.437321,12,"[0, 48, 4, 0, 0, 0, 0, 255]"
66.437368,12,"[0, 48, 2, 0, 0, 0, 0, 255]"
66.437397,12,"[0, 48, 2, 0, 0, 0, 0, 255]"
66.437471,12,"[0, 48, 2, 0, 0, 0, 0, 255]"
66.437693,12,"[0, 48, 2, 0, 0, 0, 0, 255]"
66.437977,12,"[0, 48, 4, 0, 0, 0, 0, 255]"
66.438168,12,"[0, 48, 2, 0, 0, 0, 0, 255]"
66.438416,12,"[0, 48, 2, 0, 0, 0, 0, 255]"
66.438638,12,"[0, 48, 2, 0, 0, 0, 0, 255]"
66.438894,12,"[0, 48, 2, 0, 0, 0, 0, 255]"
66.439115,12,"[0, 48, 2, 0, 0, 0, 0, 255]"
66.439337,12,"[0, 48, 4, 0, 0, 0, 0, 255]"
66.439577,12,"[0, 48, 2, 0, 0, 0, 0, 255]"
66.439813,12,"[0, 48, 4, 0, 0, 0, 0, 255]"
66.440056,12,"[0, 48, 2, 0, 0, 0, 0, 255]"
66.440293,12,"[0, 48, 2, 0, 0, 0, 0, 255]"
66.440836,12,"[0, 48, 4, 0, 0, 0, 0, 255]"
66.440851,12,"[0, 48, 2, 0, 0, 0, 0, 255]"
66.440998,12,"[0, 48, 2, 0, 0, 0, 0, 255]"
66.441227,12,"[0, 48, 2, 0, 0, 0, 0, 255]"
66.441446,12,"[0, 48, 2, 0, 0, 0, 0, 255]"
66.441696,12,"[0, 48, 2, 0, 0, 0, 0, 255]"
66.442416,12,"[0, 48, 2, 0, 0, 0, 0, 255]"
66.442431,12,"[0, 48, 2, 0, 0, 0, 0, 255]"
66.44246,12,"[0, 48, 2, 0, 0, 0, 0, 255]"
66.442843,12,"[0, 48, 2, 0, 0, 0, 0, 255]"
66.443153,12,"[0, 48, 2, 0, 0, 0, 0, 255]"
66.443438,12,"[0, 48, 2, 0, 0, 0, 0, 255]"
66.443828,12,"[0, 48, 2, 0, 0, 0, 0, 255]"
66.444189,12,"[0, 48, 2, 0, 0, 0, 0, 255]"
66.444555,12,"[0, 48, 2, 0, 0, 0, 0, 255]"
66.444857,12,"[0, 48, 2, 0, 0, 0, 0, 255]"
66.445115,12,"[0, 48, 2, 0, 0, 0, 0, 255]"
66.445882,12,"[0, 48, 4, 0, 0, 0, 0, 255]"
66.446051,12,"[0, 48, 2, 0, 0, 0, 0, 255]"
66.446329,12,"[0, 48, 4, 0, 0, 0, 0, 255]"
66.446466,12,"[0, 48, 2, 0, 0, 0, 0, 255]"
66.446687,12,"[0, 48, 2, 0, 0, 0, 0, 255]"
66.447339,12,"[0, 48, 4, 0, 0, 0, 0, 255]"
66.447373,12,"[0, 48, 2, 0, 0, 0, 0, 255]"
66.447417,12,"[0, 48, 2, 0, 0, 0, 0, 255]"
66.447675,12,"[0, 48, 2, 0, 0, 0, 0, 255]"
66.448249,12,"[0, 48, 4, 0, 0, 0, 0, 255]"
66.448279,12,"[0, 48, 2, 0, 0, 0, 0, 255]"
66.448416,12,"[0, 48, 2, 0, 0, 0, 0, 255]"
66.448674,12,"[0, 48, 2, 0, 0, 0, 0, 255]"
66.448915,12,"[0, 48, 2, 0, 0, 0, 0, 255]"
66.4491,12,"[0, 48, 2, 0, 0, 0, 0, 255]"
66.449537,12,"[0, 48, 2, 0, 0, 0, 0, 255]"
66.450118,12,"[0, 48, 4, 0, 0, 0, 0, 255]"
66.45073,12,"[0, 48, 4, 0, 0, 0, 0, 255]"
66.451014,12,"[0, 48, 2, 0, 0, 0, 0, 255]"
66.451113,12,"[0, 48, 4, 0, 0, 0, 0, 255]"
66.451143,12,"[0, 48, 2, 0, 0, 0, 0, 255]"
66.451158,12,"[0, 48, 2, 0, 0, 0, 0, 255]"
66.451475,12,"[0, 48, 4, 0, 0, 0, 0, 255]"
66.45149,12,"[0, 48, 2, 0, 0, 0, 0, 255]"
66.451519,12,"[0, 48, 2, 0, 0, 0, 0, 255]"
66.451774,12,"[0, 48, 4, 0, 0, 0, 0, 255]"
66.451936,12,"[0, 48, 2, 0, 0, 0, 0, 255]"
66.452422,12,"[0, 48, 2, 0, 0, 0, 0, 255]"
66.452452,12,"[0, 48, 2, 0, 0, 0, 0, 255]"
66.452629,12,"[0, 48, 2, 0, 0, 0, 0, 255]"
66.452975,12,"[0, 48, 4, 0, 0, 0, 0, 255]"
66.453042,12,"[0, 48, 2, 0, 0, 0, 0, 255]"
66.453286,12,"[0, 48, 2, 0, 0, 0, 0, 255]"
66.453504,12,"[0, 48, 2, 0, 0, 0, 0, 255]"
66.454371,12,"[0, 48, 4, 0, 0, 0, 0, 255]"
66.4544,12,"[0, 48, 2, 0, 0, 0, 0, 255]"
66.454415,12,"[0, 48, 2, 0, 0, 0, 0, 255]"
66.454545,12,"[0, 48, 2, 0, 0, 0, 0, 255]"
66.454925,12,"[0, 48, 2, 0, 0, 0, 0, 255]"
66.455028,12,"[0, 48, 2, 0, 0, 0, 0, 255]"
66.455955,12,"[0, 48, 2, 0, 0, 0, 0, 255]"
66.456376,12,"[0, 48, 4, 0, 0, 0, 0, 255]"
66.456405,12,"[0, 48, 2, 0, 0, 0, 0, 255]"
66.45642,12,"[0, 48, 2, 0, 0, 0, 0, 255]"
66.456556,12,"[0, 48, 2, 0, 0, 0, 0, 255]"
66.456571,12,"[0, 48, 2, 0, 0, 0, 0, 255]"
66.456726,12,"[0, 48, 2, 0, 0, 0, 0, 255]"
66.457375,12,"[0, 48, 2, 0, 0, 0, 0, 255]"
66.45739,12,"[0, 48, 2, 0, 0, 0, 0, 255]"
66.457559,33880392,"[36, 117, 9, 182, 7, 14, 0, 84]"
66.45769,12,"[0, 48, 4, 0, 0, 0, 0, 255]"
66.457897,12,"[0, 48, 2, 0, 0, 0, 0, 255]"
66.458103,12,"[0, 48, 2, 0, 0, 0, 0, 255]"
66.458318,12,"[0, 48, 2, 0, 0, 0, 0, 255]"
66.458528,12,"[0, 48, 2, 0, 0, 0, 0, 255]"
66.458939,12,"[0, 48, 2, 0, 0, 0, 0, 255]"
66.459509,12,"[0, 48, 4, 0, 0, 0, 0, 255]"
66.459855,12,"[0, 48, 4, 0, 0, 0, 0, 255]"
66.460644,12,"[0, 48, 4, 0, 0, 0, 0, 255]"
66.460948,12,"[0, 48, 4, 0, 0, 0, 0, 255]"
66.460963,12,"[0, 48, 2, 0, 0, 0, 0, 255]"
66.460978,12,"[0, 48, 2, 0, 0, 0, 0, 255]"
66.461072,12,"[0, 48, 2, 0, 0, 0, 0, 255]"
66.461087,12,"[0, 48, 2, 0, 0, 0, 0, 255]"
66.461409,12,"[0, 48, 2, 0, 0, 0, 0, 255]"
66.461543,12,"[0, 48, 4, 0, 0, 0, 0, 255]"
66.461614,12,"[0, 48, 2, 0, 0, 0, 0, 255]"
66.461724,12,"[0, 48, 2, 0, 0, 0, 0, 255]"
66.462014,12,"[0, 48, 4, 0, 0, 0, 0, 255]"
66.462467,12,"[0, 48, 2, 0, 0, 0, 0, 255]"
66.462512,12,"[0, 48, 2, 0, 0, 0, 0, 255]"
66.462788,33880392,"[37, 97, 108, 111, 110, 32, 70, 88]"
66.463083,12,"[0, 48, 4, 0, 0, 0, 0, 255]"
66.463338,12,"[0, 48, 2, 0, 0, 0, 0, 255]"
66.463632,12,"[0, 48, 2, 0, 0, 0, 0, 255]"
66.463923,12,"[0, 48, 2, 0, 0, 0, 0, 255]"
66.46422,12,"[0, 48, 2, 0, 0, 0, 0, 255]"
66.464486,12,"[0, 48, 2, 0, 0, 0, 0, 255]"
66.464762,12,"[0, 48, 2, 0, 0, 0, 0, 255]"
66.465045,12,"[0, 48, 2, 0, 0, 0, 0, 255]"
66.465911,12,"[0, 48, 2, 0, 0, 0, 0, 255]"
66.466269,12,"[0, 48, 4, 0, 0, 0, 0, 255]"
66.466306,12,"[0, 48, 2, 0, 0, 0, 0, 255]"
66.466322,12,"[0, 48, 2, 0, 0, 0, 0, 255]"
66.466641,12,"[0, 48, 2, 0, 0, 0, 0, 255]"
66.466656,12,"[0, 48, 2, 0, 0, 0, 0, 255]"
66.466874,12,"[0, 48, 2, 0, 0, 0, 0, 255]"
66.467407,12,"[0, 48, 2, 0, 0, 0, 0, 255]"
66.467466,12,"[0, 48, 2, 0, 0, 0, 0, 255]"
66.467741,12,"[0, 48, 2, 0, 0, 0, 0, 255]"
66.467995,12,"[0, 48, 2, 0, 0, 0, 0, 255]"
66.468242,12,"[0, 48, 4, 0, 0, 0, 0, 255]"
66.468516,12,"[0, 48, 2, 0, 0, 0, 0, 255]"
66.469521,12,"[0, 48, 4, 0, 0, 0, 0, 255]"
66.469809,12,"[0, 48, 4, 0, 0, 0, 0, 255]"
66.470054,12,"[0, 48, 4, 0, 0, 0, 0, 255]"
66.470083,12,"[0, 48, 2, 0, 0, 0, 0, 255]"
66.470879,12,"[0, 48, 2, 0, 0, 0, 0, 255]"
66.470964,12,"[0, 48, 4, 0, 0, 0, 0, 255]"
66.470979,12,"[0, 48, 2, 0, 0, 0, 0, 255]"
66.470994,12,"[0, 48, 2, 0, 0, 0, 0, 255]"
66.471046,12,"[0, 48, 2, 0, 0, 0, 0, 255]"
66.471382,12,"[0, 48, 4, 0, 0, 0, 0, 255]"
66.471592,12,"[0, 48, 2, 0, 0, 0, 0, 255]"
66.471854,12,"[0, 48, 4, 0, 0, 0, 0, 255]"
66.472136,12,"[0, 48, 4, 0, 0, 0, 0, 255]"
66.472445,12,"[0, 48, 4, 0, 0, 0, 0, 255]"
66.472684,12,"[0, 48, 2, 0, 0, 0, 0, 255]"
66.473036,12,"[0, 48, 2, 0, 0, 0, 0, 255]"
66.473225,12,"[0, 48, 2, 0, 0, 0, 0, 255]"
66.473491,12,"[0, 48, 4, 0, 0, 0, 0, 255]"
66.473752,12,"[0, 48, 2, 0, 0, 0, 0, 255]"
66.474042,12,"[0, 48, 4, 0, 0, 0, 0, 255]"
66.47429,12,"[0, 48, 4, 0, 0, 0, 0, 255]"
66.474555,12,"[0, 48, 2, 0, 0, 0, 0, 255]"
66.474838,12,"[0, 48, 4, 0, 0, 0, 0, 255]"
66.475085,12,"[0, 48, 2, 0, 0, 0, 0, 255]"
66.475875,12,"[0, 48, 4, 0, 0, 0, 0, 255]"
66.475918,12,"[0, 48, 2, 0, 0, 0, 0, 255]"
66.476318,12,"[0, 48, 4, 0, 0, 0, 0, 255]"
66.476333,12,"[0, 48, 2, 0, 0, 0, 0, 255]"
66.476533,12,"[0, 48, 2, 0, 0, 0, 0, 255]"
66.476888,12,"[0, 48, 2, 0, 0, 0, 0, 255]"
66.47738,12,"[0, 48, 4, 0, 0, 0, 0, 255]"
66.477547,12,"[0, 48, 2, 0, 0, 0, 0, 255]"
66.477912,12,"[0, 48, 2, 0, 0, 0, 0, 255]"
66.478014,12,"[0, 48, 2, 0, 0, 0, 0, 255]"
66.478247,12,"[0, 48, 2, 0, 0, 0, 0, 255]"
66.478455,12,"[0, 48, 2, 0, 0, 0, 0, 255]"
66.478896,12,"[0, 48, 4, 0, 0, 0, 0, 255]"
66.478925,12,"[0, 48, 2, 0, 0, 0, 0, 255]"
66.479056,12,"[0, 48, 2, 0, 0, 0, 0, 255]"
66.479559,12,"[0, 48, 2, 0, 0, 0, 0, 255]"
66.479861,12,"[0, 48, 4, 0, 0, 0, 0, 255]"
66.480023,12,"[0, 48, 4, 0, 0, 0, 0, 255]"
66.480952,12,"[0, 48, 4, 0, 0, 0, 0, 255]"
66.480981,12,"[0, 48, 2, 0, 0, 0, 0, 255]"
66.480996,12,"[0, 48, 2, 0, 0, 0, 0, 255]"
66.481067,12,"[0, 48, 2, 0, 0, 0, 0, 255]"
66.481091,12,"[0, 48, 2, 0, 0, 0, 0, 255]"
66.481323,12,"[0, 48, 4, 0, 0, 0, 0, 255]"
66.481338,12,"[0, 48, 2, 0, 0, 0, 0, 255]"
66.481524,12,"[0, 48, 2, 0, 0, 0, 0, 255]"
66.481742,12,"[0, 48, 2, 0, 0, 0, 0, 255]"
66.481953,12,"[0, 48, 2, 0, 0, 0, 0, 255]"
66.482391,12,"[0, 48, 4, 0, 0, 0, 0, 255]"
66.482428,12,"[0, 48, 2, 0, 0, 0, 0, 255]"
66.482675,12,"[0, 48, 2, 0, 0, 0, 0, 255]"
66.482907,12,"[0, 48, 2, 0, 0, 0, 0, 255]"
66.483125,12,"[0, 48, 2, 0, 0, 0, 0, 255]"
66.48342,12,"[0, 48, 2, 0, 0, 0, 0, 255]"
66.483653,12,"[0, 48, 2, 0, 0, 0, 0, 255]"
66.483856,12,"[0, 48, 4, 0, 0, 0, 0, 255]"
66.48406,12,"[0, 48, 2, 0, 0, 0, 0, 255]"
66.48438,12,"[0, 48, 2, 0, 0, 0, 0, 255]"
66.484489,12,"[0, 48, 2, 0, 0, 0, 0, 255]"
66.484707,12,"[0, 48, 2, 0, 0, 0, 0, 255]"
66.484911,12,"[0, 48, 2, 0, 0, 0, 0, 255]"
66.485136,12,"[0, 48, 2, 0, 0, 0, 0, 255]"
66.485862,12,"[0, 48, 4, 0, 0, 0, 0, 255]"
66.485877,12,"[0, 48, 2, 0, 0, 0, 0, 255]"
66.485892,12,"[0, 48, 2, 0, 0, 0, 0, 255]"
66.486375,12,"[0, 48, 4, 0, 0, 0, 0, 255]"
66.486579,12,"[0, 48, 2, 0, 0, 0, 0, 255]"
66.486594,12,"[0, 48, 2, 0, 0, 0, 0, 255]"
66.487318,12,"[0, 48, 4, 0, 0, 0, 0, 255]"
66.487333,12,"[0, 48, 2, 0, 0, 0, 0, 255]"
66.487348,12,"[0, 48, 2, 0, 0, 0, 0, 255]"
66.487487,12,"[0, 48, 2, 0, 0, 0, 0, 255]"
66.487502,12,"[0, 48, 2, 0, 0, 0, 0, 255]"
66.487698,12,"[0, 48, 2, 0, 0, 0, 0, 255]"
66.487974,12,"[0, 48, 4, 0, 0, 0, 0, 255]"
66.488235,12,"[0, 48, 2, 0, 0, 0, 0, 255]"
66.488465,12,"[0, 48, 2, 0, 0, 0, 0, 255]"
66.488733,12,"[0, 48, 4, 0, 0, 0, 0, 255]"
66.488999,12,"[0, 48, 2, 0, 0, 0, 0, 255]"
66.489195,12,"[0, 48, 2, 0, 0, 0, 0, 255]"
66.489845,12,"[0, 48, 2, 0, 0, 0, 0, 255]"
66.490077,12,"[0, 48, 4, 0, 0, 0, 0, 255]"
66.490881,12,"[0, 48, 4, 0, 0, 0, 0, 255]"
66.490924,12,"[0, 48, 2, 0, 0, 0, 0, 255]"
66.491023,12,"[0, 48, 2, 0, 0, 0, 0, 255]"
66.491038,12,"[0, 48, 2, 0, 0, 0, 0, 255]"
66.491053,12,"[0, 48, 2, 0, 0, 0, 0, 255]"
66.491423,12,"[0, 48, 4, 0, 0, 0, 0, 255]"
66.491452,12,"[0, 48, 2, 0, 0, 0, 0, 255]"
66.491569,12,"[0, 48, 2, 0, 0, 0, 0, 255]"
66.491808,12,"[0, 48, 2, 0, 0, 0, 0, 255]"
66.492301,12,"[0, 48, 4, 0, 0, 0, 0, 255]"
66.49233,12,"[0, 48, 2, 0, 0, 0, 0, 255]"
66.49253,12,"[0, 48, 2, 0, 0, 0, 0, 255]"
66.492923,33880392,"[43, 111, 97, 100, 32, 69, 108, 101]"
66.493165,12,"[0, 48, 4, 0, 0, 0, 0, 255]"
66.49342,12,"[0, 48, 2, 0, 0, 0, 0, 255]"
66.493634,12,"[0, 48, 2, 0, 0, 0, 0, 255]"
66.493911,12,"[0, 48, 2, 0, 0, 0, 0, 255]"
66.494044,12,"[0, 48, 2, 0, 0, 0, 0, 255]"
66.494382,12,"[0, 48, 4, 0, 0, 0, 0, 255]"
66.49447,12,"[0, 48, 2, 0, 0, 0, 0, 255]"
66.494684,12,"[0, 48, 2, 0, 0, 0, 0, 255]"
66.494898,12,"[0, 48, 2, 0, 0, 0, 0, 255]"
66.495178,12,"[0, 48, 2, 0, 0, 0, 0, 255]"
66.495935,12,"[0, 48, 4, 0, 0, 0, 0, 255]"
66.49595,12,"[0, 48, 2, 0, 0, 0, 0, 255]"
66.495965,12,"[0, 48, 2, 0, 0, 0, 0, 255]"
66.496618,12,"[0, 48, 4, 0, 0, 0, 0, 255]"
66.497354,12,"[0, 48, 4, 0, 0, 0, 0, 255]"
66.497373,12,"[0, 48, 2, 0, 0, 0, 0, 255]"
66.497388,12,"[0, 48, 2, 0, 0, 0, 0, 255]"
66.49746,12,"[0, 48, 2, 0, 0, 0, 0, 255]"
66.497475,12,"[0, 48, 2, 0, 0, 0, 0, 255]"
66.497504,12,"[0, 48, 2, 0, 0, 0, 0, 255]"
66.497549,12,"[0, 48, 2, 0, 0, 0, 0, 255]"
66.498306,12,"[0, 48, 2, 0, 0, 0, 0, 255]"
66.498382,12,"[0, 48, 2, 0, 0, 0, 0, 255]"
66.498433,12,"[0, 48, 2, 0, 0, 0, 0, 255]"
66.498942,12,"[0, 48, 4, 0, 0, 0, 0, 255]"
66.498957,12,"[0, 48, 2, 0, 0, 0, 0, 255]"
66.498972,12,"[0, 48, 2, 0, 0, 0, 0, 255]"
66.499517,12,"[0, 48, 2, 0, 0, 0, 0, 255]"
66.499726,0,"[192, 26, 76, 73, 85, 0, 0, 0]"
66.499739,4,"[0, 76, 0, 0, 0, 0, 0, 126]"
66.499825,4,"[0, 48, 0, 0, 0, 0, 0, 255]"
66.499898,12,"[0, 48, 2, 0, 0, 0, 0, 255]"
66.500111,12,"[0, 48, 4, 0, 0, 0, 0, 255]"
66.500929,12,"[0, 48, 2, 0, 0, 0, 0, 255]"
66.500944,12,"[0, 48, 2, 0, 0, 0, 0, 255]"
66.5011,12,"[0, 48, 2, 0, 0, 0, 0, 255]"
66.501137,12,"[0, 48, 2, 0, 0, 0, 0, 255]"
66.501358,12,"[0, 48, 4, 0, 0, 0, 0, 255]"
66.501391,12,"[0, 48, 2, 0, 0, 0, 0, 255]"
66.501554,12,"[0, 48, 2, 0, 0, 0, 0, 255]"
66.501782,12,"[0, 48, 2, 0, 0, 0, 0, 255]"
66.502293,12,"[0, 48, 4, 0, 0, 0, 0, 255]"
66.502336,12,"[0, 48, 2, 0, 0, 0, 0, 255]"
66.502421,12,"[0, 48, 2, 0, 0, 0, 0, 255]"
66.502637,33880392,"[45, 115, 0, 0, 0, 0, 0, 0]"
66.502857,12,"[0, 48, 2, 0, 0, 0, 0, 255]"
66.503063,12,"[0, 48, 2, 0, 0, 0, 0, 255]"
66.503278,12,"[0, 48, 2, 0, 0, 0, 0, 255]"
66.503547,12,"[0, 48, 2, 0, 0, 0, 0, 255]"
66.503869,12,"[0, 48, 4, 0, 0, 0, 0, 255]"
66.504112,12,"[0, 48, 2, 0, 0, 0, 0, 255]"
66.504426,12,"[0, 48, 2, 0, 0, 0, 0, 255]"
66.504713,12,"[0, 48, 2, 0, 0, 0, 0, 255]"
66.505045,12,"[0, 48, 2, 0, 0, 0, 0, 255]"
66.505949,12,"[0, 48, 4, 0, 0, 0, 0, 255]"
66.505992,12,"[0, 48, 2, 0, 0, 0, 0, 255]"
66.506325,12,"[0, 48, 2, 0, 0, 0, 0, 255]"
66.50634,12,"[0, 48, 2, 0, 0, 0, 0, 255]"
66.506651,12,"[0, 48, 4, 0, 0, 0, 0, 255]"
66.506725,12,"[0, 48, 2, 0, 0, 0, 0, 255]"
66.507363,12,"[0, 48, 4, 0, 0, 0, 0, 255]"
66.507382,12,"[0, 48, 2, 0, 0, 0, 0, 255]"
66.507523,12,"[0, 48, 2, 0, 0, 0, 0, 255]"
66.507999,12,"[0, 48, 4, 0, 0, 0, 0, 255]"
66.508051,12,"[0, 48, 2, 0, 0, 0, 0, 255]"
66.50831,12,"[0, 48, 2, 0, 0, 0, 0, 255]"
66.508572,12,"[0, 48, 2, 0, 0, 0, 0, 255]"
66.508943,12,"[0, 48, 4, 0, 0, 0, 0, 255]"
66.509127,12,"[0, 48, 2, 0, 0, 0, 0, 255]"
66.50949,12,"[0, 48, 4, 0, 0, 0, 0, 255]"
66.509697,12,"[0, 48, 2, 0, 0, 0, 0, 255]"
66.509962,12,"[0, 48, 4, 0, 0, 0, 0, 255]"
66.510212,12,"[0, 48, 2, 0, 0, 0, 0, 255]"
66.510884,12,"[0, 48, 4, 0, 0, 0, 0, 255]"
66.510927,12,"[0, 48, 2, 0, 0, 0, 0, 255]"
66.511001,12,"[0, 48, 4, 0, 0, 0, 0, 255]"
66.511274,12,"[0, 48, 2, 0, 0, 0, 0, 255]"
66.511536,12,"[0, 48, 2, 0, 0, 0, 0, 255]"
66.511824,12,"[0, 48, 2, 0, 0, 0, 0, 255]"
66.512417,12,"[0, 48, 2, 0, 0, 0, 0, 255]"
66.512432,12,"[0, 48, 2, 0, 0, 0, 0, 255]"
66.512564,12,"[0, 48, 4, 0, 0, 0, 0, 255]"
66.5128,12,"[0, 48, 2, 0, 0, 0, 0, 255]"
66.513205,12,"[0, 48, 2, 0, 0, 0, 0, 255]"
66.513339,12,"[0, 48, 2, 0, 0, 0, 0, 255]"
66.513812,12,"[0, 48, 4, 0, 0, 0, 0, 255]"
66.513911,12,"[0, 48, 4, 0, 0, 0, 0, 255]"
66.514022,12,"[0, 48, 2, 0, 0, 0, 0, 255]"
66.51425,12,"[0, 48, 4, 0, 0, 0, 0, 255]"
66.514469,12,"[0, 48, 4, 0, 0, 0, 0, 255]"
66.514697,12,"[0, 48, 4, 0, 0, 0, 0, 255]"
66.514911,12,"[0, 48, 2, 0, 0, 0, 0, 255]"
66.515125,12,"[0, 48, 2, 0, 0, 0, 0, 255]"
66.515921,12,"[0, 48, 4, 0, 0, 0, 0, 255]"
66.515936,12,"[0, 48, 2, 0, 0, 0, 0, 255]"
66.515951,12,"[0, 48, 2, 0, 0, 0, 0, 255]"
66.516316,12,"[0, 48, 4, 0, 0, 0, 0, 255]"
66.516331,12,"[0, 48, 2, 0, 0, 0, 0, 255]"
66.516564,12,"[0, 48, 2, 0, 0, 0, 0, 255]"
66.516836,12,"[0, 48, 2, 0, 0, 0, 0, 255]"
66.517072,12,"[0, 48, 4, 0, 0, 0, 0, 255]"
66.517418,12,"[0, 48, 4, 0, 0, 0, 0, 255]"
66.517514,12,"[0, 48, 2, 0, 0, 0, 0, 255]"
66.517728,12,"[0, 48, 2, 0, 0, 0, 0, 255]"
66.517969,12,"[0, 48, 4, 0, 0, 0, 0, 255]"
66.518302,12,"[0, 48, 2, 0, 0, 0, 0, 255]"
66.518424,12,"[0, 48, 2, 0, 0, 0, 0, 255]"
66.51866,12,"[0, 48, 2, 0, 0, 0, 0, 255]"
66.518922,12,"[0, 48, 4, 0, 0, 0, 0, 255]"
66.51907,12,"[0, 48, 2, 0, 0, 0, 0, 255]"
66.519528,12,"[0, 48, 4, 0, 0, 0, 0, 255]"
66.519557,12,"[0, 48, 2, 0, 0, 0, 0, 255]"
66.519727,12,"[0, 48, 2, 0, 0, 0, 0, 255]"
66.519934,12,"[0, 48, 2, 0, 0, 0, 0, 255]"
66.52014,12,"[0, 48, 4, 0, 0, 0, 0, 255]"
66.520901,12,"[0, 48, 4, 0, 0, 0, 0, 255]"
66.520916,12,"[0, 48, 2, 0, 0, 0, 0, 255]"
66.520953,12,"[0, 48, 2, 0, 0, 0, 0, 255]"
66.521067,12,"[0, 48, 4, 0, 0, 0, 0, 255]"
66.521156,12,"[0, 48, 2, 0, 0, 0, 0, 255]"
66.521426,12,"[0, 48, 2, 0, 0, 0, 0, 255]"
66.521732,12,"[0, 48, 2, 0, 0, 0, 0, 255]"
66.521865,12,"[0, 48, 2, 0, 0, 0, 0, 255]"
66.522392,12,"[0, 48, 2, 0, 0, 0, 0, 255]"
66.522407,12,"[0, 48, 2, 0, 0, 0, 0, 255]"
66.52248,12,"[0, 48, 2, 0, 0, 0, 0, 255]"
66.522684,12,"[0, 48, 2, 0, 0, 0, 0, 255]"
66.522895,12,"[0, 48, 2, 0, 0, 0, 0, 255]"
66.523195,12,"[0, 48, 4, 0, 0, 0, 0, 255]"
66.523327,12,"[0, 48, 2, 0, 0, 0, 0, 255]"
66.52383,12,"[0, 48, 2, 0, 0, 0, 0, 255]"
66.523971,12,"[0, 48, 2, 0, 0, 0, 0, 255]"
66.524008,12,"[0, 48, 2, 0, 0, 0, 0, 255]"
66.524218,12,"[0, 48, 4, 0, 0, 0, 0, 255]"
66.524434,12,"[0, 48, 2, 0, 0, 0, 0, 255]"
66.524637,12,"[0, 48, 4, 0, 0, 0, 0, 255]"
66.524848,12,"[0, 48, 2, 0, 0, 0, 0, 255]"
66.525051,12,"[0, 48, 2, 0, 0, 0, 0, 255]"
66.525255,12,"[0, 48, 2, 0, 0, 0, 0, 255]"
66.525959,12,"[0, 48, 4, 0, 0, 0, 0, 255]"
66.525974,12,"[0, 48, 2, 0, 0, 0, 0, 255]"
66.52599,12,"[0, 48, 2, 0, 0, 0, 0, 255]"
66.52615,12,"[0, 48, 2, 0, 0, 0, 0, 255]"
66.526423,12,"[0, 48, 2, 0, 0, 0, 0, 255]"
66.526749,12,"[0, 48, 2, 0, 0, 0, 0, 255]"
66.527354,12,"[0, 48, 4, 0, 0, 0, 0, 255]"
66.527387,12,"[0, 48, 2, 0, 0, 0, 0, 255]"
66.52746,12,"[0, 48, 2, 0, 0, 0, 0, 255]"
66.527678,12,"[0, 48, 4, 0, 0, 0, 0, 255]"
66.527966,12,"[0, 48, 4, 0, 0, 0, 0, 255]"
66.52822,12,"[0, 48, 2, 0, 0, 0, 0, 255]"
66.528544,12,"[0, 48, 2, 0, 0, 0, 0, 255]"
66.528972,12,"[0, 48, 2, 0, 0, 0, 0, 255]"
66.52984,12,"[0, 48, 4, 0, 0, 0, 0, 255]"
66.529883,12,"[0, 48, 2, 0, 0, 0, 0, 255]"
66.530115,12,"[0, 48, 4, 0, 0, 0, 0, 255]"
66.530883,12,"[0, 48, 2, 0, 0, 0, 0, 255]"
66.530898,12,"[0, 48, 2, 0, 0, 0, 0, 255]"
66.531088,12,"[0, 48, 4, 0, 0, 0, 0, 255]"
66.531117,12,"[0, 48, 2, 0, 0, 0, 0, 255]"
66.531322,12,"[0, 48, 4, 0, 0, 0, 0, 255]"
66.531351,12,"[0, 48, 2, 0, 0, 0, 0, 255]"
66.531366,12,"[0, 48, 2, 0, 0, 0, 0, 255]"
66.53166,12,"[0, 48, 2, 0, 0, 0, 0, 255]"
66.531675,12,"[0, 48, 2, 0, 0, 0, 0, 255]"
66.531864,12,"[0, 48, 2, 0, 0, 0, 0, 255]"
66.532401,12,"[0, 48, 4, 0, 0, 0, 0, 255]"
66.532416,12,"[0, 48, 2, 0, 0, 0, 0, 255]"
66.532496,12,"[0, 48, 2, 0, 0, 0, 0, 255]"
66.532743,12,"[0, 48, 2, 0, 0, 0, 0, 255]"
66.532983,12,"[0, 48, 2, 0, 0, 0, 0, 255]"
66.533186,12,"[0, 48, 2, 0, 0, 0, 0, 255]"
66.533431,12,"[0, 48, 2, 0, 0, 0, 0, 255]"
66.533787,12,"[0, 48, 4, 0, 0, 0, 0, 255]"
66.533936,12,"[0, 48, 2, 0, 0, 0, 0, 255]"
66.534039,12,"[0, 48, 4, 0, 0, 0, 0, 255]"
66.534368,12,"[0, 48, 2, 0, 0, 0, 0, 255]"
66.534467,12,"[0, 48, 2, 0, 0, 0, 0, 255]"
66.534663,12,"[0, 48, 2, 0, 0, 0, 0, 255]"
66.534895,12,"[0, 48, 4, 0, 0, 0, 0, 255]"
66.535084,12,"[0, 48, 2, 0, 0, 0, 0, 255]"
66.535288,12,"[0, 48, 4, 0, 0, 0, 0, 255]"
66.535495,12,"[0, 48, 4, 0, 0, 0, 0, 255]"
66.535699,12,"[0, 48, 4, 0, 0, 0, 0, 255]"
66.536134,12,"[0, 48, 4, 0, 0, 0, 0, 255]"
66.536149,12,"[0, 48, 2, 0, 0, 0, 0, 255]"
66.536489,12,"[0, 48, 4, 0, 0, 0, 0, 255]"
66.536533,12,"[0, 48, 2, 0, 0, 0, 0, 255]"
66.536736,12,"[0, 48, 2, 0, 0, 0, 0, 255]"
66.537378,12,"[0, 48, 4, 0, 0, 0, 0, 255]"
66.537393,12,"[0, 48, 2, 0, 0, 0, 0, 255]"
66.53743,12,"[0, 48, 2, 0, 0, 0, 0, 255]"
66.537655,12,"[0, 48, 2, 0, 0, 0, 0, 255]"
66.53797,12,"[0, 48, 4, 0, 0, 0, 0, 255]"
66.538162,12,"[0, 48, 4, 0, 0, 0, 0, 255]"
66.538264,12,"[0, 48, 2, 0, 0, 0, 0, 255]"
66.538472,12,"[0, 48, 2, 0, 0, 0, 0, 255]"
66.538962,12,"[0, 48, 2, 0, 0, 0, 0, 255]"
66.538977,12,"[0, 48, 2, 0, 0, 0, 0, 255]"
66.539177,12,"[0, 48, 4, 0, 0, 0, 0, 255]"
66.53928,12,"[0, 48, 4, 0, 0, 0, 0, 255]"
66.53948,12,"[0, 48, 4, 0, 0, 0, 0, 255]"
66.539685,33880392,"[33, 107, 32, 76, 101, 102, 116, 32]"
66.539883,12,"[0, 48, 2, 0, 0, 0, 0, 255]"
66.540112,12,"[0, 48, 2, 0, 0, 0, 0, 255]"
66.540334,12,"[0, 48, 2, 0, 0, 0, 0, 255]"
66.540946,12,"[0, 48, 2, 0, 0, 0, 0, 255]"
66.540961,12,"[0, 48, 2, 0, 0, 0, 0, 255]"
66.541112,12,"[0, 48, 2, 0, 0, 0, 0, 255]"
66.541245,12,"[0, 48, 2, 0, 0, 0, 0, 255]"
66.541523,12,"[0, 48, 2, 0, 0, 0, 0, 255]"
66.541773,12,"[0, 48, 2, 0, 0, 0, 0, 255]"
66.54241,12,"[0, 48, 2, 0, 0, 0, 0, 255]"
66.542999,12,"[0, 48, 2, 0, 0, 0, 0, 255]"
66.543431,12,"[0, 48, 2, 0, 0, 0, 0, 255]"
66.54381,12,"[0, 48, 2, 0, 0, 0, 0, 255]"
66.544054,12,"[0, 48, 2, 0, 0, 0, 0, 255]"
66.544537,12,"[0, 48, 2, 0, 0, 0, 0, 255]"
66.545148,33880392,"[34, 84, 117, 114, 110, 170, 170, 170]"
66.545754,12,"[0, 48, 4, 0, 0, 0, 0, 255]"
66.546218,12,"[0, 48, 4, 0, 0, 0, 0, 255]"
66.546709,12,"[0, 48, 2, 0, 0, 0, 0, 255]"
66.547114,12,"[0, 48, 2, 0, 0, 0, 0, 255]"
66.547678,12,"[0, 48, 2, 0, 0, 0, 0, 255]"
66.548083,12,"[0, 48, 2, 0, 0, 0, 0, 255]"
66.548342,12,"[0, 48, 2, 0, 0, 0, 0, 255]"
66.548656,12,"[0, 48, 2, 0, 0, 0, 0, 255]"
66.549178,12,"[0, 48, 2, 0, 0, 0, 0, 255]"
66.5495,12,"[0, 48, 4, 0, 0, 0, 0, 255]"
66.549772,12,"[0, 48, 4, 0, 0, 0, 0, 255]"
66.550052,12,"[0, 48, 2, 0, 0, 0, 0, 255]"
66.550333,12,"[0, 48, 2, 0, 0, 0, 0, 255]"
66.550683,12,"[0, 48, 4, 0, 0, 0, 0, 255]"
66.551431,12,"[0, 48, 2, 0, 0, 0, 0, 255]"
66.551767,33880392,"[16, 98, 5, 9, 76, 73, 67, 45]"
66.552303,12,"[0, 48, 2, 0, 0, 0, 0, 255]"
66.552609,12,"[0, 48, 2, 0, 0, 0, 0, 255]"
66.552954,12,"[0, 48, 2, 0, 0, 0, 0, 255]"
66.553212,12,"[0, 48, 2, 0, 0, 0, 0, 255]"
66.553453,12,"[0, 48, 2, 0, 0, 0, 0, 255]"
66.553829,12,"[0, 48, 4, 0, 0, 0, 0, 255]"
66.553925,12,"[0, 48, 2, 0, 0, 0, 0, 255]"
66.554168,12,"[0, 48, 2, 0, 0, 0, 0, 255]"
66.554438,12,"[0, 48, 2, 0, 0, 0, 0, 255]"
66.554711,12,"[0, 48, 2, 0, 0, 0, 0, 255]"
66.55494,12,"[0, 48, 2, 0, 0, 0, 0, 255]"
66.55524,12,"[0, 48, 4, 0, 0, 0, 0, 255]"
66.555834,12,"[0, 48, 4, 0, 0, 0, 0, 255]"
66.556217,12,"[0, 48, 2, 0, 0, 0, 0, 255]"
66.556538,12,"[0, 48, 2, 0, 0, 0, 0, 255]"
66.556958,12,"[0, 48, 4, 0, 0, 0, 0, 255]"
66.557298,12,"[0, 48, 4, 0, 0, 0, 0, 255]"
66.557618,12,"[0, 48, 4, 0, 0, 0, 0, 255]"
66.557935,12,"[0, 48, 2, 0, 0, 0, 0, 255]"
66.558522,12,"[0, 48, 2, 0, 0, 0, 0, 255]"
66.558919,12,"[0, 48, 2, 0, 0, 0, 0, 255]"
66.559545,12,"[0, 48, 4, 0, 0, 0, 0, 255]"
66.55956,12,"[0, 48, 2, 0, 0, 0, 0, 255]"
66.56007,12,"[0, 48, 4, 0, 0, 0, 0, 255]"
66.560305,12,"[0, 48, 4, 0, 0, 0, 0, 255]"
66.560427,12,"[0, 48, 2, 0, 0, 0, 0, 255]"
66.560953,12,"[0, 48, 4, 0, 0, 0, 0, 255]"
66.560996,12,"[0, 48, 2, 0, 0, 0, 0, 255]"
66.561254,12,"[0, 48, 2, 0, 0, 0, 0, 255]"
66.565642,33880392,"[34, 55, 56, 56, 56, 0, 0, 0]"
66.56595,12,"[0, 48, 2, 0, 0, 0, 0, 255]"
66.566191,12,"[0, 48, 4, 0, 0, 0, 0, 255]"
66.566467,12,"[0, 48, 4, 0, 0, 0, 0, 255]"
66.566666,12,"[0, 48, 2, 0, 0, 0, 0, 255]"
66.567133,12,"[0, 48, 4, 0, 0, 0, 0, 255]"
66.5674,12,"[0, 48, 4, 0, 0, 0, 0, 255]"
66.567415,12,"[0, 48, 2, 0, 0, 0, 0, 255]"
66.567489,12,"[0, 48, 2, 0, 0, 0, 0, 255]"
66.567696,12,"[0, 48, 2, 0, 0, 0, 0, 255]"
66.568107,12,"[0, 48, 2, 0, 0, 0, 0, 255]"
66.568262,12,"[0, 48, 4, 0, 0, 0, 0, 255]"
66.56833,12,"[0, 48, 2, 0, 0, 0, 0, 255]"
66.568533,12,"[0, 48, 2, 0, 0, 0, 0, 255]"
66.568951,12,"[0, 48, 4, 0, 0, 0, 0, 255]"
66.568966,12,"[0, 48, 2, 0, 0, 0, 0, 255]"
66.569143,12,"[0, 48, 2, 0, 0, 0, 0, 255]"
66.569557,12,"[0, 48, 4, 0, 0, 0, 0, 255]"
66.569572,12,"[0, 48, 2, 0, 0, 0, 0, 255]"
66.569964,12,"[0, 48, 4, 0, 0, 0, 0, 255]"
66.57028,12,"[0, 48, 4, 0, 0, 0, 0, 255]"
66.570337,12,"[0, 48, 2, 0, 0, 0, 0, 255]"
66.570904,12,"[0, 48, 4, 0, 0, 0, 0, 255]"
66.570947,12,"[0, 48, 2, 0, 0, 0, 0, 255]"
66.570962,12,"[0, 48, 2, 0, 0, 0, 0, 255]"
66.571129,12,"[0, 48, 2, 0, 0, 0, 0, 255]"
66.571425,12,"[0, 48, 2, 0, 0, 0, 0, 255]"
66.571679,12,"[0, 48, 4, 0, 0, 0, 0, 255]"
66.571933,12,"[0, 48, 4, 0, 0, 0, 0, 255]"
66.572165,12,"[0, 48, 2, 0, 0, 0, 0, 255]"
66.572438,12,"[0, 48, 2, 0, 0, 0, 0, 255]"
66.572692,12,"[0, 48, 2, 0, 0, 0, 0, 255]"
66.573184,12,"[0, 48, 4, 0, 0, 0, 0, 255]"
66.573236,12,"[0, 48, 2, 0, 0, 0, 0, 255]"
66.573487,12,"[0, 48, 2, 0, 0, 0, 0, 255]"
66.573806,12,"[0, 48, 2, 0, 0, 0, 0, 255]"
66.574032,12,"[0, 48, 2, 0, 0, 0, 0, 255]"
66.574286,12,"[0, 48, 2, 0, 0, 0, 0, 255]"
66.574516,12,"[0, 48, 2, 0, 0, 0, 0, 255]"
66.574755,12,"[0, 48, 2, 0, 0, 0, 0, 255]"
66.574988,12,"[0, 48, 2, 0, 0, 0, 0, 255]"
66.575206,12,"[0, 48, 2, 0, 0, 0, 0, 255]"
66.575946,12,"[0, 48, 4, 0, 0, 0, 0, 255]"
66.575988,12,"[0, 48, 2, 0, 0, 0, 0, 255]"
66.57624,12,"[0, 48, 4, 0, 0, 0, 0, 255]"
66.576562,12,"[0, 48, 2, 0, 0, 0, 0, 255]"
66.576605,12,"[0, 48, 2, 0, 0, 0, 0, 255]"
66.577097,12,"[0, 48, 2, 0, 0, 0, 0, 255]"
66.577826,12,"[0, 48, 4, 0, 0, 0, 0, 255]"
66.578196,12,"[0, 48, 4, 0, 0, 0, 0, 255]"
66.578455,12,"[0, 48, 2, 0, 0, 0, 0, 255]"
66.578702,12,"[0, 48, 2, 0, 0, 0, 0, 255]"
66.578934,12,"[0, 48, 2, 0, 0, 0, 0, 255]"
66.579174,12,"[0, 48, 2, 0, 0, 0, 0, 255]"
66.579425,12,"[0, 48, 2, 0, 0, 0, 0, 255]"
66.579658,12,"[0, 48, 2, 0, 0, 0, 0, 255]"
66.579897,12,"[0, 48, 2, 0, 0, 0, 0, 255]"
66.580255,12,"[0, 48, 4, 0, 0, 0, 0, 255]"
66.580895,12,"[0, 48, 4, 0, 0, 0, 0, 255]"
66.58096,12,"[0, 48, 2, 0, 0, 0, 0, 255]"
66.581072,12,"[0, 48, 4, 0, 0, 0, 0, 255]"
66.581211,12,"[0, 48, 2, 0, 0, 0, 0, 255]"
66.58147,12,"[0, 48, 2, 0, 0, 0, 0, 255]"
66.581709,12,"[0, 48, 4, 0, 0, 0, 0, 255]"
66.581949,12,"[0, 48, 4, 0, 0, 0, 0, 255]"
66.582188,12,"[0, 48, 4, 0, 0, 0, 0, 255]"
66.582433,12,"[0, 48, 2, 0, 0, 0, 0, 255]"
66.582679,12,"[0, 48, 2, 0, 0, 0, 0, 255]"
66.583332,12,"[0, 48, 4, 0, 0, 0, 0, 255]"
66.583361,12,"[0, 48, 2, 0, 0, 0, 0, 255]"
66.583431,12,"[0, 48, 2, 0, 0, 0, 0, 255]"
66.583673,33880392,"[38, 56, 48, 56, 50, 55, 57, 48]"
66.583911,12,"[0, 48, 4, 0, 0, 0, 0, 255]"
66.584158,12,"[0, 48, 2, 0, 0, 0, 0, 255]"
66.584431,12,"[0, 48, 2, 0, 0, 0, 0, 255]"
66.584678,12,"[0, 48, 2, 0, 0, 0, 0, 255]"
66.584917,12,"[0, 48, 2, 0, 0, 0, 0, 255]"
66.585186,12,"[0, 48, 2, 0, 0, 0, 0, 255]"
66.585956,12,"[0, 48, 4, 0, 0, 0, 0, 255]"
66.585999,12,"[0, 48, 2, 0, 0, 0, 0, 255]"
66.586343,12,"[0, 48, 4, 0, 0, 0, 0, 255]"
66.586372,12,"[0, 48, 2, 0, 0, 0, 0, 255]"
66.586435,12,"[0, 48, 2, 0, 0, 0, 0, 255]"
66.586682,12,"[0, 48, 2, 0, 0, 0, 0, 255]"
66.586927,12,"[0, 48, 4, 0, 0, 0, 0, 255]"
66.587427,12,"[0, 48, 4, 0, 0, 0, 0, 255]"
66.587456,12,"[0, 48, 2, 0, 0, 0, 0, 255]"
66.58758,12,"[0, 48, 4, 0, 0, 0, 0, 255]"
66.587827,12,"[0, 48, 2, 0, 0, 0, 0, 255]"
66.588067,12,"[0, 48, 2, 0, 0, 0, 0, 255]"
66.588307,12,"[0, 48, 2, 0, 0, 0, 0, 255]"
66.588551,12,"[0, 48, 2, 0, 0, 0, 0, 255]"
66.588784,33880392,"[39, 48, 45, 70, 82, 67, 45, 48]"
66.589122,12,"[0, 48, 2, 0, 0, 0, 0, 255]"
66.589444,12,"[0, 48, 4, 0, 0, 0, 0, 255]"
66.58976,12,"[0, 48, 2, 0, 0, 0, 0, 255]"
66.590092,12,"[0, 48, 2, 0, 0, 0, 0, 255]"
66.590428,12,"[0, 48, 4, 0, 0, 0, 0, 255]"
66.590967,12,"[0, 48, 4, 0, 0, 0, 0, 255]"
66.591012,12,"[0, 48, 2, 0, 0, 0, 0, 255]"
66.591315,12,"[0, 48, 2, 0, 0, 0, 0, 255]"
66.591636,12,"[0, 48, 2, 0, 0, 0, 0, 255]"
66.591989,12,"[0, 48, 2, 0, 0, 0, 0, 255]"
66.592408,12,"[0, 48, 4, 0, 0, 0, 0, 255]"
66.592622,12,"[0, 48, 2, 0, 0, 0, 0, 255]"
66.593554,12,"[0, 48, 2, 0, 0, 0, 0, 255]"
66.594308,33880392,"[40, 50, 49, 50, 57, 0, 0, 0]"
66.594884,12,"[0, 48, 4, 0, 0, 0, 0, 255]"
66.595127,12,"[0, 48, 2, 0, 0, 0, 0, 255]"
66.595874,12,"[0, 48, 2, 0, 0, 0, 0, 255]"
66.595889,12,"[0, 48, 2, 0, 0, 0, 0, 255]"
66.596389,12,"[0, 48, 4, 0, 0, 0, 0, 255]"
66.596426,12,"[0, 48, 2, 0, 0, 0, 0, 255]"
66.596441,12,"[0, 48, 2, 0, 0, 0, 0, 255]"
66.596647,12,"[0, 48, 2, 0, 0, 0, 0, 255]"
66.596662,12,"[0, 48, 2, 0, 0, 0, 0, 255]"
66.597081,12,"[0, 48, 4, 0, 0, 0, 0, 255]"
66.597432,12,"[0, 48, 4, 0, 0, 0, 0, 255]"
66.597461,12,"[0, 48, 2, 0, 0, 0, 0, 255]"
66.597498,12,"[0, 48, 2, 0, 0, 0, 0, 255]"
66.597712,12,"[0, 48, 2, 0, 0, 0, 0, 255]"
66.59813,12,"[0, 48, 4, 0, 0, 0, 0, 255]"
66.598145,12,"[0, 48, 2, 0, 0, 0, 0, 255]"
66.598323,12,"[0, 48, 2, 0, 0, 0, 0, 255]"
66.598534,12,"[0, 48, 2, 0, 0, 0, 0, 255]"
66.598734,33880392,"[41, 0, 0, 0, 0, 76, 73, 67]"
66.598939,4,"[0, 76, 0, 0, 0, 0, 0, 126]"
66.599145,12,"[0, 48, 2, 0, 0, 0, 0, 255]"
66.599556,12,"[0, 48, 4, 0, 0, 0, 0, 255]"
66.599667,12,"[0, 48, 2, 0, 0, 0, 0, 255]"
66.600085,12,"[0, 48, 4, 0, 0, 0, 0, 255]"
66.60032,12,"[0, 48, 4, 0, 0, 0, 0, 255]"
66.601079,12,"[0, 48, 4, 0, 0, 0, 0, 255]"
66.601116,12,"[0, 48, 2, 0, 0, 0, 0, 255]"
66.601132,12,"[0, 48, 2, 0, 0, 0, 0, 255]"
66.601203,12,"[0, 48, 2, 0, 0, 0, 0, 255]"
66.601218,12,"[0, 48, 2, 0, 0, 0, 0, 255]"
66.601315,12,"[0, 48, 2, 0, 0, 0, 0, 255]"
66.601518,12,"[0, 48, 2, 0, 0, 0, 0, 255]"
66.601725,12,"[0, 48, 4, 0, 0, 0, 0, 255]"
66.601931,12,"[0, 48, 2, 0, 0, 0, 0, 255]"
66.602396,12,"[0, 48, 4, 0, 0, 0, 0, 255]"
66.602411,12,"[0, 48, 2, 0, 0, 0, 0, 255]"
66.602559,12,"[0, 48, 2, 0, 0, 0, 0, 255]"
66.602856,12,"[0, 48, 2, 0, 0, 0, 0, 255]"
66.603065,12,"[0, 48, 4, 0, 0, 0, 0, 255]"
66.603253,12,"[0, 48, 4, 0, 0, 0, 0, 255]"
66.603427,12,"[0, 48, 2, 0, 0, 0, 0, 255]"
66.603673,33880392,"[42, 45, 50, 53, 45, 56, 48, 56]"
66.60387,4,"[0, 76, 0, 0, 0, 0, 0, 126]"
66.604075,12,"[0, 48, 2, 0, 0, 0, 0, 255]"
66.604406,12,"[0, 48, 2, 0, 0, 0, 0, 255]"
66.604539,12,"[0, 48, 2, 0, 0, 0, 0, 255]"
66.604834,12,"[0, 48, 2, 0, 0, 0, 0, 255]"
66.60504,12,"[0, 48, 2, 0, 0, 0, 0, 255]"
66.605247,12,"[0, 48, 4, 0, 0, 0, 0, 255]"
66.60545,12,"[0, 48, 4, 0, 0, 0, 0, 255]"
66.605952,12,"[0, 48, 4, 0, 0, 0, 0, 255]"
66.605981,12,"[0, 48, 2, 0, 0, 0, 0, 255]"
66.606055,12,"[0, 48, 2, 0, 0, 0, 0, 255]"
66.606361,12,"[0, 48, 2, 0, 0, 0, 0, 255]"
66.606461,12,"[0, 48, 2, 0, 0, 0, 0, 255]"
66.606668,12,"[0, 48, 4, 0, 0, 0, 0, 255]"
66.606867,12,"[0, 48, 2, 0, 0, 0, 0, 255]"
66.607487,12,"[0, 48, 2, 0, 0, 0, 0, 255]"
66.607503,12,"[0, 48, 2, 0, 0, 0, 0, 255]"
66.607532,12,"[0, 48, 2, 0, 0, 0, 0, 255]"
66.607694,12,"[0, 48, 2, 0, 0, 0, 0, 255]"
66.608013,12,"[0, 48, 4, 0, 0, 0, 0, 255]"
66.60827,12,"[0, 48, 2, 0, 0, 0, 0, 255]"
66.608308,12,"[0, 48, 2, 0, 0, 0, 0, 255]"
66.608512,12,"[0, 48, 2, 0, 0, 0, 0, 255]"
66.608718,4,"[0, 76, 0, 0, 0, 0, 0, 126]"
66.608922,33880392,"[43, 50, 55, 57, 48, 48, 45, 70]"
66.609127,12,"[0, 48, 2, 0, 0, 0, 0, 255]"
66.60952,12,"[0, 48, 4, 0, 0, 0, 0, 255]"
66.609733,12,"[0, 48, 4, 0, 0, 0, 0, 255]"
66.609947,12,"[0, 48, 2, 0, 0, 0, 0, 255]"
66.610153,12,"[0, 48, 2, 0, 0, 0, 0, 255]"
66.610431,12,"[0, 48, 4, 0, 0, 0, 0, 255]"
66.610674,12,"[0, 48, 4, 0, 0, 0, 0, 255]"
66.611099,12,"[0, 48, 4, 0, 0, 0, 0, 255]"
66.611114,12,"[0, 48, 2, 0, 0, 0, 0, 255]"
66.611307,12,"[0, 48, 2, 0, 0, 0, 0, 255]"
66.61151,12,"[0, 48, 2, 0, 0, 0, 0, 255]"
66.61173,12,"[0, 48, 2, 0, 0, 0, 0, 255]"
66.611937,12,"[0, 48, 2, 0, 0, 0, 0, 255]"
66.612409,12,"[0, 48, 4, 0, 0, 0, 0, 255]"
66.612424,12,"[0, 48, 2, 0, 0, 0, 0, 255]"
66.61255,12,"[0, 48, 2, 0, 0, 0, 0, 255]"
66.61294,12,"[0, 48, 4, 0, 0, 0, 0, 255]"
66.612977,12,"[0, 48, 2, 0, 0, 0, 0, 255]"
66.613183,12,"[0, 48, 2, 0, 0, 0, 0, 255]"
66.613432,12,"[0, 48, 2, 0, 0, 0, 0, 255]"
66.613659,4,"[0, 76, 0, 0, 0, 0, 0, 126]"
66.613857,33880392,"[44, 82, 67, 45, 48, 50, 49, 50]"
66.614054,12,"[0, 48, 2, 0, 0, 0, 0, 255]"
66.614268,12,"[0, 48, 2, 0, 0, 0, 0, 255]"
66.614472,12,"[0, 48, 2, 0, 0, 0, 0, 255]"
66.614671,12,"[0, 48, 2, 0, 0, 0, 0, 255]"
66.614877,12,"[0, 48, 2, 0, 0, 0, 0, 255]"
66.615091,12,"[0, 48, 2, 0, 0, 0, 0, 255]"
66.61588,12,"[0, 48, 4, 0, 0, 0, 0, 255]"
66.615931,12,"[0, 48, 2, 0, 0, 0, 0, 255]"
66.616334,12,"[0, 48, 2, 0, 0, 0, 0, 255]"
66.61635,12,"[0, 48, 2, 0, 0, 0, 0, 255]"
66.616708,12,"[0, 48, 2, 0, 0, 0, 0, 255]"
66.616723,12,"[0, 48, 2, 0, 0, 0, 0, 255]"
66.617373,12,"[0, 48, 4, 0, 0, 0, 0, 255]"
66.617393,12,"[0, 48, 2, 0, 0, 0, 0, 255]"
66.617408,12,"[0, 48, 2, 0, 0, 0, 0, 255]"
66.617504,12,"[0, 48, 2, 0, 0, 0, 0, 255]"
66.617747,12,"[0, 48, 4, 0, 0, 0, 0, 255]"
66.618026,12,"[0, 48, 4, 0, 0, 0, 0, 255]"
66.618232,12,"[0, 48, 4, 0, 0, 0, 0, 255]"
66.618492,12,"[0, 48, 2, 0, 0, 0, 0, 255]"
66.618734,33880392,"[45, 57, 0, 0, 0, 0, 0, 0]"
66.618971,12,"[0, 48, 4, 0, 0, 0, 0, 255]"
66.619225,12,"[0, 48, 2, 0, 0, 0, 0, 255]"
66.620253,12,"[0, 48, 4, 0, 0, 0, 0, 255]"
66.620412,12,"[0, 48, 4, 0, 0, 0, 0, 255]"
66.620491,12,"[0, 48, 4, 0, 0, 0, 0, 255]"
66.621009,12,"[0, 48, 4, 0, 0, 0, 0, 255]"
66.621024,12,"[0, 48, 2, 0, 0, 0, 0, 255]"
66.621039,12,"[0, 48, 2, 0, 0, 0, 0, 255]"
66.621166,12,"[0, 48, 2, 0, 0, 0, 0, 255]"
66.621246,12,"[0, 48, 2, 0, 0, 0, 0, 255]"
66.621484,12,"[0, 48, 2, 0, 0, 0, 0, 255]"
66.621752,12,"[0, 48, 2, 0, 0, 0, 0, 255]"
66.621963,12,"[0, 48, 2, 0, 0, 0, 0, 255]"
66.622394,12,"[0, 48, 4, 0, 0, 0, 0, 255]"
66.622431,12,"[0, 48, 2, 0, 0, 0, 0, 255]"
66.622671,12,"[0, 48, 2, 0, 0, 0, 0, 255]"
66.622896,12,"[0, 48, 4, 0, 0, 0, 0, 255]"
66.623092,12,"[0, 48, 2, 0, 0, 0, 0, 255]"
66.623296,12,"[0, 48, 4, 0, 0, 0, 0, 255]"
66.623525,12,"[0, 48, 2, 0, 0, 0, 0, 255]"
66.623786,33880392,"[46, 0, 170, 170, 170, 170, 170, 170]"
66.624038,12,"[0, 48, 2, 0, 0, 0, 0, 255]"
66.624256,12,"[0, 48, 2, 0, 0, 0, 0, 255]"
66.624479,12,"[0, 48, 2, 0, 0, 0, 0, 255]"
66.624675,12,"[0, 48, 2, 0, 0, 0, 0, 255]"
66.624901,12,"[0, 48, 2, 0, 0, 0, 0, 255]"
66.625104,12,"[0, 48, 2, 0, 0, 0, 0, 255]"
66.625634,12,"[0, 48, 4, 0, 0, 0, 0, 255]"
66.625986,4,"[0, 76, 0, 0, 0, 0, 0, 126]"
66.626003,33880392,"[16, 34, 5, 15, 235, 114, 253, 123]"
66.626058,4,"[0, 48, 0, 0, 0, 0, 0, 255]"
66.626145,12,"[0, 48, 2, 0, 0, 0, 0, 255]"
66.626433,12,"[0, 48, 2, 0, 0, 0, 0, 255]"
66.626629,12,"[0, 48, 2, 0, 0, 0, 0, 255]"
66.626818,12,"[0, 48, 2, 0, 0, 0, 0, 255]"
66.627336,12,"[0, 48, 4, 0, 0, 0, 0, 255]"
66.627365,12,"[0, 48, 2, 0, 0, 0, 0, 255]"
66.627442,12,"[0, 48, 2, 0, 0, 0, 0, 255]"
66.627631,12,"[0, 48, 2, 0, 0, 0, 0, 255]"
66.628051,12,"[0, 48, 2, 0, 0, 0, 0, 255]"
66.628108,12,"[0, 48, 2, 0, 0, 0, 0, 255]"
66.628232,12,"[0, 48, 2, 0, 0, 0, 0, 255]"
66.628433,12,"[0, 48, 2, 0, 0, 0, 0, 255]"
66.628651,12,"[0, 48, 2, 0, 0, 0, 0, 255]"
66.62891,12,"[0, 48, 2, 0, 0, 0, 0, 255]"
66.629034,12,"[0, 48, 2, 0, 0, 0, 0, 255]"
66.629536,12,"[0, 48, 2, 0, 0, 0, 0, 255]"
66.629551,12,"[0, 48, 2, 0, 0, 0, 0, 255]"
66.629842,12,"[0, 48, 4, 0, 0, 0, 0, 255]"
66.631002,12,"[0, 48, 2, 0, 0, 0, 0, 255]"
66.631017,12,"[0, 48, 2, 0, 0, 0, 0, 255]"
66.631033,12,"[0, 48, 2, 0, 0, 0, 0, 255]"
66.631048,12,"[0, 48, 2, 0, 0, 0, 0, 255]"
66.631127,12,"[0, 48, 2, 0, 0, 0, 0, 255]"
66.631156,12,"[0, 48, 2, 0, 0, 0, 0, 255]"
66.631185,12,"[0, 48, 2, 0, 0, 0, 0, 255]"
66.631429,12,"[0, 48, 2, 0, 0, 0, 0, 255]"
66.631633,12,"[0, 48, 2, 0, 0, 0, 0, 255]"
66.631836,12,"[0, 48, 2, 0, 0, 0, 0, 255]"
66.632429,12,"[0, 48, 4, 0, 0, 0, 0, 255]"
66.632466,12,"[0, 48, 2, 0, 0, 0, 0, 255]"
66.63262,4,"[0, 76, 0, 0, 0, 0, 0, 126]"
66.632659,33880392,"[33, 146, 6, 163, 167, 0, 0, 0]"
66.632839,12,"[0, 48, 2, 0, 0, 0, 0, 255]"
66.633217,12,"[0, 48, 4, 0, 0, 0, 0, 255]"
66.633291,12,"[0, 48, 2, 0, 0, 0, 0, 255]"
66.633476,12,"[0, 48, 2, 0, 0, 0, 0, 255]"
66.633702,12,"[0, 48, 2, 0, 0, 0, 0, 255]"
66.633961,12,"[0, 48, 2, 0, 0, 0, 0, 255]"
66.634107,12,"[0, 48, 2, 0, 0, 0, 0, 255]"
66.634385,12,"[0, 48, 4, 0, 0, 0, 0, 255]"
66.634509,12,"[0, 48, 2, 0, 0, 0, 0, 255]"
66.634749,12,"[0, 48, 2, 0, 0, 0, 0, 255]"
66.634981,12,"[0, 48, 2, 0, 0, 0, 0, 255]"
66.635953,12,"[0, 48, 4, 0, 0, 0, 0, 255]"
66.635968,12,"[0, 48, 2, 0, 0, 0, 0, 255]"
66.635983,12,"[0, 48, 2, 0, 0, 0, 0, 255]"
66.635999,12,"[0, 48, 2, 0, 0, 0, 0, 255]"
66.636361,12,"[0, 48, 4, 0, 0, 0, 0, 255]"
66.636408,12,"[0, 48, 2, 0, 0, 0, 0, 255]"
66.636597,12,"[0, 48, 4, 0, 0, 0, 0, 255]"
66.636793,12,"[0, 48, 2, 0, 0, 0, 0, 255]"
66.637326,12,"[0, 48, 4, 0, 0, 0, 0, 255]"
66.637355,12,"[0, 48, 2, 0, 0, 0, 0, 255]"
66.637433,12,"[0, 48, 2, 0, 0, 0, 0, 255]"
66.637651,12,"[0, 48, 2, 0, 0, 0, 0, 255]"
66.638035,12,"[0, 48, 4, 0, 0, 0, 0, 255]"
66.638253,12,"[0, 48, 2, 0, 0, 0, 0, 255]"
66.63832,12,"[0, 48, 2, 0, 0, 0, 0, 255]"
66.638513,12,"[0, 48, 2, 0, 0, 0, 0, 255]"
66.638731,12,"[0, 48, 2, 0, 0, 0, 0, 255]"
66.638993,12,"[0, 48, 4, 0, 0, 0, 0, 255]"
66.639196,12,"[0, 48, 2, 0, 0, 0, 0, 255]"
66.639572,12,"[0, 48, 4, 0, 0, 0, 0, 255]"
66.639689,12,"[0, 48, 2, 0, 0, 0, 0, 255]"
66.639892,12,"[0, 48, 2, 0, 0, 0, 0, 255]"
66.640153,12,"[0, 48, 4, 0, 0, 0, 0, 255]"
66.640976,12,"[0, 48, 4, 0, 0, 0, 0, 255]"
66.640991,12,"[0, 48, 2, 0, 0, 0, 0, 255]"
66.641007,12,"[0, 48, 2, 0, 0, 0, 0, 255]"
66.641036,12,"[0, 48, 2, 0, 0, 0, 0, 255]"
66.641152,12,"[0, 48, 2, 0, 0, 0, 0, 255]"
66.641416,12,"[0, 48, 4, 0, 0, 0, 0, 255]"
66.641561,12,"[0, 48, 2, 0, 0, 0, 0, 255]"
66.64175,12,"[0, 48, 2, 0, 0, 0, 0, 255]"
66.642156,12,"[0, 48, 4, 0, 0, 0, 0, 255]"
66.642255,12,"[0, 48, 4, 0, 0, 0, 0, 255]"
66.64235,12,"[0, 48, 4, 0, 0, 0, 0, 255]"
66.642565,12,"[0, 48, 2, 0, 0, 0, 0, 255]"
66.642783,12,"[0, 48, 2, 0, 0, 0, 0, 255]"
66.642979,12,"[0, 48, 2, 0, 0, 0, 0, 255]"
66.643197,12,"[0, 48, 2, 0, 0, 0, 0, 255]"
66.643434,12,"[0, 48, 2, 0, 0, 0, 0, 255]"
66.643911,12,"[0, 48, 4, 0, 0, 0, 0, 255]"
66.643926,12,"[0, 48, 2, 0, 0, 0, 0, 255]"
66.644079,12,"[0, 48, 2, 0, 0, 0, 0, 255]"
66.644374,12,"[0, 48, 4, 0, 0, 0, 0, 255]"
66.644509,12,"[0, 48, 2, 0, 0, 0, 0, 255]"
66.644698,12,"[0, 48, 2, 0, 0, 0, 0, 255]"
66.644887,12,"[0, 48, 2, 0, 0, 0, 0, 255]"
66.645098,12,"[0, 48, 2, 0, 0, 0, 0, 255]"
66.645865,12,"[0, 48, 2, 0, 0, 0, 0, 255]"
66.64588,12,"[0, 48, 2, 0, 0, 0, 0, 255]"
66.645895,12,"[0, 48, 2, 0, 0, 0, 0, 255]"
66.646339,12,"[0, 48, 4, 0, 0, 0, 0, 255]"
66.646368,12,"[0, 48, 2, 0, 0, 0, 0, 255]"
66.646632,12,"[0, 48, 4, 0, 0, 0, 0, 255]"
66.646675,12,"[0, 48, 2, 0, 0, 0, 0, 255]"
66.647343,12,"[0, 48, 4, 0, 0, 0, 0, 255]"
66.647372,12,"[0, 48, 2, 0, 0, 0, 0, 255]"
66.647581,4,"[0, 76, 0, 0, 0, 0, 0, 126]"
66.647597,33880392,"[36, 34, 204, 112, 24, 10, 194, 18]"
66.647719,12,"[0, 48, 4, 0, 0, 0, 0, 255]"
66.647776,12,"[0, 48, 4, 0, 0, 0, 0, 255]"
66.647916,12,"[0, 48, 2, 0, 0, 0, 0, 255]"
66.648167,12,"[0, 48, 2, 0, 0, 0, 0, 255]"
66.64843,12,"[0, 48, 2, 0, 0, 0, 0, 255]"
66.648673,12,"[0, 48, 2, 0, 0, 0, 0, 255]"
66.648887,12,"[0, 48, 4, 0, 0, 0, 0, 255]"
66.649101,12,"[0, 48, 2, 0, 0, 0, 0, 255]"
66.649559,12,"[0, 48, 4, 0, 0, 0, 0, 255]"
66.649574,12,"[0, 48, 2, 0, 0, 0, 0, 255]"
66.649722,12,"[0, 48, 4, 0, 0, 0, 0, 255]"
66.649935,12,"[0, 48, 2, 0, 0, 0, 0, 255]"
66.650156,12,"[0, 48, 2, 0, 0, 0, 0, 255]"
66.650356,4,"[0, 76, 0, 0, 0, 0, 0, 126]"
66.650565,33880403,"[6, 126, 2, 4, 252, 72, 19, 170]"
66.650912,4,"[0, 48, 0, 0, 0, 0, 0, 255]"
66.650998,12,"[0, 48, 2, 0, 0, 0, 0, 255]"
66.651175,12,"[0, 48, 2, 0, 0, 0, 0, 255]"
66.651459,12,"[0, 48, 2, 0, 0, 0, 0, 255]"
66.651643,12,"[0, 48, 2, 0, 0, 0, 0, 255]"
66.651842,12,"[0, 48, 2, 0, 0, 0, 0, 255]"
66.652161,12,"[0, 48, 4, 0, 0, 0, 0, 255]"
66.65225,12,"[0, 48, 4, 0, 0, 0, 0, 255]"
66.652454,12,"[0, 48, 2, 0, 0, 0, 0, 255]"
66.65266,12,"[0, 48, 2, 0, 0, 0, 0, 255]"
66.652881,12,"[0, 48, 2, 0, 0, 0, 0, 255]"
66.653242,12,"[0, 48, 4, 0, 0, 0, 0, 255]"
66.653287,12,"[0, 48, 2, 0, 0, 0, 0, 255]"
66.653491,12,"[0, 48, 2, 0, 0, 0, 0, 255]"
66.653746,12,"[0, 48, 4, 0, 0, 0, 0, 255]"
66.653893,12,"[0, 48, 2, 0, 0, 0, 0, 255]"
66.654093,12,"[0, 48, 2, 0, 0, 0, 0, 255]"
66.65443,12,"[0, 48, 4, 0, 0, 0, 0, 255]"
66.654497,12,"[0, 48, 2, 0, 0, 0, 0, 255]"
66.654703,12,"[0, 48, 2, 0, 0, 0, 0, 255]"
66.654902,12,"[0, 48, 2, 0, 0, 0, 0, 255]"
66.655102,12,"[0, 48, 2, 0, 0, 0, 0, 255]"
66.655941,12,"[0, 48, 2, 0, 0, 0, 0, 255]"
66.655956,12,"[0, 48, 2, 0, 0, 0, 0, 255]"
66.656041,12,"[0, 48, 4, 0, 0, 0, 0, 255]"
66.656429,4,"[0, 76, 0, 0, 0, 0, 0, 126]"
66.656446,33880403,"[16, 98, 240, 26, 1, 0, 5, 251]"
66.656488,12,"[0, 12, 4, 0, 0, 0, 0, 127]"
66.656553,4,"[0, 48, 0, 0, 0, 0, 0, 255]"
66.656722,12,"[0, 48, 2, 0, 0, 0, 0, 255]"
66.656928,12,"[0, 48, 2, 0, 0, 0, 0, 255]"
66.657435,12,"[0, 48, 4, 0, 0, 0, 0, 255]"
66.65745,12,"[0, 48, 2, 0, 0, 0, 0, 255]"
66.657532,12,"[0, 48, 2, 0, 0, 0, 0, 255]"
66.657731,12,"[0, 48, 2, 0, 0, 0, 0, 255]"
66.657937,12,"[0, 48, 2, 0, 0, 0, 0, 255]"
66.658214,12,"[0, 48, 4, 0, 0, 0, 0, 255]"
66.65834,12,"[0, 48, 2, 0, 0, 0, 0, 255]"
66.658551,12,"[0, 48, 2, 0, 0, 0, 0, 255]"
66.658997,12,"[0, 48, 2, 0, 0, 0, 0, 255]"
66.659623,12,"[0, 48, 4, 0, 0, 0, 0, 255]"
66.659638,12,"[0, 48, 2, 0, 0, 0, 0, 255]"
66.65983,12,"[0, 48, 4, 0, 0, 0, 0, 255]"
66.659881,12,"[0, 48, 2, 0, 0, 0, 0, 255]"
66.660101,12,"[0, 48, 4, 0, 0, 0, 0, 255]"
66.660939,12,"[0, 48, 4, 0, 0, 0, 0, 255]"
66.660954,12,"[0, 48, 2, 0, 0, 0, 0, 255]"
66.660969,12,"[0, 48, 2, 0, 0, 0, 0, 255]"
66.661091,12,"[0, 48, 4, 0, 0, 0, 0, 255]"
66.66112,12,"[0, 48, 2, 0, 0, 0, 0, 255]"
66.661136,12,"[0, 48, 2, 0, 0, 0, 0, 255]"
66.661429,12,"[0, 48, 2, 0, 0, 0, 0, 255]"
66.661481,12,"[0, 48, 2, 0, 0, 0, 0, 255]"
66.66168,12,"[0, 48, 2, 0, 0, 0, 0, 255]"
66.662055,12,"[0, 48, 4, 0, 0, 0, 0, 255]"
66.662297,12,"[0, 48, 4, 0, 0, 0, 0, 255]"
66.662369,12,"[0, 48, 4, 0, 0, 0, 0, 255]"
66.662498,12,"[0, 48, 2, 0, 0, 0, 0, 255]"
66.662727,12,"[0, 48, 2, 0, 0, 0, 0, 255]"
66.663243,12,"[0, 48, 2, 0, 0, 0, 0, 255]"
66.663398,12,"[0, 48, 2, 0, 0, 0, 0, 255]"
66.663413,12,"[0, 48, 2, 0, 0, 0, 0, 255]"
66.663928,12,"[0, 48, 2, 0, 0, 0, 0, 255]"
66.664063,12,"[0, 48, 2, 0, 0, 0, 0, 255]"
66.664386,12,"[0, 48, 4, 0, 0, 0, 0, 255]"
66.66443,12,"[0, 48, 2, 0, 0, 0, 0, 255]"
66.664584,12,"[0, 48, 4, 0, 0, 0, 0, 255]"
66.66479,12,"[0, 48, 2, 0, 0, 0, 0, 255]"
66.665063,12,"[0, 48, 2, 0, 0, 0, 0, 255]"
66.665946,12,"[0, 48, 4, 0, 0, 0, 0, 255]"
66.665989,12,"[0, 48, 2, 0, 0, 0, 0, 255]"
66.666404,12,"[0, 48, 2, 0, 0, 0, 0, 255]"
66.666433,12,"[0, 48, 2, 0, 0, 0, 0, 255]"
66.666695,12,"[0, 48, 2, 0, 0, 0, 0, 255]"
66.666747,12,"[0, 48, 2, 0, 0, 0, 0, 255]"
66.667287,33880403,"[33, 0, 0, 2, 1, 0, 17, 0]"
66.667301,4,"[0, 76, 0, 0, 0, 0, 0, 126]"
66.667441,4,"[0, 48, 0, 0, 0, 0, 0, 255]"
66.667511,12,"[0, 48, 2, 0, 0, 0, 0, 255]"
66.667526,12,"[0, 48, 2, 0, 0, 0, 0, 255]"
66.667667,12,"[0, 48, 2, 0, 0, 0, 0, 255]"
66.667957,12,"[0, 48, 4, 0, 0, 0, 0, 255]"
66.668068,12,"[0, 48, 2, 0, 0, 0, 0, 255]"
66.668276,12,"[0, 48, 2, 0, 0, 0, 0, 255]"
66.668479,12,"[0, 48, 2, 0, 0, 0, 0, 255]"
66.668967,12,"[0, 48, 2, 0, 0, 0, 0, 255]"
66.668982,12,"[0, 48, 2, 0, 0, 0, 0, 255]"
66.66912,12,"[0, 48, 4, 0, 0, 0, 0, 255]"
66.669618,12,"[0, 48, 4, 0, 0, 0, 0, 255]"
66.669633,12,"[0, 48, 2, 0, 0, 0, 0, 255]"
66.669693,12,"[0, 48, 2, 0, 0, 0, 0, 255]"
66.669892,12,"[0, 48, 2, 0, 0, 0, 0, 255]"
66.670098,12,"[0, 48, 4, 0, 0, 0, 0, 255]"
66.670972,12,"[0, 48, 4, 0, 0, 0, 0, 255]"
66.670987,12,"[0, 48, 2, 0, 0, 0, 0, 255]"
66.671059,12,"[0, 48, 2, 0, 0, 0, 0, 255]"
66.671074,12,"[0, 48, 2, 0, 0, 0, 0, 255]"
66.671111,12,"[0, 48, 2, 0, 0, 0, 0, 255]"
66.671347,12,"[0, 48, 4, 0, 0, 0, 0, 255]"
66.67152,12,"[0, 48, 2, 0, 0, 0, 0, 255]"
66.671734,12,"[0, 48, 4, 0, 0, 0, 0, 255]"
66.671933,12,"[0, 48, 2, 0, 0, 0, 0, 255]"
66.67234,33880403,"[34, 1, 10, 227, 7, 2, 2, 18]"
66.672353,4,"[0, 76, 0, 0, 0, 0, 0, 126]"
66.672533,12,"[0, 48, 2, 0, 0, 0, 0, 255]"
66.67274,12,"[0, 48, 2, 0, 0, 0, 0, 255]"
66.672939,12,"[0, 48, 2, 0, 0, 0, 0, 255]"
66.673138,12,"[0, 48, 2, 0, 0, 0, 0, 255]"
66.673345,12,"[0, 48, 4, 0, 0, 0, 0, 255]"
66.67357,12,"[0, 48, 2, 0, 0, 0, 0, 255]"
66.673799,12,"[0, 48, 4, 0, 0, 0, 0, 255]"
66.674005,12,"[0, 48, 2, 0, 0, 0, 0, 255]"
66.674227,12,"[0, 48, 2, 0, 0, 0, 0, 255]"
66.674466,12,"[0, 48, 4, 0, 0, 0, 0, 255]"
66.67465,12,"[0, 48, 2, 0, 0, 0, 0, 255]"
66.674864,12,"[0, 48, 4, 0, 0, 0, 0, 255]"
66.675092,12,"[0, 48, 2, 0, 0, 0, 0, 255]"
66.675863,12,"[0, 48, 4, 0, 0, 0, 0, 255]"
66.675878,12,"[0, 48, 2, 0, 0, 0, 0, 255]"
66.675893,12,"[0, 48, 2, 0, 0, 0, 0, 255]"
66.676331,12,"[0, 48, 4, 0, 0, 0, 0, 255]"
66.67636,12,"[0, 48, 2, 0, 0, 0, 0, 255]"
66.676468,12,"[0, 48, 2, 0, 0, 0, 0, 255]"
66.676689,12,"[0, 48, 4, 0, 0, 0, 0, 255]"
66.67691,12,"[0, 48, 2, 0, 0, 0, 0, 255]"
66.677346,33880403,"[35, 4, 0, 0, 0, 128, 0, 224]"
66.677359,4,"[0, 76, 0, 0, 0, 0, 0, 126]"
66.677573,12,"[0, 48, 2, 0, 0, 0, 0, 255]"
66.677791,12,"[0, 48, 2, 0, 0, 0, 0, 255]"
66.678022,12,"[0, 48, 4, 0, 0, 0, 0, 255]"
66.678204,12,"[0, 48, 2, 0, 0, 0, 0, 255]"
66.678434,12,"[0, 48, 4, 0, 0, 0, 0, 255]"
66.678644,12,"[0, 48, 2, 0, 0, 0, 0, 255]"
66.678952,12,"[0, 48, 4, 0, 0, 0, 0, 255]"
66.679062,12,"[0, 48, 2, 0, 0, 0, 0, 255]"
66.679388,12,"[0, 48, 4, 0, 0, 0, 0, 255]"
66.67951,12,"[0, 48, 2, 0, 0, 0, 0, 255]"
66.679678,12,"[0, 48, 2, 0, 0, 0, 0, 255]"
66.679881,12,"[0, 48, 2, 0, 0, 0, 0, 255]"
66.680084,12,"[0, 48, 2, 0, 0, 0, 0, 255]"
66.680289,12,"[0, 48, 4, 0, 0, 0, 0, 255]"
66.680964,12,"[0, 48, 4, 0, 0, 0, 0, 255]"
66.680979,12,"[0, 48, 2, 0, 0, 0, 0, 255]"
66.680995,12,"[0, 48, 2, 0, 0, 0, 0, 255]"
66.681119,12,"[0, 48, 2, 0, 0, 0, 0, 255]"
66.681417,12,"[0, 48, 4, 0, 0, 0, 0, 255]"
66.681519,12,"[0, 48, 2, 0, 0, 0, 0, 255]"
66.68175,12,"[0, 48, 2, 0, 0, 0, 0, 255]"
66.681925,12,"[0, 48, 2, 0, 0, 0, 0, 255]"
66.682363,33880403,"[36, 117, 9, 182, 7, 14, 0, 84]"
66.682376,4,"[0, 76, 0, 0, 0, 0, 0, 126]"
66.682547,12,"[0, 48, 2, 0, 0, 0, 0, 255]"
66.68275,12,"[0, 48, 2, 0, 0, 0, 0, 255]"
66.683289,12,"[0, 48, 2, 0, 0, 0, 0, 255]"
66.683304,12,"[0, 48, 2, 0, 0, 0, 0, 255]"
66.683356,12,"[0, 48, 2, 0, 0, 0, 0, 255]"
66.683878,12,"[0, 48, 4, 0, 0, 0, 0, 255]"
66.683957,12,"[0, 48, 2, 0, 0, 0, 0, 255]"
66.683972,12,"[0, 48, 2, 0, 0, 0, 0, 255]"
66.684161,12,"[0, 48, 2, 0, 0, 0, 0, 255]"
66.684434,12,"[0, 48, 2, 0, 0, 0, 0, 255]"
66.684708,12,"[0, 48, 2, 0, 0, 0, 0, 255]"
66.684868,12,"[0, 48, 2, 0, 0, 0, 0, 255]"
66.685072,12,"[0, 48, 2, 0, 0, 0, 0, 255]"
66.685903,12,"[0, 48, 2, 0, 0, 0, 0, 255]"
66.685918,12,"[0, 48, 2, 0, 0, 0, 0, 255]"
66.6864,12,"[0, 48, 4, 0, 0, 0, 0, 255]"
66.686429,12,"[0, 48, 2, 0, 0, 0, 0, 255]"
66.686444,12,"[0, 48, 2, 0, 0, 0, 0, 255]"
66.686684,12,"[0, 48, 2, 0, 0, 0, 0, 255]"
66.687323,4,"[0, 76, 0, 0, 0, 0, 0, 126]"
66.68734,33880403,"[37, 97, 108, 111, 110, 32, 70, 88]"
66.687414,4,"[0, 48, 0, 0, 0, 0, 0, 255]"
66.687483,12,"[0, 48, 2, 0, 0, 0, 0, 255]"
66.68752,12,"[0, 48, 2, 0, 0, 0, 0, 255]"
66.687536,12,"[0, 48, 2, 0, 0, 0, 0, 255]"
66.687717,12,"[0, 48, 2, 0, 0, 0, 0, 255]"
66.687921,12,"[0, 48, 2, 0, 0, 0, 0, 255]"
66.688292,12,"[0, 48, 4, 0, 0, 0, 0, 255]"
66.688329,12,"[0, 48, 2, 0, 0, 0, 0, 255]"
66.688537,12,"[0, 48, 2, 0, 0, 0, 0, 255]"
66.688964,12,"[0, 48, 4, 0, 0, 0, 0, 255]"
66.688979,12,"[0, 48, 2, 0, 0, 0, 0, 255]"
66.689585,12,"[0, 48, 4, 0, 0, 0, 0, 255]"
66.6896,12,"[0, 48, 2, 0, 0, 0, 0, 255]"
66.689901,12,"[0, 48, 4, 0, 0, 0, 0, 255]"
66.690872,12,"[0, 48, 4, 0, 0, 0, 0, 255]"
66.690915,12,"[0, 48, 2, 0, 0, 0, 0, 255]"
66.691092,12,"[0, 48, 4, 0, 0, 0, 0, 255]"
66.691107,12,"[0, 48, 2, 0, 0, 0, 0, 255]"
66.691122,12,"[0, 48, 2, 0, 0, 0, 0, 255]"
66.691137,12,"[0, 48, 2, 0, 0, 0, 0, 255]"
66.691355,12,"[0, 48, 4, 0, 0, 0, 0, 255]"
66.691584,12,"[0, 48, 2, 0, 0, 0, 0, 255]"
66.691824,12,"[0, 48, 2, 0, 0, 0, 0, 255]"
66.692298,33880403,"[38, 0, 48, 56, 50, 55, 57, 48]"
66.692312,4,"[0, 76, 0, 0, 0, 0, 0, 126]"
66.692551,12,"[0, 48, 2, 0, 0, 0, 0, 255]"
66.692816,12,"[0, 48, 2, 0, 0, 0, 0, 255]"
66.693045,12,"[0, 48, 2, 0, 0, 0, 0, 255]"
66.693266,12,"[0, 48, 4, 0, 0, 0, 0, 255]"
66.693521,12,"[0, 48, 2, 0, 0, 0, 0, 255]"
66.693918,12,"[0, 48, 4, 0, 0, 0, 0, 255]"
66.693978,12,"[0, 48, 2, 0, 0, 0, 0, 255]"
66.694191,12,"[0, 48, 2, 0, 0, 0, 0, 255]"
66.69444,12,"[0, 48, 4, 0, 0, 0, 0, 255]"
66.694661,12,"[0, 48, 4, 0, 0, 0, 0, 255]"
66.694875,12,"[0, 48, 4, 0, 0, 0, 0, 255]"
66.695103,12,"[0, 48, 2, 0, 0, 0, 0, 255]"
66.695892,12,"[0, 48, 4, 0, 0, 0, 0, 255]"
66.695943,12,"[0, 48, 2, 0, 0, 0, 0, 255]"
66.696375,12,"[0, 48, 4, 0, 0, 0, 0, 255]"
66.696394,12,"[0, 48, 2, 0, 0, 0, 0, 255]"
66.696706,12,"[0, 48, 2, 0, 0, 0, 0, 255]"
66.696721,12,"[0, 48, 2, 0, 0, 0, 0, 255]"
66.696737,12,"[0, 48, 2, 0, 0, 0, 0, 255]"
66.69735,4,"[0, 76, 0, 0, 0, 0, 0, 126]"
66.697368,33880403,"[39, 48, 45, 70, 82, 67, 45, 48]"
66.697414,12,"[0, 12, 4, 0, 0, 0, 0, 127]"
66.697495,12,"[0, 48, 4, 0, 0, 0, 0, 255]"
66.697701,12,"[0, 48, 2, 0, 0, 0, 0, 255]"
66.69795,12,"[0, 48, 4, 0, 0, 0, 0, 255]"
66.69836,12,"[0, 48, 2, 0, 0, 0, 0, 255]"
66.698375,12,"[0, 48, 2, 0, 0, 0, 0, 255]"
66.698563,12,"[0, 48, 2, 0, 0, 0, 0, 255]"
66.698975,12,"[0, 48, 2, 0, 0, 0, 0, 255]"
66.69899,12,"[0, 48, 2, 0, 0, 0, 0, 255]"
66.69958,12,"[0, 48, 4, 0, 0, 0, 0, 255]"
66.699595,12,"[0, 48, 2, 0, 0, 0, 0, 255]"
66.699677,12,"[0, 48, 2, 0, 0, 0, 0, 255]"
66.699876,12,"[0, 48, 4, 0, 0, 0, 0, 255]"
66.700082,12,"[0, 48, 4, 0, 0, 0, 0, 255]"
66.700893,12,"[0, 48, 4, 0, 0, 0, 0, 255]"
66.700908,12,"[0, 48, 2, 0, 0, 0, 0, 255]"
66.700924,12,"[0, 48, 2, 0, 0, 0, 0, 255]"
66.700939,12,"[0, 48, 2, 0, 0, 0, 0, 255]"
66.701109,12,"[0, 48, 2, 0, 0, 0, 0, 255]"
66.701425,12,"[0, 48, 4, 0, 0, 0, 0, 255]"
66.701514,12,"[0, 48, 2, 0, 0, 0, 0, 255]"
66.701713,12,"[0, 48, 2, 0, 0, 0, 0, 255]"
66.702343,4,"[0, 76, 0, 0, 0, 0, 0, 126]"
66.70236,33880403,"[40, 50, 49, 50, 57, 0, 0, 0]"
66.702406,12,"[0, 12, 4, 0, 0, 0, 0, 127]"
66.702547,12,"[0, 48, 2, 0, 0, 0, 0, 255]"
66.702746,12,"[0, 48, 2, 0, 0, 0, 0, 255]"
66.703362,12,"[0, 48, 4, 0, 0, 0, 0, 255]"
66.703395,12,"[0, 48, 2, 0, 0, 0, 0, 255]"
66.703968,12,"[0, 48, 4, 0, 0, 0, 0, 255]"
66.703983,12,"[0, 48, 2, 0, 0, 0, 0, 255]"
66.703999,12,"[0, 48, 2, 0, 0, 0, 0, 255]"
66.704014,12,"[0, 48, 2, 0, 0, 0, 0, 255]"
66.704169,12,"[0, 48, 2, 0, 0, 0, 0, 255]"
66.704439,12,"[0, 48, 4, 0, 0, 0, 0, 255]"
66.704668,12,"[0, 48, 2, 0, 0, 0, 0, 255]"
66.704867,12,"[0, 48, 4, 0, 0, 0, 0, 255]"
66.705073,12,"[0, 48, 4, 0, 0, 0, 0, 255]"
66.705273,12,"[0, 48, 2, 0, 0, 0, 0, 255]"
66.705942,12,"[0, 48, 4, 0, 0, 0, 0, 255]"
66.705971,12,"[0, 48, 2, 0, 0, 0, 0, 255]"
66.706442,12,"[0, 48, 2, 0, 0, 0, 0, 255]"
66.706457,12,"[0, 48, 2, 0, 0, 0, 0, 255]"
66.706621,12,"[0, 48, 4, 0, 0, 0, 0, 255]"
66.706636,12,"[0, 48, 2, 0, 0, 0, 0, 255]"
66.706696,12,"[0, 48, 2, 0, 0, 0, 0, 255]"
66.707301,33880403,"[41, 0, 0, 0, 67, 114, 111, 115]"
66.707328,4,"[0, 76, 0, 0, 0, 0, 0, 126]"
66.707418,4,"[0, 48, 0, 0, 0, 0, 0, 255]"
66.70752,12,"[0, 48, 2, 0, 0, 0, 0, 255]"
66.707727,12,"[0, 48, 2, 0, 0, 0, 0, 255]"
66.708038,12,"[0, 48, 4, 0, 0, 0, 0, 255]"
66.708176,12,"[0, 48, 4, 0, 0, 0, 0, 255]"
66.708332,12,"[0, 48, 4, 0, 0, 0, 0, 255]"
66.708542,12,"[0, 48, 2, 0, 0, 0, 0, 255]"
66.708974,12,"[0, 48, 4, 0, 0, 0, 0, 255]"
66.708989,12,"[0, 48, 2, 0, 0, 0, 0, 255]"
66.709524,12,"[0, 48, 2, 0, 0, 0, 0, 255]"
66.709842,12,"[0, 48, 4, 0, 0, 0, 0, 255]"
66.709977,12,"[0, 48, 2, 0, 0, 0, 0, 255]"
66.71029,12,"[0, 48, 4, 0, 0, 0, 0, 255]"
66.710966,12,"[0, 48, 4, 0, 0, 0, 0, 255]"
66.710981,12,"[0, 48, 2, 0, 0, 0, 0, 255]"
66.710996,12,"[0, 48, 2, 0, 0, 0, 0, 255]"
66.711011,12,"[0, 48, 2, 0, 0, 0, 0, 255]"
66.711105,12,"[0, 48, 4, 0, 0, 0, 0, 255]"
66.71112,12,"[0, 48, 2, 0, 0, 0, 0, 255]"
66.711313,12,"[0, 48, 2, 0, 0, 0, 0, 255]"
66.711516,12,"[0, 48, 2, 0, 0, 0, 0, 255]"
66.711715,12,"[0, 48, 2, 0, 0, 0, 0, 255]"
66.711921,12,"[0, 48, 2, 0, 0, 0, 0, 255]"
66.71234,4,"[0, 76, 0, 0, 0, 0, 0, 126]"
66.712357,33880403,"[42, 115, 32, 84, 104, 101, 32, 82]"
66.712529,12,"[0, 48, 4, 0, 0, 0, 0, 255]"
66.712735,12,"[0, 48, 2, 0, 0, 0, 0, 255]"
66.712942,12,"[0, 48, 2, 0, 0, 0, 0, 255]"
66.713239,12,"[0, 48, 4, 0, 0, 0, 0, 255]"
66.713343,12,"[0, 48, 2, 0, 0, 0, 0, 255]"
66.713554,12,"[0, 48, 2, 0, 0, 0, 0, 255]"
66.713761,12,"[0, 48, 4, 0, 0, 0, 0, 255]"
66.714055,12,"[0, 48, 2, 0, 0, 0, 0, 255]"
66.714314,12,"[0, 48, 4, 0, 0, 0, 0, 255]"
66.714568,12,"[0, 48, 2, 0, 0, 0, 0, 255]"
66.714804,12,"[0, 48, 2, 0, 0, 0, 0, 255]"
66.715048,12,"[0, 48, 2, 0, 0, 0, 0, 255]"
66.715978,12,"[0, 48, 4, 0, 0, 0, 0, 255]"
66.716016,12,"[0, 48, 2, 0, 0, 0, 0, 255]"
66.716349,12,"[0, 48, 4, 0, 0, 0, 0, 255]"
66.716378,12,"[0, 48, 2, 0, 0, 0, 0, 255]"
66.716672,12,"[0, 48, 4, 0, 0, 0, 0, 255]"
66.716701,12,"[0, 48, 2, 0, 0, 0, 0, 255]"
66.716797,12,"[0, 48, 2, 0, 0, 0, 0, 255]"
66.717295,4,"[0, 76, 0, 0, 0, 0, 0, 126]"
66.717312,33880403,"[43, 111, 97, 100, 32, 69, 108, 101]"
66.717506,12,"[0, 48, 2, 0, 0, 0, 0, 255]"
66.717727,12,"[0, 48, 2, 0, 0, 0, 0, 255]"
66.718188,12,"[0, 48, 2, 0, 0, 0, 0, 255]"
66.71833,12,"[0, 48, 2, 0, 0, 0, 0, 255]"
66.718445,12,"[0, 48, 2, 0, 0, 0, 0, 255]"
66.718674,12,"[0, 48, 2, 0, 0, 0, 0, 255]"
66.718887,12,"[0, 48, 4, 0, 0, 0, 0, 255]"
66.719123,12,"[0, 48, 2, 0, 0, 0, 0, 255]"
66.719575,12,"[0, 48, 4, 0, 0, 0, 0, 255]"
66.71959,12,"[0, 48, 2, 0, 0, 0, 0, 255]"
66.719812,12,"[0, 48, 2, 0, 0, 0, 0, 255]"
66.720062,12,"[0, 48, 2, 0, 0, 0, 0, 255]"
66.721035,12,"[0, 48, 2, 0, 0, 0, 0, 255]"
66.72105,12,"[0, 48, 2, 0, 0, 0, 0, 255]"
66.721144,12,"[0, 48, 2, 0, 0, 0, 0, 255]"
66.721159,12,"[0, 48, 2, 0, 0, 0, 0, 255]"
66.721426,12,"[0, 48, 4, 0, 0, 0, 0, 255]"
66.721441,12,"[0, 48, 2, 0, 0, 0, 0, 255]"
66.721537,12,"[0, 48, 2, 0, 0, 0, 0, 255]"
66.721758,12,"[0, 48, 4, 0, 0, 0, 0, 255]"
66.72195,12,"[0, 48, 2, 0, 0, 0, 0, 255]"
66.722367,4,"[0, 76, 0, 0, 0, 0, 0, 126]"
66.722384,33880403,"[44, 99, 116, 114, 111, 110, 105, 99]"
66.722568,12,"[0, 48, 2, 0, 0, 0, 0, 255]"
66.722765,12,"[0, 48, 2, 0, 0, 0, 0, 255]"
66.723107,12,"[0, 48, 4, 0, 0, 0, 0, 255]"
66.723173,12,"[0, 48, 2, 0, 0, 0, 0, 255]"
66.723439,12,"[0, 48, 2, 0, 0, 0, 0, 255]"
66.723679,12,"[0, 48, 2, 0, 0, 0, 0, 255]"
66.723882,12,"[0, 48, 2, 0, 0, 0, 0, 255]"
66.724086,12,"[0, 48, 2, 0, 0, 0, 0, 255]"
66.72429,12,"[0, 48, 4, 0, 0, 0, 0, 255]"
66.724497,12,"[0, 48, 2, 0, 0, 0, 0, 255]"
66.724701,12,"[0, 48, 2, 0, 0, 0, 0, 255]"
66.724904,12,"[0, 48, 4, 0, 0, 0, 0, 255]"
66.725115,12,"[0, 48, 2, 0, 0, 0, 0, 255]"
66.725319,12,"[0, 48, 4, 0, 0, 0, 0, 255]"
66.725527,12,"[0, 48, 4, 0, 0, 0, 0, 255]"
66.726072,12,"[0, 48, 2, 0, 0, 0, 0, 255]"
66.726401,12,"[0, 48, 4, 0, 0, 0, 0, 255]"
66.726416,12,"[0, 48, 2, 0, 0, 0, 0, 255]"
66.726431,12,"[0, 48, 2, 0, 0, 0, 0, 255]"
66.726694,12,"[0, 48, 4, 0, 0, 0, 0, 255]"
66.72676,12,"[0, 48, 2, 0, 0, 0, 0, 255]"
66.727279,4,"[0, 76, 0, 0, 0, 0, 0, 126]"
66.727296,33880403,"[45, 115, 0, 0, 0, 0, 0, 0]"
66.727443,12,"[0, 48, 4, 0, 0, 0, 0, 255]"
66.727661,12,"[0, 48, 2, 0, 0, 0, 0, 255]"
66.727948,12,"[0, 48, 4, 0, 0, 0, 0, 255]"
66.728065,12,"[0, 48, 2, 0, 0, 0, 0, 255]"
66.728268,12,"[0, 48, 2, 0, 0, 0, 0, 255]"
66.728469,12,"[0, 48, 2, 0, 0, 0, 0, 255]"
66.728673,12,"[0, 48, 2, 0, 0, 0, 0, 255]"
66.728994,12,"[0, 48, 2, 0, 0, 0, 0, 255]"
66.729075,12,"[0, 48, 2, 0, 0, 0, 0, 255]"
66.729528,12,"[0, 48, 2, 0, 0, 0, 0, 255]"
66.729857,12,"[0, 48, 2, 0, 0, 0, 0, 255]"
66.73002,12,"[0, 48, 2, 0, 0, 0, 0, 255]"
66.730796,12,"[0, 48, 4, 0, 0, 0, 0, 255]"
66.730894,12,"[0, 48, 4, 0, 0, 0, 0, 255]"
66.730909,12,"[0, 48, 2, 0, 0, 0, 0, 255]"
66.730924,12,"[0, 48, 2, 0, 0, 0, 0, 255]"
66.730962,12,"[0, 48, 2, 0, 0, 0, 0, 255]"
66.731018,12,"[0, 48, 2, 0, 0, 0, 0, 255]"
66.731164,12,"[0, 48, 2, 0, 0, 0, 0, 255]"
66.731514,12,"[0, 48, 2, 0, 0, 0, 0, 255]"
66.731667,12,"[0, 48, 2, 0, 0, 0, 0, 255]"
66.731871,12,"[0, 48, 2, 0, 0, 0, 0, 255]"
66.732348,4,"[0, 76, 0, 0, 0, 0, 0, 126]"
66.732365,33880403,"[46, 19, 170, 170, 170, 170, 170, 170]"
66.732476,12,"[0, 48, 4, 0, 0, 0, 0, 255]"
66.732679,12,"[0, 48, 2, 0, 0, 0, 0, 255]"
66.733008,12,"[0, 48, 2, 0, 0, 0, 0, 255]"
66.733285,12,"[0, 48, 2, 0, 0, 0, 0, 255]"
66.733342,12,"[0, 48, 2, 0, 0, 0, 0, 255]"
66.733485,12,"[0, 48, 2, 0, 0, 0, 0, 255]"
66.733891,12,"[0, 48, 2, 0, 0, 0, 0, 255]"
66.73399,12,"[0, 48, 4, 0, 0, 0, 0, 255]"
66.734099,12,"[0, 48, 2, 0, 0, 0, 0, 255]"
66.734426,12,"[0, 48, 2, 0, 0, 0, 0, 255]"
66.734499,12,"[0, 48, 2, 0, 0, 0, 0, 255]"
66.734702,12,"[0, 48, 2, 0, 0, 0, 0, 255]"
66.734906,12,"[0, 48, 2, 0, 0, 0, 0, 255]"
66.735109,12,"[0, 48, 2, 0, 0, 0, 0, 255]"
66.735527,12,"[0, 48, 4, 0, 0, 0, 0, 255]"
66.735857,12,"[0, 48, 4, 0, 0, 0, 0, 255]"
66.736047,12,"[0, 48, 2, 0, 0, 0, 0, 255]"
66.736118,12,"[0, 48, 2, 0, 0, 0, 0, 255]"
66.736279,12,"[0, 48, 4, 0, 0, 0, 0, 255]"
66.736537,12,"[0, 48, 2, 0, 0, 0, 0, 255]"
66.736784,12,"[0, 48, 2, 0, 0, 0, 0, 255]"
66.737426,12,"[0, 48, 2, 0, 0, 0, 0, 255]"
66.737442,12,"[0, 48, 2, 0, 0, 0, 0, 255]"
66.737572,12,"[0, 48, 4, 0, 0, 0, 0, 255]"
66.737826,12,"[0, 48, 2, 0, 0, 0, 0, 255]"
66.738094,12,"[0, 48, 4, 0, 0, 0, 0, 255]"
66.73832,12,"[0, 48, 4, 0, 0, 0, 0, 255]"
66.738542,12,"[0, 48, 2, 0, 0, 0, 0, 255]"
66.738955,12,"[0, 48, 2, 0, 0, 0, 0, 255]"
66.739604,12,"[0, 48, 2, 0, 0, 0, 0, 255]"
66.739619,12,"[0, 48, 2, 0, 0, 0, 0, 255]"
66.739851,12,"[0, 48, 4, 0, 0, 0, 0, 255]"
66.739888,12,"[0, 48, 2, 0, 0, 0, 0, 255]"
66.739904,12,"[0, 48, 2, 0, 0, 0, 0, 255]"
66.7401,12,"[0, 48, 2, 0, 0, 0, 0, 255]"
66.740406,4,"[0, 76, 0, 0, 0, 0, 0, 126]"
66.740515,33880403,"[6, 251, 1, 163, 83, 5, 0, 170]"
66.741006,12,"[0, 12, 4, 0, 0, 0, 0, 127]"
66.741021,4,"[0, 48, 0, 0, 0, 0, 0, 255]"
66.741123,12,"[0, 48, 4, 0, 0, 0, 0, 255]"
66.741323,12,"[0, 48, 2, 0, 0, 0, 0, 255]"
66.741526,12,"[0, 48, 2, 0, 0, 0, 0, 255]"
66.741747,12,"[0, 48, 4, 0, 0, 0, 0, 255]"
66.741931,12,"[0, 48, 2, 0, 0, 0, 0, 255]"
66.74248,12,"[0, 48, 2, 0, 0, 0, 0, 255]"
66.742495,12,"[0, 48, 2, 0, 0, 0, 0, 255]"
66.74254,12,"[0, 48, 2, 0, 0, 0, 0, 255]"
66.742739,12,"[0, 48, 2, 0, 0, 0, 0, 255]"
66.743114,12,"[0, 48, 4, 0, 0, 0, 0, 255]"
66.743151,12,"[0, 48, 2, 0, 0, 0, 0, 255]"
66.743351,12,"[0, 48, 2, 0, 0, 0, 0, 255]"
66.743625,12,"[0, 48, 4, 0, 0, 0, 0, 255]"
66.743757,12,"[0, 48, 2, 0, 0, 0, 0, 255]"
66.743964,12,"[0, 48, 2, 0, 0, 0, 0, 255]"
66.744163,12,"[0, 48, 2, 0, 0, 0, 0, 255]"
66.744451,12,"[0, 48, 4, 0, 0, 0, 0, 255]"
66.744569,12,"[0, 48, 2, 0, 0, 0, 0, 255]"
66.744791,12,"[0, 48, 4, 0, 0, 0, 0, 255]"
66.74499,12,"[0, 48, 2, 0, 0, 0, 0, 255]"
66.745568,12,"[0, 48, 4, 0, 0, 0, 0, 255]"
66.745894,12,"[0, 48, 4, 0, 0, 0, 0, 255]"
66.745993,12,"[0, 48, 4, 0, 0, 0, 0, 255]"
66.746073,12,"[0, 48, 2, 0, 0, 0, 0, 255]"
66.746088,12,"[0, 48, 2, 0, 0, 0, 0, 255]"
66.746295,12,"[0, 48, 4, 0, 0, 0, 0, 255]"
66.746512,12,"[0, 48, 4, 0, 0, 0, 0, 255]"
66.746697,12,"[0, 48, 2, 0, 0, 0, 0, 255]"
66.746896,12,"[0, 48, 2, 0, 0, 0, 0, 255]"
66.747378,12,"[0, 48, 4, 0, 0, 0, 0, 255]"
66.747397,12,"[0, 48, 2, 0, 0, 0, 0, 255]"
66.747508,12,"[0, 48, 2, 0, 0, 0, 0, 255]"
66.747714,12,"[0, 48, 2, 0, 0, 0, 0, 255]"
66.748118,12,"[0, 48, 2, 0, 0, 0, 0, 255]"
66.748288,12,"[0, 48, 4, 0, 0, 0, 0, 255]"
66.748326,12,"[0, 48, 2, 0, 0, 0, 0, 255]"
66.748522,12,"[0, 48, 2, 0, 0, 0, 0, 255]"
66.749003,12,"[0, 48, 2, 0, 0, 0, 0, 255]"
66.749525,12,"[0, 48, 4, 0, 0, 0, 0, 255]"
66.749554,12,"[0, 48, 2, 0, 0, 0, 0, 255]"
66.749709,12,"[0, 48, 4, 0, 0, 0, 0, 255]"
66.749901,12,"[0, 48, 4, 0, 0, 0, 0, 255]"
66.750157,12,"[0, 48, 2, 0, 0, 0, 0, 255]"
66.750468,33880403,"[16, 18, 8, 0, 15, 66, 97, 99]"
66.750482,4,"[0, 76, 0, 0, 0, 0, 0, 126]"
66.750961,12,"[0, 48, 4, 0, 0, 0, 0, 255]"
66.751019,12,"[0, 48, 4, 0, 0, 0, 0, 255]"
66.751062,12,"[0, 48, 2, 0, 0, 0, 0, 255]"
66.751077,12,"[0, 48, 2, 0, 0, 0, 0, 255]"
66.751173,12,"[0, 48, 2, 0, 0, 0, 0, 255]"
66.751458,12,"[0, 48, 4, 0, 0, 0, 0, 255]"
66.751701,12,"[0, 48, 2, 0, 0, 0, 0, 255]"
66.751907,12,"[0, 48, 2, 0, 0, 0, 0, 255]"
66.7524,12,"[0, 48, 2, 0, 0, 0, 0, 255]"
66.752415,12,"[0, 48, 2, 0, 0, 0, 0, 255]"
66.752512,12,"[0, 48, 2, 0, 0, 0, 0, 255]"
66.752711,12,"[0, 48, 2, 0, 0, 0, 0, 255]"
66.752931,12,"[0, 48, 4, 0, 0, 0, 0, 255]"
66.753123,12,"[0, 48, 2, 0, 0, 0, 0, 255]"
66.75333,12,"[0, 48, 2, 0, 0, 0, 0, 255]"
66.753985,12,"[0, 48, 2, 0, 0, 0, 0, 255]"
66.754057,12,"[0, 48, 2, 0, 0, 0, 0, 255]"
66.754348,12,"[0, 48, 4, 0, 0, 0, 0, 255]"
66.754391,12,"[0, 48, 2, 0, 0, 0, 0, 255]"
66.754695,12,"[0, 48, 2, 0, 0, 0, 0, 255]"
66.754851,12,"[0, 48, 4, 0, 0, 0, 0, 255]"
66.754925,12,"[0, 48, 2, 0, 0, 0, 0, 255]"
66.75516,12,"[0, 48, 2, 0, 0, 0, 0, 255]"
66.755544,12,"[0, 48, 4, 0, 0, 0, 0, 255]"
66.755924,12,"[0, 48, 4, 0, 0, 0, 0, 255]"
66.755995,12,"[0, 48, 4, 0, 0, 0, 0, 255]"
66.756157,12,"[0, 48, 2, 0, 0, 0, 0, 255]"
66.75645,12,"[0, 48, 4, 0, 0, 0, 0, 255]"
66.756663,12,"[0, 48, 2, 0, 0, 0, 0, 255]"
66.75687,12,"[0, 48, 2, 0, 0, 0, 0, 255]"
66.75744,12,"[0, 48, 2, 0, 0, 0, 0, 255]"
66.757477,12,"[0, 48, 2, 0, 0, 0, 0, 255]"
66.757493,12,"[0, 48, 2, 0, 0, 0, 0, 255]"
66.757684,12,"[0, 48, 2, 0, 0, 0, 0, 255]"
66.758045,12,"[0, 48, 4, 0, 0, 0, 0, 255]"
66.758244,12,"[0, 48, 4, 0, 0, 0, 0, 255]"
66.758297,12,"[0, 48, 2, 0, 0, 0, 0, 255]"
66.7585,12,"[0, 48, 2, 0, 0, 0, 0, 255]"
66.758995,12,"[0, 48, 4, 0, 0, 0, 0, 255]"
66.759011,12,"[0, 48, 2, 0, 0, 0, 0, 255]"
66.759571,12,"[0, 48, 2, 0, 0, 0, 0, 255]"
66.759586,12,"[0, 48, 2, 0, 0, 0, 0, 255]"
66.759904,12,"[0, 48, 2, 0, 0, 0, 0, 255]"
66.75992,12,"[0, 48, 2, 0, 0, 0, 0, 255]"
66.760935,12,"[0, 48, 4, 0, 0, 0, 0, 255]"
66.76095,12,"[0, 48, 2, 0, 0, 0, 0, 255]"
66.761001,12,"[0, 48, 2, 0, 0, 0, 0, 255]"
66.761101,12,"[0, 48, 4, 0, 0, 0, 0, 255]"
66.761116,12,"[0, 48, 2, 0, 0, 0, 0, 255]"
66.761145,12,"[0, 48, 2, 0, 0, 0, 0, 255]"
66.761363,33880403,"[33, 107, 32, 114, 105, 103, 104, 116]"
66.761447,12,"[0, 48, 4, 0, 0, 0, 0, 255]"
66.761668,12,"[0, 48, 2, 0, 0, 0, 0, 255]"
66.761874,12,"[0, 48, 2, 0, 0, 0, 0, 255]"
66.762423,12,"[0, 48, 4, 0, 0, 0, 0, 255]"
66.762438,12,"[0, 48, 2, 0, 0, 0, 0, 255]"
66.76249,12,"[0, 48, 2, 0, 0, 0, 0, 255]"
66.762697,12,"[0, 48, 2, 0, 0, 0, 0, 255]"
66.763071,12,"[0, 48, 2, 0, 0, 0, 0, 255]"
66.763235,12,"[0, 48, 4, 0, 0, 0, 0, 255]"
66.763317,12,"[0, 48, 2, 0, 0, 0, 0, 255]"
66.763647,12,"[0, 48, 4, 0, 0, 0, 0, 255]"
66.763728,12,"[0, 48, 2, 0, 0, 0, 0, 255]"
66.763949,12,"[0, 48, 4, 0, 0, 0, 0, 255]"
66.76414,12,"[0, 48, 2, 0, 0, 0, 0, 255]"
66.764471,12,"[0, 48, 2, 0, 0, 0, 0, 255]"
66.764545,12,"[0, 48, 2, 0, 0, 0, 0, 255]"
66.764751,12,"[0, 48, 2, 0, 0, 0, 0, 255]"
66.76495,12,"[0, 48, 2, 0, 0, 0, 0, 255]"
66.765157,12,"[0, 48, 2, 0, 0, 0, 0, 255]"
66.765904,12,"[0, 48, 4, 0, 0, 0, 0, 255]"
66.765997,12,"[0, 48, 4, 0, 0, 0, 0, 255]"
66.76604,12,"[0, 48, 2, 0, 0, 0, 0, 255]"
66.766056,12,"[0, 48, 2, 0, 0, 0, 0, 255]"
66.766203,12,"[0, 48, 2, 0, 0, 0, 0, 255]"
66.766451,12,"[0, 48, 4, 0, 0, 0, 0, 255]"
66.766664,33880403,"[34, 32, 84, 117, 114, 110, 170, 170]"
66.766861,12,"[0, 48, 2, 0, 0, 0, 0, 255]"
66.767453,12,"[0, 48, 4, 0, 0, 0, 0, 255]"
66.767504,12,"[0, 48, 2, 0, 0, 0, 0, 255]"
66.767575,12,"[0, 48, 2, 0, 0, 0, 0, 255]"
66.767701,12,"[0, 48, 2, 0, 0, 0, 0, 255]"
66.768048,12,"[0, 48, 4, 0, 0, 0, 0, 255]"
66.768185,12,"[0, 48, 4, 0, 0, 0, 0, 255]"
66.768311,12,"[0, 48, 2, 0, 0, 0, 0, 255]"
66.768514,12,"[0, 48, 2, 0, 0, 0, 0, 255]"
66.768925,12,"[0, 48, 4, 0, 0, 0, 0, 255]"
66.76894,12,"[0, 48, 2, 0, 0, 0, 0, 255]"
66.769609,12,"[0, 48, 4, 0, 0, 0, 0, 255]"
66.769857,12,"[0, 48, 4, 0, 0, 0, 0, 255]"
66.77009,12,"[0, 48, 4, 0, 0, 0, 0, 255]"
66.77096,12,"[0, 48, 4, 0, 0, 0, 0, 255]"
66.770988,12,"[0, 48, 2, 0, 0, 0, 0, 255]"
66.771059,12,"[0, 48, 4, 0, 0, 0, 0, 255]"
66.771074,12,"[0, 48, 2, 0, 0, 0, 0, 255]"
66.771103,12,"[0, 48, 2, 0, 0, 0, 0, 255]"
66.771358,12,"[0, 48, 4, 0, 0, 0, 0, 255]"
66.771373,12,"[0, 48, 2, 0, 0, 0, 0, 255]"
66.771388,12,"[0, 48, 2, 0, 0, 0, 0, 255]"
66.771736,12,"[0, 48, 2, 0, 0, 0, 0, 255]"
66.771773,12,"[0, 48, 2, 0, 0, 0, 0, 255]"
66.772019,12,"[0, 48, 4, 0, 0, 0, 0, 255]"
66.772181,12,"[0, 48, 4, 0, 0, 0, 0, 255]"
66.772502,12,"[0, 48, 4, 0, 0, 0, 0, 255]"
66.772517,12,"[0, 48, 2, 0, 0, 0, 0, 255]"
66.772684,12,"[0, 48, 2, 0, 0, 0, 0, 255]"
66.772971,12,"[0, 48, 4, 0, 0, 0, 0, 255]"
66.773095,12,"[0, 48, 2, 0, 0, 0, 0, 255]"
66.773299,12,"[0, 48, 2, 0, 0, 0, 0, 255]"
66.7735,12,"[0, 48, 2, 0, 0, 0, 0, 255]"
66.773913,12,"[0, 48, 4, 0, 0, 0, 0, 255]"
66.773928,12,"[0, 48, 2, 0, 0, 0, 0, 255]"
66.77411,12,"[0, 48, 2, 0, 0, 0, 0, 255]"
66.774314,12,"[0, 48, 4, 0, 0, 0, 0, 255]"
66.774522,12,"[0, 48, 4, 0, 0, 0, 0, 255]"
66.774725,12,"[0, 48, 2, 0, 0, 0, 0, 255]"
66.774928,12,"[0, 48, 2, 0, 0, 0, 0, 255]"
66.775132,12,"[0, 48, 2, 0, 0, 0, 0, 255]"
66.775343,12,"[0, 48, 2, 0, 0, 0, 0, 255]"
66.776033,12,"[0, 48, 4, 0, 0, 0, 0, 255]"
66.776048,12,"[0, 48, 2, 0, 0, 0, 0, 255]"
66.776063,12,"[0, 48, 2, 0, 0, 0, 0, 255]"
66.776401,12,"[0, 48, 4, 0, 0, 0, 0, 255]"
66.776452,12,"[0, 48, 2, 0, 0, 0, 0, 255]"
66.776663,12,"[0, 48, 2, 0, 0, 0, 0, 255]"
66.777202,12,"[0, 48, 4, 0, 0, 0, 0, 255]"
66.777295,12,"[0, 48, 4, 0, 0, 0, 0, 255]"
66.77738,12,"[0, 48, 4, 0, 0, 0, 0, 255]"
66.777501,12,"[0, 48, 4, 0, 0, 0, 0, 255]"
66.777718,12,"[0, 48, 2, 0, 0, 0, 0, 255]"
66.778138,12,"[0, 48, 4, 0, 0, 0, 0, 255]"
66.778315,12,"[0, 48, 4, 0, 0, 0, 0, 255]"
66.778451,12,"[0, 48, 2, 0, 0, 0, 0, 255]"
66.778705,12,"[0, 48, 2, 0, 0, 0, 0, 255]"
66.77902,12,"[0, 48, 4, 0, 0, 0, 0, 255]"
66.779151,12,"[0, 48, 2, 0, 0, 0, 0, 255]"
66.779605,12,"[0, 48, 4, 0, 0, 0, 0, 255]"
66.77962,12,"[0, 48, 2, 0, 0, 0, 0, 255]"
66.779838,12,"[0, 48, 2, 0, 0, 0, 0, 255]"
66.780063,12,"[0, 48, 2, 0, 0, 0, 0, 255]"
66.780326,33880403,"[33, 50, 48, 45, 56, 48, 55, 50]"
66.780495,4,"[0, 76, 0, 0, 0, 0, 0, 126]"
66.781038,4,"[0, 48, 0, 0, 0, 0, 0, 255]"
66.781122,12,"[0, 48, 2, 0, 0, 0, 0, 255]"
66.781159,12,"[0, 48, 2, 0, 0, 0, 0, 255]"
66.781371,12,"[0, 48, 2, 0, 0, 0, 0, 255]"
66.781593,12,"[0, 48, 2, 0, 0, 0, 0, 255]"
66.781811,12,"[0, 48, 2, 0, 0, 0, 0, 255]"
66.782302,12,"[0, 48, 4, 0, 0, 0, 0, 255]"
66.782468,12,"[0, 48, 2, 0, 0, 0, 0, 255]"
66.782484,12,"[0, 48, 2, 0, 0, 0, 0, 255]"
66.78268,12,"[0, 48, 2, 0, 0, 0, 0, 255]"
66.783142,12,"[0, 48, 4, 0, 0, 0, 0, 255]"
66.783157,12,"[0, 48, 2, 0, 0, 0, 0, 255]"
66.783326,12,"[0, 48, 2, 0, 0, 0, 0, 255]"
66.783658,12,"[0, 48, 4, 0, 0, 0, 0, 255]"
66.783739,12,"[0, 48, 2, 0, 0, 0, 0, 255]"
66.783949,12,"[0, 48, 2, 0, 0, 0, 0, 255]"
66.78416,12,"[0, 48, 2, 0, 0, 0, 0, 255]"
66.784448,12,"[0, 48, 2, 0, 0, 0, 0, 255]"
66.784709,12,"[0, 48, 2, 0, 0, 0, 0, 255]"
66.784934,12,"[0, 48, 2, 0, 0, 0, 0, 255]"
66.785152,12,"[0, 48, 2, 0, 0, 0, 0, 255]"
66.785395,33880403,"[34, 55, 56, 56, 56, 0, 0, 0]"
66.785604,4,"[0, 76, 0, 0, 0, 0, 0, 126]"
66.78596,12,"[0, 12, 4, 0, 0, 0, 0, 127]"
66.786049,12,"[0, 48, 4, 0, 0, 0, 0, 255]"
66.786255,12,"[0, 48, 2, 0, 0, 0, 0, 255]"
66.786459,12,"[0, 48, 2, 0, 0, 0, 0, 255]"
66.786666,12,"[0, 48, 2, 0, 0, 0, 0, 255]"
66.787441,12,"[0, 48, 4, 0, 0, 0, 0, 255]"
66.78747,12,"[0, 48, 2, 0, 0, 0, 0, 255]"
66.787485,12,"[0, 48, 2, 0, 0, 0, 0, 255]"
66.787589,12,"[0, 48, 2, 0, 0, 0, 0, 255]"
66.788014,12,"[0, 48, 4, 0, 0, 0, 0, 255]"
66.788029,12,"[0, 48, 2, 0, 0, 0, 0, 255]"
66.788221,12,"[0, 48, 2, 0, 0, 0, 0, 255]"
66.788454,12,"[0, 48, 2, 0, 0, 0, 0, 255]"
66.788668,12,"[0, 48, 2, 0, 0, 0, 0, 255]"
66.788874,12,"[0, 48, 4, 0, 0, 0, 0, 255]"
66.789096,12,"[0, 48, 2, 0, 0, 0, 0, 255]"
66.78931,12,"[0, 48, 4, 0, 0, 0, 0, 255]"
66.789535,12,"[0, 48, 4, 0, 0, 0, 0, 255]"
66.789756,12,"[0, 48, 2, 0, 0, 0, 0, 255]"
66.789977,12,"[0, 48, 2, 0, 0, 0, 0, 255]"
66.790276,12,"[0, 48, 4, 0, 0, 0, 0, 255]"
66.79045,12,"[0, 48, 2, 0, 0, 0, 0, 255]"
66.791038,12,"[0, 48, 2, 0, 0, 0, 0, 255]"
66.791131,12,"[0, 48, 2, 0, 0, 0, 0, 255]"
66.791146,12,"[0, 48, 2, 0, 0, 0, 0, 255]"
66.791317,12,"[0, 48, 2, 0, 0, 0, 0, 255]"
66.791527,12,"[0, 48, 2, 0, 0, 0, 0, 255]"
66.791798,12,"[0, 48, 2, 0, 0, 0, 0, 255]"
66.792476,12,"[0, 48, 4, 0, 0, 0, 0, 255]"
66.793013,12,"[0, 48, 2, 0, 0, 0, 0, 255]"
66.793375,12,"[0, 48, 2, 0, 0, 0, 0, 255]"
66.793615,12,"[0, 48, 2, 0, 0, 0, 0, 255]"
66.7939,12,"[0, 48, 2, 0, 0, 0, 0, 255]"
66.794107,12,"[0, 48, 2, 0, 0, 0, 0, 255]"
66.794386,12,"[0, 48, 4, 0, 0, 0, 0, 255]"
66.794633,12,"[0, 48, 2, 0, 0, 0, 0, 255]"
66.794958,12,"[0, 48, 2, 0, 0, 0, 0, 255]"
66.795201,12,"[0, 48, 2, 0, 0, 0, 0, 255]"
66.795552,33880403,"[36, 0, 0, 0, 0, 0, 0, 0]"
66.796519,12,"[0, 48, 2, 0, 0, 0, 0, 255]"
66.796858,12,"[0, 48, 2, 0, 0, 0, 0, 255]"
66.797383,12,"[0, 48, 4, 0, 0, 0, 0, 255]"
66.797468,12,"[0, 48, 4, 0, 0, 0, 0, 255]"
66.797763,12,"[0, 48, 4, 0, 0, 0, 0, 255]"
66.798013,12,"[0, 48, 2, 0, 0, 0, 0, 255]"
66.798343,12,"[0, 48, 4, 0, 0, 0, 0, 255]"
66.798524,12,"[0, 48, 2, 0, 0, 0, 0, 255]"
66.79884,12,"[0, 48, 2, 0, 0, 0, 0, 255]"
66.799076,12,"[0, 48, 4, 0, 0, 0, 0, 255]"
66.799298,12,"[0, 48, 2, 0, 0, 0, 0, 255]"
66.799516,12,"[0, 48, 4, 0, 0, 0, 0, 255]"
66.79974,0,"[192, 192, 223, 77, 85, 0, 0, 0]"
66.799966,12,"[0, 48, 2, 0, 0, 0, 0, 255]"
66.800195,12,"[0, 48, 2, 0, 0, 0, 0, 255]"
66.800452,33880403,"[37, 76, 73, 67, 45, 50, 52, 45]"
66.800679,12,"[0, 48, 2, 0, 0, 0, 0, 255]"
66.800922,12,"[0, 48, 2, 0, 0, 0, 0, 255]"
66.801144,12,"[0, 48, 2, 0, 0, 0, 0, 255]"
66.801451,12,"[0, 48, 2, 0, 0, 0, 0, 255]"
66.801694,12,"[0, 48, 2, 0, 0, 0, 0, 255]"
66.801974,12,"[0, 48, 2, 0, 0, 0, 0, 255]"
66.802483,12,"[0, 48, 2, 0, 0, 0, 0, 255]"
66.802554,12,"[0, 48, 2, 0, 0, 0, 0, 255]"
66.802702,12,"[0, 48, 2, 0, 0, 0, 0, 255]"
66.803127,12,"[0, 48, 4, 0, 0, 0, 0, 255]"
66.803354,12,"[0, 48, 4, 0, 0, 0, 0, 255]"
66.803454,12,"[0, 48, 2, 0, 0, 0, 0, 255]"
66.803712,12,"[0, 48, 2, 0, 0, 0, 0, 255]"
66.803996,12,"[0, 48, 4, 0, 0, 0, 0, 255]"
66.804144,12,"[0, 48, 2, 0, 0, 0, 0, 255]"
66.804419,12,"[0, 48, 2, 0, 0, 0, 0, 255]"
66.804596,12,"[0, 48, 2, 0, 0, 0, 0, 255]"
66.804854,12,"[0, 48, 2, 0, 0, 0, 0, 255]"
66.805112,12,"[0, 48, 2, 0, 0, 0, 0, 255]"
66.80537,4,"[0, 76, 0, 0, 0, 0, 0, 126]"
66.805592,33880403,"[38, 56, 48, 56, 50, 55, 57, 48]"
66.805991,4,"[0, 48, 0, 0, 0, 0, 0, 255]"
66.806064,12,"[0, 48, 4, 0, 0, 0, 0, 255]"
66.806301,12,"[0, 48, 2, 0, 0, 0, 0, 255]"
66.806526,12,"[0, 48, 2, 0, 0, 0, 0, 255]"
66.806754,12,"[0, 48, 2, 0, 0, 0, 0, 255]"
66.807447,12,"[0, 48, 4, 0, 0, 0, 0, 255]"
66.807475,12,"[0, 48, 2, 0, 0, 0, 0, 255]"
66.807491,12,"[0, 48, 2, 0, 0, 0, 0, 255]"
66.807734,12,"[0, 48, 2, 0, 0, 0, 0, 255]"
66.808007,12,"[0, 48, 2, 0, 0, 0, 0, 255]"
66.808285,12,"[0, 48, 2, 0, 0, 0, 0, 255]"
66.808474,12,"[0, 48, 2, 0, 0, 0, 0, 255]"
66.808769,12,"[0, 48, 2, 0, 0, 0, 0, 255]"
66.809012,12,"[0, 48, 2, 0, 0, 0, 0, 255]"
66.809307,12,"[0, 48, 2, 0, 0, 0, 0, 255]"
66.809665,12,"[0, 48, 2, 0, 0, 0, 0, 255]"
66.809952,12,"[0, 48, 2, 0, 0, 0, 0, 255]"
66.810313,4,"[0, 76, 0, 0, 0, 0, 0, 126]"
66.810594,33880403,"[39, 48, 45, 70, 82, 67, 45, 48]"
66.81085,12,"[0, 48, 4, 0, 0, 0, 0, 255]"
66.811071,12,"[0, 48, 2, 0, 0, 0, 0, 255]"
66.8113,12,"[0, 48, 2, 0, 0, 0, 0, 255]"
66.811533,12,"[0, 48, 2, 0, 0, 0, 0, 255]"
66.811754,12,"[0, 48, 2, 0, 0, 0, 0, 255]"
66.812433,12,"[0, 48, 2, 0, 0, 0, 0, 255]"
66.812554,12,"[0, 48, 2, 0, 0, 0, 0, 255]"
66.812943,12,"[0, 48, 4, 0, 0, 0, 0, 255]"
66.812972,12,"[0, 48, 2, 0, 0, 0, 0, 255]"
66.813299,12,"[0, 48, 4, 0, 0, 0, 0, 255]"
66.813314,12,"[0, 48, 2, 0, 0, 0, 0, 255]"
66.813574,12,"[0, 48, 4, 0, 0, 0, 0, 255]"
66.813998,12,"[0, 48, 4, 0, 0, 0, 0, 255]"
66.814013,12,"[0, 48, 2, 0, 0, 0, 0, 255]"
66.814264,12,"[0, 48, 2, 0, 0, 0, 0, 255]"
66.814497,12,"[0, 48, 2, 0, 0, 0, 0, 255]"
66.81477,12,"[0, 48, 2, 0, 0, 0, 0, 255]"
66.815079,12,"[0, 48, 2, 0, 0, 0, 0, 255]"
66.81542,33880403,"[40, 50, 49, 50, 57, 0, 0, 0]"
66.815542,4,"[0, 76, 0, 0, 0, 0, 0, 126]"
66.815824,12,"[0, 48, 2, 0, 0, 0, 0, 255]"
66.816042,12,"[0, 48, 2, 0, 0, 0, 0, 255]"
66.816311,12,"[0, 48, 2, 0, 0, 0, 0, 255]"
66.816598,12,"[0, 48, 2, 0, 0, 0, 0, 255]"
66.816838,12,"[0, 48, 2, 0, 0, 0, 0, 255]"
66.817392,12,"[0, 48, 4, 0, 0, 0, 0, 255]"
66.817411,12,"[0, 48, 2, 0, 0, 0, 0, 255]"
66.81755,12,"[0, 48, 2, 0, 0, 0, 0, 255]"
66.817826,12,"[0, 48, 2, 0, 0, 0, 0, 255]"
66.81808,12,"[0, 48, 2, 0, 0, 0, 0, 255]"
66.818313,12,"[0, 48, 2, 0, 0, 0, 0, 255]"
66.818528,12,"[0, 48, 2, 0, 0, 0, 0, 255]"
66.819005,12,"[0, 48, 2, 0, 0, 0, 0, 255]"
66.819612,12,"[0, 48, 4, 0, 0, 0, 0, 255]"
66.819627,12,"[0, 48, 2, 0, 0, 0, 0, 255]"
66.819922,12,"[0, 48, 2, 0, 0, 0, 0, 255]"
66.820118,12,"[0, 48, 4, 0, 0, 0, 0, 255]"
66.820197,12,"[0, 48, 2, 0, 0, 0, 0, 255]"
66.820338,12,"[0, 48, 4, 0, 0, 0, 0, 255]"
66.82048,12,"[0, 48, 2, 0, 0, 0, 0, 255]"
66.820705,12,"[0, 48, 4, 0, 0, 0, 0, 255]"
66.821098,12,"[0, 48, 4, 0, 0, 0, 0, 255]"
66.821186,12,"[0, 48, 2, 0, 0, 0, 0, 255]"
66.821535,12,"[0, 48, 2, 0, 0, 0, 0, 255]"
66.821717,12,"[0, 48, 2, 0, 0, 0, 0, 255]"
66.821957,12,"[0, 48, 4, 0, 0, 0, 0, 255]"
66.822218,12,"[0, 48, 2, 0, 0, 0, 0, 255]"
66.822477,12,"[0, 48, 4, 0, 0, 0, 0, 255]"
66.822687,12,"[0, 48, 2, 0, 0, 0, 0, 255]"
66.823185,12,"[0, 48, 2, 0, 0, 0, 0, 255]"
66.823269,12,"[0, 48, 4, 0, 0, 0, 0, 255]"
66.823456,12,"[0, 48, 2, 0, 0, 0, 0, 255]"
66.823688,12,"[0, 48, 4, 0, 0, 0, 0, 255]"
66.82392,12,"[0, 48, 4, 0, 0, 0, 0, 255]"
66.824131,12,"[0, 48, 2, 0, 0, 0, 0, 255]"
66.824452,12,"[0, 48, 2, 0, 0, 0, 0, 255]"
66.824554,12,"[0, 48, 2, 0, 0, 0, 0, 255]"
66.824743,12,"[0, 48, 2, 0, 0, 0, 0, 255]"
66.824961,12,"[0, 48, 2, 0, 0, 0, 0, 255]"
66.825222,12,"[0, 48, 2, 0, 0, 0, 0, 255]"
66.825483,33880403,"[42, 45, 50, 53, 45, 56, 48, 56]"
66.825692,4,"[0, 76, 0, 0, 0, 0, 0, 126]"
66.826003,12,"[0, 48, 4, 0, 0, 0, 0, 255]"
66.82625,12,"[0, 48, 2, 0, 0, 0, 0, 255]"
66.826487,12,"[0, 48, 4, 0, 0, 0, 0, 255]"
66.826835,12,"[0, 48, 2, 0, 0, 0, 0, 255]"
66.827197,12,"[0, 48, 4, 0, 0, 0, 0, 255]"
66.828099,12,"[0, 48, 2, 0, 0, 0, 0, 255]"
66.828481,12,"[0, 48, 2, 0, 0, 0, 0, 255]"
66.828713,12,"[0, 48, 2, 0, 0, 0, 0, 255]"
66.828994,12,"[0, 48, 4, 0, 0, 0, 0, 255]"
66.829161,12,"[0, 48, 2, 0, 0, 0, 0, 255]"
66.829456,12,"[0, 48, 4, 0, 0, 0, 0, 255]"
66.829667,12,"[0, 48, 2, 0, 0, 0, 0, 255]"
66.829906,12,"[0, 48, 4, 0, 0, 0, 0, 255]"
66.830124,12,"[0, 48, 4, 0, 0, 0, 0, 255]"
66.830364,12,"[0, 48, 2, 0, 0, 0, 0, 255]"
66.830572,12,"[0, 48, 2, 0, 0, 0, 0, 255]"
66.830775,12,"[0, 48, 4, 0, 0, 0, 0, 255]"
66.831126,12,"[0, 48, 4, 0, 0, 0, 0, 255]"
66.831287,12,"[0, 48, 2, 0, 0, 0, 0, 255]"
66.831581,12,"[0, 48, 2, 0, 0, 0, 0, 255]"
66.831814,12,"[0, 48, 4, 0, 0, 0, 0, 255]"
66.832039,12,"[0, 48, 2, 0, 0, 0, 0, 255]"
66.832329,12,"[0, 48, 4, 0, 0, 0, 0, 255]"
66.832559,12,"[0, 48, 2, 0, 0, 0, 0, 255]"
66.832784,12,"[0, 48, 2, 0, 0, 0, 0, 255]"
66.8331,12,"[0, 48, 2, 0, 0, 0, 0, 255]"
66.833245,12,"[0, 48, 4, 0, 0, 0, 0, 255]"
66.833468,12,"[0, 48, 2, 0, 0, 0, 0, 255]"
66.83391,12,"[0, 48, 4, 0, 0, 0, 0, 255]"
66.833969,12,"[0, 48, 2, 0, 0, 0, 0, 255]"
66.834201,12,"[0, 48, 2, 0, 0, 0, 0, 255]"
66.834453,12,"[0, 48, 2, 0, 0, 0, 0, 255]"
66.834685,12,"[0, 48, 2, 0, 0, 0, 0, 255]"
66.834918,12,"[0, 48, 2, 0, 0, 0, 0, 255]"
66.835121,12,"[0, 48, 2, 0, 0, 0, 0, 255]"
66.835409,33880403,"[44, 82, 67, 45, 48, 50, 49, 50]"
66.835533,4,"[0, 76, 0, 0, 0, 0, 0, 126]"
66.835997,12,"[0, 48, 4, 0, 0, 0, 0, 255]"
66.836054,12,"[0, 48, 4, 0, 0, 0, 0, 255]"
66.836216,12,"[0, 48, 2, 0, 0, 0, 0, 255]"
66.836457,12,"[0, 48, 2, 0, 0, 0, 0, 255]"
66.836685,12,"[0, 48, 4, 0, 0, 0, 0, 255]"
66.836906,12,"[0, 48, 2, 0, 0, 0, 0, 255]"
66.837484,12,"[0, 48, 2, 0, 0, 0, 0, 255]"
66.837499,12,"[0, 48, 2, 0, 0, 0, 0, 255]"
66.837565,12,"[0, 48, 2, 0, 0, 0, 0, 255]"
66.83783,12,"[0, 48, 2, 0, 0, 0, 0, 255]"
66.838095,12,"[0, 48, 2, 0, 0, 0, 0, 255]"
66.838369,12,"[0, 48, 2, 0, 0, 0, 0, 255]"
66.838653,12,"[0, 48, 2, 0, 0, 0, 0, 255]"
66.839017,12,"[0, 48, 2, 0, 0, 0, 0, 255]"
66.839186,12,"[0, 48, 2, 0, 0, 0, 0, 255]"
66.839555,12,"[0, 48, 2, 0, 0, 0, 0, 255]"
66.83968,12,"[0, 48, 2, 0, 0, 0, 0, 255]"
66.839938,12,"[0, 48, 2, 0, 0, 0, 0, 255]"
66.840167,12,"[0, 48, 2, 0, 0, 0, 0, 255]"
66.840461,33880403,"[45, 57, 0, 0, 0, 0, 0, 0]"
66.840717,4,"[0, 76, 0, 0, 0, 0, 0, 126]"
66.840974,12,"[0, 48, 4, 0, 0, 0, 0, 255]"
66.84118,12,"[0, 48, 2, 0, 0, 0, 0, 255]"
66.841458,12,"[0, 48, 4, 0, 0, 0, 0, 255]"
66.841716,12,"[0, 48, 2, 0, 0, 0, 0, 255]"
66.841929,12,"[0, 48, 2, 0, 0, 0, 0, 255]"
66.842409,12,"[0, 48, 4, 0, 0, 0, 0, 255]"
66.842424,12,"[0, 48, 2, 0, 0, 0, 0, 255]"
66.842564,12,"[0, 48, 2, 0, 0, 0, 0, 255]"
66.842896,12,"[0, 48, 2, 0, 0, 0, 0, 255]"
66.843152,12,"[0, 48, 2, 0, 0, 0, 0, 255]"
66.843337,12,"[0, 48, 2, 0, 0, 0, 0, 255]"
66.843695,12,"[0, 48, 4, 0, 0, 0, 0, 255]"
66.843754,12,"[0, 48, 2, 0, 0, 0, 0, 255]"
66.843968,12,"[0, 48, 2, 0, 0, 0, 0, 255]"
66.844174,12,"[0, 48, 2, 0, 0, 0, 0, 255]"
66.844473,12,"[0, 48, 4, 0, 0, 0, 0, 255]"
66.844701,12,"[0, 48, 2, 0, 0, 0, 0, 255]"
66.844989,12,"[0, 48, 2, 0, 0, 0, 0, 255]"
66.845232,12,"[0, 48, 2, 0, 0, 0, 0, 255]"
66.845489,33880403,"[46, 0, 170, 170, 170, 170, 170, 170]"
66.845694,4,"[0, 76, 0, 0, 0, 0, 0, 126]"
66.846036,4,"[0, 48, 0, 0, 0, 0, 0, 255]"
66.846182,12,"[0, 48, 2, 0, 0, 0, 0, 255]"
66.84646,12,"[0, 48, 2, 0, 0, 0, 0, 255]"
66.846738,12,"[0, 48, 4, 0, 0, 0, 0, 255]"
66.8469,12,"[0, 48, 2, 0, 0, 0, 0, 255]"
66.847485,12,"[0, 48, 2, 0, 0, 0, 0, 255]"
66.847514,12,"[0, 48, 2, 0, 0, 0, 0, 255]"
66.847558,12,"[0, 48, 2, 0, 0, 0, 0, 255]"
66.84772,12,"[0, 48, 2, 0, 0, 0, 0, 255]"
66.848075,12,"[0, 48, 4, 0, 0, 0, 0, 255]"
66.848184,12,"[0, 48, 4, 0, 0, 0, 0, 255]"
66.848361,12,"[0, 48, 2, 0, 0, 0, 0, 255]"
66.848587,12,"[0, 48, 2, 0, 0, 0, 0, 255]"
66.849032,12,"[0, 48, 4, 0, 0, 0, 0, 255]"
66.849048,12,"[0, 48, 2, 0, 0, 0, 0, 255]"
66.849526,12,"[0, 48, 4, 0, 0, 0, 0, 255]"
66.849612,12,"[0, 48, 2, 0, 0, 0, 0, 255]"
66.849693,12,"[0, 48, 2, 0, 0, 0, 0, 255]"
66.849892,12,"[0, 48, 4, 0, 0, 0, 0, 255]"
66.850128,12,"[0, 48, 2, 0, 0, 0, 0, 255]"
66.850457,12,"[0, 48, 4, 0, 0, 0, 0, 255]"
66.850974,12,"[0, 48, 2, 0, 0, 0, 0, 255]"
66.851144,12,"[0, 48, 2, 0, 0, 0, 0, 255]"
66.851196,12,"[0, 48, 2, 0, 0, 0, 0, 255]"
66.851459,12,"[0, 48, 4, 0, 0, 0, 0, 255]"
66.851688,12,"[0, 48, 2, 0, 0, 0, 0, 255]"
66.851916,12,"[0, 48, 2, 0, 0, 0, 0, 255]"
66.85248,12,"[0, 48, 2, 0, 0, 0, 0, 255]"
66.852496,12,"[0, 48, 2, 0, 0, 0, 0, 255]"
66.852635,12,"[0, 48, 4, 0, 0, 0, 0, 255]"
66.852812,12,"[0, 48, 2, 0, 0, 0, 0, 255]"
66.853025,12,"[0, 48, 4, 0, 0, 0, 0, 255]"
66.853375,12,"[0, 48, 2, 0, 0, 0, 0, 255]"
66.853578,12,"[0, 48, 2, 0, 0, 0, 0, 255]"
66.853836,12,"[0, 48, 2, 0, 0, 0, 0, 255]"
66.854094,12,"[0, 48, 2, 0, 0, 0, 0, 255]"
66.854437,33880403,"[33, 147, 6, 160, 167, 0, 0, 0]"
66.854657,12,"[0, 48, 2, 0, 0, 0, 0, 255]"
66.854885,12,"[0, 48, 4, 0, 0, 0, 0, 255]"
66.855128,12,"[0, 48, 2, 0, 0, 0, 0, 255]"
66.85535,12,"[0, 48, 4, 0, 0, 0, 0, 255]"
66.855575,12,"[0, 48, 4, 0, 0, 0, 0, 255]"
66.856102,12,"[0, 48, 2, 0, 0, 0, 0, 255]"
66.856118,12,"[0, 48, 2, 0, 0, 0, 0, 255]"
66.856369,12,"[0, 48, 2, 0, 0, 0, 0, 255]"
66.856668,12,"[0, 48, 2, 0, 0, 0, 0, 255]"
66.857419,12,"[0, 48, 2, 0, 0, 0, 0, 255]"
66.857569,12,"[0, 48, 4, 0, 0, 0, 0, 255]"
66.857584,12,"[0, 48, 2, 0, 0, 0, 0, 255]"
66.857857,12,"[0, 48, 2, 0, 0, 0, 0, 255]"
66.858151,12,"[0, 48, 2, 0, 0, 0, 0, 255]"
66.858466,12,"[0, 48, 2, 0, 0, 0, 0, 255]"
66.858997,12,"[0, 48, 4, 0, 0, 0, 0, 255]"
66.859026,12,"[0, 48, 2, 0, 0, 0, 0, 255]"
66.859465,33880403,"[34, 0, 0, 0, 0, 0, 205, 184]"
66.859758,12,"[0, 48, 2, 0, 0, 0, 0, 255]"
66.860031,12,"[0, 48, 2, 0, 0, 0, 0, 255]"
66.860312,12,"[0, 48, 4, 0, 0, 0, 0, 255]"
66.861068,12,"[0, 48, 2, 0, 0, 0, 0, 255]"
66.861083,12,"[0, 48, 2, 0, 0, 0, 0, 255]"
66.861098,12,"[0, 48, 2, 0, 0, 0, 0, 255]"
66.861298,12,"[0, 48, 2, 0, 0, 0, 0, 255]"
66.861516,12,"[0, 48, 2, 0, 0, 0, 0, 255]"
66.86176,12,"[0, 48, 4, 0, 0, 0, 0, 255]"
66.862003,12,"[0, 48, 2, 0, 0, 0, 0, 255]"
66.86246,12,"[0, 48, 2, 0, 0, 0, 0, 255]"
66.862545,12,"[0, 48, 2, 0, 0, 0, 0, 255]"
66.862701,12,"[0, 48, 2, 0, 0, 0, 0, 255]"
66.863189,12,"[0, 48, 2, 0, 0, 0, 0, 255]"
66.863204,12,"[0, 48, 2, 0, 0, 0, 0, 255]"
66.863346,12,"[0, 48, 2, 0, 0, 0, 0, 255]"
66.863761,12,"[0, 48, 4, 0, 0, 0, 0, 255]"
66.863791,12,"[0, 48, 2, 0, 0, 0, 0, 255]"
66.863982,12,"[0, 48, 2, 0, 0, 0, 0, 255]"
66.864233,12,"[0, 48, 2, 0, 0, 0, 0, 255]"
66.864462,33880403,"[35, 165, 238, 121, 200, 191, 53, 5]"
66.864681,12,"[0, 48, 2, 0, 0, 0, 0, 255]"
66.864895,12,"[0, 48, 2, 0, 0, 0, 0, 255]"
66.865087,12,"[0, 48, 4, 0, 0, 0, 0, 255]"
66.865316,12,"[0, 48, 2, 0, 0, 0, 0, 255]"
66.865986,12,"[0, 48, 4, 0, 0, 0, 0, 255]"
66.866014,12,"[0, 48, 2, 0, 0, 0, 0, 255]"
66.866468,12,"[0, 48, 2, 0, 0, 0, 0, 255]"
66.866608,12,"[0, 48, 4, 0, 0, 0, 0, 255]"
66.866623,12,"[0, 48, 2, 0, 0, 0, 0, 255]"
66.866675,12,"[0, 48, 2, 0, 0, 0, 0, 255]"
66.867485,12,"[0, 48, 2, 0, 0, 0, 0, 255]"
66.867522,12,"[0, 48, 2, 0, 0, 0, 0, 255]"
66.867593,12,"[0, 48, 2, 0, 0, 0, 0, 255]"
66.867608,12,"[0, 48, 2, 0, 0, 0, 0, 255]"
66.867732,12,"[0, 48, 2, 0, 0, 0, 0, 255]"
66.868343,12,"[0, 48, 2, 0, 0, 0, 0, 255]"
66.868358,12,"[0, 48, 2, 0, 0, 0, 0, 255]"
66.868373,12,"[0, 48, 2, 0, 0, 0, 0, 255]"
66.868552,12,"[0, 48, 2, 0, 0, 0, 0, 255]"
66.868748,12,"[0, 48, 2, 0, 0, 0, 0, 255]"
66.868993,12,"[0, 48, 2, 0, 0, 0, 0, 255]"
66.869307,4,"[0, 76, 0, 0, 0, 0, 0, 126]"
66.86936,33880403,"[36, 34, 204, 112, 24, 10, 194, 18]"
66.869601,12,"[0, 12, 4, 0, 0, 0, 0, 127]"
66.869754,12,"[0, 48, 2, 0, 0, 0, 0, 255]"
66.870124,12,"[0, 48, 2, 0, 0, 0, 0, 255]"
66.870205,12,"[0, 48, 2, 0, 0, 0, 0, 255]"
66.871078,12,"[0, 48, 2, 0, 0, 0, 0, 255]"
66.871116,12,"[0, 48, 2, 0, 0, 0, 0, 255]"
66.871173,12,"[0, 48, 2, 0, 0, 0, 0, 255]"
66.871243,12,"[0, 48, 2, 0, 0, 0, 0, 255]"
66.87131,12,"[0, 48, 2, 0, 0, 0, 0, 255]"
66.871525,12,"[0, 48, 2, 0, 0, 0, 0, 255]"
66.871743,12,"[0, 48, 2, 0, 0, 0, 0, 255]"
66.871954,12,"[0, 48, 4, 0, 0, 0, 0, 255]"
66.872164,12,"[0, 48, 4, 0, 0, 0, 0, 255]"
66.872491,12,"[0, 48, 4, 0, 0, 0, 0, 255]"
66.872586,12,"[0, 48, 2, 0, 0, 0, 0, 255]"
66.872797,12,"[0, 48, 2, 0, 0, 0, 0, 255]"
66.873077,12,"[0, 48, 2, 0, 0, 0, 0, 255]"
66.873293,12,"[0, 48, 4, 0, 0, 0, 0, 255]"
66.873464,12,"[0, 48, 2, 0, 0, 0, 0, 255]"
66.873689,12,"[0, 48, 4, 0, 0, 0, 0, 255]"
66.873921,12,"[0, 48, 2, 0, 0, 0, 0, 255]"
66.874132,12,"[0, 48, 2, 0, 0, 0, 0, 255]"
66.874431,12,"[0, 48, 4, 0, 0, 0, 0, 255]"
66.874562,12,"[0, 48, 2, 0, 0, 0, 0, 255]"
66.874773,12,"[0, 48, 2, 0, 0, 0, 0, 255]"
66.874984,12,"[0, 48, 2, 0, 0, 0, 0, 255]"
66.875222,12,"[0, 48, 4, 0, 0, 0, 0, 255]"
66.875459,12,"[0, 48, 2, 0, 0, 0, 0, 255]"
66.875713,12,"[0, 48, 4, 0, 0, 0, 0, 255]"
66.876011,12,"[0, 48, 2, 0, 0, 0, 0, 255]"
66.876471,12,"[0, 48, 4, 0, 0, 0, 0, 255]"
66.876515,12,"[0, 48, 2, 0, 0, 0, 0, 255]"
66.876813,12,"[0, 48, 2, 0, 0, 0, 0, 255]"
66.877442,12,"[0, 48, 2, 0, 0, 0, 0, 255]"
66.877457,12,"[0, 48, 2, 0, 0, 0, 0, 255]"
66.877646,12,"[0, 48, 2, 0, 0, 0, 0, 255]"
66.877957,12,"[0, 48, 4, 0, 0, 0, 0, 255]"
66.878187,12,"[0, 48, 4, 0, 0, 0, 0, 255]"
66.878377,12,"[0, 48, 2, 0, 0, 0, 0, 255]"
66.878599,12,"[0, 48, 2, 0, 0, 0, 0, 255]"
66.878935,12,"[0, 48, 4, 0, 0, 0, 0, 255]"
66.879023,12,"[0, 48, 2, 0, 0, 0, 0, 255]"
66.87963,12,"[0, 48, 4, 0, 0, 0, 0, 255]"
66.879645,12,"[0, 48, 2, 0, 0, 0, 0, 255]"
66.879704,12,"[0, 48, 2, 0, 0, 0, 0, 255]"
66.880323,12,"[0, 48, 4, 0, 0, 0, 0, 255]"
66.88038,12,"[0, 48, 2, 0, 0, 0, 0, 255]"
66.881037,12,"[0, 48, 2, 0, 0, 0, 0, 255]"
66.881053,12,"[0, 48, 2, 0, 0, 0, 0, 255]"
66.881145,12,"[0, 48, 4, 0, 0, 0, 0, 255]"
66.88116,12,"[0, 48, 2, 0, 0, 0, 0, 255]"
66.881314,12,"[0, 48, 2, 0, 0, 0, 0, 255]"
66.881514,12,"[0, 48, 2, 0, 0, 0, 0, 255]"
66.88174,12,"[0, 48, 2, 0, 0, 0, 0, 255]"
66.881943,12,"[0, 48, 2, 0, 0, 0, 0, 255]"
66.882147,12,"[0, 48, 4, 0, 0, 0, 0, 255]"
66.882592,12,"[0, 48, 2, 0, 0, 0, 0, 255]"
66.882607,12,"[0, 48, 2, 0, 0, 0, 0, 255]"
66.882753,12,"[0, 48, 2, 0, 0, 0, 0, 255]"
66.883167,12,"[0, 48, 4, 0, 0, 0, 0, 255]"
66.883372,12,"[0, 48, 4, 0, 0, 0, 0, 255]"
66.883387,12,"[0, 48, 2, 0, 0, 0, 0, 255]"
66.883573,12,"[0, 48, 2, 0, 0, 0, 0, 255]"
66.883776,12,"[0, 48, 2, 0, 0, 0, 0, 255]"
66.883979,12,"[0, 48, 2, 0, 0, 0, 0, 255]"
66.884183,12,"[0, 48, 2, 0, 0, 0, 0, 255]"
66.884433,12,"[0, 48, 4, 0, 0, 0, 0, 255]"
66.8846,12,"[0, 48, 2, 0, 0, 0, 0, 255]"
66.884804,12,"[0, 48, 2, 0, 0, 0, 0, 255]"
66.885022,12,"[0, 48, 2, 0, 0, 0, 0, 255]"
66.885352,12,"[0, 48, 2, 0, 0, 0, 0, 255]"
66.885806,12,"[0, 48, 4, 0, 0, 0, 0, 255]"
66.886058,12,"[0, 48, 4, 0, 0, 0, 0, 255]"
66.886232,12,"[0, 48, 2, 0, 0, 0, 0, 255]"
66.88649,12,"[0, 48, 2, 0, 0, 0, 0, 255]"
66.886687,12,"[0, 48, 2, 0, 0, 0, 0, 255]"
66.886904,12,"[0, 48, 2, 0, 0, 0, 0, 255]"
66.88749,12,"[0, 48, 4, 0, 0, 0, 0, 255]"
66.887541,12,"[0, 48, 2, 0, 0, 0, 0, 255]"
66.887598,12,"[0, 48, 2, 0, 0, 0, 0, 255]"
66.887736,12,"[0, 48, 2, 0, 0, 0, 0, 255]"
66.887983,12,"[0, 48, 2, 0, 0, 0, 0, 255]"
66.888355,12,"[0, 48, 2, 0, 0, 0, 0, 255]"
66.888444,12,"[0, 48, 2, 0, 0, 0, 0, 255]"
66.88856,12,"[0, 48, 2, 0, 0, 0, 0, 255]"
66.88896,12,"[0, 48, 4, 0, 0, 0, 0, 255]"
66.888975,12,"[0, 48, 2, 0, 0, 0, 0, 255]"
66.889583,12,"[0, 48, 4, 0, 0, 0, 0, 255]"
66.889612,12,"[0, 48, 2, 0, 0, 0, 0, 255]"
66.890116,12,"[0, 48, 4, 0, 0, 0, 0, 255]"
66.890321,12,"[0, 48, 4, 0, 0, 0, 0, 255]"
66.890378,12,"[0, 48, 2, 0, 0, 0, 0, 255]"
66.890978,12,"[0, 48, 4, 0, 0, 0, 0, 255]"
66.890993,12,"[0, 48, 2, 0, 0, 0, 0, 255]"
66.891008,12,"[0, 48, 2, 0, 0, 0, 0, 255]"
66.891157,12,"[0, 48, 4, 0, 0, 0, 0, 255]"
66.891186,12,"[0, 48, 2, 0, 0, 0, 0, 255]"
66.891266,12,"[0, 48, 2, 0, 0, 0, 0, 255]"
66.891489,12,"[0, 48, 4, 0, 0, 0, 0, 255]"
66.891721,12,"[0, 48, 2, 0, 0, 0, 0, 255]"
66.891947,12,"[0, 48, 2, 0, 0, 0, 0, 255]"
66.892428,12,"[0, 48, 2, 0, 0, 0, 0, 255]"
66.892444,12,"[0, 48, 2, 0, 0, 0, 0, 255]"
66.892582,12,"[0, 48, 2, 0, 0, 0, 0, 255]"
66.892814,12,"[0, 48, 4, 0, 0, 0, 0, 255]"
66.893025,12,"[0, 48, 4, 0, 0, 0, 0, 255]"
66.893368,12,"[0, 48, 4, 0, 0, 0, 0, 255]"
66.893467,12,"[0, 48, 2, 0, 0, 0, 0, 255]"
66.893894,12,"[0, 48, 4, 0, 0, 0, 0, 255]"
66.893909,12,"[0, 48, 2, 0, 0, 0, 0, 255]"
66.894062,12,"[0, 48, 2, 0, 0, 0, 0, 255]"
66.894424,12,"[0, 48, 4, 0, 0, 0, 0, 255]"
66.894519,12,"[0, 48, 2, 0, 0, 0, 0, 255]"
66.894737,12,"[0, 48, 2, 0, 0, 0, 0, 255]"
66.895023,12,"[0, 48, 2, 0, 0, 0, 0, 255]"
66.895133,12,"[0, 48, 2, 0, 0, 0, 0, 255]"
66.896061,12,"[0, 48, 4, 0, 0, 0, 0, 255]"
66.896154,12,"[0, 48, 2, 0, 0, 0, 0, 255]"
66.896169,12,"[0, 48, 2, 0, 0, 0, 0, 255]"
66.896517,12,"[0, 48, 2, 0, 0, 0, 0, 255]"
66.896666,12,"[0, 48, 4, 0, 0, 0, 0, 255]"
66.896681,12,"[0, 48, 2, 0, 0, 0, 0, 255]"
66.896696,12,"[0, 48, 2, 0, 0, 0, 0, 255]"
66.896783,12,"[0, 48, 2, 0, 0, 0, 0, 255]"
66.897467,12,"[0, 48, 2, 0, 0, 0, 0, 255]"
66.897607,12,"[0, 48, 2, 0, 0, 0, 0, 255]"
66.897959,12,"[0, 48, 4, 0, 0, 0, 0, 255]"
66.898246,12,"[0, 48, 2, 0, 0, 0, 0, 255]"
66.898326,12,"[0, 48, 2, 0, 0, 0, 0, 255]"
66.898443,12,"[0, 48, 2, 0, 0, 0, 0, 255]"
66.898458,12,"[0, 48, 2, 0, 0, 0, 0, 255]"
66.89898,12,"[0, 48, 4, 0, 0, 0, 0, 255]"
66.899008,12,"[0, 48, 2, 0, 0, 0, 0, 255]"
66.899643,12,"[0, 48, 4, 0, 0, 0, 0, 255]"
66.899658,12,"[0, 48, 2, 0, 0, 0, 0, 255]"
66.899687,12,"[0, 48, 2, 0, 0, 0, 0, 255]"
66.899905,12,"[0, 48, 4, 0, 0, 0, 0, 255]"
66.899942,12,"[0, 48, 2, 0, 0, 0, 0, 255]"
66.900124,12,"[0, 48, 2, 0, 0, 0, 0, 255]"
66.900307,12,"[0, 48, 4, 0, 0, 0, 0, 255]"
66.900969,12,"[0, 48, 2, 0, 0, 0, 0, 255]"
66.900984,12,"[0, 48, 2, 0, 0, 0, 0, 255]"
66.901105,12,"[0, 48, 4, 0, 0, 0, 0, 255]"
66.90112,12,"[0, 48, 2, 0, 0, 0, 0, 255]"
66.901302,12,"[0, 48, 2, 0, 0, 0, 0, 255]"
66.901546,12,"[0, 48, 2, 0, 0, 0, 0, 255]"
66.901757,12,"[0, 48, 2, 0, 0, 0, 0, 255]"
66.902482,12,"[0, 48, 4, 0, 0, 0, 0, 255]"
66.902497,12,"[0, 48, 2, 0, 0, 0, 0, 255]"
66.902512,12,"[0, 48, 2, 0, 0, 0, 0, 255]"
66.902557,12,"[0, 48, 2, 0, 0, 0, 0, 255]"
66.902767,12,"[0, 48, 2, 0, 0, 0, 0, 255]"
66.902963,12,"[0, 48, 4, 0, 0, 0, 0, 255]"
66.903137,12,"[0, 48, 2, 0, 0, 0, 0, 255]"
66.903356,12,"[0, 48, 2, 0, 0, 0, 0, 255]"
66.903564,12,"[0, 48, 4, 0, 0, 0, 0, 255]"
66.903767,12,"[0, 48, 4, 0, 0, 0, 0, 255]"
66.903999,12,"[0, 48, 2, 0, 0, 0, 0, 255]"
66.904239,12,"[0, 48, 2, 0, 0, 0, 0, 255]"
66.904552,12,"[0, 48, 2, 0, 0, 0, 0, 255]"
66.904684,12,"[0, 48, 2, 0, 0, 0, 0, 255]"
66.905027,12,"[0, 48, 2, 0, 0, 0, 0, 255]"
66.905165,12,"[0, 48, 2, 0, 0, 0, 0, 255]"
66.905971,12,"[0, 48, 4, 0, 0, 0, 0, 255]"
66.905986,12,"[0, 48, 2, 0, 0, 0, 0, 255]"
66.906454,12,"[0, 48, 4, 0, 0, 0, 0, 255]"
66.906505,12,"[0, 48, 2, 0, 0, 0, 0, 255]"
66.906779,12,"[0, 48, 4, 0, 0, 0, 0, 255]"
66.906794,12,"[0, 48, 2, 0, 0, 0, 0, 255]"
66.906809,12,"[0, 48, 2, 0, 0, 0, 0, 255]"
66.907489,12,"[0, 48, 4, 0, 0, 0, 0, 255]"
66.907504,12,"[0, 48, 2, 0, 0, 0, 0, 255]"
66.907602,12,"[0, 48, 2, 0, 0, 0, 0, 255]"
66.907617,12,"[0, 48, 2, 0, 0, 0, 0, 255]"
66.907684,12,"[0, 48, 2, 0, 0, 0, 0, 255]"
66.907957,12,"[0, 48, 4, 0, 0, 0, 0, 255]"
66.908095,12,"[0, 48, 2, 0, 0, 0, 0, 255]"
66.908383,12,"[0, 48, 2, 0, 0, 0, 0, 255]"
66.908475,12,"[0, 48, 2, 0, 0, 0, 0, 255]"
66.908664,12,"[0, 48, 2, 0, 0, 0, 0, 255]"
66.909042,12,"[0, 48, 2, 0, 0, 0, 0, 255]"
66.909057,12,"[0, 48, 2, 0, 0, 0, 0, 255]"
66.909586,12,"[0, 48, 2, 0, 0, 0, 0, 255]"
66.909952,12,"[0, 48, 2, 0, 0, 0, 0, 255]"
66.910114,12,"[0, 48, 4, 0, 0, 0, 0, 255]"
66.911016,12,"[0, 48, 4, 0, 0, 0, 0, 255]"
66.911031,12,"[0, 48, 2, 0, 0, 0, 0, 255]"
66.911046,12,"[0, 48, 2, 0, 0, 0, 0, 255]"
66.911061,12,"[0, 48, 2, 0, 0, 0, 0, 255]"
66.911099,12,"[0, 48, 2, 0, 0, 0, 0, 255]"
66.911169,12,"[0, 48, 2, 0, 0, 0, 0, 255]"
66.911184,12,"[0, 48, 2, 0, 0, 0, 0, 255]"
66.911365,12,"[0, 48, 4, 0, 0, 0, 0, 255]"
66.9115,12,"[0, 48, 2, 0, 0, 0, 0, 255]"
66.911759,12,"[0, 48, 2, 0, 0, 0, 0, 255]"
66.911904,12,"[0, 48, 2, 0, 0, 0, 0, 255]"
66.912518,12,"[0, 48, 2, 0, 0, 0, 0, 255]"
66.912616,12,"[0, 48, 2, 0, 0, 0, 0, 255]"
66.91264,12,"[0, 48, 2, 0, 0, 0, 0, 255]"
66.912808,12,"[0, 48, 2, 0, 0, 0, 0, 255]"
66.912852,12,"[0, 48, 2, 0, 0, 0, 0, 255]"
66.91318,12,"[0, 48, 4, 0, 0, 0, 0, 255]"
66.913439,12,"[0, 48, 2, 0, 0, 0, 0, 255]"
66.913477,12,"[0, 48, 2, 0, 0, 0, 0, 255]"
66.913709,12,"[0, 48, 4, 0, 0, 0, 0, 255]"
66.913995,12,"[0, 48, 2, 0, 0, 0, 0, 255]"
66.914112,12,"[0, 48, 2, 0, 0, 0, 0, 255]"
66.914331,12,"[0, 48, 2, 0, 0, 0, 0, 255]"
66.914552,12,"[0, 48, 2, 0, 0, 0, 0, 255]"
66.914741,12,"[0, 48, 2, 0, 0, 0, 0, 255]"
66.914959,12,"[0, 48, 2, 0, 0, 0, 0, 255]"
66.915148,12,"[0, 48, 2, 0, 0, 0, 0, 255]"
66.916014,12,"[0, 48, 4, 0, 0, 0, 0, 255]"
66.916029,12,"[0, 48, 2, 0, 0, 0, 0, 255]"
66.916044,12,"[0, 48, 2, 0, 0, 0, 0, 255]"
66.916402,12,"[0, 48, 2, 0, 0, 0, 0, 255]"
66.916688,12,"[0, 48, 4, 0, 0, 0, 0, 255]"
66.916731,12,"[0, 48, 2, 0, 0, 0, 0, 255]"
66.916746,12,"[0, 48, 2, 0, 0, 0, 0, 255]"
66.917512,12,"[0, 48, 4, 0, 0, 0, 0, 255]"
66.917541,12,"[0, 48, 2, 0, 0, 0, 0, 255]"
66.917556,12,"[0, 48, 2, 0, 0, 0, 0, 255]"
66.917655,12,"[0, 48, 4, 0, 0, 0, 0, 255]"
66.917692,12,"[0, 48, 2, 0, 0, 0, 0, 255]"
66.917965,12,"[0, 48, 4, 0, 0, 0, 0, 255]"
66.918263,12,"[0, 48, 4, 0, 0, 0, 0, 255]"
66.918308,12,"[0, 48, 2, 0, 0, 0, 0, 255]"
66.918523,12,"[0, 48, 2, 0, 0, 0, 0, 255]"
66.918998,12,"[0, 48, 2, 0, 0, 0, 0, 255]"
66.919013,12,"[0, 48, 2, 0, 0, 0, 0, 255]"
66.919575,12,"[0, 48, 2, 0, 0, 0, 0, 255]"
66.91959,12,"[0, 48, 2, 0, 0, 0, 0, 255]"
66.919927,12,"[0, 48, 4, 0, 0, 0, 0, 255]"
66.919956,12,"[0, 48, 2, 0, 0, 0, 0, 255]"
66.921005,12,"[0, 48, 4, 0, 0, 0, 0, 255]"
66.921034,12,"[0, 48, 2, 0, 0, 0, 0, 255]"
66.921133,12,"[0, 48, 2, 0, 0, 0, 0, 255]"
66.921148,12,"[0, 48, 2, 0, 0, 0, 0, 255]"
66.921185,12,"[0, 48, 2, 0, 0, 0, 0, 255]"
66.92152,12,"[0, 48, 4, 0, 0, 0, 0, 255]"
66.921548,12,"[0, 48, 2, 0, 0, 0, 0, 255]"
66.921586,12,"[0, 48, 2, 0, 0, 0, 0, 255]"
66.921776,12,"[0, 48, 4, 0, 0, 0, 0, 255]"
66.922433,12,"[0, 48, 4, 0, 0, 0, 0, 255]"
66.922462,12,"[0, 48, 2, 0, 0, 0, 0, 255]"
66.922624,12,"[0, 48, 2, 0, 0, 0, 0, 255]"
66.922639,12,"[0, 48, 2, 0, 0, 0, 0, 255]"
66.922871,12,"[0, 48, 4, 0, 0, 0, 0, 255]"
66.9229,12,"[0, 48, 2, 0, 0, 0, 0, 255]"
66.923184,12,"[0, 48, 4, 0, 0, 0, 0, 255]"
66.923258,12,"[0, 48, 2, 0, 0, 0, 0, 255]"
66.923481,12,"[0, 48, 2, 0, 0, 0, 0, 255]"
66.923838,12,"[0, 48, 2, 0, 0, 0, 0, 255]"
66.923975,12,"[0, 48, 4, 0, 0, 0, 0, 255]"
66.924171,12,"[0, 48, 2, 0, 0, 0, 0, 255]"
66.924354,12,"[0, 48, 4, 0, 0, 0, 0, 255]"
66.924575,12,"[0, 48, 2, 0, 0, 0, 0, 255]"
66.924808,12,"[0, 48, 2, 0, 0, 0, 0, 255]"
66.925018,12,"[0, 48, 2, 0, 0, 0, 0, 255]"
66.925207,12,"[0, 48, 2, 0, 0, 0, 0, 255]"
66.925991,12,"[0, 48, 2, 0, 0, 0, 0, 255]"
66.926006,12,"[0, 48, 2, 0, 0, 0, 0, 255]"
66.926358,12,"[0, 48, 4, 0, 0, 0, 0, 255]"
66.926387,12,"[0, 48, 2, 0, 0, 0, 0, 255]"
66.926416,12,"[0, 48, 2, 0, 0, 0, 0, 255]"
66.926747,12,"[0, 48, 2, 0, 0, 0, 0, 255]"
66.926776,12,"[0, 48, 2, 0, 0, 0, 0, 255]"
66.926965,12,"[0, 48, 4, 0, 0, 0, 0, 255]"
66.927475,12,"[0, 48, 4, 0, 0, 0, 0, 255]"
66.92749,12,"[0, 48, 2, 0, 0, 0, 0, 255]"
66.927672,12,"[0, 48, 2, 0, 0, 0, 0, 255]"
66.927959,12,"[0, 48, 2, 0, 0, 0, 0, 255]"
66.928358,12,"[0, 48, 2, 0, 0, 0, 0, 255]"
66.928373,12,"[0, 48, 2, 0, 0, 0, 0, 255]"
66.928538,12,"[0, 48, 2, 0, 0, 0, 0, 255]"
66.92877,12,"[0, 48, 2, 0, 0, 0, 0, 255]"
66.928988,12,"[0, 48, 4, 0, 0, 0, 0, 255]"
66.929227,12,"[0, 48, 2, 0, 0, 0, 0, 255]"
66.929689,12,"[0, 48, 2, 0, 0, 0, 0, 255]"
66.929907,12,"[0, 48, 4, 0, 0, 0, 0, 255]"
66.930047,12,"[0, 48, 2, 0, 0, 0, 0, 255]"
66.930951,12,"[0, 48, 4, 0, 0, 0, 0, 255]"
66.930988,12,"[0, 48, 2, 0, 0, 0, 0, 255]"
66.931156,12,"[0, 48, 2, 0, 0, 0, 0, 255]"
66.931171,12,"[0, 48, 2, 0, 0, 0, 0, 255]"
66.931404,12,"[0, 48, 4, 0, 0, 0, 0, 255]"
66.931419,12,"[0, 48, 2, 0, 0, 0, 0, 255]"
66.931474,12,"[0, 48, 2, 0, 0, 0, 0, 255]"
66.931727,12,"[0, 48, 4, 0, 0, 0, 0, 255]"
66.931894,12,"[0, 48, 2, 0, 0, 0, 0, 255]"
66.932489,12,"[0, 48, 4, 0, 0, 0, 0, 255]"
66.932518,12,"[0, 48, 2, 0, 0, 0, 0, 255]"
66.932589,12,"[0, 48, 2, 0, 0, 0, 0, 255]"
66.932843,12,"[0, 48, 2, 0, 0, 0, 0, 255]"
66.933046,12,"[0, 48, 2, 0, 0, 0, 0, 255]"
66.933228,12,"[0, 48, 2, 0, 0, 0, 0, 255]"
66.933472,12,"[0, 48, 2, 0, 0, 0, 0, 255]"
66.933914,12,"[0, 48, 2, 0, 0, 0, 0, 255]"
66.933929,12,"[0, 48, 2, 0, 0, 0, 0, 255]"
66.934133,12,"[0, 48, 2, 0, 0, 0, 0, 255]"
66.934366,12,"[0, 48, 4, 0, 0, 0, 0, 255]"
66.934566,12,"[0, 48, 2, 0, 0, 0, 0, 255]"
66.934777,12,"[0, 48, 2, 0, 0, 0, 0, 255]"
66.935009,12,"[0, 48, 2, 0, 0, 0, 0, 255]"
66.935234,12,"[0, 48, 2, 0, 0, 0, 0, 255]"
66.935933,12,"[0, 48, 4, 0, 0, 0, 0, 255]"
66.935962,12,"[0, 48, 2, 0, 0, 0, 0, 255]"
66.935977,12,"[0, 48, 2, 0, 0, 0, 0, 255]"
66.936471,12,"[0, 48, 4, 0, 0, 0, 0, 255]"
66.9365,12,"[0, 48, 2, 0, 0, 0, 0, 255]"
66.936689,12,"[0, 48, 2, 0, 0, 0, 0, 255]"
66.937256,12,"[0, 48, 4, 0, 0, 0, 0, 255]"
66.937493,12,"[0, 48, 4, 0, 0, 0, 0, 255]"
66.93753,12,"[0, 48, 2, 0, 0, 0, 0, 255]"
66.937559,12,"[0, 48, 2, 0, 0, 0, 0, 255]"
66.937784,12,"[0, 48, 2, 0, 0, 0, 0, 255]"
66.938092,12,"[0, 48, 4, 0, 0, 0, 0, 255]"
66.938172,12,"[0, 48, 2, 0, 0, 0, 0, 255]"
66.938475,12,"[0, 48, 2, 0, 0, 0, 0, 255]"
66.938678,12,"[0, 48, 2, 0, 0, 0, 0, 255]"
66.939035,12,"[0, 48, 4, 0, 0, 0, 0, 255]"
66.939087,12,"[0, 48, 2, 0, 0, 0, 0, 255]"
66.939651,12,"[0, 48, 4, 0, 0, 0, 0, 255]"
66.939739,12,"[0, 48, 2, 0, 0, 0, 0, 255]"
66.940166,12,"[0, 48, 4, 0, 0, 0, 0, 255]"
66.941018,12,"[0, 48, 4, 0, 0, 0, 0, 255]"
66.941479,12,"[0, 48, 2, 0, 0, 0, 0, 255]"
66.942124,12,"[0, 48, 2, 0, 0, 0, 0, 255]"
66.942505,12,"[0, 48, 4, 0, 0, 0, 0, 255]"
66.943324,12,"[0, 48, 4, 0, 0, 0, 0, 255]"
66.943575,12,"[0, 48, 2, 0, 0, 0, 0, 255]"
66.943978,12,"[0, 48, 2, 0, 0, 0, 0, 255]"
66.944363,12,"[0, 48, 2, 0, 0, 0, 0, 255]"
66.94473,12,"[0, 48, 2, 0, 0, 0, 0, 255]"
66.945172,12,"[0, 48, 2, 0, 0, 0, 0, 255]"
66.945503,12,"[0, 48, 4, 0, 0, 0, 0, 255]"
66.946622,12,"[0, 48, 2, 0, 0, 0, 0, 255]"
66.948262,12,"[0, 48, 2, 0, 0, 0, 0, 255]"
66.949186,12,"[0, 48, 2, 0, 0, 0, 0, 255]"
66.949651,12,"[0, 48, 4, 0, 0, 0, 0, 255]"
66.951379,12,"[0, 48, 2, 0, 0, 0, 0, 255]"
66.951687,12,"[0, 48, 2, 0, 0, 0, 0, 255]"
66.951978,12,"[0, 48, 2, 0, 0, 0, 0, 255]"
66.95248,12,"[0, 48, 4, 0, 0, 0, 0, 255]"
66.952517,12,"[0, 48, 2, 0, 0, 0, 0, 255]"
66.952829,12,"[0, 48, 2, 0, 0, 0, 0, 255]"
66.953025,12,"[0, 48, 2, 0, 0, 0, 0, 255]"
66.953353,12,"[0, 48, 2, 0, 0, 0, 0, 255]"
66.95364,12,"[0, 48, 2, 0, 0, 0, 0, 255]"
66.953972,12,"[0, 48, 4, 0, 0, 0, 0, 255]"
66.954226,12,"[0, 48, 2, 0, 0, 0, 0, 255]"
66.954506,12,"[0, 48, 2, 0, 0, 0, 0, 255]"
66.954775,12,"[0, 48, 2, 0, 0, 0, 0, 255]"
66.955058,12,"[0, 48, 2, 0, 0, 0, 0, 255]"
66.955961,12,"[0, 48, 4, 0, 0, 0, 0, 255]"
66.95606,12,"[0, 48, 2, 0, 0, 0, 0, 255]"
66.956097,12,"[0, 48, 2, 0, 0, 0, 0, 255]"
66.956359,12,"[0, 48, 4, 0, 0, 0, 0, 255]"
66.956761,12,"[0, 48, 2, 0, 0, 0, 0, 255]"
66.957073,12,"[0, 48, 2, 0, 0, 0, 0, 255]"
66.957477,12,"[0, 48, 4, 0, 0, 0, 0, 255]"
66.957803,12,"[0, 48, 4, 0, 0, 0, 0, 255]"
66.958137,12,"[0, 48, 2, 0, 0, 0, 0, 255]"
66.958475,12,"[0, 48, 2, 0, 0, 0, 0, 255]"
66.958794,12,"[0, 48, 2, 0, 0, 0, 0, 255]"
66.959121,12,"[0, 48, 2, 0, 0, 0, 0, 255]"
66.959634,12,"[0, 48, 4, 0, 0, 0, 0, 255]"
66.959736,12,"[0, 48, 2, 0, 0, 0, 0, 255]"
66.960033,12,"[0, 48, 2, 0, 0, 0, 0, 255]"
66.960354,12,"[0, 48, 4, 0, 0, 0, 0, 255]"
66.960691,12,"[0, 48, 4, 0, 0, 0, 0, 255]"
66.96103,12,"[0, 48, 2, 0, 0, 0, 0, 255]"
66.961233,12,"[0, 48, 2, 0, 0, 0, 0, 255]"
66.961514,12,"[0, 48, 2, 0, 0, 0, 0, 255]"
66.961804,12,"[0, 48, 2, 0, 0, 0, 0, 255]"
66.962478,12,"[0, 48, 4, 0, 0, 0, 0, 255]"
66.962507,12,"[0, 48, 2, 0, 0, 0, 0, 255]"
66.962797,12,"[0, 48, 2, 0, 0, 0, 0, 255]"
66.963102,12,"[0, 48, 2, 0, 0, 0, 0, 255]"
66.963477,12,"[0, 48, 2, 0, 0, 0, 0, 255]"
66.963898,12,"[0, 48, 4, 0, 0, 0, 0, 255]"
66.96413,12,"[0, 48, 2, 0, 0, 0, 0, 255]"
66.964483,12,"[0, 48, 4, 0, 0, 0, 0, 255]"
66.964744,12,"[0, 48, 2, 0, 0, 0, 0, 255]"
66.965129,12,"[0, 48, 4, 0, 0, 0, 0, 255]"
66.966082,12,"[0, 48, 2, 0, 0, 0, 0, 255]"
66.966125,12,"[0, 48, 2, 0, 0, 0, 0, 255]"
66.96614,12,"[0, 48, 2, 0, 0, 0, 0, 255]"
66.966403,12,"[0, 48, 4, 0, 0, 0, 0, 255]"
66.966798,12,"[0, 48, 2, 0, 0, 0, 0, 255]"
66.967435,12,"[0, 48, 4, 0, 0, 0, 0, 255]"
66.96745,12,"[0, 48, 2, 0, 0, 0, 0, 255]"
66.967639,12,"[0, 48, 2, 0, 0, 0, 0, 255]"
66.968049,12,"[0, 48, 4, 0, 0, 0, 0, 255]"
66.968245,12,"[0, 48, 2, 0, 0, 0, 0, 255]"
66.968555,12,"[0, 48, 2, 0, 0, 0, 0, 255]"
66.968859,12,"[0, 48, 2, 0, 0, 0, 0, 255]"
66.969265,12,"[0, 48, 2, 0, 0, 0, 0, 255]"
66.969595,12,"[0, 48, 2, 0, 0, 0, 0, 255]"
66.969986,12,"[0, 48, 2, 0, 0, 0, 0, 255]"
66.970477,12,"[0, 48, 4, 0, 0, 0, 0, 255]"
66.970974,12,"[0, 48, 4, 0, 0, 0, 0, 255]"
66.971003,12,"[0, 48, 2, 0, 0, 0, 0, 255]"
66.971352,12,"[0, 48, 2, 0, 0, 0, 0, 255]"
66.971725,12,"[0, 48, 2, 0, 0, 0, 0, 255]"
66.972102,12,"[0, 48, 2, 0, 0, 0, 0, 255]"
66.972519,12,"[0, 48, 4, 0, 0, 0, 0, 255]"
66.972773,12,"[0, 48, 2, 0, 0, 0, 0, 255]"
66.97307,12,"[0, 48, 2, 0, 0, 0, 0, 255]"
66.973332,12,"[0, 48, 2, 0, 0, 0, 0, 255]"
66.973706,12,"[0, 48, 2, 0, 0, 0, 0, 255]"
66.973982,12,"[0, 48, 4, 0, 0, 0, 0, 255]"
66.974316,12,"[0, 48, 4, 0, 0, 0, 0, 255]"
66.974603,12,"[0, 48, 2, 0, 0, 0, 0, 255]"
66.974908,12,"[0, 48, 4, 0, 0, 0, 0, 255]"
66.975162,12,"[0, 48, 2, 0, 0, 0, 0, 255]"
66.976015,12,"[0, 48, 2, 0, 0, 0, 0, 255]"
66.976031,12,"[0, 48, 2, 0, 0, 0, 0, 255]"
66.976104,12,"[0, 48, 2, 0, 0, 0, 0, 255]"
66.976479,12,"[0, 48, 4, 0, 0, 0, 0, 255]"
66.976747,12,"[0, 48, 2, 0, 0, 0, 0, 255]"
66.977117,12,"[0, 48, 2, 0, 0, 0, 0, 255]"
66.977484,12,"[0, 48, 2, 0, 0, 0, 0, 255]"
66.977825,12,"[0, 48, 2, 0, 0, 0, 0, 255]"
66.978113,33880393,"[6, 126, 2, 4, 252, 74, 9, 170]"
66.978485,12,"[0, 48, 2, 0, 0, 0, 0, 255]"
66.978824,12,"[0, 48, 2, 0, 0, 0, 0, 255]"
66.979133,12,"[0, 48, 2, 0, 0, 0, 0, 255]"
66.979653,12,"[0, 48, 4, 0, 0, 0, 0, 255]"
66.979778,12,"[0, 48, 2, 0, 0, 0, 0, 255]"
66.980146,12,"[0, 48, 4, 0, 0, 0, 0, 255]"
66.981047,12,"[0, 48, 4, 0, 0, 0, 0, 255]"
66.981075,12,"[0, 48, 2, 0, 0, 0, 0, 255]"
66.981147,12,"[0, 48, 2, 0, 0, 0, 0, 255]"
66.981393,33880405,"[6, 126, 2, 4, 252, 75, 21, 170]"
66.981805,33880392,"[6, 126, 2, 4, 252, 71, 8, 170]"
66.982084,12,"[0, 48, 2, 0, 0, 0, 0, 255]"
66.982516,12,"[0, 48, 4, 0, 0, 0, 0, 255]"
66.98273,12,"[0, 48, 2, 0, 0, 0, 0, 255]"
66.983076,12,"[0, 48, 2, 0, 0, 0, 0, 255]"
66.983486,12,"[0, 48, 2, 0, 0, 0, 0, 255]"
66.983801,33880394,"[6, 126, 2, 4, 252, 76, 10, 170]"
66.98407,168098129,"[6, 126, 10, 4, 252, 83, 17, 170]"
66.984411,84212056,"[6, 126, 5, 4, 252, 67, 24, 170]"
66.984847,12,"[0, 48, 2, 0, 0, 0, 0, 255]"
66.985149,12,"[0, 48, 2, 0, 0, 0, 0, 255]"
66.985952,12,"[0, 48, 4, 0, 0, 0, 0, 255]"
66.986037,12,"[0, 48, 2, 0, 0, 0, 0, 255]"
66.986155,12,"[0, 48, 2, 0, 0, 0, 0, 255]"
66.986484,12,"[0, 48, 4, 0, 0, 0, 0, 255]"
66.986764,12,"[0, 48, 4, 0, 0, 0, 0, 255]"
66.987051,12,"[0, 48, 2, 0, 0, 0, 0, 255]"
66.987325,33880406,"[6, 126, 2, 4, 252, 80, 22, 170]"
66.98763,12,"[0, 48, 2, 0, 0, 0, 0, 255]"
66.987976,12,"[0, 48, 2, 0, 0, 0, 0, 255]"
66.988226,12,"[0, 48, 2, 0, 0, 0, 0, 255]"
66.988614,12,"[0, 48, 2, 0, 0, 0, 0, 255]"
66.988982,12,"[0, 48, 2, 0, 0, 0, 0, 255]"
66.989293,12,"[0, 48, 2, 0, 0, 0, 0, 255]"
66.989628,33880402,"[6, 126, 2, 4, 252, 73, 18, 170]"
66.989796,12,"[0, 48, 4, 0, 0, 0, 0, 255]"
66.990083,12,"[0, 48, 2, 0, 0, 0, 0, 255]"
66.990485,12,"[0, 48, 2, 0, 0, 0, 0, 255]"
66.991173,12,"[0, 48, 2, 0, 0, 0, 0, 255]"
66.991189,12,"[0, 48, 2, 0, 0, 0, 0, 255]"
66.991488,12,"[0, 48, 2, 0, 0, 0, 0, 255]"
66.991753,12,"[0, 48, 2, 0, 0, 0, 0, 255]"
66.992004,12,"[0, 48, 2, 0, 0, 0, 0, 255]"
66.992511,12,"[0, 48, 2, 0, 0, 0, 0, 255]"
66.992718,12,"[0, 48, 2, 0, 0, 0, 0, 255]"
66.993056,12,"[0, 76, 2, 0, 0, 0, 0, 126]"
66.993306,84212038,"[6, 126, 5, 4, 252, 65, 6, 170]"
66.993593,33880403,"[6, 126, 2, 4, 252, 72, 19, 170]"
66.993969,33880399,"[6, 126, 2, 4, 252, 82, 15, 170]"
66.994269,12,"[0, 48, 2, 0, 0, 0, 0, 255]"
66.994657,12,"[0, 48, 2, 0, 0, 0, 0, 255]"
66.994937,12,"[0, 48, 4, 0, 0, 0, 0, 255]"
66.995254,12,"[0, 48, 2, 0, 0, 0, 0, 255]"
66.995971,12,"[0, 48, 2, 0, 0, 0, 0, 255]"
66.995986,12,"[0, 48, 2, 0, 0, 0, 0, 255]"
66.99639,12,"[0, 48, 4, 0, 0, 0, 0, 255]"
66.996488,12,"[0, 48, 2, 0, 0, 0, 0, 255]"
66.996503,12,"[0, 48, 2, 0, 0, 0, 0, 255]"
66.996812,12,"[0, 48, 2, 0, 0, 0, 0, 255]"
66.99751,12,"[0, 48, 2, 0, 0, 0, 0, 255]"
66.997526,12,"[0, 48, 2, 0, 0, 0, 0, 255]"
66.997644,12,"[0, 48, 2, 0, 0, 0, 0, 255]"
66.99799,12,"[0, 48, 2, 0, 0, 0, 0, 255]"
66.9983,12,"[0, 48, 2, 0, 0, 0, 0, 255]"
66.998599,12,"[0, 48, 2, 0, 0, 0, 0, 255]"
66.998993,12,"[0, 48, 4, 0, 0, 0, 0, 255]"
66.999259,12,"[0, 48, 2, 0, 0, 0, 0, 255]"
66.999699,12,"[0, 48, 2, 0, 0, 0, 0, 255]"
66.999861,12,"[0, 48, 2, 0, 0, 0, 0, 255]"
67.00017,12,"[0, 48, 4, 0, 0, 0, 0, 255]"
67.001062,12,"[0, 48, 4, 0, 0, 0, 0, 255]"
67.001105,12,"[0, 48, 2, 0, 0, 0, 0, 255]"
67.001121,12,"[0, 48, 2, 0, 0, 0, 0, 255]"
67.001268,12,"[0, 48, 2, 0, 0, 0, 0, 255]"
67.001575,12,"[0, 48, 2, 0, 0, 0, 0, 255]"
67.001855,12,"[0, 48, 2, 0, 0, 0, 0, 255]"
67.002443,12,"[0, 48, 4, 0, 0, 0, 0, 255]"
67.002458,12,"[0, 48, 2, 0, 0, 0, 0, 255]"
67.002599,12,"[0, 48, 2, 0, 0, 0, 0, 255]"
67.002812,12,"[0, 48, 2, 0, 0, 0, 0, 255]"
67.003011,12,"[0, 48, 2, 0, 0, 0, 0, 255]"
67.003233,12,"[0, 48, 2, 0, 0, 0, 0, 255]"
67.003488,12,"[0, 48, 2, 0, 0, 0, 0, 255]"
67.003978,12,"[0, 48, 4, 0, 0, 0, 0, 255]"
67.004007,12,"[0, 48, 2, 0, 0, 0, 0, 255]"
67.00414,12,"[0, 48, 2, 0, 0, 0, 0, 255]"
67.004463,12,"[0, 48, 4, 0, 0, 0, 0, 255]"
67.004515,12,"[0, 48, 2, 0, 0, 0, 0, 255]"
67.004722,12,"[0, 48, 2, 0, 0, 0, 0, 255]"
67.004899,12,"[0, 48, 2, 0, 0, 0, 0, 255]"
67.005127,12,"[0, 48, 2, 0, 0, 0, 0, 255]"
67.005916,12,"[0, 48, 4, 0, 0, 0, 0, 255]"
67.005959,12,"[0, 48, 2, 0, 0, 0, 0, 255]"
67.006384,12,"[0, 48, 4, 0, 0, 0, 0, 255]"
67.006552,12,"[0, 48, 2, 0, 0, 0, 0, 255]"
67.006567,12,"[0, 48, 2, 0, 0, 0, 0, 255]"
67.006596,12,"[0, 48, 2, 0, 0, 0, 0, 255]"
67.0067,12,"[0, 48, 2, 0, 0, 0, 0, 255]"
67.006914,12,"[0, 48, 2, 0, 0, 0, 0, 255]"
67.00754,12,"[0, 48, 4, 0, 0, 0, 0, 255]"
67.007555,12,"[0, 48, 2, 0, 0, 0, 0, 255]"
67.007571,12,"[0, 48, 2, 0, 0, 0, 0, 255]"
67.007738,12,"[0, 48, 2, 0, 0, 0, 0, 255]"
67.008342,12,"[0, 48, 4, 0, 0, 0, 0, 255]"
67.008385,12,"[0, 48, 2, 0, 0, 0, 0, 255]"
67.0084,12,"[0, 48, 2, 0, 0, 0, 0, 255]"
67.008542,12,"[0, 48, 2, 0, 0, 0, 0, 255]"
67.00902,12,"[0, 48, 4, 0, 0, 0, 0, 255]"
67.009035,12,"[0, 48, 2, 0, 0, 0, 0, 255]"
67.00937,12,"[0, 48, 4, 0, 0, 0, 0, 255]"
67.009694,12,"[0, 48, 2, 0, 0, 0, 0, 255]"
67.009709,12,"[0, 48, 2, 0, 0, 0, 0, 255]"
67.009905,12,"[0, 48, 4, 0, 0, 0, 0, 255]"
67.010115,12,"[0, 48, 2, 0, 0, 0, 0, 255]"
67.01029,12,"[0, 48, 4, 0, 0, 0, 0, 255]"
67.011036,12,"[0, 48, 4, 0, 0, 0, 0, 255]"
67.011156,12,"[0, 48, 2, 0, 0, 0, 0, 255]"
67.011172,12,"[0, 48, 2, 0, 0, 0, 0, 255]"
67.011187,12,"[0, 48, 2, 0, 0, 0, 0, 255]"
67.01126,12,"[0, 48, 2, 0, 0, 0, 0, 255]"
67.011497,12,"[0, 48, 2, 0, 0, 0, 0, 255]"
67.01173,12,"[0, 48, 2, 0, 0, 0, 0, 255]"
67.01194,12,"[0, 48, 2, 0, 0, 0, 0, 255]"
67.012533,12,"[0, 48, 2, 0, 0, 0, 0, 255]"
67.012562,12,"[0, 48, 2, 0, 0, 0, 0, 255]"
67.012619,12,"[0, 48, 2, 0, 0, 0, 0, 255]"
67.012757,12,"[0, 48, 2, 0, 0, 0, 0, 255]"
67.012983,12,"[0, 48, 4, 0, 0, 0, 0, 255]"
67.0132,12,"[0, 48, 2, 0, 0, 0, 0, 255]"
67.013412,12,"[0, 48, 2, 0, 0, 0, 0, 255]"
67.014052,12,"[0, 48, 2, 0, 0, 0, 0, 255]"
67.014123,12,"[0, 48, 2, 0, 0, 0, 0, 255]"
67.014493,12,"[0, 48, 2, 0, 0, 0, 0, 255]"
67.014508,12,"[0, 48, 2, 0, 0, 0, 0, 255]"
67.014685,12,"[0, 48, 4, 0, 0, 0, 0, 255]"
67.0147,12,"[0, 48, 2, 0, 0, 0, 0, 255]"
67.014896,12,"[0, 48, 2, 0, 0, 0, 0, 255]"
67.015078,12,"[0, 48, 2, 0, 0, 0, 0, 255]"
67.015999,12,"[0, 48, 4, 0, 0, 0, 0, 255]"
67.016041,12,"[0, 48, 2, 0, 0, 0, 0, 255]"
67.016394,12,"[0, 48, 4, 0, 0, 0, 0, 255]"
67.016468,12,"[0, 48, 2, 0, 0, 0, 0, 255]"
67.016484,12,"[0, 48, 2, 0, 0, 0, 0, 255]"
67.016513,12,"[0, 48, 2, 0, 0, 0, 0, 255]"
67.016586,12,"[0, 48, 2, 0, 0, 0, 0, 255]"
67.016782,12,"[0, 48, 2, 0, 0, 0, 0, 255]"
67.017036,12,"[0, 48, 2, 0, 0, 0, 0, 255]"
67.01749,12,"[0, 48, 2, 0, 0, 0, 0, 255]"
67.017506,12,"[0, 48, 2, 0, 0, 0, 0, 255]"
67.017695,12,"[0, 48, 2, 0, 0, 0, 0, 255]"
67.018108,12,"[0, 48, 4, 0, 0, 0, 0, 255]"
67.018305,12,"[0, 48, 2, 0, 0, 0, 0, 255]"
67.018364,12,"[0, 48, 2, 0, 0, 0, 0, 255]"
67.0186,12,"[0, 48, 2, 0, 0, 0, 0, 255]"
67.019027,12,"[0, 48, 4, 0, 0, 0, 0, 255]"
67.019042,12,"[0, 48, 2, 0, 0, 0, 0, 255]"
67.019696,12,"[0, 48, 2, 0, 0, 0, 0, 255]"
67.020335,12,"[0, 48, 4, 0, 0, 0, 0, 255]"
67.021083,12,"[0, 48, 2, 0, 0, 0, 0, 255]"
67.021098,12,"[0, 48, 2, 0, 0, 0, 0, 255]"
67.021182,12,"[0, 48, 2, 0, 0, 0, 0, 255]"
67.021211,12,"[0, 48, 2, 0, 0, 0, 0, 255]"
67.021448,12,"[0, 48, 4, 0, 0, 0, 0, 255]"
67.021499,12,"[0, 48, 2, 0, 0, 0, 0, 255]"
67.021829,12,"[0, 48, 2, 0, 0, 0, 0, 255]"
67.021844,12,"[0, 48, 2, 0, 0, 0, 0, 255]"
67.022445,12,"[0, 48, 4, 0, 0, 0, 0, 255]"
67.02246,12,"[0, 48, 2, 0, 0, 0, 0, 255]"
67.022475,12,"[0, 48, 2, 0, 0, 0, 0, 255]"
67.022568,12,"[0, 48, 2, 0, 0, 0, 0, 255]"
67.022583,12,"[0, 48, 2, 0, 0, 0, 0, 255]"
67.02299,12,"[0, 48, 2, 0, 0, 0, 0, 255]"
67.023006,12,"[0, 48, 2, 0, 0, 0, 0, 255]"
67.023076,12,"[0, 48, 2, 0, 0, 0, 0, 255]"
67.023373,12,"[0, 48, 4, 0, 0, 0, 0, 255]"
67.023388,12,"[0, 48, 2, 0, 0, 0, 0, 255]"
67.023403,12,"[0, 48, 2, 0, 0, 0, 0, 255]"
67.023925,12,"[0, 48, 4, 0, 0, 0, 0, 255]"
67.02394,12,"[0, 48, 2, 0, 0, 0, 0, 255]"
67.024119,12,"[0, 48, 4, 0, 0, 0, 0, 255]"
67.024364,12,"[0, 48, 4, 0, 0, 0, 0, 255]"
67.024492,12,"[0, 48, 4, 0, 0, 0, 0, 255]"
67.02471,12,"[0, 48, 2, 0, 0, 0, 0, 255]"
67.02492,12,"[0, 48, 2, 0, 0, 0, 0, 255]"
67.025102,12,"[0, 48, 2, 0, 0, 0, 0, 255]"
67.026009,12,"[0, 48, 4, 0, 0, 0, 0, 255]"
67.026038,12,"[0, 48, 2, 0, 0, 0, 0, 255]"
67.026053,12,"[0, 48, 2, 0, 0, 0, 0, 255]"
67.026479,12,"[0, 48, 4, 0, 0, 0, 0, 255]"
67.026564,12,"[0, 48, 2, 0, 0, 0, 0, 255]"
67.026579,12,"[0, 48, 2, 0, 0, 0, 0, 255]"
67.026631,12,"[0, 48, 2, 0, 0, 0, 0, 255]"
67.026834,12,"[0, 48, 2, 0, 0, 0, 0, 255]"
67.027059,12,"[0, 48, 4, 0, 0, 0, 0, 255]"
67.027506,12,"[0, 48, 2, 0, 0, 0, 0, 255]"
67.027626,12,"[0, 48, 4, 0, 0, 0, 0, 255]"
67.027721,12,"[0, 48, 2, 0, 0, 0, 0, 255]"
67.028114,12,"[0, 48, 4, 0, 0, 0, 0, 255]"
67.028268,12,"[0, 48, 4, 0, 0, 0, 0, 255]"
67.028349,12,"[0, 48, 4, 0, 0, 0, 0, 255]"
67.02852,12,"[0, 48, 2, 0, 0, 0, 0, 255]"
67.029003,12,"[0, 48, 4, 0, 0, 0, 0, 255]"
67.029018,12,"[0, 48, 2, 0, 0, 0, 0, 255]"
67.0292,12,"[0, 48, 2, 0, 0, 0, 0, 255]"
67.029701,12,"[0, 48, 2, 0, 0, 0, 0, 255]"
67.029905,12,"[0, 48, 4, 0, 0, 0, 0, 255]"
67.029957,12,"[0, 48, 2, 0, 0, 0, 0, 255]"
67.029985,12,"[0, 48, 2, 0, 0, 0, 0, 255]"
67.03016,12,"[0, 48, 2, 0, 0, 0, 0, 255]"
67.031018,12,"[0, 48, 4, 0, 0, 0, 0, 255]"
67.031033,12,"[0, 48, 2, 0, 0, 0, 0, 255]"
67.03114,12,"[0, 48, 2, 0, 0, 0, 0, 255]"
67.031169,12,"[0, 48, 2, 0, 0, 0, 0, 255]"
67.031567,12,"[0, 48, 2, 0, 0, 0, 0, 255]"
67.031813,12,"[0, 48, 4, 0, 0, 0, 0, 255]"
67.032442,12,"[0, 48, 4, 0, 0, 0, 0, 255]"
67.032471,12,"[0, 48, 2, 0, 0, 0, 0, 255]"
67.032591,12,"[0, 48, 2, 0, 0, 0, 0, 255]"
67.03262,12,"[0, 48, 2, 0, 0, 0, 0, 255]"
67.033027,12,"[0, 48, 4, 0, 0, 0, 0, 255]"
67.033056,12,"[0, 48, 2, 0, 0, 0, 0, 255]"
67.033135,12,"[0, 48, 2, 0, 0, 0, 0, 255]"
67.033151,12,"[0, 48, 2, 0, 0, 0, 0, 255]"
67.033328,12,"[0, 48, 2, 0, 0, 0, 0, 255]"
67.033343,12,"[0, 48, 2, 0, 0, 0, 0, 255]"
67.033927,12,"[0, 48, 2, 0, 0, 0, 0, 255]"
67.03402,12,"[0, 48, 4, 0, 0, 0, 0, 255]"
67.034035,12,"[0, 48, 2, 0, 0, 0, 0, 255]"
67.034495,12,"[0, 48, 2, 0, 0, 0, 0, 255]"
67.03451,12,"[0, 48, 2, 0, 0, 0, 0, 255]"
67.034699,12,"[0, 48, 2, 0, 0, 0, 0, 255]"
67.034917,12,"[0, 48, 2, 0, 0, 0, 0, 255]"
67.035099,12,"[0, 48, 2, 0, 0, 0, 0, 255]"
67.036006,12,"[0, 48, 2, 0, 0, 0, 0, 255]"
67.036551,12,"[0, 48, 2, 0, 0, 0, 0, 255]"
67.036567,12,"[0, 48, 2, 0, 0, 0, 0, 255]"
67.036799,12,"[0, 48, 2, 0, 0, 0, 0, 255]"
67.036814,12,"[0, 48, 2, 0, 0, 0, 0, 255]"
67.036948,12,"[0, 48, 4, 0, 0, 0, 0, 255]"
67.037527,12,"[0, 48, 2, 0, 0, 0, 0, 255]"
67.037731,12,"[0, 48, 2, 0, 0, 0, 0, 255]"
67.038314,12,"[0, 48, 4, 0, 0, 0, 0, 255]"
67.038329,12,"[0, 48, 2, 0, 0, 0, 0, 255]"
67.038345,12,"[0, 48, 2, 0, 0, 0, 0, 255]"
67.038415,12,"[0, 48, 2, 0, 0, 0, 0, 255]"
67.038431,12,"[0, 48, 2, 0, 0, 0, 0, 255]"
67.03845,12,"[0, 48, 2, 0, 0, 0, 0, 255]"
67.038465,12,"[0, 48, 2, 0, 0, 0, 0, 255]"
67.038509,12,"[0, 48, 2, 0, 0, 0, 0, 255]"
67.038727,12,"[0, 48, 2, 0, 0, 0, 0, 255]"
67.038909,12,"[0, 48, 4, 0, 0, 0, 0, 255]"
67.039127,12,"[0, 48, 2, 0, 0, 0, 0, 255]"
67.039367,12,"[0, 48, 4, 0, 0, 0, 0, 255]"
67.039603,12,"[0, 48, 4, 0, 0, 0, 0, 255]"
67.039836,12,"[0, 48, 2, 0, 0, 0, 0, 255]"
67.040068,12,"[0, 48, 2, 0, 0, 0, 0, 255]"
67.04025,12,"[0, 48, 4, 0, 0, 0, 0, 255]"
67.041039,12,"[0, 48, 4, 0, 0, 0, 0, 255]"
67.041068,12,"[0, 48, 2, 0, 0, 0, 0, 255]"
67.041217,12,"[0, 48, 4, 0, 0, 0, 0, 255]"
67.041246,12,"[0, 48, 2, 0, 0, 0, 0, 255]"
67.041284,12,"[0, 48, 2, 0, 0, 0, 0, 255]"
67.041491,12,"[0, 48, 4, 0, 0, 0, 0, 255]"
67.04168,12,"[0, 48, 2, 0, 0, 0, 0, 255]"
67.041911,33880402,"[6, 126, 2, 4, 252, 73, 18, 170]"
67.042592,12,"[0, 48, 2, 0, 0, 0, 0, 255]"
67.042842,12,"[0, 48, 2, 0, 0, 0, 0, 255]"
67.043093,12,"[0, 48, 2, 0, 0, 0, 0, 255]"
67.043315,12,"[0, 48, 4, 0, 0, 0, 0, 255]"
67.043525,12,"[0, 48, 2, 0, 0, 0, 0, 255]"
67.044043,12,"[0, 48, 2, 0, 0, 0, 0, 255]"
67.044493,12,"[0, 48, 2, 0, 0, 0, 0, 255]"
67.044508,12,"[0, 48, 2, 0, 0, 0, 0, 255]"
67.044832,12,"[0, 48, 2, 0, 0, 0, 0, 255]"
67.045061,12,"[0, 48, 2, 0, 0, 0, 0, 255]"
67.045957,12,"[0, 48, 2, 0, 0, 0, 0, 255]"
67.045973,12,"[0, 48, 2, 0, 0, 0, 0, 255]"
67.046464,12,"[0, 48, 4, 0, 0, 0, 0, 255]"
67.046501,12,"[0, 48, 2, 0, 0, 0, 0, 255]"
67.046791,12,"[0, 48, 4, 0, 0, 0, 0, 255]"
67.046806,12,"[0, 48, 2, 0, 0, 0, 0, 255]"
67.047101,12,"[0, 48, 4, 0, 0, 0, 0, 255]"
67.047419,12,"[0, 48, 4, 0, 0, 0, 0, 255]"
67.047739,12,"[0, 48, 2, 0, 0, 0, 0, 255]"
67.048049,12,"[0, 48, 2, 0, 0, 0, 0, 255]"
67.048373,12,"[0, 48, 4, 0, 0, 0, 0, 255]"
67.048657,12,"[0, 48, 2, 0, 0, 0, 0, 255]"
67.048944,12,"[0, 48, 2, 0, 0, 0, 0, 255]"
67.049268,12,"[0, 48, 4, 0, 0, 0, 0, 255]"
67.049553,12,"[0, 48, 2, 0, 0, 0, 0, 255]"
67.049855,12,"[0, 48, 4, 0, 0, 0, 0, 255]"
67.050135,12,"[0, 48, 2, 0, 0, 0, 0, 255]"
67.050494,12,"[0, 48, 4, 0, 0, 0, 0, 255]"
67.050766,12,"[0, 48, 4, 0, 0, 0, 0, 255]"
67.051134,12,"[0, 48, 4, 0, 0, 0, 0, 255]"
67.051171,12,"[0, 48, 2, 0, 0, 0, 0, 255]"
67.051394,12,"[0, 48, 2, 0, 0, 0, 0, 255]"
67.051626,12,"[0, 48, 2, 0, 0, 0, 0, 255]"
67.051811,12,"[0, 48, 4, 0, 0, 0, 0, 255]"
67.052024,12,"[0, 48, 2, 0, 0, 0, 0, 255]"
67.052476,12,"[0, 48, 2, 0, 0, 0, 0, 255]"
67.052491,12,"[0, 48, 2, 0, 0, 0, 0, 255]"
67.052639,12,"[0, 48, 2, 0, 0, 0, 0, 255]"
67.053114,12,"[0, 48, 2, 0, 0, 0, 0, 255]"
67.053349,12,"[0, 48, 2, 0, 0, 0, 0, 255]"
67.053364,12,"[0, 48, 2, 0, 0, 0, 0, 255]"
67.053734,12,"[0, 48, 4, 0, 0, 0, 0, 255]"
67.053763,12,"[0, 48, 2, 0, 0, 0, 0, 255]"
67.054015,12,"[0, 48, 4, 0, 0, 0, 0, 255]"
67.054074,12,"[0, 48, 2, 0, 0, 0, 0, 255]"
67.054296,12,"[0, 48, 4, 0, 0, 0, 0, 255]"
67.054528,12,"[0, 48, 2, 0, 0, 0, 0, 255]"
67.054713,12,"[0, 48, 4, 0, 0, 0, 0, 255]"
67.054919,12,"[0, 48, 2, 0, 0, 0, 0, 255]"
67.055096,12,"[0, 48, 2, 0, 0, 0, 0, 255]"
67.056075,12,"[0, 48, 2, 0, 0, 0, 0, 255]"
67.056477,12,"[0, 48, 2, 0, 0, 0, 0, 255]"
67.056767,12,"[0, 48, 2, 0, 0, 0, 0, 255]"
67.056782,12,"[0, 48, 2, 0, 0, 0, 0, 255]"
67.056797,12,"[0, 48, 2, 0, 0, 0, 0, 255]"
67.057109,12,"[0, 48, 4, 0, 0, 0, 0, 255]"
67.057181,12,"[0, 48, 4, 0, 0, 0, 0, 255]"
67.057281,12,"[0, 48, 4, 0, 0, 0, 0, 255]"
67.05736,12,"[0, 48, 4, 0, 0, 0, 0, 255]"
67.05745,12,"[0, 48, 4, 0, 0, 0, 0, 255]"
67.057557,12,"[0, 48, 4, 0, 0, 0, 0, 255]"
67.057572,12,"[0, 48, 2, 0, 0, 0, 0, 255]"
67.057793,12,"[0, 48, 2, 0, 0, 0, 0, 255]"
67.058049,12,"[0, 48, 4, 0, 0, 0, 0, 255]"
67.058395,12,"[0, 48, 4, 0, 0, 0, 0, 255]"
67.05841,12,"[0, 48, 2, 0, 0, 0, 0, 255]"
67.058591,12,"[0, 48, 2, 0, 0, 0, 0, 255]"
67.058827,12,"[0, 48, 4, 0, 0, 0, 0, 255]"
67.05909,12,"[0, 48, 2, 0, 0, 0, 0, 255]"
67.059371,12,"[0, 48, 2, 0, 0, 0, 0, 255]"
67.059626,12,"[0, 48, 4, 0, 0, 0, 0, 255]"
67.059869,12,"[0, 48, 2, 0, 0, 0, 0, 255]"
67.060215,12,"[0, 48, 2, 0, 0, 0, 0, 255]"
67.060994,12,"[0, 48, 4, 0, 0, 0, 0, 255]"
67.061009,12,"[0, 48, 2, 0, 0, 0, 0, 255]"
67.061066,12,"[0, 48, 2, 0, 0, 0, 0, 255]"
67.061111,12,"[0, 48, 2, 0, 0, 0, 0, 255]"
67.061333,12,"[0, 48, 2, 0, 0, 0, 0, 255]"
67.061573,12,"[0, 48, 2, 0, 0, 0, 0, 255]"
67.061816,12,"[0, 48, 4, 0, 0, 0, 0, 255]"
67.062022,12,"[0, 48, 2, 0, 0, 0, 0, 255]"
67.06245,12,"[0, 48, 4, 0, 0, 0, 0, 255]"
67.062495,12,"[0, 48, 2, 0, 0, 0, 0, 255]"
67.062687,12,"[0, 48, 2, 0, 0, 0, 0, 255]"
67.063025,12,"[0, 48, 4, 0, 0, 0, 0, 255]"
67.063063,12,"[0, 48, 2, 0, 0, 0, 0, 255]"
67.063292,12,"[0, 48, 2, 0, 0, 0, 0, 255]"
67.063495,12,"[0, 48, 2, 0, 0, 0, 0, 255]"
67.063823,33880402,"[33, 0, 0, 18, 1, 0, 24, 0]"
67.063903,12,"[0, 48, 4, 0, 0, 0, 0, 255]"
67.064087,12,"[0, 48, 2, 0, 0, 0, 0, 255]"
67.064454,12,"[0, 48, 4, 0, 0, 0, 0, 255]"
67.064506,12,"[0, 48, 2, 0, 0, 0, 0, 255]"
67.064769,12,"[0, 48, 2, 0, 0, 0, 0, 255]"
67.064931,12,"[0, 48, 2, 0, 0, 0, 0, 255]"
67.065167,12,"[0, 48, 2, 0, 0, 0, 0, 255]"
67.065688,12,"[0, 48, 4, 0, 0, 0, 0, 255]"
67.065759,12,"[0, 48, 4, 0, 0, 0, 0, 255]"
67.065804,12,"[0, 48, 2, 0, 0, 0, 0, 255]"
67.066171,12,"[0, 48, 2, 0, 0, 0, 0, 255]"
67.066538,12,"[0, 48, 4, 0, 0, 0, 0, 255]"
67.066567,12,"[0, 48, 2, 0, 0, 0, 0, 255]"
67.066612,12,"[0, 48, 2, 0, 0, 0, 0, 255]"
67.066789,12,"[0, 48, 2, 0, 0, 0, 0, 255]"
67.067002,12,"[0, 48, 2, 0, 0, 0, 0, 255]"
67.067201,12,"[0, 48, 4, 0, 0, 0, 0, 255]"
67.067423,12,"[0, 48, 4, 0, 0, 0, 0, 255]"
67.067604,12,"[0, 48, 2, 0, 0, 0, 0, 255]"
67.06781,12,"[0, 48, 2, 0, 0, 0, 0, 255]"
67.068046,12,"[0, 48, 2, 0, 0, 0, 0, 255]"
67.06835,12,"[0, 48, 4, 0, 0, 0, 0, 255]"
67.068494,12,"[0, 48, 2, 0, 0, 0, 0, 255]"
67.068723,12,"[0, 48, 2, 0, 0, 0, 0, 255]"
67.068916,33880402,"[34, 9, 10, 231, 7, 3, 4, 30]"
67.069121,12,"[0, 48, 2, 0, 0, 0, 0, 255]"
67.069529,12,"[0, 48, 4, 0, 0, 0, 0, 255]"
67.06967,12,"[0, 48, 4, 0, 0, 0, 0, 255]"
67.069766,12,"[0, 48, 2, 0, 0, 0, 0, 255]"
67.069988,12,"[0, 48, 4, 0, 0, 0, 0, 255]"
67.070231,12,"[0, 48, 4, 0, 0, 0, 0, 255]"
67.071008,12,"[0, 48, 2, 0, 0, 0, 0, 255]"
67.071024,12,"[0, 48, 2, 0, 0, 0, 0, 255]"
67.071039,12,"[0, 48, 2, 0, 0, 0, 0, 255]"
67.07115,12,"[0, 48, 2, 0, 0, 0, 0, 255]"
67.071392,12,"[0, 48, 4, 0, 0, 0, 0, 255]"
67.071578,12,"[0, 48, 2, 0, 0, 0, 0, 255]"
67.071879,12,"[0, 48, 2, 0, 0, 0, 0, 255]"
67.072017,12,"[0, 48, 2, 0, 0, 0, 0, 255]"
67.072243,12,"[0, 48, 2, 0, 0, 0, 0, 255]"
67.072599,12,"[0, 48, 2, 0, 0, 0, 0, 255]"
67.072709,12,"[0, 48, 2, 0, 0, 0, 0, 255]"
67.072912,12,"[0, 48, 2, 0, 0, 0, 0, 255]"
67.073339,12,"[0, 48, 4, 0, 0, 0, 0, 255]"
67.073391,12,"[0, 48, 2, 0, 0, 0, 0, 255]"
67.073647,12,"[0, 48, 4, 0, 0, 0, 0, 255]"
67.073822,12,"[0, 48, 2, 0, 0, 0, 0, 255]"
67.074032,12,"[0, 48, 2, 0, 0, 0, 0, 255]"
67.07425,12,"[0, 48, 2, 0, 0, 0, 0, 255]"
67.074502,12,"[0, 48, 2, 0, 0, 0, 0, 255]"
67.074734,12,"[0, 48, 2, 0, 0, 0, 0, 255]"
67.074959,12,"[0, 48, 2, 0, 0, 0, 0, 255]"
67.075184,12,"[0, 48, 2, 0, 0, 0, 0, 255]"
67.0761,12,"[0, 48, 4, 0, 0, 0, 0, 255]"
67.076115,12,"[0, 48, 2, 0, 0, 0, 0, 255]"
67.076347,12,"[0, 48, 4, 0, 0, 0, 0, 255]"
67.076432,12,"[0, 48, 4, 0, 0, 0, 0, 255]"
67.076696,12,"[0, 48, 2, 0, 0, 0, 0, 255]"
67.076711,12,"[0, 48, 2, 0, 0, 0, 0, 255]"
67.076842,12,"[0, 48, 2, 0, 0, 0, 0, 255]"
67.077407,12,"[0, 48, 4, 0, 0, 0, 0, 255]"
67.077874,12,"[0, 48, 2, 0, 0, 0, 0, 255]"
67.078502,12,"[0, 48, 2, 0, 0, 0, 0, 255]"
67.078763,12,"[0, 48, 2, 0, 0, 0, 0, 255]"
67.079005,33880402,"[36, 14, 6, 52, 23, 14, 0, 84]"
67.079221,12,"[0, 48, 4, 0, 0, 0, 0, 255]"
67.079502,12,"[0, 48, 2, 0, 0, 0, 0, 255]"
67.07972,12,"[0, 48, 4, 0, 0, 0, 0, 255]"
67.079959,12,"[0, 48, 2, 0, 0, 0, 0, 255]"
67.08017,12,"[0, 48, 2, 0, 0, 0, 0, 255]"
67.080374,12,"[0, 48, 2, 0, 0, 0, 0, 255]"
67.081057,12,"[0, 48, 2, 0, 0, 0, 0, 255]"
67.081072,12,"[0, 48, 2, 0, 0, 0, 0, 255]"
67.081171,12,"[0, 48, 2, 0, 0, 0, 0, 255]"
67.081208,12,"[0, 48, 2, 0, 0, 0, 0, 255]"
67.081412,12,"[0, 48, 2, 0, 0, 0, 0, 255]"
67.081649,12,"[0, 48, 2, 0, 0, 0, 0, 255]"
67.08191,12,"[0, 48, 2, 0, 0, 0, 0, 255]"
67.082128,12,"[0, 48, 4, 0, 0, 0, 0, 255]"
67.082339,12,"[0, 48, 4, 0, 0, 0, 0, 255]"
67.082561,12,"[0, 48, 4, 0, 0, 0, 0, 255]"
67.082786,12,"[0, 48, 2, 0, 0, 0, 0, 255]"
67.083033,12,"[0, 48, 2, 0, 0, 0, 0, 255]"
67.083258,12,"[0, 48, 4, 0, 0, 0, 0, 255]"
67.083502,12,"[0, 48, 2, 0, 0, 0, 0, 255]"
67.083905,33880402,"[37, 97, 108, 111, 110, 32, 70, 88]"
67.084078,12,"[0, 48, 2, 0, 0, 0, 0, 255]"
67.084383,12,"[0, 48, 2, 0, 0, 0, 0, 255]"
67.084685,12,"[0, 48, 2, 0, 0, 0, 0, 255]"
67.085011,12,"[0, 48, 2, 0, 0, 0, 0, 255]"
67.085317,12,"[0, 48, 2, 0, 0, 0, 0, 255]"
67.086093,12,"[0, 48, 2, 0, 0, 0, 0, 255]"
67.086469,12,"[0, 48, 2, 0, 0, 0, 0, 255]"
67.086498,12,"[0, 48, 2, 0, 0, 0, 0, 255]"
67.086737,12,"[0, 48, 4, 0, 0, 0, 0, 255]"
67.086825,12,"[0, 48, 2, 0, 0, 0, 0, 255]"
67.087324,12,"[0, 48, 4, 0, 0, 0, 0, 255]"
67.087486,12,"[0, 48, 2, 0, 0, 0, 0, 255]"
67.087711,12,"[0, 48, 2, 0, 0, 0, 0, 255]"
67.087987,12,"[0, 48, 4, 0, 0, 0, 0, 255]"
67.088408,12,"[0, 48, 2, 0, 0, 0, 0, 255]"
67.0885,12,"[0, 48, 2, 0, 0, 0, 0, 255]"
67.088718,12,"[0, 48, 2, 0, 0, 0, 0, 255]"
67.088995,33880402,"[38, 32, 118, 101, 114, 115, 46, 32]"
67.089259,12,"[0, 48, 4, 0, 0, 0, 0, 255]"
67.0895,12,"[0, 48, 2, 0, 0, 0, 0, 255]"
67.089721,12,"[0, 48, 2, 0, 0, 0, 0, 255]"
67.089934,12,"[0, 48, 4, 0, 0, 0, 0, 255]"
67.090111,12,"[0, 48, 2, 0, 0, 0, 0, 255]"
67.090348,12,"[0, 48, 4, 0, 0, 0, 0, 255]"
67.091032,12,"[0, 48, 4, 0, 0, 0, 0, 255]"
67.091075,12,"[0, 48, 2, 0, 0, 0, 0, 255]"
67.09109,12,"[0, 48, 2, 0, 0, 0, 0, 255]"
67.091216,12,"[0, 48, 2, 0, 0, 0, 0, 255]"
67.091475,12,"[0, 48, 4, 0, 0, 0, 0, 255]"
67.091608,12,"[0, 48, 2, 0, 0, 0, 0, 255]"
67.091807,12,"[0, 48, 2, 0, 0, 0, 0, 255]"
67.092072,12,"[0, 48, 4, 0, 0, 0, 0, 255]"
67.092521,12,"[0, 48, 4, 0, 0, 0, 0, 255]"
67.09255,12,"[0, 48, 2, 0, 0, 0, 0, 255]"
67.092735,12,"[0, 48, 2, 0, 0, 0, 0, 255]"
67.093112,12,"[0, 48, 2, 0, 0, 0, 0, 255]"
67.093223,12,"[0, 48, 2, 0, 0, 0, 0, 255]"
67.093454,12,"[0, 48, 2, 0, 0, 0, 0, 255]"
67.093631,12,"[0, 48, 2, 0, 0, 0, 0, 255]"
67.093862,33880402,"[39, 67, 0, 70, 82, 67, 45, 48]"
67.094096,12,"[0, 48, 2, 0, 0, 0, 0, 255]"
67.094281,12,"[0, 48, 2, 0, 0, 0, 0, 255]"
67.094513,12,"[0, 48, 4, 0, 0, 0, 0, 255]"
67.094712,12,"[0, 48, 2, 0, 0, 0, 0, 255]"
67.094918,12,"[0, 48, 4, 0, 0, 0, 0, 255]"
67.095169,12,"[0, 48, 2, 0, 0, 0, 0, 255]"
67.09607,12,"[0, 48, 4, 0, 0, 0, 0, 255]"
67.096113,12,"[0, 48, 2, 0, 0, 0, 0, 255]"
67.096495,12,"[0, 48, 4, 0, 0, 0, 0, 255]"
67.096524,12,"[0, 48, 2, 0, 0, 0, 0, 255]"
67.096744,12,"[0, 48, 2, 0, 0, 0, 0, 255]"
67.09761,12,"[0, 48, 2, 0, 0, 0, 0, 255]"
67.097626,12,"[0, 48, 2, 0, 0, 0, 0, 255]"
67.097641,12,"[0, 48, 2, 0, 0, 0, 0, 255]"
67.097656,12,"[0, 48, 2, 0, 0, 0, 0, 255]"
67.097806,12,"[0, 48, 2, 0, 0, 0, 0, 255]"
67.097877,12,"[0, 48, 2, 0, 0, 0, 0, 255]"
67.097963,12,"[0, 48, 4, 0, 0, 0, 0, 255]"
67.09836,12,"[0, 48, 4, 0, 0, 0, 0, 255]"
67.098445,12,"[0, 48, 2, 0, 0, 0, 0, 255]"
67.098464,12,"[0, 48, 2, 0, 0, 0, 0, 255]"
67.098502,12,"[0, 48, 2, 0, 0, 0, 0, 255]"
67.098693,12,"[0, 48, 2, 0, 0, 0, 0, 255]"
67.09888,33880402,"[40, 50, 49, 50, 57, 0, 0, 0]"
67.099063,12,"[0, 48, 4, 0, 0, 0, 0, 255]"
67.099299,12,"[0, 48, 2, 0, 0, 0, 0, 255]"
67.099567,12,"[0, 48, 4, 0, 0, 0, 0, 255]"
67.099751,12,"[0, 48, 2, 0, 0, 0, 0, 255]"
67.099986,12,"[0, 48, 4, 0, 0, 0, 0, 255]"
67.10017,12,"[0, 48, 4, 0, 0, 0, 0, 255]"
67.101072,12,"[0, 48, 2, 0, 0, 0, 0, 255]"
67.101088,12,"[0, 48, 2, 0, 0, 0, 0, 255]"
67.101167,12,"[0, 48, 2, 0, 0, 0, 0, 255]"
67.101182,12,"[0, 48, 2, 0, 0, 0, 0, 255]"
67.101198,12,"[0, 48, 2, 0, 0, 0, 0, 255]"
67.101402,12,"[0, 48, 4, 0, 0, 0, 0, 255]"
67.101524,12,"[0, 48, 2, 0, 0, 0, 0, 255]"
67.101849,12,"[0, 48, 2, 0, 0, 0, 0, 255]"
67.101923,12,"[0, 48, 2, 0, 0, 0, 0, 255]"
67.102448,12,"[0, 48, 4, 0, 0, 0, 0, 255]"
67.10251,12,"[0, 48, 2, 0, 0, 0, 0, 255]"
67.102562,12,"[0, 48, 2, 0, 0, 0, 0, 255]"
67.102746,12,"[0, 48, 2, 0, 0, 0, 0, 255]"
67.103023,12,"[0, 48, 2, 0, 0, 0, 0, 255]"
67.103171,12,"[0, 48, 2, 0, 0, 0, 0, 255]"
67.103364,12,"[0, 48, 2, 0, 0, 0, 0, 255]"
67.103581,12,"[0, 48, 2, 0, 0, 0, 0, 255]"
67.103904,33880402,"[41, 0, 0, 0, 67, 84, 82, 32]"
67.104043,12,"[0, 48, 4, 0, 0, 0, 0, 255]"
67.104279,12,"[0, 48, 2, 0, 0, 0, 0, 255]"
67.104519,12,"[0, 48, 2, 0, 0, 0, 0, 255]"
67.104733,12,"[0, 48, 4, 0, 0, 0, 0, 255]"
67.104917,12,"[0, 48, 2, 0, 0, 0, 0, 255]"
67.105131,12,"[0, 48, 2, 0, 0, 0, 0, 255]"
67.105317,12,"[0, 48, 2, 0, 0, 0, 0, 255]"
67.105534,12,"[0, 48, 4, 0, 0, 0, 0, 255]"
67.106072,12,"[0, 48, 4, 0, 0, 0, 0, 255]"
67.106088,12,"[0, 48, 2, 0, 0, 0, 0, 255]"
67.106162,12,"[0, 48, 2, 0, 0, 0, 0, 255]"
67.106464,12,"[0, 48, 2, 0, 0, 0, 0, 255]"
67.106567,12,"[0, 48, 2, 0, 0, 0, 0, 255]"
67.106795,12,"[0, 48, 4, 0, 0, 0, 0, 255]"
67.107009,12,"[0, 48, 2, 0, 0, 0, 0, 255]"
67.107364,12,"[0, 48, 4, 0, 0, 0, 0, 255]"
67.107524,12,"[0, 48, 4, 0, 0, 0, 0, 255]"
67.107605,12,"[0, 48, 2, 0, 0, 0, 0, 255]"
67.107819,12,"[0, 48, 2, 0, 0, 0, 0, 255]"
67.108003,12,"[0, 48, 4, 0, 0, 0, 0, 255]"
67.10838,12,"[0, 48, 4, 0, 0, 0, 0, 255]"
67.108502,12,"[0, 48, 2, 0, 0, 0, 0, 255]"
67.108731,12,"[0, 48, 2, 0, 0, 0, 0, 255]"
67.108937,33880402,"[42, 69, 108, 101, 99, 116, 114, 111]"
67.109157,12,"[0, 48, 2, 0, 0, 0, 0, 255]"
67.109539,12,"[0, 48, 2, 0, 0, 0, 0, 255]"
67.109712,12,"[0, 48, 2, 0, 0, 0, 0, 255]"
67.11014,12,"[0, 48, 4, 0, 0, 0, 0, 255]"
67.110169,12,"[0, 48, 2, 0, 0, 0, 0, 255]"
67.111046,12,"[0, 48, 2, 0, 0, 0, 0, 255]"
67.111075,12,"[0, 48, 2, 0, 0, 0, 0, 255]"
67.111112,12,"[0, 48, 2, 0, 0, 0, 0, 255]"
67.111184,12,"[0, 48, 2, 0, 0, 0, 0, 255]"
67.111199,12,"[0, 48, 2, 0, 0, 0, 0, 255]"
67.111519,12,"[0, 48, 2, 0, 0, 0, 0, 255]"
67.111753,12,"[0, 48, 4, 0, 0, 0, 0, 255]"
67.112457,12,"[0, 48, 4, 0, 0, 0, 0, 255]"
67.112472,12,"[0, 48, 2, 0, 0, 0, 0, 255]"
67.112515,12,"[0, 48, 2, 0, 0, 0, 0, 255]"
67.112581,12,"[0, 48, 2, 0, 0, 0, 0, 255]"
67.112596,12,"[0, 48, 2, 0, 0, 0, 0, 255]"
67.11302,12,"[0, 48, 4, 0, 0, 0, 0, 255]"
67.113035,12,"[0, 48, 2, 0, 0, 0, 0, 255]"
67.113242,12,"[0, 48, 2, 0, 0, 0, 0, 255]"
67.113427,12,"[0, 48, 4, 0, 0, 0, 0, 255]"
67.113659,12,"[0, 48, 2, 0, 0, 0, 0, 255]"
67.113854,33880402,"[43, 110, 105, 99, 115, 0, 0, 0]"
67.114059,12,"[0, 48, 4, 0, 0, 0, 0, 255]"
67.114288,12,"[0, 48, 2, 0, 0, 0, 0, 255]"
67.114513,12,"[0, 48, 4, 0, 0, 0, 0, 255]"
67.114697,12,"[0, 48, 2, 0, 0, 0, 0, 255]"
67.114911,12,"[0, 48, 2, 0, 0, 0, 0, 255]"
67.115132,12,"[0, 48, 2, 0, 0, 0, 0, 255]"
67.116006,12,"[0, 48, 4, 0, 0, 0, 0, 255]"
67.116021,12,"[0, 48, 2, 0, 0, 0, 0, 255]"
67.116471,12,"[0, 48, 4, 0, 0, 0, 0, 255]"
67.116508,12,"[0, 48, 2, 0, 0, 0, 0, 255]"
67.116523,12,"[0, 48, 2, 0, 0, 0, 0, 255]"
67.116701,12,"[0, 48, 4, 0, 0, 0, 0, 255]"
67.116758,12,"[0, 48, 2, 0, 0, 0, 0, 255]"
67.117461,12,"[0, 48, 4, 0, 0, 0, 0, 255]"
67.117504,12,"[0, 48, 2, 0, 0, 0, 0, 255]"
67.117626,12,"[0, 48, 4, 0, 0, 0, 0, 255]"
67.117641,12,"[0, 48, 2, 0, 0, 0, 0, 255]"
67.117781,12,"[0, 48, 2, 0, 0, 0, 0, 255]"
67.118304,12,"[0, 48, 4, 0, 0, 0, 0, 255]"
67.118347,12,"[0, 48, 2, 0, 0, 0, 0, 255]"
67.118384,12,"[0, 48, 2, 0, 0, 0, 0, 255]"
67.118599,12,"[0, 48, 2, 0, 0, 0, 0, 255]"
67.118809,12,"[0, 48, 2, 0, 0, 0, 0, 255]"
67.118993,33880402,"[44, 0, 0, 0, 0, 0, 0, 0]"
67.119173,12,"[0, 48, 4, 0, 0, 0, 0, 255]"
67.119355,12,"[0, 48, 2, 0, 0, 0, 0, 255]"
67.119563,12,"[0, 48, 4, 0, 0, 0, 0, 255]"
67.119772,12,"[0, 48, 4, 0, 0, 0, 0, 255]"
67.119954,12,"[0, 48, 4, 0, 0, 0, 0, 255]"
67.12023,12,"[0, 48, 4, 0, 0, 0, 0, 255]"
67.121041,12,"[0, 48, 4, 0, 0, 0, 0, 255]"
67.121056,12,"[0, 48, 2, 0, 0, 0, 0, 255]"
67.121072,12,"[0, 48, 2, 0, 0, 0, 0, 255]"
67.121131,12,"[0, 48, 2, 0, 0, 0, 0, 255]"
67.121335,12,"[0, 48, 2, 0, 0, 0, 0, 255]"
67.121521,12,"[0, 48, 4, 0, 0, 0, 0, 255]"
67.121724,12,"[0, 48, 2, 0, 0, 0, 0, 255]"
67.121906,12,"[0, 48, 2, 0, 0, 0, 0, 255]"
67.122514,12,"[0, 48, 4, 0, 0, 0, 0, 255]"
67.122529,12,"[0, 48, 2, 0, 0, 0, 0, 255]"
67.122544,12,"[0, 48, 2, 0, 0, 0, 0, 255]"
67.122726,12,"[0, 48, 2, 0, 0, 0, 0, 255]"
67.123251,12,"[0, 48, 4, 0, 0, 0, 0, 255]"
67.123414,12,"[0, 48, 2, 0, 0, 0, 0, 255]"
67.123429,12,"[0, 48, 2, 0, 0, 0, 0, 255]"
67.123725,12,"[0, 48, 4, 0, 0, 0, 0, 255]"
67.123753,12,"[0, 48, 2, 0, 0, 0, 0, 255]"
67.123935,12,"[0, 48, 2, 0, 0, 0, 0, 255]"
67.124146,12,"[0, 48, 2, 0, 0, 0, 0, 255]"
67.124357,12,"[0, 48, 2, 0, 0, 0, 0, 255]"
67.124565,12,"[0, 48, 2, 0, 0, 0, 0, 255]"
67.124747,12,"[0, 48, 2, 0, 0, 0, 0, 255]"
67.124985,12,"[0, 48, 4, 0, 0, 0, 0, 255]"
67.125138,12,"[0, 48, 2, 0, 0, 0, 0, 255]"
67.126087,12,"[0, 48, 4, 0, 0, 0, 0, 255]"
67.126129,12,"[0, 48, 2, 0, 0, 0, 0, 255]"
67.126412,12,"[0, 48, 4, 0, 0, 0, 0, 255]"
67.126441,12,"[0, 48, 2, 0, 0, 0, 0, 255]"
67.12646,12,"[0, 48, 2, 0, 0, 0, 0, 255]"
67.126812,12,"[0, 48, 2, 0, 0, 0, 0, 255]"
67.126841,12,"[0, 48, 2, 0, 0, 0, 0, 255]"
67.127548,12,"[0, 48, 4, 0, 0, 0, 0, 255]"
67.127577,12,"[0, 48, 2, 0, 0, 0, 0, 255]"
67.127606,12,"[0, 48, 2, 0, 0, 0, 0, 255]"
67.127704,12,"[0, 48, 2, 0, 0, 0, 0, 255]"
67.128259,12,"[0, 48, 2, 0, 0, 0, 0, 255]"
67.128275,12,"[0, 48, 2, 0, 0, 0, 0, 255]"
67.128346,12,"[0, 48, 2, 0, 0, 0, 0, 255]"
67.12884,4,"[0, 76, 0, 0, 0, 0, 0, 126]"
67.128857,33880402,"[46, 19, 170, 170, 170, 170, 170, 170]"
67.128963,12,"[0, 12, 4, 0, 0, 0, 0, 127]"
67.128978,4,"[0, 48, 0, 0, 0, 0, 0, 255]"
67.129116,12,"[0, 48, 2, 0, 0, 0, 0, 255]"
67.129298,12,"[0, 48, 2, 0, 0, 0, 0, 255]"
67.129534,12,"[0, 48, 4, 0, 0, 0, 0, 255]"
67.129759,12,"[0, 48, 2, 0, 0, 0, 0, 255]"
67.129977,12,"[0, 48, 2, 0, 0, 0, 0, 255]"
67.130217,12,"[0, 48, 2, 0, 0, 0, 0, 255]"
67.130392,12,"[0, 48, 4, 0, 0, 0, 0, 255]"
67.131034,12,"[0, 48, 4, 0, 0, 0, 0, 255]"
67.131091,12,"[0, 48, 2, 0, 0, 0, 0, 255]"
67.131148,12,"[0, 48, 4, 0, 0, 0, 0, 255]"
67.131243,12,"[0, 48, 2, 0, 0, 0, 0, 255]"
67.131537,12,"[0, 48, 4, 0, 0, 0, 0, 255]"
67.131726,12,"[0, 48, 2, 0, 0, 0, 0, 255]"
67.131937,12,"[0, 48, 2, 0, 0, 0, 0, 255]"
67.132515,12,"[0, 48, 2, 0, 0, 0, 0, 255]"
67.13253,12,"[0, 48, 2, 0, 0, 0, 0, 255]"
67.132629,12,"[0, 48, 2, 0, 0, 0, 0, 255]"
67.132716,12,"[0, 48, 2, 0, 0, 0, 0, 255]"
67.133059,12,"[0, 48, 2, 0, 0, 0, 0, 255]"
67.133147,12,"[0, 48, 2, 0, 0, 0, 0, 255]"
67.133406,12,"[0, 48, 4, 0, 0, 0, 0, 255]"
67.13357,12,"[0, 48, 2, 0, 0, 0, 0, 255]"
67.133877,12,"[0, 48, 4, 0, 0, 0, 0, 255]"
67.133958,12,"[0, 48, 2, 0, 0, 0, 0, 255]"
67.134183,12,"[0, 48, 2, 0, 0, 0, 0, 255]"
67.134463,12,"[0, 48, 2, 0, 0, 0, 0, 255]"
67.134666,12,"[0, 48, 2, 0, 0, 0, 0, 255]"
67.134862,12,"[0, 48, 4, 0, 0, 0, 0, 255]"
67.135044,12,"[0, 48, 2, 0, 0, 0, 0, 255]"
67.135971,12,"[0, 48, 4, 0, 0, 0, 0, 255]"
67.136008,12,"[0, 48, 2, 0, 0, 0, 0, 255]"
67.136461,12,"[0, 48, 2, 0, 0, 0, 0, 255]"
67.136476,12,"[0, 48, 2, 0, 0, 0, 0, 255]"
67.136695,12,"[0, 48, 4, 0, 0, 0, 0, 255]"
67.13754,12,"[0, 48, 2, 0, 0, 0, 0, 255]"
67.137555,12,"[0, 48, 2, 0, 0, 0, 0, 255]"
67.137612,12,"[0, 48, 2, 0, 0, 0, 0, 255]"
67.138343,12,"[0, 48, 2, 0, 0, 0, 0, 255]"
67.138358,12,"[0, 48, 2, 0, 0, 0, 0, 255]"
67.138443,12,"[0, 48, 2, 0, 0, 0, 0, 255]"
67.138462,12,"[0, 48, 2, 0, 0, 0, 0, 255]"
67.138477,12,"[0, 48, 2, 0, 0, 0, 0, 255]"
67.139101,12,"[0, 48, 4, 0, 0, 0, 0, 255]"
67.139116,12,"[0, 48, 2, 0, 0, 0, 0, 255]"
67.139131,12,"[0, 48, 2, 0, 0, 0, 0, 255]"
67.139718,12,"[0, 48, 4, 0, 0, 0, 0, 255]"
67.139733,12,"[0, 48, 2, 0, 0, 0, 0, 255]"
67.139749,12,"[0, 48, 2, 0, 0, 0, 0, 255]"
67.139764,12,"[0, 48, 2, 0, 0, 0, 0, 255]"
67.139996,12,"[0, 48, 4, 0, 0, 0, 0, 255]"
67.140075,12,"[0, 48, 2, 0, 0, 0, 0, 255]"
67.140131,12,"[0, 48, 2, 0, 0, 0, 0, 255]"
67.140604,12,"[0, 48, 4, 0, 0, 0, 0, 255]"
67.140891,12,"[0, 48, 4, 0, 0, 0, 0, 255]"
67.14097,12,"[0, 48, 4, 0, 0, 0, 0, 255]"
67.141124,12,"[0, 48, 2, 0, 0, 0, 0, 255]"
67.141161,12,"[0, 48, 2, 0, 0, 0, 0, 255]"
67.141337,12,"[0, 48, 2, 0, 0, 0, 0, 255]"
67.141606,12,"[0, 48, 2, 0, 0, 0, 0, 255]"
67.141744,12,"[0, 48, 2, 0, 0, 0, 0, 255]"
67.141955,12,"[0, 48, 2, 0, 0, 0, 0, 255]"
67.142484,12,"[0, 48, 2, 0, 0, 0, 0, 255]"
67.142499,12,"[0, 48, 2, 0, 0, 0, 0, 255]"
67.142579,12,"[0, 48, 4, 0, 0, 0, 0, 255]"
67.142804,12,"[0, 48, 2, 0, 0, 0, 0, 255]"
67.143069,12,"[0, 48, 2, 0, 0, 0, 0, 255]"
67.14322,12,"[0, 48, 4, 0, 0, 0, 0, 255]"
67.143388,12,"[0, 48, 2, 0, 0, 0, 0, 255]"
67.143581,12,"[0, 48, 2, 0, 0, 0, 0, 255]"
67.143861,12,"[0, 48, 4, 0, 0, 0, 0, 255]"
67.144014,12,"[0, 48, 2, 0, 0, 0, 0, 255]"
67.144261,12,"[0, 48, 2, 0, 0, 0, 0, 255]"
67.144512,12,"[0, 48, 2, 0, 0, 0, 0, 255]"
67.144723,12,"[0, 48, 2, 0, 0, 0, 0, 255]"
67.144926,12,"[0, 48, 2, 0, 0, 0, 0, 255]"
67.145108,12,"[0, 48, 2, 0, 0, 0, 0, 255]"
67.145291,12,"[0, 48, 2, 0, 0, 0, 0, 255]"
67.146086,12,"[0, 48, 2, 0, 0, 0, 0, 255]"
67.146497,12,"[0, 48, 2, 0, 0, 0, 0, 255]"
67.146779,12,"[0, 48, 4, 0, 0, 0, 0, 255]"
67.146794,12,"[0, 48, 2, 0, 0, 0, 0, 255]"
67.14681,12,"[0, 48, 2, 0, 0, 0, 0, 255]"
67.146825,12,"[0, 48, 2, 0, 0, 0, 0, 255]"
67.147537,12,"[0, 48, 4, 0, 0, 0, 0, 255]"
67.147566,12,"[0, 48, 2, 0, 0, 0, 0, 255]"
67.147581,12,"[0, 48, 2, 0, 0, 0, 0, 255]"
67.147596,12,"[0, 48, 2, 0, 0, 0, 0, 255]"
67.147647,12,"[0, 48, 2, 0, 0, 0, 0, 255]"
67.147865,12,"[0, 48, 2, 0, 0, 0, 0, 255]"
67.148293,12,"[0, 48, 2, 0, 0, 0, 0, 255]"
67.148336,12,"[0, 48, 2, 0, 0, 0, 0, 255]"
67.148507,12,"[0, 48, 2, 0, 0, 0, 0, 255]"
67.148732,12,"[0, 48, 4, 0, 0, 0, 0, 255]"
67.148985,12,"[0, 48, 4, 0, 0, 0, 0, 255]"
67.149138,12,"[0, 48, 2, 0, 0, 0, 0, 255]"
67.149723,12,"[0, 48, 4, 0, 0, 0, 0, 255]"
67.14976,12,"[0, 48, 2, 0, 0, 0, 0, 255]"
67.150948,12,"[0, 48, 4, 0, 0, 0, 0, 255]"
67.151096,12,"[0, 48, 2, 0, 0, 0, 0, 255]"
67.151125,12,"[0, 48, 2, 0, 0, 0, 0, 255]"
67.15114,12,"[0, 48, 2, 0, 0, 0, 0, 255]"
67.151276,12,"[0, 48, 4, 0, 0, 0, 0, 255]"
67.151305,12,"[0, 48, 2, 0, 0, 0, 0, 255]"
67.15132,12,"[0, 48, 2, 0, 0, 0, 0, 255]"
67.151681,12,"[0, 48, 2, 0, 0, 0, 0, 255]"
67.151802,12,"[0, 48, 4, 0, 0, 0, 0, 255]"
67.151817,12,"[0, 48, 2, 0, 0, 0, 0, 255]"
67.15197,12,"[0, 48, 2, 0, 0, 0, 0, 255]"
67.152564,12,"[0, 48, 2, 0, 0, 0, 0, 255]"
67.152579,12,"[0, 48, 2, 0, 0, 0, 0, 255]"
67.152616,12,"[0, 48, 2, 0, 0, 0, 0, 255]"
67.152798,12,"[0, 48, 2, 0, 0, 0, 0, 255]"
67.153415,12,"[0, 48, 2, 0, 0, 0, 0, 255]"
67.153785,12,"[0, 48, 4, 0, 0, 0, 0, 255]"
67.153814,12,"[0, 48, 2, 0, 0, 0, 0, 255]"
67.15399,12,"[0, 48, 2, 0, 0, 0, 0, 255]"
67.154236,12,"[0, 48, 4, 0, 0, 0, 0, 255]"
67.154542,12,"[0, 48, 4, 0, 0, 0, 0, 255]"
67.154585,12,"[0, 48, 2, 0, 0, 0, 0, 255]"
67.15472,12,"[0, 48, 4, 0, 0, 0, 0, 255]"
67.154735,12,"[0, 48, 2, 0, 0, 0, 0, 255]"
67.154837,12,"[0, 48, 2, 0, 0, 0, 0, 255]"
67.155019,12,"[0, 48, 2, 0, 0, 0, 0, 255]"
67.155244,12,"[0, 48, 2, 0, 0, 0, 0, 255]"
67.156119,12,"[0, 48, 2, 0, 0, 0, 0, 255]"
67.156421,12,"[0, 48, 4, 0, 0, 0, 0, 255]"
67.15645,12,"[0, 48, 2, 0, 0, 0, 0, 255]"
67.15647,12,"[0, 48, 2, 0, 0, 0, 0, 255]"
67.156702,12,"[0, 48, 2, 0, 0, 0, 0, 255]"
67.156717,12,"[0, 48, 2, 0, 0, 0, 0, 255]"
67.157479,12,"[0, 48, 4, 0, 0, 0, 0, 255]"
67.157508,12,"[0, 48, 2, 0, 0, 0, 0, 255]"
67.157523,12,"[0, 48, 2, 0, 0, 0, 0, 255]"
67.157538,12,"[0, 48, 2, 0, 0, 0, 0, 255]"
67.157604,12,"[0, 48, 2, 0, 0, 0, 0, 255]"
67.157815,12,"[0, 48, 2, 0, 0, 0, 0, 255]"
67.158284,12,"[0, 48, 4, 0, 0, 0, 0, 255]"
67.158299,12,"[0, 48, 2, 0, 0, 0, 0, 255]"
67.158423,12,"[0, 48, 2, 0, 0, 0, 0, 255]"
67.158631,12,"[0, 48, 2, 0, 0, 0, 0, 255]"
67.159044,12,"[0, 48, 4, 0, 0, 0, 0, 255]"
67.159059,12,"[0, 48, 2, 0, 0, 0, 0, 255]"
67.159722,12,"[0, 48, 4, 0, 0, 0, 0, 255]"
67.16001,12,"[0, 48, 2, 0, 0, 0, 0, 255]"
67.160172,12,"[0, 48, 4, 0, 0, 0, 0, 255]"
67.161046,12,"[0, 48, 4, 0, 0, 0, 0, 255]"
67.161075,12,"[0, 48, 2, 0, 0, 0, 0, 255]"
67.16109,12,"[0, 48, 2, 0, 0, 0, 0, 255]"
67.161127,12,"[0, 48, 2, 0, 0, 0, 0, 255]"
67.161184,12,"[0, 48, 2, 0, 0, 0, 0, 255]"
67.161199,12,"[0, 48, 2, 0, 0, 0, 0, 255]"
67.161478,12,"[0, 48, 2, 0, 0, 0, 0, 255]"
67.161515,12,"[0, 48, 2, 0, 0, 0, 0, 255]"
67.161656,12,"[0, 48, 4, 0, 0, 0, 0, 255]"
67.161797,12,"[0, 48, 4, 0, 0, 0, 0, 255]"
67.161928,12,"[0, 48, 2, 0, 0, 0, 0, 255]"
67.162161,12,"[0, 48, 4, 0, 0, 0, 0, 255]"
67.162336,12,"[0, 48, 4, 0, 0, 0, 0, 255]"
67.162635,12,"[0, 48, 2, 0, 0, 0, 0, 255]"
67.162802,12,"[0, 48, 2, 0, 0, 0, 0, 255]"
67.163054,12,"[0, 48, 4, 0, 0, 0, 0, 255]"
67.163193,12,"[0, 48, 2, 0, 0, 0, 0, 255]"
67.163426,12,"[0, 48, 2, 0, 0, 0, 0, 255]"
67.163612,12,"[0, 48, 2, 0, 0, 0, 0, 255]"
67.163927,12,"[0, 48, 4, 0, 0, 0, 0, 255]"
67.164043,12,"[0, 48, 2, 0, 0, 0, 0, 255]"
67.164461,12,"[0, 48, 4, 0, 0, 0, 0, 255]"
67.16452,12,"[0, 48, 2, 0, 0, 0, 0, 255]"
67.164702,12,"[0, 48, 2, 0, 0, 0, 0, 255]"
67.164913,12,"[0, 48, 2, 0, 0, 0, 0, 255]"
67.165094,12,"[0, 48, 2, 0, 0, 0, 0, 255]"
67.165298,12,"[0, 48, 2, 0, 0, 0, 0, 255]"
67.166003,12,"[0, 48, 4, 0, 0, 0, 0, 255]"
67.166018,12,"[0, 48, 2, 0, 0, 0, 0, 255]"
67.166486,12,"[0, 48, 2, 0, 0, 0, 0, 255]"
67.166781,12,"[0, 48, 2, 0, 0, 0, 0, 255]"
67.166796,12,"[0, 48, 2, 0, 0, 0, 0, 255]"
67.166811,12,"[0, 48, 2, 0, 0, 0, 0, 255]"
67.167468,12,"[0, 48, 4, 0, 0, 0, 0, 255]"
67.167497,12,"[0, 48, 2, 0, 0, 0, 0, 255]"
67.167646,12,"[0, 48, 2, 0, 0, 0, 0, 255]"
67.168396,12,"[0, 48, 4, 0, 0, 0, 0, 255]"
67.168411,12,"[0, 48, 2, 0, 0, 0, 0, 255]"
67.168522,12,"[0, 48, 2, 0, 0, 0, 0, 255]"
67.168537,12,"[0, 48, 2, 0, 0, 0, 0, 255]"
67.168552,12,"[0, 48, 2, 0, 0, 0, 0, 255]"
67.168987,12,"[0, 48, 4, 0, 0, 0, 0, 255]"
67.16903,12,"[0, 48, 2, 0, 0, 0, 0, 255]"
67.169438,12,"[0, 48, 4, 0, 0, 0, 0, 255]"
67.169724,12,"[0, 48, 4, 0, 0, 0, 0, 255]"
67.169739,12,"[0, 48, 2, 0, 0, 0, 0, 255]"
67.169971,12,"[0, 48, 4, 0, 0, 0, 0, 255]"
67.170027,12,"[0, 48, 2, 0, 0, 0, 0, 255]"
67.170302,12,"[0, 48, 4, 0, 0, 0, 0, 255]"
67.171052,33880402,"[16, 66, 5, 9, 76, 73, 67, 45]"
67.171066,4,"[0, 76, 0, 0, 0, 0, 0, 126]"
67.171123,12,"[0, 12, 4, 0, 0, 0, 0, 127]"
67.171139,4,"[0, 48, 0, 0, 0, 0, 0, 255]"
67.171217,12,"[0, 48, 4, 0, 0, 0, 0, 255]"
67.171232,12,"[0, 48, 2, 0, 0, 0, 0, 255]"
67.171388,12,"[0, 48, 2, 0, 0, 0, 0, 255]"
67.171606,12,"[0, 48, 2, 0, 0, 0, 0, 255]"
67.171834,12,"[0, 48, 2, 0, 0, 0, 0, 255]"
67.172538,12,"[0, 48, 2, 0, 0, 0, 0, 255]"
67.172553,12,"[0, 48, 2, 0, 0, 0, 0, 255]"
67.172568,12,"[0, 48, 2, 0, 0, 0, 0, 255]"
67.172635,12,"[0, 48, 2, 0, 0, 0, 0, 255]"
67.17282,12,"[0, 48, 2, 0, 0, 0, 0, 255]"
67.173026,12,"[0, 48, 4, 0, 0, 0, 0, 255]"
67.17321,12,"[0, 48, 2, 0, 0, 0, 0, 255]"
67.173388,12,"[0, 48, 2, 0, 0, 0, 0, 255]"
67.173569,12,"[0, 48, 2, 0, 0, 0, 0, 255]"
67.174079,12,"[0, 48, 4, 0, 0, 0, 0, 255]"
67.174094,12,"[0, 48, 2, 0, 0, 0, 0, 255]"
67.174182,12,"[0, 48, 2, 0, 0, 0, 0, 255]"
67.174499,12,"[0, 48, 4, 0, 0, 0, 0, 255]"
67.174587,12,"[0, 48, 2, 0, 0, 0, 0, 255]"
67.174764,12,"[0, 48, 4, 0, 0, 0, 0, 255]"
67.174971,12,"[0, 48, 2, 0, 0, 0, 0, 255]"
67.175155,12,"[0, 48, 2, 0, 0, 0, 0, 255]"
67.176035,12,"[0, 48, 4, 0, 0, 0, 0, 255]"
67.17605,12,"[0, 48, 2, 0, 0, 0, 0, 255]"
67.176447,12,"[0, 48, 2, 0, 0, 0, 0, 255]"
67.176481,12,"[0, 48, 2, 0, 0, 0, 0, 255]"
67.176821,12,"[0, 48, 2, 0, 0, 0, 0, 255]"
67.176836,12,"[0, 48, 2, 0, 0, 0, 0, 255]"
67.177555,12,"[0, 48, 4, 0, 0, 0, 0, 255]"
67.177584,12,"[0, 48, 2, 0, 0, 0, 0, 255]"
67.177621,12,"[0, 48, 2, 0, 0, 0, 0, 255]"
67.177664,12,"[0, 48, 2, 0, 0, 0, 0, 255]"
67.177708,12,"[0, 48, 2, 0, 0, 0, 0, 255]"
67.17836,12,"[0, 48, 2, 0, 0, 0, 0, 255]"
67.178389,12,"[0, 48, 2, 0, 0, 0, 0, 255]"
67.178493,12,"[0, 48, 2, 0, 0, 0, 0, 255]"
67.178522,12,"[0, 48, 2, 0, 0, 0, 0, 255]"
67.178601,12,"[0, 48, 2, 0, 0, 0, 0, 255]"
67.178835,4,"[0, 76, 0, 0, 0, 0, 0, 126]"
67.178852,33880402,"[33, 50, 52, 45, 56, 48, 56, 50]"
67.179006,12,"[0, 48, 2, 0, 0, 0, 0, 255]"
67.179227,12,"[0, 48, 2, 0, 0, 0, 0, 255]"
67.179684,12,"[0, 48, 4, 0, 0, 0, 0, 255]"
67.179699,12,"[0, 48, 2, 0, 0, 0, 0, 255]"
67.179869,12,"[0, 48, 2, 0, 0, 0, 0, 255]"
67.180053,12,"[0, 48, 2, 0, 0, 0, 0, 255]"
67.181126,12,"[0, 48, 4, 0, 0, 0, 0, 255]"
67.181141,12,"[0, 48, 2, 0, 0, 0, 0, 255]"
67.181213,12,"[0, 48, 2, 0, 0, 0, 0, 255]"
67.181228,12,"[0, 48, 2, 0, 0, 0, 0, 255]"
67.181243,12,"[0, 48, 2, 0, 0, 0, 0, 255]"
67.181289,12,"[0, 48, 2, 0, 0, 0, 0, 255]"
67.181514,12,"[0, 48, 2, 0, 0, 0, 0, 255]"
67.18179,12,"[0, 48, 4, 0, 0, 0, 0, 255]"
67.181915,12,"[0, 48, 2, 0, 0, 0, 0, 255]"
67.182498,12,"[0, 48, 4, 0, 0, 0, 0, 255]"
67.18255,12,"[0, 48, 2, 0, 0, 0, 0, 255]"
67.182621,12,"[0, 48, 2, 0, 0, 0, 0, 255]"
67.182776,12,"[0, 48, 2, 0, 0, 0, 0, 255]"
67.18296,12,"[0, 48, 4, 0, 0, 0, 0, 255]"
67.183181,12,"[0, 48, 4, 0, 0, 0, 0, 255]"
67.183367,12,"[0, 48, 2, 0, 0, 0, 0, 255]"
67.183548,12,"[0, 48, 2, 0, 0, 0, 0, 255]"
67.183909,4,"[0, 76, 0, 0, 0, 0, 0, 126]"
67.183948,33880402,"[34, 55, 57, 48, 48, 45, 70, 82]"
67.18416,12,"[0, 48, 2, 0, 0, 0, 0, 255]"
67.184352,12,"[0, 48, 2, 0, 0, 0, 0, 255]"
67.184563,12,"[0, 48, 2, 0, 0, 0, 0, 255]"
67.184747,12,"[0, 48, 2, 0, 0, 0, 0, 255]"
67.184954,12,"[0, 48, 2, 0, 0, 0, 0, 255]"
67.185131,12,"[0, 48, 2, 0, 0, 0, 0, 255]"
67.185316,12,"[0, 48, 2, 0, 0, 0, 0, 255]"
67.186196,12,"[0, 48, 2, 0, 0, 0, 0, 255]"
67.186513,12,"[0, 48, 4, 0, 0, 0, 0, 255]"
67.186542,12,"[0, 48, 2, 0, 0, 0, 0, 255]"
67.186748,12,"[0, 48, 4, 0, 0, 0, 0, 255]"
67.186763,12,"[0, 48, 2, 0, 0, 0, 0, 255]"
67.186778,12,"[0, 48, 2, 0, 0, 0, 0, 255]"
67.187589,12,"[0, 48, 2, 0, 0, 0, 0, 255]"
67.187604,12,"[0, 48, 2, 0, 0, 0, 0, 255]"
67.187661,12,"[0, 48, 2, 0, 0, 0, 0, 255]"
67.187677,12,"[0, 48, 2, 0, 0, 0, 0, 255]"
67.187714,12,"[0, 48, 2, 0, 0, 0, 0, 255]"
67.188316,12,"[0, 48, 4, 0, 0, 0, 0, 255]"
67.188345,12,"[0, 48, 2, 0, 0, 0, 0, 255]"
67.18836,12,"[0, 48, 2, 0, 0, 0, 0, 255]"
67.188418,12,"[0, 48, 2, 0, 0, 0, 0, 255]"
67.188569,12,"[0, 48, 2, 0, 0, 0, 0, 255]"
67.188798,33880402,"[35, 67, 45, 48, 50, 49, 50, 57]"
67.188974,4,"[0, 76, 0, 0, 0, 0, 0, 126]"
67.189179,12,"[0, 48, 4, 0, 0, 0, 0, 255]"
67.189357,12,"[0, 48, 2, 0, 0, 0, 0, 255]"
67.189538,12,"[0, 48, 2, 0, 0, 0, 0, 255]"
67.189767,12,"[0, 48, 2, 0, 0, 0, 0, 255]"
67.190178,12,"[0, 48, 2, 0, 0, 0, 0, 255]"
67.191142,12,"[0, 48, 2, 0, 0, 0, 0, 255]"
67.191158,12,"[0, 48, 2, 0, 0, 0, 0, 255]"
67.191209,12,"[0, 48, 2, 0, 0, 0, 0, 255]"
67.191224,12,"[0, 48, 2, 0, 0, 0, 0, 255]"
67.191254,12,"[0, 48, 2, 0, 0, 0, 0, 255]"
67.191549,12,"[0, 48, 4, 0, 0, 0, 0, 255]"
67.191578,12,"[0, 48, 2, 0, 0, 0, 0, 255]"
67.191864,12,"[0, 48, 4, 0, 0, 0, 0, 255]"
67.19188,12,"[0, 48, 2, 0, 0, 0, 0, 255]"
67.192064,12,"[0, 48, 2, 0, 0, 0, 0, 255]"
67.192528,12,"[0, 48, 2, 0, 0, 0, 0, 255]"
67.192543,12,"[0, 48, 2, 0, 0, 0, 0, 255]"
67.192668,12,"[0, 48, 2, 0, 0, 0, 0, 255]"
67.192852,12,"[0, 48, 2, 0, 0, 0, 0, 255]"
67.193095,12,"[0, 48, 2, 0, 0, 0, 0, 255]"
67.193332,12,"[0, 48, 2, 0, 0, 0, 0, 255]"
67.193564,12,"[0, 48, 2, 0, 0, 0, 0, 255]"
67.193741,12,"[0, 48, 2, 0, 0, 0, 0, 255]"
67.19399,4,"[0, 76, 0, 0, 0, 0, 0, 126]"
67.19413,33880402,"[36, 0, 0, 0, 0, 0, 0, 0]"
67.194365,12,"[0, 48, 2, 0, 0, 0, 0, 255]"
67.194605,12,"[0, 48, 2, 0, 0, 0, 0, 255]"
67.194796,12,"[0, 48, 2, 0, 0, 0, 0, 255]"
67.195101,12,"[0, 48, 4, 0, 0, 0, 0, 255]"
67.195226,12,"[0, 48, 2, 0, 0, 0, 0, 255]"
67.195404,12,"[0, 48, 2, 0, 0, 0, 0, 255]"
67.19608,12,"[0, 48, 4, 0, 0, 0, 0, 255]"
67.196095,12,"[0, 48, 2, 0, 0, 0, 0, 255]"
67.196442,12,"[0, 48, 4, 0, 0, 0, 0, 255]"
67.196476,12,"[0, 48, 2, 0, 0, 0, 0, 255]"
67.19652,12,"[0, 48, 2, 0, 0, 0, 0, 255]"
67.196846,12,"[0, 48, 4, 0, 0, 0, 0, 255]"
67.196927,12,"[0, 48, 2, 0, 0, 0, 0, 255]"
67.197582,12,"[0, 48, 2, 0, 0, 0, 0, 255]"
67.197597,12,"[0, 48, 2, 0, 0, 0, 0, 255]"
67.197697,12,"[0, 48, 2, 0, 0, 0, 0, 255]"
67.197749,12,"[0, 48, 2, 0, 0, 0, 0, 255]"
67.198274,12,"[0, 48, 4, 0, 0, 0, 0, 255]"
67.198359,12,"[0, 48, 2, 0, 0, 0, 0, 255]"
67.198518,12,"[0, 48, 2, 0, 0, 0, 0, 255]"
67.198882,4,"[0, 76, 0, 0, 0, 0, 0, 126]"
67.199015,33880402,"[37, 76, 73, 67, 45, 50, 53, 45]"
67.199212,12,"[0, 48, 2, 0, 0, 0, 0, 255]"
67.199419,12,"[0, 48, 2, 0, 0, 0, 0, 255]"
67.199706,12,"[0, 48, 4, 0, 0, 0, 0, 255]"
67.199817,12,"[0, 48, 2, 0, 0, 0, 0, 255]"
67.200369,12,"[0, 48, 4, 0, 0, 0, 0, 255]"
67.201067,12,"[0, 48, 4, 0, 0, 0, 0, 255]"
67.201104,12,"[0, 48, 2, 0, 0, 0, 0, 255]"
67.20123,12,"[0, 48, 4, 0, 0, 0, 0, 255]"
67.201245,12,"[0, 48, 2, 0, 0, 0, 0, 255]"
67.201275,12,"[0, 48, 2, 0, 0, 0, 0, 255]"
67.201452,12,"[0, 48, 4, 0, 0, 0, 0, 255]"
67.201558,12,"[0, 48, 2, 0, 0, 0, 0, 255]"
67.201837,12,"[0, 48, 4, 0, 0, 0, 0, 255]"
67.201954,12,"[0, 48, 2, 0, 0, 0, 0, 255]"
67.202531,12,"[0, 48, 4, 0, 0, 0, 0, 255]"
67.202569,12,"[0, 48, 2, 0, 0, 0, 0, 255]"
67.202597,12,"[0, 48, 2, 0, 0, 0, 0, 255]"
67.202801,12,"[0, 48, 2, 0, 0, 0, 0, 255]"
67.203024,12,"[0, 48, 4, 0, 0, 0, 0, 255]"
67.203213,12,"[0, 48, 4, 0, 0, 0, 0, 255]"
67.203403,12,"[0, 48, 4, 0, 0, 0, 0, 255]"
67.203625,12,"[0, 48, 4, 0, 0, 0, 0, 255]"
67.203863,12,"[0, 48, 4, 0, 0, 0, 0, 255]"
67.204016,12,"[0, 48, 2, 0, 0, 0, 0, 255]"
67.204256,12,"[0, 48, 2, 0, 0, 0, 0, 255]"
67.204526,12,"[0, 48, 2, 0, 0, 0, 0, 255]"
67.204672,12,"[0, 48, 2, 0, 0, 0, 0, 255]"
67.204868,12,"[0, 48, 2, 0, 0, 0, 0, 255]"
67.205064,12,"[0, 48, 2, 0, 0, 0, 0, 255]"
67.205394,12,"[0, 48, 2, 0, 0, 0, 0, 255]"
67.205515,12,"[0, 48, 2, 0, 0, 0, 0, 255]"
67.206109,12,"[0, 48, 2, 0, 0, 0, 0, 255]"
67.206521,12,"[0, 48, 4, 0, 0, 0, 0, 255]"
67.206558,12,"[0, 48, 2, 0, 0, 0, 0, 255]"
67.206818,12,"[0, 48, 2, 0, 0, 0, 0, 255]"
67.206833,12,"[0, 48, 2, 0, 0, 0, 0, 255]"
67.206848,12,"[0, 48, 2, 0, 0, 0, 0, 255]"
67.207488,12,"[0, 48, 4, 0, 0, 0, 0, 255]"
67.207553,12,"[0, 48, 2, 0, 0, 0, 0, 255]"
67.207652,12,"[0, 48, 2, 0, 0, 0, 0, 255]"
67.207667,12,"[0, 48, 2, 0, 0, 0, 0, 255]"
67.207755,12,"[0, 48, 2, 0, 0, 0, 0, 255]"
67.208358,12,"[0, 48, 4, 0, 0, 0, 0, 255]"
67.208401,12,"[0, 48, 2, 0, 0, 0, 0, 255]"
67.208522,12,"[0, 48, 2, 0, 0, 0, 0, 255]"
67.208864,4,"[0, 76, 0, 0, 0, 0, 0, 126]"
67.208903,33880402,"[39, 48, 45, 70, 82, 67, 45, 48]"
67.209075,12,"[0, 48, 4, 0, 0, 0, 0, 255]"
67.209257,12,"[0, 48, 2, 0, 0, 0, 0, 255]"
67.209719,12,"[0, 48, 2, 0, 0, 0, 0, 255]"
67.210154,12,"[0, 48, 4, 0, 0, 0, 0, 255]"
67.210289,12,"[0, 48, 4, 0, 0, 0, 0, 255]"
67.210402,12,"[0, 48, 4, 0, 0, 0, 0, 255]"
67.210431,12,"[0, 48, 2, 0, 0, 0, 0, 255]"
67.210515,12,"[0, 48, 2, 0, 0, 0, 0, 255]"
67.211138,12,"[0, 48, 2, 0, 0, 0, 0, 255]"
67.211153,12,"[0, 48, 2, 0, 0, 0, 0, 255]"
67.211232,12,"[0, 48, 4, 0, 0, 0, 0, 255]"
67.211421,12,"[0, 48, 2, 0, 0, 0, 0, 255]"
67.211672,12,"[0, 48, 2, 0, 0, 0, 0, 255]"
67.211861,12,"[0, 48, 2, 0, 0, 0, 0, 255]"
67.212058,12,"[0, 48, 2, 0, 0, 0, 0, 255]"
67.212533,12,"[0, 48, 2, 0, 0, 0, 0, 255]"
67.212548,12,"[0, 48, 2, 0, 0, 0, 0, 255]"
67.212751,12,"[0, 48, 2, 0, 0, 0, 0, 255]"
67.213143,12,"[0, 48, 4, 0, 0, 0, 0, 255]"
67.213158,12,"[0, 48, 2, 0, 0, 0, 0, 255]"
67.213438,12,"[0, 48, 2, 0, 0, 0, 0, 255]"
67.213522,12,"[0, 48, 2, 0, 0, 0, 0, 255]"
67.21374,12,"[0, 48, 4, 0, 0, 0, 0, 255]"
67.214052,12,"[0, 48, 2, 0, 0, 0, 0, 255]"
67.214336,12,"[0, 48, 2, 0, 0, 0, 0, 255]"
67.214635,12,"[0, 48, 2, 0, 0, 0, 0, 255]"
67.214839,12,"[0, 48, 2, 0, 0, 0, 0, 255]"
67.21507,12,"[0, 48, 4, 0, 0, 0, 0, 255]"
67.215251,12,"[0, 48, 2, 0, 0, 0, 0, 255]"
67.215517,12,"[0, 48, 2, 0, 0, 0, 0, 255]"
67.216086,12,"[0, 48, 2, 0, 0, 0, 0, 255]"
67.216165,12,"[0, 48, 2, 0, 0, 0, 0, 255]"
67.21618,12,"[0, 48, 2, 0, 0, 0, 0, 255]"
67.216513,12,"[0, 48, 4, 0, 0, 0, 0, 255]"
67.216593,12,"[0, 48, 2, 0, 0, 0, 0, 255]"
67.216826,12,"[0, 48, 4, 0, 0, 0, 0, 255]"
67.217051,12,"[0, 48, 2, 0, 0, 0, 0, 255]"
67.21756,12,"[0, 48, 2, 0, 0, 0, 0, 255]"
67.217576,12,"[0, 48, 2, 0, 0, 0, 0, 255]"
67.217714,12,"[0, 48, 2, 0, 0, 0, 0, 255]"
67.218318,12,"[0, 48, 2, 0, 0, 0, 0, 255]"
67.218361,12,"[0, 48, 2, 0, 0, 0, 0, 255]"
67.218376,12,"[0, 48, 2, 0, 0, 0, 0, 255]"
67.218518,12,"[0, 48, 2, 0, 0, 0, 0, 255]"
67.218885,33880402,"[41, 0, 0, 0, 0, 170, 170, 170]"
67.218935,4,"[0, 76, 0, 0, 0, 0, 0, 126]"
67.219126,12,"[0, 48, 4, 0, 0, 0, 0, 255]"
67.219311,12,"[0, 48, 2, 0, 0, 0, 0, 255]"
67.219762,12,"[0, 48, 2, 0, 0, 0, 0, 255]"
67.220122,12,"[0, 48, 4, 0, 0, 0, 0, 255]"
67.220421,12,"[0, 48, 2, 0, 0, 0, 0, 255]"
67.22045,12,"[0, 48, 2, 0, 0, 0, 0, 255]"
67.221097,4,"[0, 76, 0, 0, 0, 0, 0, 126]"
67.221115,33880402,"[16, 34, 5, 15, 146, 90, 134, 185]"
67.221193,4,"[0, 48, 0, 0, 0, 0, 0, 255]"
67.221278,12,"[0, 48, 4, 0, 0, 0, 0, 255]"
67.221293,12,"[0, 48, 2, 0, 0, 0, 0, 255]"
67.221352,12,"[0, 48, 2, 0, 0, 0, 0, 255]"
67.221592,12,"[0, 48, 4, 0, 0, 0, 0, 255]"
67.221828,12,"[0, 48, 4, 0, 0, 0, 0, 255]"
67.222064,12,"[0, 48, 2, 0, 0, 0, 0, 255]"
67.222524,12,"[0, 48, 2, 0, 0, 0, 0, 255]"
67.222539,12,"[0, 48, 2, 0, 0, 0, 0, 255]"
67.222753,12,"[0, 48, 2, 0, 0, 0, 0, 255]"
67.223043,12,"[0, 48, 2, 0, 0, 0, 0, 255]"
67.223117,12,"[0, 48, 2, 0, 0, 0, 0, 255]"
67.223379,12,"[0, 48, 2, 0, 0, 0, 0, 255]"
67.223523,12,"[0, 48, 2, 0, 0, 0, 0, 255]"
67.223752,12,"[0, 48, 4, 0, 0, 0, 0, 255]"
67.223965,12,"[0, 48, 4, 0, 0, 0, 0, 255]"
67.224157,12,"[0, 48, 2, 0, 0, 0, 0, 255]"
67.224335,12,"[0, 48, 2, 0, 0, 0, 0, 255]"
67.224523,12,"[0, 48, 2, 0, 0, 0, 0, 255]"
67.224737,12,"[0, 48, 2, 0, 0, 0, 0, 255]"
67.224951,12,"[0, 48, 2, 0, 0, 0, 0, 255]"
67.225128,12,"[0, 48, 2, 0, 0, 0, 0, 255]"
67.225365,12,"[0, 48, 2, 0, 0, 0, 0, 255]"
67.226109,12,"[0, 48, 2, 0, 0, 0, 0, 255]"
67.226475,12,"[0, 48, 4, 0, 0, 0, 0, 255]"
67.226568,12,"[0, 48, 2, 0, 0, 0, 0, 255]"
67.226872,12,"[0, 48, 2, 0, 0, 0, 0, 255]"
67.226887,12,"[0, 48, 2, 0, 0, 0, 0, 255]"
67.227507,12,"[0, 48, 4, 0, 0, 0, 0, 255]"
67.227523,12,"[0, 48, 2, 0, 0, 0, 0, 255]"
67.227538,12,"[0, 48, 2, 0, 0, 0, 0, 255]"
67.227687,12,"[0, 48, 4, 0, 0, 0, 0, 255]"
67.227717,12,"[0, 48, 2, 0, 0, 0, 0, 255]"
67.227813,12,"[0, 48, 2, 0, 0, 0, 0, 255]"
67.228367,12,"[0, 48, 2, 0, 0, 0, 0, 255]"
67.228382,12,"[0, 48, 2, 0, 0, 0, 0, 255]"
67.228519,12,"[0, 48, 2, 0, 0, 0, 0, 255]"
67.228726,12,"[0, 48, 2, 0, 0, 0, 0, 255]"
67.228935,33880402,"[33, 17, 22, 233, 0, 0, 0, 0]"
67.229184,12,"[0, 48, 2, 0, 0, 0, 0, 255]"
67.229376,12,"[0, 48, 2, 0, 0, 0, 0, 255]"
67.229764,12,"[0, 48, 4, 0, 0, 0, 0, 255]"
67.22986,12,"[0, 48, 2, 0, 0, 0, 0, 255]"
67.230096,12,"[0, 48, 2, 0, 0, 0, 0, 255]"
67.230296,12,"[0, 48, 2, 0, 0, 0, 0, 255]"
67.231106,12,"[0, 48, 2, 0, 0, 0, 0, 255]"
67.231199,12,"[0, 48, 2, 0, 0, 0, 0, 255]"
67.231215,12,"[0, 48, 2, 0, 0, 0, 0, 255]"
67.23123,12,"[0, 48, 2, 0, 0, 0, 0, 255]"
67.23155,12,"[0, 48, 4, 0, 0, 0, 0, 255]"
67.231579,12,"[0, 48, 2, 0, 0, 0, 0, 255]"
67.231848,12,"[0, 48, 4, 0, 0, 0, 0, 255]"
67.231959,12,"[0, 48, 2, 0, 0, 0, 0, 255]"
67.232543,12,"[0, 48, 2, 0, 0, 0, 0, 255]"
67.232559,12,"[0, 48, 2, 0, 0, 0, 0, 255]"
67.232596,12,"[0, 48, 2, 0, 0, 0, 0, 255]"
67.232788,12,"[0, 48, 2, 0, 0, 0, 0, 255]"
67.233094,12,"[0, 48, 4, 0, 0, 0, 0, 255]"
67.233263,12,"[0, 48, 2, 0, 0, 0, 0, 255]"
67.233519,12,"[0, 48, 2, 0, 0, 0, 0, 255]"
67.23374,12,"[0, 48, 4, 0, 0, 0, 0, 255]"
67.233954,12,"[0, 48, 2, 0, 0, 0, 0, 255]"
67.234138,12,"[0, 48, 2, 0, 0, 0, 0, 255]"
67.234316,12,"[0, 48, 2, 0, 0, 0, 0, 255]"
67.234548,12,"[0, 48, 4, 0, 0, 0, 0, 255]"
67.234754,12,"[0, 48, 2, 0, 0, 0, 0, 255]"
67.234939,12,"[0, 48, 4, 0, 0, 0, 0, 255]"
67.23516,12,"[0, 48, 2, 0, 0, 0, 0, 255]"
67.235352,12,"[0, 48, 2, 0, 0, 0, 0, 255]"
67.236099,12,"[0, 48, 4, 0, 0, 0, 0, 255]"
67.236114,12,"[0, 48, 2, 0, 0, 0, 0, 255]"
67.23653,12,"[0, 48, 4, 0, 0, 0, 0, 255]"
67.236545,12,"[0, 48, 2, 0, 0, 0, 0, 255]"
67.23656,12,"[0, 48, 2, 0, 0, 0, 0, 255]"
67.236766,12,"[0, 48, 2, 0, 0, 0, 0, 255]"
67.236965,12,"[0, 48, 2, 0, 0, 0, 0, 255]"
67.237591,12,"[0, 48, 2, 0, 0, 0, 0, 255]"
67.237607,12,"[0, 48, 2, 0, 0, 0, 0, 255]"
67.237622,12,"[0, 48, 2, 0, 0, 0, 0, 255]"
67.237725,12,"[0, 48, 4, 0, 0, 0, 0, 255]"
67.237939,12,"[0, 48, 2, 0, 0, 0, 0, 255]"
67.23835,12,"[0, 48, 2, 0, 0, 0, 0, 255]"
67.238365,12,"[0, 48, 2, 0, 0, 0, 0, 255]"
67.238531,12,"[0, 48, 2, 0, 0, 0, 0, 255]"
67.238753,12,"[0, 48, 2, 0, 0, 0, 0, 255]"
67.238975,33880402,"[35, 193, 88, 51, 204, 230, 218, 122]"
67.239157,12,"[0, 48, 4, 0, 0, 0, 0, 255]"
67.239379,12,"[0, 48, 2, 0, 0, 0, 0, 255]"
67.23971,12,"[0, 48, 4, 0, 0, 0, 0, 255]"
67.239836,12,"[0, 48, 2, 0, 0, 0, 0, 255]"
67.24002,12,"[0, 48, 2, 0, 0, 0, 0, 255]"
67.240256,12,"[0, 48, 4, 0, 0, 0, 0, 255]"
67.241062,12,"[0, 48, 2, 0, 0, 0, 0, 255]"
67.241183,12,"[0, 48, 4, 0, 0, 0, 0, 255]"
67.241212,12,"[0, 48, 2, 0, 0, 0, 0, 255]"
67.241529,12,"[0, 48, 4, 0, 0, 0, 0, 255]"
67.241559,12,"[0, 48, 2, 0, 0, 0, 0, 255]"
67.241574,12,"[0, 48, 2, 0, 0, 0, 0, 255]"
67.241869,12,"[0, 48, 4, 0, 0, 0, 0, 255]"
67.241906,12,"[0, 48, 2, 0, 0, 0, 0, 255]"
67.242507,12,"[0, 48, 2, 0, 0, 0, 0, 255]"
67.24262,12,"[0, 48, 4, 0, 0, 0, 0, 255]"
67.242636,12,"[0, 48, 2, 0, 0, 0, 0, 255]"
67.242746,12,"[0, 48, 2, 0, 0, 0, 0, 255]"
67.24327,12,"[0, 48, 4, 0, 0, 0, 0, 255]"
67.243392,12,"[0, 48, 4, 0, 0, 0, 0, 255]"
67.243421,12,"[0, 48, 2, 0, 0, 0, 0, 255]"
67.243522,12,"[0, 48, 2, 0, 0, 0, 0, 255]"
67.243777,12,"[0, 48, 2, 0, 0, 0, 0, 255]"
67.243925,12,"[0, 48, 2, 0, 0, 0, 0, 255]"
67.244146,12,"[0, 48, 2, 0, 0, 0, 0, 255]"
67.244568,12,"[0, 48, 4, 0, 0, 0, 0, 255]"
67.244598,12,"[0, 48, 2, 0, 0, 0, 0, 255]"
67.24476,12,"[0, 48, 2, 0, 0, 0, 0, 255]"
67.244966,12,"[0, 48, 2, 0, 0, 0, 0, 255]"
67.245195,12,"[0, 48, 2, 0, 0, 0, 0, 255]"
67.24538,12,"[0, 48, 4, 0, 0, 0, 0, 255]"
67.245568,12,"[0, 48, 4, 0, 0, 0, 0, 255]"
67.24612,12,"[0, 48, 4, 0, 0, 0, 0, 255]"
67.246495,33880393,"[6, 126, 2, 4, 252, 74, 9, 170]"
67.246509,4,"[0, 76, 0, 0, 0, 0, 0, 126]"
67.246538,12,"[0, 12, 4, 0, 0, 0, 0, 127]"
67.246641,12,"[0, 48, 4, 0, 0, 0, 0, 255]"
67.246818,12,"[0, 48, 2, 0, 0, 0, 0, 255]"
67.247024,12,"[0, 48, 2, 0, 0, 0, 0, 255]"
67.247209,12,"[0, 48, 4, 0, 0, 0, 0, 255]"
67.247545,12,"[0, 48, 4, 0, 0, 0, 0, 255]"
67.247619,12,"[0, 48, 2, 0, 0, 0, 0, 255]"
67.247826,12,"[0, 48, 2, 0, 0, 0, 0, 255]"
67.248369,12,"[0, 48, 4, 0, 0, 0, 0, 255]"
67.248384,12,"[0, 48, 2, 0, 0, 0, 0, 255]"
67.248421,12,"[0, 48, 2, 0, 0, 0, 0, 255]"
67.248607,12,"[0, 48, 2, 0, 0, 0, 0, 255]"
67.249111,12,"[0, 48, 2, 0, 0, 0, 0, 255]"
67.249259,12,"[0, 48, 4, 0, 0, 0, 0, 255]"
67.249741,12,"[0, 48, 2, 0, 0, 0, 0, 255]"
67.249756,12,"[0, 48, 2, 0, 0, 0, 0, 255]"
67.249771,12,"[0, 48, 2, 0, 0, 0, 0, 255]"
67.249964,12,"[0, 48, 4, 0, 0, 0, 0, 255]"
67.250157,12,"[0, 48, 4, 0, 0, 0, 0, 255]"
67.251085,12,"[0, 48, 2, 0, 0, 0, 0, 255]"
67.251164,12,"[0, 48, 4, 0, 0, 0, 0, 255]"
67.251192,12,"[0, 48, 2, 0, 0, 0, 0, 255]"
67.251208,12,"[0, 48, 2, 0, 0, 0, 0, 255]"
67.251542,12,"[0, 48, 2, 0, 0, 0, 0, 255]"
67.251557,12,"[0, 48, 2, 0, 0, 0, 0, 255]"
67.251923,12,"[0, 48, 2, 0, 0, 0, 0, 255]"
67.252488,12,"[0, 48, 4, 0, 0, 0, 0, 255]"
67.252525,12,"[0, 48, 2, 0, 0, 0, 0, 255]"
67.252568,12,"[0, 48, 2, 0, 0, 0, 0, 255]"
67.252583,12,"[0, 48, 2, 0, 0, 0, 0, 255]"
67.252714,12,"[0, 48, 2, 0, 0, 0, 0, 255]"
67.253127,12,"[0, 48, 2, 0, 0, 0, 0, 255]"
67.253226,12,"[0, 48, 4, 0, 0, 0, 0, 255]"
67.253292,12,"[0, 48, 2, 0, 0, 0, 0, 255]"
67.253522,12,"[0, 48, 2, 0, 0, 0, 0, 255]"
67.253907,12,"[0, 48, 2, 0, 0, 0, 0, 255]"
67.2545,12,"[0, 48, 2, 0, 0, 0, 0, 255]"
67.254515,12,"[0, 48, 2, 0, 0, 0, 0, 255]"
67.254783,12,"[0, 48, 2, 0, 0, 0, 0, 255]"
67.254987,12,"[0, 48, 4, 0, 0, 0, 0, 255]"
67.255016,12,"[0, 48, 2, 0, 0, 0, 0, 255]"
67.255087,12,"[0, 48, 2, 0, 0, 0, 0, 255]"
67.255153,12,"[0, 48, 2, 0, 0, 0, 0, 255]"
67.25597,12,"[0, 48, 4, 0, 0, 0, 0, 255]"
67.256138,12,"[0, 48, 2, 0, 0, 0, 0, 255]"
67.256161,12,"[0, 48, 2, 0, 0, 0, 0, 255]"
67.256232,12,"[0, 48, 4, 0, 0, 0, 0, 255]"
67.256303,12,"[0, 48, 4, 0, 0, 0, 0, 255]"
67.25642,12,"[0, 48, 4, 0, 0, 0, 0, 255]"
67.256649,12,"[0, 48, 4, 0, 0, 0, 0, 255]"
67.256889,12,"[0, 48, 2, 0, 0, 0, 0, 255]"
67.257121,12,"[0, 48, 2, 0, 0, 0, 0, 255]"
67.257303,12,"[0, 48, 4, 0, 0, 0, 0, 255]"
67.257581,12,"[0, 48, 4, 0, 0, 0, 0, 255]"
67.257712,12,"[0, 48, 2, 0, 0, 0, 0, 255]"
67.257922,12,"[0, 48, 2, 0, 0, 0, 0, 255]"
67.258391,12,"[0, 48, 4, 0, 0, 0, 0, 255]"
67.258407,12,"[0, 48, 2, 0, 0, 0, 0, 255]"
67.258563,12,"[0, 48, 2, 0, 0, 0, 0, 255]"
67.258752,12,"[0, 48, 2, 0, 0, 0, 0, 255]"
67.258963,12,"[0, 48, 2, 0, 0, 0, 0, 255]"
67.259138,12,"[0, 48, 2, 0, 0, 0, 0, 255]"
67.25968,12,"[0, 48, 2, 0, 0, 0, 0, 255]"
67.259696,12,"[0, 48, 2, 0, 0, 0, 0, 255]"
67.261158,12,"[0, 48, 2, 0, 0, 0, 0, 255]"
67.261215,12,"[0, 48, 2, 0, 0, 0, 0, 255]"
67.26123,12,"[0, 48, 2, 0, 0, 0, 0, 255]"
67.261259,12,"[0, 48, 2, 0, 0, 0, 0, 255]"
67.26163,12,"[0, 48, 2, 0, 0, 0, 0, 255]"
67.261645,12,"[0, 48, 2, 0, 0, 0, 0, 255]"
67.261779,12,"[0, 48, 2, 0, 0, 0, 0, 255]"
67.261795,12,"[0, 48, 2, 0, 0, 0, 0, 255]"
67.26181,12,"[0, 48, 2, 0, 0, 0, 0, 255]"
67.26255,12,"[0, 48, 2, 0, 0, 0, 0, 255]"
67.262565,12,"[0, 48, 2, 0, 0, 0, 0, 255]"
67.262658,12,"[0, 48, 2, 0, 0, 0, 0, 255]"
67.262673,12,"[0, 48, 2, 0, 0, 0, 0, 255]"
67.26308,12,"[0, 48, 2, 0, 0, 0, 0, 255]"
67.263151,12,"[0, 48, 2, 0, 0, 0, 0, 255]"
67.263398,12,"[0, 48, 4, 0, 0, 0, 0, 255]"
67.263435,12,"[0, 48, 2, 0, 0, 0, 0, 255]"
67.263999,12,"[0, 48, 4, 0, 0, 0, 0, 255]"
67.264015,12,"[0, 48, 2, 0, 0, 0, 0, 255]"
67.264052,12,"[0, 48, 2, 0, 0, 0, 0, 255]"
67.264192,12,"[0, 48, 2, 0, 0, 0, 0, 255]"
67.264271,12,"[0, 48, 2, 0, 0, 0, 0, 255]"
67.264536,12,"[0, 48, 4, 0, 0, 0, 0, 255]"
67.264565,12,"[0, 48, 2, 0, 0, 0, 0, 255]"
67.264732,12,"[0, 48, 2, 0, 0, 0, 0, 255]"
67.264957,12,"[0, 48, 2, 0, 0, 0, 0, 255]"
67.265139,12,"[0, 48, 2, 0, 0, 0, 0, 255]"
67.265365,12,"[0, 48, 2, 0, 0, 0, 0, 255]"
67.266035,12,"[0, 48, 4, 0, 0, 0, 0, 255]"
67.266134,12,"[0, 48, 2, 0, 0, 0, 0, 255]"
67.266191,12,"[0, 48, 4, 0, 0, 0, 0, 255]"
67.266368,12,"[0, 48, 4, 0, 0, 0, 0, 255]"
67.266524,12,"[0, 48, 4, 0, 0, 0, 0, 255]"
67.266721,12,"[0, 48, 2, 0, 0, 0, 0, 255]"
67.266931,12,"[0, 48, 2, 0, 0, 0, 0, 255]"
67.267567,12,"[0, 48, 2, 0, 0, 0, 0, 255]"
67.267582,12,"[0, 48, 2, 0, 0, 0, 0, 255]"
67.267598,12,"[0, 48, 2, 0, 0, 0, 0, 255]"
67.267787,12,"[0, 48, 2, 0, 0, 0, 0, 255]"
67.268381,12,"[0, 48, 2, 0, 0, 0, 0, 255]"
67.268396,12,"[0, 48, 2, 0, 0, 0, 0, 255]"
67.268461,12,"[0, 48, 2, 0, 0, 0, 0, 255]"
67.268625,12,"[0, 48, 2, 0, 0, 0, 0, 255]"
67.268926,12,"[0, 48, 4, 0, 0, 0, 0, 255]"
67.269048,12,"[0, 48, 4, 0, 0, 0, 0, 255]"
67.269252,12,"[0, 48, 2, 0, 0, 0, 0, 255]"
67.269435,33880393,"[34, 9, 10, 231, 7, 3, 4, 30]"
67.269651,4,"[0, 76, 0, 0, 0, 0, 0, 126]"
67.269857,12,"[0, 48, 2, 0, 0, 0, 0, 255]"
67.270041,12,"[0, 48, 2, 0, 0, 0, 0, 255]"
67.270277,12,"[0, 48, 4, 0, 0, 0, 0, 255]"
67.271102,12,"[0, 48, 4, 0, 0, 0, 0, 255]"
67.271139,12,"[0, 48, 2, 0, 0, 0, 0, 255]"
67.271238,12,"[0, 48, 2, 0, 0, 0, 0, 255]"
67.271253,12,"[0, 48, 2, 0, 0, 0, 0, 255]"
67.271336,12,"[0, 48, 2, 0, 0, 0, 0, 255]"
67.271546,12,"[0, 48, 4, 0, 0, 0, 0, 255]"
67.271731,12,"[0, 48, 2, 0, 0, 0, 0, 255]"
67.271937,12,"[0, 48, 2, 0, 0, 0, 0, 255]"
67.272536,12,"[0, 48, 4, 0, 0, 0, 0, 255]"
67.272551,12,"[0, 48, 2, 0, 0, 0, 0, 255]"
67.27265,12,"[0, 48, 4, 0, 0, 0, 0, 255]"
67.272732,12,"[0, 48, 2, 0, 0, 0, 0, 255]"
67.272953,12,"[0, 48, 2, 0, 0, 0, 0, 255]"
67.273137,12,"[0, 48, 2, 0, 0, 0, 0, 255]"
67.273315,12,"[0, 48, 2, 0, 0, 0, 0, 255]"
67.273547,12,"[0, 48, 2, 0, 0, 0, 0, 255]"
67.273994,12,"[0, 48, 4, 0, 0, 0, 0, 255]"
67.274009,12,"[0, 48, 2, 0, 0, 0, 0, 255]"
67.274171,12,"[0, 48, 2, 0, 0, 0, 0, 255]"
67.274415,12,"[0, 48, 4, 0, 0, 0, 0, 255]"
67.274596,12,"[0, 48, 4, 0, 0, 0, 0, 255]"
67.274803,12,"[0, 48, 2, 0, 0, 0, 0, 255]"
67.275031,12,"[0, 48, 2, 0, 0, 0, 0, 255]"
67.275283,12,"[0, 48, 2, 0, 0, 0, 0, 255]"
67.276037,12,"[0, 48, 4, 0, 0, 0, 0, 255]"
67.276067,12,"[0, 48, 2, 0, 0, 0, 0, 255]"
67.276082,12,"[0, 48, 2, 0, 0, 0, 0, 255]"
67.276498,12,"[0, 48, 4, 0, 0, 0, 0, 255]"
67.276535,12,"[0, 48, 2, 0, 0, 0, 0, 255]"
67.276853,12,"[0, 48, 2, 0, 0, 0, 0, 255]"
67.276868,12,"[0, 48, 2, 0, 0, 0, 0, 255]"
67.277317,12,"[0, 48, 4, 0, 0, 0, 0, 255]"
67.277577,12,"[0, 48, 4, 0, 0, 0, 0, 255]"
67.277592,12,"[0, 48, 2, 0, 0, 0, 0, 255]"
67.277608,12,"[0, 48, 2, 0, 0, 0, 0, 255]"
67.277769,12,"[0, 48, 4, 0, 0, 0, 0, 255]"
67.277968,12,"[0, 48, 2, 0, 0, 0, 0, 255]"
67.278357,12,"[0, 48, 4, 0, 0, 0, 0, 255]"
67.278395,12,"[0, 48, 2, 0, 0, 0, 0, 255]"
67.278576,12,"[0, 48, 2, 0, 0, 0, 0, 255]"
67.278782,12,"[0, 48, 2, 0, 0, 0, 0, 255]"
67.279128,12,"[0, 48, 2, 0, 0, 0, 0, 255]"
67.279187,12,"[0, 48, 2, 0, 0, 0, 0, 255]"
67.27951,12,"[0, 48, 4, 0, 0, 0, 0, 255]"
67.279613,12,"[0, 48, 2, 0, 0, 0, 0, 255]"
67.27982,12,"[0, 48, 2, 0, 0, 0, 0, 255]"
67.280004,12,"[0, 48, 4, 0, 0, 0, 0, 255]"
67.280233,12,"[0, 48, 2, 0, 0, 0, 0, 255]"
67.280525,12,"[0, 48, 4, 0, 0, 0, 0, 255]"
67.281021,12,"[0, 48, 4, 0, 0, 0, 0, 255]"
67.28105,12,"[0, 48, 2, 0, 0, 0, 0, 255]"
67.281205,12,"[0, 48, 2, 0, 0, 0, 0, 255]"
67.281563,12,"[0, 48, 4, 0, 0, 0, 0, 255]"
67.281593,12,"[0, 48, 2, 0, 0, 0, 0, 255]"
67.281777,12,"[0, 48, 2, 0, 0, 0, 0, 255]"
67.281969,12,"[0, 48, 2, 0, 0, 0, 0, 255]"
67.282533,12,"[0, 48, 2, 0, 0, 0, 0, 255]"
67.282646,12,"[0, 48, 2, 0, 0, 0, 0, 255]"
67.282662,12,"[0, 48, 2, 0, 0, 0, 0, 255]"
67.283005,12,"[0, 48, 4, 0, 0, 0, 0, 255]"
67.28302,12,"[0, 48, 2, 0, 0, 0, 0, 255]"
67.28316,12,"[0, 48, 2, 0, 0, 0, 0, 255]"
67.283345,12,"[0, 48, 2, 0, 0, 0, 0, 255]"
67.283563,12,"[0, 48, 2, 0, 0, 0, 0, 255]"
67.284031,12,"[0, 48, 4, 0, 0, 0, 0, 255]"
67.28413,12,"[0, 48, 2, 0, 0, 0, 0, 255]"
67.284197,12,"[0, 48, 2, 0, 0, 0, 0, 255]"
67.284583,12,"[0, 48, 2, 0, 0, 0, 0, 255]"
67.28462,12,"[0, 48, 2, 0, 0, 0, 0, 255]"
67.28482,12,"[0, 48, 2, 0, 0, 0, 0, 255]"
67.285019,12,"[0, 48, 4, 0, 0, 0, 0, 255]"
67.28524,12,"[0, 48, 2, 0, 0, 0, 0, 255]"
67.286053,12,"[0, 48, 2, 0, 0, 0, 0, 255]"
67.286511,12,"[0, 48, 4, 0, 0, 0, 0, 255]"
67.28654,12,"[0, 48, 2, 0, 0, 0, 0, 255]"
67.286578,12,"[0, 48, 2, 0, 0, 0, 0, 255]"
67.286804,12,"[0, 48, 4, 0, 0, 0, 0, 255]"
67.286841,12,"[0, 48, 2, 0, 0, 0, 0, 255]"
67.286856,12,"[0, 48, 2, 0, 0, 0, 0, 255]"
67.287032,12,"[0, 48, 4, 0, 0, 0, 0, 255]"
67.287239,12,"[0, 48, 4, 0, 0, 0, 0, 255]"
67.287439,12,"[0, 48, 4, 0, 0, 0, 0, 255]"
67.287678,12,"[0, 48, 4, 0, 0, 0, 0, 255]"
67.287869,12,"[0, 48, 2, 0, 0, 0, 0, 255]"
67.28842,12,"[0, 48, 4, 0, 0, 0, 0, 255]"
67.288496,12,"[0, 48, 2, 0, 0, 0, 0, 255]"
67.288533,12,"[0, 48, 2, 0, 0, 0, 0, 255]"
67.288747,12,"[0, 48, 2, 0, 0, 0, 0, 255]"
67.289108,12,"[0, 48, 4, 0, 0, 0, 0, 255]"
67.289219,12,"[0, 48, 2, 0, 0, 0, 0, 255]"
67.289397,12,"[0, 48, 2, 0, 0, 0, 0, 255]"
67.289578,12,"[0, 48, 4, 0, 0, 0, 0, 255]"
67.289792,12,"[0, 48, 2, 0, 0, 0, 0, 255]"
67.290035,12,"[0, 48, 2, 0, 0, 0, 0, 255]"
67.290278,12,"[0, 48, 2, 0, 0, 0, 0, 255]"
67.291069,12,"[0, 48, 4, 0, 0, 0, 0, 255]"
67.291106,12,"[0, 48, 2, 0, 0, 0, 0, 255]"
67.291121,12,"[0, 48, 2, 0, 0, 0, 0, 255]"
67.291136,12,"[0, 48, 2, 0, 0, 0, 0, 255]"
67.291292,12,"[0, 48, 2, 0, 0, 0, 0, 255]"
67.291546,12,"[0, 48, 4, 0, 0, 0, 0, 255]"
67.29173,12,"[0, 48, 2, 0, 0, 0, 0, 255]"
67.291944,12,"[0, 48, 2, 0, 0, 0, 0, 255]"
67.292531,12,"[0, 48, 4, 0, 0, 0, 0, 255]"
67.292546,12,"[0, 48, 2, 0, 0, 0, 0, 255]"
67.292664,12,"[0, 48, 2, 0, 0, 0, 0, 255]"
67.292907,12,"[0, 48, 2, 0, 0, 0, 0, 255]"
67.293128,12,"[0, 48, 2, 0, 0, 0, 0, 255]"
67.293306,12,"[0, 48, 2, 0, 0, 0, 0, 255]"
67.293532,12,"[0, 48, 2, 0, 0, 0, 0, 255]"
67.293928,12,"[0, 48, 4, 0, 0, 0, 0, 255]"
67.294042,12,"[0, 48, 2, 0, 0, 0, 0, 255]"
67.294152,12,"[0, 48, 2, 0, 0, 0, 0, 255]"
67.294568,12,"[0, 48, 4, 0, 0, 0, 0, 255]"
67.294583,12,"[0, 48, 2, 0, 0, 0, 0, 255]"
67.294789,12,"[0, 48, 2, 0, 0, 0, 0, 255]"
67.295025,12,"[0, 48, 2, 0, 0, 0, 0, 255]"
67.295261,12,"[0, 48, 2, 0, 0, 0, 0, 255]"
67.296039,12,"[0, 48, 4, 0, 0, 0, 0, 255]"
67.296096,12,"[0, 48, 2, 0, 0, 0, 0, 255]"
67.296545,12,"[0, 48, 4, 0, 0, 0, 0, 255]"
67.296575,12,"[0, 48, 2, 0, 0, 0, 0, 255]"
67.296766,12,"[0, 48, 2, 0, 0, 0, 0, 255]"
67.296995,12,"[0, 48, 2, 0, 0, 0, 0, 255]"
67.297208,12,"[0, 48, 4, 0, 0, 0, 0, 255]"
67.297423,12,"[0, 48, 4, 0, 0, 0, 0, 255]"
67.297626,12,"[0, 48, 4, 0, 0, 0, 0, 255]"
67.297832,12,"[0, 48, 2, 0, 0, 0, 0, 255]"
67.298039,12,"[0, 48, 2, 0, 0, 0, 0, 255]"
67.298324,12,"[0, 48, 4, 0, 0, 0, 0, 255]"
67.298527,12,"[0, 48, 2, 0, 0, 0, 0, 255]"
67.29888,12,"[0, 48, 2, 0, 0, 0, 0, 255]"
67.299219,12,"[0, 48, 4, 0, 0, 0, 0, 255]"
67.299556,33880393,"[40, 50, 49, 50, 57, 0, 0, 0]"
67.299888,12,"[0, 48, 2, 0, 0, 0, 0, 255]"
67.3002,12,"[0, 48, 4, 0, 0, 0, 0, 255]"
67.300538,12,"[0, 48, 2, 0, 0, 0, 0, 255]"
67.300843,12,"[0, 48, 2, 0, 0, 0, 0, 255]"
67.301217,12,"[0, 48, 2, 0, 0, 0, 0, 255]"
67.301392,12,"[0, 48, 2, 0, 0, 0, 0, 255]"
67.301607,12,"[0, 48, 2, 0, 0, 0, 0, 255]"
67.301887,12,"[0, 48, 2, 0, 0, 0, 0, 255]"
67.302003,12,"[0, 48, 2, 0, 0, 0, 0, 255]"
67.302562,12,"[0, 48, 2, 0, 0, 0, 0, 255]"
67.302577,12,"[0, 48, 2, 0, 0, 0, 0, 255]"
67.302671,12,"[0, 48, 4, 0, 0, 0, 0, 255]"
67.302882,12,"[0, 48, 2, 0, 0, 0, 0, 255]"
67.303275,12,"[0, 48, 4, 0, 0, 0, 0, 255]"
67.30329,12,"[0, 48, 2, 0, 0, 0, 0, 255]"
67.303534,12,"[0, 48, 2, 0, 0, 0, 0, 255]"
67.303744,12,"[0, 48, 4, 0, 0, 0, 0, 255]"
67.303933,12,"[0, 48, 2, 0, 0, 0, 0, 255]"
67.304122,12,"[0, 48, 2, 0, 0, 0, 0, 255]"
67.304348,12,"[0, 48, 2, 0, 0, 0, 0, 255]"
67.304578,12,"[0, 48, 2, 0, 0, 0, 0, 255]"
67.304767,12,"[0, 48, 2, 0, 0, 0, 0, 255]"
67.30504,12,"[0, 48, 2, 0, 0, 0, 0, 255]"
67.305193,12,"[0, 48, 2, 0, 0, 0, 0, 255]"
67.3061,12,"[0, 48, 2, 0, 0, 0, 0, 255]"
67.306484,12,"[0, 48, 4, 0, 0, 0, 0, 255]"
67.306499,12,"[0, 48, 2, 0, 0, 0, 0, 255]"
67.306536,12,"[0, 48, 2, 0, 0, 0, 0, 255]"
67.30681,12,"[0, 48, 2, 0, 0, 0, 0, 255]"
67.306825,12,"[0, 48, 2, 0, 0, 0, 0, 255]"
67.30684,12,"[0, 48, 2, 0, 0, 0, 0, 255]"
67.307539,12,"[0, 48, 4, 0, 0, 0, 0, 255]"
67.30759,12,"[0, 48, 2, 0, 0, 0, 0, 255]"
67.307689,12,"[0, 48, 2, 0, 0, 0, 0, 255]"
67.307704,12,"[0, 48, 2, 0, 0, 0, 0, 255]"
67.308189,12,"[0, 48, 4, 0, 0, 0, 0, 255]"
67.308204,12,"[0, 48, 2, 0, 0, 0, 0, 255]"
67.308219,12,"[0, 48, 2, 0, 0, 0, 0, 255]"
67.308346,12,"[0, 48, 4, 0, 0, 0, 0, 255]"
67.308404,12,"[0, 48, 2, 0, 0, 0, 0, 255]"
67.308569,12,"[0, 48, 2, 0, 0, 0, 0, 255]"
67.308786,12,"[0, 48, 2, 0, 0, 0, 0, 255]"
67.309012,12,"[0, 48, 4, 0, 0, 0, 0, 255]"
67.309244,12,"[0, 48, 4, 0, 0, 0, 0, 255]"
67.309448,12,"[0, 48, 2, 0, 0, 0, 0, 255]"
67.309747,12,"[0, 48, 4, 0, 0, 0, 0, 255]"
67.309885,12,"[0, 48, 2, 0, 0, 0, 0, 255]"
67.310103,12,"[0, 48, 2, 0, 0, 0, 0, 255]"
67.310329,12,"[0, 48, 4, 0, 0, 0, 0, 255]"
67.311074,12,"[0, 48, 2, 0, 0, 0, 0, 255]"
67.311181,12,"[0, 48, 4, 0, 0, 0, 0, 255]"
67.311196,12,"[0, 48, 2, 0, 0, 0, 0, 255]"
67.311211,12,"[0, 48, 2, 0, 0, 0, 0, 255]"
67.311409,12,"[0, 48, 2, 0, 0, 0, 0, 255]"
67.311761,12,"[0, 48, 2, 0, 0, 0, 0, 255]"
67.311993,12,"[0, 48, 2, 0, 0, 0, 0, 255]"
67.312502,12,"[0, 48, 4, 0, 0, 0, 0, 255]"
67.312517,12,"[0, 48, 2, 0, 0, 0, 0, 255]"
67.312605,12,"[0, 48, 2, 0, 0, 0, 0, 255]"
67.312808,12,"[0, 48, 2, 0, 0, 0, 0, 255]"
67.312997,12,"[0, 48, 4, 0, 0, 0, 0, 255]"
67.313222,12,"[0, 48, 2, 0, 0, 0, 0, 255]"
67.313532,12,"[0, 48, 2, 0, 0, 0, 0, 255]"
67.314002,12,"[0, 48, 2, 0, 0, 0, 0, 255]"
67.314031,12,"[0, 48, 2, 0, 0, 0, 0, 255]"
67.314177,12,"[0, 48, 2, 0, 0, 0, 0, 255]"
67.31441,12,"[0, 48, 2, 0, 0, 0, 0, 255]"
67.314646,12,"[0, 48, 2, 0, 0, 0, 0, 255]"
67.31485,12,"[0, 48, 2, 0, 0, 0, 0, 255]"
67.315031,12,"[0, 48, 2, 0, 0, 0, 0, 255]"
67.315264,12,"[0, 48, 2, 0, 0, 0, 0, 255]"
67.315548,12,"[0, 48, 4, 0, 0, 0, 0, 255]"
67.315686,12,"[0, 48, 4, 0, 0, 0, 0, 255]"
67.315875,12,"[0, 48, 4, 0, 0, 0, 0, 255]"
67.316071,12,"[0, 48, 2, 0, 0, 0, 0, 255]"
67.316283,12,"[0, 48, 2, 0, 0, 0, 0, 255]"
67.316603,12,"[0, 48, 2, 0, 0, 0, 0, 255]"
67.316727,12,"[0, 48, 2, 0, 0, 0, 0, 255]"
67.316938,12,"[0, 48, 2, 0, 0, 0, 0, 255]"
67.317588,12,"[0, 48, 2, 0, 0, 0, 0, 255]"
67.317603,12,"[0, 48, 2, 0, 0, 0, 0, 255]"
67.31766,12,"[0, 48, 2, 0, 0, 0, 0, 255]"
67.31782,12,"[0, 48, 2, 0, 0, 0, 0, 255]"
67.318423,12,"[0, 48, 4, 0, 0, 0, 0, 255]"
67.318533,12,"[0, 48, 2, 0, 0, 0, 0, 255]"
67.318548,12,"[0, 48, 2, 0, 0, 0, 0, 255]"
67.318759,12,"[0, 48, 2, 0, 0, 0, 0, 255]"
67.31897,12,"[0, 48, 2, 0, 0, 0, 0, 255]"
67.319217,12,"[0, 48, 2, 0, 0, 0, 0, 255]"
67.319407,12,"[0, 48, 2, 0, 0, 0, 0, 255]"
67.319629,12,"[0, 48, 2, 0, 0, 0, 0, 255]"
67.319868,12,"[0, 48, 2, 0, 0, 0, 0, 255]"
67.320101,12,"[0, 48, 2, 0, 0, 0, 0, 255]"
67.321113,12,"[0, 48, 2, 0, 0, 0, 0, 255]"
67.32115,12,"[0, 48, 2, 0, 0, 0, 0, 255]"
67.32118,12,"[0, 48, 2, 0, 0, 0, 0, 255]"
67.321426,12,"[0, 48, 4, 0, 0, 0, 0, 255]"
67.321565,12,"[0, 48, 4, 0, 0, 0, 0, 255]"
67.32158,12,"[0, 48, 2, 0, 0, 0, 0, 255]"
67.321609,12,"[0, 48, 2, 0, 0, 0, 0, 255]"
67.321839,12,"[0, 48, 4, 0, 0, 0, 0, 255]"
67.321991,12,"[0, 48, 2, 0, 0, 0, 0, 255]"
67.322173,12,"[0, 48, 2, 0, 0, 0, 0, 255]"
67.322591,12,"[0, 48, 4, 0, 0, 0, 0, 255]"
67.322619,12,"[0, 48, 2, 0, 0, 0, 0, 255]"
67.323083,12,"[0, 48, 2, 0, 0, 0, 0, 255]"
67.323309,12,"[0, 48, 2, 0, 0, 0, 0, 255]"
67.323546,12,"[0, 48, 2, 0, 0, 0, 0, 255]"
67.323771,12,"[0, 48, 4, 0, 0, 0, 0, 255]"
67.323952,12,"[0, 48, 4, 0, 0, 0, 0, 255]"
67.324163,12,"[0, 48, 2, 0, 0, 0, 0, 255]"
67.324374,12,"[0, 48, 2, 0, 0, 0, 0, 255]"
67.324582,12,"[0, 48, 4, 0, 0, 0, 0, 255]"
67.324763,12,"[0, 48, 2, 0, 0, 0, 0, 255]"
67.324967,12,"[0, 48, 2, 0, 0, 0, 0, 255]"
67.325149,12,"[0, 48, 2, 0, 0, 0, 0, 255]"
67.325331,12,"[0, 48, 2, 0, 0, 0, 0, 255]"
67.326104,12,"[0, 48, 2, 0, 0, 0, 0, 255]"
67.32612,12,"[0, 48, 2, 0, 0, 0, 0, 255]"
67.326629,12,"[0, 48, 4, 0, 0, 0, 0, 255]"
67.326686,12,"[0, 48, 4, 0, 0, 0, 0, 255]"
67.326715,12,"[0, 48, 2, 0, 0, 0, 0, 255]"
67.326839,12,"[0, 48, 4, 0, 0, 0, 0, 255]"
67.327332,12,"[0, 48, 2, 0, 0, 0, 0, 255]"
67.32759,12,"[0, 48, 2, 0, 0, 0, 0, 255]"
67.327801,12,"[0, 48, 4, 0, 0, 0, 0, 255]"
67.327997,12,"[0, 48, 4, 0, 0, 0, 0, 255]"
67.328334,12,"[0, 48, 2, 0, 0, 0, 0, 255]"
67.328414,12,"[0, 48, 2, 0, 0, 0, 0, 255]"
67.328636,12,"[0, 48, 2, 0, 0, 0, 0, 255]"
67.328862,12,"[0, 48, 2, 0, 0, 0, 0, 255]"
67.329043,12,"[0, 48, 2, 0, 0, 0, 0, 255]"
67.329261,12,"[0, 48, 2, 0, 0, 0, 0, 255]"
67.329535,12,"[0, 48, 2, 0, 0, 0, 0, 255]"
67.329823,12,"[0, 48, 2, 0, 0, 0, 0, 255]"
67.329969,12,"[0, 48, 2, 0, 0, 0, 0, 255]"
67.330172,12,"[0, 48, 2, 0, 0, 0, 0, 255]"
67.330453,12,"[0, 48, 4, 0, 0, 0, 0, 255]"
67.331138,12,"[0, 48, 4, 0, 0, 0, 0, 255]"
67.331175,12,"[0, 48, 2, 0, 0, 0, 0, 255]"
67.331274,12,"[0, 48, 4, 0, 0, 0, 0, 255]"
67.331289,12,"[0, 48, 2, 0, 0, 0, 0, 255]"
67.331348,12,"[0, 48, 2, 0, 0, 0, 0, 255]"
67.331612,12,"[0, 48, 2, 0, 0, 0, 0, 255]"
67.331808,12,"[0, 48, 2, 0, 0, 0, 0, 255]"
67.332012,12,"[0, 48, 4, 0, 0, 0, 0, 255]"
67.332193,12,"[0, 48, 4, 0, 0, 0, 0, 255]"
67.332376,12,"[0, 48, 4, 0, 0, 0, 0, 255]"
67.332554,12,"[0, 48, 2, 0, 0, 0, 0, 255]"
67.332765,12,"[0, 48, 2, 0, 0, 0, 0, 255]"
67.332947,12,"[0, 48, 2, 0, 0, 0, 0, 255]"
67.333269,12,"[0, 48, 2, 0, 0, 0, 0, 255]"
67.333372,12,"[0, 48, 4, 0, 0, 0, 0, 255]"
67.333594,12,"[0, 48, 2, 0, 0, 0, 0, 255]"
67.333882,12,"[0, 48, 4, 0, 0, 0, 0, 255]"
67.333998,12,"[0, 48, 2, 0, 0, 0, 0, 255]"
67.334209,12,"[0, 48, 2, 0, 0, 0, 0, 255]"
67.334586,12,"[0, 48, 2, 0, 0, 0, 0, 255]"
67.334637,12,"[0, 48, 2, 0, 0, 0, 0, 255]"
67.334841,12,"[0, 48, 2, 0, 0, 0, 0, 255]"
67.335023,12,"[0, 48, 4, 0, 0, 0, 0, 255]"
67.335262,12,"[0, 48, 2, 0, 0, 0, 0, 255]"
67.336106,12,"[0, 48, 2, 0, 0, 0, 0, 255]"
67.336574,12,"[0, 48, 4, 0, 0, 0, 0, 255]"
67.336589,12,"[0, 48, 2, 0, 0, 0, 0, 255]"
67.336604,12,"[0, 48, 2, 0, 0, 0, 0, 255]"
67.336752,12,"[0, 48, 2, 0, 0, 0, 0, 255]"
67.336767,12,"[0, 48, 2, 0, 0, 0, 0, 255]"
67.33753,12,"[0, 48, 2, 0, 0, 0, 0, 255]"
67.337559,12,"[0, 48, 2, 0, 0, 0, 0, 255]"
67.33763,12,"[0, 48, 2, 0, 0, 0, 0, 255]"
67.337645,12,"[0, 48, 2, 0, 0, 0, 0, 255]"
67.33813,12,"[0, 48, 4, 0, 0, 0, 0, 255]"
67.338404,12,"[0, 48, 2, 0, 0, 0, 0, 255]"
67.338419,12,"[0, 48, 2, 0, 0, 0, 0, 255]"
67.338435,12,"[0, 48, 2, 0, 0, 0, 0, 255]"
67.338532,12,"[0, 48, 2, 0, 0, 0, 0, 255]"
67.338575,12,"[0, 48, 2, 0, 0, 0, 0, 255]"
67.338756,12,"[0, 48, 2, 0, 0, 0, 0, 255]"
67.338967,12,"[0, 48, 2, 0, 0, 0, 0, 255]"
67.339149,12,"[0, 48, 4, 0, 0, 0, 0, 255]"
67.339331,12,"[0, 48, 2, 0, 0, 0, 0, 255]"
67.339623,12,"[0, 48, 4, 0, 0, 0, 0, 255]"
67.33979,12,"[0, 48, 2, 0, 0, 0, 0, 255]"
67.340056,12,"[0, 48, 2, 0, 0, 0, 0, 255]"
67.341108,12,"[0, 48, 2, 0, 0, 0, 0, 255]"
67.341124,12,"[0, 48, 2, 0, 0, 0, 0, 255]"
67.341189,12,"[0, 48, 2, 0, 0, 0, 0, 255]"
67.341218,12,"[0, 48, 2, 0, 0, 0, 0, 255]"
67.341552,12,"[0, 48, 4, 0, 0, 0, 0, 255]"
67.341567,12,"[0, 48, 2, 0, 0, 0, 0, 255]"
67.341582,12,"[0, 48, 2, 0, 0, 0, 0, 255]"
67.341794,12,"[0, 48, 2, 0, 0, 0, 0, 255]"
67.34186,12,"[0, 48, 2, 0, 0, 0, 0, 255]"
67.342531,12,"[0, 48, 2, 0, 0, 0, 0, 255]"
67.342547,12,"[0, 48, 2, 0, 0, 0, 0, 255]"
67.342576,12,"[0, 48, 2, 0, 0, 0, 0, 255]"
67.342851,12,"[0, 48, 2, 0, 0, 0, 0, 255]"
67.343149,12,"[0, 48, 2, 0, 0, 0, 0, 255]"
67.343396,12,"[0, 48, 2, 0, 0, 0, 0, 255]"
67.343626,12,"[0, 48, 2, 0, 0, 0, 0, 255]"
67.343927,12,"[0, 48, 4, 0, 0, 0, 0, 255]"
67.344072,12,"[0, 48, 2, 0, 0, 0, 0, 255]"
67.34449,12,"[0, 48, 4, 0, 0, 0, 0, 255]"
67.344535,12,"[0, 48, 2, 0, 0, 0, 0, 255]"
67.3448,12,"[0, 48, 2, 0, 0, 0, 0, 255]"
67.34491,12,"[0, 48, 4, 0, 0, 0, 0, 255]"
67.345099,12,"[0, 48, 2, 0, 0, 0, 0, 255]"
67.346049,12,"[0, 48, 4, 0, 0, 0, 0, 255]"
67.346078,12,"[0, 48, 2, 0, 0, 0, 0, 255]"
67.346504,12,"[0, 48, 4, 0, 0, 0, 0, 255]"
67.346519,12,"[0, 48, 2, 0, 0, 0, 0, 255]"
67.346556,12,"[0, 48, 2, 0, 0, 0, 0, 255]"
67.346886,12,"[0, 48, 2, 0, 0, 0, 0, 255]"
67.346901,12,"[0, 48, 2, 0, 0, 0, 0, 255]"
67.347566,12,"[0, 48, 2, 0, 0, 0, 0, 255]"
67.34765,12,"[0, 48, 2, 0, 0, 0, 0, 255]"
67.347679,12,"[0, 48, 2, 0, 0, 0, 0, 255]"
67.347695,12,"[0, 48, 2, 0, 0, 0, 0, 255]"
67.348355,12,"[0, 48, 2, 0, 0, 0, 0, 255]"
67.348371,12,"[0, 48, 2, 0, 0, 0, 0, 255]"
67.348427,12,"[0, 48, 2, 0, 0, 0, 0, 255]"
67.348443,12,"[0, 48, 2, 0, 0, 0, 0, 255]"
67.348458,12,"[0, 48, 2, 0, 0, 0, 0, 255]"
67.348535,12,"[0, 48, 2, 0, 0, 0, 0, 255]"
67.348717,12,"[0, 48, 2, 0, 0, 0, 0, 255]"
67.349145,12,"[0, 48, 2, 0, 0, 0, 0, 255]"
67.349174,12,"[0, 48, 2, 0, 0, 0, 0, 255]"
67.349349,12,"[0, 48, 2, 0, 0, 0, 0, 255]"
67.349571,12,"[0, 48, 4, 0, 0, 0, 0, 255]"
67.349803,12,"[0, 48, 2, 0, 0, 0, 0, 255]"
67.350021,12,"[0, 48, 4, 0, 0, 0, 0, 255]"
67.350268,12,"[0, 48, 2, 0, 0, 0, 0, 255]"
67.350534,12,"[0, 48, 4, 0, 0, 0, 0, 255]"
67.351086,12,"[0, 48, 2, 0, 0, 0, 0, 255]"
67.351193,12,"[0, 48, 2, 0, 0, 0, 0, 255]"
67.351208,12,"[0, 48, 2, 0, 0, 0, 0, 255]"
67.351398,12,"[0, 48, 2, 0, 0, 0, 0, 255]"
67.351605,12,"[0, 48, 2, 0, 0, 0, 0, 255]"
67.351794,12,"[0, 48, 2, 0, 0, 0, 0, 255]"
67.351998,12,"[0, 48, 2, 0, 0, 0, 0, 255]"
67.352541,12,"[0, 48, 4, 0, 0, 0, 0, 255]"
67.35257,12,"[0, 48, 2, 0, 0, 0, 0, 255]"
67.352643,12,"[0, 48, 2, 0, 0, 0, 0, 255]"
67.352875,12,"[0, 48, 2, 0, 0, 0, 0, 255]"
67.353128,12,"[0, 48, 2, 0, 0, 0, 0, 255]"
67.353274,12,"[0, 48, 2, 0, 0, 0, 0, 255]"
67.353532,12,"[0, 48, 2, 0, 0, 0, 0, 255]"
67.354001,12,"[0, 48, 2, 0, 0, 0, 0, 255]"
67.354016,12,"[0, 48, 2, 0, 0, 0, 0, 255]"
67.354118,12,"[0, 48, 2, 0, 0, 0, 0, 255]"
67.354488,12,"[0, 48, 4, 0, 0, 0, 0, 255]"
67.35459,12,"[0, 48, 2, 0, 0, 0, 0, 255]"
67.354772,12,"[0, 48, 2, 0, 0, 0, 0, 255]"
67.35499,12,"[0, 48, 2, 0, 0, 0, 0, 255]"
67.355215,12,"[0, 48, 2, 0, 0, 0, 0, 255]"
67.355448,12,"[0, 48, 4, 0, 0, 0, 0, 255]"
67.356188,12,"[0, 48, 2, 0, 0, 0, 0, 255]"
67.356558,12,"[0, 48, 4, 0, 0, 0, 0, 255]"
67.356573,12,"[0, 48, 2, 0, 0, 0, 0, 255]"
67.356589,12,"[0, 48, 2, 0, 0, 0, 0, 255]"
67.356765,12,"[0, 48, 2, 0, 0, 0, 0, 255]"
67.357555,12,"[0, 48, 2, 0, 0, 0, 0, 255]"
67.35757,12,"[0, 48, 2, 0, 0, 0, 0, 255]"
67.357599,12,"[0, 48, 2, 0, 0, 0, 0, 255]"
67.357642,12,"[0, 48, 2, 0, 0, 0, 0, 255]"
67.357671,12,"[0, 48, 2, 0, 0, 0, 0, 255]"
67.357759,12,"[0, 48, 2, 0, 0, 0, 0, 255]"
67.35841,12,"[0, 48, 2, 0, 0, 0, 0, 255]"
67.358425,12,"[0, 48, 2, 0, 0, 0, 0, 255]"
67.358527,12,"[0, 48, 2, 0, 0, 0, 0, 255]"
67.35863,12,"[0, 48, 2, 0, 0, 0, 0, 255]"
67.359086,12,"[0, 48, 2, 0, 0, 0, 0, 255]"
67.359101,12,"[0, 48, 2, 0, 0, 0, 0, 255]"
67.359261,12,"[0, 48, 2, 0, 0, 0, 0, 255]"
67.359702,12,"[0, 48, 4, 0, 0, 0, 0, 255]"
67.359739,12,"[0, 48, 2, 0, 0, 0, 0, 255]"
67.359984,12,"[0, 48, 4, 0, 0, 0, 0, 255]"
67.36013,12,"[0, 48, 2, 0, 0, 0, 0, 255]"
67.360312,12,"[0, 48, 2, 0, 0, 0, 0, 255]"
67.360534,12,"[0, 48, 4, 0, 0, 0, 0, 255]"
67.360737,12,"[0, 48, 4, 0, 0, 0, 0, 255]"
67.360962,12,"[0, 48, 4, 0, 0, 0, 0, 255]"
67.361255,12,"[0, 48, 4, 0, 0, 0, 0, 255]"
67.361322,12,"[0, 48, 2, 0, 0, 0, 0, 255]"
67.361537,12,"[0, 48, 2, 0, 0, 0, 0, 255]"
67.361726,12,"[0, 48, 2, 0, 0, 0, 0, 255]"
67.361937,12,"[0, 48, 2, 0, 0, 0, 0, 255]"
67.362118,12,"[0, 48, 2, 0, 0, 0, 0, 255]"
67.362531,12,"[0, 48, 4, 0, 0, 0, 0, 255]"
67.36256,12,"[0, 48, 2, 0, 0, 0, 0, 255]"
67.362756,12,"[0, 48, 2, 0, 0, 0, 0, 255]"
67.36331,12,"[0, 48, 4, 0, 0, 0, 0, 255]"
67.36343,12,"[0, 48, 2, 0, 0, 0, 0, 255]"
67.363445,12,"[0, 48, 2, 0, 0, 0, 0, 255]"
67.363784,12,"[0, 48, 4, 0, 0, 0, 0, 255]"
67.363835,12,"[0, 48, 2, 0, 0, 0, 0, 255]"
67.364114,12,"[0, 48, 4, 0, 0, 0, 0, 255]"
67.364246,12,"[0, 48, 2, 0, 0, 0, 0, 255]"
67.364551,12,"[0, 48, 2, 0, 0, 0, 0, 255]"
67.364661,12,"[0, 48, 2, 0, 0, 0, 0, 255]"
67.364835,12,"[0, 48, 2, 0, 0, 0, 0, 255]"
67.365046,12,"[0, 48, 2, 0, 0, 0, 0, 255]"
67.365228,12,"[0, 48, 2, 0, 0, 0, 0, 255]"
67.366142,12,"[0, 48, 2, 0, 0, 0, 0, 255]"
67.36649,12,"[0, 48, 4, 0, 0, 0, 0, 255]"
67.366513,12,"[0, 48, 2, 0, 0, 0, 0, 255]"
67.366542,12,"[0, 48, 2, 0, 0, 0, 0, 255]"
67.366858,12,"[0, 48, 4, 0, 0, 0, 0, 255]"
67.366901,12,"[0, 48, 2, 0, 0, 0, 0, 255]"
67.367552,12,"[0, 48, 2, 0, 0, 0, 0, 255]"
67.367567,12,"[0, 48, 2, 0, 0, 0, 0, 255]"
67.368233,12,"[0, 48, 4, 0, 0, 0, 0, 255]"
67.368248,12,"[0, 48, 2, 0, 0, 0, 0, 255]"
67.368397,12,"[0, 48, 4, 0, 0, 0, 0, 255]"
67.368426,12,"[0, 48, 2, 0, 0, 0, 0, 255]"
67.368455,12,"[0, 48, 2, 0, 0, 0, 0, 255]"
67.368516,12,"[0, 48, 2, 0, 0, 0, 0, 255]"
67.368581,12,"[0, 48, 2, 0, 0, 0, 0, 255]"
67.368624,12,"[0, 48, 2, 0, 0, 0, 0, 255]"
67.368806,12,"[0, 48, 2, 0, 0, 0, 0, 255]"
67.369127,12,"[0, 48, 2, 0, 0, 0, 0, 255]"
67.369688,12,"[0, 48, 4, 0, 0, 0, 0, 255]"
67.370834,12,"[0, 48, 4, 0, 0, 0, 0, 255]"
67.371143,12,"[0, 48, 4, 0, 0, 0, 0, 255]"
67.371158,12,"[0, 48, 2, 0, 0, 0, 0, 255]"
67.371243,12,"[0, 48, 4, 0, 0, 0, 0, 255]"
67.371273,12,"[0, 48, 2, 0, 0, 0, 0, 255]"
67.371288,12,"[0, 48, 2, 0, 0, 0, 0, 255]"
67.371339,12,"[0, 48, 2, 0, 0, 0, 0, 255]"
67.371382,12,"[0, 48, 2, 0, 0, 0, 0, 255]"
67.371535,12,"[0, 48, 2, 0, 0, 0, 0, 255]"
67.371564,12,"[0, 48, 2, 0, 0, 0, 0, 255]"
67.371593,12,"[0, 48, 2, 0, 0, 0, 0, 255]"
67.371753,12,"[0, 48, 2, 0, 0, 0, 0, 255]"
67.371964,12,"[0, 48, 2, 0, 0, 0, 0, 255]"
67.372189,12,"[0, 48, 2, 0, 0, 0, 0, 255]"
67.372607,12,"[0, 48, 4, 0, 0, 0, 0, 255]"
67.372659,12,"[0, 48, 2, 0, 0, 0, 0, 255]"
67.372891,12,"[0, 48, 2, 0, 0, 0, 0, 255]"
67.373212,12,"[0, 48, 2, 0, 0, 0, 0, 255]"
67.373405,12,"[0, 48, 4, 0, 0, 0, 0, 255]"
67.373533,12,"[0, 48, 2, 0, 0, 0, 0, 255]"
67.373758,12,"[0, 48, 4, 0, 0, 0, 0, 255]"
67.374019,12,"[0, 48, 4, 0, 0, 0, 0, 255]"
67.374215,12,"[0, 48, 2, 0, 0, 0, 0, 255]"
67.374591,12,"[0, 48, 4, 0, 0, 0, 0, 255]"
67.374619,12,"[0, 48, 2, 0, 0, 0, 0, 255]"
67.374787,12,"[0, 48, 2, 0, 0, 0, 0, 255]"
67.375019,12,"[0, 48, 2, 0, 0, 0, 0, 255]"
67.375201,12,"[0, 48, 2, 0, 0, 0, 0, 255]"
67.376163,12,"[0, 48, 2, 0, 0, 0, 0, 255]"
67.376534,12,"[0, 48, 4, 0, 0, 0, 0, 255]"
67.376563,12,"[0, 48, 2, 0, 0, 0, 0, 255]"
67.376578,12,"[0, 48, 2, 0, 0, 0, 0, 255]"
67.376726,12,"[0, 48, 4, 0, 0, 0, 0, 255]"
67.376755,12,"[0, 48, 2, 0, 0, 0, 0, 255]"
67.37677,12,"[0, 48, 2, 0, 0, 0, 0, 255]"
67.377515,12,"[0, 48, 4, 0, 0, 0, 0, 255]"
67.377544,12,"[0, 48, 2, 0, 0, 0, 0, 255]"
67.377665,12,"[0, 48, 4, 0, 0, 0, 0, 255]"
67.377694,12,"[0, 48, 2, 0, 0, 0, 0, 255]"
67.377803,12,"[0, 48, 2, 0, 0, 0, 0, 255]"
67.37837,12,"[0, 48, 4, 0, 0, 0, 0, 255]"
67.378398,12,"[0, 48, 2, 0, 0, 0, 0, 255]"
67.378443,12,"[0, 48, 2, 0, 0, 0, 0, 255]"
67.378636,12,"[0, 48, 2, 0, 0, 0, 0, 255]"
67.378847,12,"[0, 48, 2, 0, 0, 0, 0, 255]"
67.379114,12,"[0, 48, 4, 0, 0, 0, 0, 255]"
67.379303,12,"[0, 48, 2, 0, 0, 0, 0, 255]"
67.379722,12,"[0, 48, 2, 0, 0, 0, 0, 255]"
67.379737,12,"[0, 48, 2, 0, 0, 0, 0, 255]"
67.379989,12,"[0, 48, 4, 0, 0, 0, 0, 255]"
67.380112,12,"[0, 48, 2, 0, 0, 0, 0, 255]"
67.380367,12,"[0, 48, 4, 0, 0, 0, 0, 255]"
67.380797,12,"[0, 48, 4, 0, 0, 0, 0, 255]"
67.381148,12,"[0, 48, 2, 0, 0, 0, 0, 255]"
67.381163,12,"[0, 48, 2, 0, 0, 0, 0, 255]"
67.38122,12,"[0, 48, 2, 0, 0, 0, 0, 255]"
67.381331,12,"[0, 48, 2, 0, 0, 0, 0, 255]"
67.381567,12,"[0, 48, 4, 0, 0, 0, 0, 255]"
67.381749,12,"[0, 48, 2, 0, 0, 0, 0, 255]"
67.381952,12,"[0, 48, 2, 0, 0, 0, 0, 255]"
67.382177,12,"[0, 48, 2, 0, 0, 0, 0, 255]"
67.38263,12,"[0, 48, 2, 0, 0, 0, 0, 255]"
67.382645,12,"[0, 48, 2, 0, 0, 0, 0, 255]"
67.382784,12,"[0, 48, 4, 0, 0, 0, 0, 255]"
67.382987,12,"[0, 48, 2, 0, 0, 0, 0, 255]"
67.383212,12,"[0, 48, 2, 0, 0, 0, 0, 255]"
67.383452,12,"[0, 48, 2, 0, 0, 0, 0, 255]"
67.383646,12,"[0, 48, 2, 0, 0, 0, 0, 255]"
67.384045,12,"[0, 48, 4, 0, 0, 0, 0, 255]"
67.38406,12,"[0, 48, 2, 0, 0, 0, 0, 255]"
67.384271,12,"[0, 48, 2, 0, 0, 0, 0, 255]"
67.384534,12,"[0, 48, 4, 0, 0, 0, 0, 255]"
67.384629,12,"[0, 48, 2, 0, 0, 0, 0, 255]"
67.384839,12,"[0, 48, 2, 0, 0, 0, 0, 255]"
67.385021,12,"[0, 48, 4, 0, 0, 0, 0, 255]"
67.385239,12,"[0, 48, 2, 0, 0, 0, 0, 255]"
67.386132,12,"[0, 48, 2, 0, 0, 0, 0, 255]"
67.386622,12,"[0, 48, 2, 0, 0, 0, 0, 255]"
67.386818,12,"[0, 48, 2, 0, 0, 0, 0, 255]"
67.386855,12,"[0, 48, 2, 0, 0, 0, 0, 255]"
67.387553,12,"[0, 48, 4, 0, 0, 0, 0, 255]"
67.387582,12,"[0, 48, 2, 0, 0, 0, 0, 255]"
67.387598,12,"[0, 48, 2, 0, 0, 0, 0, 255]"
67.387613,12,"[0, 48, 2, 0, 0, 0, 0, 255]"
67.387664,12,"[0, 48, 2, 0, 0, 0, 0, 255]"
67.387693,12,"[0, 48, 2, 0, 0, 0, 0, 255]"
67.387708,12,"[0, 48, 2, 0, 0, 0, 0, 255]"
67.388297,12,"[0, 48, 2, 0, 0, 0, 0, 255]"
67.38839,12,"[0, 48, 4, 0, 0, 0, 0, 255]"
67.388405,12,"[0, 48, 2, 0, 0, 0, 0, 255]"
67.388448,12,"[0, 48, 2, 0, 0, 0, 0, 255]"
67.38859,12,"[0, 48, 2, 0, 0, 0, 0, 255]"
67.388765,12,"[0, 48, 2, 0, 0, 0, 0, 255]"
67.389101,12,"[0, 48, 2, 0, 0, 0, 0, 255]"
67.389259,4,"[0, 76, 0, 0, 0, 0, 0, 126]"
67.389397,33880393,"[35, 67, 45, 48, 50, 49, 50, 57]"
67.3897,4,"[0, 48, 0, 0, 0, 0, 0, 255]"
67.389846,12,"[0, 48, 2, 0, 0, 0, 0, 255]"
67.390067,12,"[0, 48, 2, 0, 0, 0, 0, 255]"
67.390304,12,"[0, 48, 4, 0, 0, 0, 0, 255]"
67.391016,12,"[0, 48, 4, 0, 0, 0, 0, 255]"
67.391172,12,"[0, 48, 2, 0, 0, 0, 0, 255]"
67.391251,12,"[0, 48, 2, 0, 0, 0, 0, 255]"
67.391266,12,"[0, 48, 2, 0, 0, 0, 0, 255]"
67.391415,12,"[0, 48, 2, 0, 0, 0, 0, 255]"
67.391633,12,"[0, 48, 2, 0, 0, 0, 0, 255]"
67.391824,12,"[0, 48, 4, 0, 0, 0, 0, 255]"
67.392075,12,"[0, 48, 2, 0, 0, 0, 0, 255]"
67.392653,12,"[0, 48, 2, 0, 0, 0, 0, 255]"
67.392794,12,"[0, 48, 4, 0, 0, 0, 0, 255]"
67.392823,12,"[0, 48, 2, 0, 0, 0, 0, 255]"
67.393103,12,"[0, 48, 4, 0, 0, 0, 0, 255]"
67.393169,12,"[0, 48, 2, 0, 0, 0, 0, 255]"
67.393461,12,"[0, 48, 4, 0, 0, 0, 0, 255]"
67.393612,12,"[0, 48, 2, 0, 0, 0, 0, 255]"
67.39384,12,"[0, 48, 4, 0, 0, 0, 0, 255]"
67.394046,12,"[0, 48, 2, 0, 0, 0, 0, 255]"
67.39424,33880393,"[36, 0, 0, 0, 0, 0, 0, 0]"
67.394416,12,"[0, 48, 4, 0, 0, 0, 0, 255]"
67.394597,12,"[0, 48, 2, 0, 0, 0, 0, 255]"
67.394804,12,"[0, 48, 2, 0, 0, 0, 0, 255]"
67.394995,12,"[0, 48, 4, 0, 0, 0, 0, 255]"
67.395209,12,"[0, 48, 2, 0, 0, 0, 0, 255]"
67.396089,12,"[0, 48, 2, 0, 0, 0, 0, 255]"
67.396533,12,"[0, 48, 2, 0, 0, 0, 0, 255]"
67.396548,12,"[0, 48, 2, 0, 0, 0, 0, 255]"
67.396838,12,"[0, 48, 2, 0, 0, 0, 0, 255]"
67.396854,12,"[0, 48, 2, 0, 0, 0, 0, 255]"
67.396869,12,"[0, 48, 2, 0, 0, 0, 0, 255]"
67.397531,12,"[0, 48, 2, 0, 0, 0, 0, 255]"
67.397546,12,"[0, 48, 2, 0, 0, 0, 0, 255]"
67.397584,12,"[0, 48, 2, 0, 0, 0, 0, 255]"
67.397725,12,"[0, 48, 2, 0, 0, 0, 0, 255]"
67.398405,12,"[0, 48, 4, 0, 0, 0, 0, 255]"
67.39842,12,"[0, 48, 2, 0, 0, 0, 0, 255]"
67.398436,12,"[0, 48, 2, 0, 0, 0, 0, 255]"
67.398511,12,"[0, 48, 2, 0, 0, 0, 0, 255]"
67.398548,12,"[0, 48, 2, 0, 0, 0, 0, 255]"
67.398564,12,"[0, 48, 2, 0, 0, 0, 0, 255]"
67.398726,12,"[0, 48, 2, 0, 0, 0, 0, 255]"
67.399109,12,"[0, 48, 4, 0, 0, 0, 0, 255]"
67.399138,12,"[0, 48, 2, 0, 0, 0, 0, 255]"
67.399338,12,"[0, 48, 2, 0, 0, 0, 0, 255]"
67.399746,12,"[0, 48, 2, 0, 0, 0, 0, 255]"
67.399775,12,"[0, 48, 2, 0, 0, 0, 0, 255]"
67.400045,12,"[0, 48, 4, 0, 0, 0, 0, 255]"
67.400207,12,"[0, 48, 4, 0, 0, 0, 0, 255]"
67.401172,12,"[0, 48, 2, 0, 0, 0, 0, 255]"
67.401252,12,"[0, 48, 2, 0, 0, 0, 0, 255]"
67.401282,12,"[0, 48, 2, 0, 0, 0, 0, 255]"
67.401548,12,"[0, 48, 4, 0, 0, 0, 0, 255]"
67.401585,12,"[0, 48, 2, 0, 0, 0, 0, 255]"
67.401614,12,"[0, 48, 2, 0, 0, 0, 0, 255]"
67.401904,12,"[0, 48, 4, 0, 0, 0, 0, 255]"
67.401919,12,"[0, 48, 2, 0, 0, 0, 0, 255]"
67.402008,12,"[0, 48, 2, 0, 0, 0, 0, 255]"
67.402329,12,"[0, 48, 4, 0, 0, 0, 0, 255]"
67.402425,12,"[0, 48, 4, 0, 0, 0, 0, 255]"
67.402643,12,"[0, 48, 2, 0, 0, 0, 0, 255]"
67.402879,12,"[0, 48, 2, 0, 0, 0, 0, 255]"
67.403085,12,"[0, 48, 4, 0, 0, 0, 0, 255]"
67.403335,12,"[0, 48, 2, 0, 0, 0, 0, 255]"
67.403538,12,"[0, 48, 2, 0, 0, 0, 0, 255]"
67.403943,12,"[0, 48, 2, 0, 0, 0, 0, 255]"
67.404,12,"[0, 48, 2, 0, 0, 0, 0, 255]"
67.40414,12,"[0, 48, 2, 0, 0, 0, 0, 255]"
67.404562,12,"[0, 48, 2, 0, 0, 0, 0, 255]"
67.404591,12,"[0, 48, 2, 0, 0, 0, 0, 255]"
67.404992,12,"[0, 48, 4, 0, 0, 0, 0, 255]"
67.405007,12,"[0, 48, 2, 0, 0, 0, 0, 255]"
67.405118,12,"[0, 48, 2, 0, 0, 0, 0, 255]"
67.405355,12,"[0, 48, 2, 0, 0, 0, 0, 255]"
67.406031,12,"[0, 48, 4, 0, 0, 0, 0, 255]"
67.406061,12,"[0, 48, 2, 0, 0, 0, 0, 255]"
67.406076,12,"[0, 48, 2, 0, 0, 0, 0, 255]"
67.406579,12,"[0, 48, 4, 0, 0, 0, 0, 255]"
67.406595,12,"[0, 48, 2, 0, 0, 0, 0, 255]"
67.406632,12,"[0, 48, 2, 0, 0, 0, 0, 255]"
67.406809,12,"[0, 48, 4, 0, 0, 0, 0, 255]"
67.407023,12,"[0, 48, 2, 0, 0, 0, 0, 255]"
67.407535,12,"[0, 48, 4, 0, 0, 0, 0, 255]"
67.407551,12,"[0, 48, 2, 0, 0, 0, 0, 255]"
67.407603,12,"[0, 48, 2, 0, 0, 0, 0, 255]"
67.407824,12,"[0, 48, 2, 0, 0, 0, 0, 255]"
67.408361,12,"[0, 48, 4, 0, 0, 0, 0, 255]"
67.408426,12,"[0, 48, 2, 0, 0, 0, 0, 255]"
67.408488,12,"[0, 48, 4, 0, 0, 0, 0, 255]"
67.408642,12,"[0, 48, 2, 0, 0, 0, 0, 255]"
67.408864,12,"[0, 48, 2, 0, 0, 0, 0, 255]"
67.409118,12,"[0, 48, 4, 0, 0, 0, 0, 255]"
67.409266,12,"[0, 48, 2, 0, 0, 0, 0, 255]"
67.409542,33880393,"[39, 48, 45, 70, 82, 67, 45, 48]"
67.409731,12,"[0, 48, 4, 0, 0, 0, 0, 255]"
67.409952,12,"[0, 48, 2, 0, 0, 0, 0, 255]"
67.410181,12,"[0, 48, 0, 8, 0, 0, 0, 255]"
67.410366,12,"[0, 48, 4, 0, 0, 0, 0, 255]"
67.411104,12,"[0, 48, 4, 0, 0, 0, 0, 255]"
67.411119,12,"[0, 48, 2, 0, 0, 0, 0, 255]"
67.41124,12,"[0, 48, 2, 0, 0, 0, 0, 255]"
67.411256,12,"[0, 48, 2, 0, 0, 0, 0, 255]"
67.411626,12,"[0, 48, 2, 0, 0, 0, 0, 255]"
67.411846,12,"[0, 48, 2, 0, 0, 0, 0, 255]"
67.411861,12,"[0, 48, 2, 0, 0, 0, 0, 255]"
67.412606,12,"[0, 48, 2, 0, 0, 0, 0, 255]"
67.412622,12,"[0, 48, 2, 0, 0, 0, 0, 255]"
67.412743,12,"[0, 48, 2, 0, 0, 0, 0, 255]"
67.412758,12,"[0, 48, 2, 0, 0, 0, 0, 255]"
67.413063,12,"[0, 48, 2, 0, 0, 0, 0, 255]"
67.41323,12,"[0, 48, 4, 0, 0, 0, 0, 255]"
67.413371,12,"[0, 48, 2, 0, 0, 0, 0, 255]"
67.413589,12,"[0, 48, 2, 0, 0, 0, 0, 255]"
67.413817,12,"[0, 48, 4, 0, 0, 0, 0, 255]"
67.413994,12,"[0, 48, 4, 0, 0, 0, 0, 255]"
67.414215,12,"[0, 48, 2, 0, 0, 0, 0, 255]"
67.414694,12,"[0, 48, 2, 0, 0, 0, 0, 255]"
67.414723,12,"[0, 48, 2, 0, 0, 0, 0, 255]"
67.414863,12,"[0, 48, 2, 0, 0, 0, 0, 255]"
67.415092,12,"[0, 48, 2, 0, 0, 0, 0, 255]"
67.415336,12,"[0, 48, 2, 0, 0, 0, 0, 255]"
67.416089,12,"[0, 48, 4, 0, 0, 0, 0, 255]"
67.416126,12,"[0, 48, 2, 0, 0, 0, 0, 255]"
67.416155,12,"[0, 48, 2, 0, 0, 0, 0, 255]"
67.416492,12,"[0, 48, 4, 0, 0, 0, 0, 255]"
67.416846,12,"[0, 48, 4, 0, 0, 0, 0, 255]"
67.416862,12,"[0, 48, 2, 0, 0, 0, 0, 255]"
67.417538,12,"[0, 48, 2, 0, 0, 0, 0, 255]"
67.417581,12,"[0, 48, 2, 0, 0, 0, 0, 255]"
67.417653,12,"[0, 48, 2, 0, 0, 0, 0, 255]"
67.417668,12,"[0, 48, 2, 0, 0, 0, 0, 255]"
67.418263,12,"[0, 48, 4, 0, 0, 0, 0, 255]"
67.418279,12,"[0, 48, 2, 0, 0, 0, 0, 255]"
67.418401,12,"[0, 48, 2, 0, 0, 0, 0, 255]"
67.418416,12,"[0, 48, 2, 0, 0, 0, 0, 255]"
67.418538,12,"[0, 48, 2, 0, 0, 0, 0, 255]"
67.41873,12,"[0, 48, 2, 0, 0, 0, 0, 255]"
67.419177,12,"[0, 48, 4, 0, 0, 0, 0, 255]"
67.419192,12,"[0, 48, 2, 0, 0, 0, 0, 255]"
67.419354,12,"[0, 48, 2, 0, 0, 0, 0, 255]"
67.419744,12,"[0, 48, 2, 0, 0, 0, 0, 255]"
67.420848,12,"[0, 48, 4, 0, 0, 0, 0, 255]"
67.42115,12,"[0, 48, 2, 0, 0, 0, 0, 255]"
67.421229,12,"[0, 48, 2, 0, 0, 0, 0, 255]"
67.421244,12,"[0, 48, 2, 0, 0, 0, 0, 255]"
67.421421,4,"[0, 76, 0, 0, 0, 0, 0, 126]"
67.421438,33880393,"[16, 34, 5, 15, 188, 106, 136, 71]"
67.421597,12,"[0, 12, 4, 0, 0, 0, 0, 127]"
67.421634,4,"[0, 48, 0, 0, 0, 0, 0, 255]"
67.421676,12,"[0, 48, 4, 0, 0, 0, 0, 255]"
67.421691,12,"[0, 48, 2, 0, 0, 0, 0, 255]"
67.421815,12,"[0, 48, 2, 0, 0, 0, 0, 255]"
67.422026,12,"[0, 48, 2, 0, 0, 0, 0, 255]"
67.422519,12,"[0, 48, 4, 0, 0, 0, 0, 255]"
67.422585,12,"[0, 48, 2, 0, 0, 0, 0, 255]"
67.422613,12,"[0, 48, 2, 0, 0, 0, 0, 255]"
67.422824,12,"[0, 48, 2, 0, 0, 0, 0, 255]"
67.423363,12,"[0, 48, 4, 0, 0, 0, 0, 255]"
67.423405,12,"[0, 48, 2, 0, 0, 0, 0, 255]"
67.423799,12,"[0, 48, 4, 0, 0, 0, 0, 255]"
67.42387,12,"[0, 48, 2, 0, 0, 0, 0, 255]"
67.423965,12,"[0, 48, 2, 0, 0, 0, 0, 255]"
67.424161,12,"[0, 48, 2, 0, 0, 0, 0, 255]"
67.424344,12,"[0, 48, 2, 0, 0, 0, 0, 255]"
67.424566,12,"[0, 48, 4, 0, 0, 0, 0, 255]"
67.424791,12,"[0, 48, 2, 0, 0, 0, 0, 255]"
67.424973,12,"[0, 48, 2, 0, 0, 0, 0, 255]"
67.425191,12,"[0, 48, 2, 0, 0, 0, 0, 255]"
67.426098,12,"[0, 48, 2, 0, 0, 0, 0, 255]"
67.426502,12,"[0, 48, 4, 0, 0, 0, 0, 255]"
67.426539,12,"[0, 48, 2, 0, 0, 0, 0, 255]"
67.426554,12,"[0, 48, 2, 0, 0, 0, 0, 255]"
67.426772,12,"[0, 48, 4, 0, 0, 0, 0, 255]"
67.42759,12,"[0, 48, 4, 0, 0, 0, 0, 255]"
67.427605,12,"[0, 48, 2, 0, 0, 0, 0, 255]"
67.427718,12,"[0, 48, 4, 0, 0, 0, 0, 255]"
67.427733,12,"[0, 48, 2, 0, 0, 0, 0, 255]"
67.427748,12,"[0, 48, 2, 0, 0, 0, 0, 255]"
67.427763,12,"[0, 48, 2, 0, 0, 0, 0, 255]"
67.428209,33880393,"[33, 88, 23, 229, 0, 0, 0, 0]"
67.428222,4,"[0, 76, 0, 0, 0, 0, 0, 126]"
67.428294,12,"[0, 12, 4, 0, 0, 0, 0, 127]"
67.428396,12,"[0, 48, 4, 0, 0, 0, 0, 255]"
67.428618,12,"[0, 48, 2, 0, 0, 0, 0, 255]"
67.42885,12,"[0, 48, 2, 0, 0, 0, 0, 255]"
67.429145,12,"[0, 48, 4, 0, 0, 0, 0, 255]"
67.429335,12,"[0, 48, 2, 0, 0, 0, 0, 255]"
67.429695,12,"[0, 48, 2, 0, 0, 0, 0, 255]"
67.430033,12,"[0, 48, 2, 0, 0, 0, 0, 255]"
67.430168,12,"[0, 48, 4, 0, 0, 0, 0, 255]"
67.431161,12,"[0, 48, 4, 0, 0, 0, 0, 255]"
67.431176,12,"[0, 48, 2, 0, 0, 0, 0, 255]"
67.431191,12,"[0, 48, 2, 0, 0, 0, 0, 255]"
67.431248,12,"[0, 48, 2, 0, 0, 0, 0, 255]"
67.431263,12,"[0, 48, 2, 0, 0, 0, 0, 255]"
67.431279,12,"[0, 48, 2, 0, 0, 0, 0, 255]"
67.431573,12,"[0, 48, 2, 0, 0, 0, 0, 255]"
67.43161,12,"[0, 48, 2, 0, 0, 0, 0, 255]"
67.431835,12,"[0, 48, 2, 0, 0, 0, 0, 255]"
67.432191,12,"[0, 48, 4, 0, 0, 0, 0, 255]"
67.432589,12,"[0, 48, 2, 0, 0, 0, 0, 255]"
67.432604,12,"[0, 48, 2, 0, 0, 0, 0, 255]"
67.432725,12,"[0, 48, 4, 0, 0, 0, 0, 255]"
67.432885,12,"[0, 48, 2, 0, 0, 0, 0, 255]"
67.43311,12,"[0, 48, 2, 0, 0, 0, 0, 255]"
67.433343,33880393,"[34, 0, 0, 0, 0, 0, 165, 40]"
67.433542,12,"[0, 48, 2, 0, 0, 0, 0, 255]"
67.43376,12,"[0, 48, 2, 0, 0, 0, 0, 255]"
67.434089,12,"[0, 48, 2, 0, 0, 0, 0, 255]"
67.434184,12,"[0, 48, 2, 0, 0, 0, 0, 255]"
67.434367,12,"[0, 48, 2, 0, 0, 0, 0, 255]"
67.434552,12,"[0, 48, 2, 0, 0, 0, 0, 255]"
67.43477,12,"[0, 48, 2, 0, 0, 0, 0, 255]"
67.434974,12,"[0, 48, 4, 0, 0, 0, 0, 255]"
67.435155,12,"[0, 48, 2, 0, 0, 0, 0, 255]"
67.435338,12,"[0, 48, 2, 0, 0, 0, 0, 255]"
67.436183,12,"[0, 48, 2, 0, 0, 0, 0, 255]"
67.436587,12,"[0, 48, 2, 0, 0, 0, 0, 255]"
67.436603,12,"[0, 48, 2, 0, 0, 0, 0, 255]"
67.436779,12,"[0, 48, 4, 0, 0, 0, 0, 255]"
67.436794,12,"[0, 48, 2, 0, 0, 0, 0, 255]"
67.436809,12,"[0, 48, 2, 0, 0, 0, 0, 255]"
67.436883,12,"[0, 48, 2, 0, 0, 0, 0, 255]"
67.437504,12,"[0, 48, 4, 0, 0, 0, 0, 255]"
67.437541,12,"[0, 48, 2, 0, 0, 0, 0, 255]"
67.437556,12,"[0, 48, 2, 0, 0, 0, 0, 255]"
67.437759,12,"[0, 48, 2, 0, 0, 0, 0, 255]"
67.438162,33880393,"[35, 215, 25, 37, 255, 162, 87, 253]"
67.438176,4,"[0, 76, 0, 0, 0, 0, 0, 126]"
67.43841,12,"[0, 12, 4, 0, 0, 0, 0, 127]"
67.438621,12,"[0, 48, 2, 0, 0, 0, 0, 255]"
67.438812,12,"[0, 48, 2, 0, 0, 0, 0, 255]"
67.439208,12,"[0, 48, 2, 0, 0, 0, 0, 255]"
67.439674,12,"[0, 48, 4, 0, 0, 0, 0, 255]"
67.439689,12,"[0, 48, 2, 0, 0, 0, 0, 255]"
67.439704,12,"[0, 48, 2, 0, 0, 0, 0, 255]"
67.440089,12,"[0, 48, 2, 0, 0, 0, 0, 255]"
67.441133,12,"[0, 48, 4, 0, 0, 0, 0, 255]"
67.441148,12,"[0, 48, 2, 0, 0, 0, 0, 255]"
67.441241,12,"[0, 48, 4, 0, 0, 0, 0, 255]"
67.44127,12,"[0, 48, 2, 0, 0, 0, 0, 255]"
67.441593,12,"[0, 48, 4, 0, 0, 0, 0, 255]"
67.441623,12,"[0, 48, 2, 0, 0, 0, 0, 255]"
67.441638,12,"[0, 48, 2, 0, 0, 0, 0, 255]"
67.441816,12,"[0, 48, 2, 0, 0, 0, 0, 255]"
67.441831,12,"[0, 48, 2, 0, 0, 0, 0, 255]"
67.441986,12,"[0, 48, 2, 0, 0, 0, 0, 255]"
67.442586,12,"[0, 48, 2, 0, 0, 0, 0, 255]"
67.442601,12,"[0, 48, 2, 0, 0, 0, 0, 255]"
67.442704,12,"[0, 48, 2, 0, 0, 0, 0, 255]"
67.442889,12,"[0, 48, 2, 0, 0, 0, 0, 255]"
67.443095,12,"[0, 48, 2, 0, 0, 0, 0, 255]"
67.44328,12,"[0, 48, 2, 0, 0, 0, 0, 255]"
67.443542,12,"[0, 48, 2, 0, 0, 0, 0, 255]"
67.443967,12,"[0, 48, 4, 0, 0, 0, 0, 255]"
67.444066,12,"[0, 48, 2, 0, 0, 0, 0, 255]"
67.444133,12,"[0, 48, 2, 0, 0, 0, 0, 255]"
67.444548,12,"[0, 48, 4, 0, 0, 0, 0, 255]"
67.444577,12,"[0, 48, 2, 0, 0, 0, 0, 255]"
67.444783,12,"[0, 48, 4, 0, 0, 0, 0, 255]"
67.44499,12,"[0, 48, 4, 0, 0, 0, 0, 255]"
67.445166,12,"[0, 48, 2, 0, 0, 0, 0, 255]"
67.445352,12,"[0, 48, 4, 0, 0, 0, 0, 255]"
67.445584,12,"[0, 48, 4, 0, 0, 0, 0, 255]"
67.445887,4,"[0, 76, 0, 0, 0, 0, 0, 126]"
67.44597,33880405,"[6, 126, 2, 4, 252, 75, 21, 170]"
67.446173,12,"[0, 12, 4, 0, 0, 0, 0, 127]"
67.446329,12,"[0, 48, 4, 0, 0, 0, 0, 255]"
67.446555,12,"[0, 48, 4, 0, 0, 0, 0, 255]"
67.446776,12,"[0, 48, 2, 0, 0, 0, 0, 255]"
67.446953,12,"[0, 48, 2, 0, 0, 0, 0, 255]"
67.447566,12,"[0, 48, 4, 0, 0, 0, 0, 255]"
67.447581,12,"[0, 48, 2, 0, 0, 0, 0, 255]"
67.44767,12,"[0, 48, 2, 0, 0, 0, 0, 255]"
67.447876,12,"[0, 48, 2, 0, 0, 0, 0, 255]"
67.448215,12,"[0, 48, 4, 0, 0, 0, 0, 255]"
67.448282,12,"[0, 48, 2, 0, 0, 0, 0, 255]"
67.448544,12,"[0, 48, 2, 0, 0, 0, 0, 255]"
67.448766,12,"[0, 48, 2, 0, 0, 0, 0, 255]"
67.44912,12,"[0, 48, 4, 0, 0, 0, 0, 255]"
67.449157,12,"[0, 48, 2, 0, 0, 0, 0, 255]"
67.449684,12,"[0, 48, 2, 0, 0, 0, 0, 255]"
67.449699,12,"[0, 48, 2, 0, 0, 0, 0, 255]"
67.449997,12,"[0, 48, 4, 0, 0, 0, 0, 255]"
67.450352,12,"[0, 48, 4, 0, 0, 0, 0, 255]"
67.451176,12,"[0, 48, 2, 0, 0, 0, 0, 255]"
67.451247,12,"[0, 48, 2, 0, 0, 0, 0, 255]"
67.451262,12,"[0, 48, 2, 0, 0, 0, 0, 255]"
67.451279,12,"[0, 48, 2, 0, 0, 0, 0, 255]"
67.451294,12,"[0, 48, 2, 0, 0, 0, 0, 255]"
67.45156,12,"[0, 48, 4, 0, 0, 0, 0, 255]"
67.451589,12,"[0, 48, 2, 0, 0, 0, 0, 255]"
67.451626,12,"[0, 48, 2, 0, 0, 0, 0, 255]"
67.451876,12,"[0, 48, 2, 0, 0, 0, 0, 255]"
67.452023,12,"[0, 48, 2, 0, 0, 0, 0, 255]"
67.452495,4,"[0, 76, 0, 0, 0, 0, 0, 126]"
67.452549,33880405,"[16, 98, 240, 26, 1, 1, 0, 215]"
67.452746,12,"[0, 48, 2, 0, 0, 0, 0, 255]"
67.45296,12,"[0, 48, 2, 0, 0, 0, 0, 255]"
67.453181,12,"[0, 48, 2, 0, 0, 0, 0, 255]"
67.453374,12,"[0, 48, 2, 0, 0, 0, 0, 255]"
67.453592,12,"[0, 48, 2, 0, 0, 0, 0, 255]"
67.454025,12,"[0, 48, 4, 0, 0, 0, 0, 255]"
67.454054,12,"[0, 48, 2, 0, 0, 0, 0, 255]"
67.45429,12,"[0, 48, 4, 0, 0, 0, 0, 255]"
67.454573,12,"[0, 48, 2, 0, 0, 0, 0, 255]"
67.45475,12,"[0, 48, 2, 0, 0, 0, 0, 255]"
67.454964,12,"[0, 48, 2, 0, 0, 0, 0, 255]"
67.455148,12,"[0, 48, 2, 0, 0, 0, 0, 255]"
67.455326,12,"[0, 48, 4, 0, 0, 0, 0, 255]"
67.455551,12,"[0, 48, 4, 0, 0, 0, 0, 255]"
67.456245,12,"[0, 48, 2, 0, 0, 0, 0, 255]"
67.456512,12,"[0, 48, 4, 0, 0, 0, 0, 255]"
67.456527,12,"[0, 48, 2, 0, 0, 0, 0, 255]"
67.456542,12,"[0, 48, 2, 0, 0, 0, 0, 255]"
67.456646,12,"[0, 48, 2, 0, 0, 0, 0, 255]"
67.456867,12,"[0, 48, 2, 0, 0, 0, 0, 255]"
67.457564,12,"[0, 48, 2, 0, 0, 0, 0, 255]"
67.457579,12,"[0, 48, 2, 0, 0, 0, 0, 255]"
67.457701,12,"[0, 48, 2, 0, 0, 0, 0, 255]"
67.457963,12,"[0, 48, 4, 0, 0, 0, 0, 255]"
67.458402,12,"[0, 48, 4, 0, 0, 0, 0, 255]"
67.458417,12,"[0, 48, 2, 0, 0, 0, 0, 255]"
67.458432,12,"[0, 48, 2, 0, 0, 0, 0, 255]"
67.458547,12,"[0, 48, 2, 0, 0, 0, 0, 255]"
67.458761,12,"[0, 48, 2, 0, 0, 0, 0, 255]"
67.459137,12,"[0, 48, 4, 0, 0, 0, 0, 255]"
67.459248,12,"[0, 48, 2, 0, 0, 0, 0, 255]"
67.459702,12,"[0, 48, 2, 0, 0, 0, 0, 255]"
67.460268,12,"[0, 48, 2, 0, 0, 0, 0, 255]"
67.460284,12,"[0, 48, 2, 0, 0, 0, 0, 255]"
67.46042,12,"[0, 48, 4, 0, 0, 0, 0, 255]"
67.460778,12,"[0, 48, 4, 0, 0, 0, 0, 255]"
67.461138,12,"[0, 48, 4, 0, 0, 0, 0, 255]"
67.461175,12,"[0, 48, 2, 0, 0, 0, 0, 255]"
67.461276,12,"[0, 48, 4, 0, 0, 0, 0, 255]"
67.461305,12,"[0, 48, 2, 0, 0, 0, 0, 255]"
67.461386,12,"[0, 48, 2, 0, 0, 0, 0, 255]"
67.46159,12,"[0, 48, 4, 0, 0, 0, 0, 255]"
67.461789,12,"[0, 48, 2, 0, 0, 0, 0, 255]"
67.462002,12,"[0, 48, 2, 0, 0, 0, 0, 255]"
67.462552,12,"[0, 48, 2, 0, 0, 0, 0, 255]"
67.462567,12,"[0, 48, 2, 0, 0, 0, 0, 255]"
67.462642,12,"[0, 48, 2, 0, 0, 0, 0, 255]"
67.462863,12,"[0, 48, 2, 0, 0, 0, 0, 255]"
67.463089,12,"[0, 48, 4, 0, 0, 0, 0, 255]"
67.463282,12,"[0, 48, 2, 0, 0, 0, 0, 255]"
67.463466,12,"[0, 48, 2, 0, 0, 0, 0, 255]"
67.463699,4,"[0, 76, 0, 0, 0, 0, 0, 126]"
67.463896,33880405,"[33, 0, 0, 25, 1, 0, 20, 0]"
67.46413,12,"[0, 48, 4, 0, 0, 0, 0, 255]"
67.464352,12,"[0, 48, 2, 0, 0, 0, 0, 255]"
67.46457,12,"[0, 48, 4, 0, 0, 0, 0, 255]"
67.464769,12,"[0, 48, 2, 0, 0, 0, 0, 255]"
67.465025,12,"[0, 48, 4, 0, 0, 0, 0, 255]"
67.465194,12,"[0, 48, 2, 0, 0, 0, 0, 255]"
67.465402,12,"[0, 48, 4, 0, 0, 0, 0, 255]"
67.465627,12,"[0, 48, 4, 0, 0, 0, 0, 255]"
67.466207,12,"[0, 48, 2, 0, 0, 0, 0, 255]"
67.466492,12,"[0, 48, 4, 0, 0, 0, 0, 255]"
67.466525,12,"[0, 48, 2, 0, 0, 0, 0, 255]"
67.46654,12,"[0, 48, 2, 0, 0, 0, 0, 255]"
67.466849,12,"[0, 48, 2, 0, 0, 0, 0, 255]"
67.466893,12,"[0, 48, 2, 0, 0, 0, 0, 255]"
67.46758,12,"[0, 48, 2, 0, 0, 0, 0, 255]"
67.467595,12,"[0, 48, 2, 0, 0, 0, 0, 255]"
67.467638,12,"[0, 48, 2, 0, 0, 0, 0, 255]"
67.467755,12,"[0, 48, 2, 0, 0, 0, 0, 255]"
67.468401,12,"[0, 48, 2, 0, 0, 0, 0, 255]"
67.468416,12,"[0, 48, 2, 0, 0, 0, 0, 255]"
67.468431,12,"[0, 48, 2, 0, 0, 0, 0, 255]"
67.468573,12,"[0, 48, 2, 0, 0, 0, 0, 255]"
67.468798,12,"[0, 48, 2, 0, 0, 0, 0, 255]"
67.469016,12,"[0, 48, 2, 0, 0, 0, 0, 255]"
67.46927,12,"[0, 48, 2, 0, 0, 0, 0, 255]"
67.46975,12,"[0, 48, 2, 0, 0, 0, 0, 255]"
67.470024,12,"[0, 48, 4, 0, 0, 0, 0, 255]"
67.470061,12,"[0, 48, 2, 0, 0, 0, 0, 255]"
67.47028,12,"[0, 48, 4, 0, 0, 0, 0, 255]"
67.471153,12,"[0, 48, 4, 0, 0, 0, 0, 255]"
67.471181,12,"[0, 48, 2, 0, 0, 0, 0, 255]"
67.471197,12,"[0, 48, 2, 0, 0, 0, 0, 255]"
67.471262,12,"[0, 48, 2, 0, 0, 0, 0, 255]"
67.471278,12,"[0, 48, 2, 0, 0, 0, 0, 255]"
67.471293,12,"[0, 48, 2, 0, 0, 0, 0, 255]"
67.471544,12,"[0, 48, 2, 0, 0, 0, 0, 255]"
67.471852,12,"[0, 48, 2, 0, 0, 0, 0, 255]"
67.471984,12,"[0, 48, 2, 0, 0, 0, 0, 255]"
67.472557,12,"[0, 48, 2, 0, 0, 0, 0, 255]"
67.472572,12,"[0, 48, 2, 0, 0, 0, 0, 255]"
67.472701,12,"[0, 48, 4, 0, 0, 0, 0, 255]"
67.472853,12,"[0, 48, 2, 0, 0, 0, 0, 255]"
67.473035,12,"[0, 48, 4, 0, 0, 0, 0, 255]"
67.473275,12,"[0, 48, 4, 0, 0, 0, 0, 255]"
67.473457,12,"[0, 48, 4, 0, 0, 0, 0, 255]"
67.473635,12,"[0, 48, 2, 0, 0, 0, 0, 255]"
67.473861,12,"[0, 48, 4, 0, 0, 0, 0, 255]"
67.474093,12,"[0, 48, 4, 0, 0, 0, 0, 255]"
67.474326,12,"[0, 48, 2, 0, 0, 0, 0, 255]"
67.474548,12,"[0, 48, 4, 0, 0, 0, 0, 255]"
67.474737,12,"[0, 48, 2, 0, 0, 0, 0, 255]"
67.47494,12,"[0, 48, 2, 0, 0, 0, 0, 255]"
67.475151,12,"[0, 48, 2, 0, 0, 0, 0, 255]"
67.475334,12,"[0, 48, 2, 0, 0, 0, 0, 255]"
67.476052,12,"[0, 48, 4, 0, 0, 0, 0, 255]"
67.476081,12,"[0, 48, 2, 0, 0, 0, 0, 255]"
67.476118,12,"[0, 48, 2, 0, 0, 0, 0, 255]"
67.476244,12,"[0, 48, 4, 0, 0, 0, 0, 255]"
67.476354,12,"[0, 48, 4, 0, 0, 0, 0, 255]"
67.476548,12,"[0, 48, 4, 0, 0, 0, 0, 255]"
67.476751,12,"[0, 48, 2, 0, 0, 0, 0, 255]"
67.476962,12,"[0, 48, 2, 0, 0, 0, 0, 255]"
67.477194,12,"[0, 48, 2, 0, 0, 0, 0, 255]"
67.47757,12,"[0, 48, 4, 0, 0, 0, 0, 255]"
67.477598,12,"[0, 48, 2, 0, 0, 0, 0, 255]"
67.477787,12,"[0, 48, 2, 0, 0, 0, 0, 255]"
67.478419,12,"[0, 48, 2, 0, 0, 0, 0, 255]"
67.478434,12,"[0, 48, 2, 0, 0, 0, 0, 255]"
67.478449,12,"[0, 48, 2, 0, 0, 0, 0, 255]"
67.478577,12,"[0, 48, 2, 0, 0, 0, 0, 255]"
67.478817,12,"[0, 48, 2, 0, 0, 0, 0, 255]"
67.479035,12,"[0, 48, 2, 0, 0, 0, 0, 255]"
67.479267,12,"[0, 48, 2, 0, 0, 0, 0, 255]"
67.479754,12,"[0, 48, 2, 0, 0, 0, 0, 255]"
67.480042,12,"[0, 48, 2, 0, 0, 0, 0, 255]"
67.480079,12,"[0, 48, 2, 0, 0, 0, 0, 255]"
67.480312,12,"[0, 48, 4, 0, 0, 0, 0, 255]"
67.481199,12,"[0, 48, 2, 0, 0, 0, 0, 255]"
67.481214,12,"[0, 48, 2, 0, 0, 0, 0, 255]"
67.481285,12,"[0, 48, 2, 0, 0, 0, 0, 255]"
67.481508,12,"[0, 48, 4, 0, 0, 0, 0, 255]"
67.481523,12,"[0, 48, 2, 0, 0, 0, 0, 255]"
67.481552,12,"[0, 48, 2, 0, 0, 0, 0, 255]"
67.48185,12,"[0, 48, 2, 0, 0, 0, 0, 255]"
67.482548,12,"[0, 48, 2, 0, 0, 0, 0, 255]"
67.482563,12,"[0, 48, 2, 0, 0, 0, 0, 255]"
67.482592,12,"[0, 48, 2, 0, 0, 0, 0, 255]"
67.482635,12,"[0, 48, 2, 0, 0, 0, 0, 255]"
67.482766,12,"[0, 48, 2, 0, 0, 0, 0, 255]"
67.483102,12,"[0, 48, 4, 0, 0, 0, 0, 255]"
67.483176,12,"[0, 48, 2, 0, 0, 0, 0, 255]"
67.483351,12,"[0, 48, 2, 0, 0, 0, 0, 255]"
67.483573,12,"[0, 48, 2, 0, 0, 0, 0, 255]"
67.483807,33880405,"[37, 97, 108, 111, 110, 32, 70, 88]"
67.484026,4,"[0, 76, 0, 0, 0, 0, 0, 126]"
67.484217,12,"[0, 48, 2, 0, 0, 0, 0, 255]"
67.484439,12,"[0, 48, 2, 0, 0, 0, 0, 255]"
67.484679,12,"[0, 48, 2, 0, 0, 0, 0, 255]"
67.484893,12,"[0, 48, 2, 0, 0, 0, 0, 255]"
67.485136,12,"[0, 48, 2, 0, 0, 0, 0, 255]"
67.485321,12,"[0, 48, 2, 0, 0, 0, 0, 255]"
67.486068,12,"[0, 48, 4, 0, 0, 0, 0, 255]"
67.486125,12,"[0, 48, 2, 0, 0, 0, 0, 255]"
67.486577,12,"[0, 48, 2, 0, 0, 0, 0, 255]"
67.486592,12,"[0, 48, 2, 0, 0, 0, 0, 255]"
67.486784,12,"[0, 48, 4, 0, 0, 0, 0, 255]"
67.48718,12,"[0, 48, 4, 0, 0, 0, 0, 255]"
67.487457,12,"[0, 48, 4, 0, 0, 0, 0, 255]"
67.487653,12,"[0, 48, 4, 0, 0, 0, 0, 255]"
67.487682,12,"[0, 48, 2, 0, 0, 0, 0, 255]"
67.487789,12,"[0, 48, 4, 0, 0, 0, 0, 255]"
67.487805,12,"[0, 48, 2, 0, 0, 0, 0, 255]"
67.48782,12,"[0, 48, 2, 0, 0, 0, 0, 255]"
67.487953,12,"[0, 48, 2, 0, 0, 0, 0, 255]"
67.488393,12,"[0, 48, 4, 0, 0, 0, 0, 255]"
67.488408,12,"[0, 48, 2, 0, 0, 0, 0, 255]"
67.488552,12,"[0, 48, 2, 0, 0, 0, 0, 255]"
67.488759,12,"[0, 48, 2, 0, 0, 0, 0, 255]"
67.48898,12,"[0, 48, 4, 0, 0, 0, 0, 255]"
67.489194,12,"[0, 48, 2, 0, 0, 0, 0, 255]"
67.489401,12,"[0, 48, 2, 0, 0, 0, 0, 255]"
67.489817,12,"[0, 48, 2, 0, 0, 0, 0, 255]"
67.489832,12,"[0, 48, 2, 0, 0, 0, 0, 255]"
67.490053,12,"[0, 48, 2, 0, 0, 0, 0, 255]"
67.490275,12,"[0, 48, 2, 0, 0, 0, 0, 255]"
67.491124,12,"[0, 48, 4, 0, 0, 0, 0, 255]"
67.491139,12,"[0, 48, 2, 0, 0, 0, 0, 255]"
67.491154,12,"[0, 48, 2, 0, 0, 0, 0, 255]"
67.491225,12,"[0, 48, 2, 0, 0, 0, 0, 255]"
67.491344,12,"[0, 48, 2, 0, 0, 0, 0, 255]"
67.491632,12,"[0, 48, 4, 0, 0, 0, 0, 255]"
67.491772,12,"[0, 48, 2, 0, 0, 0, 0, 255]"
67.491979,12,"[0, 48, 2, 0, 0, 0, 0, 255]"
67.492577,12,"[0, 48, 2, 0, 0, 0, 0, 255]"
67.492592,12,"[0, 48, 2, 0, 0, 0, 0, 255]"
67.492607,12,"[0, 48, 2, 0, 0, 0, 0, 255]"
67.492784,12,"[0, 48, 2, 0, 0, 0, 0, 255]"
67.493102,12,"[0, 48, 4, 0, 0, 0, 0, 255]"
67.493205,12,"[0, 48, 2, 0, 0, 0, 0, 255]"
67.493383,12,"[0, 48, 2, 0, 0, 0, 0, 255]"
67.493601,12,"[0, 48, 2, 0, 0, 0, 0, 255]"
67.494084,12,"[0, 48, 4, 0, 0, 0, 0, 255]"
67.494113,12,"[0, 48, 2, 0, 0, 0, 0, 255]"
67.494298,12,"[0, 48, 2, 0, 0, 0, 0, 255]"
67.494553,12,"[0, 48, 2, 0, 0, 0, 0, 255]"
67.494767,12,"[0, 48, 2, 0, 0, 0, 0, 255]"
67.49498,12,"[0, 48, 2, 0, 0, 0, 0, 255]"
67.495165,12,"[0, 48, 2, 0, 0, 0, 0, 255]"
67.495401,12,"[0, 48, 2, 0, 0, 0, 0, 255]"
67.496055,12,"[0, 48, 4, 0, 0, 0, 0, 255]"
67.496084,12,"[0, 48, 2, 0, 0, 0, 0, 255]"
67.496099,12,"[0, 48, 2, 0, 0, 0, 0, 255]"
67.496565,12,"[0, 48, 2, 0, 0, 0, 0, 255]"
67.496581,12,"[0, 48, 2, 0, 0, 0, 0, 255]"
67.496758,12,"[0, 48, 2, 0, 0, 0, 0, 255]"
67.496825,12,"[0, 48, 2, 0, 0, 0, 0, 255]"
67.497558,12,"[0, 48, 2, 0, 0, 0, 0, 255]"
67.497574,12,"[0, 48, 2, 0, 0, 0, 0, 255]"
67.497687,12,"[0, 48, 2, 0, 0, 0, 0, 255]"
67.497769,12,"[0, 48, 2, 0, 0, 0, 0, 255]"
67.49813,12,"[0, 48, 4, 0, 0, 0, 0, 255]"
67.498223,12,"[0, 48, 4, 0, 0, 0, 0, 255]"
67.498342,12,"[0, 48, 2, 0, 0, 0, 0, 255]"
67.49856,12,"[0, 48, 2, 0, 0, 0, 0, 255]"
67.498781,12,"[0, 48, 2, 0, 0, 0, 0, 255]"
67.498965,12,"[0, 48, 2, 0, 0, 0, 0, 255]"
67.49925,12,"[0, 48, 4, 0, 0, 0, 0, 255]"
67.499435,12,"[0, 48, 2, 0, 0, 0, 0, 255]"
67.499835,12,"[0, 48, 2, 0, 0, 0, 0, 255]"
67.500083,12,"[0, 48, 2, 0, 0, 0, 0, 255]"
67.500247,12,"[0, 48, 2, 0, 0, 0, 0, 255]"
67.501141,12,"[0, 48, 4, 0, 0, 0, 0, 255]"
67.50117,12,"[0, 48, 2, 0, 0, 0, 0, 255]"
67.501208,12,"[0, 48, 2, 0, 0, 0, 0, 255]"
67.50128,12,"[0, 48, 2, 0, 0, 0, 0, 255]"
67.501295,12,"[0, 48, 2, 0, 0, 0, 0, 255]"
67.501598,12,"[0, 48, 2, 0, 0, 0, 0, 255]"
67.501832,12,"[0, 48, 2, 0, 0, 0, 0, 255]"
67.502572,12,"[0, 48, 4, 0, 0, 0, 0, 255]"
67.502615,12,"[0, 48, 2, 0, 0, 0, 0, 255]"
67.502644,12,"[0, 48, 2, 0, 0, 0, 0, 255]"
67.502716,12,"[0, 48, 2, 0, 0, 0, 0, 255]"
67.502731,12,"[0, 48, 2, 0, 0, 0, 0, 255]"
67.503113,12,"[0, 48, 2, 0, 0, 0, 0, 255]"
67.503278,12,"[0, 48, 4, 0, 0, 0, 0, 255]"
67.503293,12,"[0, 48, 2, 0, 0, 0, 0, 255]"
67.503443,12,"[0, 48, 4, 0, 0, 0, 0, 255]"
67.503458,12,"[0, 48, 2, 0, 0, 0, 0, 255]"
67.503602,12,"[0, 48, 2, 0, 0, 0, 0, 255]"
67.503832,33880405,"[41, 0, 0, 0, 67, 84, 82, 32]"
67.504051,12,"[0, 48, 4, 0, 0, 0, 0, 255]"
67.504288,12,"[0, 48, 2, 0, 0, 0, 0, 255]"
67.504547,12,"[0, 48, 2, 0, 0, 0, 0, 255]"
67.504702,12,"[0, 48, 2, 0, 0, 0, 0, 255]"
67.504901,12,"[0, 48, 4, 0, 0, 0, 0, 255]"
67.505092,12,"[0, 48, 2, 0, 0, 0, 0, 255]"
67.505314,12,"[0, 48, 2, 0, 0, 0, 0, 255]"
67.506118,12,"[0, 48, 4, 0, 0, 0, 0, 255]"
67.506133,12,"[0, 48, 2, 0, 0, 0, 0, 255]"
67.50659,12,"[0, 48, 2, 0, 0, 0, 0, 255]"
67.50662,12,"[0, 48, 2, 0, 0, 0, 0, 255]"
67.506811,12,"[0, 48, 4, 0, 0, 0, 0, 255]"
67.506826,12,"[0, 48, 2, 0, 0, 0, 0, 255]"
67.506871,12,"[0, 48, 2, 0, 0, 0, 0, 255]"
67.507554,12,"[0, 48, 4, 0, 0, 0, 0, 255]"
67.507583,12,"[0, 48, 2, 0, 0, 0, 0, 255]"
67.507761,12,"[0, 48, 2, 0, 0, 0, 0, 255]"
67.507776,12,"[0, 48, 2, 0, 0, 0, 0, 255]"
67.508261,12,"[0, 48, 4, 0, 0, 0, 0, 255]"
67.508355,12,"[0, 48, 4, 0, 0, 0, 0, 255]"
67.508412,12,"[0, 48, 2, 0, 0, 0, 0, 255]"
67.508549,12,"[0, 48, 2, 0, 0, 0, 0, 255]"
67.508748,12,"[0, 48, 2, 0, 0, 0, 0, 255]"
67.50894,12,"[0, 48, 2, 0, 0, 0, 0, 255]"
67.509176,12,"[0, 48, 2, 0, 0, 0, 0, 255]"
67.509354,12,"[0, 48, 2, 0, 0, 0, 0, 255]"
67.50979,12,"[0, 48, 4, 0, 0, 0, 0, 255]"
67.509806,12,"[0, 48, 2, 0, 0, 0, 0, 255]"
67.510124,12,"[0, 48, 4, 0, 0, 0, 0, 255]"
67.510152,12,"[0, 48, 2, 0, 0, 0, 0, 255]"
67.51036,12,"[0, 48, 2, 0, 0, 0, 0, 255]"
67.511169,12,"[0, 48, 4, 0, 0, 0, 0, 255]"
67.511213,12,"[0, 48, 2, 0, 0, 0, 0, 255]"
67.511228,12,"[0, 48, 2, 0, 0, 0, 0, 255]"
67.5113,12,"[0, 48, 2, 0, 0, 0, 0, 255]"
67.511337,12,"[0, 48, 2, 0, 0, 0, 0, 255]"
67.511577,12,"[0, 48, 4, 0, 0, 0, 0, 255]"
67.511783,12,"[0, 48, 2, 0, 0, 0, 0, 255]"
67.51196,12,"[0, 48, 2, 0, 0, 0, 0, 255]"
67.512596,12,"[0, 48, 4, 0, 0, 0, 0, 255]"
67.512611,12,"[0, 48, 2, 0, 0, 0, 0, 255]"
67.512626,12,"[0, 48, 2, 0, 0, 0, 0, 255]"
67.512818,12,"[0, 48, 2, 0, 0, 0, 0, 255]"
67.513003,12,"[0, 48, 4, 0, 0, 0, 0, 255]"
67.513224,12,"[0, 48, 2, 0, 0, 0, 0, 255]"
67.513531,12,"[0, 48, 2, 0, 0, 0, 0, 255]"
67.513691,12,"[0, 48, 2, 0, 0, 0, 0, 255]"
67.51393,33880405,"[43, 110, 105, 99, 115, 0, 0, 0]"
67.514161,12,"[0, 48, 2, 0, 0, 0, 0, 255]"
67.514343,12,"[0, 48, 2, 0, 0, 0, 0, 255]"
