timestamp,id,data
1759.596696,33828163,"[252, 127, 0, 192, 83, 19, 26, 24]"
1759.597271,16848960,"[112, 153, 74, 252, 0, 0, 0, 255]"
1759.597842,33828291,"[0, 0, 224, 251, 255, 255, 0, 0]"
1759.598467,33929349,"[246, 124, 160, 51, 0, 0, 0, 128]"
1759.599028,33828419,"[0, 0, 0, 0, 0, 0, 0, 128]"
1759.599569,33828547,"[0, 0, 4, 0, 0, 0, 0, 0]"
1759.600101,33880390,"[42, 69, 108, 101, 99, 116, 114, 111]"
1759.600707,33827908,"[0, 0, 0, 98, 0, 16, 1, 0]"
1759.601296,33827906,"[0, 0, 0, 98, 0, 16, 233, 255]"
1759.601873,33929225,"[0, 0, 153, 6, 0, 23, 32, 0]"
1759.602448,352595220,"[8, 0, 0, 80, 255, 8, 128, 1]"
1759.603027,33827907,"[0, 0, 0, 226, 0, 16, 14, 0]"
1759.604527,33880390,"[43, 110, 105, 99, 115, 0, 0, 0]"
1759.604684,134551573,"[0, 0, 0, 0, 0, 0, 0, 0]"
1759.604828,134551637,"[0, 0, 0, 0, 0, 0, 0, 192]"
1759.605326,134551701,"[0, 0, 0, 64, 0, 0, 0, 192]"
1759.606032,134551765,"[0, 0, 112, 0, 0, 0, 0, 240]"
1759.606551,134551829,"[37, 38, 24, 250, 0, 192, 125, 0]"
1759.607172,33888256,"[0, 0, 0, 0, 128, 3, 16, 0]"
1759.607782,33929223,"[0, 0, 124, 6, 0, 24, 48, 0]"
1759.608406,33929351,"[0, 0, 0, 128, 0, 0, 0, 128]"
1759.60903,33929216,"[0, 0, 169, 6, 0, 24, 0, 0]"
1759.609628,33827908,"[0, 0, 0, 98, 0, 16, 248, 255]"
1759.610229,33880390,"[44, 0, 0, 0, 0, 0, 0, 0]"
1759.610846,33828292,"[0, 0, 224, 8, 0, 0, 0, 0]"
1759.611454,33828290,"[0, 0, 64, 7, 0, 0, 0, 0]"
1759.612076,33929225,"[0, 0, 151, 6, 0, 23, 32, 0]"
1759.612686,33828289,"[0, 0, 128, 248, 255, 255, 0, 0]"
1759.613308,352601940,"[0, 0, 0, 0, 0, 96, 4, 0]"
1759.613911,352596244,"[34, 1, 211, 0, 32, 127, 0, 0]"
1759.614533,33828291,"[0, 0, 224, 251, 255, 255, 0, 0]"
1759.615134,352596820,"[0, 0, 0, 0, 0, 0, 0, 0]"
1759.615758,33888512,"[0, 0, 0, 0, 0, 0, 0, 0]"
1759.616358,33929226,"[0, 0, 168, 6, 0, 23, 32, 0]"
1759.61703,33888256,"[0, 0, 0, 0, 128, 3, 16, 0]"
1759.617579,33888448,"[0, 0, 0, 0, 0, 0, 0, 0]"
1759.618197,16848960,"[112, 153, 74, 252, 0, 0, 0, 255]"
1759.619474,33827908,"[0, 0, 0, 98, 0, 16, 236, 255]"
1759.619604,33880390,"[46, 19, 170, 170, 170, 170, 170, 170]"
1759.620027,33827906,"[0, 0, 0, 98, 0, 16, 232, 255]"
1759.620643,33827905,"[0, 0, 0, 226, 0, 16, 234, 255]"
1759.621247,33929225,"[0, 0, 152, 6, 0, 23, 32, 0]"
1759.621875,352595220,"[8, 0, 0, 80, 255, 8, 128, 1]"
1759.622482,33888704,"[0, 0, 0, 0, 0, 0, 0, 0]"
1759.6231,33827907,"[0, 0, 0, 226, 0, 16, 249, 255]"
1759.623702,262271,"[52, 94, 170, 125, 113, 227, 211, 30]"
1759.624659,134551573,"[0, 0, 0, 0, 0, 0, 0, 0]"
1759.624916,33929288,"[0, 0, 0, 0, 0, 64, 0, 0]"
1759.625542,33929290,"[0, 0, 0, 0, 0, 64, 0, 0]"
1759.626138,134551637,"[0, 0, 0, 0, 0, 0, 0, 192]"
1759.626751,134551829,"[37, 38, 24, 250, 0, 192, 125, 0]"
1759.627355,33888256,"[0, 0, 0, 0, 128, 3, 16, 0]"
1759.628031,33880326,"[1, 187, 170, 170, 170, 170, 170, 170]"
1759.628579,33929223,"[0, 0, 124, 6, 0, 24, 48, 0]"
1759.629198,33880390,"[6, 251, 1, 163, 115, 5, 0, 170]"
1759.629804,33929351,"[0, 0, 0, 128, 0, 0, 0, 128]"
1759.630422,33929216,"[0, 0, 168, 6, 0, 24, 0, 0]"
1759.631033,33929224,"[0, 0, 169, 6, 0, 24, 48, 0]"
1759.631653,33929353,"[0, 0, 0, 0, 236, 140, 136, 63]"
1759.63225,33929225,"[0, 0, 152, 6, 0, 23, 32, 0]"
1759.632834,33929350,"[0, 0, 0, 128, 0, 0, 0, 128]"
1759.633438,352596180,"[241, 159, 6, 192, 253, 3, 0, 5]"
1759.634049,33827907,"[0, 0, 0, 226, 0, 16, 7, 0]"
1759.635026,33828291,"[0, 0, 224, 251, 255, 255, 0, 0]"
1759.636277,33888320,"[0, 0, 0, 0, 30, 51, 6, 0]"
1759.636747,33929226,"[0, 0, 168, 6, 0, 23, 32, 0]"
1759.637243,33888256,"[0, 0, 0, 0, 128, 3, 16, 0]"
1759.637655,33880326,"[1, 200, 170, 170, 170, 170, 170, 170]"
1759.638165,33880390,"[16, 12, 8, 0, 9, 70, 76, 32]"
1759.638713,16848960,"[112, 153, 74, 252, 0, 0, 0, 255]"
1759.639401,33827908,"[0, 0, 0, 98, 0, 16, 242, 255]"
1759.639892,33827906,"[0, 0, 0, 98, 0, 16, 243, 255]"
1759.640581,33827905,"[0, 0, 0, 226, 0, 16, 248, 255]"
1759.6411,33929225,"[0, 0, 152, 6, 0, 23, 32, 0]"
1759.641711,352595220,"[8, 0, 0, 80, 255, 8, 128, 1]"
1759.642383,33827907,"[0, 0, 0, 226, 0, 16, 22, 0]"
1759.6429,33880326,"[48, 0, 5, 170, 170, 170, 170, 170]"
1759.644657,134551573,"[0, 0, 0, 0, 0, 0, 0, 0]"
1759.644801,134551637,"[0, 0, 0, 0, 0, 0, 0, 192]"
1759.644945,134551701,"[0, 0, 0, 64, 0, 0, 0, 192]"
1759.645257,134551765,"[0, 0, 112, 0, 0, 0, 0, 240]"
1759.645877,134551829,"[37, 38, 24, 250, 0, 192, 125, 0]"
1759.646476,33888256,"[0, 0, 0, 0, 128, 3, 16, 0]"
1759.64719,33929223,"[0, 0, 124, 6, 0, 24, 48, 0]"
1759.648195,33929351,"[0, 0, 0, 128, 0, 0, 0, 128]"
1759.648559,33880390,"[33, 75, 114, 97, 107, 101, 110, 170]"
1759.648934,33929216,"[0, 0, 168, 6, 0, 24, 0, 0]"
1759.649553,33827908,"[0, 0, 0, 98, 0, 16, 1, 0]"
1759.650155,33828292,"[0, 0, 224, 8, 0, 0, 0, 0]"
1759.65075,33929224,"[0, 0, 169, 6, 0, 24, 48, 0]"
1759.651288,33929352,"[0, 0, 0, 128, 0, 0, 0, 128]"
1759.651919,33929225,"[0, 0, 152, 6, 0, 23, 32, 0]"
1759.65252,33929222,"[0, 0, 161, 6, 0, 24, 48, 0]"
1759.653149,33929221,"[0, 0, 133, 6, 0, 24, 48, 0]"
1759.653759,33827907,"[0, 0, 0, 226, 0, 16, 37, 0]"
1759.654381,33828291,"[0, 0, 224, 251, 255, 255, 0, 0]"
1759.655031,33888320,"[0, 0, 0, 0, 30, 50, 6, 0]"
1759.655613,33888512,"[0, 0, 0, 0, 0, 0, 0, 0]"
1759.656214,33929226,"[0, 0, 168, 6, 0, 23, 32, 0]"
1759.656824,33880327,"[2, 62, 0, 170, 170, 170, 170, 170]"
1759.657333,33888256,"[0, 0, 0, 0, 128, 3, 16, 0]"
1759.658808,16848960,"[112, 153, 74, 252, 0, 0, 0, 255]"
1759.659455,33827908,"[0, 0, 0, 98, 0, 16, 247, 255]"
1759.659781,33827906,"[0, 0, 0, 98, 0, 16, 225, 255]"
1759.660431,33827905,"[0, 0, 0, 226, 0, 16, 227, 255]"
1759.6607,33929225,"[0, 0, 152, 6, 0, 23, 32, 0]"
1759.661465,352595220,"[8, 0, 0, 80, 255, 8, 128, 1]"
1759.661665,33880327,"[1, 176, 170, 170, 170, 170, 170, 170]"
1759.662133,33880391,"[16, 98, 240, 26, 1, 1, 0, 253]"
1759.662607,33827907,"[0, 0, 0, 226, 0, 16, 24, 0]"
1759.664653,134551573,"[0, 0, 0, 0, 0, 0, 0, 0]"
1759.664805,134551637,"[0, 0, 0, 0, 0, 0, 0, 192]"
1759.664949,134551701,"[0, 0, 0, 64, 0, 0, 0, 192]"
1759.665097,134551765,"[0, 0, 112, 0, 0, 0, 0, 240]"
1759.66534,134551829,"[40, 38, 24, 250, 0, 192, 125, 0]"
1759.667285,262271,"[52, 94, 169, 121, 219, 179, 255, 193]"
1759.667726,33888256,"[0, 0, 0, 0, 128, 3, 16, 0]"
1759.668093,33929223,"[0, 0, 124, 6, 0, 24, 48, 0]"
1759.668433,33880327,"[48, 0, 5, 170, 170, 170, 170, 170]"
1759.668758,33929351,"[0, 0, 0, 128, 0, 0, 0, 128]"
1759.66906,33929216,"[0, 0, 169, 6, 0, 24, 0, 0]"
1759.669535,33827908,"[0, 0, 0, 98, 0, 16, 242, 255]"
1759.669684,33929353,"[0, 0, 0, 0, 236, 140, 136, 63]"
1759.66994,33828292,"[0, 0, 224, 8, 0, 0, 0, 0]"
1759.670177,33827906,"[0, 0, 0, 98, 0, 16, 240, 255]"
1759.670409,33929224,"[0, 0, 169, 6, 0, 24, 48, 0]"
1759.670685,33828290,"[0, 0, 64, 7, 0, 0, 0, 0]"
1759.670946,33929352,"[0, 0, 0, 128, 0, 0, 0, 128]"
1759.671176,33929225,"[0, 0, 152, 6, 0, 23, 32, 0]"
1759.671408,33828289,"[0, 0, 128, 248, 255, 255, 0, 0]"
1759.671662,33929222,"[0, 0, 161, 6, 0, 24, 48, 0]"
1759.67193,33929350,"[0, 0, 0, 128, 0, 0, 0, 128]"
1759.67216,352596180,"[241, 159, 6, 192, 253, 3, 0, 5]"
1759.672414,33929285,"[0, 0, 0, 0, 0, 64, 0, 0]"
1759.672668,33929349,"[246, 124, 160, 51, 0, 0, 0, 128]"
1759.6729,33827907,"[0, 0, 0, 226, 0, 16, 15, 0]"
1759.67318,33828291,"[0, 0, 224, 251, 255, 255, 0, 0]"
1759.673765,33880391,"[33, 0, 0, 42, 1, 0, 25, 0]"
1759.67405,33888320,"[0, 0, 0, 0, 30, 51, 6, 0]"
1759.674285,33888384,"[0, 0, 0, 0, 0, 0, 0, 0]"
1759.674546,33888512,"[0, 0, 0, 0, 0, 0, 0, 0]"
1759.674841,33929226,"[0, 0, 169, 6, 0, 23, 32, 0]"
1759.676025,33888256,"[0, 0, 0, 0, 128, 3, 16, 0]"
1759.6779,33880391,"[34, 9, 10, 233, 7, 3, 4, 30]"
1759.679401,33827908,"[0, 0, 0, 98, 0, 16, 238, 255]"
1759.679701,16848960,"[112, 153, 74, 252, 0, 0, 0, 255]"
1759.679845,33827906,"[0, 0, 0, 98, 0, 16, 231, 255]"
1759.680448,33827905,"[0, 0, 0, 226, 0, 16, 248, 255]"
1759.680663,33929225,"[0, 0, 153, 6, 0, 23, 32, 0]"
1759.683065,352595220,"[8, 0, 0, 80, 255, 8, 128, 1]"
1759.683801,33827907,"[0, 0, 0, 226, 0, 16, 14, 0]"
1759.68434,33880391,"[35, 4, 0, 0, 0, 128, 0, 224]"
1759.684866,134551573,"[0, 0, 0, 0, 0, 0, 0, 0]"
1759.685377,134551637,"[0, 0, 0, 0, 0, 0, 0, 192]"
1759.685904,134551701,"[0, 0, 0, 64, 0, 0, 0, 192]"
1759.686414,134551829,"[40, 38, 24, 250, 0, 192, 125, 0]"
1759.686934,33888256,"[0, 0, 0, 0, 128, 3, 16, 0]"
1759.687399,33929223,"[0, 0, 124, 6, 0, 24, 48, 0]"
1759.687907,33880391,"[36, 171, 0, 106, 25, 14, 0, 84]"
1759.688415,33929351,"[0, 0, 0, 128, 0, 0, 0, 128]"
1759.688922,33929216,"[0, 0, 168, 6, 0, 24, 0, 0]"
1759.689435,33827908,"[0, 0, 0, 98, 0, 16, 244, 255]"
1759.689944,33828292,"[0, 0, 224, 8, 0, 0, 0, 0]"
1759.690404,33929224,"[0, 0, 170, 6, 0, 24, 48, 0]"
1759.691029,33827906,"[0, 0, 0, 98, 0, 16, 246, 255]"
1759.691736,33929353,"[0, 0, 0, 0, 236, 140, 136, 63]"
1759.692249,33929225,"[0, 0, 152, 6, 0, 23, 32, 0]"
1759.692718,352596180,"[241, 159, 6, 192, 253, 3, 0, 5]"
1759.693226,33929349,"[246, 124, 160, 51, 0, 0, 0, 128]"
1759.693702,33828291,"[0, 0, 224, 251, 255, 255, 0, 0]"
1759.694218,33880391,"[37, 97, 108, 111, 110, 32, 70, 88]"
1759.69468,33888320,"[0, 0, 0, 0, 30, 51, 6, 0]"
1759.695154,33888384,"[0, 0, 0, 0, 0, 0, 0, 0]"
1759.695665,33888512,"[0, 0, 0, 0, 0, 0, 0, 0]"
1759.696174,33929226,"[0, 0, 169, 6, 0, 23, 32, 0]"
1759.696699,33888256,"[0, 0, 0, 0, 128, 3, 16, 0]"
1759.697895,33880391,"[38, 32, 118, 101, 114, 115, 46, 32]"
1759.698191,33929287,"[0, 0, 0, 0, 0, 64, 0, 0]"
1759.699409,33827908,"[0, 0, 0, 98, 0, 16, 246, 255]"
1759.69977,33827906,"[0, 0, 0, 98, 0, 16, 249, 255]"
1759.700404,33827905,"[0, 0, 0, 226, 0, 16, 235, 255]"
1759.700653,16848960,"[112, 153, 202, 252, 0, 0, 0, 255]"
1759.700781,33929225,"[0, 0, 152, 6, 0, 23, 32, 0]"
1759.701288,352595220,"[8, 0, 0, 80, 255, 8, 128, 1]"
1759.702267,33827907,"[0, 0, 0, 226, 0, 16, 6, 0]"
1759.702854,33880391,"[39, 67, 0, 0, 0, 0, 0, 0]"
1759.704655,134551573,"[0, 0, 0, 0, 0, 0, 0, 0]"
1759.704798,134551637,"[0, 0, 0, 0, 0, 0, 0, 192]"
1759.70494,134551701,"[0, 0, 0, 64, 0, 0, 0, 192]"
1759.705096,134551765,"[0, 0, 112, 0, 0, 0, 0, 240]"
1759.705238,134551829,"[40, 38, 24, 250, 0, 192, 125, 0]"
1759.70602,33888256,"[0, 0, 0, 0, 128, 3, 16, 0]"
1759.70719,33929223,"[0, 0, 124, 6, 0, 24, 48, 0]"
1759.707328,262271,"[52, 94, 170, 126, 252, 212, 95, 58]"
1759.707863,33880391,"[40, 0, 0, 0, 0, 0, 0, 0]"
1759.708182,33929351,"[0, 0, 0, 128, 0, 0, 0, 128]"
1759.708788,33929216,"[0, 0, 169, 6, 0, 24, 0, 0]"
1759.709463,33827908,"[0, 0, 0, 98, 0, 16, 230, 255]"
1759.709649,33828292,"[0, 0, 224, 8, 0, 0, 0, 0]"
1759.709793,33827906,"[0, 0, 0, 98, 0, 16, 245, 255]"
1759.709931,33929224,"[0, 0, 169, 6, 0, 24, 48, 0]"
1759.710079,33828290,"[0, 0, 64, 7, 0, 0, 0, 0]"
1759.710223,33929352,"[0, 0, 0, 128, 0, 0, 0, 128]"
1759.710389,33929353,"[0, 0, 0, 0, 236, 140, 136, 63]"
1759.710519,33827905,"[0, 0, 0, 226, 0, 16, 248, 255]"
1759.710826,33929225,"[0, 0, 152, 6, 0, 23, 32, 0]"
1759.711258,33828289,"[0, 0, 128, 248, 255, 255, 0, 0]"
1759.711655,33929222,"[0, 0, 160, 6, 0, 24, 48, 0]"
1759.712094,33929350,"[0, 0, 0, 128, 0, 0, 0, 128]"
1759.712484,352596180,"[241, 95, 6, 192, 253, 3, 0, 5]"
1759.712874,352596244,"[36, 1, 206, 0, 32, 127, 0, 0]"
1759.71327,33827907,"[0, 0, 0, 226, 0, 16, 8, 0]"
1759.713667,33828291,"[0, 0, 224, 251, 255, 255, 0, 0]"
1759.71407,33880391,"[41, 0, 0, 0, 67, 84, 82, 32]"
1759.714424,33888320,"[0, 0, 0, 0, 30, 50, 6, 0]"
1759.714865,33888384,"[0, 0, 0, 0, 0, 0, 0, 0]"
1759.71526,33888512,"[0, 0, 0, 0, 0, 0, 0, 0]"
1759.715687,33929226,"[0, 0, 167, 6, 0, 23, 32, 0]"
1759.716082,33888256,"[0, 0, 0, 0, 128, 3, 16, 0]"
1759.717025,33888448,"[0, 0, 0, 0, 0, 0, 0, 0]"
1759.71788,33880391,"[42, 69, 108, 101, 99, 116, 114, 111]"
1759.718029,33888576,"[0, 0, 0, 0, 0, 0, 16, 0]"
1759.719401,33827908,"[0, 0, 0, 98, 0, 16, 245, 255]"
1759.719765,33827906,"[0, 0, 0, 98, 0, 16, 14, 0]"
1759.720028,33888640,"[0, 0, 0, 0, 0, 0, 0, 0]"
1759.720506,33827905,"[0, 0, 0, 226, 0, 16, 237, 255]"
1759.7207,33929225,"[0, 0, 153, 6, 0, 23, 32, 0]"
1759.721296,352595220,"[8, 0, 0, 80, 255, 8, 128, 1]"
1759.721633,16848960,"[112, 153, 202, 252, 0, 0, 0, 255]"
1759.722322,33827907,"[0, 0, 0, 226, 0, 16, 17, 0]"
1759.722843,33880391,"[43, 110, 105, 99, 115, 0, 0, 0]"
1759.724653,134551573,"[0, 0, 0, 0, 0, 0, 0, 0]"
1759.724805,134551637,"[0, 0, 0, 0, 0, 0, 0, 192]"
1759.724949,134551701,"[0, 0, 0, 64, 0, 0, 0, 192]"
1759.725098,134551765,"[0, 0, 112, 0, 0, 0, 0, 240]"
1759.725235,134551829,"[40, 38, 24, 250, 0, 192, 125, 0]"
1759.72603,33888256,"[0, 0, 0, 0, 128, 3, 16, 0]"
1759.727182,33929223,"[0, 0, 125, 6, 0, 24, 48, 0]"
1759.72783,33880391,"[44, 0, 0, 0, 0, 0, 0, 0]"
1759.728191,33929351,"[0, 0, 0, 128, 0, 0, 0, 128]"
1759.728789,33929216,"[0, 0, 170, 6, 0, 24, 0, 0]"
1759.729435,33827908,"[0, 0, 0, 98, 0, 16, 6, 0]"
1759.729621,33828292,"[0, 0, 224, 8, 0, 0, 0, 0]"
1759.729773,33929352,"[0, 0, 0, 128, 0, 0, 0, 128]"
1759.729917,33827906,"[0, 0, 0, 98, 0, 16, 243, 255]"
1759.730051,33929224,"[0, 0, 169, 6, 0, 24, 48, 0]"
1759.730203,33828290,"[0, 0, 64, 7, 0, 0, 0, 0]"
1759.730333,33929353,"[0, 0, 0, 0, 236, 140, 136, 63]"
1759.73057,33827905,"[0, 0, 0, 226, 0, 16, 226, 255]"
1759.730892,33929225,"[0, 0, 153, 6, 0, 23, 32, 0]"
1759.731034,33929289,"[0, 0, 0, 8, 0, 64, 0, 0]"
1759.731206,33929222,"[0, 0, 160, 6, 0, 24, 48, 0]"
1759.731354,33828289,"[0, 0, 128, 248, 255, 255, 0, 0]"
1759.731654,33929350,"[0, 0, 0, 128, 0, 0, 0, 128]"
1759.732027,352595220,"[8, 0, 0, 80, 255, 8, 128, 1]"
1759.732332,33929221,"[0, 0, 133, 6, 0, 24, 48, 0]"
1963.418463,33888256,"[0, 0, 0, 0, 128, 3, 16, 0]"
1963.419225,33827908,"[0, 0, 0, 98, 0, 16, 244, 255]"
1963.419709,33828292,"[0, 0, 224, 8, 0, 0, 0, 0]"
1963.420076,33929225,"[0, 0, 152, 6, 0, 23, 32, 0]"
1963.420373,33827905,"[0, 0, 0, 226, 0, 16, 228, 255]"
1963.420684,33828289,"[0, 0, 128, 248, 255, 255, 0, 0]"
1963.420982,352595220,"[238, 255, 255, 95, 255, 8, 128, 1]"
1963.421247,352596180,"[241, 95, 6, 176, 253, 235, 255, 5]"
1963.421472,33880328,"[1, 187, 170, 170, 170, 170, 170, 170]"
1963.421943,33880392,"[6, 251, 1, 163, 115, 5, 0, 170]"
1963.422298,33827907,"[0, 0, 0, 226, 0, 16, 24, 0]"
1963.422485,33828291,"[0, 0, 224, 251, 255, 255, 0, 0]"
1963.424063,134551573,"[0, 0, 0, 0, 0, 0, 0, 0]"
1963.424201,134551637,"[0, 0, 0, 0, 0, 0, 0, 192]"
1963.424344,134551701,"[0, 0, 0, 64, 0, 0, 0, 192]"
1963.424496,134551765,"[0, 0, 112, 0, 0, 0, 0, 240]"
1963.42464,134551829,"[40, 38, 24, 250, 0, 192, 125, 0]"
1963.425621,33888320,"[0, 0, 0, 0, 29, 51, 6, 0]"
1963.425765,33888384,"[0, 0, 0, 0, 0, 0, 0, 0]"
1963.425917,33888512,"[0, 0, 0, 0, 0, 0, 0, 0]"
1963.42662,33888256,"[0, 0, 0, 0, 128, 3, 16, 0]"
1963.427324,33929223,"[0, 0, 126, 6, 0, 24, 48, 0]"
1963.427909,33929353,"[0, 0, 0, 0, 236, 140, 136, 63]"
1963.428044,262271,"[52, 94, 170, 123, 55, 35, 188, 202]"
1963.428188,33827908,"[0, 0, 0, 98, 0, 16, 250, 255]"
1963.428325,33929287,"[0, 0, 0, 0, 0, 64, 0, 0]"
1963.428469,33929351,"[0, 0, 0, 128, 0, 0, 0, 128]"
1963.42872,33929216,"[0, 0, 170, 6, 0, 24, 0, 0]"
1963.428864,33827906,"[0, 0, 0, 98, 0, 16, 4, 0]"
1963.429009,33929225,"[0, 0, 153, 6, 0, 23, 32, 0]"
1963.429555,33827905,"[0, 0, 0, 226, 0, 16, 232, 255]"
1963.430302,352595220,"[238, 255, 255, 95, 255, 8, 128, 1]"
1963.430445,33880328,"[1, 200, 170, 170, 170, 170, 170, 170]"
1963.430946,33929221,"[0, 0, 135, 6, 0, 24, 48, 0]"
1963.431094,33929224,"[0, 0, 171, 6, 0, 24, 48, 0]"
1963.431238,33929349,"[246, 124, 160, 51, 0, 0, 0, 128]"
1963.431376,33880392,"[16, 12, 8, 0, 9, 82, 82, 32]"
1963.431527,33929352,"[0, 0, 0, 128, 0, 0, 0, 128]"
1963.432366,33827907,"[0, 0, 0, 226, 0, 16, 8, 0]"
1963.433092,16848960,"[113, 7, 74, 252, 0, 0, 0, 255]"
1963.433222,16849024,"[0, 228, 119, 193, 182, 168, 102, 17]"
1963.434686,33929226,"[0, 0, 169, 6, 0, 24, 32, 0]"
1963.435121,33929222,"[0, 0, 161, 6, 0, 24, 48, 0]"
1963.435236,33929350,"[0, 0, 0, 128, 0, 0, 0, 128]"
1963.43663,33888256,"[0, 0, 0, 0, 128, 3, 16, 0]"
1963.43676,33880328,"[48, 0, 5, 170, 170, 170, 170, 170]"
1963.438045,33827908,"[0, 0, 0, 98, 0, 16, 249, 255]"
1963.438211,33828292,"[0, 0, 224, 8, 0, 0, 0, 0]"
1963.438661,33827906,"[0, 0, 0, 98, 0, 16, 242, 255]"
1963.438848,33828290,"[0, 0, 64, 7, 0, 0, 0, 0]"
1963.438979,33929225,"[0, 0, 153, 6, 0, 23, 32, 0]"
1963.439639,33827905,"[0, 0, 0, 226, 0, 16, 233, 255]"
1963.439811,33828289,"[0, 0, 128, 248, 255, 255, 0, 0]"
1963.44033,352595220,"[237, 255, 255, 95, 255, 8, 128, 1]"
1963.440474,352596180,"[241, 95, 6, 176, 253, 235, 255, 5]"
1963.442023,33880392,"[33, 75, 114, 97, 107, 101, 110, 170]"
1963.442294,33827907,"[0, 0, 0, 226, 0, 16, 28, 0]"
1963.442474,33828291,"[0, 0, 224, 251, 255, 255, 0, 0]"
1963.44405,134551573,"[0, 0, 0, 0, 0, 0, 0, 0]"
1963.444194,134551637,"[0, 0, 0, 0, 0, 0, 0, 192]"
1963.444346,134551701,"[0, 0, 0, 64, 0, 0, 0, 192]"
1963.444489,134551765,"[0, 0, 112, 0, 0, 0, 0, 240]"
1963.444627,134551829,"[40, 38, 24, 250, 0, 192, 125, 0]"
1963.445849,33888320,"[0, 0, 0, 0, 29, 52, 6, 0]"
1963.446008,33888384,"[0, 0, 0, 0, 0, 0, 0, 0]"
1963.446156,33888512,"[0, 0, 0, 0, 0, 0, 0, 0]"
1963.446614,33888256,"[0, 0, 0, 0, 128, 3, 16, 0]"
1963.447318,33929223,"[0, 0, 126, 6, 0, 24, 48, 0]"
1963.447903,33827908,"[0, 0, 0, 98, 0, 16, 236, 255]"
1963.448037,33929353,"[0, 0, 0, 0, 236, 140, 136, 63]"
1963.448314,33929351,"[0, 0, 0, 128, 0, 0, 0, 128]"
1963.448689,33827906,"[0, 0, 0, 98, 0, 16, 248, 255]"
1963.448818,33929216,"[0, 0, 170, 6, 0, 24, 0, 0]"
1963.448968,33929225,"[0, 0, 154, 6, 0, 23, 32, 0]"
1963.449644,33827905,"[0, 0, 0, 226, 0, 16, 233, 255]"
1963.45073,352595220,"[237, 255, 255, 95, 255, 8, 128, 1]"
1963.450943,33929221,"[0, 0, 135, 6, 0, 24, 48, 0]"
1963.451084,33929224,"[0, 0, 170, 6, 0, 24, 48, 0]"
1963.451227,33929349,"[246, 124, 160, 51, 0, 0, 0, 128]"
1963.451377,33929352,"[0, 0, 0, 128, 0, 0, 0, 128]"
1963.452258,33827907,"[0, 0, 0, 226, 0, 16, 16, 0]"
1963.454031,16848960,"[113, 7, 74, 252, 0, 0, 0, 255]"
1963.454683,33929226,"[0, 0, 170, 6, 0, 24, 32, 0]"
1963.455083,33929222,"[0, 0, 162, 6, 0, 24, 48, 0]"
1963.455234,33929350,"[0, 0, 0, 128, 0, 0, 0, 128]"
1963.456614,33888256,"[0, 0, 0, 0, 128, 3, 16, 0]"
1963.457613,33888448,"[0, 0, 0, 0, 0, 0, 0, 0]"
1963.45799,33827908,"[0, 0, 0, 98, 0, 16, 252, 255]"
1963.458187,33828292,"[0, 0, 224, 8, 0, 0, 0, 0]"
1963.458647,33827906,"[0, 0, 0, 98, 0, 16, 239, 255]"
1963.458832,33828290,"[0, 0, 64, 7, 0, 0, 0, 0]"
1963.458975,33888265,"[0, 0, 255, 255, 255, 255, 0, 0]"
1963.459116,33929225,"[0, 0, 154, 6, 0, 23, 32, 0]"
1963.459258,33929289,"[0, 0, 0, 8, 0, 64, 0, 0]"
1963.459648,33827905,"[0, 0, 0, 226, 0, 16, 230, 255]"
1963.459847,33828289,"[0, 0, 128, 248, 255, 255, 0, 0]"
1963.460727,352595220,"[237, 255, 255, 95, 255, 8, 128, 1]"
1963.460884,352596180,"[241, 95, 6, 176, 253, 235, 255, 5]"
1963.462284,33827907,"[0, 0, 0, 226, 0, 16, 28, 0]"
1963.462455,33828291,"[0, 0, 224, 251, 255, 255, 0, 0]"
1963.464052,134551573,"[0, 0, 0, 0, 0, 0, 0, 0]"
1963.464196,134551637,"[0, 0, 0, 0, 0, 0, 0, 192]"
1963.46434,134551701,"[0, 0, 0, 64, 0, 0, 0, 192]"
1963.464484,134551765,"[0, 0, 112, 0, 0, 0, 0, 240]"
1963.464621,134551829,"[40, 38, 24, 250, 0, 192, 125, 0]"
1963.465615,33888320,"[0, 0, 0, 0, 29, 51, 6, 0]"
1963.465759,33888384,"[0, 0, 0, 0, 0, 0, 0, 0]"
1963.465903,33888512,"[0, 0, 0, 0, 0, 0, 0, 0]"
1963.466621,33888256,"[0, 0, 0, 0, 128, 3, 16, 0]"
1963.467317,33929223,"[0, 0, 125, 6, 0, 24, 48, 0]"
1963.467923,33929353,"[0, 0, 0, 0, 236, 140, 136, 63]"
1963.468065,33827908,"[0, 0, 0, 98, 0, 16, 253, 255]"
1963.468308,33929351,"[0, 0, 0, 128, 0, 0, 0, 128]"
1963.468659,33827906,"[0, 0, 0, 98, 0, 16, 6, 0]"
1963.468803,33929216,"[0, 0, 170, 6, 0, 24, 0, 0]"
1963.468954,33929225,"[0, 0, 153, 6, 0, 23, 32, 0]"
1963.469651,33827905,"[0, 0, 0, 226, 0, 16, 224, 255]"
1963.470652,352595220,"[237, 255, 255, 95, 255, 8, 128, 1]"
1963.470946,33929221,"[0, 0, 136, 6, 0, 24, 48, 0]"
1963.471095,33929224,"[0, 0, 172, 6, 0, 24, 48, 0]"
1963.471224,33929349,"[246, 124, 160, 51, 0, 0, 0, 128]"
1963.471376,33929352,"[0, 0, 0, 128, 0, 0, 0, 128]"
1963.47152,262271,"[52, 94, 171, 125, 255, 24, 15, 113]"
1963.472408,33827907,"[0, 0, 0, 226, 0, 16, 9, 0]"
1963.47463,16848960,"[113, 7, 74, 252, 0, 0, 0, 255]"
1963.47476,16849024,"[0, 4, 178, 179, 182, 168, 102, 17]"
1963.474898,33929226,"[0, 0, 170, 6, 0, 24, 32, 0]"
1963.475089,33929222,"[0, 0, 163, 6, 0, 24, 48, 0]"
1963.475233,33929350,"[0, 0, 0, 128, 0, 0, 0, 128]"
1963.476605,33888256,"[0, 0, 0, 0, 128, 3, 16, 0]"
1963.478017,33827908,"[0, 0, 0, 98, 0, 16, 255, 255]"
1963.478226,33828292,"[0, 0, 224, 8, 0, 0, 0, 0]"
1963.478676,33827906,"[0, 0, 0, 98, 0, 16, 16, 0]"
1963.478834,33828290,"[0, 0, 64, 7, 0, 0, 0, 0]"
1963.478978,33929225,"[0, 0, 154, 6, 0, 23, 32, 0]"
1963.479675,33827905,"[0, 0, 0, 226, 0, 16, 230, 255]"
1963.479897,33828289,"[0, 0, 128, 248, 255, 255, 0, 0]"
1963.480494,352595220,"[237, 255, 255, 95, 255, 8, 128, 1]"
1963.480652,352596180,"[241, 95, 6, 176, 253, 235, 255, 5]"
1963.482277,33827907,"[0, 0, 0, 226, 0, 16, 11, 0]"
1963.482464,33828291,"[0, 0, 224, 251, 255, 255, 0, 0]"
1963.484053,134551573,"[0, 0, 0, 0, 0, 0, 0, 0]"
1963.484197,134551637,"[0, 0, 0, 0, 0, 0, 0, 192]"
1963.484341,134551701,"[0, 0, 0, 64, 0, 0, 0, 192]"
1963.484478,134551765,"[0, 0, 112, 0, 0, 0, 0, 240]"
1963.484622,134551829,"[42, 38, 24, 250, 0, 192, 125, 0]"
1963.485597,33888320,"[0, 0, 0, 0, 29, 52, 6, 0]"
1963.485763,33888384,"[0, 0, 0, 0, 0, 0, 0, 0]"
1963.485892,33888512,"[0, 0, 0, 0, 0, 0, 0, 0]"
1963.486652,33888256,"[0, 0, 0, 0, 128, 3, 16, 0]"
1963.487306,33929223,"[0, 0, 127, 6, 0, 24, 48, 0]"
1963.487919,33929353,"[0, 0, 0, 0, 236, 140, 136, 63]"
1963.488054,33827908,"[0, 0, 0, 98, 0, 16, 247, 255]"
1963.488333,33929351,"[0, 0, 0, 128, 0, 0, 0, 128]"
1963.488676,33827906,"[0, 0, 0, 98, 0, 16, 3, 0]"
1963.488814,33929216,"[0, 0, 170, 6, 0, 24, 0, 0]"
1963.488958,33929225,"[0, 0, 154, 6, 0, 23, 32, 0]"
1963.489548,33827905,"[0, 0, 0, 226, 0, 16, 232, 255]"
1963.490365,352595220,"[237, 255, 255, 95, 255, 8, 128, 1]"
1963.490943,33929221,"[0, 0, 136, 6, 0, 24, 48, 0]"
1963.491091,33929224,"[0, 0, 171, 6, 0, 24, 48, 0]"
1963.491229,33929349,"[246, 124, 160, 51, 0, 0, 0, 128]"
1963.491373,33929352,"[0, 0, 0, 128, 0, 0, 0, 128]"
1963.492247,33827907,"[0, 0, 0, 226, 0, 16, 16, 0]"
1963.49467,33929226,"[0, 0, 170, 6, 0, 24, 32, 0]"
1963.495079,33929222,"[0, 0, 162, 6, 0, 24, 48, 0]"
1963.495221,33929350,"[0, 0, 0, 128, 0, 0, 0, 128]"
1963.495372,16848960,"[113, 7, 74, 252, 0, 0, 0, 255]"
1963.496649,33888256,"[0, 0, 0, 0, 128, 3, 16, 0]"
1963.497965,33827908,"[0, 0, 0, 98, 0, 16, 3, 0]"
1963.498141,33828292,"[0, 0, 224, 8, 0, 0, 0, 0]"
1963.498764,33827906,"[0, 0, 0, 98, 0, 16, 2, 0]"
1963.49892,33929225,"[0, 0, 153, 6, 0, 23, 32, 0]"
1963.499067,33828290,"[0, 0, 64, 7, 0, 0, 0, 0]"
1963.499606,33888576,"[0, 0, 0, 0, 0, 0, 16, 0]"
1963.499748,33827905,"[0, 0, 0, 226, 0, 16, 254, 255]"
1963.500334,352595220,"[237, 255, 255, 95, 255, 8, 128, 1]"
1963.500477,33828289,"[0, 0, 128, 248, 255, 255, 0, 0]"
1963.500619,352596180,"[241, 95, 6, 176, 253, 235, 255, 5]"
1963.500756,33888640,"[0, 0, 0, 0, 0, 0, 0, 0]"
1963.500898,352596244,"[39, 1, 207, 0, 32, 127, 0, 0]"
1963.50106,352596436,"[7, 0, 64, 0, 0, 0, 0, 0]"
1963.50121,352596500,"[136, 0, 112, 0, 184, 63, 0, 4]"
1963.502338,33827907,"[0, 0, 0, 226, 0, 16, 29, 0]"
1963.502522,33828291,"[0, 0, 224, 251, 255, 255, 0, 0]"
1963.504043,134551573,"[0, 0, 0, 0, 0, 0, 0, 0]"
1963.504186,134551637,"[0, 0, 0, 0, 0, 0, 0, 192]"
1963.504337,134551701,"[0, 0, 0, 64, 0, 0, 0, 192]"
1963.504479,134551765,"[0, 0, 112, 0, 0, 0, 0, 240]"
1963.504622,134551829,"[42, 38, 24, 250, 0, 192, 125, 0]"
1963.505623,33888320,"[0, 0, 0, 0, 29, 51, 6, 0]"
1963.505765,33888384,"[0, 0, 0, 0, 0, 0, 0, 0]"
1963.505916,33888512,"[0, 0, 0, 0, 0, 0, 0, 0]"
1963.506634,33888256,"[0, 0, 0, 0, 128, 3, 16, 0]"
1963.507303,33929223,"[0, 0, 126, 6, 0, 24, 48, 0]"
1963.507636,33888448,"[0, 0, 0, 0, 0, 0, 0, 0]"
1963.507914,33929353,"[0, 0, 0, 0, 236, 140, 136, 63]"
1963.508048,33827908,"[0, 0, 0, 98, 0, 16, 251, 255]"
1963.508311,33929351,"[0, 0, 0, 128, 0, 0, 0, 128]"
1963.508715,33929216,"[0, 0, 170, 6, 0, 24, 0, 0]"
1963.508843,33827906,"[0, 0, 0, 98, 0, 16, 243, 255]"
1963.508986,33929225,"[0, 0, 153, 6, 0, 23, 32, 0]"
1963.509604,33827905,"[0, 0, 0, 226, 0, 16, 231, 255]"
1963.510314,352595220,"[238, 255, 255, 95, 255, 8, 128, 1]"
1963.510956,33929221,"[0, 0, 135, 6, 0, 24, 48, 0]"
1963.511091,33929224,"[0, 0, 171, 6, 0, 24, 48, 0]"
1963.511228,33929349,"[246, 124, 160, 51, 0, 0, 0, 128]"
1963.511386,33929352,"[0, 0, 0, 128, 0, 0, 0, 128]"
1963.51229,33827907,"[0, 0, 0, 226, 0, 16, 24, 0]"
1963.513172,262271,"[52, 94, 170, 124, 155, 3, 91, 180]"
1963.514663,33929226,"[0, 0, 170, 6, 0, 24, 32, 0]"
1963.515075,33929222,"[0, 0, 162, 6, 0, 24, 48, 0]"
1963.515219,33929350,"[0, 0, 0, 128, 0, 0, 0, 128]"
1963.515876,16848960,"[113, 7, 74, 252, 0, 0, 0, 255]"
1963.516629,33888256,"[0, 0, 0, 0, 128, 3, 16, 0]"
1963.517916,33827908,"[0, 0, 0, 98, 0, 16, 0, 0]"
1963.518107,33828292,"[0, 0, 224, 8, 0, 0, 0, 0]"
1963.518735,33827906,"[0, 0, 0, 98, 0, 16, 236, 255]"
1963.518907,33828290,"[0, 0, 64, 7, 0, 0, 0, 0]"
1963.519098,33929225,"[0, 0, 154, 6, 0, 23, 32, 0]"
1963.519628,33827905,"[0, 0, 0, 226, 0, 16, 232, 255]"
1963.519815,33828289,"[0, 0, 128, 248, 255, 255, 0, 0]"
1963.520298,352595220,"[237, 255, 255, 95, 255, 8, 128, 1]"
1963.520449,352596180,"[241, 95, 6, 176, 253, 235, 255, 5]"
1963.522345,33827907,"[0, 0, 0, 226, 0, 16, 20, 0]"
1963.522517,33828291,"[0, 0, 224, 251, 255, 255, 0, 0]"
1963.524037,134551573,"[0, 0, 0, 0, 0, 0, 0, 0]"
1963.524181,134551637,"[0, 0, 0, 0, 0, 0, 0, 192]"
1963.524333,134551701,"[0, 0, 0, 64, 0, 0, 0, 192]"
1963.524477,134551765,"[0, 0, 112, 0, 0, 0, 0, 240]"
1963.524606,134551829,"[42, 38, 24, 250, 0, 192, 125, 0]"
1963.525616,33888320,"[0, 0, 0, 0, 29, 51, 6, 0]"
1963.525774,33888384,"[0, 0, 0, 0, 0, 0, 0, 0]"
1963.525918,33888512,"[0, 0, 0, 0, 0, 0, 0, 0]"
1963.526621,33888256,"[0, 0, 0, 0, 128, 3, 16, 0]"
1963.527297,33929223,"[0, 0, 125, 6, 0, 24, 48, 0]"
1963.527912,33929353,"[0, 0, 0, 0, 236, 140, 136, 63]"
1963.528046,33827908,"[0, 0, 0, 98, 0, 16, 251, 255]"
1963.528325,33929351,"[0, 0, 0, 128, 0, 0, 0, 128]"
1963.528711,33827906,"[0, 0, 0, 98, 0, 16, 248, 255]"
1963.528848,33929216,"[0, 0, 171, 6, 0, 24, 0, 0]"
1963.528993,33929225,"[0, 0, 154, 6, 0, 23, 32, 0]"
1963.529632,33827905,"[0, 0, 0, 226, 0, 16, 237, 255]"
1963.530322,352595220,"[237, 255, 255, 95, 255, 8, 128, 1]"
1963.530935,33929221,"[0, 0, 136, 6, 0, 24, 48, 0]"
1963.531085,33929224,"[0, 0, 170, 6, 0, 24, 48, 0]"
1963.531215,33929349,"[246, 124, 160, 51, 0, 0, 0, 128]"
1963.531367,33929352,"[0, 0, 0, 128, 0, 0, 0, 128]"
1963.532312,33827907,"[0, 0, 0, 226, 0, 16, 16, 0]"
1963.534676,33929226,"[0, 0, 170, 6, 0, 24, 32, 0]"
1963.535074,33929222,"[0, 0, 163, 6, 0, 24, 48, 0]"
1963.535227,33929350,"[0, 0, 0, 128, 0, 0, 0, 128]"
1963.536393,16848960,"[113, 7, 74, 252, 0, 0, 0, 255]"
1963.536622,33888256,"[0, 0, 0, 0, 128, 3, 16, 0]"
1963.538019,33827908,"[0, 0, 0, 98, 0, 16, 243, 255]"
1963.538185,33828292,"[0, 0, 224, 8, 0, 0, 0, 0]"
1963.538663,33827906,"[0, 0, 0, 98, 0, 16, 7, 0]"
1963.538836,33828290,"[0, 0, 64, 7, 0, 0, 0, 0]"
1963.538974,33929225,"[0, 0, 154, 6, 0, 23, 32, 0]"
1963.539608,33827905,"[0, 0, 0, 226, 0, 16, 242, 255]"
1963.539793,33828289,"[0, 0, 128, 248, 255, 255, 0, 0]"
1963.540293,352595220,"[237, 255, 255, 95, 255, 8, 128, 1]"
1963.540436,352596180,"[241, 95, 6, 176, 253, 235, 255, 5]"
1963.542294,33827907,"[0, 0, 0, 226, 0, 16, 22, 0]"
1963.542487,33828291,"[0, 0, 224, 251, 255, 255, 0, 0]"
1963.544045,134551573,"[0, 0, 0, 0, 0, 0, 0, 0]"
1963.544187,134551637,"[0, 0, 0, 0, 0, 0, 0, 192]"
1963.544323,134551701,"[0, 0, 0, 64, 0, 0, 0, 192]"
1963.544466,134551765,"[0, 0, 112, 0, 0, 0, 0, 240]"
1963.544616,134551829,"[42, 38, 24, 250, 0, 192, 125, 0]"
1963.54693,33888256,"[0, 0, 0, 0, 128, 3, 16, 0]"
1963.547049,33888320,"[0, 0, 0, 0, 29, 52, 6, 0]"
1963.547192,33888384,"[0, 0, 0, 0, 0, 0, 0, 0]"
1963.547342,33888512,"[0, 0, 0, 0, 0, 0, 0, 0]"
1963.547485,33929223,"[0, 0, 127, 6, 0, 24, 48, 0]"
1963.547705,262847,"[0, 0, 0, 0, 2, 26, 1, 0]"
1963.547848,325951,"[2, 62, 0, 170, 170, 170, 170, 170]"
1963.547985,33929353,"[0, 0, 0, 0, 236, 140, 136, 63]"
1963.548117,33827908,"[0, 0, 0, 98, 0, 16, 246, 255]"
1963.548296,33929351,"[0, 0, 0, 128, 0, 0, 0, 128]"
1963.548714,33929216,"[0, 0, 170, 6, 0, 24, 0, 0]"
1963.548864,33827906,"[0, 0, 0, 98, 0, 16, 247, 255]"
1963.549096,33929225,"[0, 0, 155, 6, 0, 23, 32, 0]"
1963.549429,33880390,"[6, 126, 2, 4, 252, 65, 6, 170]"
1963.549622,33827905,"[0, 0, 0, 226, 0, 16, 240, 255]"
1963.550306,352595220,"[237, 255, 255, 95, 255, 8, 128, 1]"
1963.550626,33880391,"[6, 126, 2, 4, 252, 66, 7, 170]"
1963.550932,33929221,"[0, 0, 135, 6, 0, 24, 48, 0]"
1963.551073,33929224,"[0, 0, 171, 6, 0, 24, 48, 0]"
1963.551215,33929349,"[246, 124, 160, 51, 0, 0, 0, 128]"
1963.551352,33929352,"[0, 0, 0, 128, 0, 0, 0, 128]"
1963.551494,352647497,"[6, 126, 21, 4, 252, 84, 9, 170]"
1963.552284,33827907,"[0, 0, 0, 226, 0, 16, 15, 0]"
1963.554662,33929226,"[0, 0, 169, 6, 0, 24, 32, 0]"
1963.555068,33929222,"[0, 0, 161, 6, 0, 24, 48, 0]"
1963.555206,33929350,"[0, 0, 0, 128, 0, 0, 0, 128]"
1963.555635,262271,"[52, 94, 171, 124, 223, 101, 62, 140]"
1963.556617,33888256,"[0, 0, 0, 0, 128, 3, 16, 0]"
1963.556968,16848960,"[113, 7, 74, 252, 0, 0, 0, 255]"
1963.557608,33888448,"[0, 0, 0, 0, 0, 0, 0, 0]"
1963.558014,33827908,"[0, 0, 0, 98, 0, 16, 240, 255]"
1963.558195,33828292,"[0, 0, 224, 8, 0, 0, 0, 0]"
1963.558653,33827906,"[0, 0, 0, 98, 0, 16, 251, 255]"
1963.558856,33828290,"[0, 0, 64, 7, 0, 0, 0, 0]"
1963.558987,33929225,"[0, 0, 153, 6, 0, 23, 32, 0]"
1963.559641,33827905,"[0, 0, 0, 226, 0, 16, 233, 255]"
1963.559806,33828289,"[0, 0, 128, 248, 255, 255, 0, 0]"
1963.560283,352595220,"[237, 255, 255, 95, 255, 8, 128, 1]"
1963.560435,352596180,"[241, 95, 6, 176, 253, 235, 255, 5]"
1963.561694,33929280,"[0, 0, 0, 8, 0, 64, 0, 0]"
1963.561875,33880392,"[6, 126, 2, 4, 252, 68, 8, 170]"
1963.562253,33880394,"[6, 126, 2, 4, 252, 67, 10, 170]"
1963.562462,33827907,"[0, 0, 0, 226, 0, 16, 11, 0]"
1963.562677,33828291,"[0, 0, 224, 251, 255, 255, 0, 0]"
1963.564039,134551573,"[0, 0, 0, 0, 0, 0, 0, 0]"
1963.564177,134551637,"[0, 0, 0, 0, 0, 0, 0, 192]"
1963.564328,134551701,"[0, 0, 0, 64, 0, 0, 0, 192]"
1963.564472,134551765,"[0, 0, 112, 0, 0, 0, 0, 240]"
1963.56461,134551829,"[41, 38, 24, 250, 0, 192, 125, 0]"
1963.566595,33888256,"[0, 0, 0, 0, 128, 3, 16, 0]"
1963.566748,33888320,"[0, 0, 0, 0, 29, 52, 6, 0]"
1963.566885,33888384,"[0, 0, 0, 0, 0, 0, 0, 0]"
1963.567035,33888512,"[0, 0, 0, 0, 0, 0, 0, 0]"
1963.567294,33929223,"[0, 0, 127, 6, 0, 24, 48, 0]"
1963.567901,33929353,"[0, 0, 0, 0, 236, 140, 136, 63]"
1963.568021,33827908,"[0, 0, 0, 98, 0, 16, 239, 255]"
1963.568286,33929351,"[0, 0, 0, 128, 0, 0, 0, 128]"
1963.568701,33929216,"[0, 0, 169, 6, 0, 24, 0, 0]"
1963.568839,33827906,"[0, 0, 0, 98, 0, 16, 2, 0]"
1963.568995,33929225,"[0, 0, 154, 6, 0, 23, 32, 0]"
1963.569546,33827905,"[0, 0, 0, 226, 0, 16, 231, 255]"
1963.570315,352595220,"[237, 255, 255, 95, 255, 8, 128, 1]"
1963.570939,33929221,"[0, 0, 135, 6, 0, 24, 48, 0]"
1963.571081,33929224,"[0, 0, 169, 6, 0, 24, 48, 0]"
1963.571248,33929349,"[246, 124, 160, 51, 0, 0, 0, 128]"
1963.571363,33929352,"[0, 0, 0, 128, 0, 0, 0, 128]"
1963.572332,33827907,"[0, 0, 0, 226, 0, 16, 23, 0]"
1963.57466,33929226,"[0, 0, 170, 6, 0, 24, 32, 0]"
1963.575067,33929222,"[0, 0, 162, 6, 0, 24, 48, 0]"
1963.575211,33929350,"[0, 0, 0, 128, 0, 0, 0, 128]"
1963.576629,33888256,"[0, 0, 0, 0, 128, 3, 16, 0]"
1963.577532,16848960,"[113, 7, 74, 252, 0, 0, 0, 255]"
1963.57801,33844164,"[0, 0, 0, 0, 1, 26, 19, 0]"
1963.578191,33834820,"[0, 0, 0, 0, 0, 0, 0, 0]"
1963.578678,33844162,"[0, 0, 0, 0, 1, 26, 19, 0]"
1963.578816,33828932,"[0, 243, 199, 46, 0, 0, 0, 0]"
1963.578968,33834818,"[0, 0, 0, 0, 0, 0, 0, 0]"
1963.579103,33827908,"[0, 0, 0, 98, 0, 16, 241, 255]"
1963.57924,33929225,"[0, 0, 154, 6, 0, 23, 32, 0]"
1963.57947,33828930,"[0, 243, 199, 46, 0, 0, 0, 0]"
1963.579628,33827906,"[0, 0, 0, 98, 0, 16, 1, 0]"
1963.579743,33844161,"[0, 0, 0, 0, 1, 26, 19, 0]"
1963.579887,33828162,"[255, 127, 0, 192, 83, 21, 28, 23]"
1963.580022,33828164,"[248, 127, 0, 192, 83, 21, 28, 24]"
1963.580259,33828228,"[0, 0, 0, 231, 0, 0, 0, 0]"
1963.580403,33834817,"[0, 0, 0, 0, 0, 0, 0, 0]"
1963.580554,33828226,"[0, 0, 64, 189, 0, 0, 0, 0]"
1963.580698,33828929,"[0, 243, 199, 46, 0, 0, 0, 0]"
1963.580836,33828290,"[0, 0, 64, 7, 0, 0, 0, 0]"
1963.58098,33828292,"[0, 0, 224, 8, 0, 0, 0, 0]"
1963.581122,352595220,"[236, 255, 255, 95, 255, 8, 128, 1]"
1963.581274,33828356,"[0, 0, 0, 0, 0, 0, 0, 128]"
1963.581403,33827905,"[0, 0, 0, 226, 0, 16, 233, 255]"
1963.581555,33828354,"[0, 0, 0, 0, 0, 0, 0, 128]"
1963.581693,33828161,"[244, 127, 0, 192, 83, 20, 27, 24]"
1963.581837,33828418,"[0, 0, 0, 0, 0, 0, 0, 128]"
1963.581994,33828225,"[0, 0, 0, 62, 255, 255, 0, 0]"
1963.582132,33828420,"[0, 0, 0, 0, 0, 0, 0, 128]"
1963.582298,352596180,"[241, 95, 6, 176, 253, 235, 255, 5]"
1963.582471,33828289,"[0, 0, 128, 248, 255, 255, 0, 0]"
1963.582608,33828482,"[8, 0, 0, 0, 0, 0, 0, 0]"
1963.582767,33828353,"[0, 0, 0, 0, 0, 0, 0, 128]"
1963.582905,33828484,"[8, 0, 0, 0, 0, 0, 0, 0]"
1963.583062,33828546,"[0, 0, 4, 0, 0, 0, 0, 0]"
1963.583192,33828548,"[0, 0, 4, 0, 0, 0, 0, 0]"
1963.583315,33844163,"[0, 0, 0, 0, 1, 26, 19, 0]"
1963.583524,33828417,"[0, 0, 0, 0, 0, 0, 0, 128]"
1963.583676,33834819,"[0, 0, 0, 0, 0, 0, 0, 0]"
1963.583805,33828481,"[8, 0, 0, 0, 0, 0, 0, 0]"
1963.58404,134551573,"[0, 0, 0, 0, 0, 0, 0, 0]"
1963.584169,33828931,"[0, 243, 199, 46, 0, 0, 0, 0]"
1963.584319,134551637,"[0, 0, 0, 0, 0, 0, 0, 192]"
1963.58447,33827907,"[0, 0, 0, 226, 0, 16, 13, 0]"
1963.584598,33828545,"[0, 0, 4, 0, 0, 0, 0, 0]"
1963.584735,33828163,"[249, 127, 0, 192, 83, 19, 27, 24]"
1963.584885,134551701,"[0, 0, 0, 64, 0, 0, 0, 192]"
1963.585032,134551765,"[0, 0, 112, 0, 0, 0, 0, 240]"
1963.585169,33828227,"[0, 0, 64, 152, 255, 255, 0, 0]"
1963.585333,134551829,"[41, 38, 24, 250, 0, 192, 125, 0]"
1963.585448,33828291,"[0, 0, 224, 251, 255, 255, 0, 0]"
1963.586154,33828355,"[0, 0, 0, 0, 0, 0, 0, 128]"
1963.586426,33828419,"[0, 0, 0, 0, 0, 0, 0, 128]"
1963.586597,33888256,"[0, 0, 0, 0, 128, 3, 16, 0]"
1963.586747,33888320,"[0, 0, 0, 0, 29, 51, 6, 0]"
1963.586912,33888384,"[0, 0, 0, 0, 0, 0, 0, 0]"
1963.587032,33888512,"[0, 0, 0, 0, 0, 0, 0, 0]"
1963.587197,33828483,"[8, 0, 0, 0, 0, 0, 0, 0]"
1963.587348,33929223,"[0, 0, 126, 6, 0, 24, 48, 0]"
1963.587491,33828547,"[0, 0, 4, 0, 0, 0, 0, 0]"
1963.58786,33929353,"[0, 0, 0, 0, 236, 140, 136, 63]"
1963.588015,33827908,"[0, 0, 0, 98, 0, 16, 230, 255]"
1963.588292,33929351,"[0, 0, 0, 128, 0, 0, 0, 128]"
1963.588662,33827906,"[0, 0, 0, 98, 0, 16, 12, 0]"
1963.588812,33929216,"[0, 0, 170, 6, 0, 24, 0, 0]"
1963.588955,33929225,"[0, 0, 154, 6, 0, 23, 32, 0]"
1963.58952,33827905,"[0, 0, 0, 226, 0, 16, 234, 255]"
1963.590311,352595220,"[237, 255, 255, 95, 255, 8, 128, 1]"
1963.590929,33929221,"[0, 0, 135, 6, 0, 24, 48, 0]"
1963.591071,33929224,"[0, 0, 170, 6, 0, 24, 48, 0]"
1963.591222,33929349,"[246, 124, 160, 51, 0, 0, 0, 128]"
1963.59135,33929352,"[0, 0, 0, 128, 0, 0, 0, 128]"
1963.592269,33827907,"[0, 0, 0, 226, 0, 16, 8, 0]"
1963.594663,33929226,"[0, 0, 170, 6, 0, 24, 32, 0]"
1963.595073,33929222,"[0, 0, 163, 6, 0, 24, 48, 0]"
1963.59521,33929350,"[0, 0, 0, 128, 0, 0, 0, 128]"
1963.596588,33888256,"[0, 0, 0, 0, 128, 3, 16, 0]"
1963.597392,262271,"[52, 94, 170, 126, 122, 12, 165, 247]"
1963.598,33827908,"[0, 0, 0, 98, 0, 16, 249, 255]"
1963.598165,33828292,"[0, 0, 224, 8, 0, 0, 0, 0]"
1963.598668,33827906,"[0, 0, 0, 98, 0, 16, 4, 0]"
1963.598847,33828290,"[0, 0, 64, 7, 0, 0, 0, 0]"
1963.598977,16848960,"[113, 7, 74, 252, 0, 0, 0, 255]"
1963.599119,33929225,"[0, 0, 154, 6, 0, 23, 32, 0]"
1963.5997,33827905,"[0, 0, 0, 226, 0, 16, 214, 255]"
1963.599872,33828289,"[0, 0, 128, 248, 255, 255, 0, 0]"
1963.600263,352611284,"[0, 0, 0, 0, 1, 26, 19, 0]"
1963.600415,352601940,"[0, 0, 0, 0, 0, 64, 0, 0]"
1963.600567,352595220,"[237, 255, 255, 95, 255, 8, 128, 1]"
1963.600711,352596180,"[241, 95, 6, 192, 253, 235, 255, 5]"
1963.600862,352596244,"[37, 1, 204, 0, 32, 127, 0, 0]"
1963.601033,352596308,"[45, 29, 0, 6, 176, 0, 0, 255]"
1963.601177,352596372,"[4, 0, 32, 255, 255, 254, 255, 159]"
1963.601329,352596436,"[14, 0, 128, 255, 255, 1, 0, 0]"
1963.60148,352596692,"[0, 0, 0, 0, 0, 0, 0, 0]"
1963.60166,352596500,"[180, 0, 152, 0, 128, 63, 0, 4]"
1963.60179,352596628,"[7, 99, 0, 0, 0, 0, 0, 0]"
1963.601942,352596820,"[0, 0, 0, 0, 0, 0, 0, 0]"
1963.602086,352596884,"[166, 255, 51, 0, 164, 2, 0, 0]"
1963.602436,33827907,"[0, 0, 0, 226, 0, 16, 18, 0]"
1963.603079,33828291,"[0, 0, 224, 251, 255, 255, 0, 0]"
1963.603602,33888704,"[0, 0, 0, 0, 0, 0, 0, 0]"
1963.604037,134551573,"[0, 0, 0, 0, 0, 0, 0, 0]"
1963.604166,134551637,"[0, 0, 0, 0, 0, 0, 0, 192]"
1963.604318,134551701,"[0, 0, 0, 64, 0, 0, 0, 192]"
1963.60447,134551765,"[0, 0, 112, 0, 0, 0, 0, 240]"
1963.6046,134551829,"[41, 38, 24, 250, 0, 192, 125, 0]"
1963.604737,33929290,"[0, 0, 0, 0, 0, 64, 0, 0]"
1963.606045,33929288,"[0, 0, 0, 0, 0, 64, 0, 0]"
1963.606583,33888320,"[0, 0, 0, 0, 29, 52, 6, 0]"
1963.606727,33888384,"[0, 0, 0, 0, 0, 0, 0, 0]"
1963.606865,33888512,"[0, 0, 0, 0, 0, 0, 0, 0]"
1963.607036,33888256,"[0, 0, 0, 0, 128, 3, 16, 0]"
1963.607288,33929223,"[0, 0, 126, 6, 0, 24, 48, 0]"
1963.607596,33888448,"[0, 0, 0, 0, 0, 0, 0, 0]"
1963.60787,33929353,"[0, 0, 0, 0, 236, 140, 136, 63]"
1963.608047,33827908,"[0, 0, 0, 98, 0, 16, 254, 255]"
1963.608284,33929351,"[0, 0, 0, 128, 0, 0, 0, 128]"
1963.608685,33929216,"[0, 0, 171, 6, 0, 24, 0, 0]"
1963.608836,33827906,"[0, 0, 0, 98, 0, 16, 251, 255]"
1963.608985,33929225,"[0, 0, 154, 6, 0, 23, 32, 0]"
1963.609578,33827905,"[0, 0, 0, 226, 0, 16, 225, 255]"
1963.610304,352595220,"[237, 255, 255, 95, 255, 8, 128, 1]"
1963.610913,33929221,"[0, 0, 136, 6, 0, 24, 48, 0]"
1963.611056,33929224,"[0, 0, 171, 6, 0, 24, 48, 0]"
1963.611208,33929349,"[246, 124, 160, 51, 0, 0, 0, 128]"
1963.611352,33929352,"[0, 0, 0, 128, 0, 0, 0, 128]"
1963.612307,33827907,"[0, 0, 0, 226, 0, 16, 23, 0]"
1963.613296,352647433,"[2, 62, 0, 170, 170, 170, 170, 170]"
1963.613575,352647497,"[6, 126, 21, 4, 252, 84, 9, 170]"
1963.614645,33929226,"[0, 0, 170, 6, 0, 24, 32, 0]"
1963.615052,33929222,"[0, 0, 163, 6, 0, 24, 48, 0]"
1963.615196,33929286,"[0, 0, 0, 0, 0, 64, 0, 0]"
1963.615348,33929350,"[0, 0, 0, 128, 0, 0, 0, 128]"
1963.616582,33888256,"[0, 0, 0, 0, 128, 3, 16, 0]"
1963.617907,33827908,"[0, 0, 0, 98, 0, 16, 244, 255]"
1963.618093,33828292,"[0, 0, 224, 8, 0, 0, 0, 0]"
1963.618716,33827906,"[0, 0, 0, 98, 0, 16, 241, 255]"
1963.618903,33929225,"[0, 0, 153, 6, 0, 23, 32, 0]"
1963.619045,33828290,"[0, 0, 64, 7, 0, 0, 0, 0]"
1963.61954,352647433,"[1, 176, 170, 170, 170, 170, 170, 170]"
1963.619685,33827905,"[0, 0, 0, 226, 0, 16, 237, 255]"
1963.619865,352647497,"[16, 98, 240, 26, 1, 1, 1, 221]"
1963.620229,16848960,"[113, 7, 74, 252, 0, 0, 0, 255]"
1963.620366,352595220,"[236, 255, 255, 95, 255, 8, 128, 1]"
1963.62051,33828289,"[0, 0, 128, 248, 255, 255, 0, 0]"
1963.620648,352596180,"[241, 95, 6, 192, 253, 235, 255, 5]"
1963.622307,33827907,"[0, 0, 0, 226, 0, 16, 33, 0]"
1963.622465,33828291,"[0, 0, 224, 251, 255, 255, 0, 0]"
1963.624034,134551573,"[0, 0, 0, 0, 0, 0, 0, 0]"
1963.624164,134551637,"[0, 0, 0, 0, 0, 0, 0, 192]"
1963.624302,134551701,"[0, 0, 0, 64, 0, 0, 0, 192]"
1963.624454,134551765,"[0, 0, 112, 0, 0, 0, 0, 240]"
1963.624597,134551829,"[41, 38, 24, 250, 0, 192, 125, 0]"
1963.625744,352647433,"[48, 0, 5, 170, 170, 170, 170, 170]"
1963.626579,33888256,"[0, 0, 0, 0, 128, 3, 16, 0]"
1963.626717,33888320,"[0, 0, 0, 0, 29, 51, 6, 0]"
1963.62687,33888384,"[0, 0, 0, 0, 0, 0, 0, 0]"
1963.627018,33888512,"[0, 0, 0, 0, 0, 0, 0, 0]"
1963.62727,33929223,"[0, 0, 126, 6, 0, 24, 48, 0]"
1963.627997,33827908,"[0, 0, 0, 98, 0, 16, 4, 0]"
1963.628135,33929353,"[0, 0, 0, 0, 236, 140, 136, 63]"
1963.628287,33929351,"[0, 0, 0, 128, 0, 0, 0, 128]"
1963.628666,33827906,"[0, 0, 0, 98, 0, 16, 255, 255]"
1963.628818,33929216,"[0, 0, 171, 6, 0, 24, 0, 0]"
1963.628955,33929225,"[0, 0, 155, 6, 0, 23, 32, 0]"
1963.629541,33827905,"[0, 0, 0, 226, 0, 16, 222, 255]"
1963.630295,352647497,"[33, 80, 6, 15, 74, 57, 72, 83]"
1963.630452,352595220,"[236, 255, 255, 95, 255, 8, 128, 1]"
1963.630921,33929221,"[0, 0, 136, 6, 0, 24, 48, 0]"
1963.631063,33929224,"[0, 0, 171, 6, 0, 24, 48, 0]"
1963.631214,33929349,"[246, 124, 160, 51, 0, 0, 0, 128]"
1963.631342,33929352,"[0, 0, 0, 128, 0, 0, 0, 128]"
1963.632283,33827907,"[0, 0, 0, 226, 0, 16, 29, 0]"
1963.634659,33929226,"[0, 0, 170, 6, 0, 24, 32, 0]"
1963.635062,33929222,"[0, 0, 162, 6, 0, 24, 48, 0]"
1963.635205,33929350,"[0, 0, 0, 128, 0, 0, 0, 128]"
1963.635341,352647497,"[34, 30, 6, 231, 7, 2, 2, 28]"
1963.63658,33888256,"[0, 0, 0, 0, 128, 3, 16, 0]"
1963.637978,33827908,"[0, 0, 0, 98, 0, 16, 0, 0]"
1963.638171,33828292,"[0, 0, 224, 8, 0, 0, 0, 0]"
1963.638676,33827906,"[0, 0, 0, 98, 0, 16, 249, 255]"
1963.638847,33828290,"[0, 0, 64, 7, 0, 0, 0, 0]"
1963.638989,33929225,"[0, 0, 155, 6, 0, 23, 32, 0]"
1963.639564,33827905,"[0, 0, 0, 226, 0, 16, 223, 255]"
1963.639758,33828289,"[0, 0, 128, 248, 255, 255, 0, 0]"
1963.640302,352647497,"[35, 4, 0, 0, 0, 128, 32, 32]"
1963.640453,352595220,"[236, 255, 255, 95, 255, 8, 128, 1]"
1963.640617,352596180,"[241, 95, 6, 176, 253, 235, 255, 5]"
1963.641239,16848960,"[113, 7, 74, 252, 0, 0, 0, 255]"
1963.641367,262271,"[52, 94, 171, 124, 34, 214, 193, 224]"
1963.642373,33827907,"[0, 0, 0, 226, 0, 16, 28, 0]"
1963.642566,33828291,"[0, 0, 224, 251, 255, 255, 0, 0]"
1963.64403,134551573,"[0, 0, 0, 0, 0, 0, 0, 0]"
1963.64416,134551637,"[0, 0, 0, 0, 0, 0, 0, 192]"
1963.644298,134551701,"[0, 0, 0, 64, 0, 0, 0, 192]"
1963.64445,134551765,"[0, 0, 112, 0, 0, 0, 0, 240]"
1963.64458,134551829,"[43, 38, 24, 250, 0, 192, 125, 0]"
1963.645314,352647497,"[36, 32, 81, 25, 66, 3, 0, 80]"
1963.646568,33888256,"[0, 0, 0, 0, 128, 3, 16, 0]"
1963.646713,33888320,"[0, 0, 0, 0, 29, 51, 6, 0]"
1963.646865,33888384,"[0, 0, 0, 0, 0, 0, 0, 0]"
1963.647014,33888512,"[0, 0, 0, 0, 0, 0, 0, 0]"
1963.64728,33929223,"[0, 0, 125, 6, 0, 24, 48, 0]"
1963.647874,33929353,"[0, 0, 0, 0, 236, 140, 136, 63]"
1963.648031,33827908,"[0, 0, 0, 98, 0, 16, 0, 0]"
1963.648269,33929351,"[0, 0, 0, 128, 0, 0, 0, 128]"
1963.648656,33827906,"[0, 0, 0, 98, 0, 16, 11, 0]"
1963.648771,33929216,"[0, 0, 171, 6, 0, 24, 0, 0]"
1963.648923,33929225,"[0, 0, 154, 6, 0, 23, 32, 0]"
1963.649508,33827905,"[0, 0, 0, 226, 0, 16, 237, 255]"
1963.650301,352647497,"[37, 105, 103, 101, 111, 110, 32, 50]"
1963.650445,352595220,"[236, 255, 255, 95, 255, 8, 128, 1]"
1963.650911,33929221,"[0, 0, 136, 6, 0, 24, 48, 0]"
1963.65106,33929224,"[0, 0, 170, 6, 0, 24, 48, 0]"
1963.651198,33929285,"[0, 0, 0, 0, 0, 64, 0, 0]"
1963.651336,33929349,"[246, 124, 160, 51, 0, 0, 0, 128]"
1963.65148,33929352,"[0, 0, 0, 128, 0, 0, 0, 128]"
1963.652258,33827907,"[0, 0, 0, 226, 0, 16, 32, 0]"
1963.654646,33929226,"[0, 0, 169, 6, 0, 24, 32, 0]"
1963.655067,33929222,"[0, 0, 162, 6, 0, 24, 48, 0]"
1963.655219,33929350,"[0, 0, 0, 128, 0, 0, 0, 128]"
1963.655349,352647497,"[38, 32, 118, 101, 114, 115, 46, 32]"
1963.65657,33888256,"[0, 0, 0, 0, 128, 3, 16, 0]"
1963.657583,33888448,"[0, 0, 0, 0, 0, 0, 0, 0]"
1963.657942,33827908,"[0, 0, 0, 98, 0, 16, 2, 0]"
1963.658142,33828292,"[0, 0, 224, 8, 0, 0, 0, 0]"
1963.658642,33827906,"[0, 0, 0, 98, 0, 16, 10, 0]"
1963.658818,33828290,"[0, 0, 64, 7, 0, 0, 0, 0]"
1963.658961,33929225,"[0, 0, 154, 6, 0, 23, 32, 0]"
1963.659541,33827905,"[0, 0, 0, 226, 0, 16, 235, 255]"
1963.65975,33828289,"[0, 0, 128, 248, 255, 255, 0, 0]"
1963.660306,352647497,"[39, 83, 0, 0, 0, 0, 0, 0]"
1963.66045,352595220,"[235, 255, 255, 95, 255, 8, 128, 1]"
1963.660608,352596180,"[241, 95, 6, 192, 253, 235, 255, 5]"
1963.661983,16848960,"[113, 7, 74, 252, 0, 0, 0, 255]"
1963.66233,33827907,"[0, 0, 0, 226, 0, 16, 27, 0]"
1963.662503,33828291,"[0, 0, 224, 251, 255, 255, 0, 0]"
1963.664004,134551573,"[0, 0, 0, 0, 0, 0, 0, 0]"
1963.664149,134551637,"[0, 0, 0, 0, 0, 0, 0, 192]"
1963.664292,134551701,"[0, 0, 0, 64, 0, 0, 0, 192]"
1963.664444,134551765,"[0, 0, 112, 0, 0, 0, 0, 240]"
1963.664574,134551829,"[43, 38, 24, 250, 0, 192, 125, 0]"
1963.665309,352647497,"[40, 0, 0, 0, 0, 0, 0, 0]"
1963.666565,33888256,"[0, 0, 0, 0, 128, 3, 16, 0]"
1963.666711,33888320,"[0, 0, 0, 0, 29, 52, 6, 0]"
1963.666854,33888384,"[0, 0, 0, 0, 0, 0, 0, 0]"
1963.667003,33888512,"[0, 0, 0, 0, 0, 0, 0, 0]"
1963.667283,33929223,"[0, 0, 127, 6, 0, 24, 48, 0]"
1963.66787,33929353,"[0, 0, 0, 0, 236, 140, 136, 63]"
1963.668013,33827908,"[0, 0, 0, 98, 0, 16, 241, 255]"
1963.668265,33929351,"[0, 0, 0, 128, 0, 0, 0, 128]"
1963.668668,33929216,"[0, 0, 170, 6, 0, 24, 0, 0]"
1963.668812,33827906,"[0, 0, 0, 98, 0, 16, 16, 0]"
1963.668968,33929225,"[0, 0, 154, 6, 0, 23, 32, 0]"
1963.669623,33827905,"[0, 0, 0, 226, 0, 16, 241, 255]"
1963.67027,352647497,"[41, 0, 0, 0, 67, 114, 111, 115]"
1963.670431,352595220,"[235, 255, 255, 95, 255, 7, 128, 1]"
1963.670905,33929221,"[0, 0, 136, 6, 0, 24, 48, 0]"
1963.671053,33929224,"[0, 0, 170, 6, 0, 24, 48, 0]"
1963.671183,33929349,"[246, 124, 160, 51, 0, 0, 0, 128]"
1963.671335,33929352,"[0, 0, 0, 128, 0, 0, 0, 128]"
1963.672313,33827907,"[0, 0, 0, 226, 0, 16, 10, 0]"
1963.67463,33929226,"[0, 0, 170, 6, 0, 24, 32, 0]"
1963.675041,33929222,"[0, 0, 162, 6, 0, 24, 48, 0]"
1963.675183,33929350,"[0, 0, 0, 128, 0, 0, 0, 128]"
1963.675326,352647497,"[42, 115, 32, 84, 104, 101, 32, 82]"
1963.676567,33888256,"[0, 0, 0, 0, 128, 3, 16, 0]"
1963.677866,33827908,"[0, 0, 0, 98, 0, 16, 255, 255]"
1963.67804,33828292,"[0, 0, 224, 8, 0, 0, 0, 0]"
1963.678267,33929287,"[0, 0, 0, 0, 0, 64, 0, 0]"
1963.67872,33827906,"[0, 0, 0, 98, 0, 16, 1, 0]"
1963.678885,33929225,"[0, 0, 154, 6, 0, 23, 32, 0]"
1963.679033,33828290,"[0, 0, 64, 7, 0, 0, 0, 0]"
1963.679649,33827905,"[0, 0, 0, 226, 0, 16, 233, 255]"
1963.679834,33828289,"[0, 0, 128, 248, 255, 255, 0, 0]"
1963.680264,352647497,"[43, 111, 97, 100, 32, 69, 108, 101]"
1963.680421,352595220,"[235, 255, 255, 95, 255, 8, 128, 1]"
1963.680564,352596180,"[241, 95, 6, 192, 253, 235, 255, 5]"
1963.682235,33827907,"[0, 0, 0, 226, 0, 16, 13, 0]"
1963.6824,33828291,"[0, 0, 224, 251, 255, 255, 0, 0]"
1963.682726,16848960,"[113, 7, 202, 252, 0, 0, 0, 255]"
1963.683271,262271,"[52, 94, 170, 120, 131, 203, 155, 249]"
1963.684005,134551573,"[0, 0, 0, 0, 0, 0, 0, 0]"
1963.684148,134551637,"[0, 0, 0, 0, 0, 0, 0, 192]"
1963.684284,134551701,"[0, 0, 0, 64, 0, 0, 0, 192]"
1963.684427,134551765,"[0, 0, 112, 0, 0, 0, 0, 240]"
1963.68457,134551829,"[43, 38, 24, 250, 0, 192, 125, 0]"
1963.685283,352647497,"[44, 99, 116, 114, 111, 110, 105, 99]"
1963.686561,33888256,"[0, 0, 0, 0, 128, 3, 16, 0]"
1963.686704,33888320,"[0, 0, 0, 0, 29, 52, 6, 0]"
1963.686855,33888384,"[0, 0, 0, 0, 0, 0, 0, 0]"
1963.687003,33888512,"[0, 0, 0, 0, 0, 0, 0, 0]"
1963.687266,33929223,"[0, 0, 126, 6, 0, 24, 48, 0]"
1963.687874,33929353,"[0, 0, 0, 0, 236, 140, 136, 63]"
1963.688008,33827908,"[0, 0, 0, 98, 0, 16, 252, 255]"
1963.68825,33929351,"[0, 0, 0, 128, 0, 0, 0, 128]"
1963.68866,33929216,"[0, 0, 170, 6, 0, 24, 0, 0]"
1963.688803,33827906,"[0, 0, 0, 98, 0, 16, 253, 255]"
1963.688954,33929225,"[0, 0, 154, 6, 0, 23, 32, 0]"
1963.689603,33827905,"[0, 0, 0, 226, 0, 16, 218, 255]"
1963.690323,352647497,"[45, 115, 0, 0, 0, 0, 0, 0]"
1963.690453,352595220,"[235, 255, 255, 95, 255, 8, 128, 1]"
1963.690898,33929221,"[0, 0, 135, 6, 0, 24, 48, 0]"
1963.691032,33929224,"[0, 0, 171, 6, 0, 24, 48, 0]"
1963.69117,33929349,"[246, 124, 160, 51, 0, 0, 0, 128]"
1963.691329,33929352,"[0, 0, 0, 128, 0, 0, 0, 128]"
1963.692284,33827907,"[0, 0, 0, 226, 0, 16, 26, 0]"
1963.69462,33929226,"[0, 0, 170, 6, 0, 24, 32, 0]"
1963.695041,33929222,"[0, 0, 162, 6, 0, 24, 48, 0]"
1963.695185,33929350,"[0, 0, 0, 128, 0, 0, 0, 128]"
1963.695323,352647497,"[46, 19, 170, 170, 170, 170, 170, 170]"
1963.696555,33888256,"[0, 0, 0, 0, 128, 3, 16, 0]"
1963.697962,33827908,"[0, 0, 0, 98, 0, 16, 242, 255]"
1963.698129,33828292,"[0, 0, 224, 8, 0, 0, 0, 0]"
1963.698671,33827906,"[0, 0, 0, 98, 0, 16, 251, 255]"
1963.698844,33828290,"[0, 0, 64, 7, 0, 0, 0, 0]"
1963.698987,33929225,"[0, 0, 154, 6, 0, 23, 32, 0]"
1963.69958,33888576,"[0, 0, 0, 0, 0, 0, 16, 0]"
1963.699732,33827905,"[0, 0, 0, 226, 0, 16, 234, 255]"
1963.700258,352595220,"[235, 255, 255, 95, 255, 8, 128, 1]"
1963.700403,352596180,"[241, 95, 6, 192, 253, 235, 255, 5]"
1963.700555,33828289,"[0, 0, 128, 248, 255, 255, 0, 0]"
1963.700699,33888640,"[0, 0, 0, 0, 0, 0, 0, 0]"
1963.700843,352596244,"[37, 1, 202, 0, 32, 127, 0, 0]"
1963.701014,352596436,"[26, 0, 224, 0, 0, 254, 255, 15]"
1963.701144,352596500,"[124, 0, 128, 0, 224, 63, 0, 4]"
1963.702241,33827907,"[0, 0, 0, 226, 0, 16, 28, 0]"
1963.702442,33828291,"[0, 0, 224, 251, 255, 255, 0, 0]"
1963.703392,352647433,"[1, 187, 170, 170, 170, 170, 170, 170]"
1963.703649,352647497,"[6, 251, 1, 163, 82, 5, 0, 170]"
1963.703794,16848960,"[113, 7, 202, 252, 0, 0, 0, 255]"
1963.704007,134551573,"[0, 0, 0, 0, 0, 0, 0, 0]"
1963.704137,134551637,"[0, 0, 0, 0, 0, 0, 0, 192]"
1963.704281,134551701,"[0, 0, 0, 64, 0, 0, 0, 192]"
1963.704433,134551765,"[0, 0, 112, 0, 0, 0, 0, 240]"
1963.704563,134551829,"[43, 38, 24, 250, 0, 192, 125, 0]"
1963.706557,33888512,"[0, 0, 0, 0, 0, 0, 0, 0]"
1963.706701,33888256,"[0, 0, 0, 0, 128, 3, 16, 0]"
1963.706846,33888320,"[0, 0, 0, 0, 29, 52, 6, 0]"
1963.707017,33888384,"[0, 0, 0, 0, 0, 0, 0, 0]"
1963.707261,33929223,"[0, 0, 126, 6, 0, 24, 48, 0]"
1963.707591,33888448,"[0, 0, 0, 0, 0, 0, 0, 0]"
1963.707857,33929353,"[0, 0, 0, 0, 236, 140, 136, 63]"
1963.708006,33827908,"[0, 0, 0, 98, 0, 16, 235, 255]"
1963.708264,33929351,"[0, 0, 0, 128, 0, 0, 0, 128]"
1963.708658,33929216,"[0, 0, 170, 6, 0, 24, 0, 0]"
1963.708796,33827906,"[0, 0, 0, 98, 0, 16, 240, 255]"
1963.70894,33929225,"[0, 0, 154, 6, 0, 23, 32, 0]"
1963.709083,33929289,"[0, 0, 0, 8, 0, 64, 0, 0]"
1963.709519,33827905,"[0, 0, 0, 226, 0, 16, 240, 255]"
1963.710275,352595220,"[235, 255, 255, 95, 255, 8, 128, 1]"
1963.710905,33929221,"[0, 0, 135, 6, 0, 24, 48, 0]"
1963.71104,33929224,"[0, 0, 171, 6, 0, 24, 48, 0]"
1963.71117,33929349,"[246, 124, 160, 51, 0, 0, 0, 128]"
1963.711314,33929352,"[0, 0, 0, 128, 0, 0, 0, 128]"
1963.712295,33827907,"[0, 0, 0, 226, 0, 16, 30, 0]"
1963.712732,352647433,"[1, 200, 170, 170, 170, 170, 170, 170]"
1963.713003,352647497,"[3, 8, 0, 0, 170, 170, 170, 170]"
1963.714635,33929226,"[0, 0, 170, 6, 0, 24, 32, 0]"
1963.71504,33929222,"[0, 0, 162, 6, 0, 24, 48, 0]"
1963.715184,33929350,"[0, 0, 0, 128, 0, 0, 0, 128]"
1963.716571,33888256,"[0, 0, 0, 0, 128, 3, 16, 0]"
1963.717991,33827908,"[0, 0, 0, 98, 0, 16, 254, 255]"
1963.718164,33828292,"[0, 0, 224, 8, 0, 0, 0, 0]"
1963.718692,33827906,"[0, 0, 0, 98, 0, 16, 3, 0]"
1963.718879,33828290,"[0, 0, 64, 7, 0, 0, 0, 0]"
1963.719028,33929225,"[0, 0, 155, 6, 0, 23, 32, 0]"
1963.719157,352647433,"[2, 197, 9, 170, 170, 170, 170, 170]"
1963.719412,352647497,"[2, 5, 9, 170, 170, 170, 170, 170]"
1963.719597,33827905,"[0, 0, 0, 226, 0, 16, 226, 255]"
1963.719796,33828289,"[0, 0, 128, 248, 255, 255, 0, 0]"
1963.720268,352595220,"[235, 255, 255, 95, 255, 8, 128, 1]"
1963.720425,352596180,"[241, 95, 6, 192, 253, 235, 255, 5]"
1963.720731,352647433,"[2, 197, 15, 170, 170, 170, 170, 170]"
1963.721005,352647497,"[2, 5, 15, 170, 170, 170, 170, 170]"
1963.72232,33827907,"[0, 0, 0, 226, 0, 16, 18, 0]"
1963.722491,33828291,"[0, 0, 224, 251, 255, 255, 0, 0]"
1963.723992,134551573,"[0, 0, 0, 0, 0, 0, 0, 0]"
1963.724143,134551637,"[0, 0, 0, 0, 0, 0, 0, 192]"
1963.724286,134551701,"[0, 0, 0, 64, 0, 0, 0, 192]"
1963.724429,134551765,"[0, 0, 112, 0, 0, 0, 0, 240]"
1963.724565,134551829,"[41, 38, 24, 250, 0, 192, 125, 0]"
1963.724708,16848960,"[113, 7, 202, 252, 0, 0, 0, 255]"
1963.725103,262271,"[52, 94, 170, 123, 179, 130, 157, 221]"
1963.726579,33888256,"[0, 0, 0, 0, 128, 3, 16, 0]"
1963.726715,33888320,"[0, 0, 0, 0, 29, 51, 6, 0]"
1963.726872,33888384,"[0, 0, 0, 0, 0, 0, 0, 0]"
1963.72702,33888512,"[0, 0, 0, 0, 0, 0, 0, 0]"
1963.727255,33929223,"[0, 0, 126, 6, 0, 24, 48, 0]"
1963.727843,33929353,"[0, 0, 0, 0, 236, 140, 136, 63]"
1963.728004,33827908,"[0, 0, 0, 98, 0, 16, 254, 255]"
1963.728254,33929351,"[0, 0, 0, 128, 0, 0, 0, 128]"
1963.728566,33827906,"[0, 0, 0, 98, 0, 16, 0, 0]"
1963.728703,33929216,"[0, 0, 171, 6, 0, 24, 0, 0]"
1963.729197,33929225,"[0, 0, 154, 6, 0, 23, 32, 0]"
1963.729551,33827905,"[0, 0, 0, 226, 0, 16, 229, 255]"
1963.730271,352595220,"[235, 255, 255, 95, 255, 7, 128, 1]"
1963.730887,33929221,"[0, 0, 136, 6, 0, 24, 48, 0]"
1963.731034,33929224,"[0, 0, 171, 6, 0, 24, 48, 0]"
1963.731171,33929349,"[246, 124, 160, 51, 0, 0, 0, 128]"
1963.731313,33929352,"[0, 0, 0, 128, 0, 0, 0, 128]"
1963.732309,33827907,"[0, 0, 0, 226, 0, 16, 18, 0]"
1963.734618,33929226,"[0, 0, 169, 6, 0, 24, 32, 0]"
1963.73503,33929222,"[0, 0, 161, 6, 0, 24, 48, 0]"
1963.735174,33929350,"[0, 0, 0, 128, 0, 0, 0, 128]"
1963.736585,33888256,"[0, 0, 0, 0, 128, 3, 16, 0]"
1963.737931,33827908,"[0, 0, 0, 98, 0, 16, 1, 0]"
1963.738116,33828292,"[0, 0, 224, 8, 0, 0, 0, 0]"
1963.738652,33827906,"[0, 0, 0, 98, 0, 16, 10, 0]"
1963.738838,33828290,"[0, 0, 64, 7, 0, 0, 0, 0]"
1963.738981,33929225,"[0, 0, 153, 6, 0, 23, 32, 0]"
1963.739546,33827905,"[0, 0, 0, 226, 0, 16, 228, 255]"
1963.739718,33828289,"[0, 0, 128, 248, 255, 255, 0, 0]"
1963.740288,352595220,"[235, 255, 255, 95, 255, 8, 128, 1]"
1963.740454,352596180,"[241, 95, 6, 192, 253, 235, 255, 5]"
1963.742296,33827907,"[0, 0, 0, 226, 0, 16, 5, 0]"
1963.742469,33828291,"[0, 0, 224, 251, 255, 255, 0, 0]"
1963.743983,134551573,"[0, 0, 0, 0, 0, 0, 0, 0]"
1963.74415,134551637,"[0, 0, 0, 0, 0, 0, 0, 192]"
1963.74428,134551701,"[0, 0, 0, 64, 0, 0, 0, 192]"
1963.744424,134551765,"[0, 0, 112, 0, 0, 0, 0, 240]"
1963.744554,134551829,"[41, 38, 24, 250, 0, 192, 125, 0]"
1963.745694,16848960,"[113, 7, 202, 252, 0, 0, 0, 255]"
1963.746569,33888256,"[0, 0, 0, 0, 128, 3, 16, 0]"
1963.746707,33888320,"[0, 0, 0, 0, 29, 52, 6, 0]"
1963.746851,33888384,"[0, 0, 0, 0, 0, 0, 0, 0]"
1963.747001,33888512,"[0, 0, 0, 0, 0, 0, 0, 0]"
1963.747281,33929223,"[0, 0, 126, 6, 0, 24, 48, 0]"
1963.747852,33929353,"[0, 0, 0, 0, 236, 140, 136, 63]"
1963.747987,33827908,"[0, 0, 0, 98, 0, 16, 243, 255]"
1963.748253,33929351,"[0, 0, 0, 128, 0, 0, 0, 128]"
1963.748661,33929216,"[0, 0, 170, 6, 0, 24, 0, 0]"
1963.748805,33827906,"[0, 0, 0, 98, 0, 16, 0, 0]"
1963.748953,33929225,"[0, 0, 154, 6, 0, 23, 32, 0]"
1963.749533,33827905,"[0, 0, 0, 226, 0, 16, 223, 255]"
1963.750266,352595220,"[235, 255, 255, 95, 255, 8, 128, 1]"
1963.750888,33929221,"[0, 0, 135, 6, 0, 24, 48, 0]"
1963.75103,33929224,"[0, 0, 170, 6, 0, 24, 48, 0]"
1963.751174,33929349,"[246, 124, 160, 51, 0, 0, 0, 128]"
1963.751319,33929352,"[0, 0, 0, 128, 0, 0, 0, 128]"
1963.752266,33827907,"[0, 0, 0, 226, 0, 16, 20, 0]"
1963.754621,33929226,"[0, 0, 170, 6, 0, 24, 32, 0]"
1963.75502,33929222,"[0, 0, 162, 6, 0, 24, 48, 0]"
1963.755164,33929350,"[0, 0, 0, 128, 0, 0, 0, 128]"
1963.756554,33888256,"[0, 0, 0, 0, 128, 3, 16, 0]"
1963.757558,33888448,"[0, 0, 0, 0, 0, 0, 0, 0]"
1963.757895,33827908,"[0, 0, 0, 98, 0, 16, 232, 255]"
1963.758044,33828292,"[0, 0, 224, 8, 0, 0, 0, 0]"
1963.758623,33827906,"[0, 0, 0, 98, 0, 16, 250, 255]"
1963.758803,33828290,"[0, 0, 64, 7, 0, 0, 0, 0]"
1963.758951,33929225,"[0, 0, 155, 6, 0, 23, 32, 0]"
1963.759539,33827905,"[0, 0, 0, 226, 0, 16, 229, 255]"
1963.759697,33828289,"[0, 0, 128, 248, 255, 255, 0, 0]"
1963.760253,352595220,"[235, 255, 255, 95, 255, 8, 128, 1]"
1963.760405,352596180,"[241, 95, 6, 192, 253, 235, 255, 5]"
1963.76224,33827907,"[0, 0, 0, 226, 0, 16, 27, 0]"
1963.762435,33828291,"[0, 0, 224, 251, 255, 255, 0, 0]"
1963.763978,134551573,"[0, 0, 0, 0, 0, 0, 0, 0]"
1963.764129,134551637,"[0, 0, 0, 0, 0, 0, 0, 192]"
1963.764272,134551701,"[0, 0, 0, 64, 0, 0, 0, 192]"
1963.764437,134551765,"[0, 0, 112, 0, 0, 0, 0, 240]"
1963.764551,134551829,"[41, 38, 24, 250, 0, 192, 125, 0]"
1963.766549,33888256,"[0, 0, 0, 0, 128, 3, 16, 0]"
1963.766692,33888320,"[0, 0, 0, 0, 29, 52, 6, 0]"
1963.766834,16848960,"[113, 7, 202, 252, 0, 0, 0, 255]"
1963.766975,262271,"[52, 94, 170, 121, 70, 7, 149, 99]"
1963.767119,33888384,"[0, 0, 0, 0, 0, 0, 0, 0]"
1963.76727,33888512,"[0, 0, 0, 0, 0, 0, 0, 0]"
1963.767413,33929223,"[0, 0, 126, 6, 0, 24, 48, 0]"
1963.767831,33929353,"[0, 0, 0, 0, 236, 140, 136, 63]"
1963.767979,33827908,"[0, 0, 0, 98, 0, 16, 2, 0]"
1963.768243,33929351,"[0, 0, 0, 128, 0, 0, 0, 128]"
1963.768647,33929216,"[0, 0, 170, 6, 0, 24, 0, 0]"
1963.76879,33827906,"[0, 0, 0, 98, 0, 16, 248, 255]"
1963.768927,33929225,"[0, 0, 153, 6, 0, 23, 32, 0]"
1963.769561,33827905,"[0, 0, 0, 226, 0, 16, 230, 255]"
1963.770261,352595220,"[235, 255, 255, 95, 255, 8, 128, 1]"
1963.770885,33929221,"[0, 0, 135, 6, 0, 24, 48, 0]"
1963.771019,33929224,"[0, 0, 170, 6, 0, 24, 48, 0]"
1963.771162,33929349,"[246, 124, 160, 51, 0, 0, 0, 128]"
1963.771312,33929352,"[0, 0, 0, 128, 0, 0, 0, 128]"
1963.772266,33827907,"[0, 0, 0, 226, 0, 16, 16, 0]"
1963.774624,33929226,"[0, 0, 169, 6, 0, 24, 32, 0]"
1963.775033,33929222,"[0, 0, 162, 6, 0, 24, 48, 0]"
1963.775176,33929350,"[0, 0, 0, 128, 0, 0, 0, 128]"
1963.776555,33888256,"[0, 0, 0, 0, 128, 3, 16, 0]"
1963.777868,33827908,"[0, 0, 0, 98, 0, 16, 251, 255]"
1963.77803,33828292,"[0, 0, 224, 8, 0, 0, 0, 0]"
1963.778598,33827906,"[0, 0, 0, 98, 0, 16, 245, 255]"
1963.778791,33828290,"[0, 0, 64, 7, 0, 0, 0, 0]"
1963.778938,33929225,"[0, 0, 152, 6, 0, 23, 32, 0]"
1963.779527,33827905,"[0, 0, 0, 226, 0, 16, 237, 255]"
1963.779722,33828289,"[0, 0, 128, 248, 255, 255, 0, 0]"
1963.780277,352595220,"[235, 255, 255, 95, 255, 8, 128, 1]"
1963.780421,352596180,"[241, 95, 6, 192, 253, 235, 255, 5]"
1963.782251,33827907,"[0, 0, 0, 226, 0, 16, 31, 0]"
1963.782423,33828291,"[0, 0, 224, 251, 255, 255, 0, 0]"
1963.783989,134551573,"[0, 0, 0, 0, 0, 0, 0, 0]"
1963.784133,134551637,"[0, 0, 0, 0, 0, 0, 0, 192]"
1963.784271,134551701,"[0, 0, 0, 64, 0, 0, 0, 192]"
1963.784415,134551765,"[0, 0, 112, 0, 0, 0, 0, 240]"
1963.784559,134551829,"[41, 38, 24, 250, 0, 192, 125, 0]"
1963.786545,33888256,"[0, 0, 0, 0, 128, 3, 16, 0]"
1963.786683,33888320,"[0, 0, 0, 0, 29, 52, 6, 0]"
1963.786841,33888384,"[0, 0, 0, 0, 0, 0, 0, 0]"
1963.786975,33888512,"[0, 0, 0, 0, 0, 0, 0, 0]"
1963.787228,33929223,"[0, 0, 126, 6, 0, 24, 48, 0]"
1963.787415,16848960,"[113, 7, 202, 252, 0, 0, 0, 255]"
1963.787845,33929353,"[0, 0, 0, 0, 236, 140, 136, 63]"
1963.787965,33827908,"[0, 0, 0, 98, 0, 16, 232, 255]"
1963.78826,33929351,"[0, 0, 0, 128, 0, 0, 0, 128]"
1963.788618,33827906,"[0, 0, 0, 98, 0, 16, 251, 255]"
1963.788755,33929216,"[0, 0, 170, 6, 0, 24, 0, 0]"
1963.788914,33929225,"[0, 0, 154, 6, 0, 23, 32, 0]"
1963.789534,33827905,"[0, 0, 0, 226, 0, 16, 245, 255]"
1963.790268,352595220,"[235, 255, 255, 95, 255, 8, 128, 1]"
1963.790875,33929221,"[0, 0, 135, 6, 0, 24, 48, 0]"
1963.791024,33929224,"[0, 0, 170, 6, 0, 24, 48, 0]"
1963.791162,33929349,"[246, 124, 160, 51, 0, 0, 0, 128]"
1963.791306,33929352,"[0, 0, 0, 128, 0, 0, 0, 128]"
1963.792225,33827907,"[0, 0, 0, 226, 0, 16, 32, 0]"
1963.794603,33929226,"[0, 0, 170, 6, 0, 24, 32, 0]"
1963.795016,33929222,"[0, 0, 162, 6, 0, 24, 48, 0]"
1963.795168,33929350,"[0, 0, 0, 128, 0, 0, 0, 128]"
1963.796536,33888256,"[0, 0, 0, 0, 128, 3, 16, 0]"
1963.797941,33827908,"[0, 0, 0, 98, 0, 16, 241, 255]"
1963.798118,33828292,"[0, 0, 224, 8, 0, 0, 0, 0]"
1963.798572,33827906,"[0, 0, 0, 98, 0, 16, 11, 0]"
1963.79873,33828290,"[0, 0, 64, 7, 0, 0, 0, 0]"
1963.798882,33929225,"[0, 0, 154, 6, 0, 23, 32, 0]"
1963.799508,33827905,"[0, 0, 0, 226, 0, 16, 244, 255]"
1963.799703,33828289,"[0, 0, 128, 248, 255, 255, 0, 0]"
1963.800641,352595220,"[235, 255, 255, 95, 255, 8, 128, 1]"
1963.800799,352596180,"[241, 95, 6, 192, 253, 235, 255, 5]"
1963.800941,352596244,"[36, 1, 201, 0, 33, 127, 0, 0]"
1963.8011,352596436,"[29, 0, 176, 255, 255, 251, 255, 15]"
1963.801259,352596500,"[152, 0, 104, 0, 184, 63, 0, 4]"
1963.802297,33827907,"[0, 0, 0, 226, 0, 16, 24, 0]"
1963.802471,33828291,"[0, 0, 224, 251, 255, 255, 0, 0]"
1963.803971,134551573,"[0, 0, 0, 0, 0, 0, 0, 0]"
1963.804117,134551637,"[0, 0, 0, 0, 0, 0, 0, 192]"
1963.804274,134551701,"[0, 0, 0, 64, 0, 0, 0, 192]"
1963.804419,134551765,"[0, 0, 112, 0, 0, 0, 0, 240]"
1963.804549,134551829,"[41, 38, 24, 250, 0, 192, 125, 0]"
1963.806548,33888256,"[0, 0, 0, 0, 128, 3, 16, 0]"
1963.806678,33888320,"[0, 0, 0, 0, 29, 51, 6, 0]"
1963.806836,33888384,"[0, 0, 0, 0, 0, 0, 0, 0]"
1963.806993,33888512,"[0, 0, 0, 0, 0, 0, 0, 0]"
1963.807237,33929223,"[0, 0, 126, 6, 0, 24, 48, 0]"
1963.807546,33888448,"[0, 0, 0, 0, 0, 0, 0, 0]"
1963.807804,33929353,"[0, 0, 0, 0, 236, 140, 136, 63]"
1963.807952,33827908,"[0, 0, 0, 98, 0, 16, 251, 255]"
1963.808133,16848960,"[113, 7, 202, 252, 0, 0, 0, 255]"
1963.808277,33929351,"[0, 0, 0, 128, 0, 0, 0, 128]"
1963.808643,33929216,"[0, 0, 167, 6, 0, 24, 0, 0]"
1963.808787,33827906,"[0, 0, 0, 98, 0, 16, 3, 0]"
1963.808917,33929225,"[0, 0, 153, 6, 0, 23, 32, 0]"
1963.809172,262271,"[52, 94, 170, 122, 243, 179, 196, 16]"
1963.809639,33827905,"[0, 0, 0, 226, 0, 16, 229, 255]"
1963.810593,352595220,"[235, 255, 255, 95, 255, 8, 128, 1]"
1963.81087,33929221,"[0, 0, 135, 6, 0, 24, 48, 0]"
1963.811004,33929224,"[0, 0, 170, 6, 0, 24, 48, 0]"
1963.811147,33929349,"[246, 124, 160, 51, 0, 0, 0, 128]"
1963.811289,33929352,"[0, 0, 0, 128, 0, 0, 0, 128]"
1963.811638,33929280,"[0, 0, 0, 8, 0, 64, 0, 0]"
1963.812329,33827907,"[0, 0, 0, 226, 0, 16, 32, 0]"
1963.814601,33929226,"[0, 0, 170, 6, 0, 24, 32, 0]"
1963.81501,33929222,"[0, 0, 162, 6, 0, 24, 48, 0]"
1963.815175,33929350,"[0, 0, 0, 128, 0, 0, 0, 128]"
1963.816538,33888256,"[0, 0, 0, 0, 128, 3, 16, 0]"
1963.817894,33827908,"[0, 0, 0, 98, 0, 16, 254, 255]"
1963.81807,33828292,"[0, 0, 224, 8, 0, 0, 0, 0]"
1963.818672,33827906,"[0, 0, 0, 98, 0, 16, 7, 0]"
1963.818843,33828290,"[0, 0, 64, 7, 0, 0, 0, 0]"
1963.818985,33929225,"[0, 0, 154, 6, 0, 23, 32, 0]"
1963.819615,33827905,"[0, 0, 0, 226, 0, 16, 227, 255]"
1963.819814,33828289,"[0, 0, 128, 248, 255, 255, 0, 0]"
1963.820471,352595220,"[235, 255, 255, 95, 255, 8, 128, 1]"
1963.820628,352596180,"[241, 95, 6, 192, 253, 235, 255, 5]"
1963.822165,33827907,"[0, 0, 0, 226, 0, 16, 37, 0]"
1963.822358,33828291,"[0, 0, 224, 251, 255, 255, 0, 0]"
1963.823565,262847,"[0, 0, 0, 0, 2, 26, 1, 0]"
1963.823764,325951,"[2, 62, 0, 170, 170, 170, 170, 170]"
1963.823968,134551573,"[0, 0, 0, 0, 0, 0, 0, 0]"
1963.824119,134551637,"[0, 0, 0, 0, 0, 0, 0, 192]"
1963.824264,134551701,"[0, 0, 0, 64, 0, 0, 0, 192]"
1963.824408,134551765,"[0, 0, 112, 0, 0, 0, 0, 240]"
1963.824538,134551829,"[41, 38, 24, 250, 0, 192, 125, 0]"
1963.825628,33888256,"[0, 0, 255, 255, 255, 255, 0, 0]"
1963.826547,33888256,"[0, 0, 0, 0, 128, 3, 16, 0]"
1963.826677,33888320,"[0, 0, 0, 0, 29, 52, 6, 0]"
1963.826821,33888384,"[0, 0, 0, 0, 0, 0, 0, 0]"
1963.826955,33880392,"[6, 126, 2, 4, 252, 68, 8, 170]"
1963.8271,33888512,"[0, 0, 0, 0, 0, 0, 0, 0]"
1963.827252,33929223,"[0, 0, 126, 6, 0, 24, 48, 0]"
1963.827609,33930240,"[0, 0, 0, 0, 206, 32, 59, 159]"
1963.827818,33929353,"[0, 0, 0, 0, 236, 140, 136, 63]"
1963.82801,33844164,"[0, 0, 0, 0, 1, 26, 19, 0]"
1963.828182,33834820,"[0, 0, 0, 0, 0, 0, 0, 0]"
1963.828327,33929351,"[0, 0, 0, 128, 0, 0, 0, 128]"
1963.828649,33929216,"[0, 0, 169, 6, 0, 24, 0, 0]"
1963.828779,33828932,"[0, 243, 199, 46, 0, 0, 0, 0]"
1963.828909,33844162,"[0, 0, 0, 0, 1, 26, 19, 0]"
1963.829052,33827908,"[0, 0, 0, 98, 0, 16, 246, 255]"
1963.829196,33929225,"[0, 0, 154, 6, 0, 23, 32, 0]"
1963.829326,33828164,"[251, 127, 0, 192, 83, 21, 28, 24]"
1963.82947,33834818,"[0, 0, 0, 0, 0, 0, 0, 0]"
1963.829594,33844161,"[0, 0, 0, 0, 1, 26, 19, 0]"
1963.829738,33828930,"[0, 243, 199, 46, 0, 0, 0, 0]"
1963.829882,33828228,"[0, 0, 0, 231, 0, 0, 0, 0]"
1963.830031,16848960,"[113, 7, 202, 252, 0, 0, 0, 255]"
1963.830169,33828356,"[0, 0, 0, 0, 0, 0, 0, 128]"
1963.830328,33834817,"[0, 0, 0, 0, 0, 0, 0, 0]"
1963.830472,33827906,"[0, 0, 0, 98, 0, 16, 252, 255]"
1963.830616,33828929,"[0, 243, 199, 46, 0, 0, 0, 0]"
1963.830746,33828162,"[254, 127, 0, 0, 84, 21, 28, 23]"
1963.830898,33827905,"[0, 0, 0, 226, 0, 16, 234, 255]"
1963.831033,33828226,"[0, 0, 64, 189, 0, 0, 0, 0]"
1963.831177,33828420,"[0, 0, 0, 0, 0, 0, 0, 128]"
1963.831321,33929221,"[0, 0, 135, 6, 0, 24, 48, 0]"
1963.831472,33828161,"[245, 127, 0, 0, 84, 20, 27, 24]"
1963.831616,33828354,"[0, 0, 0, 0, 0, 0, 0, 128]"
1963.83176,33828225,"[0, 0, 0, 62, 255, 255, 0, 0]"
1963.831905,33828418,"[0, 0, 0, 0, 0, 0, 0, 128]"
1963.832047,33828484,"[8, 0, 0, 0, 0, 0, 0, 0]"
1963.832192,33929224,"[0, 0, 171, 6, 0, 24, 48, 0]"
1963.832336,33828548,"[0, 0, 4, 0, 0, 0, 0, 0]"
1963.83248,33828353,"[0, 0, 0, 0, 0, 0, 0, 128]"
1963.832624,33828482,"[8, 0, 0, 0, 0, 0, 0, 0]"
1963.832776,33828417,"[0, 0, 0, 0, 0, 0, 0, 128]"
1963.832924,33828546,"[0, 0, 4, 0, 0, 0, 0, 0]"
1963.833041,33844163,"[0, 0, 0, 0, 1, 26, 19, 0]"
1963.833185,33929349,"[246, 124, 160, 51, 0, 0, 0, 128]"
1963.833323,33834819,"[0, 0, 0, 0, 0, 0, 0, 0]"
1963.833467,33929352,"[0, 0, 0, 128, 0, 0, 0, 128]"
1963.833611,33828481,"[8, 0, 0, 0, 0, 0, 0, 0]"
1963.833756,33828931,"[0, 243, 199, 46, 0, 0, 0, 0]"
1963.8339,33828545,"[0, 0, 4, 0, 0, 0, 0, 0]"
1963.834042,352595220,"[235, 255, 255, 95, 255, 8, 128, 1]"
1963.834187,33827907,"[0, 0, 0, 226, 0, 16, 33, 0]"
1963.834388,33828163,"[239, 127, 0, 192, 83, 19, 27, 24]"
1963.834611,33929226,"[0, 0, 170, 6, 0, 24, 32, 0]"
1963.835002,33929222,"[0, 0, 162, 6, 0, 24, 48, 0]"
1963.835146,33828227,"[0, 0, 64, 152, 255, 255, 0, 0]"
1963.835297,33929350,"[0, 0, 0, 128, 0, 0, 0, 128]"
1963.835441,33828355,"[0, 0, 0, 0, 0, 0, 0, 128]"
1963.83611,33828419,"[0, 0, 0, 0, 0, 0, 0, 128]"
1963.836382,33828483,"[8, 0, 0, 0, 0, 0, 0, 0]"
1963.836534,33888256,"[0, 0, 0, 0, 128, 3, 16, 0]"
1963.837146,33828547,"[0, 0, 4, 0, 0, 0, 0, 0]"
1963.837575,33880391,"[6, 126, 2, 4, 252, 66, 7, 170]"
1963.837944,33827908,"[0, 0, 0, 98, 0, 16, 240, 255]"
1963.838146,33828292,"[0, 0, 224, 8, 0, 0, 0, 0]"
1963.838284,33880394,"[6, 126, 2, 4, 252, 67, 10, 170]"
1963.838414,352647497,"[6, 126, 21, 4, 252, 84, 9, 170]"
1963.838658,33827906,"[0, 0, 0, 98, 0, 16, 3, 0]"
1963.83883,33828290,"[0, 0, 64, 7, 0, 0, 0, 0]"
1963.838972,33929225,"[0, 0, 154, 6, 0, 23, 32, 0]"
1963.839386,33880390,"[6, 126, 2, 4, 252, 65, 6, 170]"
1963.839609,33827905,"[0, 0, 0, 226, 0, 16, 223, 255]"
1963.839852,33828289,"[0, 0, 128, 248, 255, 255, 0, 0]"
1963.840265,352595220,"[235, 255, 255, 95, 255, 8, 128, 1]"
1963.840424,352596180,"[241, 95, 6, 192, 253, 235, 255, 5]"
1963.842195,33827907,"[0, 0, 0, 226, 0, 16, 28, 0]"
1963.842354,33828291,"[0, 0, 224, 251, 255, 255, 0, 0]"
1963.843965,134551573,"[0, 0, 0, 0, 0, 0, 0, 0]"
1963.84411,134551637,"[0, 0, 0, 0, 0, 0, 0, 192]"
1963.844254,134551701,"[0, 0, 0, 64, 0, 0, 0, 192]"
1963.844421,134551765,"[0, 0, 112, 0, 0, 0, 0, 240]"
1963.844536,134551829,"[41, 38, 24, 250, 0, 192, 125, 0]"
1963.846521,33888256,"[0, 0, 0, 0, 128, 3, 16, 0]"
1963.846664,33888320,"[0, 0, 0, 0, 29, 52, 6, 0]"
1963.846844,33888384,"[0, 0, 0, 0, 0, 0, 0, 0]"
1963.846964,33888512,"[0, 0, 0, 0, 0, 0, 0, 0]"
1963.847236,33929223,"[0, 0, 127, 6, 0, 24, 48, 0]"
1963.847801,33929353,"[0, 0, 0, 0, 236, 140, 136, 63]"
1963.847949,33827908,"[0, 0, 0, 98, 0, 16, 247, 255]"
1963.84823,33929351,"[0, 0, 0, 128, 0, 0, 0, 128]"
1963.84863,33929216,"[0, 0, 169, 6, 0, 24, 0, 0]"
1963.848768,33827906,"[0, 0, 0, 98, 0, 16, 246, 255]"
1963.848912,33929225,"[0, 0, 154, 6, 0, 23, 32, 0]"
1963.849525,33827905,"[0, 0, 0, 226, 0, 16, 218, 255]"
1963.85023,352611284,"[0, 0, 0, 0, 1, 26, 19, 0]"
1963.850374,352601940,"[0, 0, 0, 0, 0, 64, 0, 0]"
1963.850518,352595220,"[235, 255, 255, 95, 255, 8, 128, 1]"
1963.850676,352596308,"[41, 29, 0, 22, 176, 0, 0, 255]"
1963.850828,352596372,"[4, 0, 32, 255, 255, 254, 255, 159]"
1963.850961,33929221,"[0, 0, 136, 6, 0, 24, 48, 0]"
1963.851106,33929224,"[0, 0, 171, 6, 0, 24, 48, 0]"
1963.85125,33929349,"[246, 124, 160, 51, 0, 0, 0, 128]"
1963.851387,16848960,"[113, 7, 202, 252, 0, 0, 0, 255]"
1963.851532,33929352,"[0, 0, 0, 128, 0, 0, 0, 128]"
1963.851676,352596692,"[3, 0, 0, 0, 255, 255, 0, 0]"
1963.851834,352596628,"[245, 98, 0, 0, 0, 0, 0, 0]"
1963.851991,352596820,"[0, 0, 0, 0, 0, 0, 0, 0]"
1963.852135,352596884,"[171, 255, 50, 0, 159, 2, 0, 0]"
1963.85228,262271,"[52, 94, 171, 121, 186, 43, 73, 121]"
1963.852424,33827907,"[0, 0, 0, 226, 0, 16, 18, 0]"
1963.853528,33888704,"[0, 0, 0, 0, 0, 0, 0, 0]"
1963.854597,33929226,"[0, 0, 169, 6, 0, 24, 32, 0]"
1963.854739,33929290,"[0, 0, 0, 0, 0, 64, 0, 0]"
1963.855007,33929222,"[0, 0, 161, 6, 0, 24, 48, 0]"
1963.855149,33929350,"[0, 0, 0, 128, 0, 0, 0, 128]"
1963.855975,33929288,"[0, 0, 0, 0, 0, 64, 0, 0]"
1963.856521,33888256,"[0, 0, 0, 0, 128, 3, 16, 0]"
1963.857523,33888448,"[0, 0, 0, 0, 0, 0, 0, 0]"
1963.857844,33827908,"[0, 0, 0, 98, 0, 16, 244, 255]"
1963.858033,33828292,"[0, 0, 224, 8, 0, 0, 0, 0]"
1963.858641,33827906,"[0, 0, 0, 98, 0, 16, 255, 255]"
1963.858826,33828290,"[0, 0, 64, 7, 0, 0, 0, 0]"
1963.858973,33929225,"[0, 0, 154, 6, 0, 23, 32, 0]"
1963.859505,33827905,"[0, 0, 0, 226, 0, 16, 219, 255]"
1963.859684,33828289,"[0, 0, 128, 248, 255, 255, 0, 0]"
1963.860249,352595220,"[234, 255, 255, 95, 255, 8, 128, 1]"
1963.860406,352596180,"[241, 95, 6, 192, 253, 235, 255, 5]"
1963.862287,33827907,"[0, 0, 0, 226, 0, 16, 32, 0]"
1963.862465,33828291,"[0, 0, 224, 251, 255, 255, 0, 0]"
1963.863981,134551573,"[0, 0, 0, 0, 0, 0, 0, 0]"
1963.864096,134551637,"[0, 0, 0, 0, 0, 0, 0, 192]"
1963.864253,134551701,"[0, 0, 0, 64, 0, 0, 0, 192]"
1963.864389,134551765,"[0, 0, 112, 0, 0, 0, 0, 240]"
1963.864532,134551829,"[41, 38, 24, 250, 0, 192, 125, 0]"
1963.865012,33929286,"[0, 0, 0, 0, 0, 64, 0, 0]"
1963.866529,33888256,"[0, 0, 0, 0, 128, 3, 16, 0]"
1963.866657,33888320,"[0, 0, 0, 0, 29, 52, 6, 0]"
1963.866814,33888384,"[0, 0, 0, 0, 0, 0, 0, 0]"
1963.866969,33888512,"[0, 0, 0, 0, 0, 0, 0, 0]"
1963.867211,33929223,"[0, 0, 126, 6, 0, 24, 48, 0]"
1963.867821,33929353,"[0, 0, 0, 0, 236, 140, 136, 63]"
1963.86794,33827908,"[0, 0, 0, 98, 0, 16, 4, 0]"
1963.868233,33929351,"[0, 0, 0, 128, 0, 0, 0, 128]"
1963.868587,33888266,"[0, 0, 255, 255, 255, 255, 0, 0]"
1963.868724,33827906,"[0, 0, 0, 98, 0, 16, 255, 255]"
1963.868867,33929216,"[0, 0, 167, 6, 0, 24, 0, 0]"
1963.869014,33929225,"[0, 0, 154, 6, 0, 23, 32, 0]"
1963.869501,33827905,"[0, 0, 0, 226, 0, 16, 247, 255]"
1963.869969,33888264,"[0, 0, 255, 255, 255, 255, 0, 0]"
1963.870278,352595220,"[234, 255, 255, 95, 255, 8, 128, 1]"
1963.870564,33930250,"[0, 0, 0, 0, 194, 32, 248, 28]"
1963.870858,33929221,"[0, 0, 135, 6, 0, 24, 48, 0]"
1963.871007,33929224,"[0, 0, 170, 6, 0, 24, 48, 0]"
1963.871145,33929349,"[246, 124, 160, 51, 0, 0, 0, 128]"
1963.871289,33929352,"[0, 0, 0, 128, 0, 0, 0, 128]"
1963.871847,33888261,"[0, 0, 255, 255, 255, 255, 0, 0]"
1963.871996,16848960,"[113, 7, 202, 252, 0, 0, 0, 255]"
1963.872092,33930248,"[0, 0, 0, 0, 151, 92, 17, 13]"
1963.872329,33827907,"[0, 0, 0, 226, 0, 16, 29, 0]"
1963.873817,33930245,"[0, 0, 0, 0, 148, 245, 112, 51]"
1963.874578,33929226,"[0, 0, 169, 6, 0, 24, 32, 0]"
1963.874991,33929222,"[0, 0, 162, 6, 0, 24, 48, 0]"
1963.875143,33929350,"[0, 0, 0, 128, 0, 0, 0, 128]"
1963.876517,33888256,"[0, 0, 0, 0, 128, 3, 16, 0]"
1963.877869,33827908,"[0, 0, 0, 98, 0, 16, 2, 0]"
1963.878046,33828292,"[0, 0, 224, 8, 0, 0, 0, 0]"
1963.878675,33827906,"[0, 0, 0, 98, 0, 16, 4, 0]"
1963.878847,33828290,"[0, 0, 64, 7, 0, 0, 0, 0]"
1963.879011,33888262,"[0, 0, 255, 255, 255, 255, 0, 0]"
1963.879149,33929225,"[0, 0, 154, 6, 0, 23, 32, 0]"
1963.879557,33827905,"[0, 0, 0, 226, 0, 16, 4, 0]"
1963.879744,33828289,"[0, 0, 128, 248, 255, 255, 0, 0]"
1963.880242,352595220,"[234, 255, 255, 95, 255, 8, 128, 1]"
1963.880401,352596180,"[241, 95, 6, 192, 253, 235, 255, 5]"
1963.880955,33930246,"[0, 0, 0, 0, 132, 109, 126, 7]"
1963.882193,33827907,"[0, 0, 0, 226, 0, 16, 17, 0]"
1963.882365,33828291,"[0, 0, 224, 251, 255, 255, 0, 0]"
1963.883951,134551573,"[0, 0, 0, 0, 0, 0, 0, 0]"
1963.88409,134551637,"[0, 0, 0, 0, 0, 0, 0, 192]"
1963.884248,134551701,"[0, 0, 0, 64, 0, 0, 0, 192]"
1963.884392,134551765,"[0, 0, 112, 0, 0, 0, 0, 240]"
1963.88453,134551829,"[41, 38, 24, 250, 0, 192, 125, 0]"
1963.886505,33888256,"[0, 0, 0, 0, 128, 3, 16, 0]"
1963.88665,33888320,"[0, 0, 0, 0, 29, 51, 6, 0]"
1963.886802,33888384,"[0, 0, 0, 0, 0, 0, 0, 0]"
1963.88695,33888512,"[0, 0, 0, 0, 0, 0, 0, 0]"
1963.887217,33929223,"[0, 0, 126, 6, 0, 24, 48, 0]"
1963.887867,33929353,"[0, 0, 0, 0, 236, 140, 136, 63]"
1963.888002,33827908,"[0, 0, 0, 98, 0, 16, 239, 255]"
1963.888211,33929351,"[0, 0, 0, 128, 0, 0, 0, 128]"
1963.888562,33827906,"[0, 0, 0, 98, 0, 16, 10, 0]"
1963.888706,33929216,"[0, 0, 169, 6, 0, 24, 0, 0]"
1963.888925,33929225,"[0, 0, 154, 6, 0, 23, 32, 0]"
1963.889149,33880326,"[2, 62, 0, 170, 170, 170, 170, 170]"
1963.889584,33880390,"[6, 126, 2, 4, 252, 65, 6, 170]"
1963.889799,33827905,"[0, 0, 0, 226, 0, 16, 238, 255]"
1963.890212,352595220,"[234, 255, 255, 95, 255, 8, 128, 1]"
1963.890841,33929221,"[0, 0, 135, 6, 0, 24, 48, 0]"
1963.89099,33929224,"[0, 0, 170, 6, 0, 24, 48, 0]"
1963.891128,33929349,"[246, 124, 160, 51, 0, 0, 0, 128]"
1963.891273,33929352,"[0, 0, 0, 128, 0, 0, 0, 128]"
1963.89222,33827907,"[0, 0, 0, 226, 0, 16, 40, 0]"
1963.892614,16848960,"[113, 7, 202, 252, 0, 0, 0, 255]"
1963.894026,262271,"[52, 94, 170, 126, 133, 111, 231, 113]"
1963.894599,33929226,"[0, 0, 168, 6, 0, 24, 32, 0]"
1963.894983,33929222,"[0, 0, 161, 6, 0, 24, 48, 0]"
1963.895128,33929350,"[0, 0, 0, 128, 0, 0, 0, 128]"
1963.895422,33880326,"[1, 176, 170, 170, 170, 170, 170, 170]"
1963.896398,33880390,"[16, 98, 240, 26, 1, 1, 0, 243]"
1963.89655,33888256,"[0, 0, 0, 0, 128, 3, 16, 0]"
1963.897844,33827908,"[0, 0, 0, 98, 0, 16, 253, 255]"
1963.898007,33828292,"[0, 0, 224, 8, 0, 0, 0, 0]"
1963.898651,33827906,"[0, 0, 0, 98, 0, 16, 249, 255]"
1963.898846,33828290,"[0, 0, 64, 7, 0, 0, 0, 0]"
1963.898995,33929225,"[0, 0, 154, 6, 0, 23, 32, 0]"
1963.899512,33888576,"[0, 0, 0, 0, 0, 0, 16, 0]"
1963.899649,33827905,"[0, 0, 0, 226, 0, 16, 219, 255]"
1963.899862,33828289,"[0, 0, 128, 248, 255, 255, 0, 0]"
1963.900258,352595220,"[234, 255, 255, 95, 255, 8, 128, 1]"
1963.9004,352596180,"[241, 95, 6, 192, 253, 235, 255, 5]"
1963.900551,33888640,"[0, 0, 0, 0, 0, 0, 0, 0]"
1963.900693,352596244,"[34, 1, 203, 0, 33, 127, 0, 0]"
1963.900872,352596436,"[42, 0, 176, 254, 255, 6, 0, 0]"
1963.900991,33929285,"[0, 0, 0, 0, 0, 64, 0, 0]"
1963.901134,352596500,"[140, 0, 136, 0, 184, 63, 0, 4]"
1963.901622,33880326,"[48, 0, 5, 170, 170, 170, 170, 170]"
1963.902279,33827907,"[0, 0, 0, 226, 0, 16, 30, 0]"
1963.902472,33828291,"[0, 0, 224, 251, 255, 255, 0, 0]"
1963.903946,134551573,"[0, 0, 0, 0, 0, 0, 0, 0]"
1963.904083,134551637,"[0, 0, 0, 0, 0, 0, 0, 192]"
1963.90424,134551701,"[0, 0, 0, 64, 0, 0, 0, 192]"
1963.904383,134551765,"[0, 0, 112, 0, 0, 0, 0, 240]"
1963.904519,134551829,"[41, 38, 24, 250, 0, 192, 125, 0]"
1963.906515,33888256,"[0, 0, 0, 0, 128, 3, 16, 0]"
1963.906643,33888320,"[0, 0, 0, 0, 29, 52, 6, 0]"
1963.9068,33888384,"[0, 0, 0, 0, 0, 0, 0, 0]"
1963.906955,33888512,"[0, 0, 0, 0, 0, 0, 0, 0]"
1963.907212,33929223,"[0, 0, 126, 6, 0, 24, 48, 0]"
1963.907532,33888448,"[0, 0, 0, 0, 0, 0, 0, 0]"
1963.907697,33880390,"[33, 0, 0, 32, 1, 0, 25, 0]"
1963.907854,33827908,"[0, 0, 0, 98, 0, 16, 242, 255]"
1963.908001,33929353,"[0, 0, 0, 0, 236, 140, 136, 63]"
1963.908208,33929351,"[0, 0, 0, 128, 0, 0, 0, 128]"
1963.908612,33929216,"[0, 0, 168, 6, 0, 24, 0, 0]"
1963.908754,33827906,"[0, 0, 0, 98, 0, 16, 10, 0]"
1963.908901,33929225,"[0, 0, 154, 6, 0, 23, 32, 0]"
1963.909525,33827905,"[0, 0, 0, 226, 0, 16, 240, 255]"
1963.910247,352595220,"[234, 255, 255, 95, 255, 8, 128, 1]"
1963.910843,33929221,"[0, 0, 136, 6, 0, 24, 48, 0]"
1963.910984,33929224,"[0, 0, 169, 6, 0, 24, 48, 0]"
1963.911127,33929349,"[246, 124, 160, 51, 0, 0, 0, 128]"
1963.911264,33929352,"[0, 0, 0, 128, 0, 0, 0, 128]"
1963.912289,33827907,"[0, 0, 0, 226, 0, 16, 15, 0]"
1963.912594,33880390,"[34, 9, 10, 233, 7, 3, 4, 30]"
1963.913286,16848960,"[113, 7, 202, 252, 0, 0, 0, 255]"
1963.914573,33929226,"[0, 0, 169, 6, 0, 24, 32, 0]"
1963.914995,33929222,"[0, 0, 161, 6, 0, 24, 48, 0]"
1963.915139,33929350,"[0, 0, 0, 128, 0, 0, 0, 128]"
1963.916529,33888256,"[0, 0, 0, 0, 128, 3, 16, 0]"
1963.917576,33880390,"[35, 4, 0, 0, 0, 128, 0, 224]"
1963.91787,33827908,"[0, 0, 0, 98, 0, 16, 238, 255]"
1963.918056,33828292,"[0, 0, 224, 8, 0, 0, 0, 0]"
1963.918685,33827906,"[0, 0, 0, 98, 0, 16, 22, 0]"
1963.918852,33828290,"[0, 0, 64, 7, 0, 0, 0, 0]"
1963.919001,33929225,"[0, 0, 154, 6, 0, 23, 32, 0]"
1963.919531,33827905,"[0, 0, 0, 226, 0, 16, 231, 255]"
1963.919711,33828289,"[0, 0, 128, 248, 255, 255, 0, 0]"
1963.920203,352595220,"[234, 255, 255, 95, 255, 8, 128, 1]"
1963.920383,352596180,"[241, 95, 6, 192, 253, 235, 255, 5]"
1963.922184,33827907,"[0, 0, 0, 226, 0, 16, 25, 0]"
1963.922378,33828291,"[0, 0, 224, 251, 255, 255, 0, 0]"
1963.922551,33880390,"[36, 171, 0, 106, 25, 14, 0, 84]"
1963.923932,134551573,"[0, 0, 0, 0, 0, 0, 0, 0]"
1963.924077,134551637,"[0, 0, 0, 0, 0, 0, 0, 192]"
1963.924229,134551701,"[0, 0, 0, 64, 0, 0, 0, 192]"
1963.924395,134551765,"[0, 0, 112, 0, 0, 0, 0, 240]"
1963.92451,134551829,"[41, 38, 24, 250, 0, 192, 125, 0]"
1963.926525,33888256,"[0, 0, 0, 0, 128, 3, 16, 0]"
1963.926663,33888320,"[0, 0, 0, 0, 29, 52, 6, 0]"
1963.926807,33888384,"[0, 0, 0, 0, 0, 0, 0, 0]"
1963.926949,33888512,"[0, 0, 0, 0, 0, 0, 0, 0]"
1963.927202,33929223,"[0, 0, 125, 6, 0, 24, 48, 0]"
1963.927603,33880390,"[37, 97, 108, 111, 110, 32, 70, 88]"
1963.927869,33929353,"[0, 0, 0, 0, 236, 140, 136, 63]"
1963.92799,33827908,"[0, 0, 0, 98, 0, 16, 2, 0]"
1963.928198,33929287,"[0, 0, 0, 0, 0, 64, 0, 0]"
1963.92835,33929351,"[0, 0, 0, 128, 0, 0, 0, 128]"
1963.928516,33888263,"[0, 0, 255, 255, 255, 255, 0, 0]"
1963.928631,33827906,"[0, 0, 0, 98, 0, 16, 22, 0]"
1963.928783,33929216,"[0, 0, 168, 6, 0, 24, 0, 0]"
1963.928925,33929225,"[0, 0, 154, 6, 0, 23, 32, 0]"
1963.929027,33930247,"[0, 0, 0, 0, 123, 170, 37, 73]"
1963.929565,33827905,"[0, 0, 0, 226, 0, 16, 231, 255]"
1963.93025,352595220,"[234, 255, 255, 95, 255, 8, 128, 1]"
1963.930844,33929221,"[0, 0, 136, 6, 0, 24, 48, 0]"
1963.930987,33929349,"[246, 124, 160, 51, 0, 0, 0, 128]"
1963.93114,33929352,"[0, 0, 0, 128, 0, 0, 0, 128]"
1963.931269,33929224,"[0, 0, 171, 6, 0, 24, 48, 0]"
1963.93224,33827907,"[0, 0, 0, 226, 0, 16, 20, 0]"
1963.932513,33880390,"[38, 32, 118, 101, 114, 115, 46, 32]"
1963.933936,16848960,"[113, 7, 202, 252, 0, 0, 0, 255]"
1963.934582,33929226,"[0, 0, 169, 6, 0, 24, 32, 0]"
1963.934989,33929222,"[0, 0, 161, 6, 0, 24, 48, 0]"
1963.935155,33929350,"[0, 0, 0, 128, 0, 0, 0, 128]"
1963.936282,262271,"[52, 94, 170, 121, 21, 16, 43, 58]"
1963.936519,33888256,"[0, 0, 0, 0, 128, 3, 16, 0]"
1963.937531,33880390,"[39, 67, 0, 0, 0, 0, 0, 0]"
1963.937846,33827908,"[0, 0, 0, 98, 0, 16, 253, 255]"
1963.938023,33828292,"[0, 0, 224, 8, 0, 0, 0, 0]"
1963.938661,33827906,"[0, 0, 0, 98, 0, 16, 15, 0]"
1963.938841,33828290,"[0, 0, 64, 7, 0, 0, 0, 0]"
1963.939047,33929225,"[0, 0, 154, 6, 0, 23, 32, 0]"
1963.939477,33827905,"[0, 0, 0, 226, 0, 16, 248, 255]"
1963.939664,33828289,"[0, 0, 128, 248, 255, 255, 0, 0]"
1963.940222,352595220,"[234, 255, 255, 95, 255, 8, 128, 1]"
1963.940379,352596180,"[241, 95, 6, 192, 253, 235, 255, 5]"
1963.942195,33827907,"[0, 0, 0, 226, 0, 16, 25, 0]"
1963.942362,33828291,"[0, 0, 224, 251, 255, 255, 0, 0]"
1963.942514,33880390,"[40, 0, 0, 0, 0, 0, 0, 0]"
1963.943952,134551573,"[0, 0, 0, 0, 0, 0, 0, 0]"
1963.944082,134551637,"[0, 0, 0, 0, 0, 0, 0, 192]"
1963.944224,134551701,"[0, 0, 0, 64, 0, 0, 0, 192]"
1963.944375,134551765,"[0, 0, 112, 0, 0, 0, 0, 240]"
1963.944512,134551829,"[41, 38, 24, 250, 0, 192, 125, 0]"
1963.946519,33888256,"[0, 0, 0, 0, 128, 3, 16, 0]"
1963.94667,33888320,"[0, 0, 0, 0, 29, 51, 6, 0]"
1963.946799,33888384,"[0, 0, 0, 0, 0, 0, 0, 0]"
1963.946954,33888512,"[0, 0, 0, 0, 0, 0, 0, 0]"
1963.947196,33929223,"[0, 0, 125, 6, 0, 24, 48, 0]"
1963.947566,33880390,"[41, 0, 0, 0, 67, 84, 82, 32]"
1963.947844,33929353,"[0, 0, 0, 0, 236, 140, 136, 63]"
1963.947992,33827908,"[0, 0, 0, 98, 0, 16, 252, 255]"
1963.948199,33929351,"[0, 0, 0, 128, 0, 0, 0, 128]"
1963.948569,33827906,"[0, 0, 0, 98, 0, 16, 14, 0]"
1963.94872,33929216,"[0, 0, 168, 6, 0, 24, 0, 0]"
1963.948862,33929225,"[0, 0, 152, 6, 0, 23, 32, 0]"
1963.949485,33827905,"[0, 0, 0, 226, 0, 16, 250, 255]"
1963.950207,352595220,"[235, 255, 255, 95, 255, 8, 128, 1]"
1963.950825,33929221,"[0, 0, 134, 6, 0, 24, 48, 0]"
1963.950981,33929224,"[0, 0, 170, 6, 0, 24, 48, 0]"
1963.95111,33929349,"[246, 124, 160, 51, 0, 0, 0, 128]"
1963.95126,33929352,"[0, 0, 0, 128, 0, 0, 0, 128]"
1963.952202,33827907,"[0, 0, 0, 226, 0, 16, 13, 0]"
1963.952544,33880390,"[42, 69, 108, 101, 99, 116, 114, 111]"
1963.954572,33929226,"[0, 0, 168, 6, 0, 24, 32, 0]"
1963.954715,16848960,"[113, 7, 202, 252, 0, 0, 0, 255]"
1963.95499,33929222,"[0, 0, 161, 6, 0, 24, 48, 0]"
1963.955132,33929350,"[0, 0, 0, 128, 0, 0, 0, 128]"
1963.956508,33888256,"[0, 0, 0, 0, 128, 3, 16, 0]"
1963.957519,33888448,"[0, 0, 0, 0, 0, 0, 0, 0]"
1963.957662,33880390,"[43, 110, 105, 99, 115, 0, 0, 0]"
1963.957907,33827908,"[0, 0, 0, 98, 0, 16, 237, 255]"
1963.958073,33828292,"[0, 0, 224, 8, 0, 0, 0, 0]"
1963.958591,33827906,"[0, 0, 0, 98, 0, 16, 19, 0]"
1963.958776,33828290,"[0, 0, 64, 7, 0, 0, 0, 0]"
1963.958922,33929225,"[0, 0, 154, 6, 0, 23, 32, 0]"
1963.959075,33929289,"[0, 0, 0, 8, 0, 64, 0, 0]"
1963.959503,33827905,"[0, 0, 0, 226, 0, 16, 238, 255]"
1963.959684,33828289,"[0, 0, 128, 248, 255, 255, 0, 0]"
1963.960211,352595220,"[235, 255, 255, 95, 255, 8, 128, 1]"
1963.960369,352596180,"[241, 95, 6, 192, 253, 235, 255, 5]"
1963.962262,33827907,"[0, 0, 0, 226, 0, 16, 9, 0]"
1963.962449,33828291,"[0, 0, 224, 251, 255, 255, 0, 0]"
1963.962601,33880390,"[44, 0, 0, 0, 0, 0, 0, 0]"
1963.963922,134551573,"[0, 0, 0, 0, 0, 0, 0, 0]"
1963.964067,134551637,"[0, 0, 0, 0, 0, 0, 0, 192]"
1963.964225,134551701,"[0, 0, 0, 64, 0, 0, 0, 192]"
1963.96437,134551765,"[0, 0, 112, 0, 0, 0, 0, 240]"
1963.9645,134551829,"[41, 38, 24, 250, 0, 192, 125, 0]"
1963.966506,33888256,"[0, 0, 0, 0, 128, 3, 16, 0]"
1963.966644,33888320,"[0, 0, 0, 0, 29, 52, 6, 0]"
1963.966803,33888384,"[0, 0, 0, 0, 0, 0, 0, 0]"
1963.966951,33888512,"[0, 0, 0, 0, 0, 0, 0, 0]"
1963.967203,33929223,"[0, 0, 125, 6, 0, 24, 48, 0]"
1963.967597,33880390,"[45, 0, 0, 0, 0, 0, 0, 0]"
1963.967827,33827908,"[0, 0, 0, 98, 0, 16, 245, 255]"
1963.967961,33929353,"[0, 0, 0, 0, 236, 140, 136, 63]"
1963.968199,33929351,"[0, 0, 0, 128, 0, 0, 0, 128]"
1963.968593,33929216,"[0, 0, 169, 6, 0, 24, 0, 0]"
1963.968737,33827906,"[0, 0, 0, 98, 0, 16, 252, 255]"
1963.968928,33929225,"[0, 0, 153, 6, 0, 23, 32, 0]"
1963.969515,33827905,"[0, 0, 0, 226, 0, 16, 246, 255]"
1963.970227,352595220,"[235, 255, 255, 95, 255, 8, 128, 1]"
1963.97082,33929221,"[0, 0, 135, 6, 0, 24, 48, 0]"
1963.970969,33929224,"[0, 0, 170, 6, 0, 24, 48, 0]"
1963.971107,33929349,"[246, 124, 160, 51, 0, 0, 0, 128]"
1963.971252,33929352,"[0, 0, 0, 128, 0, 0, 0, 128]"
1963.972142,33827907,"[0, 0, 0, 226, 0, 16, 1, 0]"
1963.972593,33880390,"[46, 19, 170, 170, 170, 170, 170, 170]"
1963.974557,33929226,"[0, 0, 169, 6, 0, 24, 32, 0]"
1963.974969,33929222,"[0, 0, 161, 6, 0, 24, 48, 0]"
1963.975114,33929350,"[0, 0, 0, 128, 0, 0, 0, 128]"
1963.975479,16848960,"[113, 7, 202, 252, 0, 0, 0, 255]"
1963.976498,33888256,"[0, 0, 0, 0, 128, 3, 16, 0]"
1963.977823,33827908,"[0, 0, 0, 98, 0, 16, 234, 255]"
1963.97798,33828292,"[0, 0, 224, 8, 0, 0, 0, 0]"
1963.97863,33827906,"[0, 0, 0, 98, 0, 16, 242, 255]"
1963.978825,33828290,"[0, 0, 64, 7, 0, 0, 0, 0]"
1963.978959,262271,"[52, 94, 171, 121, 101, 60, 17, 199]"
1963.979089,33929225,"[0, 0, 153, 6, 0, 23, 32, 0]"
1963.979526,33880326,"[1, 187, 170, 170, 170, 170, 170, 170]"
1963.979678,33827905,"[0, 0, 0, 226, 0, 16, 240, 255]"
1963.980233,352595220,"[234, 255, 255, 95, 255, 8, 128, 1]"
1963.980377,33828289,"[0, 0, 128, 248, 255, 255, 0, 0]"
1963.980522,352596180,"[241, 95, 6, 192, 253, 235, 255, 5]"
1963.980674,33880390,"[6, 251, 1, 163, 115, 5, 0, 170]"
1963.982238,33827907,"[0, 0, 0, 226, 0, 16, 9, 0]"
1963.982425,33828291,"[0, 0, 224, 251, 255, 255, 0, 0]"
1963.983925,134551573,"[0, 0, 0, 0, 0, 0, 0, 0]"
1963.984063,134551637,"[0, 0, 0, 0, 0, 0, 0, 192]"
1963.984207,134551701,"[0, 0, 0, 64, 0, 0, 0, 192]"
1963.984352,134551765,"[0, 0, 112, 0, 0, 0, 0, 240]"
1963.984489,134551829,"[41, 38, 24, 250, 0, 192, 125, 0]"
1963.986496,33888256,"[0, 0, 0, 0, 128, 3, 16, 0]"
1963.98664,33888320,"[0, 0, 0, 0, 29, 52, 6, 0]"
1963.986778,33888384,"[0, 0, 0, 0, 0, 0, 0, 0]"
1963.986926,33888512,"[0, 0, 0, 0, 0, 0, 0, 0]"
1963.987194,33929223,"[0, 0, 125, 6, 0, 24, 48, 0]"
1963.987814,33929353,"[0, 0, 0, 0, 236, 140, 136, 63]"
1963.987963,33827908,"[0, 0, 0, 98, 0, 16, 248, 255]"
1963.988187,33929351,"[0, 0, 0, 128, 0, 0, 0, 128]"
1963.988573,33827906,"[0, 0, 0, 98, 0, 16, 8, 0]"
1963.988725,33929216,"[0, 0, 168, 6, 0, 24, 0, 0]"
1963.988869,33929225,"[0, 0, 154, 6, 0, 23, 32, 0]"
1963.989004,33880326,"[1, 200, 170, 170, 170, 170, 170, 170]"
1963.989479,33827905,"[0, 0, 0, 226, 0, 16, 250, 255]"
1963.9897,33880390,"[16, 12, 8, 0, 9, 70, 76, 32]"
1963.990195,352595220,"[234, 255, 255, 95, 255, 7, 128, 1]"
1963.990825,33929221,"[0, 0, 135, 6, 0, 24, 48, 0]"
1963.990966,33929349,"[246, 124, 160, 51, 0, 0, 0, 128]"
1963.991109,33929352,"[0, 0, 0, 128, 0, 0, 0, 128]"
1963.991252,33929224,"[0, 0, 171, 6, 0, 24, 48, 0]"
1963.992256,33827907,"[0, 0, 0, 226, 0, 16, 32, 0]"
1963.99455,33929226,"[0, 0, 169, 6, 0, 24, 32, 0]"
1963.994958,33929222,"[0, 0, 161, 6, 0, 24, 48, 0]"
1963.995102,33880326,"[48, 0, 5, 170, 170, 170, 170, 170]"
1963.995245,33929350,"[0, 0, 0, 128, 0, 0, 0, 128]"
1963.996503,33888256,"[0, 0, 0, 0, 128, 3, 16, 0]"
1963.996645,16848960,"[113, 7, 202, 252, 0, 0, 0, 255]"
1963.997804,33827908,"[0, 0, 0, 98, 0, 16, 241, 255]"
1963.997965,33828292,"[0, 0, 224, 8, 0, 0, 0, 0]"
1963.998597,33827906,"[0, 0, 0, 98, 0, 16, 9, 0]"
1963.998761,33828290,"[0, 0, 64, 7, 0, 0, 0, 0]"
1963.998964,33929225,"[0, 0, 154, 6, 0, 23, 32, 0]"
1963.999511,33827905,"[0, 0, 0, 226, 0, 16, 252, 255]"
1963.999676,33828289,"[0, 0, 128, 248, 255, 255, 0, 0]"
1964.000212,352595220,"[234, 255, 255, 95, 255, 7, 128, 1]"
1964.000369,352596180,"[241, 95, 6, 192, 253, 235, 255, 5]"
1964.00052,352596244,"[34, 1, 200, 0, 33, 127, 0, 0]"
1964.000649,33880390,"[33, 75, 114, 97, 107, 101, 110, 170]"
1964.000792,352596436,"[254, 255, 47, 0, 0, 0, 0, 0]"
1964.000946,352596500,"[124, 0, 76, 0, 4, 64, 0, 4]"
1964.002219,33827907,"[0, 0, 0, 226, 0, 16, 28, 0]"
1964.002418,33828291,"[0, 0, 224, 251, 255, 255, 0, 0]"
1964.003913,134551573,"[0, 0, 0, 0, 0, 0, 0, 0]"
1964.004057,134551637,"[0, 0, 0, 0, 0, 0, 0, 192]"
1964.004209,134551701,"[0, 0, 0, 64, 0, 0, 0, 192]"
1964.004354,134551765,"[0, 0, 112, 0, 0, 0, 0, 240]"
1964.004498,134551829,"[41, 38, 24, 250, 0, 192, 125, 0]"
1964.006484,33888256,"[0, 0, 0, 0, 128, 3, 16, 0]"
1964.006636,33888320,"[0, 0, 0, 0, 29, 52, 6, 0]"
1964.00678,33888384,"[0, 0, 0, 0, 0, 0, 0, 0]"
1964.006928,33888512,"[0, 0, 0, 0, 0, 0, 0, 0]"
1964.007181,33929223,"[0, 0, 125, 6, 0, 24, 48, 0]"
1964.007489,33888448,"[0, 0, 0, 0, 0, 0, 0, 0]"
1964.007633,33880327,"[2, 62, 0, 170, 170, 170, 170, 170]"
1964.007814,33929353,"[0, 0, 0, 0, 236, 140, 136, 63]"
1964.007962,33827908,"[0, 0, 0, 98, 0, 16, 243, 255]"
1964.008178,33929351,"[0, 0, 0, 128, 0, 0, 0, 128]"
1964.008501,33880391,"[6, 126, 2, 4, 252, 66, 7, 170]"
1964.008639,33929216,"[0, 0, 169, 6, 0, 24, 0, 0]"
1964.008783,33827906,"[0, 0, 0, 98, 0, 16, 251, 255]"
1964.008931,33929225,"[0, 0, 154, 6, 0, 23, 32, 0]"
1964.00949,33827905,"[0, 0, 0, 226, 0, 16, 249, 255]"
1964.010224,352595220,"[234, 255, 255, 95, 255, 7, 128, 1]"
1964.010811,33929349,"[246, 124, 160, 51, 0, 0, 0, 128]"
1964.010945,33929221,"[0, 0, 136, 6, 0, 24, 48, 0]"
1964.011098,33929224,"[0, 0, 171, 6, 0, 24, 48, 0]"
1964.011242,33929352,"[0, 0, 0, 128, 0, 0, 0, 128]"
1964.012268,33827907,"[0, 0, 0, 226, 0, 16, 34, 0]"
1964.013821,33880327,"[1, 176, 170, 170, 170, 170, 170, 170]"
1964.014555,33929226,"[0, 0, 169, 6, 0, 24, 32, 0]"
1964.014806,33880391,"[16, 98, 240, 26, 1, 1, 0, 253]"
1964.014998,33929222,"[0, 0, 162, 6, 0, 24, 48, 0]"
1964.01515,33929350,"[0, 0, 0, 128, 0, 0, 0, 128]"
1964.016476,33888256,"[0, 0, 0, 0, 128, 3, 16, 0]"
1964.017281,16848960,"[113, 7, 202, 252, 0, 0, 0, 255]"
1964.017817,33827908,"[0, 0, 0, 98, 0, 16, 3, 0]"
1964.018017,33828292,"[0, 0, 224, 8, 0, 0, 0, 0]"
1964.018624,33827906,"[0, 0, 0, 98, 0, 16, 4, 0]"
1964.018818,33828290,"[0, 0, 64, 7, 0, 0, 0, 0]"
1964.018938,33929225,"[0, 0, 155, 6, 0, 23, 32, 0]"
1964.019518,33827905,"[0, 0, 0, 226, 0, 16, 243, 255]"
1964.019713,33828289,"[0, 0, 128, 248, 255, 255, 0, 0]"
1964.020069,33880327,"[48, 0, 5, 170, 170, 170, 170, 170]"
1964.020227,352595220,"[234, 255, 255, 95, 255, 7, 128, 1]"
1964.020371,352596180,"[241, 95, 6, 192, 253, 235, 255, 5]"
1964.021569,262271,"[52, 94, 171, 125, 234, 213, 85, 151]"
1964.022231,33827907,"[0, 0, 0, 226, 0, 16, 36, 0]"
1964.022404,33828291,"[0, 0, 224, 251, 255, 255, 0, 0]"
1964.023912,134551573,"[0, 0, 0, 0, 0, 0, 0, 0]"
1964.024065,134551637,"[0, 0, 0, 0, 0, 0, 0, 192]"
1964.024209,134551701,"[0, 0, 0, 64, 0, 0, 0, 192]"
1964.024353,134551765,"[0, 0, 112, 0, 0, 0, 0, 240]"
1964.024491,134551829,"[41, 38, 24, 250, 0, 192, 125, 0]"
1964.025617,33880391,"[33, 0, 0, 42, 1, 0, 25, 0]"
1964.026485,33888256,"[0, 0, 0, 0, 128, 3, 16, 0]"
1964.026614,33888320,"[0, 0, 0, 0, 29, 51, 6, 0]"
1964.026766,33888384,"[0, 0, 0, 0, 0, 0, 0, 0]"
1964.026922,33888512,"[0, 0, 0, 0, 0, 0, 0, 0]"
1964.027189,33929223,"[0, 0, 124, 6, 0, 24, 48, 0]"
1964.027803,33929353,"[0, 0, 0, 0, 236, 140, 136, 63]"
1964.027948,33827908,"[0, 0, 0, 98, 0, 16, 246, 255]"
1964.028188,33929351,"[0, 0, 0, 128, 0, 0, 0, 128]"
1964.028549,33827906,"[0, 0, 0, 98, 0, 16, 244, 255]"
1964.028689,33929216,"[0, 0, 167, 6, 0, 24, 0, 0]"
1964.028833,33929225,"[0, 0, 154, 6, 0, 23, 32, 0]"
1964.02947,33827905,"[0, 0, 0, 226, 0, 16, 248, 255]"
1964.030207,352595220,"[234, 255, 255, 95, 255, 7, 128, 1]"
1964.030601,33880391,"[34, 9, 10, 233, 7, 3, 4, 30]"
1964.030807,33929221,"[0, 0, 136, 6, 0, 24, 48, 0]"
1964.030955,33929224,"[0, 0, 170, 6, 0, 24, 48, 0]"
1964.031093,33929349,"[246, 124, 160, 51, 0, 0, 0, 128]"
1964.031238,33929352,"[0, 0, 0, 128, 0, 0, 0, 128]"
1964.032237,33827907,"[0, 0, 0, 226, 0, 16, 25, 0]"
1964.034538,33929226,"[0, 0, 168, 6, 0, 24, 32, 0]"
1964.034948,33929222,"[0, 0, 161, 6, 0, 24, 48, 0]"
1964.035106,33929350,"[0, 0, 0, 128, 0, 0, 0, 128]"
1964.035622,33880391,"[35, 4, 0, 0, 0, 128, 0, 224]"
1964.036481,33888256,"[0, 0, 0, 0, 128, 3, 16, 0]"
1964.037887,33827908,"[0, 0, 0, 98, 0, 16, 240, 255]"
1964.038079,33828292,"[0, 0, 224, 8, 0, 0, 0, 0]"
1964.03832,16848960,"[113, 7, 202, 252, 0, 0, 0, 255]"
1964.038534,33827906,"[0, 0, 0, 98, 0, 16, 1, 0]"
1964.038713,33828290,"[0, 0, 64, 7, 0, 0, 0, 0]"
1964.038856,33929225,"[0, 0, 153, 6, 0, 23, 32, 0]"
1964.039499,33827905,"[0, 0, 0, 226, 0, 16, 237, 255]"
1964.039684,33828289,"[0, 0, 128, 248, 255, 255, 0, 0]"
1964.040221,352595220,"[234, 255, 255, 95, 255, 7, 128, 1]"
1964.040371,352596180,"[241, 95, 6, 192, 253, 235, 255, 5]"
1964.040734,33880391,"[36, 171, 0, 106, 25, 14, 0, 84]"
1964.042151,33827907,"[0, 0, 0, 226, 0, 16, 39, 0]"
1964.042316,33828291,"[0, 0, 224, 251, 255, 255, 0, 0]"
1964.043909,134551573,"[0, 0, 0, 0, 0, 0, 0, 0]"
1964.044055,134551637,"[0, 0, 0, 0, 0, 0, 0, 192]"
1964.044197,134551701,"[0, 0, 0, 64, 0, 0, 0, 192]"
1964.04434,134551765,"[0, 0, 112, 0, 0, 0, 0, 240]"
1964.044483,134551829,"[40, 38, 24, 250, 0, 192, 125, 0]"
1964.045599,33880391,"[37, 97, 108, 111, 110, 32, 70, 88]"
1964.046461,33888256,"[0, 0, 0, 0, 128, 3, 16, 0]"
1964.046604,33888320,"[0, 0, 0, 0, 29, 52, 6, 0]"
1964.04676,33888384,"[0, 0, 0, 0, 0, 0, 0, 0]"
1964.046901,33888512,"[0, 0, 0, 0, 0, 0, 0, 0]"
1964.047172,33929223,"[0, 0, 125, 6, 0, 24, 48, 0]"
1964.047796,33929353,"[0, 0, 0, 0, 236, 140, 136, 63]"
1964.047943,33827908,"[0, 0, 0, 98, 0, 16, 224, 255]"
1964.048165,33929351,"[0, 0, 0, 128, 0, 0, 0, 128]"
1964.048556,33827906,"[0, 0, 0, 98, 0, 16, 246, 255]"
1964.048684,33929216,"[0, 0, 169, 6, 0, 24, 0, 0]"
1964.048827,33929225,"[0, 0, 154, 6, 0, 23, 32, 0]"
1964.049555,33827905,"[0, 0, 0, 226, 0, 16, 239, 255]"
1964.05021,352595220,"[234, 255, 255, 95, 255, 7, 128, 1]"
1964.050576,33880391,"[38, 32, 118, 101, 114, 115, 46, 32]"
1964.050813,33929221,"[0, 0, 135, 6, 0, 24, 48, 0]"
1964.050947,33929224,"[0, 0, 170, 6, 0, 24, 48, 0]"
1964.051114,33929349,"[246, 124, 160, 51, 0, 0, 0, 128]"
1964.051244,33929352,"[0, 0, 0, 128, 0, 0, 0, 128]"
1964.052163,33827907,"[0, 0, 0, 226, 0, 16, 20, 0]"
1964.054533,33929226,"[0, 0, 169, 6, 0, 24, 32, 0]"
1964.05497,33929222,"[0, 0, 161, 6, 0, 24, 48, 0]"
1964.0551,33929350,"[0, 0, 0, 128, 0, 0, 0, 128]"
1964.055608,33880391,"[39, 67, 0, 0, 0, 0, 0, 0]"
1964.056462,33888256,"[0, 0, 0, 0, 128, 3, 16, 0]"
1964.057469,33888448,"[0, 0, 0, 0, 0, 0, 0, 0]"
1964.057802,33827908,"[0, 0, 0, 98, 0, 16, 239, 255]"
1964.057993,33828292,"[0, 0, 224, 8, 0, 0, 0, 0]"
1964.058515,33827906,"[0, 0, 0, 98, 0, 16, 0, 0]"
1964.058682,33828290,"[0, 0, 64, 7, 0, 0, 0, 0]"
1964.058826,33929225,"[0, 0, 154, 6, 0, 23, 32, 0]"
1964.05941,16848960,"[113, 7, 202, 252, 0, 0, 0, 255]"
1964.059582,33827905,"[0, 0, 0, 226, 0, 16, 232, 255]"
1964.059763,33828289,"[0, 0, 128, 248, 255, 255, 0, 0]"
1964.06019,352595220,"[234, 255, 255, 95, 255, 7, 128, 1]"
1964.060348,352596180,"[241, 95, 6, 192, 253, 235, 255, 5]"
1964.060728,33880391,"[40, 0, 0, 0, 0, 0, 0, 0]"
1964.061582,33929280,"[0, 0, 0, 8, 0, 64, 0, 0]"
1964.062209,33827907,"[0, 0, 0, 226, 0, 16, 21, 0]"
1964.062389,33828291,"[0, 0, 224, 251, 255, 255, 0, 0]"
1964.06391,134551573,"[0, 0, 0, 0, 0, 0, 0, 0]"
1964.064049,262271,"[52, 94, 170, 126, 153, 5, 82, 187]"
1964.064193,134551637,"[0, 0, 0, 0, 0, 0, 0, 192]"
1964.064337,134551701,"[0, 0, 0, 64, 0, 0, 0, 192]"
1964.064481,134551765,"[0, 0, 112, 0, 0, 0, 0, 240]"
1964.064619,134551829,"[40, 38, 24, 250, 0, 192, 125, 0]"
1964.065516,33880391,"[41, 0, 0, 0, 67, 84, 82, 32]"
1964.066463,33888256,"[0, 0, 0, 0, 128, 3, 16, 0]"
1964.066607,33888320,"[0, 0, 0, 0, 29, 52, 6, 0]"
1964.066759,33888384,"[0, 0, 0, 0, 0, 0, 0, 0]"
1964.066907,33888512,"[0, 0, 0, 0, 0, 0, 0, 0]"
1964.067188,33929223,"[0, 0, 126, 6, 0, 24, 48, 0]"
1964.067782,33929353,"[0, 0, 0, 0, 236, 140, 136, 63]"
1964.06793,33827908,"[0, 0, 0, 98, 0, 16, 236, 255]"
1964.068196,33929351,"[0, 0, 0, 128, 0, 0, 0, 128]"
1964.068568,33929216,"[0, 0, 169, 6, 0, 24, 0, 0]"
1964.06872,33827906,"[0, 0, 0, 98, 0, 16, 253, 255]"
1964.068869,33929225,"[0, 0, 154, 6, 0, 23, 32, 0]"
1964.069533,33827905,"[0, 0, 0, 226, 0, 16, 232, 255]"
1964.070203,352595220,"[234, 255, 255, 95, 255, 7, 128, 1]"
1964.070625,33880391,"[42, 69, 108, 101, 99, 116, 114, 111]"
1964.070798,33929221,"[0, 0, 136, 6, 0, 24, 48, 0]"
1964.070954,33929224,"[0, 0, 170, 6, 0, 24, 48, 0]"
1964.071084,33929349,"[246, 124, 160, 51, 0, 0, 0, 128]"
1964.071229,33929352,"[0, 0, 0, 128, 0, 0, 0, 128]"
1964.072133,33827907,"[0, 0, 0, 226, 0, 16, 22, 0]"
1964.074546,33929226,"[0, 0, 169, 6, 0, 24, 32, 0]"
1964.07495,33929222,"[0, 0, 161, 6, 0, 24, 48, 0]"
1964.075103,33929350,"[0, 0, 0, 128, 0, 0, 0, 128]"
1964.075654,33880391,"[43, 110, 105, 99, 115, 0, 0, 0]"
1964.076465,33888256,"[0, 0, 0, 0, 128, 3, 16, 0]"
1964.077762,33844164,"[0, 0, 0, 0, 1, 26, 19, 0]"
1964.077938,33834820,"[0, 0, 0, 0, 0, 0, 0, 0]"
1964.078177,33828932,"[0, 243, 199, 46, 0, 0, 0, 0]"
1964.078563,33844162,"[0, 0, 0, 0, 1, 26, 19, 0]"
1964.078715,33827908,"[0, 0, 0, 98, 0, 16, 237, 255]"
1964.078863,33834818,"[0, 0, 0, 0, 0, 0, 0, 0]"
1964.078994,33828164,"[246, 127, 0, 192, 83, 21, 28, 24]"
1964.079137,33929225,"[0, 0, 154, 6, 0, 23, 32, 0]"
1964.079273,33828228,"[0, 0, 0, 231, 0, 0, 0, 0]"
1964.079416,33828930,"[0, 243, 199, 46, 0, 0, 0, 0]"
1964.079545,33844161,"[0, 0, 0, 0, 1, 26, 19, 0]"
1964.07971,33827906,"[0, 0, 0, 98, 0, 16, 14, 0]"
1964.079838,33828292,"[0, 0, 224, 8, 0, 0, 0, 0]"
1964.079986,33834817,"[0, 0, 0, 0, 0, 0, 0, 0]"
1964.080129,33828356,"[0, 0, 0, 0, 0, 0, 0, 128]"
1964.080266,33828929,"[0, 243, 199, 46, 0, 0, 0, 0]"
1964.080408,33828162,"[249, 127, 0, 192, 83, 21, 28, 23]"
1964.080551,16848960,"[113, 7, 202, 252, 0, 0, 0, 255]"
1964.080694,33827905,"[0, 0, 0, 226, 0, 16, 230, 255]"
1964.080844,33828226,"[0, 0, 64, 189, 0, 0, 0, 0]"
1964.080992,33828420,"[0, 0, 0, 0, 0, 0, 0, 128]"
1964.081135,352595220,"[234, 255, 255, 95, 255, 7, 128, 1]"
1964.081277,33828484,"[8, 0, 0, 0, 0, 0, 0, 0]"
1964.081414,33828161,"[243, 127, 0, 192, 83, 20, 27, 24]"
1964.081557,33828290,"[0, 0, 64, 7, 0, 0, 0, 0]"
1964.0817,33828225,"[0, 0, 0, 62, 255, 255, 0, 0]"
1964.081843,33828354,"[0, 0, 0, 0, 0, 0, 0, 128]"
1964.081998,33828548,"[0, 0, 4, 0, 0, 0, 0, 0]"
1964.082127,352596180,"[241, 95, 6, 192, 253, 235, 255, 5]"
1964.082312,33844163,"[0, 0, 0, 0, 1, 26, 19, 0]"
1964.082463,33828289,"[0, 0, 128, 248, 255, 255, 0, 0]"
1964.082606,33828418,"[0, 0, 0, 0, 0, 0, 0, 128]"
1964.082748,33828353,"[0, 0, 0, 0, 0, 0, 0, 128]"
1964.082904,33828482,"[8, 0, 0, 0, 0, 0, 0, 0]"
1964.083047,33834819,"[0, 0, 0, 0, 0, 0, 0, 0]"
1964.083246,33828931,"[0, 243, 199, 46, 0, 0, 0, 0]"
1964.083403,33827907,"[0, 0, 0, 226, 0, 16, 25, 0]"
1964.08354,33828417,"[0, 0, 0, 0, 0, 0, 0, 128]"
1964.083683,33828546,"[0, 0, 4, 0, 0, 0, 0, 0]"
1964.083858,33828481,"[8, 0, 0, 0, 0, 0, 0, 0]"
1964.084009,33880391,"[44, 0, 0, 0, 0, 0, 0, 0]"
1964.084124,33828163,"[243, 127, 0, 192, 83, 19, 27, 24]"
1964.084281,134551573,"[0, 0, 0, 0, 0, 0, 0, 0]"
1964.084423,33828227,"[0, 0, 64, 152, 255, 255, 0, 0]"
1964.08456,33828545,"[0, 0, 4, 0, 0, 0, 0, 0]"
1964.084702,134551637,"[0, 0, 0, 0, 0, 0, 0, 192]"
1964.084863,134551701,"[0, 0, 0, 64, 0, 0, 0, 192]"
1964.084992,134551765,"[0, 0, 112, 0, 0, 0, 0, 240]"
1964.085143,33828291,"[0, 0, 224, 251, 255, 255, 0, 0]"
1964.085286,134551829,"[40, 38, 24, 250, 0, 192, 125, 0]"
1964.085428,33828355,"[0, 0, 0, 0, 0, 0, 0, 128]"
1964.085692,33880391,"[45, 0, 0, 0, 0, 0, 0, 0]"
1964.086158,33828419,"[0, 0, 0, 0, 0, 0, 0, 128]"
1964.086315,33828483,"[8, 0, 0, 0, 0, 0, 0, 0]"
1964.086472,33888256,"[0, 0, 0, 0, 128, 3, 16, 0]"
1964.086609,33888320,"[0, 0, 0, 0, 29, 52, 6, 0]"
1964.086751,33888384,"[0, 0, 0, 0, 0, 0, 0, 0]"
1964.086898,33888512,"[0, 0, 0, 0, 0, 0, 0, 0]"
1964.087084,33828547,"[0, 0, 4, 0, 0, 0, 0, 0]"
1964.087235,33929223,"[0, 0, 126, 6, 0, 24, 48, 0]"
1964.087781,33929353,"[0, 0, 0, 0, 236, 140, 136, 63]"
1964.087928,33827908,"[0, 0, 0, 98, 0, 16, 247, 255]"
1964.088156,33929351,"[0, 0, 0, 128, 0, 0, 0, 128]"
1964.088574,33929216,"[0, 0, 168, 6, 0, 24, 0, 0]"
1964.08871,33827906,"[0, 0, 0, 98, 0, 16, 255, 255]"
1964.088857,33929225,"[0, 0, 154, 6, 0, 23, 32, 0]"
1964.089474,33827905,"[0, 0, 0, 226, 0, 16, 242, 255]"
1964.09023,352595220,"[234, 255, 255, 95, 255, 7, 128, 1]"
1964.090598,33880391,"[46, 19, 170, 170, 170, 170, 170, 170]"
1964.090791,33929221,"[0, 0, 137, 6, 0, 24, 48, 0]"
1964.090938,33929224,"[0, 0, 170, 6, 0, 24, 48, 0]"
1964.091082,33929349,"[246, 124, 160, 51, 0, 0, 0, 128]"
1964.091225,33929352,"[0, 0, 0, 128, 0, 0, 0, 128]"
1964.092192,33827907,"[0, 0, 0, 226, 0, 16, 11, 0]"
1964.094527,33929226,"[0, 0, 169, 6, 0, 24, 32, 0]"
1964.094954,33929222,"[0, 0, 162, 6, 0, 24, 48, 0]"
1964.095099,33929350,"[0, 0, 0, 128, 0, 0, 0, 128]"
1964.096457,33888256,"[0, 0, 0, 0, 128, 3, 16, 0]"
1964.097796,33827908,"[0, 0, 0, 98, 0, 16, 251, 255]"
1964.097959,33828292,"[0, 0, 224, 8, 0, 0, 0, 0]"
1964.098539,33827906,"[0, 0, 0, 98, 0, 16, 7, 0]"
1964.098705,33828290,"[0, 0, 64, 7, 0, 0, 0, 0]"
1964.098853,33929225,"[0, 0, 154, 6, 0, 23, 32, 0]"
1964.099461,33888576,"[0, 0, 0, 0, 0, 0, 16, 0]"
1964.099606,33827905,"[0, 0, 0, 226, 0, 16, 238, 255]"
1964.099814,33828289,"[0, 0, 128, 248, 255, 255, 0, 0]"
1964.100162,352611284,"[0, 0, 0, 0, 1, 26, 19, 0]"
1964.100328,352601940,"[0, 0, 0, 0, 0, 64, 0, 0]"
1964.100472,33888640,"[0, 0, 0, 0, 0, 0, 0, 0]"
1964.100616,352595220,"[235, 255, 255, 95, 255, 7, 128, 1]"
1964.100768,352596180,"[241, 31, 6, 192, 253, 235, 255, 5]"
1964.100902,33880327,"[1, 187, 170, 170, 170, 170, 170, 170]"
1964.101047,352596244,"[35, 1, 198, 0, 33, 127, 0, 0]"
1964.101206,352596308,"[49, 29, 0, 22, 176, 0, 0, 255]"
1964.101343,16848960,"[113, 7, 202, 252, 0, 0, 0, 255]"
1964.101473,16849024,"[0, 228, 119, 193, 182, 168, 102, 17]"
1964.101618,352596372,"[4, 0, 32, 255, 255, 254, 255, 159]"
1964.101762,33880391,"[6, 251, 1, 163, 115, 5, 0, 170]"
1964.101904,352596436,"[237, 255, 239, 254, 255, 9, 0, 0]"
1964.102049,352596692,"[0, 0, 255, 255, 1, 0, 0, 0]"
1964.102207,352596500,"[156, 0, 80, 0, 236, 63, 0, 4]"
1964.102351,33827907,"[0, 0, 0, 226, 0, 16, 20, 0]"
1964.102489,352596628,"[245, 98, 0, 0, 0, 0, 0, 0]"
1964.102634,33828291,"[0, 0, 224, 251, 255, 255, 0, 0]"
1964.102778,352596820,"[0, 0, 0, 0, 0, 0, 0, 0]"
1964.102934,352596884,"[168, 255, 48, 0, 161, 2, 0, 0]"
1964.103457,33888704,"[0, 0, 0, 0, 0, 0, 0, 0]"
1964.103897,134551573,"[0, 0, 0, 0, 0, 0, 0, 0]"
1964.104041,134551637,"[0, 0, 0, 0, 0, 0, 0, 192]"
1964.104185,134551701,"[0, 0, 0, 64, 0, 0, 0, 192]"
1964.104329,134551765,"[0, 0, 112, 0, 0, 0, 0, 240]"
1964.104466,134551829,"[40, 38, 24, 250, 0, 192, 125, 0]"
1964.104611,33929290,"[0, 0, 0, 0, 0, 64, 0, 0]"
1964.105926,33929288,"[0, 0, 0, 0, 0, 64, 0, 0]"
1964.106449,33888256,"[0, 0, 0, 0, 128, 3, 16, 0]"
1964.106593,33888320,"[0, 0, 0, 0, 29, 52, 6, 0]"
1964.106737,262271,"[52, 94, 171, 122, 196, 216, 23, 127]"
1964.106885,33888384,"[0, 0, 0, 0, 0, 0, 0, 0]"
1964.107024,33888512,"[0, 0, 0, 0, 0, 0, 0, 0]"
1964.107168,33929223,"[0, 0, 126, 6, 0, 24, 48, 0]"
1964.107505,33888448,"[0, 0, 0, 0, 0, 0, 0, 0]"
1964.107762,33929353,"[0, 0, 0, 0, 236, 140, 136, 63]"
1964.10791,33827908,"[0, 0, 0, 98, 0, 16, 245, 255]"
1964.108148,33929351,"[0, 0, 0, 128, 0, 0, 0, 128]"
1964.108555,33827906,"[0, 0, 0, 98, 0, 16, 12, 0]"
1964.1087,33929216,"[0, 0, 168, 6, 0, 24, 0, 0]"
1964.108848,33929225,"[0, 0, 154, 6, 0, 23, 32, 0]"
1964.109507,33827905,"[0, 0, 0, 226, 0, 16, 247, 255]"
1964.11019,352595220,"[235, 255, 255, 95, 255, 7, 128, 1]"
1964.11032,33880327,"[1, 200, 170, 170, 170, 170, 170, 170]"
1964.1108,33929221,"[0, 0, 137, 6, 0, 24, 48, 0]"
1964.110948,33880391,"[16, 12, 8, 0, 9, 70, 82, 32]"
1964.111087,33929224,"[0, 0, 170, 6, 0, 24, 48, 0]"
1964.111231,33929349,"[246, 124, 160, 51, 0, 0, 0, 128]"
1964.111374,33929352,"[0, 0, 0, 128, 0, 0, 0, 128]"
1964.112234,33827907,"[0, 0, 0, 226, 0, 16, 25, 0]"
1964.114525,33929226,"[0, 0, 169, 6, 0, 24, 32, 0]"
1964.114938,33929222,"[0, 0, 162, 6, 0, 24, 48, 0]"
1964.115082,33929286,"[0, 0, 0, 0, 0, 64, 0, 0]"
1964.115226,33929350,"[0, 0, 0, 128, 0, 0, 0, 128]"
1964.116427,33880327,"[48, 0, 5, 170, 170, 170, 170, 170]"
1964.116579,33888256,"[0, 0, 0, 0, 128, 3, 16, 0]"
1964.11784,33827908,"[0, 0, 0, 98, 0, 16, 255, 255]"
1964.118011,33828292,"[0, 0, 224, 8, 0, 0, 0, 0]"
1964.118576,33827906,"[0, 0, 0, 98, 0, 16, 254, 255]"
1964.118748,33828290,"[0, 0, 64, 7, 0, 0, 0, 0]"
1964.118953,33929225,"[0, 0, 154, 6, 0, 23, 32, 0]"
1964.119567,33827905,"[0, 0, 0, 226, 0, 16, 230, 255]"
1964.119754,33828289,"[0, 0, 128, 248, 255, 255, 0, 0]"
1964.120195,352595220,"[235, 255, 255, 95, 255, 7, 128, 1]"
1964.120339,352596180,"[241, 95, 6, 176, 253, 235, 255, 5]"
1964.121628,33880391,"[33, 75, 114, 97, 107, 101, 110, 170]"
1964.121809,16848960,"[113, 7, 202, 252, 0, 0, 0, 255]"
1964.122264,33827907,"[0, 0, 0, 226, 0, 16, 33, 0]"
1964.122465,33828291,"[0, 0, 224, 251, 255, 255, 0, 0]"
1964.123905,134551573,"[0, 0, 0, 0, 0, 0, 0, 0]"
1964.124035,134551637,"[0, 0, 0, 0, 0, 0, 0, 192]"
1964.124178,134551701,"[0, 0, 0, 64, 0, 0, 0, 192]"
1964.124321,134551765,"[0, 0, 112, 0, 0, 0, 0, 240]"
1964.124458,134551829,"[40, 38, 24, 250, 0, 192, 125, 0]"
1964.125951,33880327,"[2, 197, 9, 170, 170, 170, 170, 170]"
1964.12647,33888256,"[0, 0, 0, 0, 128, 3, 16, 0]"
1964.126606,33880391,"[2, 5, 9, 170, 170, 170, 170, 170]"
1964.126748,33888320,"[0, 0, 0, 0, 29, 52, 6, 0]"
1964.126895,33888384,"[0, 0, 0, 0, 0, 0, 0, 0]"
1964.12706,33888512,"[0, 0, 0, 0, 0, 0, 0, 0]"
1964.127188,33929223,"[0, 0, 126, 6, 0, 24, 48, 0]"
1964.12762,33880327,"[2, 197, 15, 170, 170, 170, 170, 170]"
1964.127763,33929353,"[0, 0, 0, 0, 236, 140, 136, 63]"
1964.127952,33827908,"[0, 0, 0, 98, 0, 16, 0, 0]"
1964.12816,33929351,"[0, 0, 0, 128, 0, 0, 0, 128]"
1964.128416,33880391,"[2, 5, 15, 170, 170, 170, 170, 170]"
1964.128558,33929216,"[0, 0, 169, 6, 0, 24, 0, 0]"
1964.128709,33827906,"[0, 0, 0, 98, 0, 16, 7, 0]"
1964.128856,33929225,"[0, 0, 154, 6, 0, 23, 32, 0]"
1964.129262,33880330,"[2, 62, 0, 170, 170, 170, 170, 170]"
1964.129574,33827905,"[0, 0, 0, 226, 0, 16, 225, 255]"
1964.130167,352595220,"[235, 255, 255, 95, 255, 7, 128, 1]"
1964.130331,33880394,"[6, 126, 2, 4, 252, 67, 10, 170]"
1964.130783,33929221,"[0, 0, 136, 6, 0, 24, 48, 0]"
1964.130924,33929224,"[0, 0, 170, 6, 0, 24, 48, 0]"
1964.131067,33929349,"[246, 124, 160, 51, 0, 0, 0, 128]"
1964.131209,33929352,"[0, 0, 0, 128, 0, 0, 0, 128]"
1964.132091,33827907,"[0, 0, 0, 226, 0, 16, 35, 0]"
1964.134531,33929226,"[0, 0, 170, 6, 0, 24, 32, 0]"
1964.134953,33929222,"[0, 0, 162, 6, 0, 24, 48, 0]"
1964.135096,33929350,"[0, 0, 0, 128, 0, 0, 0, 128]"
1964.135543,33880330,"[1, 176, 170, 170, 170, 170, 170, 170]"
1964.136426,33880394,"[16, 98, 240, 26, 1, 1, 0, 28]"
1964.136568,33888256,"[0, 0, 0, 0, 128, 3, 16, 0]"
1964.137851,33827908,"[0, 0, 0, 98, 0, 16, 250, 255]"
1964.138044,33828292,"[0, 0, 224, 8, 0, 0, 0, 0]"
1964.138574,33827906,"[0, 0, 0, 98, 0, 16, 239, 255]"
1964.138759,33929225,"[0, 0, 154, 6, 0, 23, 32, 0]"
1964.138927,33828290,"[0, 0, 64, 7, 0, 0, 0, 0]"
1964.139516,33827905,"[0, 0, 0, 226, 0, 16, 227, 255]"
1964.13966,33828289,"[0, 0, 128, 248, 255, 255, 0, 0]"
1964.140608,352595220,"[234, 255, 255, 95, 255, 7, 128, 1]"
1964.140766,352596180,"[241, 95, 6, 176, 253, 235, 255, 5]"
1964.141727,33880330,"[48, 0, 5, 170, 170, 170, 170, 170]"
1964.142154,33827907,"[0, 0, 0, 226, 0, 16, 36, 0]"
1964.142326,33828291,"[0, 0, 224, 251, 255, 255, 0, 0]"
1964.14247,16848960,"[113, 7, 202, 252, 0, 0, 0, 255]"
1964.142599,16849024,"[0, 4, 178, 179, 182, 168, 102, 17]"
1964.143885,134551573,"[0, 0, 0, 0, 0, 0, 0, 0]"
1964.14403,134551637,"[0, 0, 0, 0, 0, 0, 0, 192]"
1964.144174,134551701,"[0, 0, 0, 64, 0, 0, 0, 192]"
1964.144312,134551765,"[0, 0, 112, 0, 0, 0, 0, 240]"
1964.144456,134551829,"[40, 38, 24, 250, 0, 192, 125, 0]"
1964.14646,33888256,"[0, 0, 0, 0, 128, 3, 16, 0]"
1964.146604,33888320,"[0, 0, 0, 0, 29, 53, 6, 0]"
1964.146748,33888384,"[0, 0, 0, 0, 0, 0, 0, 0]"
1964.146918,33888512,"[0, 0, 0, 0, 0, 0, 0, 0]"
1964.147162,33929223,"[0, 0, 125, 6, 0, 24, 48, 0]"
1964.147307,33880394,"[33, 1, 0, 238, 0, 0, 25, 0]"
1964.147743,33929353,"[0, 0, 0, 0, 236, 140, 136, 63]"
1964.147934,33827908,"[0, 0, 0, 98, 0, 16, 242, 255]"
1964.148144,33929351,"[0, 0, 0, 128, 0, 0, 0, 128]"
1964.148516,33827906,"[0, 0, 0, 98, 0, 16, 243, 255]"
1964.148668,33929216,"[0, 0, 168, 6, 0, 24, 0, 0]"
1964.148873,33929225,"[0, 0, 154, 6, 0, 23, 32, 0]"
1964.149424,33827905,"[0, 0, 0, 226, 0, 16, 233, 255]"
1964.149689,262271,"[52, 94, 171, 120, 165, 122, 18, 97]"
1964.150612,352595220,"[234, 255, 255, 95, 255, 7, 128, 1]"
1964.150778,33929221,"[0, 0, 136, 6, 0, 24, 48, 0]"
1964.150926,33929285,"[0, 0, 0, 0, 0, 64, 0, 0]"
1964.151071,33929349,"[246, 124, 160, 51, 0, 0, 0, 128]"
1964.151215,33929352,"[0, 0, 0, 128, 0, 0, 0, 128]"
1964.151353,33929224,"[0, 0, 170, 6, 0, 24, 48, 0]"
1964.152207,33880394,"[34, 1, 6, 232, 7, 3, 4, 30]"
1964.152416,33827907,"[0, 0, 0, 226, 0, 16, 27, 0]"
1964.154505,33929226,"[0, 0, 169, 6, 0, 24, 32, 0]"
1964.154923,33929222,"[0, 0, 162, 6, 0, 24, 48, 0]"
1964.155076,33929350,"[0, 0, 0, 128, 0, 0, 0, 128]"
1964.156465,33888256,"[0, 0, 0, 0, 128, 3, 16, 0]"
1964.157241,33880394,"[35, 4, 0, 0, 0, 128, 0, 24]"
1964.157469,33888448,"[0, 0, 0, 0, 0, 0, 0, 0]"
1964.157838,33827908,"[0, 0, 0, 98, 0, 16, 231, 255]"
1964.158025,33828292,"[0, 0, 224, 8, 0, 0, 0, 0]"
1964.15856,33827906,"[0, 0, 0, 98, 0, 16, 247, 255]"
1964.158755,33929225,"[0, 0, 154, 6, 0, 23, 32, 0]"
1964.158889,33828290,"[0, 0, 64, 7, 0, 0, 0, 0]"
1964.159526,33827905,"[0, 0, 0, 226, 0, 16, 235, 255]"
1964.159698,33828289,"[0, 0, 128, 248, 255, 255, 0, 0]"
1964.160447,352595220,"[234, 255, 255, 95, 255, 7, 128, 1]"
1964.160591,352596180,"[241, 95, 6, 176, 253, 235, 255, 5]"
1964.162216,33880394,"[36, 79, 7, 231, 10, 14, 0, 84]"
1964.162374,33827907,"[0, 0, 0, 226, 0, 16, 25, 0]"
1964.162526,33828291,"[0, 0, 224, 251, 255, 255, 0, 0]"
1964.162973,16848960,"[113, 7, 202, 252, 0, 0, 0, 255]"
1964.163878,134551573,"[0, 0, 0, 0, 0, 0, 0, 0]"
1964.164032,134551637,"[0, 0, 0, 0, 0, 0, 0, 192]"
1964.164161,134551701,"[0, 0, 0, 64, 0, 0, 0, 192]"
1964.164305,134551765,"[0, 0, 112, 0, 0, 0, 0, 240]"
1964.164449,134551829,"[40, 38, 24, 250, 0, 192, 125, 0]"
1964.166466,33888256,"[0, 0, 0, 0, 128, 3, 16, 0]"
1964.166611,33888320,"[0, 0, 0, 0, 29, 52, 6, 0]"
1964.166748,33888384,"[0, 0, 0, 0, 0, 0, 0, 0]"
1964.166897,33888512,"[0, 0, 0, 0, 0, 0, 0, 0]"
1964.167141,33929223,"[0, 0, 125, 6, 0, 24, 48, 0]"
1964.167279,33880394,"[37, 97, 108, 111, 110, 32, 70, 88]"
1964.167736,33929353,"[0, 0, 0, 0, 236, 140, 136, 63]"
1964.167921,33827908,"[0, 0, 0, 98, 0, 16, 235, 255]"
1964.168137,33929351,"[0, 0, 0, 128, 0, 0, 0, 128]"
1964.168488,33827906,"[0, 0, 0, 98, 0, 16, 1, 0]"
1964.168632,33929216,"[0, 0, 168, 6, 0, 24, 0, 0]"
1964.168776,33929225,"[0, 0, 154, 6, 0, 23, 32, 0]"
1964.169425,33827905,"[0, 0, 0, 226, 0, 16, 244, 255]"
1964.170307,352595220,"[234, 255, 255, 95, 255, 7, 128, 1]"
1964.170782,33929221,"[0, 0, 136, 6, 0, 24, 48, 0]"
1964.170929,33929224,"[0, 0, 170, 6, 0, 24, 48, 0]"
1964.171058,33929349,"[246, 124, 160, 51, 0, 0, 0, 128]"
1964.171215,33929352,"[0, 0, 0, 128, 0, 0, 0, 128]"
1964.172183,33880394,"[38, 32, 118, 101, 114, 115, 46, 32]"
1964.172432,33827907,"[0, 0, 0, 226, 0, 16, 15, 0]"
1964.174503,33929226,"[0, 0, 169, 6, 0, 24, 32, 0]"
1964.174918,33929222,"[0, 0, 162, 6, 0, 24, 48, 0]"
1964.175069,33929350,"[0, 0, 0, 128, 0, 0, 0, 128]"
1964.176459,33888256,"[0, 0, 0, 0, 128, 3, 16, 0]"
1964.177227,33880394,"[39, 67, 0, 0, 0, 0, 0, 0]"
1964.177903,33827908,"[0, 0, 0, 98, 0, 16, 249, 255]"
1964.178074,33828292,"[0, 0, 224, 8, 0, 0, 0, 0]"
1964.178225,33929287,"[0, 0, 0, 0, 0, 64, 0, 0]"
1964.178509,33827906,"[0, 0, 0, 98, 0, 16, 7, 0]"
1964.178674,33828290,"[0, 0, 64, 7, 0, 0, 0, 0]"
1964.178877,33929225,"[0, 0, 155, 6, 0, 23, 32, 0]"
1964.179466,33827905,"[0, 0, 0, 226, 0, 16, 242, 255]"
1964.179651,33828289,"[0, 0, 128, 248, 255, 255, 0, 0]"
1964.180223,352595220,"[234, 255, 255, 95, 255, 7, 128, 1]"
1964.18038,352596180,"[241, 31, 6, 192, 253, 235, 255, 5]"
1964.182204,33880394,"[40, 0, 0, 0, 0, 0, 0, 0]"
1964.182397,33827907,"[0, 0, 0, 226, 0, 16, 22, 0]"
1964.18313,33828291,"[0, 0, 224, 251, 255, 255, 0, 0]"
1964.183493,16848960,"[113, 7, 202, 252, 0, 0, 0, 255]"
1964.183879,134551573,"[0, 0, 0, 0, 0, 0, 0, 0]"
1964.184016,134551637,"[0, 0, 0, 0, 0, 0, 0, 192]"
1964.18416,134551701,"[0, 0, 0, 64, 0, 0, 0, 192]"
1964.184304,134551765,"[0, 0, 112, 0, 0, 0, 0, 240]"
1964.184448,134551829,"[40, 38, 24, 250, 0, 192, 125, 0]"
1964.186451,33888256,"[0, 0, 0, 0, 128, 3, 16, 0]"
1964.186595,33888320,"[0, 0, 0, 0, 29, 51, 6, 0]"
1964.186762,33888384,"[0, 0, 0, 0, 0, 0, 0, 0]"
1964.186896,33888512,"[0, 0, 0, 0, 0, 0, 0, 0]"
1964.18714,33929223,"[0, 0, 125, 6, 0, 24, 48, 0]"
1964.187278,33880394,"[41, 0, 0, 0, 67, 84, 82, 32]"
1964.187728,33929353,"[0, 0, 0, 0, 236, 140, 136, 63]"
1964.187862,33827908,"[0, 0, 0, 98, 0, 16, 245, 255]"
1964.188128,33929351,"[0, 0, 0, 128, 0, 0, 0, 128]"
1964.188541,33929216,"[0, 0, 168, 6, 0, 24, 0, 0]"
1964.188679,33827906,"[0, 0, 0, 98, 0, 16, 250, 255]"
1964.188827,33929225,"[0, 0, 154, 6, 0, 23, 32, 0]"
1964.189499,33827905,"[0, 0, 0, 226, 0, 16, 243, 255]"
1964.190154,352595220,"[234, 255, 255, 95, 255, 7, 128, 1]"
1964.190769,33929221,"[0, 0, 136, 6, 0, 24, 48, 0]"
1964.190911,33929224,"[0, 0, 171, 6, 0, 24, 48, 0]"
1964.191056,33929349,"[246, 124, 160, 51, 0, 0, 0, 128]"
1964.1912,33929352,"[0, 0, 0, 128, 0, 0, 0, 128]"
1964.192196,33880394,"[42, 69, 108, 101, 99, 116, 114, 111]"
1964.192425,33827907,"[0, 0, 0, 226, 0, 16, 24, 0]"
1964.192569,262271,"[52, 94, 171, 124, 71, 224, 242, 119]"
1964.194514,33929226,"[0, 0, 169, 6, 0, 24, 32, 0]"
1964.194933,33929222,"[0, 0, 162, 6, 0, 24, 48, 0]"
1964.195078,33929350,"[0, 0, 0, 128, 0, 0, 0, 128]"
1964.196447,33888256,"[0, 0, 0, 0, 128, 3, 16, 0]"
1964.197279,33880394,"[43, 110, 105, 99, 115, 0, 0, 0]"
1964.19784,33827908,"[0, 0, 0, 98, 0, 16, 246, 255]"
1964.198042,33828292,"[0, 0, 224, 8, 0, 0, 0, 0]"
1964.198613,33827906,"[0, 0, 0, 98, 0, 16, 247, 255]"
1964.198757,33929225,"[0, 0, 154, 6, 0, 23, 32, 0]"
1964.198905,33828290,"[0, 0, 64, 7, 0, 0, 0, 0]"
1964.199433,33827905,"[0, 0, 0, 226, 0, 16, 250, 255]"
1964.199619,33828289,"[0, 0, 128, 248, 255, 255, 0, 0]"
1964.200193,352595220,"[234, 255, 255, 95, 255, 7, 128, 1]"
1964.200337,352596180,"[241, 31, 6, 192, 253, 235, 255, 5]"
1964.200495,352596244,"[36, 1, 198, 0, 33, 127, 0, 0]"
1964.200639,352596436,"[231, 255, 79, 254, 255, 235, 255, 15]"
1964.200784,352596500,"[156, 0, 84, 0, 184, 63, 0, 4]"
1964.202176,33880394,"[44, 0, 0, 0, 0, 0, 0, 0]"
1964.202363,33827907,"[0, 0, 0, 226, 0, 16, 25, 0]"
1964.202507,33828291,"[0, 0, 224, 251, 255, 255, 0, 0]"
1964.203865,134551573,"[0, 0, 0, 0, 0, 0, 0, 0]"
1964.20401,134551637,"[0, 0, 0, 0, 0, 0, 0, 192]"
1964.204154,16848960,"[113, 7, 202, 252, 0, 0, 0, 255]"
1964.204298,134551701,"[0, 0, 0, 64, 0, 0, 0, 192]"
1964.204442,134551765,"[0, 0, 112, 0, 0, 0, 0, 240]"
1964.204586,134551829,"[40, 38, 24, 250, 0, 192, 125, 0]"
1964.206446,33888256,"[0, 0, 0, 0, 128, 3, 16, 0]"
1964.20659,33888320,"[0, 0, 0, 0, 29, 52, 6, 0]"
1964.206734,33888384,"[0, 0, 0, 0, 0, 0, 0, 0]"
1964.206882,33888512,"[0, 0, 0, 0, 0, 0, 0, 0]"
1964.20714,33929223,"[0, 0, 126, 6, 0, 24, 48, 0]"
1964.207284,33880394,"[45, 0, 0, 0, 0, 0, 0, 0]"
1964.207442,33888448,"[0, 0, 0, 0, 0, 0, 0, 0]"
1964.207714,33929353,"[0, 0, 0, 0, 236, 140, 136, 63]"
1964.207862,33827908,"[0, 0, 0, 98, 0, 16, 251, 255]"
1964.208134,33929351,"[0, 0, 0, 128, 0, 0, 0, 128]"
1964.208463,33827906,"[0, 0, 0, 98, 0, 16, 234, 255]"
1964.208607,33929216,"[0, 0, 168, 6, 0, 24, 0, 0]"
1964.208827,33929225,"[0, 0, 154, 6, 0, 23, 32, 0]"
1964.208957,33929289,"[0, 0, 0, 8, 0, 64, 0, 0]"
1964.209443,33827905,"[0, 0, 0, 226, 0, 16, 243, 255]"
1964.210161,352595220,"[234, 255, 255, 95, 255, 7, 128, 1]"
1964.210758,33929221,"[0, 0, 137, 6, 0, 24, 48, 0]"
1964.210906,33929224,"[0, 0, 171, 6, 0, 24, 48, 0]"
1964.211051,33929349,"[246, 124, 160, 51, 0, 0, 0, 128]"
1964.211195,33929352,"[0, 0, 0, 128, 0, 0, 0, 128]"
1964.212196,33880394,"[46, 19, 170, 170, 170, 170, 170, 170]"
1964.212411,33827907,"[0, 0, 0, 226, 0, 16, 32, 0]"
1964.214494,33929226,"[0, 0, 169, 6, 0, 24, 32, 0]"
1964.214922,33929222,"[0, 0, 162, 6, 0, 24, 48, 0]"
1964.215065,33929350,"[0, 0, 0, 128, 0, 0, 0, 128]"
1964.216438,33888256,"[0, 0, 0, 0, 128, 3, 16, 0]"
1964.217829,33827908,"[0, 0, 0, 98, 0, 16, 247, 255]"
1964.218029,33828292,"[0, 0, 224, 8, 0, 0, 0, 0]"
1964.218593,33827906,"[0, 0, 0, 98, 0, 16, 244, 255]"
1964.218736,33929225,"[0, 0, 154, 6, 0, 23, 32, 0]"
1964.218882,33828290,"[0, 0, 64, 7, 0, 0, 0, 0]"
1964.219363,33880330,"[1, 187, 170, 170, 170, 170, 170, 170]"
1964.219506,33827905,"[0, 0, 0, 226, 0, 16, 243, 255]"
1964.219804,33828289,"[0, 0, 128, 248, 255, 255, 0, 0]"
1964.220149,33880394,"[6, 251, 1, 163, 115, 5, 0, 170]"
1964.220292,352595220,"[234, 255, 255, 95, 255, 7, 128, 1]"
1964.220449,352596180,"[241, 31, 6, 192, 253, 235, 255, 5]"
1964.222079,33827907,"[0, 0, 0, 226, 0, 16, 20, 0]"
1964.222277,33828291,"[0, 0, 224, 251, 255, 255, 0, 0]"
1964.223865,134551573,"[0, 0, 0, 0, 0, 0, 0, 0]"
1964.224009,134551637,"[0, 0, 0, 0, 0, 0, 0, 192]"
1964.224151,134551701,"[0, 0, 0, 64, 0, 0, 0, 192]"
1964.224294,134551765,"[0, 0, 112, 0, 0, 0, 0, 240]"
1964.224437,134551829,"[40, 38, 24, 250, 0, 192, 125, 0]"
1964.225366,16848960,"[113, 7, 202, 252, 0, 0, 0, 255]"
1964.226429,33888256,"[0, 0, 0, 0, 128, 3, 16, 0]"
1964.226572,33888320,"[0, 0, 0, 0, 29, 52, 6, 0]"
1964.226722,33888384,"[0, 0, 0, 0, 0, 0, 0, 0]"
1964.226869,33888512,"[0, 0, 0, 0, 0, 0, 0, 0]"
1964.227147,33929223,"[0, 0, 125, 6, 0, 24, 48, 0]"
1964.227707,33929353,"[0, 0, 0, 0, 236, 140, 136, 63]"
1964.227854,33827908,"[0, 0, 0, 98, 0, 16, 233, 255]"
1964.228119,33929351,"[0, 0, 0, 128, 0, 0, 0, 128]"
1964.228514,33827906,"[0, 0, 0, 98, 0, 16, 248, 255]"
1964.228664,33929216,"[0, 0, 169, 6, 0, 24, 0, 0]"
1964.228793,33880330,"[1, 200, 170, 170, 170, 170, 170, 170]"
1964.228939,33929225,"[0, 0, 154, 6, 0, 23, 32, 0]"
1964.229456,33880394,"[16, 12, 8, 0, 9, 82, 76, 32]"
1964.229622,33827905,"[0, 0, 0, 226, 0, 16, 232, 255]"
1964.230148,352595220,"[234, 255, 255, 95, 255, 7, 128, 1]"
1964.230774,33929221,"[0, 0, 136, 6, 0, 24, 48, 0]"
1964.230916,33929224,"[0, 0, 170, 6, 0, 24, 48, 0]"
1964.231047,33929349,"[246, 124, 160, 51, 0, 0, 0, 128]"
1964.231191,33929352,"[0, 0, 0, 128, 0, 0, 0, 128]"
1964.232102,33827907,"[0, 0, 0, 226, 0, 16, 24, 0]"
1964.2345,33929226,"[0, 0, 169, 6, 0, 24, 32, 0]"
1964.234709,33930249,"[0, 0, 0, 0, 235, 184, 17, 60]"
1964.2349,262271,"[52, 94, 170, 123, 137, 123, 174, 240]"
1964.23503,33880330,"[48, 0, 5, 170, 170, 170, 170, 170]"
1964.235168,33929222,"[0, 0, 162, 6, 0, 24, 48, 0]"
1964.235327,33929350,"[0, 0, 0, 128, 0, 0, 0, 128]"
1964.236429,33888256,"[0, 0, 0, 0, 128, 3, 16, 0]"
1964.237826,33827908,"[0, 0, 0, 98, 0, 16, 244, 255]"
1964.237999,33828292,"[0, 0, 224, 8, 0, 0, 0, 0]"
1964.238584,33827906,"[0, 0, 0, 98, 0, 16, 248, 255]"
1964.238756,33828290,"[0, 0, 64, 7, 0, 0, 0, 0]"
1964.238905,33929225,"[0, 0, 154, 6, 0, 23, 32, 0]"
1964.239478,33827905,"[0, 0, 0, 226, 0, 16, 233, 255]"
1964.239651,33828289,"[0, 0, 128, 248, 255, 255, 0, 0]"
1964.240148,352595220,"[234, 255, 255, 95, 255, 7, 128, 1]"
1964.240292,33880394,"[33, 75, 114, 97, 107, 101, 110, 170]"
1964.240444,352596180,"[241, 31, 6, 192, 253, 235, 255, 5]"
1964.242175,33827907,"[0, 0, 0, 226, 0, 16, 31, 0]"
1964.242347,33828291,"[0, 0, 224, 251, 255, 255, 0, 0]"
1964.243855,134551573,"[0, 0, 0, 0, 0, 0, 0, 0]"
1964.243999,134551637,"[0, 0, 0, 0, 0, 0, 0, 192]"
1964.244157,134551701,"[0, 0, 0, 64, 0, 0, 0, 192]"
1964.244301,134551765,"[0, 0, 112, 0, 0, 0, 0, 240]"
1964.244438,134551829,"[40, 38, 24, 250, 0, 192, 125, 0]"
1964.245948,16848960,"[113, 7, 202, 252, 0, 0, 0, 255]"
1964.246428,33888256,"[0, 0, 0, 0, 128, 3, 16, 0]"
1964.246566,33888320,"[0, 0, 0, 0, 29, 52, 6, 0]"
1964.24671,33888384,"[0, 0, 0, 0, 0, 0, 0, 0]"
1964.246858,33888512,"[0, 0, 0, 0, 0, 0, 0, 0]"
1964.247125,33929223,"[0, 0, 125, 6, 0, 24, 48, 0]"
1964.247397,33880330,"[2, 197, 9, 170, 170, 170, 170, 170]"
1964.247697,33929353,"[0, 0, 0, 0, 236, 140, 136, 63]"
1964.24791,33827908,"[0, 0, 0, 98, 0, 16, 254, 255]"
1964.248125,33929351,"[0, 0, 0, 128, 0, 0, 0, 128]"
1964.248312,33880394,"[2, 5, 9, 170, 170, 170, 170, 170]"
1964.24852,33827906,"[0, 0, 0, 98, 0, 16, 244, 255]"
1964.248664,33929216,"[0, 0, 168, 6, 0, 24, 0, 0]"
1964.248802,33929225,"[0, 0, 154, 6, 0, 23, 32, 0]"
1964.249398,33827905,"[0, 0, 0, 226, 0, 16, 235, 255]"
1964.250173,352595220,"[234, 255, 255, 95, 255, 7, 128, 1]"
1964.250723,33880330,"[2, 197, 15, 170, 170, 170, 170, 170]"
1964.250871,33929221,"[0, 0, 136, 6, 0, 24, 48, 0]"
1964.251016,33929224,"[0, 0, 170, 6, 0, 24, 48, 0]"
1964.251154,33929349,"[246, 124, 160, 51, 0, 0, 0, 128]"
1964.251284,33880394,"[2, 5, 15, 170, 170, 170, 170, 170]"
1964.251428,33929352,"[0, 0, 0, 128, 0, 0, 0, 128]"
1964.252095,33827907,"[0, 0, 0, 226, 0, 16, 21, 0]"
1964.252983,33880328,"[2, 62, 0, 170, 170, 170, 170, 170]"
1964.253782,33880392,"[6, 126, 2, 4, 252, 68, 8, 170]"
1964.254507,33929226,"[0, 0, 169, 6, 0, 24, 32, 0]"
1964.254919,33929222,"[0, 0, 161, 6, 0, 24, 48, 0]"
1964.255086,33929350,"[0, 0, 0, 128, 0, 0, 0, 128]"
1964.256428,33888256,"[0, 0, 0, 0, 128, 3, 16, 0]"
1964.25743,33888448,"[0, 0, 0, 0, 0, 0, 0, 0]"
1964.257812,33827908,"[0, 0, 0, 98, 0, 16, 250, 255]"
1964.257979,33828292,"[0, 0, 224, 8, 0, 0, 0, 0]"
1964.258586,33827906,"[0, 0, 0, 98, 0, 16, 249, 255]"
1964.258731,33929225,"[0, 0, 154, 6, 0, 23, 32, 0]"
1964.258887,33828290,"[0, 0, 64, 7, 0, 0, 0, 0]"
1964.259284,33880328,"[1, 176, 170, 170, 170, 170, 170, 170]"
1964.259505,33827905,"[0, 0, 0, 226, 0, 16, 233, 255]"
1964.259704,33828289,"[0, 0, 128, 248, 255, 255, 0, 0]"
1964.260154,352595220,"[234, 255, 255, 95, 255, 7, 128, 1]"
1964.260291,33880392,"[16, 98, 240, 26, 1, 1, 0, 213]"
1964.260433,352596180,"[241, 31, 6, 192, 253, 235, 255, 5]"
1964.262194,33827907,"[0, 0, 0, 226, 0, 16, 33, 0]"
1964.262387,33828291,"[0, 0, 224, 251, 255, 255, 0, 0]"
1964.263857,134551573,"[0, 0, 0, 0, 0, 0, 0, 0]"
1964.263994,134551637,"[0, 0, 0, 0, 0, 0, 0, 192]"
1964.264151,134551701,"[0, 0, 0, 64, 0, 0, 0, 192]"
1964.264293,134551765,"[0, 0, 112, 0, 0, 0, 0, 240]"
1964.26443,134551829,"[40, 38, 24, 250, 0, 192, 125, 0]"
1964.265479,33880328,"[48, 0, 5, 170, 170, 170, 170, 170]"
1964.266426,33888256,"[0, 0, 0, 0, 128, 3, 16, 0]"
1964.266569,33888320,"[0, 0, 0, 0, 29, 51, 6, 0]"
1964.266711,16848960,"[113, 7, 202, 252, 0, 0, 0, 255]"
1964.266866,33888384,"[0, 0, 0, 0, 0, 0, 0, 0]"
1964.266995,33888512,"[0, 0, 0, 0, 0, 0, 0, 0]"
1964.267138,33929223,"[0, 0, 124, 6, 0, 24, 48, 0]"
1964.267704,33929353,"[0, 0, 0, 0, 236, 140, 136, 63]"
1964.267907,33827908,"[0, 0, 0, 98, 0, 16, 245, 255]"
1964.268114,33929351,"[0, 0, 0, 128, 0, 0, 0, 128]"
1964.268518,33929216,"[0, 0, 167, 6, 0, 24, 0, 0]"
1964.26866,33827906,"[0, 0, 0, 98, 0, 16, 253, 255]"
1964.268803,33929225,"[0, 0, 153, 6, 0, 23, 32, 0]"
1964.26943,33827905,"[0, 0, 0, 226, 0, 16, 229, 255]"
1964.270172,352595220,"[234, 255, 255, 95, 255, 7, 128, 1]"
1964.270745,33929221,"[0, 0, 135, 6, 0, 24, 48, 0]"
1964.2709,33880392,"[33, 0, 0, 249, 0, 0, 13, 0]"
1964.271043,33929224,"[0, 0, 171, 6, 0, 24, 48, 0]"
1964.271186,33929349,"[246, 124, 160, 51, 0, 0, 0, 128]"
1964.271322,33929352,"[0, 0, 0, 128, 0, 0, 0, 128]"
1964.272217,33827907,"[0, 0, 0, 226, 0, 16, 18, 0]"
1964.274487,33929226,"[0, 0, 168, 6, 0, 24, 32, 0]"
1964.274899,33929222,"[0, 0, 161, 6, 0, 24, 48, 0]"
1964.275043,33929350,"[0, 0, 0, 128, 0, 0, 0, 128]"
1964.275888,33880392,"[34, 6, 10, 233, 7, 3, 4, 30]"
1964.27641,33888256,"[0, 0, 0, 0, 128, 3, 16, 0]"
1964.277099,262271,"[52, 94, 170, 125, 196, 135, 208, 131]"
1964.277889,33827908,"[0, 0, 0, 98, 0, 16, 241, 255]"
1964.278099,33828292,"[0, 0, 224, 8, 0, 0, 0, 0]"
1964.278563,33827906,"[0, 0, 0, 98, 0, 16, 253, 255]"
1964.278721,33929225,"[0, 0, 154, 6, 0, 23, 32, 0]"
1964.278869,33828290,"[0, 0, 64, 7, 0, 0, 0, 0]"
1964.279483,33827905,"[0, 0, 0, 226, 0, 16, 237, 255]"
1964.279678,33828289,"[0, 0, 128, 248, 255, 255, 0, 0]"
1964.280174,352595220,"[234, 255, 255, 95, 255, 7, 128, 1]"
1964.280318,352596180,"[241, 31, 6, 192, 253, 235, 255, 5]"
1964.280871,33880392,"[35, 4, 0, 0, 0, 128, 0, 152]"
1964.282148,33827907,"[0, 0, 0, 226, 0, 16, 10, 0]"
1964.282334,33828291,"[0, 0, 224, 251, 255, 255, 0, 0]"
1964.283852,134551573,"[0, 0, 0, 0, 0, 0, 0, 0]"
1964.283996,134551637,"[0, 0, 0, 0, 0, 0, 0, 192]"
1964.284148,134551701,"[0, 0, 0, 64, 0, 0, 0, 192]"
1964.284292,134551765,"[0, 0, 112, 0, 0, 0, 0, 240]"
1964.284422,134551829,"[40, 38, 24, 250, 0, 192, 125, 0]"
1964.2859,33880392,"[36, 159, 4, 143, 33, 14, 0, 84]"
1964.286407,33888256,"[0, 0, 0, 0, 128, 3, 16, 0]"
1964.286559,33888320,"[0, 0, 0, 0, 29, 51, 6, 0]"
1964.286703,33888384,"[0, 0, 0, 0, 0, 0, 0, 0]"
1964.286851,33888512,"[0, 0, 0, 0, 0, 0, 0, 0]"
1964.287116,33929223,"[0, 0, 124, 6, 0, 24, 48, 0]"
1964.287367,16848960,"[113, 7, 202, 252, 0, 0, 0, 255]"
1964.28771,33929353,"[0, 0, 0, 0, 236, 140, 136, 63]"
1964.287866,33827908,"[0, 0, 0, 98, 0, 16, 238, 255]"
1964.288124,33929351,"[0, 0, 0, 128, 0, 0, 0, 128]"
1964.288488,33827906,"[0, 0, 0, 98, 0, 16, 254, 255]"
1964.28864,33929216,"[0, 0, 168, 6, 0, 24, 0, 0]"
1964.288784,33929225,"[0, 0, 154, 6, 0, 23, 32, 0]"
1964.289404,33827905,"[0, 0, 0, 226, 0, 16, 244, 255]"
1964.290158,352595220,"[234, 255, 255, 95, 255, 7, 128, 1]"
1964.290757,33929221,"[0, 0, 135, 6, 0, 24, 48, 0]"
1964.290891,33880392,"[37, 97, 108, 111, 110, 32, 70, 88]"
1964.291043,33929224,"[0, 0, 170, 6, 0, 24, 48, 0]"
1964.291173,33929349,"[246, 124, 160, 51, 0, 0, 0, 128]"
1964.291331,33929352,"[0, 0, 0, 128, 0, 0, 0, 128]"
1964.292198,33827907,"[0, 0, 0, 226, 0, 16, 11, 0]"
1964.29448,33929226,"[0, 0, 169, 6, 0, 24, 32, 0]"
1964.294905,33929222,"[0, 0, 162, 6, 0, 24, 48, 0]"
1964.295058,33929350,"[0, 0, 0, 128, 0, 0, 0, 128]"
1964.295902,33880392,"[38, 32, 118, 101, 114, 115, 46, 32]"
1964.296409,33888256,"[0, 0, 0, 0, 128, 3, 16, 0]"
1964.29772,33827908,"[0, 0, 0, 98, 0, 16, 219, 255]"
1964.297918,33828292,"[0, 0, 224, 8, 0, 0, 0, 0]"
1964.298496,33827906,"[0, 0, 0, 98, 0, 16, 242, 255]"
1964.298662,33828290,"[0, 0, 64, 7, 0, 0, 0, 0]"
1964.298881,33929225,"[0, 0, 154, 6, 0, 23, 32, 0]"
1964.299439,33888576,"[0, 0, 0, 0, 0, 0, 16, 0]"
1964.299554,33827905,"[0, 0, 0, 226, 0, 16, 220, 255]"
1964.299755,33828289,"[0, 0, 128, 248, 255, 255, 0, 0]"
1964.300167,352595220,"[234, 255, 255, 95, 255, 7, 128, 1]"
1964.300318,352596180,"[241, 223, 5, 192, 253, 235, 255, 5]"
1964.300477,33888640,"[0, 0, 0, 0, 0, 0, 0, 0]"
1964.300643,352596244,"[37, 1, 190, 0, 33, 127, 0, 0]"
1964.300759,352596436,"[244, 255, 143, 255, 255, 20, 0, 0]"
1964.300907,352596500,"[152, 0, 72, 0, 200, 63, 0, 4]"
1964.30106,33880392,"[39, 67, 0, 0, 0, 0, 0, 0]"
1964.302176,33827907,"[0, 0, 0, 226, 0, 16, 13, 0]"
1964.302342,33828291,"[0, 0, 224, 251, 255, 255, 0, 0]"
1964.30386,134551573,"[0, 0, 0, 0, 0, 0, 0, 0]"
1964.30399,134551637,"[0, 0, 0, 0, 0, 0, 0, 192]"
1964.304147,134551701,"[0, 0, 0, 64, 0, 0, 0, 192]"
1964.304283,134551765,"[0, 0, 112, 0, 0, 0, 0, 240]"
1964.304426,134551829,"[40, 38, 24, 250, 0, 192, 125, 0]"
1964.305864,33880392,"[40, 0, 0, 0, 0, 0, 0, 0]"
1964.306409,33888256,"[0, 0, 0, 0, 128, 3, 16, 0]"
1964.306551,33888320,"[0, 0, 0, 0, 29, 51, 6, 0]"
1964.306702,33888384,"[0, 0, 0, 0, 0, 0, 0, 0]"
1964.306848,33888512,"[0, 0, 0, 0, 0, 0, 0, 0]"
1964.307112,33929223,"[0, 0, 126, 6, 0, 24, 48, 0]"
1964.307409,33888448,"[0, 0, 0, 0, 0, 0, 0, 0]"
1964.307672,33929353,"[0, 0, 0, 0, 236, 140, 136, 63]"
1964.307897,33827908,"[0, 0, 0, 98, 0, 16, 224, 255]"
1964.308012,16848960,"[113, 7, 202, 252, 0, 0, 0, 255]"
1964.308155,33929351,"[0, 0, 0, 128, 0, 0, 0, 128]"
1964.308517,33929216,"[0, 0, 168, 6, 0, 24, 0, 0]"
1964.30866,33827906,"[0, 0, 0, 98, 0, 16, 243, 255]"
1964.308801,33929225,"[0, 0, 154, 6, 0, 23, 32, 0]"
1964.309468,33827905,"[0, 0, 0, 226, 0, 16, 229, 255]"
1964.310143,352595220,"[235, 255, 255, 95, 255, 7, 128, 1]"
1964.310738,33929221,"[0, 0, 135, 6, 0, 24, 48, 0]"
1964.310884,33880392,"[41, 0, 0, 0, 67, 84, 82, 32]"
1964.311027,33929224,"[0, 0, 170, 6, 0, 24, 48, 0]"
1964.311164,33929349,"[246, 124, 160, 51, 0, 0, 0, 128]"
1964.311306,33929352,"[0, 0, 0, 128, 0, 0, 0, 128]"
1964.311527,33929280,"[0, 0, 0, 8, 0, 64, 0, 0]"
1964.312217,33827907,"[0, 0, 0, 226, 0, 16, 30, 0]"
1964.314473,33929226,"[0, 0, 169, 6, 0, 24, 32, 0]"
1964.314909,33929222,"[0, 0, 162, 6, 0, 24, 48, 0]"
1964.315052,33929350,"[0, 0, 0, 128, 0, 0, 0, 128]"
1964.315848,33880392,"[42, 69, 108, 101, 99, 116, 114, 111]"
1964.316416,33888256,"[0, 0, 0, 0, 128, 3, 16, 0]"
1964.317831,33827908,"[0, 0, 0, 98, 0, 16, 4, 0]"
1964.318038,33828292,"[0, 0, 224, 8, 0, 0, 0, 0]"
1964.318498,33827906,"[0, 0, 0, 98, 0, 16, 241, 255]"
1964.318697,33828290,"[0, 0, 64, 7, 0, 0, 0, 0]"
1964.318852,33929225,"[0, 0, 154, 6, 0, 23, 32, 0]"
1964.319495,33827905,"[0, 0, 0, 226, 0, 16, 245, 255]"
1964.31969,33828289,"[0, 0, 128, 248, 255, 255, 0, 0]"
1964.319938,262271,"[52, 94, 171, 125, 6, 135, 145, 57]"
1964.32019,352595220,"[235, 255, 255, 95, 255, 7, 128, 1]"
1964.320349,352596180,"[241, 223, 5, 192, 253, 235, 255, 5]"
1964.320997,33880392,"[43, 110, 105, 99, 115, 0, 0, 0]"
1964.322148,33827907,"[0, 0, 0, 226, 0, 16, 17, 0]"
1964.32232,33828291,"[0, 0, 224, 251, 255, 255, 0, 0]"
1964.323839,134551573,"[0, 0, 0, 0, 0, 0, 0, 0]"
1964.323984,134551637,"[0, 0, 0, 0, 0, 0, 0, 192]"
1964.324136,134551701,"[0, 0, 0, 64, 0, 0, 0, 192]"
1964.324281,134551765,"[0, 0, 112, 0, 0, 0, 0, 240]"
1964.324433,134551829,"[40, 38, 24, 250, 0, 192, 125, 0]"
1964.325872,33880392,"[44, 0, 0, 0, 0, 0, 0, 0]"
1964.326408,33888256,"[0, 0, 0, 0, 128, 3, 16, 0]"
1964.326545,33888320,"[0, 0, 0, 0, 29, 51, 6, 0]"
1964.326689,33888384,"[0, 0, 0, 0, 0, 0, 0, 0]"
1964.326859,33888512,"[0, 0, 0, 0, 0, 0, 0, 0]"
1964.327103,33929223,"[0, 0, 124, 6, 0, 24, 48, 0]"
1964.327704,33929353,"[0, 0, 0, 0, 236, 140, 136, 63]"
1964.327824,33844164,"[0, 0, 0, 0, 1, 26, 19, 0]"
1964.328011,33834820,"[0, 0, 0, 0, 0, 0, 0, 0]"
1964.328149,33929351,"[0, 0, 0, 128, 0, 0, 0, 128]"
1964.328486,33844162,"[0, 0, 0, 0, 1, 26, 19, 0]"
1964.328616,33929216,"[0, 0, 167, 6, 0, 24, 0, 0]"
1964.32876,33828932,"[0, 243, 199, 46, 0, 0, 0, 0]"
1964.328916,33834818,"[0, 0, 0, 0, 0, 0, 0, 0]"
1964.32906,33827908,"[0, 0, 0, 98, 0, 16, 12, 0]"
1964.32919,33929225,"[0, 0, 153, 6, 0, 23, 32, 0]"
1964.329342,16848960,"[113, 7, 202, 252, 0, 0, 0, 255]"
1964.329485,33828930,"[0, 243, 199, 46, 0, 0, 0, 0]"
1964.329601,33844161,"[0, 0, 0, 0, 1, 26, 19, 0]"
1964.329745,33827906,"[0, 0, 0, 98, 0, 16, 247, 255]"
1964.329879,33828164,"[250, 127, 0, 192, 83, 21, 28, 24]"
1964.330031,33828228,"[0, 0, 0, 231, 0, 0, 0, 0]"
1964.330175,352595220,"[235, 255, 255, 95, 255, 7, 128, 1]"
1964.330319,33834817,"[0, 0, 0, 0, 0, 0, 0, 0]"
1964.330456,33828162,"[251, 127, 0, 0, 84, 21, 28, 23]"
1964.3306,33828929,"[0, 243, 199, 46, 0, 0, 0, 0]"
1964.330744,33828226,"[0, 0, 64, 189, 0, 0, 0, 0]"
1964.3309,33828356,"[0, 0, 0, 0, 0, 0, 0, 128]"
1964.33103,33929221,"[0, 0, 135, 6, 0, 24, 48, 0]"
1964.33121,33828420,"[0, 0, 0, 0, 0, 0, 0, 128]"
1964.331326,33827905,"[0, 0, 0, 226, 0, 16, 236, 255]"
1964.33147,33828354,"[0, 0, 0, 0, 0, 0, 0, 128]"
1964.331622,33828161,"[245, 127, 0, 192, 83, 20, 27, 24]"
1964.331752,33929224,"[0, 0, 170, 6, 0, 24, 48, 0]"
1964.3319,33828418,"[0, 0, 0, 0, 0, 0, 0, 128]"
1964.332039,33828484,"[8, 0, 0, 0, 0, 0, 0, 0]"
1964.332183,33929349,"[246, 124, 160, 51, 0, 0, 0, 128]"
1964.332327,33828225,"[0, 0, 0, 62, 255, 255, 0, 0]"
1964.332479,33828482,"[8, 0, 0, 0, 0, 0, 0, 0]"
1964.332623,33828353,"[0, 0, 0, 0, 0, 0, 0, 128]"
1964.332767,33828546,"[0, 0, 4, 0, 0, 0, 0, 0]"
1964.332908,33828548,"[0, 0, 4, 0, 0, 0, 0, 0]"
1964.333025,33844163,"[0, 0, 0, 0, 1, 26, 19, 0]"
1964.333183,33880392,"[45, 0, 0, 0, 0, 0, 0, 0]"
1964.33332,33834819,"[0, 0, 0, 0, 0, 0, 0, 0]"
1964.333464,33828417,"[0, 0, 0, 0, 0, 0, 0, 128]"
1964.333616,33828931,"[0, 243, 199, 46, 0, 0, 0, 0]"
1964.33376,33929352,"[0, 0, 0, 128, 0, 0, 0, 128]"
1964.333908,33828481,"[8, 0, 0, 0, 0, 0, 0, 0]"
1964.33406,33827907,"[0, 0, 0, 226, 0, 16, 14, 0]"
1964.334232,33828163,"[247, 127, 0, 192, 83, 19, 27, 24]"
1964.33439,33828545,"[0, 0, 4, 0, 0, 0, 0, 0]"
1964.334528,33828227,"[0, 0, 64, 152, 255, 255, 0, 0]"
1964.334672,33929226,"[0, 0, 169, 6, 0, 24, 32, 0]"
1964.334898,33929222,"[0, 0, 161, 6, 0, 24, 48, 0]"
1964.335043,33828355,"[0, 0, 0, 0, 0, 0, 0, 128]"
1964.335187,33929350,"[0, 0, 0, 128, 0, 0, 0, 128]"
1964.335325,33828419,"[0, 0, 0, 0, 0, 0, 0, 128]"
1964.335949,33880392,"[46, 19, 170, 170, 170, 170, 170, 170]"
1964.336102,33828483,"[8, 0, 0, 0, 0, 0, 0, 0]"
1964.336332,33828547,"[0, 0, 4, 0, 0, 0, 0, 0]"
1964.33647,33888256,"[0, 0, 0, 0, 128, 3, 16, 0]"
1964.337852,33827908,"[0, 0, 0, 98, 0, 16, 251, 255]"
1964.338025,33828292,"[0, 0, 224, 8, 0, 0, 0, 0]"
1964.338468,33827906,"[0, 0, 0, 98, 0, 16, 251, 255]"
1964.338626,33828290,"[0, 0, 64, 7, 0, 0, 0, 0]"
1964.33877,33929225,"[0, 0, 153, 6, 0, 23, 32, 0]"
1964.339474,33827905,"[0, 0, 0, 226, 0, 16, 237, 255]"
1964.339668,33828289,"[0, 0, 128, 248, 255, 255, 0, 0]"
1964.340138,352595220,"[235, 255, 255, 95, 255, 7, 128, 1]"
1964.340297,352596180,"[241, 223, 5, 176, 253, 235, 255, 5]"
1964.342164,33827907,"[0, 0, 0, 226, 0, 16, 13, 0]"
1964.34235,33828291,"[0, 0, 224, 251, 255, 255, 0, 0]"
1964.343181,33880328,"[1, 187, 170, 170, 170, 170, 170, 170]"
1964.343843,134551573,"[0, 0, 0, 0, 0, 0, 0, 0]"
1964.343973,33880392,"[6, 251, 1, 163, 115, 5, 0, 170]"
1964.344126,134551637,"[0, 0, 0, 0, 0, 0, 0, 192]"
1964.34427,134551701,"[0, 0, 0, 64, 0, 0, 0, 192]"
1964.344413,134551765,"[0, 0, 112, 0, 0, 0, 0, 240]"
1964.344551,134551829,"[40, 38, 24, 250, 0, 192, 125, 0]"
1964.346424,33888256,"[0, 0, 0, 0, 128, 3, 16, 0]"
1964.346562,33888320,"[0, 0, 0, 0, 29, 52, 6, 0]"
1964.346706,33888384,"[0, 0, 0, 0, 0, 0, 0, 0]"
1964.346854,33888512,"[0, 0, 0, 0, 0, 0, 0, 0]"
1964.347105,33929223,"[0, 0, 125, 6, 0, 24, 48, 0]"
1964.347692,33929353,"[0, 0, 0, 0, 236, 140, 136, 63]"
1964.34784,33827908,"[0, 0, 0, 98, 0, 16, 247, 255]"
1964.348121,33929351,"[0, 0, 0, 128, 0, 0, 0, 128]"
1964.3485,33827906,"[0, 0, 0, 98, 0, 16, 248, 255]"
1964.348643,33929216,"[0, 0, 168, 6, 0, 24, 0, 0]"
1964.348791,33929225,"[0, 0, 154, 6, 0, 23, 32, 0]"
1964.349374,33827905,"[0, 0, 0, 226, 0, 16, 2, 0]"
1964.35012,352611284,"[0, 0, 0, 0, 1, 26, 19, 0]"
1964.350257,16848960,"[113, 7, 202, 252, 0, 0, 0, 255]"
1964.350399,352601940,"[0, 0, 0, 0, 0, 64, 0, 0]"
1964.350564,352595220,"[235, 255, 255, 95, 255, 7, 128, 1]"
1964.350706,352596308,"[41, 29, 0, 6, 176, 0, 0, 255]"
1964.350853,33929221,"[0, 0, 135, 6, 0, 24, 48, 0]"
1964.35099,33929224,"[0, 0, 170, 6, 0, 24, 48, 0]"
1964.351132,33929349,"[246, 124, 160, 51, 0, 0, 0, 128]"
1964.351275,33929352,"[0, 0, 0, 128, 0, 0, 0, 128]"
1964.351426,352596372,"[4, 0, 32, 255, 255, 254, 255, 159]"
1964.351583,352596692,"[0, 0, 0, 0, 0, 0, 0, 0]"
1964.351748,352596628,"[245, 98, 0, 0, 0, 0, 0, 0]"
1964.351881,352596820,"[0, 0, 0, 0, 0, 0, 0, 0]"
1964.352038,352596884,"[170, 255, 50, 0, 161, 2, 0, 0]"
1964.352245,33827907,"[0, 0, 0, 226, 0, 16, 21, 0]"
1964.352514,33880328,"[1, 200, 170, 170, 170, 170, 170, 170]"
1964.353057,33880392,"[16, 12, 8, 0, 9, 82, 82, 32]"
1964.353418,33888704,"[0, 0, 0, 0, 0, 0, 0, 0]"
1964.354468,33929226,"[0, 0, 169, 6, 0, 24, 32, 0]"
1964.354618,33929290,"[0, 0, 0, 0, 0, 64, 0, 0]"
1964.354891,33929222,"[0, 0, 161, 6, 0, 24, 48, 0]"
1964.355034,33929350,"[0, 0, 0, 128, 0, 0, 0, 128]"
1964.35586,33929288,"[0, 0, 0, 0, 0, 64, 0, 0]"
1964.356413,33888256,"[0, 0, 0, 0, 128, 3, 16, 0]"
1964.35742,33888448,"[0, 0, 0, 0, 0, 0, 0, 0]"
1964.357856,33827908,"[0, 0, 0, 98, 0, 16, 249, 255]"
1964.358041,33828292,"[0, 0, 224, 8, 0, 0, 0, 0]"
1964.358487,33827906,"[0, 0, 0, 98, 0, 16, 252, 255]"
1964.358665,33828290,"[0, 0, 64, 7, 0, 0, 0, 0]"
1964.358798,33880328,"[48, 0, 5, 170, 170, 170, 170, 170]"
1964.358948,33929225,"[0, 0, 154, 6, 0, 23, 32, 0]"
1964.359396,33827905,"[0, 0, 0, 226, 0, 16, 239, 255]"
1964.359589,33828289,"[0, 0, 128, 248, 255, 255, 0, 0]"
1964.360152,352595220,"[235, 255, 255, 95, 255, 7, 128, 1]"
1964.360295,352596180,"[241, 223, 5, 176, 253, 235, 255, 5]"
1964.362096,33827907,"[0, 0, 0, 226, 0, 16, 22, 0]"
1964.362261,33828291,"[0, 0, 224, 251, 255, 255, 0, 0]"
1964.36295,262271,"[52, 94, 171, 124, 212, 142, 157, 131]"
1964.363832,134551573,"[0, 0, 0, 0, 0, 0, 0, 0]"
1964.363983,33880392,"[33, 75, 114, 97, 107, 101, 110, 170]"
1964.364113,134551637,"[0, 0, 0, 0, 0, 0, 0, 192]"
1964.364257,134551701,"[0, 0, 0, 64, 0, 0, 0, 192]"
1964.364401,134551765,"[0, 0, 112, 0, 0, 0, 0, 240]"
1964.364539,134551829,"[41, 38, 24, 250, 0, 192, 125, 0]"
1964.364885,33929286,"[0, 0, 0, 0, 0, 64, 0, 0]"
1964.366414,33888256,"[0, 0, 0, 0, 128, 3, 16, 0]"
1964.366558,33888320,"[0, 0, 0, 0, 29, 52, 6, 0]"
1964.366702,33888384,"[0, 0, 0, 0, 0, 0, 0, 0]"
1964.366859,33888512,"[0, 0, 0, 0, 0, 0, 0, 0]"
1964.367088,33929223,"[0, 0, 125, 6, 0, 24, 48, 0]"
1964.367695,33929353,"[0, 0, 0, 0, 236, 140, 136, 63]"
1964.36785,33827908,"[0, 0, 0, 98, 0, 16, 252, 255]"
1964.368094,33929351,"[0, 0, 0, 128, 0, 0, 0, 128]"
1964.368224,33880328,"[2, 197, 9, 170, 170, 170, 170, 170]"
1964.368475,33827906,"[0, 0, 0, 98, 0, 16, 2, 0]"
1964.368619,33929216,"[0, 0, 170, 6, 0, 24, 0, 0]"
1964.368763,33929225,"[0, 0, 154, 6, 0, 23, 32, 0]"
1964.369005,33880392,"[2, 5, 9, 170, 170, 170, 170, 170]"
1964.369525,33827905,"[0, 0, 0, 226, 0, 16, 232, 255]"
1964.370136,352595220,"[235, 255, 255, 95, 255, 7, 128, 1]"
1964.370657,33880328,"[2, 197, 15, 170, 170, 170, 170, 170]"
1964.370791,33929221,"[0, 0, 136, 6, 0, 24, 48, 0]"
1964.370943,33929224,"[0, 0, 170, 6, 0, 24, 48, 0]"
1964.371074,33880392,"[2, 5, 15, 170, 170, 170, 170, 170]"
1964.371218,33929349,"[246, 124, 160, 51, 0, 0, 0, 128]"
1964.371369,16848960,"[113, 7, 202, 252, 0, 0, 0, 255]"
1964.371513,33929352,"[0, 0, 0, 128, 0, 0, 0, 128]"
1964.37211,33827907,"[0, 0, 0, 226, 0, 16, 33, 0]"
1964.374473,33929226,"[0, 0, 169, 6, 0, 24, 32, 0]"
1964.374886,33929222,"[0, 0, 162, 6, 0, 24, 48, 0]"
1964.375045,33929350,"[0, 0, 0, 128, 0, 0, 0, 128]"
1964.376402,33888256,"[0, 0, 0, 0, 128, 3, 16, 0]"
1964.377827,33827908,"[0, 0, 0, 98, 0, 16, 227, 255]"
1964.378022,33828292,"[0, 0, 224, 8, 0, 0, 0, 0]"
1964.378501,33827906,"[0, 0, 0, 98, 0, 16, 1, 0]"
1964.378688,33828290,"[0, 0, 64, 7, 0, 0, 0, 0]"
1964.37883,33929225,"[0, 0, 154, 6, 0, 23, 32, 0]"
1964.379422,33827905,"[0, 0, 0, 226, 0, 16, 234, 255]"
1964.379588,33828289,"[0, 0, 128, 248, 255, 255, 0, 0]"
1964.380142,352595220,"[235, 255, 255, 95, 255, 7, 128, 1]"
1964.380294,352596180,"[241, 223, 5, 176, 253, 235, 255, 5]"
1964.382096,33827907,"[0, 0, 0, 226, 0, 16, 15, 0]"
1964.382305,33828291,"[0, 0, 224, 251, 255, 255, 0, 0]"
1964.383839,134551573,"[0, 0, 0, 0, 0, 0, 0, 0]"
1964.383968,134551637,"[0, 0, 0, 0, 0, 0, 0, 192]"
1964.384112,134551701,"[0, 0, 0, 64, 0, 0, 0, 192]"
1964.384264,134551765,"[0, 0, 112, 0, 0, 0, 0, 240]"
1964.384394,134551829,"[41, 38, 24, 250, 0, 192, 125, 0]"
1964.386404,33888256,"[0, 0, 0, 0, 128, 3, 16, 0]"
1964.386556,33888320,"[0, 0, 0, 0, 29, 51, 6, 0]"
1964.3867,33888384,"[0, 0, 0, 0, 0, 0, 0, 0]"
1964.386848,33888512,"[0, 0, 0, 0, 0, 0, 0, 0]"
1964.3871,33929223,"[0, 0, 126, 6, 0, 24, 48, 0]"
1964.387677,33929353,"[0, 0, 0, 0, 236, 140, 136, 63]"
1964.387847,33827908,"[0, 0, 0, 98, 0, 16, 251, 255]"
1964.388091,33929351,"[0, 0, 0, 128, 0, 0, 0, 128]"
1964.388498,33929216,"[0, 0, 168, 6, 0, 24, 0, 0]"
1964.388642,33827906,"[0, 0, 0, 98, 0, 16, 7, 0]"
1964.388841,33929225,"[0, 0, 153, 6, 0, 23, 32, 0]"
1964.389396,33827905,"[0, 0, 0, 226, 0, 16, 224, 255]"
1964.390143,352595220,"[235, 255, 255, 95, 255, 7, 128, 1]"
1964.390721,33929221,"[0, 0, 135, 6, 0, 24, 48, 0]"
1964.390869,33929224,"[0, 0, 169, 6, 0, 24, 48, 0]"
1964.391007,33929349,"[246, 124, 160, 51, 0, 0, 0, 128]"
1964.391151,33929352,"[0, 0, 0, 128, 0, 0, 0, 128]"
1964.391917,16848960,"[113, 7, 202, 252, 0, 0, 0, 255]"
1964.392055,33827907,"[0, 0, 0, 226, 0, 16, 21, 0]"
1964.394451,33929226,"[0, 0, 169, 6, 0, 24, 32, 0]"
1964.394887,33929222,"[0, 0, 161, 6, 0, 24, 48, 0]"
1964.395024,33929350,"[0, 0, 0, 128, 0, 0, 0, 128]"
1964.396411,33888256,"[0, 0, 0, 0, 128, 3, 16, 0]"
1964.397797,33827908,"[0, 0, 0, 98, 0, 16, 2, 0]"
1964.397962,33828292,"[0, 0, 224, 8, 0, 0, 0, 0]"
1964.398465,33827906,"[0, 0, 0, 98, 0, 16, 0, 0]"
1964.398621,33828290,"[0, 0, 64, 7, 0, 0, 0, 0]"
1964.398764,33929225,"[0, 0, 154, 6, 0, 23, 32, 0]"
1964.399397,33827905,"[0, 0, 0, 226, 0, 16, 252, 255]"
1964.39959,33828289,"[0, 0, 128, 248, 255, 255, 0, 0]"
1964.400111,352595220,"[235, 255, 255, 95, 255, 7, 128, 1]"
1964.400268,352596180,"[241, 223, 5, 176, 253, 235, 255, 5]"
1964.400418,352596244,"[40, 1, 183, 0, 33, 127, 0, 0]"
1964.400561,352596436,"[232, 255, 175, 255, 255, 235, 255, 15]"
1964.400717,352596500,"[144, 0, 60, 0, 200, 63, 0, 4]"
1964.400872,33929285,"[0, 0, 0, 0, 0, 64, 0, 0]"
1964.402148,33827907,"[0, 0, 0, 226, 0, 16, 7, 0]"
1964.402355,33828291,"[0, 0, 224, 251, 255, 255, 0, 0]"
1964.403838,134551573,"[0, 0, 0, 0, 0, 0, 0, 0]"
1964.403967,134551637,"[0, 0, 0, 0, 0, 0, 0, 192]"
1964.40411,134551701,"[0, 0, 0, 64, 0, 0, 0, 192]"
1964.404261,134551765,"[0, 0, 112, 0, 0, 0, 0, 240]"
1964.404403,134551829,"[41, 38, 24, 250, 0, 192, 125, 0]"
1964.404756,262271,"[52, 94, 170, 123, 94, 63, 161, 135]"
1964.406405,33888256,"[0, 0, 0, 0, 128, 3, 16, 0]"
1964.406541,33888320,"[0, 0, 0, 0, 29, 52, 6, 0]"
1964.406684,33888384,"[0, 0, 0, 0, 0, 0, 0, 0]"
1964.406838,33888512,"[0, 0, 0, 0, 0, 0, 0, 0]"
1964.407088,33929223,"[0, 0, 126, 6, 0, 24, 48, 0]"
1964.407415,33888448,"[0, 0, 0, 0, 0, 0, 0, 0]"
1964.407678,33929353,"[0, 0, 0, 0, 236, 140, 136, 63]"
1964.407811,33827908,"[0, 0, 0, 98, 0, 16, 245, 255]"
1964.408089,33929351,"[0, 0, 0, 128, 0, 0, 0, 128]"
1964.40845,33827906,"[0, 0, 0, 98, 0, 16, 241, 255]"
1964.408578,33929216,"[0, 0, 167, 6, 0, 24, 0, 0]"
1964.408721,33929225,"[0, 0, 154, 6, 0, 23, 32, 0]"
1964.409369,33827905,"[0, 0, 0, 226, 0, 16, 235, 255]"
1964.410145,352595220,"[234, 255, 255, 95, 255, 7, 128, 1]"
1964.410722,33929221,"[0, 0, 135, 6, 0, 24, 48, 0]"
1964.41087,33929224,"[0, 0, 170, 6, 0, 24, 48, 0]"
1964.411023,33929349,"[246, 124, 160, 51, 0, 0, 0, 128]"
1964.411152,33929352,"[0, 0, 0, 128, 0, 0, 0, 128]"
1964.412154,33827907,"[0, 0, 0, 226, 0, 16, 11, 0]"
1964.412519,16848960,"[113, 7, 202, 252, 0, 0, 0, 255]"
1964.41445,33929226,"[0, 0, 169, 6, 0, 24, 32, 0]"
1964.414876,33929222,"[0, 0, 161, 6, 0, 24, 48, 0]"
1964.41502,33929350,"[0, 0, 0, 128, 0, 0, 0, 128]"
1964.416399,33888256,"[0, 0, 0, 0, 128, 3, 16, 0]"
1964.417728,33827908,"[0, 0, 0, 98, 0, 16, 240, 255]"
1964.417912,33828292,"[0, 0, 224, 8, 0, 0, 0, 0]"
1964.418533,33827906,"[0, 0, 0, 98, 0, 16, 253, 255]"
1964.418727,33828290,"[0, 0, 64, 7, 0, 0, 0, 0]"
1964.418918,33929225,"[0, 0, 154, 6, 0, 23, 32, 0]"
1964.419368,33827905,"[0, 0, 0, 226, 0, 16, 240, 255]"
1964.419541,33828289,"[0, 0, 128, 248, 255, 255, 0, 0]"
1964.420131,352595220,"[235, 255, 255, 95, 255, 7, 128, 1]"
1964.420289,352596180,"[241, 159, 5, 176, 253, 235, 255, 5]"
1964.422129,33827907,"[0, 0, 0, 226, 0, 16, 22, 0]"
1964.42233,33828291,"[0, 0, 224, 251, 255, 255, 0, 0]"
1964.423819,134551573,"[0, 0, 0, 0, 0, 0, 0, 0]"
1964.423963,134551637,"[0, 0, 0, 0, 0, 0, 0, 192]"
1964.424116,134551701,"[0, 0, 0, 64, 0, 0, 0, 192]"
1964.42426,134551765,"[0, 0, 112, 0, 0, 0, 0, 240]"
1964.42439,134551829,"[41, 38, 24, 250, 0, 192, 125, 0]"
1964.426386,33888256,"[0, 0, 0, 0, 128, 3, 16, 0]"
1964.426538,33888320,"[0, 0, 0, 0, 29, 52, 6, 0]"
1964.426682,33888384,"[0, 0, 0, 0, 0, 0, 0, 0]"
1964.426852,33888512,"[0, 0, 0, 0, 0, 0, 0, 0]"
1964.427082,33929223,"[0, 0, 125, 6, 0, 24, 48, 0]"
1964.427667,33929353,"[0, 0, 0, 0, 236, 140, 136, 63]"
1964.427801,33827908,"[0, 0, 0, 98, 0, 16, 4, 0]"
1964.428081,33929287,"[0, 0, 0, 0, 0, 64, 0, 0]"
1964.428225,33929351,"[0, 0, 0, 128, 0, 0, 0, 128]"
1964.428491,33929216,"[0, 0, 168, 6, 0, 24, 0, 0]"
1964.428635,33827906,"[0, 0, 0, 98, 0, 16, 252, 255]"
1964.428783,33929225,"[0, 0, 154, 6, 0, 23, 32, 0]"
1964.429369,33827905,"[0, 0, 0, 226, 0, 16, 235, 255]"
1964.430115,352595220,"[235, 255, 255, 95, 255, 7, 128, 1]"
1964.430721,33929221,"[0, 0, 135, 6, 0, 24, 48, 0]"
1964.430869,33929224,"[0, 0, 171, 6, 0, 24, 48, 0]"
1964.431007,33929349,"[246, 124, 160, 51, 0, 0, 0, 128]"
1964.431151,33929352,"[0, 0, 0, 128, 0, 0, 0, 128]"
1964.432132,33827907,"[0, 0, 0, 226, 0, 16, 19, 0]"
1964.433612,16848960,"[113, 7, 202, 252, 0, 0, 0, 255]"
1964.434457,33929226,"[0, 0, 169, 6, 0, 24, 32, 0]"
1964.434883,33929222,"[0, 0, 161, 6, 0, 24, 48, 0]"
1964.435035,33929350,"[0, 0, 0, 128, 0, 0, 0, 128]"
1964.436386,33888256,"[0, 0, 0, 0, 128, 3, 16, 0]"
1964.437832,33827908,"[0, 0, 0, 98, 0, 16, 249, 255]"
1964.438013,33828292,"[0, 0, 224, 8, 0, 0, 0, 0]"
1964.438491,33827906,"[0, 0, 0, 98, 0, 16, 232, 255]"
1964.438664,33929225,"[0, 0, 154, 6, 0, 23, 32, 0]"
1964.438819,33828290,"[0, 0, 64, 7, 0, 0, 0, 0]"
1964.439486,33827905,"[0, 0, 0, 226, 0, 16, 250, 255]"
1964.439685,33828289,"[0, 0, 128, 248, 255, 255, 0, 0]"
1964.440117,352595220,"[235, 255, 255, 95, 255, 7, 128, 1]"
1964.44026,352596180,"[241, 159, 5, 176, 253, 235, 255, 5]"
1964.442114,33827907,"[0, 0, 0, 226, 0, 16, 19, 0]"
1964.44232,33828291,"[0, 0, 224, 251, 255, 255, 0, 0]"
1964.443814,134551573,"[0, 0, 0, 0, 0, 0, 0, 0]"
1964.443965,134551637,"[0, 0, 0, 0, 0, 0, 0, 192]"
1964.444109,134551701,"[0, 0, 0, 64, 0, 0, 0, 192]"
1964.444246,134551765,"[0, 0, 112, 0, 0, 0, 0, 240]"
1964.444396,134551829,"[40, 38, 24, 250, 0, 192, 125, 0]"
1964.446385,33888256,"[0, 0, 0, 0, 128, 3, 16, 0]"
1964.446521,33888320,"[0, 0, 0, 0, 29, 52, 6, 0]"
1964.446671,33888384,"[0, 0, 0, 0, 0, 0, 0, 0]"
1964.446804,262271,"[52, 94, 170, 125, 134, 61, 71, 9]"
1964.446954,33888512,"[0, 0, 0, 0, 0, 0, 0, 0]"
1964.447106,33929223,"[0, 0, 126, 6, 0, 24, 48, 0]"
1964.447658,33929353,"[0, 0, 0, 0, 236, 140, 136, 63]"
1964.447898,33827908,"[0, 0, 0, 98, 0, 16, 240, 255]"
1964.448078,33929351,"[0, 0, 0, 128, 0, 0, 0, 128]"
1964.448491,33929216,"[0, 0, 168, 6, 0, 24, 0, 0]"
1964.448655,33827906,"[0, 0, 0, 98, 0, 16, 243, 255]"
1964.448773,33929225,"[0, 0, 154, 6, 0, 23, 32, 0]"
1964.449377,33827905,"[0, 0, 0, 226, 0, 16, 245, 255]"
1964.450124,352595220,"[235, 255, 255, 95, 255, 7, 128, 1]"
1964.450713,33929221,"[0, 0, 135, 6, 0, 24, 48, 0]"
1964.450845,33929224,"[0, 0, 170, 6, 0, 24, 48, 0]"
1964.450997,33929349,"[246, 124, 160, 51, 0, 0, 0, 128]"
1964.451161,33929352,"[0, 0, 0, 128, 0, 0, 0, 128]"
1964.452144,33827907,"[0, 0, 0, 226, 0, 16, 23, 0]"
1964.454181,16848960,"[113, 7, 202, 252, 0, 0, 0, 255]"
1964.454469,33929226,"[0, 0, 170, 6, 0, 24, 32, 0]"
1964.454866,33929222,"[0, 0, 161, 6, 0, 24, 48, 0]"
1964.455019,33929350,"[0, 0, 0, 128, 0, 0, 0, 128]"
1964.456381,33888256,"[0, 0, 0, 0, 128, 3, 16, 0]"
1964.457385,33888448,"[0, 0, 0, 0, 0, 0, 0, 0]"
1964.45781,33827908,"[0, 0, 0, 98, 0, 16, 246, 255]"
1964.458019,33828292,"[0, 0, 224, 8, 0, 0, 0, 0]"
1964.458512,33827906,"[0, 0, 0, 98, 0, 16, 238, 255]"
1964.458655,33929225,"[0, 0, 154, 6, 0, 23, 32, 0]"
1964.458825,33828290,"[0, 0, 64, 7, 0, 0, 0, 0]"
1964.458941,33929289,"[0, 0, 0, 8, 0, 64, 0, 0]"
1964.459086,33888265,"[0, 0, 255, 255, 255, 255, 0, 0]"
1964.459394,33827905,"[0, 0, 0, 226, 0, 16, 241, 255]"
1964.459567,33828289,"[0, 0, 128, 248, 255, 255, 0, 0]"
1964.460108,352595220,"[235, 255, 255, 95, 255, 7, 128, 1]"
1964.46026,352596180,"[241, 159, 5, 176, 253, 235, 255, 5]"
1964.462154,33827907,"[0, 0, 0, 226, 0, 16, 14, 0]"
1964.462334,33828291,"[0, 0, 224, 251, 255, 255, 0, 0]"
1964.463811,134551573,"[0, 0, 0, 0, 0, 0, 0, 0]"
1964.463955,134551637,"[0, 0, 0, 0, 0, 0, 0, 192]"
1964.464108,134551701,"[0, 0, 0, 64, 0, 0, 0, 192]"
1964.464252,134551765,"[0, 0, 112, 0, 0, 0, 0, 240]"
1964.464382,134551829,"[40, 38, 24, 250, 0, 192, 125, 0]"
1964.466375,33888256,"[0, 0, 0, 0, 128, 3, 16, 0]"
1964.466512,33888320,"[0, 0, 0, 0, 29, 51, 6, 0]"
1964.466656,33888384,"[0, 0, 0, 0, 0, 0, 0, 0]"
1964.466804,33888512,"[0, 0, 0, 0, 0, 0, 0, 0]"
1964.467085,33929223,"[0, 0, 126, 6, 0, 24, 48, 0]"
1964.46765,33929353,"[0, 0, 0, 0, 236, 140, 136, 63]"
1964.467798,33827908,"[0, 0, 0, 98, 0, 16, 1, 0]"
1964.468079,33929351,"[0, 0, 0, 128, 0, 0, 0, 128]"
1964.468486,33929216,"[0, 0, 168, 6, 0, 24, 0, 0]"
1964.46863,33827906,"[0, 0, 0, 98, 0, 16, 239, 255]"
1964.468778,33929225,"[0, 0, 154, 6, 0, 23, 32, 0]"
1964.469378,33827905,"[0, 0, 0, 226, 0, 16, 227, 255]"
1964.470145,352595220,"[235, 255, 255, 95, 255, 7, 128, 1]"
1964.470722,33929221,"[0, 0, 135, 6, 0, 24, 48, 0]"
1964.470856,33929224,"[0, 0, 170, 6, 0, 24, 48, 0]"
1964.470995,33929349,"[246, 124, 160, 51, 0, 0, 0, 128]"
1964.471139,33929352,"[0, 0, 0, 128, 0, 0, 0, 128]"
1964.472115,33827907,"[0, 0, 0, 226, 0, 16, 13, 0]"
1964.473294,262847,"[0, 0, 0, 0, 2, 26, 1, 0]"
1964.473424,325951,"[2, 62, 0, 170, 170, 170, 170, 170]"
1964.47444,33929226,"[0, 0, 169, 6, 0, 24, 32, 0]"
1964.474787,16848960,"[113, 7, 202, 252, 0, 0, 0, 255]"
1964.474925,33929350,"[0, 0, 0, 128, 0, 0, 0, 128]"
1964.47507,33929222,"[0, 0, 162, 6, 0, 24, 48, 0]"
1964.475767,33880392,"[6, 126, 2, 4, 252, 68, 8, 170]"
1964.476367,33888256,"[0, 0, 0, 0, 128, 3, 16, 0]"
1964.477752,33827908,"[0, 0, 0, 98, 0, 16, 248, 255]"
1964.477922,33828292,"[0, 0, 224, 8, 0, 0, 0, 0]"
1964.478123,352647497,"[6, 126, 21, 4, 252, 84, 9, 170]"
1964.47846,33827906,"[0, 0, 0, 98, 0, 16, 236, 255]"
1964.478661,33828290,"[0, 0, 64, 7, 0, 0, 0, 0]"
1964.478831,33929225,"[0, 0, 154, 6, 0, 23, 32, 0]"
1964.479496,33827905,"[0, 0, 0, 226, 0, 16, 231, 255]"
1964.479677,33828289,"[0, 0, 128, 248, 255, 255, 0, 0]"
1964.480514,352595220,"[236, 255, 255, 95, 255, 7, 128, 1]"
1964.480666,352596180,"[241, 159, 5, 176, 253, 235, 255, 5]"
1964.482098,33827907,"[0, 0, 0, 226, 0, 16, 19, 0]"
1964.48227,33828291,"[0, 0, 224, 251, 255, 255, 0, 0]"
1964.483018,33880394,"[6, 126, 2, 4, 252, 67, 10, 170]"
1964.48329,33880390,"[6, 126, 2, 4, 252, 65, 6, 170]"
1964.483801,134551573,"[0, 0, 0, 0, 0, 0, 0, 0]"
1964.483953,134551637,"[0, 0, 0, 0, 0, 0, 0, 192]"
1964.484097,134551701,"[0, 0, 0, 64, 0, 0, 0, 192]"
1964.484239,134551765,"[0, 0, 112, 0, 0, 0, 0, 240]"
1964.48439,134551829,"[40, 38, 24, 250, 0, 192, 125, 0]"
1964.486375,33888256,"[0, 0, 0, 0, 128, 3, 16, 0]"
1964.486518,33888320,"[0, 0, 0, 0, 29, 52, 6, 0]"
1964.48666,33888384,"[0, 0, 0, 0, 0, 0, 0, 0]"
1964.486815,33888512,"[0, 0, 0, 0, 0, 0, 0, 0]"
1964.487072,33929223,"[0, 0, 126, 6, 0, 24, 48, 0]"
1964.487667,33929353,"[0, 0, 0, 0, 236, 140, 136, 63]"
1964.487813,33827908,"[0, 0, 0, 98, 0, 16, 255, 255]"
1964.488077,33929351,"[0, 0, 0, 128, 0, 0, 0, 128]"
1964.48841,33880391,"[6, 126, 2, 4, 252, 66, 7, 170]"
1964.488553,33929216,"[0, 0, 169, 6, 0, 24, 0, 0]"
1964.488695,33827906,"[0, 0, 0, 98, 0, 16, 253, 255]"
1964.488836,33929225,"[0, 0, 154, 6, 0, 23, 32, 0]"
1964.489338,262271,"[52, 94, 171, 120, 229, 46, 176, 152]"
1964.489481,33827905,"[0, 0, 0, 226, 0, 16, 0, 0]"
1964.49054,352595220,"[236, 255, 255, 95, 255, 7, 128, 1]"
1964.490711,33929221,"[0, 0, 134, 6, 0, 24, 48, 0]"
1964.490866,33929224,"[0, 0, 169, 6, 0, 24, 48, 0]"
1964.490995,33929349,"[246, 124, 160, 51, 0, 0, 0, 128]"
1964.491138,33929352,"[0, 0, 0, 128, 0, 0, 0, 128]"
1964.492153,33827907,"[0, 0, 0, 226, 0, 16, 2, 0]"
1964.49445,33929226,"[0, 0, 168, 6, 0, 24, 32, 0]"
1964.494873,33929222,"[0, 0, 161, 6, 0, 24, 48, 0]"
1964.495017,33929350,"[0, 0, 0, 128, 0, 0, 0, 128]"
1964.495491,16848960,"[113, 7, 202, 252, 0, 0, 0, 255]"
1964.496365,33888256,"[0, 0, 0, 0, 128, 3, 16, 0]"
1964.49769,33827908,"[0, 0, 0, 98, 0, 16, 238, 255]"
1964.497873,33828292,"[0, 0, 224, 8, 0, 0, 0, 0]"
1964.498532,33827906,"[0, 0, 0, 98, 0, 16, 253, 255]"
1964.498683,33929225,"[0, 0, 154, 6, 0, 23, 32, 0]"
1964.498816,33828290,"[0, 0, 64, 7, 0, 0, 0, 0]"
1964.499361,33888576,"[0, 0, 0, 0, 0, 0, 16, 0]"
1964.499513,33827905,"[0, 0, 0, 226, 0, 16, 251, 255]"
1964.49976,33828289,"[0, 0, 128, 248, 255, 255, 0, 0]"
1964.500361,33888640,"[0, 0, 0, 0, 0, 0, 0, 0]"
1964.500504,352595220,"[236, 255, 255, 95, 255, 7, 128, 1]"
1964.500684,352596180,"[241, 159, 5, 192, 253, 235, 255, 5]"
1964.500818,352596244,"[37, 1, 180, 0, 33, 127, 0, 0]"
1964.500962,352596436,"[210, 255, 255, 0, 0, 2, 0, 0]"
1964.501114,352596500,"[140, 0, 108, 0, 192, 63, 0, 4]"
1964.502104,33827907,"[0, 0, 0, 226, 0, 16, 7, 0]"
1964.502298,33828291,"[0, 0, 224, 251, 255, 255, 0, 0]"
1964.503809,134551573,"[0, 0, 0, 0, 0, 0, 0, 0]"
1964.503947,134551637,"[0, 0, 0, 0, 0, 0, 0, 192]"
1964.504092,134551701,"[0, 0, 0, 64, 0, 0, 0, 192]"
1964.504235,134551765,"[0, 0, 112, 0, 0, 0, 0, 240]"
1964.504373,134551829,"[40, 38, 24, 250, 0, 192, 125, 0]"
1964.506371,33888256,"[0, 0, 0, 0, 128, 3, 16, 0]"
1964.506515,33888320,"[0, 0, 0, 0, 29, 52, 6, 0]"
1964.506653,33888384,"[0, 0, 0, 0, 0, 0, 0, 0]"
1964.5068,33888512,"[0, 0, 0, 0, 0, 0, 0, 0]"
1964.507081,33929223,"[0, 0, 125, 6, 0, 24, 48, 0]"
1964.507366,33888448,"[0, 0, 0, 0, 0, 0, 0, 0]"
1964.507631,33929353,"[0, 0, 0, 0, 236, 140, 136, 63]"
1964.507822,33827908,"[0, 0, 0, 98, 0, 16, 4, 0]"
1964.508074,33929351,"[0, 0, 0, 128, 0, 0, 0, 128]"
1964.508467,33929216,"[0, 0, 167, 6, 0, 24, 0, 0]"
1964.50861,33827906,"[0, 0, 0, 98, 0, 16, 243, 255]"
1964.508823,33929225,"[0, 0, 154, 6, 0, 23, 32, 0]"
1964.509387,33827905,"[0, 0, 0, 226, 0, 16, 254, 255]"
1964.510286,352595220,"[237, 255, 255, 95, 255, 7, 128, 1]"
1964.510707,33929221,"[0, 0, 135, 6, 0, 24, 48, 0]"
1964.510841,33929349,"[246, 124, 160, 51, 0, 0, 0, 128]"
1964.510986,33929352,"[0, 0, 0, 128, 0, 0, 0, 128]"
1964.511137,33929224,"[0, 0, 171, 6, 0, 24, 48, 0]"
1964.512096,33827907,"[0, 0, 0, 226, 0, 16, 9, 0]"
1964.514429,33929226,"[0, 0, 169, 6, 0, 24, 32, 0]"
1964.514854,33929222,"[0, 0, 162, 6, 0, 24, 48, 0]"
1964.514999,33929350,"[0, 0, 0, 128, 0, 0, 0, 128]"
1964.516051,16848960,"[113, 7, 202, 252, 0, 0, 0, 255]"
1964.516358,33888256,"[0, 0, 0, 0, 128, 3, 16, 0]"
1964.517739,33827908,"[0, 0, 0, 98, 0, 16, 253, 255]"
1964.517938,33828292,"[0, 0, 224, 8, 0, 0, 0, 0]"
1964.518446,33827906,"[0, 0, 0, 98, 0, 16, 239, 255]"
1964.518626,33828290,"[0, 0, 64, 7, 0, 0, 0, 0]"
1964.51876,33929225,"[0, 0, 154, 6, 0, 23, 32, 0]"
1964.519389,33827905,"[0, 0, 0, 226, 0, 16, 242, 255]"
1964.519561,33828289,"[0, 0, 128, 248, 255, 255, 0, 0]"
1964.520179,352595220,"[237, 255, 255, 95, 255, 7, 128, 1]"
1964.520323,352596180,"[241, 159, 5, 192, 253, 235, 255, 5]"
1964.522087,33827907,"[0, 0, 0, 226, 0, 16, 25, 0]"
1964.522267,33828291,"[0, 0, 224, 251, 255, 255, 0, 0]"
1964.523828,134551573,"[0, 0, 0, 0, 0, 0, 0, 0]"
1964.523943,134551637,"[0, 0, 0, 0, 0, 0, 0, 192]"
1964.524088,134551701,"[0, 0, 0, 64, 0, 0, 0, 192]"
1964.524239,134551765,"[0, 0, 112, 0, 0, 0, 0, 240]"
1964.524369,134551829,"[42, 38, 24, 250, 0, 192, 125, 0]"
1964.52636,33888256,"[0, 0, 0, 0, 128, 3, 16, 0]"
1964.526512,33888320,"[0, 0, 0, 0, 29, 51, 6, 0]"
1964.526656,33888384,"[0, 0, 0, 0, 0, 0, 0, 0]"
1964.526811,33888512,"[0, 0, 0, 0, 0, 0, 0, 0]"
1964.52707,33929223,"[0, 0, 125, 6, 0, 24, 48, 0]"
1964.527655,33929353,"[0, 0, 0, 0, 236, 140, 136, 63]"
1964.527803,33827908,"[0, 0, 0, 98, 0, 16, 251, 255]"
1964.528069,33929351,"[0, 0, 0, 128, 0, 0, 0, 128]"
1964.528433,33827906,"[0, 0, 0, 98, 0, 16, 249, 255]"
1964.528577,33929216,"[0, 0, 169, 6, 0, 24, 0, 0]"
1964.528722,33929225,"[0, 0, 154, 6, 0, 23, 32, 0]"
1964.529367,33827905,"[0, 0, 0, 226, 0, 16, 221, 255]"
1964.530109,352595220,"[237, 255, 255, 95, 255, 7, 128, 1]"
1964.530709,33929221,"[0, 0, 135, 6, 0, 24, 48, 0]"
1964.53085,33929224,"[0, 0, 171, 6, 0, 24, 48, 0]"
1964.530993,33929349,"[246, 124, 160, 51, 0, 0, 0, 128]"
1964.531135,33929352,"[0, 0, 0, 128, 0, 0, 0, 128]"
1964.532052,33827907,"[0, 0, 0, 226, 0, 16, 40, 0]"
1964.53254,262271,"[52, 94, 171, 127, 10, 71, 45, 172]"
1964.53443,33929226,"[0, 0, 169, 6, 0, 24, 32, 0]"
1964.534874,33929222,"[0, 0, 161, 6, 0, 24, 48, 0]"
1964.535003,33929350,"[0, 0, 0, 128, 0, 0, 0, 128]"
1964.536356,33888256,"[0, 0, 0, 0, 128, 3, 16, 0]"
1964.53669,16848960,"[113, 7, 202, 252, 0, 0, 0, 255]"
1964.537754,33827908,"[0, 0, 0, 98, 0, 16, 1, 0]"
1964.537925,33828292,"[0, 0, 224, 8, 0, 0, 0, 0]"
1964.538442,33827906,"[0, 0, 0, 98, 0, 16, 254, 255]"
1964.538606,33828290,"[0, 0, 64, 7, 0, 0, 0, 0]"
1964.538753,33929225,"[0, 0, 154, 6, 0, 23, 32, 0]"
1964.539003,352647433,"[2, 62, 0, 170, 170, 170, 170, 170]"
1964.539434,33827905,"[0, 0, 0, 226, 0, 16, 239, 255]"
1964.539605,33828289,"[0, 0, 128, 248, 255, 255, 0, 0]"
1964.539741,352647497,"[6, 126, 21, 4, 252, 84, 9, 170]"
1964.540122,352595220,"[237, 255, 255, 95, 255, 7, 128, 1]"
1964.540251,352596180,"[241, 159, 5, 176, 253, 235, 255, 5]"
1964.542134,33827907,"[0, 0, 0, 226, 0, 16, 21, 0]"
1964.542333,33828291,"[0, 0, 224, 251, 255, 255, 0, 0]"
1964.543796,134551573,"[0, 0, 0, 0, 0, 0, 0, 0]"
1964.543939,134551637,"[0, 0, 0, 0, 0, 0, 0, 192]"
1964.544097,134551701,"[0, 0, 0, 64, 0, 0, 0, 192]"
1964.544235,134551765,"[0, 0, 112, 0, 0, 0, 0, 240]"
1964.544379,134551829,"[42, 38, 24, 250, 0, 192, 125, 0]"
1964.545241,352647433,"[1, 176, 170, 170, 170, 170, 170, 170]"
1964.545577,352647497,"[16, 98, 240, 26, 1, 1, 1, 221]"
1964.546352,33888256,"[0, 0, 0, 0, 128, 3, 16, 0]"
1964.546496,33888320,"[0, 0, 0, 0, 29, 52, 6, 0]"
1964.54664,33888384,"[0, 0, 0, 0, 0, 0, 0, 0]"
1964.546795,33888512,"[0, 0, 0, 0, 0, 0, 0, 0]"
1964.547054,33929223,"[0, 0, 125, 6, 0, 24, 48, 0]"
1964.547653,33929353,"[0, 0, 0, 0, 236, 140, 136, 63]"
1964.547801,33827908,"[0, 0, 0, 98, 0, 16, 254, 255]"
1964.548068,33929351,"[0, 0, 0, 128, 0, 0, 0, 128]"
1964.548462,33929216,"[0, 0, 168, 6, 0, 24, 0, 0]"
1964.548606,33827906,"[0, 0, 0, 98, 0, 16, 2, 0]"
1964.548755,33929225,"[0, 0, 154, 6, 0, 23, 32, 0]"
1964.549342,33827905,"[0, 0, 0, 226, 0, 16, 238, 255]"
1964.550108,352595220,"[237, 255, 255, 95, 255, 7, 128, 1]"
1964.550679,33929349,"[246, 124, 160, 51, 0, 0, 0, 128]"
1964.550827,33929221,"[0, 0, 135, 6, 0, 24, 48, 0]"
1964.550971,33929224,"[0, 0, 171, 6, 0, 24, 48, 0]"
1964.55111,33929352,"[0, 0, 0, 128, 0, 0, 0, 128]"
1964.551466,352647433,"[48, 0, 5, 170, 170, 170, 170, 170]"
1964.552186,33827907,"[0, 0, 0, 226, 0, 16, 7, 0]"
1964.554438,33929226,"[0, 0, 169, 6, 0, 24, 32, 0]"
1964.554864,33929222,"[0, 0, 161, 6, 0, 24, 48, 0]"
1964.555009,33929350,"[0, 0, 0, 128, 0, 0, 0, 128]"
1964.556134,352647497,"[33, 80, 6, 15, 74, 57, 72, 83]"
1964.556599,33888256,"[0, 0, 0, 0, 128, 3, 16, 0]"
1964.557388,16848960,"[113, 7, 202, 252, 0, 0, 0, 255]"
1964.557532,33888448,"[0, 0, 0, 0, 0, 0, 0, 0]"
1964.557726,33827908,"[0, 0, 0, 98, 0, 16, 251, 255]"
1964.557903,33828292,"[0, 0, 224, 8, 0, 0, 0, 0]"
1964.558424,33827906,"[0, 0, 0, 98, 0, 16, 15, 0]"
1964.558604,33828290,"[0, 0, 64, 7, 0, 0, 0, 0]"
1964.558752,33929225,"[0, 0, 154, 6, 0, 23, 32, 0]"
1964.55941,33827905,"[0, 0, 0, 226, 0, 16, 239, 255]"
1964.559568,33828289,"[0, 0, 128, 248, 255, 255, 0, 0]"
1964.560138,352595220,"[237, 255, 255, 95, 255, 6, 128, 1]"
1964.560282,352596180,"[241, 95, 5, 176, 253, 235, 255, 5]"
1964.561129,352647497,"[34, 30, 6, 231, 7, 2, 2, 28]"
1964.561465,33929280,"[0, 0, 0, 8, 0, 64, 0, 0]"
1964.562104,33827907,"[0, 0, 0, 226, 0, 16, 7, 0]"
1964.562298,33828291,"[0, 0, 224, 251, 255, 255, 0, 0]"
1964.563796,134551573,"[0, 0, 0, 0, 0, 0, 0, 0]"
1964.563948,134551637,"[0, 0, 0, 0, 0, 0, 0, 192]"
1964.564079,134551701,"[0, 0, 0, 64, 0, 0, 0, 192]"
1964.564223,134551765,"[0, 0, 112, 0, 0, 0, 0, 240]"
1964.564367,134551829,"[42, 38, 24, 250, 0, 192, 125, 0]"
1964.566136,352647497,"[35, 4, 0, 0, 0, 128, 32, 32]"
1964.566393,33888256,"[0, 0, 0, 0, 128, 3, 16, 0]"
1964.566545,33888320,"[0, 0, 0, 0, 29, 52, 6, 0]"
1964.566689,33888384,"[0, 0, 0, 0, 0, 0, 0, 0]"
1964.566837,33888512,"[0, 0, 0, 0, 0, 0, 0, 0]"
1964.56706,33929223,"[0, 0, 126, 6, 0, 24, 48, 0]"
1964.567653,33929353,"[0, 0, 0, 0, 236, 140, 136, 63]"
1964.567795,33827908,"[0, 0, 0, 98, 0, 16, 241, 255]"
1964.568054,33929351,"[0, 0, 0, 128, 0, 0, 0, 128]"
1964.568462,33929216,"[0, 0, 168, 6, 0, 24, 0, 0]"
1964.568606,33827906,"[0, 0, 0, 98, 0, 16, 4, 0]"
1964.568805,33929225,"[0, 0, 154, 6, 0, 23, 32, 0]"
1964.56944,33827905,"[0, 0, 0, 226, 0, 16, 242, 255]"
1964.570101,352595220,"[237, 255, 255, 95, 255, 6, 128, 1]"
1964.570678,33929221,"[0, 0, 136, 6, 0, 24, 48, 0]"
1964.570826,33929224,"[0, 0, 171, 6, 0, 24, 48, 0]"
1964.570964,33929349,"[246, 124, 160, 51, 0, 0, 0, 128]"
1964.571109,33929352,"[0, 0, 0, 128, 0, 0, 0, 128]"
1964.571253,352647497,"[36, 32, 81, 25, 66, 3, 0, 80]"
1964.572137,33827907,"[0, 0, 0, 226, 0, 16, 23, 0]"
1964.574301,262271,"[52, 94, 170, 121, 15, 49, 100, 8]"
1964.574429,33929226,"[0, 0, 169, 6, 0, 24, 32, 0]"
1964.574851,33929222,"[0, 0, 162, 6, 0, 24, 48, 0]"
1964.574995,33929350,"[0, 0, 0, 128, 0, 0, 0, 128]"
1964.576117,352647497,"[37, 105, 103, 101, 111, 110, 32, 50]"
1964.576395,33888256,"[0, 0, 0, 0, 128, 3, 16, 0]"
1964.577822,33844164,"[0, 0, 0, 0, 1, 26, 19, 0]"
1964.577972,16848960,"[113, 7, 202, 252, 0, 0, 0, 255]"
1964.578115,33834820,"[0, 0, 0, 0, 0, 0, 0, 0]"
1964.578519,33844162,"[0, 0, 0, 0, 1, 26, 19, 0]"
1964.578662,33828932,"[0, 243, 199, 46, 0, 0, 0, 0]"
1964.578795,33834818,"[0, 0, 0, 0, 0, 0, 0, 0]"
1964.578946,33827908,"[0, 0, 0, 98, 0, 16, 230, 255]"
1964.579089,33929225,"[0, 0, 154, 6, 0, 23, 32, 0]"
1964.579218,33828164,"[243, 127, 0, 192, 83, 21, 28, 24]"
1964.579369,33828930,"[0, 243, 199, 46, 0, 0, 0, 0]"
1964.579483,33844161,"[0, 0, 0, 0, 1, 26, 19, 0]"
1964.579626,33827906,"[0, 0, 0, 98, 0, 16, 2, 0]"
1964.579795,33828228,"[0, 0, 0, 231, 0, 0, 0, 0]"
1964.579924,33834817,"[0, 0, 0, 0, 0, 0, 0, 0]"
1964.580068,33828292,"[0, 0, 224, 8, 0, 0, 0, 0]"
1964.580232,33828929,"[0, 243, 199, 46, 0, 0, 0, 0]"
1964.580347,33828162,"[255, 127, 0, 192, 83, 21, 28, 23]"
1964.580489,33827905,"[0, 0, 0, 226, 0, 16, 225, 255]"
1964.580631,33828226,"[0, 0, 64, 189, 0, 0, 0, 0]"
1964.580772,33828161,"[240, 127, 0, 192, 83, 20, 28, 23]"
1964.580929,33828356,"[0, 0, 0, 0, 0, 0, 0, 128]"
1964.581072,352595220,"[237, 255, 255, 95, 255, 6, 128, 1]"
1964.581208,33828420,"[0, 0, 0, 0, 0, 0, 0, 128]"
1964.581351,33828225,"[0, 0, 0, 62, 255, 255, 0, 0]"
1964.581507,33828290,"[0, 0, 64, 7, 0, 0, 0, 0]"
1964.581644,33828289,"[0, 0, 128, 248, 255, 255, 0, 0]"
1964.58179,33828354,"[0, 0, 0, 0, 0, 0, 0, 128]"
1964.581933,33828484,"[8, 0, 0, 0, 0, 0, 0, 0]"
1964.58207,352596180,"[241, 95, 5, 176, 253, 235, 255, 5]"
1964.582226,352647497,"[38, 32, 118, 101, 114, 115, 46, 32]"
1964.582369,33828353,"[0, 0, 0, 0, 0, 0, 0, 128]"
1964.582519,33828418,"[0, 0, 0, 0, 0, 0, 0, 128]"
1964.582662,33828417,"[0, 0, 0, 0, 0, 0, 0, 128]"
1964.582809,33828482,"[8, 0, 0, 0, 0, 0, 0, 0]"
1964.582946,33828548,"[0, 0, 4, 0, 0, 0, 0, 0]"
1964.583075,33844163,"[0, 0, 0, 0, 1, 26, 19, 0]"
1964.583246,33828481,"[8, 0, 0, 0, 0, 0, 0, 0]"
1964.583397,33828546,"[0, 0, 4, 0, 0, 0, 0, 0]"
1964.583526,33828545,"[0, 0, 4, 0, 0, 0, 0, 0]"
1964.583683,33834819,"[0, 0, 0, 0, 0, 0, 0, 0]"
1964.583852,134551573,"[0, 0, 0, 0, 0, 0, 0, 0]"
1964.583966,134551637,"[0, 0, 0, 0, 0, 0, 0, 192]"
1964.58411,33828931,"[0, 243, 199, 46, 0, 0, 0, 0]"
1964.584252,134551701,"[0, 0, 0, 64, 0, 0, 0, 192]"
1964.584403,33827907,"[0, 0, 0, 226, 0, 16, 10, 0]"
1964.584545,134551765,"[0, 0, 112, 0, 0, 0, 0, 240]"
1964.584673,134551829,"[42, 38, 24, 250, 0, 192, 125, 0]"
1964.584969,33828163,"[250, 127, 0, 192, 83, 19, 27, 24]"
1964.585205,33828227,"[0, 0, 64, 152, 255, 255, 0, 0]"
1964.585473,33828291,"[0, 0, 224, 251, 255, 255, 0, 0]"
1964.586073,33828355,"[0, 0, 0, 0, 0, 0, 0, 128]"
1964.586201,352647497,"[39, 83, 0, 0, 0, 0, 0, 0]"
1964.586358,33828419,"[0, 0, 0, 0, 0, 0, 0, 128]"
1964.5865,33888256,"[0, 0, 0, 0, 128, 3, 16, 0]"
1964.586636,33888320,"[0, 0, 0, 0, 29, 52, 6, 0]"
1964.586783,33888384,"[0, 0, 0, 0, 0, 0, 0, 0]"
1964.586948,33888512,"[0, 0, 0, 0, 0, 0, 0, 0]"
1964.587077,33929223,"[0, 0, 126, 6, 0, 24, 48, 0]"
1964.58722,33828483,"[8, 0, 0, 0, 0, 0, 0, 0]"
1964.587456,33828547,"[0, 0, 4, 0, 0, 0, 0, 0]"
1964.587627,33929353,"[0, 0, 0, 0, 236, 140, 136, 63]"
1964.587866,33827908,"[0, 0, 0, 98, 0, 16, 239, 255]"
1964.588051,33929351,"[0, 0, 0, 128, 0, 0, 0, 128]"
1964.588427,33827906,"[0, 0, 0, 98, 0, 16, 0, 0]"
1964.588569,33929216,"[0, 0, 168, 6, 0, 24, 0, 0]"
1964.58872,33929225,"[0, 0, 154, 6, 0, 23, 32, 0]"
1964.589423,33827905,"[0, 0, 0, 226, 0, 16, 229, 255]"
1964.590085,352595220,"[237, 255, 255, 95, 255, 6, 128, 1]"
1964.590691,33929221,"[0, 0, 136, 6, 0, 24, 48, 0]"
1964.590825,33929224,"[0, 0, 170, 6, 0, 24, 48, 0]"
1964.590969,33929349,"[246, 124, 160, 51, 0, 0, 0, 128]"
1964.591108,33929352,"[0, 0, 0, 128, 0, 0, 0, 128]"
1964.591252,352647497,"[40, 0, 0, 0, 0, 0, 0, 0]"
1964.592098,33827907,"[0, 0, 0, 226, 0, 16, 19, 0]"
1964.594405,33929226,"[0, 0, 167, 6, 0, 24, 32, 0]"
1964.594831,33929350,"[0, 0, 0, 128, 0, 0, 0, 128]"
1964.594976,33929222,"[0, 0, 160, 6, 0, 24, 48, 0]"
1964.596115,352647497,"[41, 0, 0, 0, 67, 114, 111, 115]"
1964.596401,33888256,"[0, 0, 0, 0, 128, 3, 16, 0]"
1964.597694,33827908,"[0, 0, 0, 98, 0, 16, 236, 255]"
1964.597892,33828292,"[0, 0, 224, 8, 0, 0, 0, 0]"
1964.598428,33827906,"[0, 0, 0, 98, 0, 16, 7, 0]"
1964.598572,16848960,"[113, 7, 202, 252, 0, 0, 0, 255]"
1964.598716,33828290,"[0, 0, 64, 7, 0, 0, 0, 0]"
1964.598858,33929225,"[0, 0, 154, 6, 0, 23, 32, 0]"
1964.599452,33827905,"[0, 0, 0, 226, 0, 16, 232, 255]"
1964.599653,33828289,"[0, 0, 128, 248, 255, 255, 0, 0]"
1964.600079,352611284,"[0, 0, 0, 0, 1, 26, 19, 0]"
1964.60023,352601940,"[0, 0, 0, 0, 0, 64, 0, 0]"
1964.600388,352595220,"[237, 255, 255, 95, 255, 6, 128, 1]"
1964.600532,352596180,"[241, 95, 5, 176, 253, 235, 255, 5]"
1964.600684,352596244,"[43, 1, 170, 0, 33, 127, 0, 0]"
1964.600832,352596308,"[41, 29, 0, 6, 176, 0, 0, 255]"
1964.60099,352596372,"[3, 0, 16, 255, 255, 254, 255, 159]"
1964.601142,352596436,"[241, 255, 223, 1, 0, 253, 255, 15]"
1964.6013,352596692,"[254, 255, 0, 0, 0, 0, 0, 0]"
1964.601444,352596500,"[108, 0, 88, 0, 228, 63, 0, 4]"
1964.601595,352596628,"[227, 98, 0, 0, 0, 0, 0, 0]"
1964.601758,352596820,"[0, 0, 0, 0, 0, 0, 0, 0]"
1964.60191,352596884,"[170, 255, 50, 0, 159, 2, 0, 0]"
1964.602054,352647497,"[42, 115, 32, 84, 104, 101, 32, 82]"
1964.602269,33827907,"[0, 0, 0, 226, 0, 16, 40, 0]"
1964.602916,33828291,"[0, 0, 224, 251, 255, 255, 0, 0]"
1964.603396,33888704,"[0, 0, 0, 0, 0, 0, 0, 0]"
1964.603779,134551573,"[0, 0, 0, 0, 0, 0, 0, 0]"
1964.603922,134551637,"[0, 0, 0, 0, 0, 0, 0, 192]"
1964.604067,134551701,"[0, 0, 0, 64, 0, 0, 0, 192]"
1964.604211,134551765,"[0, 0, 112, 0, 0, 0, 0, 240]"
1964.604348,134551829,"[42, 38, 24, 250, 0, 192, 125, 0]"
1964.604492,33929290,"[0, 0, 0, 0, 0, 64, 0, 0]"
1964.605804,33929288,"[0, 0, 0, 0, 0, 64, 0, 0]"
1964.60614,352647497,"[43, 111, 97, 100, 32, 69, 108, 101]"
1964.60637,33888256,"[0, 0, 0, 0, 128, 3, 16, 0]"
1964.606522,33888320,"[0, 0, 0, 0, 29, 52, 6, 0]"
1964.606666,33888384,"[0, 0, 0, 0, 0, 0, 0, 0]"
1964.606814,33888512,"[0, 0, 0, 0, 0, 0, 0, 0]"
1964.607038,33929223,"[0, 0, 125, 6, 0, 24, 48, 0]"
1964.607403,33888448,"[0, 0, 0, 0, 0, 0, 0, 0]"
1964.607632,33929353,"[0, 0, 0, 0, 236, 140, 136, 63]"
1964.607808,33827908,"[0, 0, 0, 98, 0, 16, 246, 255]"
1964.608032,33929351,"[0, 0, 0, 128, 0, 0, 0, 128]"
1964.608396,33827906,"[0, 0, 0, 98, 0, 16, 241, 255]"
1964.60854,33929216,"[0, 0, 169, 6, 0, 24, 0, 0]"
1964.608691,33929225,"[0, 0, 154, 6, 0, 23, 32, 0]"
1964.609401,33827905,"[0, 0, 0, 226, 0, 16, 231, 255]"
1964.610091,352595220,"[237, 255, 255, 95, 255, 6, 128, 1]"
1964.61067,33929221,"[0, 0, 135, 6, 0, 24, 48, 0]"
1964.610818,33929224,"[0, 0, 170, 6, 0, 24, 48, 0]"
1964.61097,33929349,"[246, 124, 160, 51, 0, 0, 0, 128]"
1964.6111,33929352,"[0, 0, 0, 128, 0, 0, 0, 128]"
1964.61123,352647497,"[44, 99, 116, 114, 111, 110, 105, 99]"
1964.612061,33827907,"[0, 0, 0, 226, 0, 16, 33, 0]"
1964.614412,33929226,"[0, 0, 169, 6, 0, 24, 32, 0]"
1964.614839,33929222,"[0, 0, 162, 6, 0, 24, 48, 0]"
1964.614983,33929286,"[0, 0, 0, 0, 0, 64, 0, 0]"
1964.615135,33929350,"[0, 0, 0, 128, 0, 0, 0, 128]"
1964.616108,352647497,"[45, 115, 0, 0, 0, 0, 0, 0]"
1964.616366,33888256,"[0, 0, 0, 0, 128, 3, 16, 0]"
1964.616503,262271,"[52, 94, 170, 122, 98, 234, 42, 162]"
1964.617718,33827908,"[0, 0, 0, 98, 0, 16, 252, 255]"
1964.617888,33828292,"[0, 0, 224, 8, 0, 0, 0, 0]"
1964.618425,33827906,"[0, 0, 0, 98, 0, 16, 9, 0]"
1964.618626,33828290,"[0, 0, 64, 7, 0, 0, 0, 0]"
1964.618782,33929225,"[0, 0, 154, 6, 0, 23, 32, 0]"
1964.61894,16848960,"[113, 7, 202, 252, 0, 0, 0, 255]"
1964.619359,33827905,"[0, 0, 0, 226, 0, 16, 243, 255]"
1964.619543,33828289,"[0, 0, 128, 248, 255, 255, 0, 0]"
1964.620107,352595220,"[237, 255, 255, 95, 255, 6, 128, 1]"
1964.620257,352596180,"[241, 95, 5, 176, 253, 235, 255, 5]"
1964.62111,352647497,"[46, 19, 170, 170, 170, 170, 170, 170]"
1964.62216,33827907,"[0, 0, 0, 226, 0, 16, 30, 0]"
1964.622353,33828291,"[0, 0, 224, 251, 255, 255, 0, 0]"
1964.623767,134551573,"[0, 0, 0, 0, 0, 0, 0, 0]"
1964.623923,134551637,"[0, 0, 0, 0, 0, 0, 0, 192]"
1964.624075,134551701,"[0, 0, 0, 64, 0, 0, 0, 192]"
1964.624203,134551765,"[0, 0, 112, 0, 0, 0, 0, 240]"
1964.624345,134551829,"[42, 38, 24, 250, 0, 192, 125, 0]"
1964.626368,33888256,"[0, 0, 0, 0, 128, 3, 16, 0]"
1964.626511,33888320,"[0, 0, 0, 0, 29, 52, 6, 0]"
1964.626661,33888384,"[0, 0, 0, 0, 0, 0, 0, 0]"
1964.626808,33888512,"[0, 0, 0, 0, 0, 0, 0, 0]"
1964.627049,33929223,"[0, 0, 125, 6, 0, 24, 48, 0]"
1964.627616,33929353,"[0, 0, 0, 0, 236, 140, 136, 63]"
1964.627762,33827908,"[0, 0, 0, 98, 0, 16, 6, 0]"
1964.628026,33929351,"[0, 0, 0, 128, 0, 0, 0, 128]"
1964.628444,33929216,"[0, 0, 167, 6, 0, 24, 0, 0]"
1964.628586,33827906,"[0, 0, 0, 98, 0, 16, 4, 0]"
1964.628825,33929225,"[0, 0, 154, 6, 0, 23, 32, 0]"
1964.629179,352647433,"[1, 187, 170, 170, 170, 170, 170, 170]"
1964.629372,33827905,"[0, 0, 0, 226, 0, 16, 239, 255]"
1964.629515,352647497,"[6, 251, 1, 163, 82, 5, 0, 170]"
1964.630088,352595220,"[237, 255, 255, 95, 255, 6, 128, 1]"
1964.630674,33929221,"[0, 0, 136, 6, 0, 24, 48, 0]"
1964.630807,33929224,"[0, 0, 170, 6, 0, 24, 48, 0]"
1964.630957,33929349,"[246, 124, 160, 51, 0, 0, 0, 128]"
1964.6311,33929352,"[0, 0, 0, 128, 0, 0, 0, 128]"
1964.632051,33827907,"[0, 0, 0, 226, 0, 16, 8, 0]"
1964.634397,33929226,"[0, 0, 169, 6, 0, 24, 32, 0]"
1964.634837,33929222,"[0, 0, 161, 6, 0, 24, 48, 0]"
1964.63499,33929350,"[0, 0, 0, 128, 0, 0, 0, 128]"
1964.636382,33888256,"[0, 0, 0, 0, 128, 3, 16, 0]"
1964.63773,33827908,"[0, 0, 0, 98, 0, 16, 6, 0]"
1964.637911,33828292,"[0, 0, 224, 8, 0, 0, 0, 0]"
1964.63846,33827906,"[0, 0, 0, 98, 0, 16, 250, 255]"
1964.63859,352647433,"[1, 200, 170, 170, 170, 170, 170, 170]"
1964.638746,33828290,"[0, 0, 64, 7, 0, 0, 0, 0]"
1964.638876,33929225,"[0, 0, 154, 6, 0, 23, 32, 0]"
1964.63902,352647497,"[3, 8, 0, 0, 170, 170, 170, 170]"
1964.639441,33827905,"[0, 0, 0, 226, 0, 16, 231, 255]"
1964.639607,16848960,"[113, 7, 202, 252, 0, 0, 0, 255]"
1964.639727,33828289,"[0, 0, 128, 248, 255, 255, 0, 0]"
1964.640107,352595220,"[237, 255, 255, 95, 255, 6, 128, 1]"
1964.64025,352596180,"[241, 95, 5, 176, 253, 235, 255, 5]"
1964.642069,33827907,"[0, 0, 0, 226, 0, 16, 17, 0]"
1964.642256,33828291,"[0, 0, 224, 251, 255, 255, 0, 0]"
1964.643766,134551573,"[0, 0, 0, 0, 0, 0, 0, 0]"
1964.64391,134551637,"[0, 0, 0, 0, 0, 0, 0, 192]"
1964.644062,134551701,"[0, 0, 0, 64, 0, 0, 0, 192]"
1964.644206,134551765,"[0, 0, 112, 0, 0, 0, 0, 240]"
1964.644336,134551829,"[42, 38, 24, 250, 0, 192, 125, 0]"
1964.646353,33888256,"[0, 0, 0, 0, 128, 3, 16, 0]"
1964.646505,33888320,"[0, 0, 0, 0, 29, 52, 6, 0]"
1964.646649,33888384,"[0, 0, 0, 0, 0, 0, 0, 0]"
1964.646797,33888512,"[0, 0, 0, 0, 0, 0, 0, 0]"
1964.647034,33929223,"[0, 0, 126, 6, 0, 24, 48, 0]"
1964.647612,33929353,"[0, 0, 0, 0, 236, 140, 136, 63]"
1964.647802,33827908,"[0, 0, 0, 98, 0, 16, 19, 0]"
1964.648026,33929351,"[0, 0, 0, 128, 0, 0, 0, 128]"
1964.64839,33827906,"[0, 0, 0, 98, 0, 16, 247, 255]"
1964.648534,33929216,"[0, 0, 168, 6, 0, 24, 0, 0]"
1964.648678,33929225,"[0, 0, 154, 6, 0, 23, 32, 0]"
1964.649426,33827905,"[0, 0, 0, 226, 0, 16, 227, 255]"
1964.650094,352595220,"[237, 255, 255, 95, 255, 6, 128, 1]"
1964.650671,33929221,"[0, 0, 136, 6, 0, 24, 48, 0]"
1964.650813,33929224,"[0, 0, 171, 6, 0, 24, 48, 0]"
1964.650957,33929285,"[0, 0, 0, 0, 0, 64, 0, 0]"
1964.651101,33929349,"[246, 124, 160, 51, 0, 0, 0, 128]"
1964.651253,33929352,"[0, 0, 0, 128, 0, 0, 0, 128]"
1964.652062,33827907,"[0, 0, 0, 226, 0, 16, 23, 0]"
1964.6544,33929226,"[0, 0, 169, 6, 0, 24, 32, 0]"
1964.654825,33929222,"[0, 0, 162, 6, 0, 24, 48, 0]"
1964.654969,33929350,"[0, 0, 0, 128, 0, 0, 0, 128]"
1964.656348,33888256,"[0, 0, 0, 0, 128, 3, 16, 0]"
1964.657643,33888448,"[0, 0, 0, 0, 0, 0, 0, 0]"
1964.657777,33827908,"[0, 0, 0, 98, 0, 16, 255, 255]"
1964.658086,33828292,"[0, 0, 224, 8, 0, 0, 0, 0]"
1964.658386,262271,"[52, 94, 170, 125, 192, 175, 37, 130]"
1964.658529,33827906,"[0, 0, 0, 98, 0, 16, 5, 0]"
1964.658667,33929225,"[0, 0, 154, 6, 0, 23, 32, 0]"
1964.658815,33828290,"[0, 0, 64, 7, 0, 0, 0, 0]"
1964.659464,33827905,"[0, 0, 0, 226, 0, 16, 235, 255]"
1964.659658,33828289,"[0, 0, 128, 248, 255, 255, 0, 0]"
1964.660056,16848960,"[113, 7, 202, 252, 0, 0, 0, 255]"
1964.6602,352595220,"[237, 255, 255, 95, 255, 6, 128, 1]"
1964.660359,352596180,"[241, 31, 5, 176, 253, 235, 255, 5]"
1964.662092,33827907,"[0, 0, 0, 226, 0, 16, 17, 0]"
1964.662264,33828291,"[0, 0, 224, 251, 255, 255, 0, 0]"
1964.66376,134551573,"[0, 0, 0, 0, 0, 0, 0, 0]"
1964.663912,134551637,"[0, 0, 0, 0, 0, 0, 0, 192]"
1964.664056,134551701,"[0, 0, 0, 64, 0, 0, 0, 192]"
1964.664199,134551765,"[0, 0, 112, 0, 0, 0, 0, 240]"
1964.664328,134551829,"[42, 38, 24, 250, 0, 192, 125, 0]"
1964.666363,33888256,"[0, 0, 0, 0, 128, 3, 16, 0]"
1964.666506,33888320,"[0, 0, 0, 0, 29, 52, 6, 0]"
1964.666662,33888384,"[0, 0, 0, 0, 0, 0, 0, 0]"
1964.666803,33888512,"[0, 0, 0, 0, 0, 0, 0, 0]"
1964.66703,33929223,"[0, 0, 126, 6, 0, 24, 48, 0]"
1964.667603,33929353,"[0, 0, 0, 0, 236, 140, 136, 63]"
1964.6678,33827908,"[0, 0, 0, 98, 0, 16, 245, 255]"
1964.668028,33929351,"[0, 0, 0, 128, 0, 0, 0, 128]"
1964.66839,33827906,"[0, 0, 0, 98, 0, 16, 252, 255]"
1964.668533,33929216,"[0, 0, 168, 6, 0, 24, 0, 0]"
1964.668676,33929225,"[0, 0, 154, 6, 0, 23, 32, 0]"
1964.669331,33827905,"[0, 0, 0, 226, 0, 16, 237, 255]"
1964.670091,352595220,"[237, 255, 255, 95, 255, 6, 128, 1]"
1964.67065,33929221,"[0, 0, 136, 6, 0, 24, 48, 0]"
1964.670804,33929224,"[0, 0, 170, 6, 0, 24, 48, 0]"
1964.670932,33929349,"[246, 124, 160, 51, 0, 0, 0, 128]"
1964.67109,33929352,"[0, 0, 0, 128, 0, 0, 0, 128]"
1964.672056,33827907,"[0, 0, 0, 226, 0, 16, 7, 0]"
1964.674401,33929226,"[0, 0, 169, 6, 0, 24, 32, 0]"
1964.674836,33929222,"[0, 0, 161, 6, 0, 24, 48, 0]"
1964.67498,33929350,"[0, 0, 0, 128, 0, 0, 0, 128]"
1964.676349,33888256,"[0, 0, 0, 0, 128, 3, 16, 0]"
1964.677733,33827908,"[0, 0, 0, 98, 0, 16, 254, 255]"
1964.677912,33828292,"[0, 0, 224, 8, 0, 0, 0, 0]"
1964.678055,33929287,"[0, 0, 0, 0, 0, 64, 0, 0]"
1964.678487,33827906,"[0, 0, 0, 98, 0, 16, 246, 255]"
1964.67863,33929225,"[0, 0, 154, 6, 0, 23, 32, 0]"
1964.678776,33828290,"[0, 0, 64, 7, 0, 0, 0, 0]"
1964.679456,33827905,"[0, 0, 0, 226, 0, 16, 240, 255]"
1964.679644,33828289,"[0, 0, 128, 248, 255, 255, 0, 0]"
1964.680071,352595220,"[237, 255, 255, 95, 255, 6, 128, 1]"
1964.680229,352596180,"[241, 31, 5, 176, 253, 235, 255, 5]"
1964.680711,16848960,"[113, 8, 74, 252, 0, 0, 0, 255]"
1964.682054,33827907,"[0, 0, 0, 226, 0, 16, 22, 0]"
1964.682234,33828291,"[0, 0, 224, 251, 255, 255, 0, 0]"
1964.683761,134551573,"[0, 0, 0, 0, 0, 0, 0, 0]"
1964.683905,134551637,"[0, 0, 0, 0, 0, 0, 0, 192]"
1964.684049,134551701,"[0, 0, 0, 64, 0, 0, 0, 192]"
1964.684193,134551765,"[0, 0, 112, 0, 0, 0, 0, 240]"
1964.684331,134551829,"[41, 38, 24, 250, 0, 192, 125, 0]"
1964.68636,33888256,"[0, 0, 0, 0, 128, 3, 16, 0]"
1964.686504,33888320,"[0, 0, 0, 0, 29, 52, 6, 0]"
1964.686648,33888384,"[0, 0, 0, 0, 0, 0, 0, 0]"
1964.686796,33888512,"[0, 0, 0, 0, 0, 0, 0, 0]"
1964.687034,33929223,"[0, 0, 126, 6, 0, 24, 48, 0]"
1964.687599,33929353,"[0, 0, 0, 0, 236, 140, 136, 63]"
1964.687761,33827908,"[0, 0, 0, 98, 0, 16, 10, 0]"
1964.688013,33929351,"[0, 0, 0, 128, 0, 0, 0, 128]"
1964.688426,33929216,"[0, 0, 169, 6, 0, 24, 0, 0]"
1964.688578,33827906,"[0, 0, 0, 98, 0, 16, 239, 255]"
1964.688783,33929225,"[0, 0, 154, 6, 0, 23, 32, 0]"
1964.689304,33827905,"[0, 0, 0, 226, 0, 16, 237, 255]"
1964.690093,352595220,"[237, 255, 255, 95, 255, 6, 128, 1]"
1964.690648,33929221,"[0, 0, 135, 6, 0, 24, 48, 0]"
1964.690804,33929224,"[0, 0, 171, 6, 0, 24, 48, 0]"
1964.690934,33929349,"[246, 124, 160, 51, 0, 0, 0, 128]"
1964.691079,33929352,"[0, 0, 0, 128, 0, 0, 0, 128]"
1964.692025,33827907,"[0, 0, 0, 226, 0, 16, 22, 0]"
1964.694389,33929226,"[0, 0, 170, 6, 0, 24, 32, 0]"
1964.694815,33929222,"[0, 0, 161, 6, 0, 24, 48, 0]"
1964.694959,33929350,"[0, 0, 0, 128, 0, 0, 0, 128]"
1964.696353,33888256,"[0, 0, 0, 0, 128, 3, 16, 0]"
1964.697695,33827908,"[0, 0, 0, 98, 0, 16, 241, 255]"
1964.697865,33828292,"[0, 0, 224, 8, 0, 0, 0, 0]"
1964.698458,33827906,"[0, 0, 0, 98, 0, 16, 248, 255]"
1964.698616,33828290,"[0, 0, 64, 7, 0, 0, 0, 0]"
1964.698765,33929225,"[0, 0, 154, 6, 0, 23, 32, 0]"
1964.699358,33888576,"[0, 0, 0, 0, 0, 0, 16, 0]"
1964.699495,33827905,"[0, 0, 0, 226, 0, 16, 242, 255]"
1964.700064,352595220,"[237, 255, 255, 95, 255, 6, 128, 1]"
1964.700207,352596180,"[241, 31, 5, 176, 253, 235, 255, 5]"
1964.700351,33828289,"[0, 0, 128, 248, 255, 255, 0, 0]"
1964.700503,33888640,"[0, 0, 0, 0, 0, 0, 0, 0]"
1964.700647,262271,"[52, 94, 170, 121, 68, 169, 213, 2]"
1964.700781,352596244,"[42, 1, 165, 0, 33, 127, 0, 0]"
1964.700939,352596436,"[0, 0, 160, 0, 0, 0, 0, 0]"
1964.701091,352596500,"[116, 0, 84, 0, 176, 63, 0, 4]"
1964.701829,16848960,"[113, 8, 74, 252, 0, 0, 0, 255]"
1964.702137,33827907,"[0, 0, 0, 226, 0, 16, 22, 0]"
1964.702324,33828291,"[0, 0, 224, 251, 255, 255, 0, 0]"
1964.70375,134551573,"[0, 0, 0, 0, 0, 0, 0, 0]"
1964.703894,134551637,"[0, 0, 0, 0, 0, 0, 0, 192]"
1964.704039,134551701,"[0, 0, 0, 64, 0, 0, 0, 192]"
1964.704183,134551765,"[0, 0, 112, 0, 0, 0, 0, 240]"
1964.70432,134551829,"[41, 38, 24, 250, 0, 192, 125, 0]"
1964.706349,33888256,"[0, 0, 0, 0, 128, 3, 16, 0]"
1964.706494,33888320,"[0, 0, 0, 0, 29, 52, 6, 0]"
1964.706638,33888384,"[0, 0, 0, 0, 0, 0, 0, 0]"
1964.706786,33888512,"[0, 0, 0, 0, 0, 0, 0, 0]"
1964.707016,33929223,"[0, 0, 125, 6, 0, 24, 48, 0]"
1964.707401,33888448,"[0, 0, 0, 0, 0, 0, 0, 0]"
1964.707616,33929353,"[0, 0, 0, 0, 236, 140, 136, 63]"
1964.707757,33827908,"[0, 0, 0, 98, 0, 16, 249, 255]"
1964.708015,33929351,"[0, 0, 0, 128, 0, 0, 0, 128]"
1964.708423,33929216,"[0, 0, 169, 6, 0, 24, 0, 0]"
1964.708566,33827906,"[0, 0, 0, 98, 0, 16, 253, 255]"
1964.708714,33929225,"[0, 0, 154, 6, 0, 23, 32, 0]"
1964.708852,33929289,"[0, 0, 0, 8, 0, 64, 0, 0]"
1964.709426,33827905,"[0, 0, 0, 226, 0, 16, 225, 255]"
1964.710054,352595220,"[237, 255, 255, 95, 255, 6, 128, 1]"
1964.71065,33929221,"[0, 0, 136, 6, 0, 24, 48, 0]"
1964.710796,33929224,"[0, 0, 170, 6, 0, 24, 48, 0]"
1964.710947,33929349,"[246, 124, 160, 51, 0, 0, 0, 128]"
1964.71109,33929352,"[0, 0, 0, 128, 0, 0, 0, 128]"
1964.712133,33827907,"[0, 0, 0, 226, 0, 16, 26, 0]"
1964.714382,33929226,"[0, 0, 169, 6, 0, 24, 32, 0]"
1964.714812,33929222,"[0, 0, 161, 6, 0, 24, 48, 0]"
1964.714954,33929350,"[0, 0, 0, 128, 0, 0, 0, 128]"
1964.716346,33888256,"[0, 0, 0, 0, 128, 3, 16, 0]"
1964.717665,33827908,"[0, 0, 0, 98, 0, 16, 251, 255]"
1964.717834,33828292,"[0, 0, 224, 8, 0, 0, 0, 0]"
1964.718416,33827906,"[0, 0, 0, 98, 0, 16, 251, 255]"
1964.718587,33828290,"[0, 0, 64, 7, 0, 0, 0, 0]"
1964.718727,33929225,"[0, 0, 154, 6, 0, 23, 32, 0]"
1964.719415,33827905,"[0, 0, 0, 226, 0, 16, 249, 255]"
1964.719593,33828289,"[0, 0, 128, 248, 255, 255, 0, 0]"
1964.720066,352595220,"[237, 255, 255, 95, 255, 6, 128, 1]"
1964.720208,352596180,"[241, 31, 5, 176, 253, 235, 255, 5]"
1964.722094,33827907,"[0, 0, 0, 226, 0, 16, 28, 0]"
1964.722273,33828291,"[0, 0, 224, 251, 255, 255, 0, 0]"
1964.722857,16848960,"[113, 8, 74, 252, 0, 0, 0, 255]"
1964.72374,134551573,"[0, 0, 0, 0, 0, 0, 0, 0]"
1964.72389,134551637,"[0, 0, 0, 0, 0, 0, 0, 192]"
1964.724033,134551701,"[0, 0, 0, 64, 0, 0, 0, 192]"
1964.724171,134551765,"[0, 0, 112, 0, 0, 0, 0, 240]"
1964.724323,134551829,"[41, 38, 24, 250, 0, 192, 125, 0]"
1964.726309,33888256,"[0, 0, 0, 0, 128, 3, 16, 0]"
1964.726453,33888320,"[0, 0, 0, 0, 29, 52, 6, 0]"
1964.726605,33888384,"[0, 0, 0, 0, 0, 0, 0, 0]"
1964.726747,33888512,"[0, 0, 0, 0, 0, 0, 0, 0]"
1964.727013,33929223,"[0, 0, 125, 6, 0, 24, 48, 0]"
1964.727612,33929353,"[0, 0, 0, 0, 236, 140, 136, 63]"
1964.727754,33827908,"[0, 0, 0, 98, 0, 16, 243, 255]"
1964.728012,33929351,"[0, 0, 0, 128, 0, 0, 0, 128]"
1964.728404,33827906,"[0, 0, 0, 98, 0, 16, 253, 255]"
1964.728542,33929216,"[0, 0, 169, 6, 0, 24, 0, 0]"
1964.72869,33929225,"[0, 0, 154, 6, 0, 23, 32, 0]"
1964.729404,33827905,"[0, 0, 0, 226, 0, 16, 3, 0]"
1964.730087,352595220,"[237, 255, 255, 95, 255, 6, 128, 1]"
1964.730637,33929221,"[0, 0, 136, 6, 0, 24, 48, 0]"
1964.730785,33929224,"[0, 0, 170, 6, 0, 24, 48, 0]"
1964.730929,33929349,"[246, 124, 160, 51, 0, 0, 0, 128]"
1964.731074,33929352,"[0, 0, 0, 128, 0, 0, 0, 128]"
1964.732061,33827907,"[0, 0, 0, 226, 0, 16, 19, 0]"
1964.734385,33929226,"[0, 0, 169, 6, 0, 24, 32, 0]"
1964.73481,33929222,"[0, 0, 162, 6, 0, 24, 48, 0]"
1964.734954,33929350,"[0, 0, 0, 128, 0, 0, 0, 128]"
1964.736333,33888256,"[0, 0, 0, 0, 128, 3, 16, 0]"
1964.737747,33827908,"[0, 0, 0, 98, 0, 16, 231, 255]"
1964.737934,33828292,"[0, 0, 224, 8, 0, 0, 0, 0]"
1964.738483,33827906,"[0, 0, 0, 98, 0, 16, 253, 255]"
1964.738688,33828290,"[0, 0, 64, 7, 0, 0, 0, 0]"
1964.738826,33929225,"[0, 0, 154, 6, 0, 23, 32, 0]"
1964.73939,33827905,"[0, 0, 0, 226, 0, 16, 232, 255]"
1964.739562,33828289,"[0, 0, 128, 248, 255, 255, 0, 0]"
1964.740087,352595220,"[237, 255, 255, 95, 255, 6, 128, 1]"
1964.740239,352596180,"[241, 31, 5, 176, 253, 235, 255, 5]"
1964.742051,33827907,"[0, 0, 0, 226, 0, 16, 17, 0]"
1964.742217,33828291,"[0, 0, 224, 251, 255, 255, 0, 0]"
1964.743012,262271,"[52, 94, 170, 125, 8, 10, 83, 121]"
1964.743743,134551573,"[0, 0, 0, 0, 0, 0, 0, 0]"
1964.743887,134551637,"[0, 0, 0, 0, 0, 0, 0, 192]"
1964.744032,134551701,"[0, 0, 0, 64, 0, 0, 0, 192]"
1964.744169,134551765,"[0, 0, 112, 0, 0, 0, 0, 240]"
1964.744313,134551829,"[41, 38, 24, 250, 0, 192, 125, 0]"
1964.744457,16848960,"[113, 8, 74, 252, 0, 0, 0, 255]"
1964.746342,33888256,"[0, 0, 0, 0, 128, 3, 16, 0]"
1964.746428,262847,"[0, 0, 0, 0, 2, 26, 1, 0]"
1964.746572,325951,"[2, 62, 0, 170, 170, 170, 170, 170]"
1964.74672,33888320,"[0, 0, 0, 0, 29, 52, 6, 0]"
1964.746858,33888384,"[0, 0, 0, 0, 0, 0, 0, 0]"
1964.747002,33888512,"[0, 0, 0, 0, 0, 0, 0, 0]"
1964.747146,33929223,"[0, 0, 126, 6, 0, 24, 48, 0]"
1964.747588,33929353,"[0, 0, 0, 0, 236, 140, 136, 63]"
1964.747736,33827908,"[0, 0, 0, 98, 0, 16, 6, 0]"
1964.748002,33929351,"[0, 0, 0, 128, 0, 0, 0, 128]"
1964.748415,33929216,"[0, 0, 168, 6, 0, 24, 0, 0]"
1964.748553,33827906,"[0, 0, 0, 98, 0, 16, 6, 0]"
1964.748744,33929225,"[0, 0, 154, 6, 0, 23, 32, 0]"
1964.749352,33827905,"[0, 0, 0, 226, 0, 16, 242, 255]"
1964.750057,352595220,"[237, 255, 255, 95, 255, 6, 128, 1]"
1964.750201,33880390,"[6, 126, 2, 4, 252, 65, 6, 170]"
1964.750622,33929349,"[246, 124, 160, 51, 0, 0, 0, 128]"
1964.75077,33929221,"[0, 0, 135, 6, 0, 24, 48, 0]"
1964.750914,33929224,"[0, 0, 170, 6, 0, 24, 48, 0]"
1964.751052,33929352,"[0, 0, 0, 128, 0, 0, 0, 128]"
1964.752025,33827907,"[0, 0, 0, 226, 0, 16, 19, 0]"
1964.752339,33880391,"[6, 126, 2, 4, 252, 66, 7, 170]"
1964.753016,352647497,"[6, 126, 21, 4, 252, 84, 9, 170]"
1964.754364,33929226,"[0, 0, 169, 6, 0, 24, 32, 0]"
1964.7548,33929222,"[0, 0, 162, 6, 0, 24, 48, 0]"
1964.754942,33929350,"[0, 0, 0, 128, 0, 0, 0, 128]"
1964.756324,33888256,"[0, 0, 0, 0, 128, 3, 16, 0]"
1964.757725,33827908,"[0, 0, 0, 98, 0, 16, 244, 255]"
1964.757918,33828292,"[0, 0, 224, 8, 0, 0, 0, 0]"
1964.758463,33827906,"[0, 0, 0, 98, 0, 16, 249, 255]"
1964.75862,33888448,"[0, 0, 0, 0, 0, 0, 0, 0]"
1964.75876,33828290,"[0, 0, 64, 7, 0, 0, 0, 0]"
1964.758903,33929225,"[0, 0, 154, 6, 0, 23, 32, 0]"
1964.759391,33827905,"[0, 0, 0, 226, 0, 16, 250, 255]"
1964.759612,33828289,"[0, 0, 128, 248, 255, 255, 0, 0]"
1964.759745,33880392,"[6, 126, 2, 4, 252, 68, 8, 170]"
1964.760051,352595220,"[236, 255, 255, 95, 255, 6, 128, 1]"
1964.760208,352596180,"[241, 31, 5, 176, 253, 235, 255, 5]"
1964.76209,33827907,"[0, 0, 0, 226, 0, 16, 11, 0]"
1964.76226,33828291,"[0, 0, 224, 251, 255, 255, 0, 0]"
1964.762986,33880394,"[6, 126, 2, 4, 252, 67, 10, 170]"
1964.763739,134551573,"[0, 0, 0, 0, 0, 0, 0, 0]"
1964.763882,134551637,"[0, 0, 0, 0, 0, 0, 0, 192]"
1964.76402,134551701,"[0, 0, 0, 64, 0, 0, 0, 192]"
1964.764177,134551765,"[0, 0, 112, 0, 0, 0, 0, 240]"
1964.764305,134551829,"[42, 38, 24, 250, 0, 192, 125, 0]"
1964.765575,16848960,"[113, 8, 74, 252, 0, 0, 0, 255]"
1964.766315,33888256,"[0, 0, 0, 0, 128, 3, 16, 0]"
1964.766466,33888320,"[0, 0, 0, 0, 29, 52, 6, 0]"
1964.766608,33888384,"[0, 0, 0, 0, 0, 0, 0, 0]"
1964.766755,33888512,"[0, 0, 0, 0, 0, 0, 0, 0]"
1964.76699,33929223,"[0, 0, 125, 6, 0, 24, 48, 0]"
1964.767591,33929353,"[0, 0, 0, 0, 236, 140, 136, 63]"
1964.767802,33827908,"[0, 0, 0, 98, 0, 16, 245, 255]"
1964.768002,33929351,"[0, 0, 0, 128, 0, 0, 0, 128]"
1964.768407,33827906,"[0, 0, 0, 98, 0, 16, 237, 255]"
1964.768544,33929216,"[0, 0, 169, 6, 0, 24, 0, 0]"
1964.76869,33929225,"[0, 0, 154, 6, 0, 23, 32, 0]"
1964.769314,33827905,"[0, 0, 0, 226, 0, 16, 231, 255]"
1964.770038,352595220,"[236, 255, 255, 95, 255, 6, 128, 1]"
1964.770624,33929221,"[0, 0, 136, 6, 0, 24, 48, 0]"
1964.770757,33929349,"[246, 124, 160, 51, 0, 0, 0, 128]"
1964.770901,33929224,"[0, 0, 171, 6, 0, 24, 48, 0]"
1964.771054,33929352,"[0, 0, 0, 128, 0, 0, 0, 128]"
1964.772071,33827907,"[0, 0, 0, 226, 0, 16, 18, 0]"
1964.774359,33929226,"[0, 0, 171, 6, 0, 24, 32, 0]"
1964.774784,33929222,"[0, 0, 161, 6, 0, 24, 48, 0]"
1964.774928,33929350,"[0, 0, 0, 128, 0, 0, 0, 128]"
1964.776303,33888256,"[0, 0, 0, 0, 128, 3, 16, 0]"
1964.777729,33827908,"[0, 0, 0, 98, 0, 16, 246, 255]"
1964.777909,33828292,"[0, 0, 224, 8, 0, 0, 0, 0]"
1964.778359,33827906,"[0, 0, 0, 98, 0, 16, 242, 255]"
1964.778546,33828290,"[0, 0, 64, 7, 0, 0, 0, 0]"
1964.778679,33929225,"[0, 0, 155, 6, 0, 23, 32, 0]"
1964.779422,33827905,"[0, 0, 0, 226, 0, 16, 238, 255]"
1964.779588,33828289,"[0, 0, 128, 248, 255, 255, 0, 0]"
1964.780044,352595220,"[236, 255, 255, 95, 255, 6, 128, 1]"
1964.780189,352596180,"[241, 31, 5, 176, 253, 235, 255, 5]"
1964.782042,33827907,"[0, 0, 0, 226, 0, 16, 18, 0]"
1964.782243,33828291,"[0, 0, 224, 251, 255, 255, 0, 0]"
1964.78372,134551573,"[0, 0, 0, 0, 0, 0, 0, 0]"
1964.783864,134551637,"[0, 0, 0, 0, 0, 0, 0, 192]"
1964.784031,134551701,"[0, 0, 0, 64, 0, 0, 0, 192]"
1964.784161,134551765,"[0, 0, 112, 0, 0, 0, 0, 240]"
1964.784305,134551829,"[42, 38, 24, 250, 0, 192, 125, 0]"
1964.78613,16848960,"[113, 8, 74, 252, 0, 0, 0, 255]"
1964.786274,262271,"[52, 94, 172, 122, 252, 104, 6, 164]"
1964.786418,33888256,"[0, 0, 0, 0, 128, 3, 16, 0]"
1964.786569,33888320,"[0, 0, 0, 0, 29, 52, 6, 0]"
1964.786703,33888384,"[0, 0, 0, 0, 0, 0, 0, 0]"
1964.786847,33888512,"[0, 0, 0, 0, 0, 0, 0, 0]"
1964.787,33929223,"[0, 0, 126, 6, 0, 24, 48, 0]"
1964.787579,33929353,"[0, 0, 0, 0, 236, 140, 136, 63]"
1964.787792,33827908,"[0, 0, 0, 98, 0, 16, 247, 255]"
1964.787994,33929351,"[0, 0, 0, 128, 0, 0, 0, 128]"
1964.788387,33827906,"[0, 0, 0, 98, 0, 16, 3, 0]"
1964.788531,33929216,"[0, 0, 169, 6, 0, 24, 0, 0]"
1964.788679,33929225,"[0, 0, 154, 6, 0, 23, 32, 0]"
1964.789322,33827905,"[0, 0, 0, 226, 0, 16, 238, 255]"
1964.790053,352595220,"[236, 255, 255, 95, 255, 6, 128, 1]"
1964.790617,33929221,"[0, 0, 136, 6, 0, 24, 48, 0]"
1964.790765,33929224,"[0, 0, 170, 6, 0, 24, 48, 0]"
1964.790902,33929349,"[246, 124, 160, 51, 0, 0, 0, 128]"
1964.791047,33929352,"[0, 0, 0, 128, 0, 0, 0, 128]"
1964.792052,33827907,"[0, 0, 0, 226, 0, 16, 4, 0]"
1964.794366,33929226,"[0, 0, 169, 6, 0, 24, 32, 0]"
1964.794792,33929222,"[0, 0, 162, 6, 0, 24, 48, 0]"
1964.79495,33929350,"[0, 0, 0, 128, 0, 0, 0, 128]"
1964.796312,33888256,"[0, 0, 0, 0, 128, 3, 16, 0]"
1964.797722,33827908,"[0, 0, 0, 98, 0, 16, 246, 255]"
1964.79788,33828292,"[0, 0, 224, 8, 0, 0, 0, 0]"
1964.798481,33827906,"[0, 0, 0, 98, 0, 16, 254, 255]"
1964.798611,33929225,"[0, 0, 154, 6, 0, 23, 32, 0]"
1964.798759,33828290,"[0, 0, 64, 7, 0, 0, 0, 0]"
1964.799315,33827905,"[0, 0, 0, 226, 0, 16, 235, 255]"
1964.799472,33828289,"[0, 0, 128, 248, 255, 255, 0, 0]"
1964.800064,352595220,"[236, 255, 255, 95, 255, 6, 128, 1]"
1964.800215,352596180,"[241, 31, 5, 176, 253, 235, 255, 5]"
1964.800371,352596244,"[40, 1, 161, 0, 33, 127, 0, 0]"
1964.800528,352596436,"[249, 255, 31, 2, 0, 22, 0, 0]"
1964.800682,352596500,"[84, 0, 100, 0, 216, 63, 0, 4]"
1964.801996,33827907,"[0, 0, 0, 226, 0, 16, 26, 0]"
1964.802152,33828291,"[0, 0, 224, 251, 255, 255, 0, 0]"
1964.803725,134551573,"[0, 0, 0, 0, 0, 0, 0, 0]"
1964.803868,134551637,"[0, 0, 0, 0, 0, 0, 0, 192]"
1964.804011,134551701,"[0, 0, 0, 64, 0, 0, 0, 192]"
1964.804147,134551765,"[0, 0, 112, 0, 0, 0, 0, 240]"
1964.80429,134551829,"[42, 38, 24, 250, 0, 192, 125, 0]"
1964.806311,33888256,"[0, 0, 0, 0, 128, 3, 16, 0]"
1964.80644,33888320,"[0, 0, 0, 0, 29, 52, 6, 0]"
1964.806582,33888384,"[0, 0, 0, 0, 0, 0, 0, 0]"
1964.806723,16848960,"[113, 8, 74, 252, 0, 0, 0, 255]"
1964.80688,33888512,"[0, 0, 0, 0, 0, 0, 0, 0]"
1964.807024,33929223,"[0, 0, 126, 6, 0, 24, 48, 0]"
1964.807569,33929353,"[0, 0, 0, 0, 236, 140, 136, 63]"
1964.80771,33827908,"[0, 0, 0, 98, 0, 16, 0, 0]"
1964.80798,33929351,"[0, 0, 0, 128, 0, 0, 0, 128]"
1964.808299,33888448,"[0, 0, 0, 0, 0, 0, 0, 0]"
1964.80845,33827906,"[0, 0, 0, 98, 0, 16, 251, 255]"
1964.808592,33929216,"[0, 0, 170, 6, 0, 24, 0, 0]"
1964.808724,33929225,"[0, 0, 154, 6, 0, 23, 32, 0]"
1964.809376,33827905,"[0, 0, 0, 226, 0, 16, 223, 255]"
1964.810066,352595220,"[236, 255, 255, 95, 255, 6, 128, 1]"
1964.810612,33929221,"[0, 0, 135, 6, 0, 24, 48, 0]"
1964.810758,33929224,"[0, 0, 170, 6, 0, 24, 48, 0]"
1964.810895,33929349,"[246, 124, 160, 51, 0, 0, 0, 128]"
1964.811039,33929352,"[0, 0, 0, 128, 0, 0, 0, 128]"
1964.811401,33929280,"[0, 0, 0, 8, 0, 64, 0, 0]"
1964.811752,33880326,"[2, 62, 0, 170, 170, 170, 170, 170]"
1964.812022,33827907,"[0, 0, 0, 226, 0, 16, 20, 0]"
1964.812355,33880390,"[6, 126, 2, 4, 252, 65, 6, 170]"
1964.814349,33929226,"[0, 0, 169, 6, 0, 24, 32, 0]"
1964.814776,33929222,"[0, 0, 162, 6, 0, 24, 48, 0]"
1964.81492,33929350,"[0, 0, 0, 128, 0, 0, 0, 128]"
1964.8163,33888256,"[0, 0, 0, 0, 128, 3, 16, 0]"
1964.817668,33827908,"[0, 0, 0, 98, 0, 16, 253, 255]"
1964.817863,33828292,"[0, 0, 224, 8, 0, 0, 0, 0]"
1964.817994,33880326,"[1, 176, 170, 170, 170, 170, 170, 170]"
1964.818459,33827906,"[0, 0, 0, 98, 0, 16, 245, 255]"
1964.818603,33880390,"[16, 98, 240, 26, 1, 1, 0, 243]"
1964.818745,33828290,"[0, 0, 64, 7, 0, 0, 0, 0]"
1964.818875,33929225,"[0, 0, 153, 6, 0, 23, 32, 0]"
1964.819311,33827905,"[0, 0, 0, 226, 0, 16, 233, 255]"
1964.819498,33828289,"[0, 0, 128, 248, 255, 255, 0, 0]"
1964.820045,352595220,"[236, 255, 255, 95, 255, 6, 128, 1]"
1964.820189,352596180,"[241, 31, 5, 176, 253, 235, 255, 5]"
1964.822064,33827907,"[0, 0, 0, 226, 0, 16, 18, 0]"
1964.822259,33828291,"[0, 0, 224, 251, 255, 255, 0, 0]"
1964.823714,134551573,"[0, 0, 0, 0, 0, 0, 0, 0]"
1964.823879,134551637,"[0, 0, 0, 0, 0, 0, 0, 192]"
1964.823996,134551701,"[0, 0, 0, 64, 0, 0, 0, 192]"
1964.824139,134551765,"[0, 0, 112, 0, 0, 0, 0, 240]"
1964.824277,33880326,"[48, 0, 5, 170, 170, 170, 170, 170]"
1964.824421,134551829,"[42, 38, 24, 250, 0, 192, 125, 0]"
1964.82538,33888256,"[0, 0, 255, 255, 255, 255, 0, 0]"
1964.826284,33888256,"[0, 0, 0, 0, 128, 3, 16, 0]"
1964.826429,33888320,"[0, 0, 0, 0, 29, 52, 6, 0]"
1964.826581,33888384,"[0, 0, 0, 0, 0, 0, 0, 0]"
1964.826729,33888512,"[0, 0, 0, 0, 0, 0, 0, 0]"
1964.826981,33929223,"[0, 0, 126, 6, 0, 24, 48, 0]"
1964.827238,16848960,"[113, 8, 74, 252, 0, 0, 0, 255]"
1964.827347,33930240,"[0, 0, 0, 0, 206, 32, 59, 159]"
1964.827562,33929353,"[0, 0, 0, 0, 236, 140, 136, 63]"
1964.827774,33844164,"[0, 0, 0, 0, 1, 26, 19, 0]"
1964.827947,33834820,"[0, 0, 0, 0, 0, 0, 0, 0]"
1964.828091,33929351,"[0, 0, 0, 128, 0, 0, 0, 128]"
1964.828385,33929216,"[0, 0, 170, 6, 0, 24, 0, 0]"
1964.828514,33844162,"[0, 0, 0, 0, 1, 26, 19, 0]"
1964.828644,262271,"[52, 94, 170, 125, 194, 182, 170, 233]"
1964.828786,33828932,"[0, 243, 199, 46, 0, 0, 0, 0]"
1964.828929,33827908,"[0, 0, 0, 98, 0, 16, 253, 255]"
1964.829074,33929225,"[0, 0, 154, 6, 0, 23, 32, 0]"
1964.829226,33834818,"[0, 0, 0, 0, 0, 0, 0, 0]"
1964.829398,33828930,"[0, 243, 199, 46, 0, 0, 0, 0]"
1964.829542,33827906,"[0, 0, 0, 98, 0, 16, 251, 255]"
1964.829684,33828164,"[254, 127, 0, 192, 83, 21, 28, 24]"
