timestamp,model,device_type,mfg,id,api,data
2626.239267,Unknown Device,2,5,6,736,"[0, 0, 153, 6, 0, 24, 48, 0]"
2626.239411,Unknown Device,2,5,6,738,"[0, 0, 0, 128, 0, 0, 0, 128]"
2626.239768,Unknown Device,2,5,0,96,"[0, 0, 0, 0, 128, 3, 16, 0]"
2626.240316,Unknown Device,21,4,20,180,"[3, 0, 0, 80, 255, 9, 128, 1]"
2626.240474,Unknown Device,21,4,20,195,"[241, 31, 7, 192, 253, 47, 0, 5]"
2626.241994,Unknown Device,2,4,4,177,"[0, 0, 0, 98, 0, 16, 240, 255]"
2626.242167,Unknown Device,2,4,4,183,"[0, 0, 224, 8, 0, 0, 0, 0]"
2626.24249,Unknown Device,2,4,2,177,"[0, 0, 0, 98, 0, 16, 247, 255]"
2626.242648,Unknown Device,2,4,2,183,"[0, 0, 64, 7, 0, 0, 0, 0]"
2626.243845,Unknown Device,2,5,0,737,"[0, 0, 0, 8, 0, 64, 0, 0]"
2626.244286,Unknown Device,2,5,9,736,"[0, 0, 148, 6, 0, 23, 32, 0]"
2626.244453,Unknown Device,2,4,1,177,"[0, 0, 0, 226, 0, 16, 243, 255]"
2626.244611,Unknown Device,2,4,1,183,"[0, 0, 128, 248, 255, 255, 0, 0]"
2626.246188,Unknown Device,8,5,21,96,"[0, 0, 0, 0, 0, 0, 0, 0]"
2626.246332,Unknown Device,8,5,21,97,"[0, 0, 0, 0, 0, 0, 0, 192]"
2626.246476,Unknown Device,8,5,21,98,"[0, 0, 0, 64, 0, 0, 0, 192]"
2626.246614,Unknown Device,8,5,21,99,"[0, 0, 112, 0, 0, 0, 0, 240]"
2626.246772,Unknown Device,2,5,0,99,"[0, 0, 0, 0, 0, 0, 0, 0]"
2626.24691,Unknown Device,8,5,21,100,"[34, 38, 24, 250, 0, 192, 125, 0]"
2626.247045,Unknown Device,2,4,3,177,"[0, 0, 0, 226, 0, 16, 18, 0]"
2626.247225,Unknown Device,2,4,3,183,"[0, 0, 224, 251, 255, 255, 0, 0]"
2626.247392,Unknown Device,2,5,7,736,"[0, 0, 119, 6, 0, 24, 48, 0]"
2626.247536,Unknown Device,2,5,7,738,"[0, 0, 0, 128, 0, 0, 0, 128]"
2626.249761,Unknown Device,2,5,0,96,"[0, 0, 0, 0, 128, 3, 16, 0]"
2626.24989,Unknown Device,2,5,0,97,"[0, 0, 0, 0, 30, 45, 6, 0]"
2626.250038,Unknown Device,2,5,0,98,"[0, 0, 0, 0, 0, 0, 0, 0]"
2626.25019,Unknown Device,2,5,0,100,"[0, 0, 0, 0, 0, 0, 0, 0]"
2626.250334,Unknown Device,21,4,20,180,"[3, 0, 0, 80, 255, 8, 128, 1]"
2626.25085,Unknown Device,2,5,0,736,"[0, 0, 161, 6, 0, 24, 0, 0]"
2626.251273,Unknown Device,2,5,9,738,"[0, 0, 0, 0, 179, 149, 136, 63]"
2626.251968,Unknown Device,2,4,4,177,"[0, 0, 0, 98, 0, 16, 2, 0]"
2626.252425,Unknown Device,2,4,2,177,"[0, 0, 0, 98, 0, 16, 240, 255]"
2626.253728,Unknown Device,2,5,10,736,"[0, 0, 162, 6, 0, 23, 32, 0]"
2626.253874,Unknown Device,2,5,8,736,"[0, 0, 163, 6, 0, 24, 48, 0]"
2626.254022,Unknown Device,2,5,8,738,"[0, 0, 0, 128, 0, 0, 0, 128]"
2626.254373,Unknown Device,2,4,1,177,"[0, 0, 0, 226, 0, 16, 224, 255]"
2626.254692,Unknown Device,2,5,9,736,"[0, 0, 146, 6, 0, 23, 32, 0]"
2626.255093,Unknown Device,1,1,0,97,"[152, 174, 212, 126, 1, 0, 0, 255]"
2626.256941,Unknown Device,2,4,3,177,"[0, 0, 0, 226, 0, 16, 249, 255]"
2626.258171,Unknown Device,2,5,5,736,"[0, 0, 128, 6, 0, 24, 48, 0]"
2626.258315,Unknown Device,2,5,5,738,"[246, 124, 160, 51, 0, 0, 0, 128]"
2626.259263,Unknown Device,2,5,6,736,"[0, 0, 153, 6, 0, 24, 48, 0]"
2626.259409,Unknown Device,2,5,6,738,"[0, 0, 0, 128, 0, 0, 0, 128]"
2626.25975,Unknown Device,2,5,0,96,"[0, 0, 0, 0, 128, 3, 16, 0]"
2626.260328,Unknown Device,21,4,20,180,"[4, 0, 0, 80, 255, 8, 128, 1]"
2626.260471,Unknown Device,21,4,20,195,"[241, 31, 7, 192, 253, 47, 0, 5]"
2626.26198,Unknown Device,2,4,4,431,"[0, 0, 0, 0, 1, 26, 19, 0]"
2626.262157,Unknown Device,2,4,4,285,"[0, 0, 0, 0, 0, 0, 0, 0]"
2626.262459,Unknown Device,2,4,2,431,"[0, 0, 0, 0, 1, 26, 19, 0]"
2626.26264,Unknown Device,2,4,2,285,"[0, 0, 0, 0, 0, 0, 0, 0]"
2626.262865,Unknown Device,2,4,4,193,"[0, 243, 199, 46, 0, 0, 0, 0]"
2626.263056,Unknown Device,2,4,4,177,"[0, 0, 0, 98, 0, 16, 251, 255]"
2626.263194,Unknown Device,2,4,4,181,"[253, 127, 0, 64, 83, 22, 29, 24]"
2626.263338,Unknown Device,2,4,2,193,"[0, 243, 199, 46, 0, 0, 0, 0]"
2626.263539,Unknown Device,2,4,2,177,"[0, 0, 0, 98, 0, 16, 5, 0]"
2626.263691,Unknown Device,2,4,2,181,"[253, 127, 0, 64, 83, 23, 28, 24]"
2626.263835,Unknown Device,2,4,4,182,"[0, 0, 64, 231, 0, 0, 0, 0]"
2626.264007,Unknown Device,2,4,4,183,"[0, 0, 224, 8, 0, 0, 0, 0]"
2626.264193,Unknown Device,2,4,4,184,"[0, 0, 0, 0, 0, 0, 0, 128]"
2626.26436,Unknown Device,2,4,2,182,"[0, 0, 64, 189, 0, 0, 0, 0]"
2626.264475,Unknown Device,2,5,9,736,"[0, 0, 146, 6, 0, 23, 32, 0]"
2626.26462,Unknown Device,2,4,2,183,"[0, 0, 64, 7, 0, 0, 0, 0]"
2626.26475,Unknown Device,2,4,1,431,"[0, 0, 0, 0, 1, 26, 19, 0]"
2626.264902,Unknown Device,2,4,4,185,"[0, 0, 0, 0, 0, 0, 0, 128]"
2626.265122,Unknown Device,2,4,4,186,"[8, 0, 0, 0, 0, 0, 0, 0]"
2626.265274,Unknown Device,2,4,2,184,"[0, 0, 0, 0, 0, 0, 0, 128]"
2626.265418,Unknown Device,2,4,1,285,"[0, 0, 0, 0, 0, 0, 0, 0]"
2626.265562,Unknown Device,2,4,2,185,"[0, 0, 0, 0, 0, 0, 0, 128]"
2626.265714,Unknown Device,2,4,1,193,"[0, 243, 199, 46, 0, 0, 0, 0]"
2626.265859,Unknown Device,2,4,2,186,"[8, 0, 0, 0, 0, 0, 0, 0]"
2626.265993,Unknown Device,2,4,4,187,"[0, 0, 4, 0, 0, 0, 0, 0]"
2626.266174,Unknown Device,2,4,1,177,"[0, 0, 0, 226, 0, 16, 238, 255]"
2626.266318,Unknown Device,2,4,1,181,"[247, 127, 0, 64, 83, 22, 28, 24]"
2626.266462,Unknown Device,2,4,2,187,"[0, 0, 4, 0, 0, 0, 0, 0]"
2626.2666,Unknown Device,2,4,1,182,"[0, 0, 192, 62, 255, 255, 0, 0]"
2626.266744,Unknown Device,8,5,21,96,"[0, 0, 0, 0, 0, 0, 0, 0]"
2626.266888,Unknown Device,8,5,21,97,"[0, 0, 0, 0, 0, 0, 0, 192]"
2626.267045,Unknown Device,8,5,21,98,"[0, 0, 0, 64, 0, 0, 0, 192]"
2626.267161,Unknown Device,2,4,3,431,"[0, 0, 0, 0, 1, 26, 19, 0]"
2626.267313,Unknown Device,0,4,63,1,"[52, 94, 169, 123, 253, 222, 187, 57]"
2626.267443,Unknown Device,2,4,1,183,"[0, 0, 128, 248, 255, 255, 0, 0]"
2626.267587,Unknown Device,2,5,7,736,"[0, 0, 119, 6, 0, 24, 48, 0]"
2626.267739,Unknown Device,2,4,1,184,"[0, 0, 0, 0, 0, 0, 0, 128]"
2626.267905,Unknown Device,2,4,3,285,"[0, 0, 0, 0, 0, 0, 0, 0]"
2626.268026,Unknown Device,2,5,7,738,"[0, 0, 0, 128, 0, 0, 0, 128]"
2626.268178,Unknown Device,2,4,3,193,"[0, 243, 199, 46, 0, 0, 0, 0]"
2626.268308,Unknown Device,2,4,1,185,"[0, 0, 0, 0, 0, 0, 0, 128]"
2626.26846,Unknown Device,8,5,21,99,"[0, 0, 112, 0, 0, 0, 0, 240]"
2626.268604,Unknown Device,2,4,1,186,"[8, 0, 0, 0, 0, 0, 0, 0]"
2626.268756,Unknown Device,2,4,1,187,"[0, 0, 4, 0, 0, 0, 0, 0]"
2626.268886,Unknown Device,2,4,3,177,"[0, 0, 0, 226, 0, 16, 253, 255]"
2626.269028,Unknown Device,8,5,21,100,"[34, 38, 24, 250, 0, 192, 125, 0]"
2626.269171,Unknown Device,2,4,3,181,"[254, 127, 0, 64, 83, 21, 28, 25]"
2626.269753,Unknown Device,2,5,0,96,"[0, 0, 0, 0, 128, 3, 16, 0]"
2626.269896,Unknown Device,2,4,3,182,"[0, 0, 64, 152, 255, 255, 0, 0]"
2626.270044,Unknown Device,2,5,0,97,"[0, 0, 0, 0, 30, 45, 6, 0]"
2626.27018,Unknown Device,2,4,3,183,"[0, 0, 224, 251, 255, 255, 0, 0]"
2626.270323,Unknown Device,2,5,0,98,"[0, 0, 0, 0, 0, 0, 0, 0]"
2626.270474,Unknown Device,2,4,3,184,"[0, 0, 0, 0, 0, 0, 0, 128]"
2626.270617,Unknown Device,2,5,0,100,"[0, 0, 0, 0, 0, 0, 0, 0]"
2626.270753,Unknown Device,21,4,20,180,"[4, 0, 0, 80, 255, 8, 128, 1]"
2626.270904,Unknown Device,2,5,0,736,"[0, 0, 163, 6, 0, 24, 0, 0]"
2626.271052,Unknown Device,2,4,3,185,"[0, 0, 0, 0, 0, 0, 0, 128]"
2626.271259,Unknown Device,2,4,3,186,"[8, 0, 0, 0, 0, 0, 0, 0]"
2626.271401,Unknown Device,2,5,9,738,"[0, 0, 0, 0, 179, 149, 136, 63]"
2626.27189,Unknown Device,2,4,3,187,"[0, 0, 4, 0, 0, 0, 0, 0]"
2626.27208,Unknown Device,2,4,4,177,"[0, 0, 0, 98, 0, 16, 237, 255]"
2626.272428,Unknown Device,2,4,2,177,"[0, 0, 0, 98, 0, 16, 17, 0]"
2626.273728,Unknown Device,2,5,10,736,"[0, 0, 163, 6, 0, 23, 32, 0]"
2626.273879,Unknown Device,2,5,8,736,"[0, 0, 163, 6, 0, 24, 48, 0]"
2626.274013,Unknown Device,2,5,8,738,"[0, 0, 0, 128, 0, 0, 0, 128]"
2626.274304,Unknown Device,2,5,9,736,"[0, 0, 147, 6, 0, 23, 32, 0]"
2626.274469,Unknown Device,2,4,1,177,"[0, 0, 0, 226, 0, 16, 245, 255]"
2626.275853,Unknown Device,1,1,0,97,"[152, 174, 212, 126, 1, 0, 0, 255]"
2626.276995,Unknown Device,2,4,3,177,"[0, 0, 0, 226, 0, 16, 13, 0]"
2626.278168,Unknown Device,2,5,5,736,"[0, 0, 129, 6, 0, 24, 48, 0]"
2626.27831,Unknown Device,2,5,5,738,"[246, 124, 160, 51, 0, 0, 0, 128]"
2626.279249,Unknown Device,2,5,6,736,"[0, 0, 154, 6, 0, 24, 48, 0]"
2626.279392,Unknown Device,2,5,6,738,"[0, 0, 0, 128, 0, 0, 0, 128]"
2626.279754,Unknown Device,2,5,0,96,"[0, 0, 0, 0, 128, 3, 16, 0]"
2626.280305,Unknown Device,21,4,20,431,"[0, 0, 0, 0, 1, 26, 19, 0]"
2626.280461,Unknown Device,21,4,20,285,"[0, 0, 0, 0, 0, 64, 0, 0]"
2626.280612,Unknown Device,21,4,20,180,"[5, 0, 0, 80, 255, 8, 128, 1]"
2626.280755,Unknown Device,21,4,20,195,"[241, 223, 6, 192, 253, 47, 0, 5]"
2626.280912,Unknown Device,21,4,20,196,"[37, 1, 221, 0, 32, 127, 0, 0]"
2626.281068,Unknown Device,21,4,20,197,"[124, 29, 0, 22, 48, 0, 0, 255]"
2626.281225,Unknown Device,21,4,20,198,"[251, 255, 207, 255, 255, 3, 0, 144]"
2626.281368,Unknown Device,21,4,20,199,"[175, 255, 255, 254, 255, 41, 0, 0]"
2626.281533,Unknown Device,21,4,20,203,"[251, 255, 0, 0, 2, 0, 0, 0]"
2626.281675,Unknown Device,21,4,20,200,"[196, 0, 116, 0, 252, 63, 0, 4]"
2626.281832,Unknown Device,21,4,20,202,"[195, 97, 0, 0, 0, 0, 0, 0]"
2626.28198,Unknown Device,21,4,20,205,"[0, 0, 0, 0, 0, 0, 0, 0]"
2626.282131,Unknown Device,2,4,4,177,"[0, 0, 0, 98, 0, 16, 251, 255]"
2626.282259,Unknown Device,21,4,20,206,"[168, 255, 48, 0, 168, 2, 0, 0]"
2626.282579,Unknown Device,2,4,2,177,"[0, 0, 0, 98, 0, 16, 16, 0]"
2626.28275,Unknown Device,2,4,2,183,"[0, 0, 64, 7, 0, 0, 0, 0]"
2626.282893,Unknown Device,2,4,4,183,"[0, 0, 224, 8, 0, 0, 0, 0]"
2626.284295,Unknown Device,2,5,9,736,"[0, 0, 147, 6, 0, 23, 32, 0]"
2626.28444,Unknown Device,2,4,1,177,"[0, 0, 0, 226, 0, 16, 227, 255]"
2626.28472,Unknown Device,2,4,1,183,"[0, 0, 128, 248, 255, 255, 0, 0]"
2626.284864,Unknown Device,2,5,0,103,"[0, 0, 0, 0, 0, 0, 0, 0]"
2626.28618,Unknown Device,8,5,21,96,"[0, 0, 0, 0, 0, 0, 0, 0]"
2626.286324,Unknown Device,8,5,21,97,"[0, 0, 0, 0, 0, 0, 0, 192]"
2626.286469,Unknown Device,8,5,21,98,"[0, 0, 0, 64, 0, 0, 0, 192]"
2626.28662,Unknown Device,8,5,21,99,"[0, 0, 112, 0, 0, 0, 0, 240]"
2626.286764,Unknown Device,2,5,10,737,"[0, 0, 0, 0, 0, 64, 0, 0]"
2626.286894,Unknown Device,8,5,21,100,"[35, 38, 24, 250, 0, 192, 125, 0]"
2626.287043,Unknown Device,2,4,3,177,"[0, 0, 0, 226, 0, 16, 254, 255]"
2626.287323,Unknown Device,2,4,3,183,"[0, 0, 224, 251, 255, 255, 0, 0]"
2626.287467,Unknown Device,2,5,7,738,"[0, 0, 0, 128, 0, 0, 0, 128]"
2626.287611,Unknown Device,2,5,7,736,"[0, 0, 119, 6, 0, 24, 48, 0]"
2626.289739,Unknown Device,2,5,0,96,"[0, 0, 0, 0, 128, 3, 16, 0]"
2626.289884,Unknown Device,2,5,0,97,"[0, 0, 0, 0, 30, 45, 6, 0]"
2626.29004,Unknown Device,2,5,0,98,"[0, 0, 0, 0, 0, 0, 0, 0]"
2626.290185,Unknown Device,2,5,0,100,"[0, 0, 0, 0, 0, 0, 0, 0]"
2626.290365,Unknown Device,21,4,20,180,"[5, 0, 0, 80, 255, 8, 128, 1]"
2626.290835,Unknown Device,2,5,0,736,"[0, 0, 163, 6, 0, 24, 0, 0]"
2626.291262,Unknown Device,2,5,9,738,"[0, 0, 0, 0, 179, 149, 136, 63]"
2626.291965,Unknown Device,2,4,4,177,"[0, 0, 0, 98, 0, 16, 0, 0]"
2626.292403,Unknown Device,2,4,2,177,"[0, 0, 0, 98, 0, 16, 10, 0]"
2626.293728,Unknown Device,2,5,10,736,"[0, 0, 162, 6, 0, 23, 32, 0]"
2626.293872,Unknown Device,2,5,8,736,"[0, 0, 163, 6, 0, 24, 48, 0]"
2626.294021,Unknown Device,2,5,8,738,"[0, 0, 0, 128, 0, 0, 0, 128]"
2626.294301,Unknown Device,2,5,9,736,"[0, 0, 147, 6, 0, 23, 32, 0]"
2626.294445,Unknown Device,2,4,1,177,"[0, 0, 0, 226, 0, 16, 239, 255]"
2626.296701,Unknown Device,1,1,0,97,"[152, 174, 212, 126, 1, 0, 0, 255]"
2626.296845,Unknown Device,2,5,0,99,"[0, 0, 0, 0, 0, 0, 0, 0]"
2626.296988,Unknown Device,2,4,3,177,"[0, 0, 0, 226, 0, 16, 5, 0]"
2626.298162,Unknown Device,2,5,5,736,"[0, 0, 129, 6, 0, 24, 48, 0]"
2626.298292,Unknown Device,2,5,5,738,"[246, 124, 160, 51, 0, 0, 0, 128]"
2626.299267,Unknown Device,2,5,6,736,"[0, 0, 154, 6, 0, 24, 48, 0]"
2626.299405,Unknown Device,2,5,6,738,"[0, 0, 0, 128, 0, 0, 0, 128]"
2626.299734,Unknown Device,2,5,0,96,"[0, 0, 0, 0, 128, 3, 16, 0]"
2626.300326,Unknown Device,21,4,20,180,"[5, 0, 0, 80, 255, 8, 128, 1]"
2626.30047,Unknown Device,21,4,20,195,"[241, 223, 6, 176, 253, 47, 0, 5]"
2626.301985,Unknown Device,2,4,4,177,"[0, 0, 0, 98, 0, 16, 253, 255]"
2626.302165,Unknown Device,2,4,4,183,"[0, 0, 224, 8, 0, 0, 0, 0]"
2626.302493,Unknown Device,2,4,2,177,"[0, 0, 0, 98, 0, 16, 2, 0]"
2626.302645,Unknown Device,2,4,2,183,"[0, 0, 64, 7, 0, 0, 0, 0]"
2626.303386,Unknown Device,2,5,7,737,"[0, 0, 0, 0, 0, 64, 0, 0]"
2626.30429,Unknown Device,2,5,9,736,"[0, 0, 147, 6, 0, 23, 32, 0]"
2626.304428,Unknown Device,2,4,1,177,"[0, 0, 0, 226, 0, 16, 239, 255]"
2626.304644,Unknown Device,2,4,1,183,"[0, 0, 128, 248, 255, 255, 0, 0]"
2626.306172,Unknown Device,8,5,21,96,"[0, 0, 0, 0, 0, 0, 0, 0]"
2626.306324,Unknown Device,8,5,21,97,"[0, 0, 0, 0, 0, 0, 0, 192]"
2626.306468,Unknown Device,8,5,21,98,"[0, 0, 0, 64, 0, 0, 0, 192]"
2626.306612,Unknown Device,8,5,21,99,"[0, 0, 112, 0, 0, 0, 0, 240]"
2626.306742,Unknown Device,8,5,21,100,"[35, 38, 24, 250, 0, 192, 125, 0]"
2626.306894,Unknown Device,2,4,3,177,"[0, 0, 0, 226, 0, 16, 31, 0]"
2626.307086,Unknown Device,2,4,3,183,"[0, 0, 224, 251, 255, 255, 0, 0]"
2626.30738,Unknown Device,2,5,7,736,"[0, 0, 118, 6, 0, 24, 48, 0]"
2626.307525,Unknown Device,2,5,7,738,"[0, 0, 0, 128, 0, 0, 0, 128]"
2626.30833,Unknown Device,0,4,63,1,"[52, 94, 169, 123, 37, 149, 91, 135]"
2626.309738,Unknown Device,2,5,0,96,"[0, 0, 0, 0, 128, 3, 16, 0]"
2626.309882,Unknown Device,2,5,0,97,"[0, 0, 0, 0, 30, 45, 6, 0]"
2626.310031,Unknown Device,2,5,0,98,"[0, 0, 0, 0, 0, 0, 0, 0]"
2626.310175,Unknown Device,2,5,0,100,"[0, 0, 0, 0, 0, 0, 0, 0]"
2626.310348,Unknown Device,21,4,20,180,"[6, 0, 0, 80, 255, 8, 128, 1]"
2626.310833,Unknown Device,2,5,0,736,"[0, 0, 162, 6, 0, 24, 0, 0]"
2626.311281,Unknown Device,2,5,9,738,"[0, 0, 0, 0, 179, 149, 136, 63]"
2626.31197,Unknown Device,2,4,4,177,"[0, 0, 0, 98, 0, 16, 251, 255]"
2626.31245,Unknown Device,2,4,2,177,"[0, 0, 0, 98, 0, 16, 239, 255]"
2626.31371,Unknown Device,2,5,10,736,"[0, 0, 162, 6, 0, 23, 32, 0]"
2626.313847,Unknown Device,2,5,8,736,"[0, 0, 163, 6, 0, 24, 48, 0]"
2626.313996,Unknown Device,2,5,8,738,"[0, 0, 0, 128, 0, 0, 0, 128]"
2626.314288,Unknown Device,2,5,9,736,"[0, 0, 147, 6, 0, 23, 32, 0]"
2626.31443,Unknown Device,2,4,1,177,"[0, 0, 0, 226, 0, 16, 9, 0]"
2626.316954,Unknown Device,2,4,3,177,"[0, 0, 0, 226, 0, 16, 0, 0]"
2626.317691,Unknown Device,1,1,0,97,"[152, 174, 212, 126, 1, 0, 0, 255]"
2626.318156,Unknown Device,2,5,5,736,"[0, 0, 129, 6, 0, 24, 48, 0]"
2626.318299,Unknown Device,2,5,5,738,"[246, 124, 160, 51, 0, 0, 0, 128]"
2626.319239,Unknown Device,2,5,6,736,"[0, 0, 154, 6, 0, 24, 48, 0]"
2626.319389,Unknown Device,2,5,6,738,"[0, 0, 0, 128, 0, 0, 0, 128]"
2626.319766,Unknown Device,2,5,0,96,"[0, 0, 0, 0, 128, 3, 16, 0]"
2626.320288,Unknown Device,21,4,20,180,"[6, 0, 0, 80, 255, 8, 128, 1]"
2626.320431,Unknown Device,21,4,20,195,"[241, 159, 6, 176, 253, 51, 0, 5]"
2626.321996,Unknown Device,2,4,4,177,"[0, 0, 0, 98, 0, 16, 255, 255]"
2626.322181,Unknown Device,2,4,4,183,"[0, 0, 224, 8, 0, 0, 0, 0]"
2626.322515,Unknown Device,2,4,2,177,"[0, 0, 0, 98, 0, 16, 248, 255]"
2626.322686,Unknown Device,2,4,2,183,"[0, 0, 64, 7, 0, 0, 0, 0]"
2626.324289,Unknown Device,2,5,9,736,"[0, 0, 147, 6, 0, 23, 32, 0]"
2626.324432,Unknown Device,2,4,1,177,"[0, 0, 0, 226, 0, 16, 255, 255]"
2626.324589,Unknown Device,2,4,1,183,"[0, 0, 128, 248, 255, 255, 0, 0]"
2626.326174,Unknown Device,8,5,21,96,"[0, 0, 0, 0, 0, 0, 0, 0]"
2626.326317,Unknown Device,8,5,21,97,"[0, 0, 0, 0, 0, 0, 0, 192]"
2626.32646,Unknown Device,8,5,21,98,"[0, 0, 0, 64, 0, 0, 0, 192]"
2626.326596,Unknown Device,8,5,21,99,"[0, 0, 112, 0, 0, 0, 0, 240]"
2626.326739,Unknown Device,8,5,21,100,"[35, 38, 24, 250, 0, 192, 125, 0]"
2626.326957,Unknown Device,2,4,3,177,"[0, 0, 0, 226, 0, 16, 251, 255]"
2626.327123,Unknown Device,2,4,3,183,"[0, 0, 224, 251, 255, 255, 0, 0]"
2626.327378,Unknown Device,2,5,7,736,"[0, 0, 118, 6, 0, 24, 48, 0]"
2626.327529,Unknown Device,2,5,7,738,"[0, 0, 0, 128, 0, 0, 0, 128]"
2626.329737,Unknown Device,2,5,0,96,"[0, 0, 0, 0, 128, 3, 16, 0]"
2626.329881,Unknown Device,2,5,0,97,"[0, 0, 0, 0, 30, 46, 6, 0]"
2626.33003,Unknown Device,2,5,0,98,"[0, 0, 0, 0, 0, 0, 0, 0]"
2626.330182,Unknown Device,2,5,0,100,"[0, 0, 0, 0, 0, 0, 0, 0]"
2626.330312,Unknown Device,21,4,20,180,"[6, 0, 0, 80, 255, 8, 128, 1]"
2626.330834,Unknown Device,2,5,0,736,"[0, 0, 163, 6, 0, 24, 0, 0]"
2626.33129,Unknown Device,2,5,9,738,"[0, 0, 0, 0, 179, 149, 136, 63]"
2626.331959,Unknown Device,2,4,4,177,"[0, 0, 0, 98, 0, 16, 3, 0]"
2626.332447,Unknown Device,2,4,2,177,"[0, 0, 0, 98, 0, 16, 22, 0]"
2626.333705,Unknown Device,2,5,10,736,"[0, 0, 162, 6, 0, 23, 32, 0]"
2626.333857,Unknown Device,2,5,8,736,"[0, 0, 163, 6, 0, 24, 48, 0]"
2626.333992,Unknown Device,2,5,8,738,"[0, 0, 0, 128, 0, 0, 0, 128]"
2626.334287,Unknown Device,2,5,9,736,"[0, 0, 147, 6, 0, 23, 32, 0]"
2626.334431,Unknown Device,2,4,1,177,"[0, 0, 0, 226, 0, 16, 251, 255]"
2626.336954,Unknown Device,2,4,3,177,"[0, 0, 0, 226, 0, 16, 0, 0]"
2626.337156,Unknown Device,2,5,5,737,"[0, 0, 0, 0, 0, 64, 0, 0]"
2626.338168,Unknown Device,2,5,5,736,"[0, 0, 128, 6, 0, 24, 48, 0]"
2626.338298,Unknown Device,2,5,5,738,"[246, 124, 160, 51, 0, 0, 0, 128]"
2626.33847,Unknown Device,1,1,0,97,"[152, 174, 212, 126, 1, 0, 0, 255]"
2626.339247,Unknown Device,2,5,6,736,"[0, 0, 154, 6, 0, 24, 48, 0]"
2626.339391,Unknown Device,2,5,6,738,"[0, 0, 0, 128, 0, 0, 0, 128]"
2626.339757,Unknown Device,2,5,0,96,"[0, 0, 0, 0, 128, 3, 16, 0]"
2626.340291,Unknown Device,21,4,20,180,"[6, 0, 0, 80, 255, 8, 128, 1]"
2626.340435,Unknown Device,21,4,20,195,"[241, 159, 6, 176, 253, 51, 0, 5]"
2626.341992,Unknown Device,2,4,4,177,"[0, 0, 0, 98, 0, 16, 3, 0]"
2626.342179,Unknown Device,2,4,4,183,"[0, 0, 224, 8, 0, 0, 0, 0]"
2626.342459,Unknown Device,2,4,2,177,"[0, 0, 0, 98, 0, 16, 11, 0]"
2626.34266,Unknown Device,2,4,2,183,"[0, 0, 64, 7, 0, 0, 0, 0]"
2626.344282,Unknown Device,2,5,9,736,"[0, 0, 146, 6, 0, 23, 32, 0]"
2626.344426,Unknown Device,2,4,1,177,"[0, 0, 0, 226, 0, 16, 246, 255]"
2626.344598,Unknown Device,2,4,1,183,"[0, 0, 128, 248, 255, 255, 0, 0]"
2626.346163,Unknown Device,8,5,21,96,"[0, 0, 0, 0, 0, 0, 0, 0]"
2626.346308,Unknown Device,8,5,21,97,"[0, 0, 0, 0, 0, 0, 0, 192]"
2626.346452,Unknown Device,8,5,21,98,"[0, 0, 0, 64, 0, 0, 0, 192]"
2626.346604,Unknown Device,8,5,21,99,"[0, 0, 112, 0, 0, 0, 0, 240]"
2626.346734,Unknown Device,8,5,21,100,"[35, 38, 24, 250, 0, 192, 125, 0]"
2626.346878,Unknown Device,2,5,0,99,"[0, 0, 0, 0, 0, 0, 0, 0]"
2626.347021,Unknown Device,2,4,3,177,"[0, 0, 0, 226, 0, 16, 4, 0]"
2626.347179,Unknown Device,2,4,3,183,"[0, 0, 224, 251, 255, 255, 0, 0]"
2626.34738,Unknown Device,2,5,7,736,"[0, 0, 119, 6, 0, 24, 48, 0]"
2626.347518,Unknown Device,2,5,7,738,"[0, 0, 0, 128, 0, 0, 0, 128]"
2626.349338,Unknown Device,0,4,63,1,"[52, 94, 169, 121, 37, 238, 119, 0]"
2626.349746,Unknown Device,2,5,0,96,"[0, 0, 0, 0, 128, 3, 16, 0]"
2626.34989,Unknown Device,2,5,0,97,"[0, 0, 0, 0, 30, 46, 6, 0]"
2626.35004,Unknown Device,2,5,0,98,"[0, 0, 0, 0, 0, 0, 0, 0]"
2626.350192,Unknown Device,2,5,0,100,"[0, 0, 0, 0, 0, 0, 0, 0]"
2626.350364,Unknown Device,21,4,20,180,"[6, 0, 0, 80, 255, 8, 128, 1]"
2626.350829,Unknown Device,2,5,0,736,"[0, 0, 162, 6, 0, 24, 0, 0]"
2626.351271,Unknown Device,2,5,9,738,"[0, 0, 0, 0, 179, 149, 136, 63]"
2626.35199,Unknown Device,2,4,4,177,"[0, 0, 0, 98, 0, 16, 1, 0]"
2626.352454,Unknown Device,2,4,2,177,"[0, 0, 0, 98, 0, 16, 10, 0]"
2626.353722,Unknown Device,2,5,10,736,"[0, 0, 161, 6, 0, 23, 32, 0]"
2626.353866,Unknown Device,2,5,8,736,"[0, 0, 162, 6, 0, 24, 48, 0]"
2626.354001,Unknown Device,2,5,8,738,"[0, 0, 0, 128, 0, 0, 0, 128]"
2626.354281,Unknown Device,2,5,9,736,"[0, 0, 146, 6, 0, 23, 32, 0]"
2626.354426,Unknown Device,2,4,1,177,"[0, 0, 0, 226, 0, 16, 238, 255]"
2626.356887,Unknown Device,2,4,3,177,"[0, 0, 0, 226, 0, 16, 248, 255]"
2626.358146,Unknown Device,2,5,5,736,"[0, 0, 129, 6, 0, 24, 48, 0]"
2626.358291,Unknown Device,2,5,5,738,"[246, 124, 160, 51, 0, 0, 0, 128]"
2626.359258,Unknown Device,2,5,6,736,"[0, 0, 153, 6, 0, 24, 48, 0]"
2626.359387,Unknown Device,2,5,6,738,"[0, 0, 0, 128, 0, 0, 0, 128]"
2626.359748,Unknown Device,2,5,0,96,"[0, 0, 0, 0, 128, 3, 16, 0]"
2626.360064,Unknown Device,1,1,0,97,"[152, 174, 212, 126, 1, 0, 0, 255]"
2626.360314,Unknown Device,21,4,20,180,"[6, 0, 0, 80, 255, 8, 128, 1]"
2626.360471,Unknown Device,21,4,20,195,"[241, 223, 6, 176, 253, 51, 0, 5]"
2626.36201,Unknown Device,2,4,4,177,"[0, 0, 0, 98, 0, 16, 250, 255]"
2626.362195,Unknown Device,2,4,4,183,"[0, 0, 224, 8, 0, 0, 0, 0]"
2626.362501,Unknown Device,2,4,2,177,"[0, 0, 0, 98, 0, 16, 17, 0]"
2626.362686,Unknown Device,2,4,2,183,"[0, 0, 64, 7, 0, 0, 0, 0]"
2626.364279,Unknown Device,2,5,9,736,"[0, 0, 148, 6, 0, 23, 32, 0]"
2626.364422,Unknown Device,2,4,1,177,"[0, 0, 0, 226, 0, 16, 246, 255]"
2626.364672,Unknown Device,2,4,1,183,"[0, 0, 128, 248, 255, 255, 0, 0]"
2626.366174,Unknown Device,8,5,21,96,"[0, 0, 0, 0, 0, 0, 0, 0]"
2626.366303,Unknown Device,8,5,21,97,"[0, 0, 0, 0, 0, 0, 0, 192]"
2626.366446,Unknown Device,8,5,21,98,"[0, 0, 0, 64, 0, 0, 0, 192]"
2626.366596,Unknown Device,8,5,21,99,"[0, 0, 112, 0, 0, 0, 0, 240]"
2626.366739,Unknown Device,8,5,21,100,"[35, 38, 24, 250, 0, 192, 125, 0]"
2626.36691,Unknown Device,2,4,3,177,"[0, 0, 0, 226, 0, 16, 244, 255]"
2626.367086,Unknown Device,2,4,3,183,"[0, 0, 224, 251, 255, 255, 0, 0]"
2626.367377,Unknown Device,2,5,7,736,"[0, 0, 119, 6, 0, 24, 48, 0]"
2626.36752,Unknown Device,2,5,7,738,"[0, 0, 0, 128, 0, 0, 0, 128]"
2626.369749,Unknown Device,2,5,0,96,"[0, 0, 0, 0, 128, 3, 16, 0]"
2626.369886,Unknown Device,2,5,0,97,"[0, 0, 0, 0, 30, 46, 6, 0]"
2626.370034,Unknown Device,2,5,0,98,"[0, 0, 0, 0, 0, 0, 0, 0]"
2626.370176,Unknown Device,2,5,0,100,"[0, 0, 0, 0, 0, 0, 0, 0]"
2626.370341,Unknown Device,21,4,20,180,"[5, 0, 0, 80, 255, 8, 128, 1]"
2626.370823,Unknown Device,2,5,0,736,"[0, 0, 162, 6, 0, 24, 0, 0]"
2626.371259,Unknown Device,2,5,9,738,"[0, 0, 0, 0, 179, 149, 136, 63]"
2626.371964,Unknown Device,2,4,4,177,"[0, 0, 0, 98, 0, 16, 1, 0]"
2626.372426,Unknown Device,2,4,2,177,"[0, 0, 0, 98, 0, 16, 243, 255]"
2626.373704,Unknown Device,2,5,10,736,"[0, 0, 162, 6, 0, 23, 32, 0]"
2626.373846,Unknown Device,2,5,8,736,"[0, 0, 163, 6, 0, 24, 48, 0]"
2626.373994,Unknown Device,2,5,8,737,"[0, 0, 0, 0, 0, 64, 0, 0]"
2626.374139,Unknown Device,2,5,8,738,"[0, 0, 0, 128, 0, 0, 0, 128]"
2626.374283,Unknown Device,2,5,9,736,"[0, 0, 147, 6, 0, 23, 32, 0]"
2626.374441,Unknown Device,2,4,1,177,"[0, 0, 0, 226, 0, 16, 248, 255]"
2626.376948,Unknown Device,2,4,3,177,"[0, 0, 0, 226, 0, 16, 253, 255]"
2626.378139,Unknown Device,2,5,5,736,"[0, 0, 129, 6, 0, 24, 48, 0]"
2626.378283,Unknown Device,2,5,5,738,"[246, 124, 160, 51, 0, 0, 0, 128]"
2626.379228,Unknown Device,2,5,6,736,"[0, 0, 154, 6, 0, 24, 48, 0]"
2626.379373,Unknown Device,2,5,6,738,"[0, 0, 0, 128, 0, 0, 0, 128]"
2626.379752,Unknown Device,2,5,0,96,"[0, 0, 0, 0, 128, 3, 16, 0]"
2626.380293,Unknown Device,21,4,20,180,"[5, 0, 0, 80, 255, 8, 128, 1]"
2626.380438,Unknown Device,21,4,20,195,"[241, 223, 6, 176, 253, 47, 0, 5]"
2626.380596,Unknown Device,21,4,20,196,"[42, 1, 220, 0, 32, 127, 0, 0]"
2626.38074,Unknown Device,21,4,20,199,"[37, 0, 96, 2, 0, 251, 255, 15]"
2626.380892,Unknown Device,21,4,20,200,"[104, 0, 124, 0, 148, 63, 0, 4]"
2626.381041,Unknown Device,1,1,0,97,"[152, 174, 212, 126, 1, 0, 0, 255]"
2626.381748,Unknown Device,2,5,0,101,"[0, 0, 0, 0, 0, 0, 16, 0]"
2626.381893,Unknown Device,2,5,0,102,"[0, 0, 0, 0, 0, 0, 0, 0]"
2626.382035,Unknown Device,2,4,4,177,"[0, 0, 0, 98, 0, 16, 254, 255]"
2626.382265,Unknown Device,2,4,4,183,"[0, 0, 224, 8, 0, 0, 0, 0]"
2626.382423,Unknown Device,2,4,2,177,"[0, 0, 0, 98, 0, 16, 253, 255]"
2626.382631,Unknown Device,2,4,2,183,"[0, 0, 64, 7, 0, 0, 0, 0]"
2626.384266,Unknown Device,2,5,9,736,"[0, 0, 147, 6, 0, 23, 32, 0]"
2626.384418,Unknown Device,2,4,1,177,"[0, 0, 0, 226, 0, 16, 236, 255]"
2626.384676,Unknown Device,2,4,1,183,"[0, 0, 128, 248, 255, 255, 0, 0]"
2626.386154,Unknown Device,8,5,21,96,"[0, 0, 0, 0, 0, 0, 0, 0]"
2626.386306,Unknown Device,8,5,21,97,"[0, 0, 0, 0, 0, 0, 0, 192]"
2626.38645,Unknown Device,8,5,21,98,"[0, 0, 0, 64, 0, 0, 0, 192]"
2626.386594,Unknown Device,8,5,21,99,"[0, 0, 112, 0, 0, 0, 0, 240]"
2626.386723,Unknown Device,8,5,21,100,"[35, 38, 24, 250, 0, 192, 125, 0]"
2626.386903,Unknown Device,2,4,3,177,"[0, 0, 0, 226, 0, 16, 255, 255]"
2626.387095,Unknown Device,2,4,3,183,"[0, 0, 224, 251, 255, 255, 0, 0]"
2626.387389,Unknown Device,2,5,7,736,"[0, 0, 119, 6, 0, 24, 48, 0]"
2626.387519,Unknown Device,2,5,7,738,"[0, 0, 0, 128, 0, 0, 0, 128]"
2626.389746,Unknown Device,2,5,0,96,"[0, 0, 0, 0, 128, 3, 16, 0]"
2626.38989,Unknown Device,2,5,0,97,"[0, 0, 0, 0, 30, 45, 6, 0]"
2626.390033,Unknown Device,2,5,0,98,"[0, 0, 0, 0, 0, 0, 0, 0]"
2626.390177,Unknown Device,2,5,0,100,"[0, 0, 0, 0, 0, 0, 0, 0]"
2626.390342,Unknown Device,0,4,63,1,"[52, 94, 169, 123, 241, 140, 9, 210]"
2626.390458,Unknown Device,21,4,20,180,"[4, 0, 0, 80, 255, 8, 128, 1]"
2626.390815,Unknown Device,2,5,0,736,"[0, 0, 162, 6, 0, 24, 0, 0]"
2626.391256,Unknown Device,2,5,9,738,"[0, 0, 0, 0, 179, 149, 136, 63]"
2626.391953,Unknown Device,2,4,4,177,"[0, 0, 0, 98, 0, 16, 3, 0]"
2626.392419,Unknown Device,2,4,2,177,"[0, 0, 0, 98, 0, 16, 234, 255]"
2626.393694,Unknown Device,2,5,10,736,"[0, 0, 162, 6, 0, 23, 32, 0]"
2626.393838,Unknown Device,2,5,8,736,"[0, 0, 163, 6, 0, 24, 48, 0]"
2626.39398,Unknown Device,2,5,8,738,"[0, 0, 0, 128, 0, 0, 0, 128]"
2626.394252,Unknown Device,2,5,9,736,"[0, 0, 147, 6, 0, 23, 32, 0]"
2626.394395,Unknown Device,2,4,1,177,"[0, 0, 0, 226, 0, 16, 236, 255]"
2626.394539,Unknown Device,2,5,9,737,"[0, 0, 0, 8, 0, 64, 0, 0]"
2626.396745,Unknown Device,2,5,0,99,"[0, 0, 0, 0, 0, 0, 0, 0]"
2626.397002,Unknown Device,2,4,3,177,"[0, 0, 0, 226, 0, 16, 251, 255]"
2626.397217,Unknown Device,2,5,9,752,"[0, 0, 0, 0, 235, 184, 17, 60]"
2626.398155,Unknown Device,2,5,5,736,"[0, 0, 128, 6, 0, 24, 48, 0]"
2626.398292,Unknown Device,2,5,5,738,"[246, 124, 160, 51, 0, 0, 0, 128]"
2626.399232,Unknown Device,2,5,6,736,"[0, 0, 153, 6, 0, 24, 48, 0]"
2626.399376,Unknown Device,2,5,6,738,"[0, 0, 0, 128, 0, 0, 0, 128]"
2626.399741,Unknown Device,2,5,0,96,"[0, 0, 0, 0, 128, 3, 16, 0]"
2626.400297,Unknown Device,21,4,20,180,"[4, 0, 0, 80, 255, 8, 128, 1]"
2626.400441,Unknown Device,21,4,20,195,"[241, 31, 7, 176, 253, 47, 0, 5]"
2626.401989,Unknown Device,2,4,4,177,"[0, 0, 0, 98, 0, 16, 254, 255]"
2626.402127,Unknown Device,1,1,0,97,"[152, 174, 212, 126, 1, 0, 0, 255]"
2626.402271,Unknown Device,2,4,4,183,"[0, 0, 224, 8, 0, 0, 0, 0]"
2626.402458,Unknown Device,2,4,2,177,"[0, 0, 0, 98, 0, 16, 225, 255]"
2626.402666,Unknown Device,2,4,2,183,"[0, 0, 64, 7, 0, 0, 0, 0]"
2626.404257,Unknown Device,2,5,9,736,"[0, 0, 147, 6, 0, 23, 32, 0]"
2626.4044,Unknown Device,2,4,1,177,"[0, 0, 0, 226, 0, 16, 244, 255]"
2626.404635,Unknown Device,2,4,1,183,"[0, 0, 128, 248, 255, 255, 0, 0]"
2626.406155,Unknown Device,8,5,21,96,"[0, 0, 0, 0, 0, 0, 0, 0]"
2626.406298,Unknown Device,8,5,21,97,"[0, 0, 0, 0, 0, 0, 0, 192]"
2626.406449,Unknown Device,8,5,21,98,"[0, 0, 0, 64, 0, 0, 0, 192]"
2626.406592,Unknown Device,8,5,21,99,"[0, 0, 112, 0, 0, 0, 0, 240]"
2626.406734,Unknown Device,8,5,21,100,"[35, 38, 24, 250, 0, 192, 125, 0]"
2626.407003,Unknown Device,2,4,3,177,"[0, 0, 0, 226, 0, 16, 5, 0]"
2626.407174,Unknown Device,2,4,3,183,"[0, 0, 224, 251, 255, 255, 0, 0]"
2626.407359,Unknown Device,2,5,7,736,"[0, 0, 119, 6, 0, 24, 48, 0]"
2626.407502,Unknown Device,2,5,7,738,"[0, 0, 0, 128, 0, 0, 0, 128]"
2626.409743,Unknown Device,2,5,0,96,"[0, 0, 0, 0, 128, 3, 16, 0]"
2626.409886,Unknown Device,2,5,0,97,"[0, 0, 0, 0, 30, 46, 6, 0]"
2626.410028,Unknown Device,2,5,0,98,"[0, 0, 0, 0, 0, 0, 0, 0]"
2626.41017,Unknown Device,2,5,0,100,"[0, 0, 0, 0, 0, 0, 0, 0]"
2626.410355,Unknown Device,21,4,20,180,"[3, 0, 0, 80, 255, 8, 128, 1]"
2626.410817,Unknown Device,2,5,0,736,"[0, 0, 163, 6, 0, 24, 0, 0]"
2626.411254,Unknown Device,2,5,9,738,"[0, 0, 0, 0, 179, 149, 136, 63]"
2626.411931,Unknown Device,2,4,4,177,"[0, 0, 0, 98, 0, 16, 242, 255]"
2626.412407,Unknown Device,2,4,2,177,"[0, 0, 0, 98, 0, 16, 238, 255]"
2626.413711,Unknown Device,2,5,10,736,"[0, 0, 163, 6, 0, 23, 32, 0]"
2626.413853,Unknown Device,2,5,8,736,"[0, 0, 164, 6, 0, 24, 48, 0]"
2626.413995,Unknown Device,2,5,8,738,"[0, 0, 0, 128, 0, 0, 0, 128]"
2626.414251,Unknown Device,2,5,9,736,"[0, 0, 147, 6, 0, 23, 32, 0]"
2626.414393,Unknown Device,2,4,1,177,"[0, 0, 0, 226, 0, 16, 253, 255]"
2626.415234,Unknown Device,2,5,6,737,"[0, 0, 0, 0, 0, 64, 0, 0]"
2626.416886,Unknown Device,2,4,3,177,"[0, 0, 0, 226, 0, 16, 248, 255]"
2626.418139,Unknown Device,2,5,5,736,"[0, 0, 128, 6, 0, 24, 48, 0]"
2626.418282,Unknown Device,2,5,5,738,"[246, 124, 160, 51, 0, 0, 0, 128]"
2626.419235,Unknown Device,2,5,6,736,"[0, 0, 154, 6, 0, 24, 48, 0]"
2626.41938,Unknown Device,2,5,6,738,"[0, 0, 0, 128, 0, 0, 0, 128]"
2626.419731,Unknown Device,2,5,0,96,"[0, 0, 0, 0, 128, 3, 16, 0]"
2626.420301,Unknown Device,21,4,20,180,"[3, 0, 0, 80, 255, 8, 128, 1]"
2626.420459,Unknown Device,21,4,20,195,"[241, 31, 7, 176, 253, 47, 0, 5]"
2626.421958,Unknown Device,2,4,4,177,"[0, 0, 0, 98, 0, 16, 5, 0]"
2626.422145,Unknown Device,2,4,4,183,"[0, 0, 224, 8, 0, 0, 0, 0]"
2626.422474,Unknown Device,2,4,2,177,"[0, 0, 0, 98, 0, 16, 239, 255]"
2626.42264,Unknown Device,2,4,2,183,"[0, 0, 64, 7, 0, 0, 0, 0]"
2626.42304,Unknown Device,1,1,0,97,"[152, 174, 212, 126, 1, 0, 0, 255]"
2626.424257,Unknown Device,2,5,9,736,"[0, 0, 147, 6, 0, 23, 32, 0]"
2626.424387,Unknown Device,2,4,1,177,"[0, 0, 0, 226, 0, 16, 244, 255]"
2626.424545,Unknown Device,2,4,1,183,"[0, 0, 128, 248, 255, 255, 0, 0]"
2626.426158,Unknown Device,8,5,21,96,"[0, 0, 0, 0, 0, 0, 0, 0]"
2626.426296,Unknown Device,8,5,21,97,"[0, 0, 0, 0, 0, 0, 0, 192]"
2626.42644,Unknown Device,8,5,21,98,"[0, 0, 0, 64, 0, 0, 0, 192]"
2626.426584,Unknown Device,8,5,21,99,"[0, 0, 112, 0, 0, 0, 0, 240]"
2626.426728,Unknown Device,8,5,21,100,"[35, 38, 24, 250, 0, 192, 125, 0]"
2626.427013,Unknown Device,2,4,3,177,"[0, 0, 0, 226, 0, 16, 250, 255]"
2626.4272,Unknown Device,2,4,3,183,"[0, 0, 224, 251, 255, 255, 0, 0]"
2626.427366,Unknown Device,2,5,7,736,"[0, 0, 118, 6, 0, 24, 48, 0]"
2626.427511,Unknown Device,2,5,7,738,"[0, 0, 0, 128, 0, 0, 0, 128]"
2626.429728,Unknown Device,2,5,0,96,"[0, 0, 0, 0, 128, 3, 16, 0]"
2626.429873,Unknown Device,2,5,0,97,"[0, 0, 0, 0, 30, 46, 6, 0]"
2626.430044,Unknown Device,2,5,0,98,"[0, 0, 0, 0, 0, 0, 0, 0]"
2626.430174,Unknown Device,2,5,0,100,"[0, 0, 0, 0, 0, 0, 0, 0]"
2626.430304,Unknown Device,21,4,20,180,"[3, 0, 0, 80, 255, 8, 128, 1]"
2626.430812,Unknown Device,2,5,0,736,"[0, 0, 162, 6, 0, 24, 0, 0]"
2626.431239,Unknown Device,2,5,9,738,"[0, 0, 0, 0, 179, 149, 136, 63]"
2626.431383,Unknown Device,0,4,63,1,"[52, 94, 169, 124, 141, 128, 34, 9]"
2626.431966,Unknown Device,2,4,4,177,"[0, 0, 0, 98, 0, 16, 246, 255]"
2626.432459,Unknown Device,2,4,2,177,"[0, 0, 0, 98, 0, 16, 231, 255]"
2626.43369,Unknown Device,2,5,10,736,"[0, 0, 162, 6, 0, 23, 32, 0]"
2626.433834,Unknown Device,2,5,8,736,"[0, 0, 163, 6, 0, 24, 48, 0]"
2626.433977,Unknown Device,2,5,8,738,"[0, 0, 0, 128, 0, 0, 0, 128]"
2626.434235,Unknown Device,2,5,9,736,"[0, 0, 147, 6, 0, 23, 32, 0]"
2626.434379,Unknown Device,2,4,1,177,"[0, 0, 0, 226, 0, 16, 5, 0]"
2626.436903,Unknown Device,2,4,3,177,"[0, 0, 0, 226, 0, 16, 250, 255]"
2626.43814,Unknown Device,2,5,5,736,"[0, 0, 129, 6, 0, 24, 48, 0]"
2626.43827,Unknown Device,2,5,5,738,"[246, 124, 160, 51, 0, 0, 0, 128]"
2626.439232,Unknown Device,2,5,6,736,"[0, 0, 154, 6, 0, 24, 48, 0]"
2626.439376,Unknown Device,2,5,6,738,"[0, 0, 0, 128, 0, 0, 0, 128]"
2626.439727,Unknown Device,2,5,0,96,"[0, 0, 0, 0, 128, 3, 16, 0]"
2626.440323,Unknown Device,21,4,20,180,"[3, 0, 0, 80, 255, 8, 128, 1]"
2626.440467,Unknown Device,21,4,20,195,"[241, 31, 7, 192, 253, 47, 0, 5]"
2626.441983,Unknown Device,2,4,4,177,"[0, 0, 0, 98, 0, 16, 247, 255]"
2626.442141,Unknown Device,2,4,4,183,"[0, 0, 224, 8, 0, 0, 0, 0]"
2626.442492,Unknown Device,2,4,2,177,"[0, 0, 0, 98, 0, 16, 245, 255]"
2626.442679,Unknown Device,2,4,2,183,"[0, 0, 64, 7, 0, 0, 0, 0]"
2626.444135,Unknown Device,1,1,0,97,"[152, 174, 212, 126, 1, 0, 0, 255]"
2626.444279,Unknown Device,2,4,1,177,"[0, 0, 0, 226, 0, 16, 248, 255]"
2626.444423,Unknown Device,2,5,9,736,"[0, 0, 147, 6, 0, 23, 32, 0]"
2626.444567,Unknown Device,2,4,1,183,"[0, 0, 128, 248, 255, 255, 0, 0]"
2626.446154,Unknown Device,8,5,21,96,"[0, 0, 0, 0, 0, 0, 0, 0]"
2626.446298,Unknown Device,8,5,21,97,"[0, 0, 0, 0, 0, 0, 0, 192]"
2626.446464,Unknown Device,8,5,21,98,"[0, 0, 0, 64, 0, 0, 0, 192]"
2626.44658,Unknown Device,8,5,21,99,"[0, 0, 112, 0, 0, 0, 0, 240]"
2626.446739,Unknown Device,2,5,0,99,"[0, 0, 0, 0, 0, 0, 0, 0]"
2626.446869,Unknown Device,8,5,21,100,"[33, 38, 24, 250, 0, 192, 125, 0]"
2626.447018,Unknown Device,2,4,3,177,"[0, 0, 0, 226, 0, 16, 4, 0]"
2626.447269,Unknown Device,2,4,3,183,"[0, 0, 224, 251, 255, 255, 0, 0]"
2626.447413,Unknown Device,2,5,7,736,"[0, 0, 119, 6, 0, 24, 48, 0]"
2626.447557,Unknown Device,2,5,7,738,"[0, 0, 0, 128, 0, 0, 0, 128]"
2626.449726,Unknown Device,2,5,0,96,"[0, 0, 0, 0, 128, 3, 16, 0]"
2626.449869,Unknown Device,2,5,0,97,"[0, 0, 0, 0, 30, 46, 6, 0]"
2626.450017,Unknown Device,2,5,0,98,"[0, 0, 0, 0, 0, 0, 0, 0]"
2626.450168,Unknown Device,2,5,0,100,"[0, 0, 0, 0, 0, 0, 0, 0]"
2626.450353,Unknown Device,21,4,20,180,"[3, 0, 0, 80, 255, 8, 128, 1]"
2626.450814,Unknown Device,2,5,0,736,"[0, 0, 162, 6, 0, 24, 0, 0]"
2626.451243,Unknown Device,2,5,9,738,"[0, 0, 0, 0, 179, 149, 136, 63]"
2626.451968,Unknown Device,2,4,4,177,"[0, 0, 0, 98, 0, 16, 241, 255]"
2626.452436,Unknown Device,2,4,2,177,"[0, 0, 0, 98, 0, 16, 227, 255]"
2626.453686,Unknown Device,2,5,10,736,"[0, 0, 163, 6, 0, 23, 32, 0]"
2626.453822,Unknown Device,2,5,8,736,"[0, 0, 164, 6, 0, 24, 48, 0]"
2626.453969,Unknown Device,2,5,8,738,"[0, 0, 0, 128, 0, 0, 0, 128]"
2626.45424,Unknown Device,2,5,9,736,"[0, 0, 147, 6, 0, 23, 32, 0]"
2626.454391,Unknown Device,2,4,1,177,"[0, 0, 0, 226, 0, 16, 237, 255]"
2626.456938,Unknown Device,2,4,3,177,"[0, 0, 0, 226, 0, 16, 255, 255]"
2626.45814,Unknown Device,2,5,5,736,"[0, 0, 128, 6, 0, 24, 48, 0]"
2626.458283,Unknown Device,2,5,5,738,"[246, 124, 160, 51, 0, 0, 0, 128]"
2626.459212,Unknown Device,2,5,6,736,"[0, 0, 153, 6, 0, 24, 48, 0]"
2626.45939,Unknown Device,2,5,6,738,"[0, 0, 0, 128, 0, 0, 0, 128]"
2626.459716,Unknown Device,2,5,0,96,"[0, 0, 0, 0, 128, 3, 16, 0]"
2626.460295,Unknown Device,21,4,20,180,"[3, 0, 0, 80, 255, 8, 128, 1]"
2626.460438,Unknown Device,21,4,20,195,"[241, 223, 6, 192, 253, 47, 0, 5]"
2626.461968,Unknown Device,2,4,4,177,"[0, 0, 0, 98, 0, 16, 10, 0]"
2626.462154,Unknown Device,2,4,4,183,"[0, 0, 224, 8, 0, 0, 0, 0]"
2626.462473,Unknown Device,2,4,2,177,"[0, 0, 0, 98, 0, 16, 2, 0]"
2626.462658,Unknown Device,2,4,2,183,"[0, 0, 64, 7, 0, 0, 0, 0]"
2626.464243,Unknown Device,2,5,9,736,"[0, 0, 147, 6, 0, 23, 32, 0]"
2626.464373,Unknown Device,2,4,1,177,"[0, 0, 0, 226, 0, 16, 246, 255]"
2626.464645,Unknown Device,2,4,1,183,"[0, 0, 128, 248, 255, 255, 0, 0]"
2626.465158,Unknown Device,1,1,0,97,"[152, 174, 212, 126, 1, 0, 0, 255]"
2626.466148,Unknown Device,8,5,21,96,"[0, 0, 0, 0, 0, 0, 0, 0]"
2626.466292,Unknown Device,8,5,21,97,"[0, 0, 0, 0, 0, 0, 0, 192]"
2626.466435,Unknown Device,8,5,21,98,"[0, 0, 0, 64, 0, 0, 0, 192]"
2626.466579,Unknown Device,8,5,21,99,"[0, 0, 112, 0, 0, 0, 0, 240]"
2626.466717,Unknown Device,8,5,21,100,"[33, 38, 24, 250, 0, 192, 125, 0]"
2626.466936,Unknown Device,2,4,3,177,"[0, 0, 0, 226, 0, 16, 254, 255]"
2626.467109,Unknown Device,2,4,3,183,"[0, 0, 224, 251, 255, 255, 0, 0]"
2626.467346,Unknown Device,2,5,7,738,"[0, 0, 0, 128, 0, 0, 0, 128]"
2626.46749,Unknown Device,2,5,7,736,"[0, 0, 119, 6, 0, 24, 48, 0]"
2626.469717,Unknown Device,2,5,0,96,"[0, 0, 0, 0, 128, 3, 16, 0]"
2626.469854,Unknown Device,2,5,0,97,"[0, 0, 0, 0, 30, 46, 6, 0]"
2626.470003,Unknown Device,2,5,0,98,"[0, 0, 0, 0, 0, 0, 0, 0]"
2626.470147,Unknown Device,2,5,0,100,"[0, 0, 0, 0, 0, 0, 0, 0]"
2626.470767,Unknown Device,21,4,20,180,"[3, 0, 0, 80, 255, 8, 128, 1]"
2626.470915,Unknown Device,2,5,0,736,"[0, 0, 162, 6, 0, 24, 0, 0]"
2626.471224,Unknown Device,2,5,9,738,"[0, 0, 0, 0, 179, 149, 136, 63]"
2626.471935,Unknown Device,2,4,4,177,"[0, 0, 0, 98, 0, 16, 243, 255]"
2626.472415,Unknown Device,2,4,2,177,"[0, 0, 0, 98, 0, 16, 244, 255]"
2626.472545,Unknown Device,0,4,63,1,"[52, 94, 169, 124, 207, 78, 232, 163]"
2626.473692,Unknown Device,2,5,10,736,"[0, 0, 162, 6, 0, 23, 32, 0]"
2626.473835,Unknown Device,2,5,8,736,"[0, 0, 163, 6, 0, 24, 48, 0]"
2626.473984,Unknown Device,2,5,8,738,"[0, 0, 0, 128, 0, 0, 0, 128]"
2626.474263,Unknown Device,2,5,9,736,"[0, 0, 147, 6, 0, 23, 32, 0]"
2626.474407,Unknown Device,2,4,1,177,"[0, 0, 0, 226, 0, 16, 243, 255]"
2626.47684,Unknown Device,2,4,3,177,"[0, 0, 0, 226, 0, 16, 254, 255]"
2626.478132,Unknown Device,2,5,5,736,"[0, 0, 129, 6, 0, 24, 48, 0]"
2626.478261,Unknown Device,2,5,5,738,"[246, 124, 160, 51, 0, 0, 0, 128]"
2626.479222,Unknown Device,2,5,6,736,"[0, 0, 154, 6, 0, 24, 48, 0]"
2626.479366,Unknown Device,2,5,6,738,"[0, 0, 0, 128, 0, 0, 0, 128]"
2626.479709,Unknown Device,2,5,0,96,"[0, 0, 0, 0, 128, 3, 16, 0]"
2626.4807,Unknown Device,21,4,20,180,"[4, 0, 0, 80, 255, 8, 128, 1]"
2626.480844,Unknown Device,21,4,20,195,"[241, 223, 6, 192, 253, 47, 0, 5]"
2626.480993,Unknown Device,21,4,20,196,"[38, 1, 219, 0, 32, 127, 0, 0]"
2626.481145,Unknown Device,21,4,20,199,"[192, 255, 207, 254, 255, 32, 0, 0]"
2626.481303,Unknown Device,21,4,20,200,"[140, 0, 140, 0, 216, 63, 0, 4]"
2626.482056,Unknown Device,2,4,4,177,"[0, 0, 0, 98, 0, 16, 239, 255]"
2626.482236,Unknown Device,2,4,4,183,"[0, 0, 224, 8, 0, 0, 0, 0]"
2626.482408,Unknown Device,2,4,2,177,"[0, 0, 0, 98, 0, 16, 238, 255]"
2626.482623,Unknown Device,2,4,2,183,"[0, 0, 64, 7, 0, 0, 0, 0]"
2626.484252,Unknown Device,2,5,9,736,"[0, 0, 147, 6, 0, 23, 32, 0]"
2626.484396,Unknown Device,2,4,1,177,"[0, 0, 0, 226, 0, 16, 243, 255]"
2626.48464,Unknown Device,2,4,1,183,"[0, 0, 128, 248, 255, 255, 0, 0]"
2626.485898,Unknown Device,1,1,0,97,"[152, 174, 212, 126, 1, 0, 0, 255]"
2626.48614,Unknown Device,8,5,21,96,"[0, 0, 0, 0, 0, 0, 0, 0]"
2626.486284,Unknown Device,8,5,21,97,"[0, 0, 0, 0, 0, 0, 0, 192]"
2626.486428,Unknown Device,8,5,21,98,"[0, 0, 0, 64, 0, 0, 0, 192]"
2626.486572,Unknown Device,8,5,21,99,"[0, 0, 112, 0, 0, 0, 0, 240]"
2626.48671,Unknown Device,8,5,21,100,"[33, 38, 24, 250, 0, 192, 125, 0]"
2626.486929,Unknown Device,2,4,3,177,"[0, 0, 0, 226, 0, 16, 247, 255]"
2626.487103,Unknown Device,2,4,3,183,"[0, 0, 224, 251, 255, 255, 0, 0]"
2626.48734,Unknown Device,2,5,7,736,"[0, 0, 119, 6, 0, 24, 48, 0]"
2626.487484,Unknown Device,2,5,7,738,"[0, 0, 0, 128, 0, 0, 0, 128]"
2626.489716,Unknown Device,2,5,0,96,"[0, 0, 0, 0, 128, 3, 16, 0]"
2626.489846,Unknown Device,2,5,0,97,"[0, 0, 0, 0, 30, 45, 6, 0]"
2626.489995,Unknown Device,2,5,0,98,"[0, 0, 0, 0, 0, 0, 0, 0]"
2626.490138,Unknown Device,2,5,0,100,"[0, 0, 0, 0, 0, 0, 0, 0]"
2626.490703,Unknown Device,21,4,20,180,"[4, 0, 0, 80, 255, 8, 128, 1]"
2626.490847,Unknown Device,2,5,0,736,"[0, 0, 164, 6, 0, 24, 0, 0]"
2626.491217,Unknown Device,2,5,9,738,"[0, 0, 0, 0, 179, 149, 136, 63]"
2626.492015,Unknown Device,2,4,4,177,"[0, 0, 0, 98, 0, 16, 251, 255]"
2626.49238,Unknown Device,2,4,2,177,"[0, 0, 0, 98, 0, 16, 0, 0]"
2626.493681,Unknown Device,2,5,10,736,"[0, 0, 162, 6, 0, 23, 32, 0]"
2626.493824,Unknown Device,2,5,8,736,"[0, 0, 163, 6, 0, 24, 48, 0]"
2626.493972,Unknown Device,2,5,0,737,"[0, 0, 0, 8, 0, 64, 0, 0]"
2626.494124,Unknown Device,2,5,8,738,"[0, 0, 0, 128, 0, 0, 0, 128]"
2626.494266,Unknown Device,2,5,9,736,"[0, 0, 147, 6, 0, 23, 32, 0]"
2626.494437,Unknown Device,2,4,1,177,"[0, 0, 0, 226, 0, 16, 245, 255]"
2626.496715,Unknown Device,2,5,0,99,"[0, 0, 0, 0, 0, 0, 0, 0]"
2626.496946,Unknown Device,2,4,3,177,"[0, 0, 0, 226, 0, 16, 7, 0]"
2626.498121,Unknown Device,2,5,5,736,"[0, 0, 129, 6, 0, 24, 48, 0]"
2626.498264,Unknown Device,2,5,5,738,"[246, 124, 160, 51, 0, 0, 0, 128]"
2626.499216,Unknown Device,2,5,6,736,"[0, 0, 154, 6, 0, 24, 48, 0]"
2626.499359,Unknown Device,2,5,6,738,"[0, 0, 0, 128, 0, 0, 0, 128]"
2626.499713,Unknown Device,2,5,0,96,"[0, 0, 0, 0, 128, 3, 16, 0]"
2626.500524,Unknown Device,21,4,20,180,"[5, 0, 0, 80, 255, 8, 128, 1]"
2626.500681,Unknown Device,21,4,20,195,"[241, 223, 6, 176, 253, 47, 0, 5]"
2626.501926,Unknown Device,2,4,4,177,"[0, 0, 0, 98, 0, 16, 2, 0]"
2626.502112,Unknown Device,2,4,4,183,"[0, 0, 224, 8, 0, 0, 0, 0]"
2626.502452,Unknown Device,2,4,2,177,"[0, 0, 0, 98, 0, 16, 253, 255]"
2626.502623,Unknown Device,2,4,2,183,"[0, 0, 64, 7, 0, 0, 0, 0]"
2626.504256,Unknown Device,2,5,9,736,"[0, 0, 147, 6, 0, 23, 32, 0]"
2626.504398,Unknown Device,2,4,1,177,"[0, 0, 0, 226, 0, 16, 1, 0]"
2626.504611,Unknown Device,2,4,1,183,"[0, 0, 128, 248, 255, 255, 0, 0]"
2626.506132,Unknown Device,8,5,21,96,"[0, 0, 0, 0, 0, 0, 0, 0]"
2626.506274,Unknown Device,8,5,21,97,"[0, 0, 0, 0, 0, 0, 0, 192]"
2626.506431,Unknown Device,8,5,21,98,"[0, 0, 0, 64, 0, 0, 0, 192]"
2626.506574,Unknown Device,8,5,21,99,"[0, 0, 112, 0, 0, 0, 0, 240]"
2626.506711,Unknown Device,8,5,21,100,"[33, 38, 24, 250, 0, 192, 125, 0]"
2626.506854,Unknown Device,1,1,0,97,"[152, 174, 212, 126, 1, 0, 0, 255]"
2626.506987,Unknown Device,2,4,3,177,"[0, 0, 0, 226, 0, 16, 8, 0]"
2626.507144,Unknown Device,2,4,3,183,"[0, 0, 224, 251, 255, 255, 0, 0]"
2626.50738,Unknown Device,2,5,7,736,"[0, 0, 119, 6, 0, 24, 48, 0]"
2626.507494,Unknown Device,2,5,7,738,"[0, 0, 0, 128, 0, 0, 0, 128]"
2626.507806,Unknown Device,2,5,0,96,"[0, 0, 255, 255, 255, 255, 0, 0]"
2626.509705,Unknown Device,2,5,0,96,"[0, 0, 0, 0, 128, 3, 16, 0]"
2626.50985,Unknown Device,2,5,0,97,"[0, 0, 0, 0, 30, 46, 6, 0]"
2626.509999,Unknown Device,2,5,0,98,"[0, 0, 0, 0, 0, 0, 0, 0]"
2626.510143,Unknown Device,2,5,0,100,"[0, 0, 0, 0, 0, 0, 0, 0]"
2626.510245,Unknown Device,2,5,0,752,"[0, 0, 0, 0, 206, 32, 59, 159]"
2626.510496,Unknown Device,21,4,20,180,"[5, 0, 0, 80, 255, 8, 128, 1]"
2626.510797,Unknown Device,2,5,0,736,"[0, 0, 166, 6, 0, 24, 0, 0]"
2626.511253,Unknown Device,2,5,9,738,"[0, 0, 0, 0, 179, 149, 136, 63]"
2626.511901,Unknown Device,2,4,4,431,"[0, 0, 0, 0, 1, 26, 19, 0]"
2626.512093,Unknown Device,2,4,4,285,"[0, 0, 0, 0, 0, 0, 0, 0]"
2626.512415,Unknown Device,2,4,2,431,"[0, 0, 0, 0, 1, 26, 19, 0]"
2626.512573,Unknown Device,2,4,2,285,"[0, 0, 0, 0, 0, 0, 0, 0]"
2626.512767,Unknown Device,2,4,4,193,"[0, 243, 199, 46, 0, 0, 0, 0]"
2626.512943,Unknown Device,2,4,4,177,"[0, 0, 0, 98, 0, 16, 234, 255]"
2626.513088,Unknown Device,2,4,4,181,"[245, 127, 0, 64, 83, 22, 28, 24]"
2626.513254,Unknown Device,0,4,63,1,"[52, 94, 169, 120, 28, 123, 222, 17]"
2626.513398,Unknown Device,2,4,4,182,"[0, 0, 64, 231, 0, 0, 0, 0]"
2626.513543,Unknown Device,2,4,2,193,"[0, 243, 199, 46, 0, 0, 0, 0]"
2626.513695,Unknown Device,2,5,10,736,"[0, 0, 162, 6, 0, 23, 32, 0]"
2626.513825,Unknown Device,2,4,2,177,"[0, 0, 0, 98, 0, 16, 2, 0]"
2626.513973,Unknown Device,2,4,4,184,"[0, 0, 0, 0, 0, 0, 0, 128]"
2626.514118,Unknown Device,2,5,8,736,"[0, 0, 164, 6, 0, 24, 48, 0]"
2626.514256,Unknown Device,2,4,2,181,"[255, 127, 0, 128, 83, 23, 28, 24]"
2626.5144,Unknown Device,2,4,4,185,"[0, 0, 0, 0, 0, 0, 0, 128]"
2626.514544,Unknown Device,2,4,2,182,"[0, 0, 64, 189, 0, 0, 0, 0]"
2626.514674,Unknown Device,2,4,1,431,"[0, 0, 0, 0, 1, 26, 19, 0]"
2626.514818,Unknown Device,2,4,2,184,"[0, 0, 0, 0, 0, 0, 0, 128]"
2626.514966,Unknown Device,2,4,4,186,"[8, 0, 0, 0, 0, 0, 0, 0]"
2626.51512,Unknown Device,2,5,9,736,"[0, 0, 147, 6, 0, 23, 32, 0]"
2626.515249,Unknown Device,2,4,1,285,"[0, 0, 0, 0, 0, 0, 0, 0]"
2626.515393,Unknown Device,2,4,2,185,"[0, 0, 0, 0, 0, 0, 0, 128]"
2626.515545,Unknown Device,2,4,4,187,"[0, 0, 4, 0, 0, 0, 0, 0]"
2626.515689,Unknown Device,2,4,2,186,"[8, 0, 0, 0, 0, 0, 0, 0]"
2626.51584,Unknown Device,2,4,1,193,"[0, 243, 199, 46, 0, 0, 0, 0]"
2626.515974,Unknown Device,2,5,8,738,"[0, 0, 0, 128, 0, 0, 0, 128]"
2626.51624,Unknown Device,2,4,1,177,"[0, 0, 0, 226, 0, 16, 243, 255]"
2626.516377,Unknown Device,2,4,2,187,"[0, 0, 4, 0, 0, 0, 0, 0]"
2626.516521,Unknown Device,2,4,1,181,"[249, 127, 0, 64, 83, 22, 28, 24]"
2626.516673,Unknown Device,2,4,1,182,"[0, 0, 192, 62, 255, 255, 0, 0]"
2626.517063,Unknown Device,2,4,3,431,"[0, 0, 0, 0, 1, 26, 19, 0]"
2626.517229,Unknown Device,2,4,3,285,"[0, 0, 0, 0, 0, 0, 0, 0]"
2626.517373,Unknown Device,2,4,1,184,"[0, 0, 0, 0, 0, 0, 0, 128]"
2626.51756,Unknown Device,2,4,1,185,"[0, 0, 0, 0, 0, 0, 0, 128]"
2626.517769,Unknown Device,2,4,3,193,"[0, 243, 199, 46, 0, 0, 0, 0]"
2626.517945,Unknown Device,2,4,3,177,"[0, 0, 0, 226, 0, 16, 9, 0]"
2626.518076,Unknown Device,2,4,3,181,"[251, 127, 0, 64, 83, 21, 27, 25]"
2626.51822,Unknown Device,2,5,5,736,"[0, 0, 129, 6, 0, 24, 48, 0]"
2626.518372,Unknown Device,2,4,3,182,"[0, 0, 64, 152, 255, 255, 0, 0]"
2626.518517,Unknown Device,2,4,1,186,"[8, 0, 0, 0, 0, 0, 0, 0]"
2626.518654,Unknown Device,2,5,5,738,"[246, 124, 160, 51, 0, 0, 0, 128]"
2626.518799,Unknown Device,2,4,1,187,"[0, 0, 4, 0, 0, 0, 0, 0]"
2626.518947,Unknown Device,2,4,3,184,"[0, 0, 0, 0, 0, 0, 0, 128]"
2626.519157,Unknown Device,2,4,3,185,"[0, 0, 0, 0, 0, 0, 0, 128]"
2626.5193,Unknown Device,2,5,6,736,"[0, 0, 154, 6, 0, 24, 48, 0]"
2626.519438,Unknown Device,2,5,6,738,"[0, 0, 0, 128, 0, 0, 0, 128]"
2626.519703,Unknown Device,2,5,0,96,"[0, 0, 0, 0, 128, 3, 16, 0]"
2626.519861,Unknown Device,2,4,3,186,"[8, 0, 0, 0, 0, 0, 0, 0]"
2626.520046,Unknown Device,2,4,3,187,"[0, 0, 4, 0, 0, 0, 0, 0]"
2626.520354,Unknown Device,21,4,20,180,"[5, 0, 0, 80, 255, 8, 128, 1]"
2626.520505,Unknown Device,21,4,20,195,"[241, 223, 6, 192, 253, 47, 0, 5]"
2626.521962,Unknown Device,2,4,4,177,"[0, 0, 0, 98, 0, 16, 242, 255]"
2626.522107,Unknown Device,2,4,4,183,"[0, 0, 224, 8, 0, 0, 0, 0]"
2626.522458,Unknown Device,2,4,2,177,"[0, 0, 0, 98, 0, 16, 236, 255]"
2626.522645,Unknown Device,2,4,2,183,"[0, 0, 64, 7, 0, 0, 0, 0]"
2626.524258,Unknown Device,2,5,9,736,"[0, 0, 147, 6, 0, 23, 32, 0]"
2626.524388,Unknown Device,2,4,1,177,"[0, 0, 0, 226, 0, 16, 232, 255]"
2626.524659,Unknown Device,2,4,1,183,"[0, 0, 128, 248, 255, 255, 0, 0]"
2626.526135,Unknown Device,8,5,21,96,"[0, 0, 0, 0, 0, 0, 0, 0]"
2626.526279,Unknown Device,8,5,21,97,"[0, 0, 0, 0, 0, 0, 0, 192]"
2626.526424,Unknown Device,8,5,21,98,"[0, 0, 0, 64, 0, 0, 0, 192]"
2626.526568,Unknown Device,8,5,21,99,"[0, 0, 112, 0, 0, 0, 0, 240]"
2626.526712,Unknown Device,8,5,21,100,"[35, 38, 24, 250, 0, 192, 125, 0]"
2626.526885,Unknown Device,2,4,3,177,"[0, 0, 0, 226, 0, 16, 243, 255]"
2626.527076,Unknown Device,2,4,3,183,"[0, 0, 224, 251, 255, 255, 0, 0]"
2626.527347,Unknown Device,2,5,7,736,"[0, 0, 119, 6, 0, 24, 48, 0]"
2626.527491,Unknown Device,2,5,7,738,"[0, 0, 0, 128, 0, 0, 0, 128]"
2626.527621,Unknown Device,1,1,0,97,"[152, 174, 212, 126, 1, 0, 0, 255]"
2626.529702,Unknown Device,2,5,0,96,"[0, 0, 0, 0, 128, 3, 16, 0]"
2626.52984,Unknown Device,2,5,0,97,"[0, 0, 0, 0, 30, 46, 6, 0]"
2626.529989,Unknown Device,2,5,0,98,"[0, 0, 0, 0, 0, 0, 0, 0]"
2626.530133,Unknown Device,2,5,0,100,"[0, 0, 0, 0, 0, 0, 0, 0]"
2626.530306,Unknown Device,21,4,20,431,"[0, 0, 0, 0, 1, 26, 19, 0]"
2626.530464,Unknown Device,21,4,20,285,"[0, 0, 0, 0, 0, 64, 0, 0]"
2626.530622,Unknown Device,21,4,20,180,"[5, 0, 0, 80, 255, 8, 128, 1]"
2626.530766,Unknown Device,21,4,20,197,"[126, 29, 0, 22, 48, 0, 0, 255]"
2626.530914,Unknown Device,2,5,0,736,"[0, 0, 163, 6, 0, 24, 0, 0]"
2626.531059,Unknown Device,21,4,20,198,"[251, 255, 207, 255, 255, 3, 0, 144]"
2626.531217,Unknown Device,21,4,20,203,"[0, 0, 0, 0, 0, 0, 0, 0]"
2626.531361,Unknown Device,2,5,9,738,"[0, 0, 0, 0, 179, 149, 136, 63]"
2626.531505,Unknown Device,21,4,20,202,"[29, 98, 0, 0, 0, 0, 0, 0]"
2626.531663,Unknown Device,21,4,20,205,"[0, 0, 0, 0, 0, 0, 0, 0]"
2626.531807,Unknown Device,21,4,20,206,"[166, 255, 48, 0, 166, 2, 0, 0]"
2626.532111,Unknown Device,2,4,4,177,"[0, 0, 0, 98, 0, 16, 253, 255]"
2626.532476,Unknown Device,2,4,2,177,"[0, 0, 0, 98, 0, 16, 249, 255]"
2626.533678,Unknown Device,2,5,10,736,"[0, 0, 163, 6, 0, 23, 32, 0]"
2626.533823,Unknown Device,2,5,8,736,"[0, 0, 164, 6, 0, 24, 48, 0]"
2626.533979,Unknown Device,2,5,8,738,"[0, 0, 0, 128, 0, 0, 0, 128]"
2626.534252,Unknown Device,2,5,9,736,"[0, 0, 147, 6, 0, 23, 32, 0]"
2626.534396,Unknown Device,2,4,1,177,"[0, 0, 0, 226, 0, 16, 246, 255]"
2626.534704,Unknown Device,2,5,0,103,"[0, 0, 0, 0, 0, 0, 0, 0]"
2626.536676,Unknown Device,2,5,10,737,"[0, 0, 0, 0, 0, 64, 0, 0]"
2626.536849,Unknown Device,2,4,3,177,"[0, 0, 0, 226, 0, 16, 249, 255]"
2626.538122,Unknown Device,2,5,5,736,"[0, 0, 129, 6, 0, 24, 48, 0]"
2626.538252,Unknown Device,2,5,5,738,"[246, 124, 160, 51, 0, 0, 0, 128]"
2626.539223,Unknown Device,2,5,6,736,"[0, 0, 154, 6, 0, 24, 48, 0]"
2626.539365,Unknown Device,2,5,6,738,"[0, 0, 0, 128, 0, 0, 0, 128]"
2626.539727,Unknown Device,2,5,0,96,"[0, 0, 0, 0, 128, 3, 16, 0]"
2626.540318,Unknown Device,21,4,20,180,"[5, 0, 0, 80, 255, 8, 128, 1]"
2626.540469,Unknown Device,21,4,20,195,"[241, 223, 6, 176, 253, 51, 0, 5]"
2626.541991,Unknown Device,2,4,4,177,"[0, 0, 0, 98, 0, 16, 249, 255]"
2626.542162,Unknown Device,2,4,4,183,"[0, 0, 224, 8, 0, 0, 0, 0]"
2626.54236,Unknown Device,2,4,2,177,"[0, 0, 0, 98, 0, 16, 243, 255]"
2626.542567,Unknown Device,2,4,2,183,"[0, 0, 64, 7, 0, 0, 0, 0]"
2626.544248,Unknown Device,2,5,9,736,"[0, 0, 148, 6, 0, 23, 32, 0]"
2626.544399,Unknown Device,2,4,1,177,"[0, 0, 0, 226, 0, 16, 246, 255]"
2626.54457,Unknown Device,2,4,1,183,"[0, 0, 128, 248, 255, 255, 0, 0]"
2626.546128,Unknown Device,8,5,21,96,"[0, 0, 0, 0, 0, 0, 0, 0]"
2626.54627,Unknown Device,8,5,21,97,"[0, 0, 0, 0, 0, 0, 0, 192]"
2626.546421,Unknown Device,8,5,21,98,"[0, 0, 0, 64, 0, 0, 0, 192]"
2626.546563,Unknown Device,8,5,21,99,"[0, 0, 112, 0, 0, 0, 0, 240]"
2626.546706,Unknown Device,2,5,0,99,"[0, 0, 0, 0, 0, 0, 0, 0]"
2626.54687,Unknown Device,8,5,21,100,"[35, 38, 24, 250, 0, 192, 125, 0]"
2626.546989,Unknown Device,2,4,3,177,"[0, 0, 0, 226, 0, 16, 8, 0]"
2626.54716,Unknown Device,2,4,3,183,"[0, 0, 224, 251, 255, 255, 0, 0]"
2626.547353,Unknown Device,2,5,7,736,"[0, 0, 119, 6, 0, 24, 48, 0]"
2626.547481,Unknown Device,2,5,7,738,"[0, 0, 0, 128, 0, 0, 0, 128]"
2626.548433,Unknown Device,1,1,0,97,"[152, 174, 212, 126, 1, 0, 0, 255]"
2626.549696,Unknown Device,2,5,0,98,"[0, 0, 0, 0, 0, 0, 0, 0]"
2626.549847,Unknown Device,2,5,0,100,"[0, 0, 0, 0, 0, 0, 0, 0]"
2626.549994,Unknown Device,2,5,0,96,"[0, 0, 0, 0, 128, 3, 16, 0]"
2626.550136,Unknown Device,2,5,0,97,"[0, 0, 0, 0, 30, 46, 6, 0]"
2626.550329,Unknown Device,21,4,20,180,"[5, 0, 0, 80, 255, 8, 128, 1]"
2626.550676,Unknown Device,2,5,10,96,"[0, 0, 255, 255, 255, 255, 0, 0]"
2626.550819,Unknown Device,2,5,0,736,"[0, 0, 164, 6, 0, 24, 0, 0]"
2626.551241,Unknown Device,2,5,9,738,"[0, 0, 0, 0, 179, 149, 136, 63]"
2626.551973,Unknown Device,2,4,4,177,"[0, 0, 0, 98, 0, 16, 249, 255]"
2626.55235,Unknown Device,2,4,2,177,"[0, 0, 0, 98, 0, 16, 254, 255]"
2626.552628,Unknown Device,2,5,10,752,"[0, 0, 0, 0, 194, 32, 248, 28]"
2626.553333,Unknown Device,2,5,7,737,"[0, 0, 0, 0, 0, 64, 0, 0]"
2626.553681,Unknown Device,2,5,10,736,"[0, 0, 163, 6, 0, 23, 32, 0]"
2626.553832,Unknown Device,2,5,8,736,"[0, 0, 164, 6, 0, 24, 48, 0]"
2626.553964,Unknown Device,2,5,8,738,"[0, 0, 0, 128, 0, 0, 0, 128]"
2626.554107,Unknown Device,0,4,63,1,"[52, 94, 169, 121, 42, 55, 202, 29]"
2626.554237,Unknown Device,2,5,9,736,"[0, 0, 147, 6, 0, 23, 32, 0]"
2626.554488,Unknown Device,2,4,1,177,"[0, 0, 0, 226, 0, 16, 3, 0]"
2626.556952,Unknown Device,2,4,3,177,"[0, 0, 0, 226, 0, 16, 14, 0]"
2626.558112,Unknown Device,2,5,5,736,"[0, 0, 127, 6, 0, 24, 48, 0]"
2626.558256,Unknown Device,2,5,5,738,"[246, 124, 160, 51, 0, 0, 0, 128]"
2626.559215,Unknown Device,2,5,6,736,"[0, 0, 153, 6, 0, 24, 48, 0]"
2626.559358,Unknown Device,2,5,6,738,"[0, 0, 0, 128, 0, 0, 0, 128]"
2626.559723,Unknown Device,2,5,0,96,"[0, 0, 0, 0, 128, 3, 16, 0]"
2626.560293,Unknown Device,21,4,20,180,"[5, 0, 0, 80, 255, 8, 128, 1]"
2626.560437,Unknown Device,21,4,20,195,"[241, 223, 6, 176, 253, 47, 0, 5]"
2626.56192,Unknown Device,2,4,4,177,"[0, 0, 0, 98, 0, 16, 241, 255]"
2626.562073,Unknown Device,2,4,4,183,"[0, 0, 224, 8, 0, 0, 0, 0]"
2626.562466,Unknown Device,2,4,2,177,"[0, 0, 0, 98, 0, 16, 3, 0]"
2626.562624,Unknown Device,2,4,2,183,"[0, 0, 64, 7, 0, 0, 0, 0]"
2626.564244,Unknown Device,2,5,9,736,"[0, 0, 147, 6, 0, 23, 32, 0]"
2626.564374,Unknown Device,2,4,1,177,"[0, 0, 0, 226, 0, 16, 233, 255]"
2626.564632,Unknown Device,2,4,1,183,"[0, 0, 128, 248, 255, 255, 0, 0]"
2626.566123,Unknown Device,8,5,21,96,"[0, 0, 0, 0, 0, 0, 0, 0]"
2626.566267,Unknown Device,8,5,21,97,"[0, 0, 0, 0, 0, 0, 0, 192]"
2626.566411,Unknown Device,8,5,21,98,"[0, 0, 0, 64, 0, 0, 0, 192]"
2626.566563,Unknown Device,8,5,21,99,"[0, 0, 112, 0, 0, 0, 0, 240]"
2626.566692,Unknown Device,8,5,21,100,"[35, 38, 24, 250, 0, 192, 125, 0]"
2626.566954,Unknown Device,2,4,3,177,"[0, 0, 0, 226, 0, 16, 252, 255]"
2626.567135,Unknown Device,2,4,3,183,"[0, 0, 224, 251, 255, 255, 0, 0]"
2626.567335,Unknown Device,2,5,7,736,"[0, 0, 119, 6, 0, 24, 48, 0]"
2626.567487,Unknown Device,2,5,7,738,"[0, 0, 0, 128, 0, 0, 0, 128]"
2626.569222,Unknown Device,1,1,0,97,"[152, 174, 212, 126, 1, 0, 0, 255]"
2626.569729,Unknown Device,2,5,0,96,"[0, 0, 0, 0, 128, 3, 16, 0]"
2626.569858,Unknown Device,2,5,0,97,"[0, 0, 0, 0, 30, 45, 6, 0]"
2626.570007,Unknown Device,2,5,0,98,"[0, 0, 0, 0, 0, 0, 0, 0]"
2626.570159,Unknown Device,2,5,0,100,"[0, 0, 0, 0, 0, 0, 0, 0]"
2626.570303,Unknown Device,21,4,20,180,"[5, 0, 0, 80, 255, 8, 128, 1]"
2626.570781,Unknown Device,2,5,0,736,"[0, 0, 164, 6, 0, 24, 0, 0]"
2626.571235,Unknown Device,2,5,9,738,"[0, 0, 0, 0, 179, 149, 136, 63]"
2626.571879,Unknown Device,2,4,4,177,"[0, 0, 0, 98, 0, 16, 1, 0]"
2626.572406,Unknown Device,2,4,2,177,"[0, 0, 0, 98, 0, 16, 11, 0]"
2626.573671,Unknown Device,2,5,10,736,"[0, 0, 163, 6, 0, 23, 32, 0]"
2626.573823,Unknown Device,2,5,8,736,"[0, 0, 164, 6, 0, 24, 48, 0]"
2626.573957,Unknown Device,2,5,8,738,"[0, 0, 0, 128, 0, 0, 0, 128]"
2626.574229,Unknown Device,2,5,9,736,"[0, 0, 147, 6, 0, 23, 32, 0]"
2626.574381,Unknown Device,2,4,1,177,"[0, 0, 0, 226, 0, 16, 235, 255]"
2626.576834,Unknown Device,2,4,3,177,"[0, 0, 0, 226, 0, 16, 254, 255]"
2626.578118,Unknown Device,2,5,5,736,"[0, 0, 129, 6, 0, 24, 48, 0]"
2626.578261,Unknown Device,2,5,5,738,"[246, 124, 160, 51, 0, 0, 0, 128]"
2626.579207,Unknown Device,2,5,6,736,"[0, 0, 154, 6, 0, 24, 48, 0]"
2626.579359,Unknown Device,2,5,6,738,"[0, 0, 0, 128, 0, 0, 0, 128]"
2626.579703,Unknown Device,2,5,0,96,"[0, 0, 0, 0, 128, 3, 16, 0]"
2626.58028,Unknown Device,21,4,20,180,"[4, 0, 0, 80, 255, 8, 128, 1]"
2626.580424,Unknown Device,21,4,20,195,"[241, 223, 6, 176, 253, 47, 0, 5]"
2626.580568,Unknown Device,21,4,20,196,"[39, 1, 216, 0, 32, 127, 0, 0]"
2626.580721,Unknown Device,21,4,20,199,"[16, 0, 16, 2, 0, 249, 255, 15]"
2626.580878,Unknown Device,21,4,20,200,"[112, 0, 116, 0, 236, 63, 0, 4]"
2626.581716,Unknown Device,2,5,0,101,"[0, 0, 0, 0, 0, 0, 16, 0]"
2626.581867,Unknown Device,2,5,0,102,"[0, 0, 0, 0, 0, 0, 0, 0]"
2626.582002,Unknown Device,2,4,4,177,"[0, 0, 0, 98, 0, 16, 244, 255]"
2626.58216,Unknown Device,2,4,4,183,"[0, 0, 224, 8, 0, 0, 0, 0]"
2626.582397,Unknown Device,2,4,2,177,"[0, 0, 0, 98, 0, 16, 247, 255]"
2626.582583,Unknown Device,2,4,2,183,"[0, 0, 64, 7, 0, 0, 0, 0]"
2626.584232,Unknown Device,2,5,9,736,"[0, 0, 147, 6, 0, 23, 32, 0]"
2626.584374,Unknown Device,2,4,1,177,"[0, 0, 0, 226, 0, 16, 230, 255]"
2626.584595,Unknown Device,2,4,1,183,"[0, 0, 128, 248, 255, 255, 0, 0]"
2626.586121,Unknown Device,8,5,21,96,"[0, 0, 0, 0, 0, 0, 0, 0]"
2626.586272,Unknown Device,8,5,21,97,"[0, 0, 0, 0, 0, 0, 0, 192]"
2626.586414,Unknown Device,8,5,21,98,"[0, 0, 0, 64, 0, 0, 0, 192]"
2626.586557,Unknown Device,8,5,21,99,"[0, 0, 112, 0, 0, 0, 0, 240]"
2626.586693,Unknown Device,8,5,21,100,"[35, 38, 24, 250, 0, 192, 125, 0]"
2626.586939,Unknown Device,2,4,3,177,"[0, 0, 0, 226, 0, 16, 18, 0]"
2626.587105,Unknown Device,2,4,3,183,"[0, 0, 224, 251, 255, 255, 0, 0]"
2626.587248,Unknown Device,2,5,5,737,"[0, 0, 0, 0, 0, 64, 0, 0]"
2626.587405,Unknown Device,2,5,7,736,"[0, 0, 119, 6, 0, 24, 48, 0]"
2626.587541,Unknown Device,2,5,7,738,"[0, 0, 0, 128, 0, 0, 0, 128]"
2626.589718,Unknown Device,2,5,0,96,"[0, 0, 0, 0, 128, 3, 16, 0]"
2626.58986,Unknown Device,2,5,0,97,"[0, 0, 0, 0, 30, 45, 6, 0]"
2626.590002,Unknown Device,2,5,0,98,"[0, 0, 0, 0, 0, 0, 0, 0]"
2626.590144,Unknown Device,1,1,0,97,"[152, 174, 212, 126, 1, 0, 0, 255]"
2626.590287,Unknown Device,2,5,0,100,"[0, 0, 0, 0, 0, 0, 0, 0]"
2626.590423,Unknown Device,21,4,20,180,"[4, 0, 0, 80, 255, 8, 128, 1]"
2626.590785,Unknown Device,2,5,0,736,"[0, 0, 164, 6, 0, 24, 0, 0]"
2626.591223,Unknown Device,2,5,9,738,"[0, 0, 0, 0, 179, 149, 136, 63]"
2626.591979,Unknown Device,2,4,4,177,"[0, 0, 0, 98, 0, 16, 250, 255]"
2626.592354,Unknown Device,2,4,2,177,"[0, 0, 0, 98, 0, 16, 246, 255]"
2626.593679,Unknown Device,2,5,10,736,"[0, 0, 163, 6, 0, 23, 32, 0]"
2626.593821,Unknown Device,2,5,8,736,"[0, 0, 163, 6, 0, 24, 48, 0]"
2626.593991,Unknown Device,2,5,8,738,"[0, 0, 0, 128, 0, 0, 0, 128]"
2626.594232,Unknown Device,2,5,9,736,"[0, 0, 146, 6, 0, 23, 32, 0]"
2626.59441,Unknown Device,2,4,1,177,"[0, 0, 0, 226, 0, 16, 249, 255]"
2626.594989,Unknown Device,0,4,63,1,"[52, 94, 169, 121, 128, 14, 0, 141]"
2626.596718,Unknown Device,2,5,0,99,"[0, 0, 0, 0, 0, 0, 0, 0]"
2626.596854,Unknown Device,2,4,3,177,"[0, 0, 0, 226, 0, 16, 17, 0]"
2626.598099,Unknown Device,2,5,5,736,"[0, 0, 129, 6, 0, 24, 48, 0]"
2626.598242,Unknown Device,2,5,5,738,"[246, 124, 160, 51, 0, 0, 0, 128]"
2626.599209,Unknown Device,2,5,6,736,"[0, 0, 155, 6, 0, 24, 48, 0]"
2626.599347,Unknown Device,2,5,6,738,"[0, 0, 0, 128, 0, 0, 0, 128]"
2626.599713,Unknown Device,2,5,0,96,"[0, 0, 0, 0, 128, 3, 16, 0]"
2626.600267,Unknown Device,21,4,20,180,"[4, 0, 0, 80, 255, 8, 128, 1]"
2626.60041,Unknown Device,21,4,20,195,"[241, 223, 6, 192, 253, 47, 0, 5]"
2626.601867,Unknown Device,2,4,4,177,"[0, 0, 0, 98, 0, 16, 243, 255]"
2626.602059,Unknown Device,2,4,4,183,"[0, 0, 224, 8, 0, 0, 0, 0]"
2626.602424,Unknown Device,2,4,2,177,"[0, 0, 0, 98, 0, 16, 246, 255]"
2626.602625,Unknown Device,2,4,2,183,"[0, 0, 64, 7, 0, 0, 0, 0]"
2626.604217,Unknown Device,2,5,9,736,"[0, 0, 147, 6, 0, 23, 32, 0]"
2626.604369,Unknown Device,2,4,1,177,"[0, 0, 0, 226, 0, 16, 238, 255]"
2626.604612,Unknown Device,2,4,1,183,"[0, 0, 128, 248, 255, 255, 0, 0]"
2626.606118,Unknown Device,8,5,21,96,"[0, 0, 0, 0, 0, 0, 0, 0]"
2626.606262,Unknown Device,8,5,21,97,"[0, 0, 0, 0, 0, 0, 0, 192]"
2626.606428,Unknown Device,8,5,21,98,"[0, 0, 0, 64, 0, 0, 0, 192]"
2626.606558,Unknown Device,8,5,21,99,"[0, 0, 112, 0, 0, 0, 0, 240]"
2626.606696,Unknown Device,8,5,21,100,"[35, 38, 24, 250, 0, 192, 125, 0]"
2626.606887,Unknown Device,2,4,3,177,"[0, 0, 0, 226, 0, 16, 2, 0]"
2626.607075,Unknown Device,2,4,3,183,"[0, 0, 224, 251, 255, 255, 0, 0]"
2626.607326,Unknown Device,2,5,7,736,"[0, 0, 118, 6, 0, 24, 48, 0]"
2626.60747,Unknown Device,2,5,7,738,"[0, 0, 0, 128, 0, 0, 0, 128]"
2626.609692,Unknown Device,2,5,0,96,"[0, 0, 0, 0, 128, 3, 16, 0]"
2626.609844,Unknown Device,2,5,0,97,"[0, 0, 0, 0, 30, 45, 6, 0]"
2626.609993,Unknown Device,2,5,0,98,"[0, 0, 0, 0, 0, 0, 0, 0]"
2626.610137,Unknown Device,2,5,0,100,"[0, 0, 0, 0, 0, 0, 0, 0]"
2626.610332,Unknown Device,21,4,20,180,"[3, 0, 0, 80, 255, 8, 128, 1]"
2626.610783,Unknown Device,2,5,0,736,"[0, 0, 163, 6, 0, 24, 0, 0]"
2626.61121,Unknown Device,2,5,9,738,"[0, 0, 0, 0, 179, 149, 136, 63]"
2626.611354,Unknown Device,1,1,0,97,"[152, 174, 212, 126, 1, 0, 0, 255]"
2626.611972,Unknown Device,2,4,4,177,"[0, 0, 0, 98, 0, 16, 11, 0]"
2626.61238,Unknown Device,2,4,2,177,"[0, 0, 0, 98, 0, 16, 234, 255]"
2626.613659,Unknown Device,2,5,10,736,"[0, 0, 162, 6, 0, 23, 32, 0]"
2626.613803,Unknown Device,2,5,8,736,"[0, 0, 162, 6, 0, 24, 48, 0]"
2626.613959,Unknown Device,2,5,8,738,"[0, 0, 0, 128, 0, 0, 0, 128]"
2626.614218,Unknown Device,2,5,9,736,"[0, 0, 147, 6, 0, 23, 32, 0]"
2626.614356,Unknown Device,2,4,1,177,"[0, 0, 0, 226, 0, 16, 247, 255]"
2626.616821,Unknown Device,2,4,3,177,"[0, 0, 0, 226, 0, 16, 3, 0]"
2626.618101,Unknown Device,2,5,5,736,"[0, 0, 128, 6, 0, 24, 48, 0]"
2626.618245,Unknown Device,2,5,5,738,"[246, 124, 160, 51, 0, 0, 0, 128]"
2626.619192,Unknown Device,2,5,6,736,"[0, 0, 154, 6, 0, 24, 48, 0]"
2626.61935,Unknown Device,2,5,6,738,"[0, 0, 0, 128, 0, 0, 0, 128]"
2626.6197,Unknown Device,2,5,0,96,"[0, 0, 0, 0, 128, 3, 16, 0]"
2626.620276,Unknown Device,21,4,20,180,"[3, 0, 0, 80, 255, 8, 128, 1]"
2626.62042,Unknown Device,21,4,20,195,"[241, 223, 6, 192, 253, 47, 0, 5]"
2626.621842,Unknown Device,2,4,4,177,"[0, 0, 0, 98, 0, 16, 17, 0]"
2626.622028,Unknown Device,2,4,4,183,"[0, 0, 224, 8, 0, 0, 0, 0]"
2626.622414,Unknown Device,2,4,2,177,"[0, 0, 0, 98, 0, 16, 235, 255]"
2626.622594,Unknown Device,2,4,2,183,"[0, 0, 64, 7, 0, 0, 0, 0]"
2626.623739,Unknown Device,2,5,8,737,"[0, 0, 0, 0, 0, 64, 0, 0]"
2626.624207,Unknown Device,2,5,9,736,"[0, 0, 147, 6, 0, 23, 32, 0]"
2626.624351,Unknown Device,2,4,1,177,"[0, 0, 0, 226, 0, 16, 237, 255]"
2626.624616,Unknown Device,2,4,1,183,"[0, 0, 128, 248, 255, 255, 0, 0]"
2626.626138,Unknown Device,8,5,21,96,"[0, 0, 0, 0, 0, 0, 0, 0]"
2626.626254,Unknown Device,8,5,21,97,"[0, 0, 0, 0, 0, 0, 0, 192]"
2626.626398,Unknown Device,8,5,21,98,"[0, 0, 0, 64, 0, 0, 0, 192]"
2626.62655,Unknown Device,8,5,21,99,"[0, 0, 112, 0, 0, 0, 0, 240]"
2626.62668,Unknown Device,8,5,21,100,"[35, 38, 24, 250, 0, 192, 125, 0]"
2626.627007,Unknown Device,2,4,3,177,"[0, 0, 0, 226, 0, 16, 10, 0]"
2626.627193,Unknown Device,2,4,3,183,"[0, 0, 224, 251, 255, 255, 0, 0]"
2626.627337,Unknown Device,2,5,7,736,"[0, 0, 119, 6, 0, 24, 48, 0]"
2626.627489,Unknown Device,2,5,7,738,"[0, 0, 0, 128, 0, 0, 0, 128]"
2626.629707,Unknown Device,2,5,0,96,"[0, 0, 0, 0, 128, 3, 16, 0]"
2626.62985,Unknown Device,2,5,0,97,"[0, 0, 0, 0, 30, 46, 6, 0]"
2626.629991,Unknown Device,2,5,0,98,"[0, 0, 0, 0, 0, 0, 0, 0]"
2626.630134,Unknown Device,2,5,0,100,"[0, 0, 0, 0, 0, 0, 0, 0]"
2626.630291,Unknown Device,21,4,20,180,"[3, 0, 0, 80, 255, 8, 128, 1]"
2626.630774,Unknown Device,2,5,0,736,"[0, 0, 164, 6, 0, 24, 0, 0]"
2626.631196,Unknown Device,2,5,9,738,"[0, 0, 0, 0, 179, 149, 136, 63]"
2626.631941,Unknown Device,2,4,4,177,"[0, 0, 0, 98, 0, 16, 252, 255]"
2626.632191,Unknown Device,1,1,0,97,"[152, 174, 212, 126, 1, 0, 0, 255]"
2626.632362,Unknown Device,2,4,2,177,"[0, 0, 0, 98, 0, 16, 253, 255]"
2626.63366,Unknown Device,2,5,10,736,"[0, 0, 163, 6, 0, 23, 32, 0]"
2626.633797,Unknown Device,2,5,8,736,"[0, 0, 164, 6, 0, 24, 48, 0]"
2626.633944,Unknown Device,2,5,8,738,"[0, 0, 0, 128, 0, 0, 0, 128]"
2626.634208,Unknown Device,2,5,9,736,"[0, 0, 147, 6, 0, 23, 32, 0]"
2626.634351,Unknown Device,2,4,1,177,"[0, 0, 0, 226, 0, 16, 240, 255]"
2626.636167,Unknown Device,0,4,63,1,"[52, 94, 169, 127, 183, 95, 197, 67]"
2626.636949,Unknown Device,2,4,3,177,"[0, 0, 0, 226, 0, 16, 253, 255]"
2626.638109,Unknown Device,2,5,5,736,"[0, 0, 128, 6, 0, 24, 48, 0]"
2626.638274,Unknown Device,2,5,5,738,"[246, 124, 160, 51, 0, 0, 0, 128]"
2626.639196,Unknown Device,2,5,6,736,"[0, 0, 153, 6, 0, 24, 48, 0]"
2626.639339,Unknown Device,2,5,6,738,"[0, 0, 0, 128, 0, 0, 0, 128]"
2626.639686,Unknown Device,2,5,0,96,"[0, 0, 0, 0, 128, 3, 16, 0]"
2626.640263,Unknown Device,21,4,20,180,"[3, 0, 0, 80, 255, 8, 128, 1]"
2626.64042,Unknown Device,21,4,20,195,"[241, 31, 7, 192, 253, 47, 0, 5]"
2626.641887,Unknown Device,2,4,4,177,"[0, 0, 0, 98, 0, 16, 253, 255]"
2626.642045,Unknown Device,2,4,4,183,"[0, 0, 224, 8, 0, 0, 0, 0]"
2626.642448,Unknown Device,2,4,2,177,"[0, 0, 0, 98, 0, 16, 7, 0]"
2626.642633,Unknown Device,2,4,2,183,"[0, 0, 64, 7, 0, 0, 0, 0]"
2626.644209,Unknown Device,2,5,9,736,"[0, 0, 147, 6, 0, 23, 32, 0]"
2626.644348,Unknown Device,2,4,1,177,"[0, 0, 0, 226, 0, 16, 241, 255]"
2626.644492,Unknown Device,2,4,1,183,"[0, 0, 128, 248, 255, 255, 0, 0]"
2626.644636,Unknown Device,2,5,9,737,"[0, 0, 0, 8, 0, 64, 0, 0]"
2626.646116,Unknown Device,8,5,21,96,"[0, 0, 0, 0, 0, 0, 0, 0]"
2626.64626,Unknown Device,8,5,21,97,"[0, 0, 0, 0, 0, 0, 0, 192]"
2626.646404,Unknown Device,8,5,21,98,"[0, 0, 0, 64, 0, 0, 0, 192]"
2626.646541,Unknown Device,8,5,21,99,"[0, 0, 112, 0, 0, 0, 0, 240]"
2626.646685,Unknown Device,2,5,0,99,"[0, 0, 0, 0, 0, 0, 0, 0]"
2626.646829,Unknown Device,8,5,21,100,"[35, 38, 24, 250, 0, 192, 125, 0]"
2626.646971,Unknown Device,2,4,3,177,"[0, 0, 0, 226, 0, 16, 249, 255]"
2626.647229,Unknown Device,2,4,3,183,"[0, 0, 224, 251, 255, 255, 0, 0]"
2626.647366,Unknown Device,2,5,7,736,"[0, 0, 119, 6, 0, 24, 48, 0]"
2626.64751,Unknown Device,2,5,7,738,"[0, 0, 0, 128, 0, 0, 0, 128]"
2626.64968,Unknown Device,2,5,0,96,"[0, 0, 0, 0, 128, 3, 16, 0]"
2626.649846,Unknown Device,2,5,0,97,"[0, 0, 0, 0, 30, 46, 6, 0]"
2626.64998,Unknown Device,2,5,0,98,"[0, 0, 0, 0, 0, 0, 0, 0]"
2626.650124,Unknown Device,2,5,0,100,"[0, 0, 0, 0, 0, 0, 0, 0]"
2626.650304,Unknown Device,21,4,20,180,"[3, 0, 0, 80, 255, 8, 128, 1]"
2626.650768,Unknown Device,2,5,0,736,"[0, 0, 164, 6, 0, 24, 0, 0]"
2626.651194,Unknown Device,2,5,9,738,"[0, 0, 0, 0, 179, 149, 136, 63]"
2626.651889,Unknown Device,2,4,4,177,"[0, 0, 0, 98, 0, 16, 250, 255]"
2626.652412,Unknown Device,2,4,2,177,"[0, 0, 0, 98, 0, 16, 248, 255]"
2626.65326,Unknown Device,1,1,0,97,"[152, 174, 212, 126, 1, 0, 0, 255]"
2626.653668,Unknown Device,2,5,10,736,"[0, 0, 164, 6, 0, 23, 32, 0]"
2626.65382,Unknown Device,2,5,8,736,"[0, 0, 164, 6, 0, 24, 48, 0]"
2626.653954,Unknown Device,2,5,8,738,"[0, 0, 0, 128, 0, 0, 0, 128]"
2626.654197,Unknown Device,2,5,9,736,"[0, 0, 147, 6, 0, 23, 32, 0]"
2626.654363,Unknown Device,2,4,1,177,"[0, 0, 0, 226, 0, 16, 246, 255]"
2626.656837,Unknown Device,2,4,3,177,"[0, 0, 0, 226, 0, 16, 7, 0]"
2626.658101,Unknown Device,2,5,5,736,"[0, 0, 129, 6, 0, 24, 48, 0]"
2626.658238,Unknown Device,2,5,5,738,"[246, 124, 160, 51, 0, 0, 0, 128]"
2626.659226,Unknown Device,2,5,6,736,"[0, 0, 153, 6, 0, 24, 48, 0]"
2626.65937,Unknown Device,2,5,6,738,"[0, 0, 0, 128, 0, 0, 0, 128]"
2626.659692,Unknown Device,2,5,0,96,"[0, 0, 0, 0, 128, 3, 16, 0]"
2626.660276,Unknown Device,21,4,20,180,"[3, 0, 0, 80, 255, 8, 128, 1]"
2626.660428,Unknown Device,21,4,20,195,"[241, 31, 7, 192, 253, 47, 0, 5]"
2626.661941,Unknown Device,2,4,4,177,"[0, 0, 0, 98, 0, 16, 13, 0]"
2626.662107,Unknown Device,2,4,4,183,"[0, 0, 224, 8, 0, 0, 0, 0]"
2626.662365,Unknown Device,2,4,2,177,"[0, 0, 0, 98, 0, 16, 247, 255]"
2626.662545,Unknown Device,2,4,2,183,"[0, 0, 64, 7, 0, 0, 0, 0]"
2626.664208,Unknown Device,2,5,9,736,"[0, 0, 147, 6, 0, 23, 32, 0]"
2626.664352,Unknown Device,2,4,1,177,"[0, 0, 0, 226, 0, 16, 247, 255]"
2626.664539,Unknown Device,2,4,1,183,"[0, 0, 128, 248, 255, 255, 0, 0]"
2626.665202,Unknown Device,2,5,6,737,"[0, 0, 0, 0, 0, 64, 0, 0]"
2626.666104,Unknown Device,8,5,21,96,"[0, 0, 0, 0, 0, 0, 0, 0]"
2626.666248,Unknown Device,8,5,21,97,"[0, 0, 0, 0, 0, 0, 0, 192]"
2626.6664,Unknown Device,8,5,21,98,"[0, 0, 0, 64, 0, 0, 0, 192]"
2626.666544,Unknown Device,8,5,21,99,"[0, 0, 112, 0, 0, 0, 0, 240]"
2626.666673,Unknown Device,8,5,21,100,"[35, 38, 24, 250, 0, 192, 125, 0]"
2626.666928,Unknown Device,2,4,3,177,"[0, 0, 0, 226, 0, 16, 8, 0]"
2626.667101,Unknown Device,2,4,3,183,"[0, 0, 224, 251, 255, 255, 0, 0]"
2626.66731,Unknown Device,2,5,7,736,"[0, 0, 119, 6, 0, 24, 48, 0]"
2626.667454,Unknown Device,2,5,7,738,"[0, 0, 0, 128, 0, 0, 0, 128]"
2626.669666,Unknown Device,2,5,0,100,"[0, 0, 0, 0, 0, 0, 0, 0]"
2626.669818,Unknown Device,2,5,0,96,"[0, 0, 0, 0, 128, 3, 16, 0]"
2626.669966,Unknown Device,2,5,0,97,"[0, 0, 0, 0, 30, 46, 6, 0]"
2626.670104,Unknown Device,2,5,0,98,"[0, 0, 0, 0, 0, 0, 0, 0]"
2626.670291,Unknown Device,21,4,20,180,"[3, 0, 0, 80, 255, 8, 128, 1]"
2626.670769,Unknown Device,2,5,0,736,"[0, 0, 164, 6, 0, 24, 0, 0]"
2626.671195,Unknown Device,2,5,9,738,"[0, 0, 0, 0, 179, 149, 136, 63]"
2626.671942,Unknown Device,2,4,4,177,"[0, 0, 0, 98, 0, 16, 2, 0]"
2626.672323,Unknown Device,2,4,2,177,"[0, 0, 0, 98, 0, 16, 247, 255]"
2626.673646,Unknown Device,2,5,10,736,"[0, 0, 164, 6, 0, 23, 32, 0]"
2626.673813,Unknown Device,2,5,8,736,"[0, 0, 164, 6, 0, 24, 48, 0]"
2626.673932,Unknown Device,2,5,8,738,"[0, 0, 0, 128, 0, 0, 0, 128]"
2626.674202,Unknown Device,2,5,9,736,"[0, 0, 147, 6, 0, 23, 32, 0]"
2626.674381,Unknown Device,2,4,1,177,"[0, 0, 0, 226, 0, 16, 236, 255]"
2626.674524,Unknown Device,1,1,0,97,"[152, 175, 84, 126, 1, 0, 0, 255]"
2626.676891,Unknown Device,2,4,3,177,"[0, 0, 0, 226, 0, 16, 10, 0]"
2626.677598,Unknown Device,0,4,63,1,"[52, 94, 169, 122, 244, 34, 240, 216]"
2626.678091,Unknown Device,2,5,5,736,"[0, 0, 129, 6, 0, 24, 48, 0]"
2626.678234,Unknown Device,2,5,5,738,"[246, 124, 160, 51, 0, 0, 0, 128]"
2626.679186,Unknown Device,2,5,6,736,"[0, 0, 154, 6, 0, 24, 48, 0]"
2626.679328,Unknown Device,2,5,6,738,"[0, 0, 0, 128, 0, 0, 0, 128]"
2626.679677,Unknown Device,2,5,0,96,"[0, 0, 0, 0, 128, 3, 16, 0]"
2626.68027,Unknown Device,21,4,20,180,"[4, 0, 0, 80, 255, 8, 128, 1]"
2626.68042,Unknown Device,21,4,20,195,"[241, 31, 7, 192, 253, 47, 0, 5]"
2626.680577,Unknown Device,21,4,20,196,"[31, 1, 223, 0, 32, 127, 0, 0]"
2626.680734,Unknown Device,21,4,20,199,"[215, 255, 63, 255, 255, 11, 0, 0]"
2626.680889,Unknown Device,21,4,20,200,"[156, 0, 116, 0, 244, 63, 0, 4]"
2626.681966,Unknown Device,2,4,4,177,"[0, 0, 0, 98, 0, 16, 254, 255]"
2626.682138,Unknown Device,2,4,4,183,"[0, 0, 224, 8, 0, 0, 0, 0]"
2626.682401,Unknown Device,2,4,2,177,"[0, 0, 0, 98, 0, 16, 248, 255]"
2626.682571,Unknown Device,2,4,2,183,"[0, 0, 64, 7, 0, 0, 0, 0]"
2626.684186,Unknown Device,2,5,9,736,"[0, 0, 148, 6, 0, 23, 32, 0]"
2626.684323,Unknown Device,2,4,1,177,"[0, 0, 0, 226, 0, 16, 240, 255]"
2626.684593,Unknown Device,2,4,1,183,"[0, 0, 128, 248, 255, 255, 0, 0]"
2626.686099,Unknown Device,8,5,21,96,"[0, 0, 0, 0, 0, 0, 0, 0]"
2626.686255,Unknown Device,8,5,21,97,"[0, 0, 0, 0, 0, 0, 0, 192]"
2626.686392,Unknown Device,8,5,21,98,"[0, 0, 0, 64, 0, 0, 0, 192]"
2626.686534,Unknown Device,8,5,21,99,"[0, 0, 112, 0, 0, 0, 0, 240]"
2626.686677,Unknown Device,8,5,21,100,"[36, 38, 24, 250, 0, 192, 125, 0]"
2626.686959,Unknown Device,2,4,3,177,"[0, 0, 0, 226, 0, 16, 252, 255]"
2626.687131,Unknown Device,2,4,3,183,"[0, 0, 224, 251, 255, 255, 0, 0]"
2626.687338,Unknown Device,2,5,7,736,"[0, 0, 120, 6, 0, 24, 48, 0]"
2626.687481,Unknown Device,2,5,7,738,"[0, 0, 0, 128, 0, 0, 0, 128]"
2626.689672,Unknown Device,2,5,0,96,"[0, 0, 0, 0, 128, 3, 16, 0]"
2626.68981,Unknown Device,2,5,0,97,"[0, 0, 0, 0, 30, 46, 6, 0]"
2626.689958,Unknown Device,2,5,0,98,"[0, 0, 0, 0, 0, 0, 0, 0]"
2626.690117,Unknown Device,2,5,0,100,"[0, 0, 0, 0, 0, 0, 0, 0]"
2626.690304,Unknown Device,21,4,20,180,"[4, 0, 0, 80, 255, 8, 128, 1]"
2626.690768,Unknown Device,2,5,0,736,"[0, 0, 165, 6, 0, 24, 0, 0]"
2626.691367,Unknown Device,2,5,9,738,"[0, 0, 0, 0, 179, 149, 136, 63]"
2626.691958,Unknown Device,2,4,4,177,"[0, 0, 0, 98, 0, 16, 243, 255]"
2626.692372,Unknown Device,2,4,2,177,"[0, 0, 0, 98, 0, 16, 239, 255]"
2626.693651,Unknown Device,2,5,10,736,"[0, 0, 163, 6, 0, 23, 32, 0]"
2626.693789,Unknown Device,2,5,8,736,"[0, 0, 163, 6, 0, 24, 48, 0]"
2626.693937,Unknown Device,2,5,8,738,"[0, 0, 0, 128, 0, 0, 0, 128]"
2626.694209,Unknown Device,2,5,9,736,"[0, 0, 147, 6, 0, 23, 32, 0]"
2626.694361,Unknown Device,2,4,1,177,"[0, 0, 0, 226, 0, 16, 238, 255]"
2626.695636,Unknown Device,1,1,0,97,"[152, 175, 84, 126, 1, 0, 0, 255]"
2626.696675,Unknown Device,2,5,0,99,"[0, 0, 0, 0, 0, 0, 0, 0]"
2626.696922,Unknown Device,2,4,3,177,"[0, 0, 0, 226, 0, 16, 250, 255]"
2626.698095,Unknown Device,2,5,5,736,"[0, 0, 129, 6, 0, 24, 48, 0]"
2626.698247,Unknown Device,2,5,5,738,"[246, 124, 160, 51, 0, 0, 0, 128]"
2626.699187,Unknown Device,2,5,6,736,"[0, 0, 154, 6, 0, 24, 48, 0]"
2626.699325,Unknown Device,2,5,6,738,"[0, 0, 0, 128, 0, 0, 0, 128]"
2626.699668,Unknown Device,2,5,0,96,"[0, 0, 0, 0, 128, 3, 16, 0]"
2626.700245,Unknown Device,21,4,20,180,"[4, 0, 0, 80, 255, 8, 128, 1]"
2626.700389,Unknown Device,21,4,20,195,"[241, 31, 7, 192, 253, 47, 0, 5]"
2626.70187,Unknown Device,2,4,4,177,"[0, 0, 0, 98, 0, 16, 245, 255]"
2626.702044,Unknown Device,2,4,4,183,"[0, 0, 224, 8, 0, 0, 0, 0]"
2626.702438,Unknown Device,2,4,2,177,"[0, 0, 0, 98, 0, 16, 236, 255]"
2626.702647,Unknown Device,2,4,2,183,"[0, 0, 64, 7, 0, 0, 0, 0]"
2626.704218,Unknown Device,2,5,9,736,"[0, 0, 148, 6, 0, 23, 32, 0]"
2626.704361,Unknown Device,2,4,1,177,"[0, 0, 0, 226, 0, 16, 254, 255]"
2626.704641,Unknown Device,2,4,1,183,"[0, 0, 128, 248, 255, 255, 0, 0]"
2626.706096,Unknown Device,8,5,21,96,"[0, 0, 0, 0, 0, 0, 0, 0]"
2626.70624,Unknown Device,8,5,21,97,"[0, 0, 0, 0, 0, 0, 0, 192]"
2626.706399,Unknown Device,8,5,21,98,"[0, 0, 0, 64, 0, 0, 0, 192]"
2626.706537,Unknown Device,8,5,21,99,"[0, 0, 112, 0, 0, 0, 0, 240]"
2626.706681,Unknown Device,8,5,21,100,"[36, 38, 24, 250, 0, 192, 125, 0]"
2626.706971,Unknown Device,2,4,3,177,"[0, 0, 0, 226, 0, 16, 1, 0]"
2626.707182,Unknown Device,2,4,3,183,"[0, 0, 224, 251, 255, 255, 0, 0]"
2626.707311,Unknown Device,2,5,7,736,"[0, 0, 119, 6, 0, 24, 48, 0]"
2626.707455,Unknown Device,2,5,7,738,"[0, 0, 0, 128, 0, 0, 0, 128]"
2626.70967,Unknown Device,2,5,0,96,"[0, 0, 0, 0, 128, 3, 16, 0]"
2626.709808,Unknown Device,2,5,0,97,"[0, 0, 0, 0, 30, 45, 6, 0]"
2626.709956,Unknown Device,2,5,0,98,"[0, 0, 0, 0, 0, 0, 0, 0]"
2626.710101,Unknown Device,2,5,0,100,"[0, 0, 0, 0, 0, 0, 0, 0]"
2626.710253,Unknown Device,21,4,20,180,"[5, 0, 0, 80, 255, 8, 128, 1]"
2626.710761,Unknown Device,2,5,0,736,"[0, 0, 164, 6, 0, 24, 0, 0]"
2626.711188,Unknown Device,2,5,9,738,"[0, 0, 0, 0, 179, 149, 136, 63]"
2626.711851,Unknown Device,2,4,4,177,"[0, 0, 0, 98, 0, 16, 10, 0]"
2626.712419,Unknown Device,2,4,2,177,"[0, 0, 0, 98, 0, 16, 247, 255]"
2626.713642,Unknown Device,2,5,10,736,"[0, 0, 164, 6, 0, 23, 32, 0]"
2626.713786,Unknown Device,2,5,8,736,"[0, 0, 163, 6, 0, 24, 48, 0]"
2626.713934,Unknown Device,2,5,8,738,"[0, 0, 0, 128, 0, 0, 0, 128]"
2626.714201,Unknown Device,2,5,9,736,"[0, 0, 147, 6, 0, 23, 32, 0]"
2626.714345,Unknown Device,2,4,1,177,"[0, 0, 0, 226, 0, 16, 4, 0]"
2626.716811,Unknown Device,1,1,0,97,"[152, 175, 84, 126, 1, 0, 0, 255]"
2626.716952,Unknown Device,2,4,3,177,"[0, 0, 0, 226, 0, 16, 2, 0]"
2626.718071,Unknown Device,2,5,5,736,"[0, 0, 130, 6, 0, 24, 48, 0]"
2626.718215,Unknown Device,2,5,5,738,"[246, 124, 160, 51, 0, 0, 0, 128]"
2626.718708,Unknown Device,0,4,63,1,"[52, 94, 169, 123, 86, 159, 218, 207]"
2626.719191,Unknown Device,2,5,6,736,"[0, 0, 154, 6, 0, 24, 48, 0]"
2626.719333,Unknown Device,2,5,6,738,"[0, 0, 0, 128, 0, 0, 0, 128]"
2626.719666,Unknown Device,2,5,0,96,"[0, 0, 0, 0, 128, 3, 16, 0]"
2626.720229,Unknown Device,21,4,20,180,"[5, 0, 0, 80, 255, 8, 128, 1]"
2626.720386,Unknown Device,21,4,20,195,"[241, 223, 6, 192, 253, 47, 0, 5]"
2626.721964,Unknown Device,2,4,4,177,"[0, 0, 0, 98, 0, 16, 237, 255]"
2626.722136,Unknown Device,2,4,4,183,"[0, 0, 224, 8, 0, 0, 0, 0]"
2626.722442,Unknown Device,2,4,2,177,"[0, 0, 0, 98, 0, 16, 244, 255]"
2626.722613,Unknown Device,2,4,2,183,"[0, 0, 64, 7, 0, 0, 0, 0]"
2626.724196,Unknown Device,2,5,9,736,"[0, 0, 148, 6, 0, 23, 32, 0]"
2626.724338,Unknown Device,2,4,1,177,"[0, 0, 0, 226, 0, 16, 235, 255]"
2626.724601,Unknown Device,2,4,1,183,"[0, 0, 128, 248, 255, 255, 0, 0]"
2626.726089,Unknown Device,8,5,21,96,"[0, 0, 0, 0, 0, 0, 0, 0]"
2626.726232,Unknown Device,8,5,21,97,"[0, 0, 0, 0, 0, 0, 0, 192]"
2626.726383,Unknown Device,8,5,21,98,"[0, 0, 0, 64, 0, 0, 0, 192]"
2626.726525,Unknown Device,8,5,21,99,"[0, 0, 112, 0, 0, 0, 0, 240]"
2626.726668,Unknown Device,8,5,21,100,"[36, 38, 24, 250, 0, 192, 125, 0]"
2626.726935,Unknown Device,2,4,3,177,"[0, 0, 0, 226, 0, 16, 1, 0]"
2626.727121,Unknown Device,2,4,3,183,"[0, 0, 224, 251, 255, 255, 0, 0]"
2626.727314,Unknown Device,2,5,7,736,"[0, 0, 119, 6, 0, 24, 48, 0]"
2626.727456,Unknown Device,2,5,7,738,"[0, 0, 0, 128, 0, 0, 0, 128]"
2626.729654,Unknown Device,2,5,0,96,"[0, 0, 0, 0, 128, 3, 16, 0]"
2626.729804,Unknown Device,2,5,0,97,"[0, 0, 0, 0, 30, 47, 6, 0]"
2626.729951,Unknown Device,2,5,0,98,"[0, 0, 0, 0, 0, 0, 0, 0]"
2626.730095,Unknown Device,2,5,0,100,"[0, 0, 0, 0, 0, 0, 0, 0]"
2626.730246,Unknown Device,21,4,20,180,"[5, 0, 0, 80, 255, 8, 128, 1]"
2626.730749,Unknown Device,2,5,0,736,"[0, 0, 165, 6, 0, 24, 0, 0]"
2626.731199,Unknown Device,2,5,9,738,"[0, 0, 0, 0, 179, 149, 136, 63]"
2626.73193,Unknown Device,2,4,4,177,"[0, 0, 0, 98, 0, 16, 254, 255]"
2626.732391,Unknown Device,2,4,2,177,"[0, 0, 0, 98, 0, 16, 247, 255]"
2626.733634,Unknown Device,2,5,10,736,"[0, 0, 165, 6, 0, 23, 32, 0]"
2626.733777,Unknown Device,2,5,8,736,"[0, 0, 164, 6, 0, 24, 48, 0]"
2626.733924,Unknown Device,2,5,8,738,"[0, 0, 0, 128, 0, 0, 0, 128]"
2626.734202,Unknown Device,2,5,9,736,"[0, 0, 148, 6, 0, 23, 32, 0]"
2626.734347,Unknown Device,2,4,1,177,"[0, 0, 0, 226, 0, 16, 240, 255]"
2626.736858,Unknown Device,2,4,3,177,"[0, 0, 0, 226, 0, 16, 253, 255]"
2626.737602,Unknown Device,1,1,0,97,"[152, 175, 84, 126, 1, 0, 0, 255]"
2626.738072,Unknown Device,2,5,5,736,"[0, 0, 129, 6, 0, 24, 48, 0]"
2626.738216,Unknown Device,2,5,5,738,"[246, 124, 160, 51, 0, 0, 0, 128]"
2626.739175,Unknown Device,2,5,6,736,"[0, 0, 154, 6, 0, 24, 48, 0]"
2626.739319,Unknown Device,2,5,6,738,"[0, 0, 0, 128, 0, 0, 0, 128]"
2626.739655,Unknown Device,2,5,0,96,"[0, 0, 0, 0, 128, 3, 16, 0]"
2626.740251,Unknown Device,21,4,20,180,"[5, 0, 0, 80, 255, 8, 128, 1]"
2626.740396,Unknown Device,21,4,20,195,"[241, 223, 6, 192, 253, 51, 0, 5]"
2626.741853,Unknown Device,2,4,4,177,"[0, 0, 0, 98, 0, 16, 246, 255]"
2626.742049,Unknown Device,2,4,4,183,"[0, 0, 224, 8, 0, 0, 0, 0]"
2626.742377,Unknown Device,2,4,2,177,"[0, 0, 0, 98, 0, 16, 252, 255]"
2626.742543,Unknown Device,2,4,2,183,"[0, 0, 64, 7, 0, 0, 0, 0]"
2626.743757,Unknown Device,2,5,0,737,"[0, 0, 0, 8, 0, 64, 0, 0]"
2626.744198,Unknown Device,2,5,9,736,"[0, 0, 148, 6, 0, 23, 32, 0]"
2626.744342,Unknown Device,2,4,1,177,"[0, 0, 0, 226, 0, 16, 252, 255]"
2626.744509,Unknown Device,2,4,1,183,"[0, 0, 128, 248, 255, 255, 0, 0]"
2626.74608,Unknown Device,8,5,21,96,"[0, 0, 0, 0, 0, 0, 0, 0]"
2626.746224,Unknown Device,8,5,21,97,"[0, 0, 0, 0, 0, 0, 0, 192]"
2626.74639,Unknown Device,8,5,21,98,"[0, 0, 0, 64, 0, 0, 0, 192]"
2626.746519,Unknown Device,8,5,21,99,"[0, 0, 112, 0, 0, 0, 0, 240]"
2626.746663,Unknown Device,2,5,0,99,"[0, 0, 0, 0, 0, 0, 0, 0]"
2626.746807,Unknown Device,8,5,21,100,"[36, 38, 24, 250, 0, 192, 125, 0]"
2626.746963,Unknown Device,2,4,3,177,"[0, 0, 0, 226, 0, 16, 3, 0]"
2626.747136,Unknown Device,2,4,3,183,"[0, 0, 224, 251, 255, 255, 0, 0]"
2626.747322,Unknown Device,2,5,7,736,"[0, 0, 120, 6, 0, 24, 48, 0]"
2626.747474,Unknown Device,2,5,7,738,"[0, 0, 0, 128, 0, 0, 0, 128]"
2626.74965,Unknown Device,2,5,0,96,"[0, 0, 0, 0, 128, 3, 16, 0]"
2626.749794,Unknown Device,2,5,0,97,"[0, 0, 0, 0, 30, 46, 6, 0]"
2626.74995,Unknown Device,2,5,0,98,"[0, 0, 0, 0, 0, 0, 0, 0]"
2626.750095,Unknown Device,2,5,0,100,"[0, 0, 0, 0, 0, 0, 0, 0]"
2626.750295,Unknown Device,21,4,20,180,"[6, 0, 0, 80, 255, 8, 128, 1]"
2626.750745,Unknown Device,2,5,0,736,"[0, 0, 166, 6, 0, 24, 0, 0]"
2626.751199,Unknown Device,2,5,9,738,"[0, 0, 0, 0, 179, 149, 136, 63]"
2626.75186,Unknown Device,2,4,4,177,"[0, 0, 0, 98, 0, 16, 240, 255]"
2626.752369,Unknown Device,2,4,2,177,"[0, 0, 0, 98, 0, 16, 1, 0]"
2626.753629,Unknown Device,2,5,10,736,"[0, 0, 164, 6, 0, 23, 32, 0]"
2626.753781,Unknown Device,2,5,8,736,"[0, 0, 164, 6, 0, 24, 48, 0]"
2626.753914,Unknown Device,2,5,8,738,"[0, 0, 0, 128, 0, 0, 0, 128]"
2626.754201,Unknown Device,2,5,9,736,"[0, 0, 148, 6, 0, 23, 32, 0]"
2626.754352,Unknown Device,2,4,1,177,"[0, 0, 0, 226, 0, 16, 251, 255]"
2626.756923,Unknown Device,2,4,3,177,"[0, 0, 0, 226, 0, 16, 13, 0]"
2626.758082,Unknown Device,2,5,5,736,"[0, 0, 129, 6, 0, 24, 48, 0]"
2626.758212,Unknown Device,2,5,5,738,"[246, 124, 160, 51, 0, 0, 0, 128]"
2626.758534,Unknown Device,1,1,0,97,"[152, 175, 84, 126, 1, 0, 0, 255]"
2626.759173,Unknown Device,2,5,6,736,"[0, 0, 155, 6, 0, 24, 48, 0]"
2626.75931,Unknown Device,2,5,6,738,"[0, 0, 0, 128, 0, 0, 0, 128]"
2626.759668,Unknown Device,2,5,0,96,"[0, 0, 0, 0, 128, 3, 16, 0]"
2626.759806,Unknown Device,0,4,63,1,"[52, 94, 169, 125, 166, 27, 35, 253]"
2626.760276,Unknown Device,21,4,20,180,"[5, 0, 0, 80, 255, 8, 128, 1]"
2626.76042,Unknown Device,21,4,20,195,"[241, 223, 6, 192, 253, 51, 0, 5]"
2626.761693,Unknown Device,2,5,8,96,"[0, 0, 255, 255, 255, 255, 0, 0]"
2626.761948,Unknown Device,2,4,4,431,"[0, 0, 0, 0, 1, 26, 19, 0]"
2626.762121,Unknown Device,2,4,4,285,"[0, 0, 0, 0, 0, 0, 0, 0]"
2626.762358,Unknown Device,2,4,2,431,"[0, 0, 0, 0, 1, 26, 19, 0]"
2626.76253,Unknown Device,2,4,2,285,"[0, 0, 0, 0, 0, 0, 0, 0]"
2626.762739,Unknown Device,2,4,4,193,"[0, 243, 199, 46, 0, 0, 0, 0]"
2626.762887,Unknown Device,2,4,4,177,"[0, 0, 0, 98, 0, 16, 231, 255]"
2626.763096,Unknown Device,2,4,4,181,"[243, 127, 0, 64, 83, 22, 29, 24]"
2626.76324,Unknown Device,2,4,2,193,"[0, 243, 199, 46, 0, 0, 0, 0]"
2626.763384,Unknown Device,2,4,2,177,"[0, 0, 0, 98, 0, 16, 248, 255]"
2626.763528,Unknown Device,2,5,7,96,"[0, 0, 255, 255, 255, 255, 0, 0]"
2626.763658,Unknown Device,2,4,2,181,"[252, 127, 0, 128, 83, 23, 28, 24]"
2626.763802,Unknown Device,2,4,4,182,"[0, 0, 64, 231, 0, 0, 0, 0]"
2626.763908,Unknown Device,2,5,8,752,"[0, 0, 0, 0, 151, 92, 17, 13]"
2626.764052,Unknown Device,2,4,4,183,"[0, 0, 224, 8, 0, 0, 0, 0]"
2626.764195,Unknown Device,2,4,2,182,"[0, 0, 64, 189, 0, 0, 0, 0]"
2626.764338,Unknown Device,2,5,9,736,"[0, 0, 147, 6, 0, 23, 32, 0]"
2626.764481,Unknown Device,2,4,2,183,"[0, 0, 64, 7, 0, 0, 0, 0]"
2626.764609,Unknown Device,2,4,1,431,"[0, 0, 0, 0, 1, 26, 19, 0]"
2626.764752,Unknown Device,2,4,2,184,"[0, 0, 0, 0, 0, 0, 0, 128]"
2626.764899,Unknown Device,2,4,4,184,"[0, 0, 0, 0, 0, 0, 0, 128]"
2626.765093,Unknown Device,2,4,1,285,"[0, 0, 0, 0, 0, 0, 0, 0]"
2626.765236,Unknown Device,2,4,4,185,"[0, 0, 0, 0, 0, 0, 0, 128]"
2626.765392,Unknown Device,2,4,2,185,"[0, 0, 0, 0, 0, 0, 0, 128]"
2626.765535,Unknown Device,2,4,1,193,"[0, 243, 199, 46, 0, 0, 0, 0]"
2626.765677,Unknown Device,2,4,2,186,"[8, 0, 0, 0, 0, 0, 0, 0]"
2626.765777,Unknown Device,2,5,7,752,"[0, 0, 0, 0, 123, 170, 37, 73]"
2626.765924,Unknown Device,2,4,4,186,"[8, 0, 0, 0, 0, 0, 0, 0]"
2626.766095,Unknown Device,8,5,21,96,"[0, 0, 0, 0, 0, 0, 0, 0]"
2626.766238,Unknown Device,2,4,1,177,"[0, 0, 0, 226, 0, 16, 239, 255]"
2626.76638,Unknown Device,2,4,2,187,"[0, 0, 4, 0, 0, 0, 0, 0]"
2626.766523,Unknown Device,2,4,1,181,"[247, 127, 0, 64, 83, 22, 28, 24]"
2626.766665,Unknown Device,2,4,4,187,"[0, 0, 4, 0, 0, 0, 0, 0]"
2626.766808,Unknown Device,8,5,21,97,"[0, 0, 0, 0, 0, 0, 0, 192]"
2626.766954,Unknown Device,8,5,21,98,"[0, 0, 0, 64, 0, 0, 0, 192]"
2626.76707,Unknown Device,2,4,3,431,"[0, 0, 0, 0, 1, 26, 19, 0]"
2626.767212,Unknown Device,2,4,1,182,"[0, 0, 192, 62, 255, 255, 0, 0]"
2626.767369,Unknown Device,2,5,7,736,"[0, 0, 119, 6, 0, 24, 48, 0]"
2626.767511,Unknown Device,2,4,1,183,"[0, 0, 128, 248, 255, 255, 0, 0]"
2626.767654,Unknown Device,2,5,7,738,"[0, 0, 0, 128, 0, 0, 0, 128]"
2626.767797,Unknown Device,2,4,3,285,"[0, 0, 0, 0, 0, 0, 0, 0]"
2626.767944,Unknown Device,8,5,21,99,"[0, 0, 112, 0, 0, 0, 0, 240]"
2626.768088,Unknown Device,2,4,3,193,"[0, 243, 199, 46, 0, 0, 0, 0]"
2626.768231,Unknown Device,2,4,1,184,"[0, 0, 0, 0, 0, 0, 0, 128]"
2626.768373,Unknown Device,8,5,21,100,"[36, 38, 24, 250, 0, 192, 125, 0]"
2626.768516,Unknown Device,2,4,1,185,"[0, 0, 0, 0, 0, 0, 0, 128]"
2626.768744,Unknown Device,2,4,3,177,"[0, 0, 0, 226, 0, 16, 5, 0]"
2626.768947,Unknown Device,2,4,3,181,"[253, 127, 0, 64, 83, 21, 28, 25]"
2626.769146,Unknown Device,2,4,3,182,"[0, 0, 64, 152, 255, 255, 0, 0]"
2626.769289,Unknown Device,2,4,1,186,"[8, 0, 0, 0, 0, 0, 0, 0]"
2626.769558,Unknown Device,2,4,1,187,"[0, 0, 4, 0, 0, 0, 0, 0]"
2626.7697,Unknown Device,2,5,0,96,"[0, 0, 0, 0, 128, 3, 16, 0]"
2626.769847,Unknown Device,2,4,3,183,"[0, 0, 224, 251, 255, 255, 0, 0]"
2626.76999,Unknown Device,2,5,0,97,"[0, 0, 0, 0, 30, 46, 6, 0]"
2626.770132,Unknown Device,2,4,3,184,"[0, 0, 0, 0, 0, 0, 0, 128]"
2626.770275,Unknown Device,2,5,0,98,"[0, 0, 0, 0, 0, 0, 0, 0]"
2626.770431,Unknown Device,2,5,0,100,"[0, 0, 0, 0, 0, 0, 0, 0]"
2626.77056,Unknown Device,21,4,20,180,"[5, 0, 0, 80, 255, 8, 128, 1]"
2626.770745,Unknown Device,2,5,0,736,"[0, 0, 164, 6, 0, 24, 0, 0]"
2626.770891,Unknown Device,2,4,3,185,"[0, 0, 0, 0, 0, 0, 0, 128]"
2626.771105,Unknown Device,2,4,3,186,"[8, 0, 0, 0, 0, 0, 0, 0]"
2626.771247,Unknown Device,2,5,9,738,"[0, 0, 0, 0, 179, 149, 136, 63]"
2626.771859,Unknown Device,2,4,3,187,"[0, 0, 4, 0, 0, 0, 0, 0]"
2626.772003,Unknown Device,2,4,4,177,"[0, 0, 0, 98, 0, 16, 230, 255]"
2626.772371,Unknown Device,2,4,2,177,"[0, 0, 0, 98, 0, 16, 1, 0]"
2626.77363,Unknown Device,2,5,10,736,"[0, 0, 164, 6, 0, 23, 32, 0]"
2626.773772,Unknown Device,2,5,8,736,"[0, 0, 165, 6, 0, 24, 48, 0]"
2626.773919,Unknown Device,2,5,8,738,"[0, 0, 0, 128, 0, 0, 0, 128]"
2626.774189,Unknown Device,2,5,9,736,"[0, 0, 148, 6, 0, 23, 32, 0]"
2626.774331,Unknown Device,2,4,1,177,"[0, 0, 0, 226, 0, 16, 233, 255]"
2626.776857,Unknown Device,2,4,3,177,"[0, 0, 0, 226, 0, 16, 5, 0]"
2626.778069,Unknown Device,2,5,5,736,"[0, 0, 129, 6, 0, 24, 48, 0]"
2626.778198,Unknown Device,2,5,5,738,"[246, 124, 160, 51, 0, 0, 0, 128]"
2626.779158,Unknown Device,2,5,6,736,"[0, 0, 155, 6, 0, 24, 48, 0]"
2626.779302,Unknown Device,1,1,0,97,"[152, 175, 84, 126, 1, 0, 0, 255]"
2626.779446,Unknown Device,2,5,6,738,"[0, 0, 0, 128, 0, 0, 0, 128]"
2626.77967,Unknown Device,2,5,0,96,"[0, 0, 0, 0, 128, 3, 16, 0]"
2626.780224,Unknown Device,21,4,20,431,"[0, 0, 0, 0, 1, 26, 19, 0]"
2626.780382,Unknown Device,21,4,20,285,"[0, 0, 0, 0, 0, 64, 0, 0]"
2626.780534,Unknown Device,21,4,20,180,"[6, 0, 0, 80, 255, 8, 128, 1]"
2626.780678,Unknown Device,21,4,20,195,"[241, 223, 6, 192, 253, 51, 0, 5]"
2626.780836,Unknown Device,21,4,20,196,"[36, 1, 216, 0, 32, 127, 0, 0]"
2626.780992,Unknown Device,21,4,20,197,"[129, 29, 0, 6, 48, 0, 0, 255]"
2626.781136,Unknown Device,21,4,20,198,"[251, 255, 207, 255, 255, 3, 0, 144]"
2626.781294,Unknown Device,21,4,20,199,"[1, 0, 32, 255, 255, 7, 0, 0]"
2626.78146,Unknown Device,21,4,20,203,"[0, 0, 0, 0, 0, 0, 0, 0]"
2626.781604,Unknown Device,21,4,20,200,"[164, 0, 108, 0, 0, 64, 0, 4]"
2626.781762,Unknown Device,2,5,0,101,"[0, 0, 0, 0, 0, 0, 16, 0]"
2626.781904,Unknown Device,2,5,0,102,"[0, 0, 0, 0, 0, 0, 0, 0]"
2626.782048,Unknown Device,2,4,4,177,"[0, 0, 0, 98, 0, 16, 252, 255]"
2626.7822,Unknown Device,21,4,20,202,"[137, 98, 0, 0, 0, 0, 0, 0]"
2626.78233,Unknown Device,2,4,4,183,"[0, 0, 224, 8, 0, 0, 0, 0]"
2626.782474,Unknown Device,2,4,2,177,"[0, 0, 0, 98, 0, 16, 252, 255]"
2626.782625,Unknown Device,21,4,20,205,"[0, 0, 0, 0, 0, 0, 0, 0]"
2626.782769,Unknown Device,2,4,2,183,"[0, 0, 64, 7, 0, 0, 0, 0]"
2626.782903,Unknown Device,21,4,20,206,"[166, 255, 46, 0, 164, 2, 0, 0]"
2626.784185,Unknown Device,2,5,9,736,"[0, 0, 148, 6, 0, 23, 32, 0]"
2626.784329,Unknown Device,2,4,1,177,"[0, 0, 0, 226, 0, 16, 251, 255]"
2626.784558,Unknown Device,2,4,1,183,"[0, 0, 128, 248, 255, 255, 0, 0]"
2626.784695,Unknown Device,2,5,0,103,"[0, 0, 0, 0, 0, 0, 0, 0]"
2626.786078,Unknown Device,8,5,21,96,"[0, 0, 0, 0, 0, 0, 0, 0]"
2626.786222,Unknown Device,8,5,21,97,"[0, 0, 0, 0, 0, 0, 0, 192]"
2626.786366,Unknown Device,8,5,21,98,"[0, 0, 0, 64, 0, 0, 0, 192]"
2626.786504,Unknown Device,8,5,21,99,"[0, 0, 112, 0, 0, 0, 0, 240]"
2626.786662,Unknown Device,2,5,10,737,"[0, 0, 0, 0, 0, 64, 0, 0]"
2626.786813,Unknown Device,8,5,21,100,"[36, 38, 24, 250, 0, 192, 125, 0]"
2626.786933,Unknown Device,2,4,3,177,"[0, 0, 0, 226, 0, 16, 10, 0]"
2626.787164,Unknown Device,2,4,3,183,"[0, 0, 224, 251, 255, 255, 0, 0]"
2626.787316,Unknown Device,2,5,7,736,"[0, 0, 120, 6, 0, 24, 48, 0]"
2626.787446,Unknown Device,2,5,7,738,"[0, 0, 0, 128, 0, 0, 0, 128]"
2626.789662,Unknown Device,2,5,0,96,"[0, 0, 0, 0, 128, 3, 16, 0]"
2626.789806,Unknown Device,2,5,0,97,"[0, 0, 0, 0, 30, 46, 6, 0]"
2626.789953,Unknown Device,2,5,0,98,"[0, 0, 0, 0, 0, 0, 0, 0]"
2626.790098,Unknown Device,2,5,0,100,"[0, 0, 0, 0, 0, 0, 0, 0]"
2626.790292,Unknown Device,21,4,20,180,"[5, 0, 0, 80, 255, 8, 128, 1]"
2626.790742,Unknown Device,2,5,0,736,"[0, 0, 164, 6, 0, 24, 0, 0]"
2626.791183,Unknown Device,2,5,9,738,"[0, 0, 0, 0, 179, 149, 136, 63]"
2626.791865,Unknown Device,2,4,4,177,"[0, 0, 0, 98, 0, 16, 246, 255]"
2626.792316,Unknown Device,2,4,2,177,"[0, 0, 0, 98, 0, 16, 6, 0]"
2626.793623,Unknown Device,2,5,10,736,"[0, 0, 164, 6, 0, 23, 32, 0]"
2626.79376,Unknown Device,2,5,8,736,"[0, 0, 165, 6, 0, 24, 48, 0]"
2626.793908,Unknown Device,2,5,8,738,"[0, 0, 0, 128, 0, 0, 0, 128]"
2626.794203,Unknown Device,2,5,9,736,"[0, 0, 148, 6, 0, 23, 32, 0]"
2626.794375,Unknown Device,2,4,1,177,"[0, 0, 0, 226, 0, 16, 246, 255]"
2626.796657,Unknown Device,2,5,0,99,"[0, 0, 0, 0, 0, 0, 0, 0]"
2626.796898,Unknown Device,2,4,3,177,"[0, 0, 0, 226, 0, 16, 18, 0]"
2626.798058,Unknown Device,2,5,5,736,"[0, 0, 130, 6, 0, 24, 48, 0]"
2626.798196,Unknown Device,2,5,5,738,"[246, 124, 160, 51, 0, 0, 0, 128]"
2626.799165,Unknown Device,2,5,6,736,"[0, 0, 155, 6, 0, 24, 48, 0]"
2626.799309,Unknown Device,2,5,6,738,"[0, 0, 0, 128, 0, 0, 0, 128]"
2626.799659,Unknown Device,2,5,0,96,"[0, 0, 0, 0, 128, 3, 16, 0]"
2626.800037,Unknown Device,1,1,0,97,"[152, 175, 84, 126, 1, 0, 0, 255]"
2626.800246,Unknown Device,21,4,20,180,"[5, 0, 0, 80, 255, 8, 128, 1]"
2626.800389,Unknown Device,21,4,20,195,"[241, 223, 6, 192, 253, 47, 0, 5]"
2626.801228,Unknown Device,0,4,63,1,"[52, 94, 170, 124, 226, 149, 61, 26]"
2626.801916,Unknown Device,2,4,4,177,"[0, 0, 0, 98, 0, 16, 7, 0]"
2626.802112,Unknown Device,2,4,4,183,"[0, 0, 224, 8, 0, 0, 0, 0]"
2626.802298,Unknown Device,2,4,2,177,"[0, 0, 0, 98, 0, 16, 246, 255]"
2626.802478,Unknown Device,2,4,2,183,"[0, 0, 64, 7, 0, 0, 0, 0]"
2626.803277,Unknown Device,2,5,7,737,"[0, 0, 0, 0, 0, 64, 0, 0]"
2626.804181,Unknown Device,2,5,9,736,"[0, 0, 148, 6, 0, 23, 32, 0]"
2626.804319,Unknown Device,2,4,1,177,"[0, 0, 0, 226, 0, 16, 246, 255]"
2626.804499,Unknown Device,2,4,1,183,"[0, 0, 128, 248, 255, 255, 0, 0]"
2626.806082,Unknown Device,8,5,21,96,"[0, 0, 0, 0, 0, 0, 0, 0]"
2626.806212,Unknown Device,8,5,21,97,"[0, 0, 0, 0, 0, 0, 0, 192]"
2626.806356,Unknown Device,8,5,21,98,"[0, 0, 0, 64, 0, 0, 0, 192]"
2626.806508,Unknown Device,8,5,21,99,"[0, 0, 112, 0, 0, 0, 0, 240]"
2626.806638,Unknown Device,8,5,21,100,"[36, 38, 24, 250, 0, 192, 125, 0]"
2626.806886,Unknown Device,2,4,3,177,"[0, 0, 0, 226, 0, 16, 8, 0]"
2626.807067,Unknown Device,2,4,3,183,"[0, 0, 224, 251, 255, 255, 0, 0]"
2626.807283,Unknown Device,2,5,7,736,"[0, 0, 120, 6, 0, 24, 48, 0]"
2626.807426,Unknown Device,2,5,7,738,"[0, 0, 0, 128, 0, 0, 0, 128]"
2626.808151,Unknown Device,2,5,6,96,"[0, 0, 255, 255, 255, 255, 0, 0]"
2626.80826,Unknown Device,2,5,6,752,"[0, 0, 0, 0, 132, 109, 126, 7]"
2626.809661,Unknown Device,2,5,0,96,"[0, 0, 0, 0, 128, 3, 16, 0]"
2626.809803,Unknown Device,2,5,0,97,"[0, 0, 0, 0, 30, 46, 6, 0]"
2626.809958,Unknown Device,2,5,0,98,"[0, 0, 0, 0, 0, 0, 0, 0]"
2626.810101,Unknown Device,2,5,0,100,"[0, 0, 0, 0, 0, 0, 0, 0]"
2626.810238,Unknown Device,21,4,20,180,"[5, 0, 0, 80, 255, 8, 128, 1]"
2626.810727,Unknown Device,2,5,0,736,"[0, 0, 165, 6, 0, 24, 0, 0]"
2626.811173,Unknown Device,2,5,9,738,"[0, 0, 0, 0, 179, 149, 136, 63]"
2626.811918,Unknown Device,2,4,4,177,"[0, 0, 0, 98, 0, 16, 241, 255]"
2626.812421,Unknown Device,2,4,2,177,"[0, 0, 0, 98, 0, 16, 231, 255]"
2626.813619,Unknown Device,2,5,10,736,"[0, 0, 164, 6, 0, 23, 32, 0]"
2626.813761,Unknown Device,2,5,8,736,"[0, 0, 165, 6, 0, 24, 48, 0]"
2626.813908,Unknown Device,2,5,8,738,"[0, 0, 0, 128, 0, 0, 0, 128]"
2626.814172,Unknown Device,2,5,9,736,"[0, 0, 148, 6, 0, 23, 32, 0]"
2626.814315,Unknown Device,2,4,1,177,"[0, 0, 0, 226, 0, 16, 251, 255]"
2626.816801,Unknown Device,2,4,3,177,"[0, 0, 0, 226, 0, 16, 1, 0]"
2626.818061,Unknown Device,2,5,5,736,"[0, 0, 129, 6, 0, 24, 48, 0]"
2626.818204,Unknown Device,2,5,5,738,"[246, 124, 160, 51, 0, 0, 0, 128]"
2626.819157,Unknown Device,2,5,6,736,"[0, 0, 156, 6, 0, 24, 48, 0]"
2626.819321,Unknown Device,2,5,6,738,"[0, 0, 0, 128, 0, 0, 0, 128]"
2626.819646,Unknown Device,2,5,0,96,"[0, 0, 0, 0, 128, 3, 16, 0]"
2626.820639,Unknown Device,21,4,20,180,"[5, 0, 0, 80, 255, 8, 128, 1]"
2626.820776,Unknown Device,21,4,20,195,"[241, 223, 6, 192, 253, 47, 0, 5]"
2626.820922,Unknown Device,1,1,0,97,"[152, 175, 84, 126, 1, 0, 0, 255]"
2626.821945,Unknown Device,2,4,4,177,"[0, 0, 0, 98, 0, 16, 240, 255]"
2626.822111,Unknown Device,2,4,4,183,"[0, 0, 224, 8, 0, 0, 0, 0]"
2626.82231,Unknown Device,2,4,2,177,"[0, 0, 0, 98, 0, 16, 244, 255]"
2626.822517,Unknown Device,2,4,2,183,"[0, 0, 64, 7, 0, 0, 0, 0]"
2626.82417,Unknown Device,2,5,9,736,"[0, 0, 148, 6, 0, 23, 32, 0]"
2626.824301,Unknown Device,2,4,1,177,"[0, 0, 0, 226, 0, 16, 250, 255]"
2626.824487,Unknown Device,2,4,1,183,"[0, 0, 128, 248, 255, 255, 0, 0]"
2626.826063,Unknown Device,8,5,21,96,"[0, 0, 0, 0, 0, 0, 0, 0]"
2626.826207,Unknown Device,8,5,21,97,"[0, 0, 0, 0, 0, 0, 0, 192]"
2626.826351,Unknown Device,8,5,21,98,"[0, 0, 0, 64, 0, 0, 0, 192]"
2626.826503,Unknown Device,8,5,21,99,"[0, 0, 112, 0, 0, 0, 0, 240]"
2626.826633,Unknown Device,8,5,21,100,"[36, 38, 24, 250, 0, 192, 125, 0]"
2626.82688,Unknown Device,2,4,3,177,"[0, 0, 0, 226, 0, 16, 247, 255]"
2626.827047,Unknown Device,2,4,3,183,"[0, 0, 224, 251, 255, 255, 0, 0]"
2626.827276,Unknown Device,2,5,7,736,"[0, 0, 119, 6, 0, 24, 48, 0]"
2626.82742,Unknown Device,2,5,7,738,"[0, 0, 0, 128, 0, 0, 0, 128]"
2626.829643,Unknown Device,2,5,0,96,"[0, 0, 0, 0, 128, 3, 16, 0]"
2626.829795,Unknown Device,2,5,0,97,"[0, 0, 0, 0, 30, 46, 6, 0]"
2626.829943,Unknown Device,2,5,0,98,"[0, 0, 0, 0, 0, 0, 0, 0]"
2626.830082,Unknown Device,2,5,0,100,"[0, 0, 0, 0, 0, 0, 0, 0]"
2626.830688,Unknown Device,21,4,20,180,"[5, 0, 0, 80, 255, 8, 128, 1]"
2626.830836,Unknown Device,2,5,0,736,"[0, 0, 163, 6, 0, 24, 0, 0]"
2626.831159,Unknown Device,2,5,9,738,"[0, 0, 0, 0, 179, 149, 136, 63]"
2626.831904,Unknown Device,2,4,4,177,"[0, 0, 0, 98, 0, 16, 4, 0]"
2626.83229,Unknown Device,2,4,2,177,"[0, 0, 0, 98, 0, 16, 238, 255]"
2626.833613,Unknown Device,2,5,10,736,"[0, 0, 164, 6, 0, 23, 32, 0]"
2626.833765,Unknown Device,2,5,8,736,"[0, 0, 165, 6, 0, 24, 48, 0]"
2626.833899,Unknown Device,2,5,8,738,"[0, 0, 0, 128, 0, 0, 0, 128]"
2626.834158,Unknown Device,2,5,9,736,"[0, 0, 148, 6, 0, 23, 32, 0]"
2626.834295,Unknown Device,2,4,1,177,"[0, 0, 0, 226, 0, 16, 246, 255]"
2626.836773,Unknown Device,2,4,3,177,"[0, 0, 0, 226, 0, 16, 245, 255]"
2626.837043,Unknown Device,2,5,5,737,"[0, 0, 0, 0, 0, 64, 0, 0]"
2626.837187,Unknown Device,2,5,5,96,"[0, 0, 255, 255, 255, 255, 0, 0]"
2626.837303,Unknown Device,2,5,5,752,"[0, 0, 0, 0, 148, 245, 112, 51]"
2626.838051,Unknown Device,2,5,5,736,"[0, 0, 129, 6, 0, 24, 48, 0]"
2626.838181,Unknown Device,2,5,5,738,"[246, 124, 160, 51, 0, 0, 0, 128]"
2626.839182,Unknown Device,2,5,6,736,"[0, 0, 155, 6, 0, 24, 48, 0]"
2626.839334,Unknown Device,2,5,6,738,"[0, 0, 0, 128, 0, 0, 0, 128]"
2626.839648,Unknown Device,2,5,0,96,"[0, 0, 0, 0, 128, 3, 16, 0]"
2626.840558,Unknown Device,21,4,20,180,"[5, 0, 0, 80, 255, 8, 128, 1]"
2626.840688,Unknown Device,21,4,20,195,"[241, 31, 7, 192, 253, 47, 0, 5]"
2626.841741,Unknown Device,1,1,0,97,"[152, 175, 84, 126, 1, 0, 0, 255]"
2626.841889,Unknown Device,2,4,4,177,"[0, 0, 0, 98, 0, 16, 250, 255]"
2626.842141,Unknown Device,2,4,4,183,"[0, 0, 224, 8, 0, 0, 0, 0]"
2626.842285,Unknown Device,0,4,63,1,"[52, 94, 169, 123, 152, 195, 160, 23]"
2626.842429,Unknown Device,2,4,2,177,"[0, 0, 0, 98, 0, 16, 239, 255]"
2626.842601,Unknown Device,2,4,2,183,"[0, 0, 64, 7, 0, 0, 0, 0]"
2626.844154,Unknown Device,2,5,9,736,"[0, 0, 148, 6, 0, 23, 32, 0]"
2626.844334,Unknown Device,2,4,1,177,"[0, 0, 0, 226, 0, 16, 246, 255]"
2626.844535,Unknown Device,2,4,1,183,"[0, 0, 128, 248, 255, 255, 0, 0]"
2626.846057,Unknown Device,8,5,21,96,"[0, 0, 0, 0, 0, 0, 0, 0]"
2626.8462,Unknown Device,8,5,21,97,"[0, 0, 0, 0, 0, 0, 0, 192]"
2626.846344,Unknown Device,8,5,21,98,"[0, 0, 0, 64, 0, 0, 0, 192]"
2626.846496,Unknown Device,8,5,21,99,"[0, 0, 112, 0, 0, 0, 0, 240]"
2626.84664,Unknown Device,2,5,0,99,"[0, 0, 0, 0, 0, 0, 0, 0]"
2626.846783,Unknown Device,8,5,21,100,"[34, 38, 24, 250, 0, 192, 125, 0]"
2626.846925,Unknown Device,2,4,3,177,"[0, 0, 0, 226, 0, 16, 254, 255]"
2626.847084,Unknown Device,2,4,3,183,"[0, 0, 224, 251, 255, 255, 0, 0]"
2626.84727,Unknown Device,2,5,7,736,"[0, 0, 121, 6, 0, 24, 48, 0]"
2626.847408,Unknown Device,2,5,7,738,"[0, 0, 0, 128, 0, 0, 0, 128]"
2626.849639,Unknown Device,2,5,0,96,"[0, 0, 0, 0, 128, 3, 16, 0]"
2626.84979,Unknown Device,2,5,0,97,"[0, 0, 0, 0, 30, 47, 6, 0]"
2626.849924,Unknown Device,2,5,0,98,"[0, 0, 0, 0, 0, 0, 0, 0]"
2626.850083,Unknown Device,2,5,0,100,"[0, 0, 0, 0, 0, 0, 0, 0]"
2626.850419,Unknown Device,21,4,20,180,"[5, 0, 0, 80, 255, 8, 128, 1]"
2626.850727,Unknown Device,2,5,0,736,"[0, 0, 165, 6, 0, 24, 0, 0]"
2626.851153,Unknown Device,2,5,9,738,"[0, 0, 0, 0, 179, 149, 136, 63]"
2626.851815,Unknown Device,2,4,4,177,"[0, 0, 0, 98, 0, 16, 236, 255]"
2626.852369,Unknown Device,2,4,2,177,"[0, 0, 0, 98, 0, 16, 249, 255]"
2626.853608,Unknown Device,2,5,10,736,"[0, 0, 165, 6, 0, 23, 32, 0]"
2626.853746,Unknown Device,2,5,8,736,"[0, 0, 165, 6, 0, 24, 48, 0]"
2626.853894,Unknown Device,2,5,8,738,"[0, 0, 0, 128, 0, 0, 0, 128]"
2626.854158,Unknown Device,2,5,9,736,"[0, 0, 148, 6, 0, 23, 32, 0]"
2626.854357,Unknown Device,2,4,1,177,"[0, 0, 0, 226, 0, 16, 243, 255]"
2626.856809,Unknown Device,2,4,3,177,"[0, 0, 0, 226, 0, 16, 252, 255]"
2626.858047,Unknown Device,2,5,5,736,"[0, 0, 129, 6, 0, 24, 48, 0]"
2626.858184,Unknown Device,2,5,5,738,"[246, 124, 160, 51, 0, 0, 0, 128]"
2626.859148,Unknown Device,2,5,6,736,"[0, 0, 154, 6, 0, 24, 48, 0]"
2626.859291,Unknown Device,2,5,6,738,"[0, 0, 0, 128, 0, 0, 0, 128]"
2626.859638,Unknown Device,2,5,0,96,"[0, 0, 0, 0, 128, 3, 16, 0]"
2626.860245,Unknown Device,21,4,20,180,"[5, 0, 0, 80, 255, 8, 128, 1]"
2626.860395,Unknown Device,21,4,20,195,"[241, 31, 7, 192, 253, 47, 0, 5]"
2626.861838,Unknown Device,2,4,4,177,"[0, 0, 0, 98, 0, 16, 248, 255]"
2626.861995,Unknown Device,2,4,4,183,"[0, 0, 224, 8, 0, 0, 0, 0]"
2626.862413,Unknown Device,2,4,2,177,"[0, 0, 0, 98, 0, 16, 235, 255]"
2626.862549,Unknown Device,1,1,0,97,"[152, 175, 84, 126, 1, 0, 0, 255]"
2626.862692,Unknown Device,2,4,2,183,"[0, 0, 64, 7, 0, 0, 0, 0]"
2626.864149,Unknown Device,2,5,9,736,"[0, 0, 148, 6, 0, 23, 32, 0]"
2626.864328,Unknown Device,2,4,1,177,"[0, 0, 0, 226, 0, 16, 245, 255]"
2626.864513,Unknown Device,2,4,1,183,"[0, 0, 128, 248, 255, 255, 0, 0]"
2626.866054,Unknown Device,8,5,21,96,"[0, 0, 0, 0, 0, 0, 0, 0]"
2626.866205,Unknown Device,8,5,21,97,"[0, 0, 0, 0, 0, 0, 0, 192]"
2626.866347,Unknown Device,8,5,21,98,"[0, 0, 0, 64, 0, 0, 0, 192]"
2626.866489,Unknown Device,8,5,21,99,"[0, 0, 112, 0, 0, 0, 0, 240]"
2626.866626,Unknown Device,8,5,21,100,"[34, 38, 24, 250, 0, 192, 125, 0]"
2626.866885,Unknown Device,2,4,3,177,"[0, 0, 0, 226, 0, 16, 252, 255]"
2626.867064,Unknown Device,2,4,3,183,"[0, 0, 224, 251, 255, 255, 0, 0]"
2626.867263,Unknown Device,2,5,7,736,"[0, 0, 119, 6, 0, 24, 48, 0]"
2626.867405,Unknown Device,2,5,7,738,"[0, 0, 0, 128, 0, 0, 0, 128]"
2626.86964,Unknown Device,2,5,0,96,"[0, 0, 0, 0, 128, 3, 16, 0]"
2626.869778,Unknown Device,2,5,0,97,"[0, 0, 0, 0, 30, 47, 6, 0]"
2626.869926,Unknown Device,2,5,0,98,"[0, 0, 0, 0, 0, 0, 0, 0]"
2626.87007,Unknown Device,2,5,0,100,"[0, 0, 0, 0, 0, 0, 0, 0]"
2626.870222,Unknown Device,21,4,20,180,"[5, 0, 0, 80, 255, 8, 128, 1]"
2626.870714,Unknown Device,2,5,0,736,"[0, 0, 165, 6, 0, 24, 0, 0]"
2626.871141,Unknown Device,2,5,9,738,"[0, 0, 0, 0, 179, 149, 136, 63]"
2626.871936,Unknown Device,2,4,4,177,"[0, 0, 0, 98, 0, 16, 245, 255]"
2626.87236,Unknown Device,2,4,2,177,"[0, 0, 0, 98, 0, 16, 226, 255]"
2626.873604,Unknown Device,2,5,10,736,"[0, 0, 165, 6, 0, 23, 32, 0]"
2626.873748,Unknown Device,2,5,8,736,"[0, 0, 165, 6, 0, 24, 48, 0]"
2626.873896,Unknown Device,2,5,8,737,"[0, 0, 0, 0, 0, 64, 0, 0]"
2626.874034,Unknown Device,2,5,8,738,"[0, 0, 0, 128, 0, 0, 0, 128]"
2626.874221,Unknown Device,2,5,9,736,"[0, 0, 149, 6, 0, 23, 32, 0]"
2626.874387,Unknown Device,2,4,1,177,"[0, 0, 0, 226, 0, 16, 249, 255]"
2626.876796,Unknown Device,2,4,3,177,"[0, 0, 0, 226, 0, 16, 1, 0]"
2626.878038,Unknown Device,2,5,5,736,"[0, 0, 131, 6, 0, 24, 48, 0]"
2626.878175,Unknown Device,2,5,5,738,"[246, 124, 160, 51, 0, 0, 0, 128]"
2626.879134,Unknown Device,2,5,6,736,"[0, 0, 156, 6, 0, 24, 48, 0]"
2626.879279,Unknown Device,2,5,6,738,"[0, 0, 0, 128, 0, 0, 0, 128]"
2626.879616,Unknown Device,2,5,0,96,"[0, 0, 0, 0, 128, 3, 16, 0]"
2626.880236,Unknown Device,21,4,20,180,"[5, 0, 0, 80, 255, 8, 128, 1]"
2626.88038,Unknown Device,21,4,20,195,"[241, 31, 7, 208, 253, 47, 0, 5]"
2626.880538,Unknown Device,21,4,20,196,"[30, 1, 224, 0, 32, 127, 0, 0]"
2626.880689,Unknown Device,21,4,20,199,"[7, 0, 160, 0, 0, 3, 0, 0]"
2626.880837,Unknown Device,21,4,20,200,"[100, 0, 160, 0, 164, 63, 0, 4]"
2626.881889,Unknown Device,2,4,4,177,"[0, 0, 0, 98, 0, 16, 252, 255]"
2626.882099,Unknown Device,2,4,4,183,"[0, 0, 224, 8, 0, 0, 0, 0]"
2626.882384,Unknown Device,2,4,2,177,"[0, 0, 0, 98, 0, 16, 247, 255]"
2626.882564,Unknown Device,2,4,2,183,"[0, 0, 64, 7, 0, 0, 0, 0]"
2626.883218,Unknown Device,0,4,63,1,"[52, 94, 169, 126, 53, 71, 197, 73]"
2626.88372,Unknown Device,1,1,0,97,"[152, 175, 84, 126, 1, 0, 0, 255]"
2626.884232,Unknown Device,2,5,9,736,"[0, 0, 148, 6, 0, 23, 32, 0]"
2626.884362,Unknown Device,2,4,1,177,"[0, 0, 0, 226, 0, 16, 243, 255]"
2626.884613,Unknown Device,2,4,1,183,"[0, 0, 128, 248, 255, 255, 0, 0]"
2626.886053,Unknown Device,8,5,21,96,"[0, 0, 0, 0, 0, 0, 0, 0]"
2626.886197,Unknown Device,8,5,21,97,"[0, 0, 0, 0, 0, 0, 0, 192]"
2626.886348,Unknown Device,8,5,21,98,"[0, 0, 0, 64, 0, 0, 0, 192]"
2626.886492,Unknown Device,8,5,21,99,"[0, 0, 112, 0, 0, 0, 0, 240]"
2626.886622,Unknown Device,8,5,21,100,"[34, 38, 24, 250, 0, 192, 125, 0]"
2626.886849,Unknown Device,2,4,3,177,"[0, 0, 0, 226, 0, 16, 252, 255]"
2626.887022,Unknown Device,2,4,3,183,"[0, 0, 224, 251, 255, 255, 0, 0]"
2626.88726,Unknown Device,2,5,7,736,"[0, 0, 119, 6, 0, 24, 48, 0]"
2626.887404,Unknown Device,2,5,7,738,"[0, 0, 0, 128, 0, 0, 0, 128]"
2626.889931,Unknown Device,2,5,0,96,"[0, 0, 0, 0, 128, 3, 16, 0]"
2626.890076,Unknown Device,2,5,0,97,"[0, 0, 0, 0, 30, 47, 6, 0]"
2626.89022,Unknown Device,2,5,0,98,"[0, 0, 0, 0, 0, 0, 0, 0]"
2626.890371,Unknown Device,2,5,0,100,"[0, 0, 0, 0, 0, 0, 0, 0]"
2626.890515,Unknown Device,21,4,20,180,"[5, 0, 0, 80, 255, 8, 128, 1]"
2626.890709,Unknown Device,2,5,0,736,"[0, 0, 165, 6, 0, 24, 0, 0]"
2626.891137,Unknown Device,2,5,9,738,"[0, 0, 0, 0, 179, 149, 136, 63]"
2626.891905,Unknown Device,2,4,4,177,"[0, 0, 0, 98, 0, 16, 255, 255]"
2626.892391,Unknown Device,2,4,2,177,"[0, 0, 0, 98, 0, 16, 9, 0]"
2626.893614,Unknown Device,2,5,10,736,"[0, 0, 165, 6, 0, 23, 32, 0]"
2626.893757,Unknown Device,2,5,8,736,"[0, 0, 165, 6, 0, 24, 48, 0]"
2626.893891,Unknown Device,2,5,8,738,"[0, 0, 0, 128, 0, 0, 0, 128]"
2626.894143,Unknown Device,2,5,9,736,"[0, 0, 148, 6, 0, 23, 32, 0]"
2626.894287,Unknown Device,2,5,9,737,"[0, 0, 0, 8, 0, 64, 0, 0]"
2626.894424,Unknown Device,2,4,1,177,"[0, 0, 0, 226, 0, 16, 1, 0]"
2626.896623,Unknown Device,2,5,0,99,"[0, 0, 0, 0, 0, 0, 0, 0]"
2626.896906,Unknown Device,2,4,3,177,"[0, 0, 0, 226, 0, 16, 248, 255]"
2626.898038,Unknown Device,2,5,5,736,"[0, 0, 130, 6, 0, 24, 48, 0]"
2626.898175,Unknown Device,2,5,5,738,"[246, 124, 160, 51, 0, 0, 0, 128]"
2626.899151,Unknown Device,2,5,6,736,"[0, 0, 156, 6, 0, 24, 48, 0]"
2626.899293,Unknown Device,2,5,6,738,"[0, 0, 0, 128, 0, 0, 0, 128]"
2626.899614,Unknown Device,2,5,0,96,"[0, 0, 0, 0, 128, 3, 16, 0]"
2626.900208,Unknown Device,21,4,20,180,"[5, 0, 0, 80, 255, 8, 128, 1]"
2626.90035,Unknown Device,21,4,20,195,"[241, 31, 7, 208, 253, 47, 0, 5]"
2626.901788,Unknown Device,2,4,4,177,"[0, 0, 0, 98, 0, 16, 249, 255]"
2626.901986,Unknown Device,2,4,4,183,"[0, 0, 224, 8, 0, 0, 0, 0]"
2626.902333,Unknown Device,2,4,2,177,"[0, 0, 0, 98, 0, 16, 248, 255]"
2626.902498,Unknown Device,2,4,2,183,"[0, 0, 64, 7, 0, 0, 0, 0]"
2626.904215,Unknown Device,2,5,9,736,"[0, 0, 148, 6, 0, 23, 32, 0]"
2626.904357,Unknown Device,2,4,1,177,"[0, 0, 0, 226, 0, 16, 246, 255]"
2626.90455,Unknown Device,1,1,0,97,"[152, 175, 84, 126, 1, 0, 0, 255]"
2626.904706,Unknown Device,2,4,1,183,"[0, 0, 128, 248, 255, 255, 0, 0]"
2626.906052,Unknown Device,8,5,21,96,"[0, 0, 0, 0, 0, 0, 0, 0]"
2626.906188,Unknown Device,8,5,21,97,"[0, 0, 0, 0, 0, 0, 0, 192]"
2626.906345,Unknown Device,8,5,21,98,"[0, 0, 0, 64, 0, 0, 0, 192]"
2626.906482,Unknown Device,8,5,21,99,"[0, 0, 112, 0, 0, 0, 0, 240]"
2626.906625,Unknown Device,8,5,21,100,"[34, 38, 24, 250, 0, 192, 125, 0]"
2626.906978,Unknown Device,2,4,3,177,"[0, 0, 0, 226, 0, 16, 5, 0]"
2626.907143,Unknown Device,2,4,3,183,"[0, 0, 224, 251, 255, 255, 0, 0]"
2626.907286,Unknown Device,2,5,7,736,"[0, 0, 119, 6, 0, 24, 48, 0]"
2626.907437,Unknown Device,2,5,7,738,"[0, 0, 0, 128, 0, 0, 0, 128]"
2626.909608,Unknown Device,2,5,0,96,"[0, 0, 0, 0, 128, 3, 16, 0]"
2626.909759,Unknown Device,2,5,0,97,"[0, 0, 0, 0, 30, 46, 6, 0]"
2626.909905,Unknown Device,2,5,0,98,"[0, 0, 0, 0, 0, 0, 0, 0]"
2626.910057,Unknown Device,2,5,0,100,"[0, 0, 0, 0, 0, 0, 0, 0]"
2626.91027,Unknown Device,21,4,20,180,"[5, 0, 0, 80, 255, 8, 128, 1]"
2626.910711,Unknown Device,2,5,0,736,"[0, 0, 166, 6, 0, 24, 0, 0]"
2626.911129,Unknown Device,2,5,9,738,"[0, 0, 0, 0, 179, 149, 136, 63]"
2626.911891,Unknown Device,2,4,4,177,"[0, 0, 0, 98, 0, 16, 252, 255]"
2626.912296,Unknown Device,2,4,2,177,"[0, 0, 0, 98, 0, 16, 240, 255]"
2626.913594,Unknown Device,2,5,10,736,"[0, 0, 165, 6, 0, 23, 32, 0]"
2626.913744,Unknown Device,2,5,8,736,"[0, 0, 166, 6, 0, 24, 48, 0]"
2626.913891,Unknown Device,2,5,8,738,"[0, 0, 0, 128, 0, 0, 0, 128]"
2626.914127,Unknown Device,2,5,9,736,"[0, 0, 149, 6, 0, 23, 32, 0]"
2626.914294,Unknown Device,2,4,1,177,"[0, 0, 0, 226, 0, 16, 254, 255]"
2626.915157,Unknown Device,2,5,6,737,"[0, 0, 0, 0, 0, 64, 0, 0]"
2626.916891,Unknown Device,2,4,3,177,"[0, 0, 0, 226, 0, 16, 0, 0]"
2626.918031,Unknown Device,2,5,5,736,"[0, 0, 130, 6, 0, 24, 48, 0]"
2626.918197,Unknown Device,2,5,5,738,"[246, 124, 160, 51, 0, 0, 0, 128]"
2626.919138,Unknown Device,2,5,6,736,"[0, 0, 156, 6, 0, 24, 48, 0]"
2626.919276,Unknown Device,2,5,6,738,"[0, 0, 0, 128, 0, 0, 0, 128]"
2626.919613,Unknown Device,2,5,0,96,"[0, 0, 0, 0, 128, 3, 16, 0]"
2626.92024,Unknown Device,21,4,20,180,"[5, 0, 0, 80, 255, 8, 128, 1]"
2626.920384,Unknown Device,21,4,20,195,"[241, 223, 6, 208, 253, 47, 0, 5]"
2626.921932,Unknown Device,2,4,4,177,"[0, 0, 0, 98, 0, 16, 239, 255]"
2626.922106,Unknown Device,2,4,4,183,"[0, 0, 224, 8, 0, 0, 0, 0]"
2626.922372,Unknown Device,2,4,2,177,"[0, 0, 0, 98, 0, 16, 243, 255]"
2626.922538,Unknown Device,2,4,2,183,"[0, 0, 64, 7, 0, 0, 0, 0]"
2626.924217,Unknown Device,2,5,9,736,"[0, 0, 149, 6, 0, 23, 32, 0]"
2626.924361,Unknown Device,2,4,1,177,"[0, 0, 0, 226, 0, 16, 254, 255]"
2626.924499,Unknown Device,0,4,63,1,"[52, 94, 169, 123, 202, 131, 78, 252]"
2626.924642,Unknown Device,2,4,1,183,"[0, 0, 128, 248, 255, 255, 0, 0]"
2626.925829,Unknown Device,1,1,0,97,"[152, 175, 84, 126, 1, 0, 0, 255]"
2626.926053,Unknown Device,8,5,21,96,"[0, 0, 0, 0, 0, 0, 0, 0]"
2626.926219,Unknown Device,8,5,21,97,"[0, 0, 0, 0, 0, 0, 0, 192]"
2626.926335,Unknown Device,8,5,21,98,"[0, 0, 0, 64, 0, 0, 0, 192]"
2626.926487,Unknown Device,8,5,21,99,"[0, 0, 112, 0, 0, 0, 0, 240]"
2626.926617,Unknown Device,8,5,21,100,"[35, 38, 24, 250, 0, 192, 125, 0]"
2626.926844,Unknown Device,2,4,3,177,"[0, 0, 0, 226, 0, 16, 246, 255]"
2626.927039,Unknown Device,2,4,3,183,"[0, 0, 224, 251, 255, 255, 0, 0]"
2626.927263,Unknown Device,2,5,7,736,"[0, 0, 120, 6, 0, 24, 48, 0]"
2626.927407,Unknown Device,2,5,7,738,"[0, 0, 0, 128, 0, 0, 0, 128]"
2626.929611,Unknown Device,2,5,0,96,"[0, 0, 0, 0, 128, 3, 16, 0]"
2626.929763,Unknown Device,2,5,0,97,"[0, 0, 0, 0, 30, 47, 6, 0]"
2626.929905,Unknown Device,2,5,0,98,"[0, 0, 0, 0, 0, 0, 0, 0]"
2626.93005,Unknown Device,2,5,0,100,"[0, 0, 0, 0, 0, 0, 0, 0]"
2626.93023,Unknown Device,21,4,20,180,"[5, 0, 0, 80, 255, 8, 128, 1]"
2626.930703,Unknown Device,2,5,0,736,"[0, 0, 166, 6, 0, 24, 0, 0]"
2626.931252,Unknown Device,2,5,9,738,"[0, 0, 0, 0, 179, 149, 136, 63]"
2626.931796,Unknown Device,2,4,4,177,"[0, 0, 0, 98, 0, 16, 248, 255]"
2626.932358,Unknown Device,2,4,2,177,"[0, 0, 0, 98, 0, 16, 241, 255]"
2626.933596,Unknown Device,2,5,10,736,"[0, 0, 164, 6, 0, 23, 32, 0]"
2626.93374,Unknown Device,2,5,8,736,"[0, 0, 165, 6, 0, 24, 48, 0]"
2626.933882,Unknown Device,2,5,8,738,"[0, 0, 0, 128, 0, 0, 0, 128]"
2626.93422,Unknown Device,2,5,9,736,"[0, 0, 148, 6, 0, 23, 32, 0]"
2626.934364,Unknown Device,2,4,1,177,"[0, 0, 0, 226, 0, 16, 4, 0]"
2626.936874,Unknown Device,2,4,3,177,"[0, 0, 0, 226, 0, 16, 3, 0]"
2626.938044,Unknown Device,2,5,5,736,"[0, 0, 130, 6, 0, 24, 48, 0]"
2626.938188,Unknown Device,2,5,5,738,"[246, 124, 160, 51, 0, 0, 0, 128]"
2626.939122,Unknown Device,2,5,6,738,"[0, 0, 0, 128, 0, 0, 0, 128]"
2626.939274,Unknown Device,2,5,6,736,"[0, 0, 155, 6, 0, 24, 48, 0]"
2626.939611,Unknown Device,2,5,0,96,"[0, 0, 0, 0, 128, 3, 16, 0]"
2626.940222,Unknown Device,21,4,20,180,"[5, 0, 0, 80, 255, 8, 128, 1]"
2626.940374,Unknown Device,21,4,20,195,"[241, 223, 6, 192, 253, 51, 0, 5]"
2626.941818,Unknown Device,2,4,4,177,"[0, 0, 0, 98, 0, 16, 240, 255]"
2626.942013,Unknown Device,2,4,4,183,"[0, 0, 224, 8, 0, 0, 0, 0]"
2626.942316,Unknown Device,2,4,2,177,"[0, 0, 0, 98, 0, 16, 239, 255]"
2626.94246,Unknown Device,2,4,2,183,"[0, 0, 64, 7, 0, 0, 0, 0]"
2626.944204,Unknown Device,2,5,9,736,"[0, 0, 149, 6, 0, 23, 32, 0]"
2626.944355,Unknown Device,2,4,1,177,"[0, 0, 0, 226, 0, 16, 9, 0]"
2626.944575,Unknown Device,2,4,1,183,"[0, 0, 128, 248, 255, 255, 0, 0]"
2626.946038,Unknown Device,8,5,21,96,"[0, 0, 0, 0, 0, 0, 0, 0]"
2626.946188,Unknown Device,8,5,21,97,"[0, 0, 0, 0, 0, 0, 0, 192]"
2626.946325,Unknown Device,8,5,21,98,"[0, 0, 0, 64, 0, 0, 0, 192]"
2626.946468,Unknown Device,8,5,21,99,"[0, 0, 112, 0, 0, 0, 0, 240]"
2626.946619,Unknown Device,2,5,0,99,"[0, 0, 0, 0, 0, 0, 0, 0]"
2626.946769,Unknown Device,1,1,0,97,"[152, 175, 84, 126, 1, 0, 0, 255]"
2626.946902,Unknown Device,8,5,21,100,"[35, 38, 24, 250, 0, 192, 125, 0]"
2626.94704,Unknown Device,2,4,3,177,"[0, 0, 0, 226, 0, 16, 1, 0]"
2626.947247,Unknown Device,2,5,7,736,"[0, 0, 120, 6, 0, 24, 48, 0]"
2626.947412,Unknown Device,2,5,7,738,"[0, 0, 0, 128, 0, 0, 0, 128]"
2626.947746,Unknown Device,2,4,3,183,"[0, 0, 224, 251, 255, 255, 0, 0]"
2626.949602,Unknown Device,2,5,0,96,"[0, 0, 0, 0, 128, 3, 16, 0]"
2626.949752,Unknown Device,2,5,0,97,"[0, 0, 0, 0, 30, 46, 6, 0]"
2626.949921,Unknown Device,2,5,0,98,"[0, 0, 0, 0, 0, 0, 0, 0]"
2626.950037,Unknown Device,2,5,0,100,"[0, 0, 0, 0, 0, 0, 0, 0]"
2626.950258,Unknown Device,21,4,20,180,"[6, 0, 0, 80, 255, 8, 128, 1]"
2626.950699,Unknown Device,2,5,0,736,"[0, 0, 165, 6, 0, 24, 0, 0]"
2626.951195,Unknown Device,2,5,9,738,"[0, 0, 0, 0, 179, 149, 136, 63]"
2626.951859,Unknown Device,2,4,4,177,"[0, 0, 0, 98, 0, 16, 244, 255]"
2626.952384,Unknown Device,2,4,2,177,"[0, 0, 0, 98, 0, 16, 240, 255]"
2626.953594,Unknown Device,2,5,10,736,"[0, 0, 165, 6, 0, 23, 32, 0]"
2626.953745,Unknown Device,2,5,8,736,"[0, 0, 165, 6, 0, 24, 48, 0]"
2626.953877,Unknown Device,2,5,8,738,"[0, 0, 0, 128, 0, 0, 0, 128]"
2626.954206,Unknown Device,2,5,9,736,"[0, 0, 148, 6, 0, 23, 32, 0]"
2626.954371,Unknown Device,2,4,1,177,"[0, 0, 0, 226, 0, 16, 3, 0]"
2626.956848,Unknown Device,2,4,3,177,"[0, 0, 0, 226, 0, 16, 246, 255]"
2626.958018,Unknown Device,2,5,5,736,"[0, 0, 131, 6, 0, 24, 48, 0]"
2626.958169,Unknown Device,2,5,5,738,"[246, 124, 160, 51, 0, 0, 0, 128]"
2626.959146,Unknown Device,2,5,6,736,"[0, 0, 156, 6, 0, 24, 48, 0]"
2626.959284,Unknown Device,2,5,6,738,"[0, 0, 0, 128, 0, 0, 0, 128]"
2626.959635,Unknown Device,2,5,0,96,"[0, 0, 0, 0, 128, 3, 16, 0]"
2626.960234,Unknown Device,21,4,20,180,"[6, 0, 0, 80, 255, 8, 128, 1]"
2626.960372,Unknown Device,21,4,20,195,"[241, 223, 6, 208, 253, 51, 0, 5]"
2626.961874,Unknown Device,2,4,4,177,"[0, 0, 0, 98, 0, 16, 255, 255]"
2626.962056,Unknown Device,2,4,4,183,"[0, 0, 224, 8, 0, 0, 0, 0]"
2626.962321,Unknown Device,2,4,2,177,"[0, 0, 0, 98, 0, 16, 255, 255]"
2626.962488,Unknown Device,2,4,2,183,"[0, 0, 64, 7, 0, 0, 0, 0]"
2626.964198,Unknown Device,2,5,9,736,"[0, 0, 148, 6, 0, 23, 32, 0]"
2626.96435,Unknown Device,2,4,1,177,"[0, 0, 0, 226, 0, 16, 255, 255]"
2626.964573,Unknown Device,2,4,1,183,"[0, 0, 128, 248, 255, 255, 0, 0]"
2626.965728,Unknown Device,0,4,63,1,"[52, 94, 169, 126, 67, 174, 175, 53]"
2626.966064,Unknown Device,8,5,21,96,"[0, 0, 0, 0, 0, 0, 0, 0]"
2626.96618,Unknown Device,8,5,21,97,"[0, 0, 0, 0, 0, 0, 0, 192]"
2626.966332,Unknown Device,8,5,21,98,"[0, 0, 0, 64, 0, 0, 0, 192]"
2626.966476,Unknown Device,8,5,21,99,"[0, 0, 112, 0, 0, 0, 0, 240]"
2626.966614,Unknown Device,8,5,21,100,"[35, 38, 24, 250, 0, 192, 125, 0]"
2626.966934,Unknown Device,2,4,3,177,"[0, 0, 0, 226, 0, 16, 8, 0]"
2626.96713,Unknown Device,2,4,3,183,"[0, 0, 224, 251, 255, 255, 0, 0]"
2626.967282,Unknown Device,2,5,7,736,"[0, 0, 119, 6, 0, 24, 48, 0]"
2626.967412,Unknown Device,2,5,7,738,"[0, 0, 0, 128, 0, 0, 0, 128]"
2626.96755,Unknown Device,1,1,0,97,"[152, 175, 84, 126, 1, 0, 0, 255]"
2626.969595,Unknown Device,2,5,0,97,"[0, 0, 0, 0, 30, 47, 6, 0]"
2626.969747,Unknown Device,2,5,0,98,"[0, 0, 0, 0, 0, 0, 0, 0]"
2626.969917,Unknown Device,2,5,0,100,"[0, 0, 0, 0, 0, 0, 0, 0]"
2626.970034,Unknown Device,2,5,0,96,"[0, 0, 0, 0, 128, 3, 16, 0]"
2626.970243,Unknown Device,21,4,20,180,"[6, 0, 0, 80, 255, 8, 128, 1]"
2626.970709,Unknown Device,2,5,0,736,"[0, 0, 165, 6, 0, 24, 0, 0]"
2626.971201,Unknown Device,2,5,9,738,"[0, 0, 0, 0, 179, 149, 136, 63]"
2626.971885,Unknown Device,2,4,4,177,"[0, 0, 0, 98, 0, 16, 255, 255]"
2626.972302,Unknown Device,2,4,2,177,"[0, 0, 0, 98, 0, 16, 0, 0]"
2626.973586,Unknown Device,2,5,10,736,"[0, 0, 165, 6, 0, 23, 32, 0]"
2626.97373,Unknown Device,2,5,8,736,"[0, 0, 165, 6, 0, 24, 48, 0]"
2626.973872,Unknown Device,2,5,8,738,"[0, 0, 0, 128, 0, 0, 0, 128]"
2626.974203,Unknown Device,2,5,9,736,"[0, 0, 148, 6, 0, 23, 32, 0]"
2626.974355,Unknown Device,2,4,1,177,"[0, 0, 0, 226, 0, 16, 1, 0]"
2626.976871,Unknown Device,2,4,3,177,"[0, 0, 0, 226, 0, 16, 3, 0]"
2626.97802,Unknown Device,2,5,5,736,"[0, 0, 130, 6, 0, 24, 48, 0]"
2626.978166,Unknown Device,2,5,5,738,"[246, 124, 160, 51, 0, 0, 0, 128]"
2626.979136,Unknown Device,2,5,6,736,"[0, 0, 155, 6, 0, 24, 48, 0]"
2626.97928,Unknown Device,2,5,6,738,"[0, 0, 0, 128, 0, 0, 0, 128]"
2626.979623,Unknown Device,2,5,0,96,"[0, 0, 0, 0, 128, 3, 16, 0]"
2626.980215,Unknown Device,21,4,20,180,"[6, 0, 0, 80, 255, 8, 128, 1]"
2626.980361,Unknown Device,21,4,20,195,"[241, 223, 6, 192, 253, 51, 0, 5]"
2626.980519,Unknown Device,21,4,20,196,"[31, 1, 218, 0, 32, 127, 0, 0]"
2626.980671,Unknown Device,21,4,20,199,"[10, 0, 160, 0, 0, 1, 0, 0]"
2626.980819,Unknown Device,21,4,20,200,"[132, 0, 112, 0, 208, 63, 0, 4]"
2626.981634,Unknown Device,2,5,0,101,"[0, 0, 0, 0, 0, 0, 16, 0]"
2626.981779,Unknown Device,2,5,0,102,"[0, 0, 0, 0, 0, 0, 0, 0]"
2626.981912,Unknown Device,2,4,4,177,"[0, 0, 0, 98, 0, 16, 234, 255]"
2626.982193,Unknown Device,2,4,4,183,"[0, 0, 224, 8, 0, 0, 0, 0]"
2626.982345,Unknown Device,2,4,2,177,"[0, 0, 0, 98, 0, 16, 239, 255]"
2626.982512,Unknown Device,2,4,2,183,"[0, 0, 64, 7, 0, 0, 0, 0]"
2626.984234,Unknown Device,2,5,9,736,"[0, 0, 148, 6, 0, 23, 32, 0]"
2626.984379,Unknown Device,2,4,1,177,"[0, 0, 0, 226, 0, 16, 246, 255]"
2626.984551,Unknown Device,2,4,1,183,"[0, 0, 128, 248, 255, 255, 0, 0]"
2626.986035,Unknown Device,8,5,21,96,"[0, 0, 0, 0, 0, 0, 0, 0]"
2626.986179,Unknown Device,8,5,21,97,"[0, 0, 0, 0, 0, 0, 0, 192]"
2626.986323,Unknown Device,8,5,21,98,"[0, 0, 0, 64, 0, 0, 0, 192]"
2626.986467,Unknown Device,8,5,21,99,"[0, 0, 112, 0, 0, 0, 0, 240]"
2626.986605,Unknown Device,8,5,21,100,"[35, 38, 24, 250, 0, 192, 125, 0]"
2626.986875,Unknown Device,2,4,3,177,"[0, 0, 0, 226, 0, 16, 244, 255]"
2626.987056,Unknown Device,2,4,3,183,"[0, 0, 224, 251, 255, 255, 0, 0]"
2626.987251,Unknown Device,2,5,7,736,"[0, 0, 120, 6, 0, 24, 48, 0]"
2626.987403,Unknown Device,2,5,7,738,"[0, 0, 0, 128, 0, 0, 0, 128]"
2626.988418,Unknown Device,1,1,0,97,"[152, 175, 84, 126, 1, 0, 0, 255]"
2626.989606,Unknown Device,2,5,0,96,"[0, 0, 0, 0, 128, 3, 16, 0]"
2626.989749,Unknown Device,2,5,0,97,"[0, 0, 0, 0, 30, 47, 6, 0]"
2626.989895,Unknown Device,2,5,0,98,"[0, 0, 0, 0, 0, 0, 0, 0]"
2626.990039,Unknown Device,2,5,0,100,"[0, 0, 0, 0, 0, 0, 0, 0]"
2626.990246,Unknown Device,21,4,20,180,"[6, 0, 0, 80, 255, 8, 128, 1]"
2626.990701,Unknown Device,2,5,0,736,"[0, 0, 166, 6, 0, 24, 0, 0]"
2626.991184,Unknown Device,2,5,9,738,"[0, 0, 0, 0, 179, 149, 136, 63]"
2626.991872,Unknown Device,2,4,4,177,"[0, 0, 0, 98, 0, 16, 237, 255]"
2626.992296,Unknown Device,2,4,2,177,"[0, 0, 0, 98, 0, 16, 243, 255]"
2626.993573,Unknown Device,2,5,10,736,"[0, 0, 165, 6, 0, 23, 32, 0]"
2626.993718,Unknown Device,2,5,8,736,"[0, 0, 165, 6, 0, 24, 48, 0]"
2626.993864,Unknown Device,2,5,0,737,"[0, 0, 0, 8, 0, 64, 0, 0]"
2626.994008,Unknown Device,2,5,8,738,"[0, 0, 0, 128, 0, 0, 0, 128]"
2626.994229,Unknown Device,2,5,9,736,"[0, 0, 148, 6, 0, 23, 32, 0]"
2626.99438,Unknown Device,2,4,1,177,"[0, 0, 0, 226, 0, 16, 247, 255]"
2626.996628,Unknown Device,2,5,0,99,"[0, 0, 0, 0, 0, 0, 0, 0]"
2626.996807,Unknown Device,2,4,3,177,"[0, 0, 0, 226, 0, 16, 4, 0]"
2626.998019,Unknown Device,2,5,5,736,"[0, 0, 129, 6, 0, 24, 48, 0]"
2626.998148,Unknown Device,2,5,5,738,"[246, 124, 160, 51, 0, 0, 0, 128]"
2626.999126,Unknown Device,2,5,6,736,"[0, 0, 156, 6, 0, 24, 48, 0]"
2626.99927,Unknown Device,2,5,6,738,"[0, 0, 0, 128, 0, 0, 0, 128]"
2626.999617,Unknown Device,2,5,0,96,"[0, 0, 0, 0, 128, 3, 16, 0]"
2627.000184,Unknown Device,21,4,20,180,"[6, 0, 0, 80, 255, 8, 128, 1]"
2627.000343,Unknown Device,21,4,20,195,"[241, 223, 6, 192, 253, 51, 0, 5]"
2627.001923,Unknown Device,2,4,4,177,"[0, 0, 0, 98, 0, 16, 253, 255]"
2627.002097,Unknown Device,2,4,4,183,"[0, 0, 224, 8, 0, 0, 0, 0]"
2627.00238,Unknown Device,2,4,2,177,"[0, 0, 0, 98, 0, 16, 2, 0]"
2627.002565,Unknown Device,2,4,2,183,"[0, 0, 64, 7, 0, 0, 0, 0]"
2627.00422,Unknown Device,2,5,9,736,"[0, 0, 149, 6, 0, 23, 32, 0]"
2627.004366,Unknown Device,2,4,1,177,"[0, 0, 0, 226, 0, 16, 236, 255]"
2627.004552,Unknown Device,2,4,1,183,"[0, 0, 128, 248, 255, 255, 0, 0]"
2627.006036,Unknown Device,8,5,21,96,"[0, 0, 0, 0, 0, 0, 0, 0]"
2627.006181,Unknown Device,8,5,21,97,"[0, 0, 0, 0, 0, 0, 0, 192]"
2627.006325,Unknown Device,8,5,21,98,"[0, 0, 0, 64, 0, 0, 0, 192]"
2627.006469,Unknown Device,8,5,21,99,"[0, 0, 112, 0, 0, 0, 0, 240]"
2627.006607,Unknown Device,0,4,63,1,"[52, 94, 169, 121, 229, 203, 182, 150]"
2627.006737,Unknown Device,8,5,21,100,"[35, 38, 24, 250, 0, 192, 125, 0]"
2627.006893,Unknown Device,2,4,3,177,"[0, 0, 0, 226, 0, 16, 8, 0]"
2627.007095,Unknown Device,2,4,3,183,"[0, 0, 224, 251, 255, 255, 0, 0]"
2627.007247,Unknown Device,2,5,7,736,"[0, 0, 121, 6, 0, 24, 48, 0]"
2627.007391,Unknown Device,2,5,7,738,"[0, 0, 0, 128, 0, 0, 0, 128]"
2627.009237,Unknown Device,1,1,0,97,"[152, 175, 84, 126, 1, 0, 0, 255]"
2627.009616,Unknown Device,2,5,0,96,"[0, 0, 0, 0, 128, 3, 16, 0]"
2627.009771,Unknown Device,2,5,0,97,"[0, 0, 0, 0, 30, 47, 6, 0]"
2627.009904,Unknown Device,2,5,0,98,"[0, 0, 0, 0, 0, 0, 0, 0]"
2627.010071,Unknown Device,2,5,0,100,"[0, 0, 0, 0, 0, 0, 0, 0]"
2627.01023,Unknown Device,21,4,20,180,"[6, 0, 0, 80, 255, 8, 128, 1]"
2627.010689,Unknown Device,2,5,0,736,"[0, 0, 165, 6, 0, 24, 0, 0]"
2627.011187,Unknown Device,2,5,9,738,"[0, 0, 0, 0, 179, 149, 136, 63]"
2627.011818,Unknown Device,2,4,4,431,"[0, 0, 0, 0, 1, 26, 19, 0]"
2627.011995,Unknown Device,2,4,4,285,"[0, 0, 0, 0, 0, 0, 0, 0]"
2627.012382,Unknown Device,2,4,2,431,"[0, 0, 0, 0, 1, 26, 19, 0]"
2627.012558,Unknown Device,2,4,2,285,"[0, 0, 0, 0, 0, 0, 0, 0]"
2627.01271,Unknown Device,2,4,4,193,"[0, 243, 199, 46, 0, 0, 0, 0]"
2627.012844,Unknown Device,2,4,4,177,"[0, 0, 0, 98, 0, 16, 242, 255]"
2627.013025,Unknown Device,2,4,4,181,"[249, 127, 0, 64, 83, 22, 29, 24]"
2627.013169,Unknown Device,2,4,2,193,"[0, 243, 199, 46, 0, 0, 0, 0]"
2627.013321,Unknown Device,2,4,2,177,"[0, 0, 0, 98, 0, 16, 0, 0]"
2627.013465,Unknown Device,2,4,4,182,"[0, 0, 64, 231, 0, 0, 0, 0]"
2627.013603,Unknown Device,2,4,2,181,"[0, 0, 0, 128, 83, 23, 28, 24]"
2627.013747,Unknown Device,2,5,8,736,"[0, 0, 164, 6, 0, 24, 48, 0]"
2627.013889,Unknown Device,2,4,4,184,"[0, 0, 0, 0, 0, 0, 0, 128]"
2627.014034,Unknown Device,2,5,10,736,"[0, 0, 163, 6, 0, 23, 32, 0]"
2627.014186,Unknown Device,2,4,4,185,"[0, 0, 0, 0, 0, 0, 0, 128]"
2627.014316,Unknown Device,2,4,2,182,"[0, 0, 64, 189, 0, 0, 0, 0]"
2627.014468,Unknown Device,2,4,1,431,"[0, 0, 0, 0, 1, 26, 19, 0]"
2627.014584,Unknown Device,2,4,2,184,"[0, 0, 0, 0, 0, 0, 0, 128]"
2627.014736,Unknown Device,2,5,9,736,"[0, 0, 148, 6, 0, 23, 32, 0]"
2627.014884,Unknown Device,2,4,4,186,"[8, 0, 0, 0, 0, 0, 0, 0]"
2627.015023,Unknown Device,2,5,8,738,"[0, 0, 0, 128, 0, 0, 0, 128]"
2627.015167,Unknown Device,2,4,4,187,"[0, 0, 4, 0, 0, 0, 0, 0]"
2627.015333,Unknown Device,2,4,2,185,"[0, 0, 0, 0, 0, 0, 0, 128]"
2627.015463,Unknown Device,2,4,1,285,"[0, 0, 0, 0, 0, 0, 0, 0]"
2627.015608,Unknown Device,2,4,2,186,"[8, 0, 0, 0, 0, 0, 0, 0]"
2627.016085,Unknown Device,2,4,1,193,"[0, 243, 199, 46, 0, 0, 0, 0]"
2627.016266,Unknown Device,2,4,2,187,"[0, 0, 4, 0, 0, 0, 0, 0]"
2627.016382,Unknown Device,2,4,1,177,"[0, 0, 0, 226, 0, 16, 246, 255]"
2627.016576,Unknown Device,2,4,1,181,"[250, 127, 0, 64, 83, 22, 28, 24]"
2627.016954,Unknown Device,2,4,3,431,"[0, 0, 0, 0, 1, 26, 19, 0]"
2627.017135,Unknown Device,2,4,3,285,"[0, 0, 0, 0, 0, 0, 0, 0]"
2627.017265,Unknown Device,2,4,1,182,"[0, 0, 192, 62, 255, 255, 0, 0]"
2627.017488,Unknown Device,2,4,1,184,"[0, 0, 0, 0, 0, 0, 0, 128]"
2627.017668,Unknown Device,2,4,3,193,"[0, 243, 199, 46, 0, 0, 0, 0]"
2627.017853,Unknown Device,2,4,3,177,"[0, 0, 0, 226, 0, 16, 253, 255]"
2627.017984,Unknown Device,2,4,3,181,"[254, 127, 0, 64, 83, 21, 28, 25]"
2627.018122,Unknown Device,2,5,5,736,"[0, 0, 128, 6, 0, 24, 48, 0]"
2627.018274,Unknown Device,2,4,3,182,"[0, 0, 64, 152, 255, 255, 0, 0]"
2627.018426,Unknown Device,2,4,1,185,"[0, 0, 0, 0, 0, 0, 0, 128]"
2627.018556,Unknown Device,2,5,5,738,"[246, 124, 160, 51, 0, 0, 0, 128]"
2627.018708,Unknown Device,2,4,1,186,"[8, 0, 0, 0, 0, 0, 0, 0]"
2627.01885,Unknown Device,2,4,3,184,"[0, 0, 0, 0, 0, 0, 0, 128]"
2627.019059,Unknown Device,2,4,3,185,"[0, 0, 0, 0, 0, 0, 0, 128]"
2627.019204,Unknown Device,2,5,6,736,"[0, 0, 155, 6, 0, 24, 48, 0]"
2627.019341,Unknown Device,2,4,1,187,"[0, 0, 4, 0, 0, 0, 0, 0]"
2627.019493,Unknown Device,2,5,6,738,"[0, 0, 0, 128, 0, 0, 0, 128]"
2627.019638,Unknown Device,2,5,0,96,"[0, 0, 0, 0, 128, 3, 16, 0]"
2627.019794,Unknown Device,2,4,3,186,"[8, 0, 0, 0, 0, 0, 0, 0]"
2627.019974,Unknown Device,2,4,3,187,"[0, 0, 4, 0, 0, 0, 0, 0]"
2627.020198,Unknown Device,21,4,20,180,"[5, 0, 0, 80, 255, 8, 128, 1]"
2627.02035,Unknown Device,21,4,20,195,"[241, 223, 6, 192, 253, 51, 0, 5]"
2627.021873,Unknown Device,2,4,4,177,"[0, 0, 0, 98, 0, 16, 241, 255]"
2627.022018,Unknown Device,2,4,4,183,"[0, 0, 224, 8, 0, 0, 0, 0]"
2627.022284,Unknown Device,2,4,2,177,"[0, 0, 0, 98, 0, 16, 4, 0]"
2627.022479,Unknown Device,2,4,2,183,"[0, 0, 64, 7, 0, 0, 0, 0]"
2627.024182,Unknown Device,2,5,9,736,"[0, 0, 148, 6, 0, 23, 32, 0]"
2627.024334,Unknown Device,2,4,1,177,"[0, 0, 0, 226, 0, 16, 6, 0]"
2627.024586,Unknown Device,2,4,1,183,"[0, 0, 128, 248, 255, 255, 0, 0]"
2627.026031,Unknown Device,8,5,21,96,"[0, 0, 0, 0, 0, 0, 0, 0]"
2627.026169,Unknown Device,8,5,21,97,"[0, 0, 0, 0, 0, 0, 0, 192]"
2627.026313,Unknown Device,8,5,21,98,"[0, 0, 0, 64, 0, 0, 0, 192]"
2627.026465,Unknown Device,8,5,21,99,"[0, 0, 112, 0, 0, 0, 0, 240]"
2627.026603,Unknown Device,8,5,21,100,"[35, 38, 24, 250, 0, 192, 125, 0]"
2627.026859,Unknown Device,2,4,3,177,"[0, 0, 0, 226, 0, 16, 21, 0]"
2627.027018,Unknown Device,2,4,3,183,"[0, 0, 224, 251, 255, 255, 0, 0]"
2627.027227,Unknown Device,2,5,7,736,"[0, 0, 120, 6, 0, 24, 48, 0]"
2627.027379,Unknown Device,2,5,7,738,"[0, 0, 0, 128, 0, 0, 0, 128]"
2627.029605,Unknown Device,2,5,0,96,"[0, 0, 0, 0, 128, 3, 16, 0]"
2627.02975,Unknown Device,2,5,0,97,"[0, 0, 0, 0, 30, 47, 6, 0]"
2627.029897,Unknown Device,2,5,0,98,"[0, 0, 0, 0, 0, 0, 0, 0]"
2627.030042,Unknown Device,2,5,0,100,"[0, 0, 0, 0, 0, 0, 0, 0]"
2627.030187,Unknown Device,1,1,0,97,"[152, 175, 84, 126, 1, 0, 0, 255]"
2627.030317,Unknown Device,21,4,20,431,"[0, 0, 0, 0, 1, 26, 19, 0]"
2627.030469,Unknown Device,21,4,20,285,"[0, 0, 0, 0, 0, 64, 0, 0]"
2627.030613,Unknown Device,21,4,20,180,"[5, 0, 0, 80, 255, 8, 128, 1]"
2627.030757,Unknown Device,2,5,0,736,"[0, 0, 164, 6, 0, 24, 0, 0]"
2627.030905,Unknown Device,21,4,20,197,"[123, 29, 0, 6, 64, 0, 0, 255]"
2627.031058,Unknown Device,21,4,20,198,"[251, 255, 207, 255, 255, 3, 0, 144]"
2627.031202,Unknown Device,2,5,9,738,"[0, 0, 0, 0, 179, 149, 136, 63]"
2627.031346,Unknown Device,21,4,20,203,"[1, 0, 0, 0, 254, 255, 0, 0]"
2627.031499,Unknown Device,21,4,20,202,"[155, 98, 0, 0, 0, 0, 0, 0]"
2627.031642,Unknown Device,21,4,20,205,"[0, 0, 0, 0, 0, 0, 0, 0]"
2627.031805,Unknown Device,21,4,20,206,"[168, 255, 50, 0, 169, 2, 0, 0]"
2627.032001,Unknown Device,2,4,4,177,"[0, 0, 0, 98, 0, 16, 240, 255]"
2627.032444,Unknown Device,2,4,2,177,"[0, 0, 0, 98, 0, 16, 243, 255]"
2627.033569,Unknown Device,2,5,10,736,"[0, 0, 164, 6, 0, 23, 32, 0]"
2627.033713,Unknown Device,2,5,8,736,"[0, 0, 165, 6, 0, 24, 48, 0]"
2627.033862,Unknown Device,2,5,8,738,"[0, 0, 0, 128, 0, 0, 0, 128]"
2627.034175,Unknown Device,2,5,9,736,"[0, 0, 148, 6, 0, 23, 32, 0]"
2627.034318,Unknown Device,2,4,1,177,"[0, 0, 0, 226, 0, 16, 239, 255]"
2627.034602,Unknown Device,2,5,0,103,"[0, 0, 0, 0, 0, 0, 0, 0]"
2627.03656,Unknown Device,2,5,10,737,"[0, 0, 0, 0, 0, 64, 0, 0]"
2627.036862,Unknown Device,2,4,3,177,"[0, 0, 0, 226, 0, 16, 6, 0]"
2627.038011,Unknown Device,2,5,5,736,"[0, 0, 129, 6, 0, 24, 48, 0]"
2627.03814,Unknown Device,2,5,5,738,"[246, 124, 160, 51, 0, 0, 0, 128]"
2627.03912,Unknown Device,2,5,6,736,"[0, 0, 155, 6, 0, 24, 48, 0]"
2627.039263,Unknown Device,2,5,6,738,"[0, 0, 0, 128, 0, 0, 0, 128]"
2627.039603,Unknown Device,2,5,0,96,"[0, 0, 0, 0, 128, 3, 16, 0]"
2627.040174,Unknown Device,21,4,20,180,"[5, 0, 0, 80, 255, 8, 128, 1]"
2627.040331,Unknown Device,21,4,20,195,"[241, 223, 6, 208, 253, 47, 0, 5]"
2627.041807,Unknown Device,2,4,4,177,"[0, 0, 0, 98, 0, 16, 241, 255]"
2627.041979,Unknown Device,2,4,4,183,"[0, 0, 224, 8, 0, 0, 0, 0]"
2627.042404,Unknown Device,2,4,2,177,"[0, 0, 0, 98, 0, 16, 243, 255]"
2627.042589,Unknown Device,2,4,2,183,"[0, 0, 64, 7, 0, 0, 0, 0]"
2627.044194,Unknown Device,2,5,9,736,"[0, 0, 148, 6, 0, 23, 32, 0]"
2627.044351,Unknown Device,2,4,1,177,"[0, 0, 0, 226, 0, 16, 238, 255]"
2627.04462,Unknown Device,2,4,1,183,"[0, 0, 128, 248, 255, 255, 0, 0]"
2627.046028,Unknown Device,8,5,21,96,"[0, 0, 0, 0, 0, 0, 0, 0]"
2627.046171,Unknown Device,8,5,21,97,"[0, 0, 0, 0, 0, 0, 0, 192]"
2627.046314,Unknown Device,8,5,21,98,"[0, 0, 0, 64, 0, 0, 0, 192]"
2627.046457,Unknown Device,8,5,21,99,"[0, 0, 112, 0, 0, 0, 0, 240]"
2627.046593,Unknown Device,8,5,21,100,"[35, 38, 24, 250, 0, 192, 125, 0]"
2627.046736,Unknown Device,2,5,0,99,"[0, 0, 0, 0, 0, 0, 0, 0]"
2627.046911,Unknown Device,2,4,3,177,"[0, 0, 0, 226, 0, 16, 243, 255]"
2627.047105,Unknown Device,2,4,3,183,"[0, 0, 224, 251, 255, 255, 0, 0]"
2627.047248,Unknown Device,2,5,7,736,"[0, 0, 120, 6, 0, 24, 48, 0]"
2627.047377,Unknown Device,0,4,63,1,"[52, 94, 169, 125, 77, 247, 9, 252]"
2627.047528,Unknown Device,2,5,7,738,"[0, 0, 0, 128, 0, 0, 0, 128]"
2627.0496,Unknown Device,2,5,0,96,"[0, 0, 0, 0, 128, 3, 16, 0]"
2627.049745,Unknown Device,2,5,0,97,"[0, 0, 0, 0, 30, 47, 6, 0]"
2627.049887,Unknown Device,2,5,0,98,"[0, 0, 0, 0, 0, 0, 0, 0]"
2627.050032,Unknown Device,2,5,0,100,"[0, 0, 0, 0, 0, 0, 0, 0]"
2627.050233,Unknown Device,21,4,20,180,"[5, 0, 0, 80, 255, 8, 128, 1]"
2627.050684,Unknown Device,2,5,0,736,"[0, 0, 166, 6, 0, 24, 0, 0]"
2627.050983,Unknown Device,1,1,0,97,"[152, 175, 84, 126, 1, 0, 0, 255]"
2627.051235,Unknown Device,2,5,9,738,"[0, 0, 0, 0, 179, 149, 136, 63]"
2627.051831,Unknown Device,2,4,4,177,"[0, 0, 0, 98, 0, 16, 242, 255]"
2627.052282,Unknown Device,2,4,2,177,"[0, 0, 0, 98, 0, 16, 249, 255]"
2627.053244,Unknown Device,2,5,7,737,"[0, 0, 0, 0, 0, 64, 0, 0]"
2627.053573,Unknown Device,2,5,10,736,"[0, 0, 164, 6, 0, 23, 32, 0]"
2627.053711,Unknown Device,2,5,8,736,"[0, 0, 165, 6, 0, 24, 48, 0]"
2627.053859,Unknown Device,2,5,8,738,"[0, 0, 0, 128, 0, 0, 0, 128]"
2627.054183,Unknown Device,2,5,9,736,"[0, 0, 148, 6, 0, 23, 32, 0]"
2627.054313,Unknown Device,2,4,1,177,"[0, 0, 0, 226, 0, 16, 243, 255]"
2627.056752,Unknown Device,2,4,3,177,"[0, 0, 0, 226, 0, 16, 251, 255]"
2627.058004,Unknown Device,2,5,5,736,"[0, 0, 130, 6, 0, 24, 48, 0]"
2627.058134,Unknown Device,2,5,5,738,"[246, 124, 160, 51, 0, 0, 0, 128]"
2627.05911,Unknown Device,2,5,6,738,"[0, 0, 0, 128, 0, 0, 0, 128]"
2627.059254,Unknown Device,2,5,6,736,"[0, 0, 155, 6, 0, 24, 48, 0]"
2627.05959,Unknown Device,2,5,0,96,"[0, 0, 0, 0, 128, 3, 16, 0]"
2627.060187,Unknown Device,21,4,20,180,"[4, 0, 0, 80, 255, 8, 128, 1]"
2627.060331,Unknown Device,21,4,20,195,"[241, 31, 7, 208, 253, 47, 0, 5]"
2627.061874,Unknown Device,2,4,4,177,"[0, 0, 0, 98, 0, 16, 246, 255]"
2627.06207,Unknown Device,2,4,4,183,"[0, 0, 224, 8, 0, 0, 0, 0]"
2627.06237,Unknown Device,2,4,2,177,"[0, 0, 0, 98, 0, 16, 241, 255]"
2627.062551,Unknown Device,2,4,2,183,"[0, 0, 64, 7, 0, 0, 0, 0]"
2627.06417,Unknown Device,2,5,9,736,"[0, 0, 148, 6, 0, 23, 32, 0]"
2627.064308,Unknown Device,2,4,1,177,"[0, 0, 0, 226, 0, 16, 236, 255]"
2627.064524,Unknown Device,2,4,1,183,"[0, 0, 128, 248, 255, 255, 0, 0]"
2627.066017,Unknown Device,8,5,21,96,"[0, 0, 0, 0, 0, 0, 0, 0]"
2627.066183,Unknown Device,8,5,21,97,"[0, 0, 0, 0, 0, 0, 0, 192]"
2627.066313,Unknown Device,8,5,21,98,"[0, 0, 0, 64, 0, 0, 0, 192]"
2627.066457,Unknown Device,8,5,21,99,"[0, 0, 112, 0, 0, 0, 0, 240]"
2627.066587,Unknown Device,8,5,21,100,"[35, 38, 24, 250, 0, 192, 125, 0]"
2627.066815,Unknown Device,2,4,3,177,"[0, 0, 0, 226, 0, 16, 244, 255]"
2627.066972,Unknown Device,2,4,3,183,"[0, 0, 224, 251, 255, 255, 0, 0]"
2627.06723,Unknown Device,2,5,7,736,"[0, 0, 119, 6, 0, 24, 48, 0]"
2627.067374,Unknown Device,2,5,7,738,"[0, 0, 0, 128, 0, 0, 0, 128]"
2627.069594,Unknown Device,2,5,0,96,"[0, 0, 0, 0, 128, 3, 16, 0]"
2627.069738,Unknown Device,2,5,0,97,"[0, 0, 0, 0, 30, 46, 6, 0]"
2627.069887,Unknown Device,2,5,0,98,"[0, 0, 0, 0, 0, 0, 0, 0]"
2627.070025,Unknown Device,2,5,0,100,"[0, 0, 0, 0, 0, 0, 0, 0]"
2627.070198,Unknown Device,21,4,20,180,"[4, 0, 0, 80, 255, 8, 128, 1]"
2627.070677,Unknown Device,2,5,0,736,"[0, 0, 164, 6, 0, 24, 0, 0]"
2627.071152,Unknown Device,2,5,9,738,"[0, 0, 0, 0, 179, 149, 136, 63]"
2627.071877,Unknown Device,2,4,4,177,"[0, 0, 0, 98, 0, 16, 6, 0]"
2627.072016,Unknown Device,1,1,0,97,"[152, 175, 84, 126, 1, 0, 0, 255]"
2627.072331,Unknown Device,2,4,2,177,"[0, 0, 0, 98, 0, 16, 248, 255]"
2627.073577,Unknown Device,2,5,10,736,"[0, 0, 164, 6, 0, 23, 32, 0]"
2627.073721,Unknown Device,2,5,8,736,"[0, 0, 165, 6, 0, 24, 48, 0]"
2627.073863,Unknown Device,2,5,8,738,"[0, 0, 0, 128, 0, 0, 0, 128]"
2627.074193,Unknown Device,2,5,9,736,"[0, 0, 149, 6, 0, 23, 32, 0]"
2627.074337,Unknown Device,2,4,1,177,"[0, 0, 0, 226, 0, 16, 7, 0]"
2627.076844,Unknown Device,2,4,3,177,"[0, 0, 0, 226, 0, 16, 250, 255]"
2627.077998,Unknown Device,2,5,5,736,"[0, 0, 130, 6, 0, 24, 48, 0]"
2627.078136,Unknown Device,2,5,5,738,"[246, 124, 160, 51, 0, 0, 0, 128]"
2627.079115,Unknown Device,2,5,6,736,"[0, 0, 156, 6, 0, 24, 48, 0]"
2627.079258,Unknown Device,2,5,6,738,"[0, 0, 0, 128, 0, 0, 0, 128]"
2627.079592,Unknown Device,2,5,0,96,"[0, 0, 0, 0, 128, 3, 16, 0]"
2627.080171,Unknown Device,21,4,20,180,"[4, 0, 0, 80, 255, 8, 128, 1]"
2627.080328,Unknown Device,21,4,20,195,"[241, 31, 7, 208, 253, 47, 0, 5]"
2627.080471,Unknown Device,21,4,20,196,"[30, 1, 225, 0, 32, 127, 0, 0]"
2627.080621,Unknown Device,21,4,20,199,"[30, 0, 48, 0, 0, 253, 255, 15]"
2627.080782,Unknown Device,21,4,20,200,"[140, 0, 132, 0, 164, 63, 0, 4]"
2627.081855,Unknown Device,2,4,4,177,"[0, 0, 0, 98, 0, 16, 5, 0]"
2627.082021,Unknown Device,2,4,4,183,"[0, 0, 224, 8, 0, 0, 0, 0]"
2627.082332,Unknown Device,2,4,2,177,"[0, 0, 0, 98, 0, 16, 246, 255]"
2627.082511,Unknown Device,2,4,2,183,"[0, 0, 64, 7, 0, 0, 0, 0]"
2627.084145,Unknown Device,2,5,9,736,"[0, 0, 148, 6, 0, 23, 32, 0]"
2627.084288,Unknown Device,2,4,1,177,"[0, 0, 0, 226, 0, 16, 235, 255]"
2627.084566,Unknown Device,2,4,1,183,"[0, 0, 128, 248, 255, 255, 0, 0]"
2627.086017,Unknown Device,8,5,21,96,"[0, 0, 0, 0, 0, 0, 0, 0]"
2627.086159,Unknown Device,8,5,21,97,"[0, 0, 0, 0, 0, 0, 0, 192]"
2627.086302,Unknown Device,8,5,21,98,"[0, 0, 0, 64, 0, 0, 0, 192]"
2627.086452,Unknown Device,8,5,21,99,"[0, 0, 112, 0, 0, 0, 0, 240]"
2627.086581,Unknown Device,8,5,21,100,"[35, 38, 24, 250, 0, 192, 125, 0]"
2627.086855,Unknown Device,2,4,3,177,"[0, 0, 0, 226, 0, 16, 1, 0]"
2627.087034,Unknown Device,2,5,5,737,"[0, 0, 0, 0, 0, 64, 0, 0]"
2627.087149,Unknown Device,2,4,3,183,"[0, 0, 224, 251, 255, 255, 0, 0]"
2627.087292,Unknown Device,2,5,7,736,"[0, 0, 119, 6, 0, 24, 48, 0]"
2627.087435,Unknown Device,2,5,7,738,"[0, 0, 0, 128, 0, 0, 0, 128]"
2627.088211,Unknown Device,0,4,63,1,"[52, 94, 169, 125, 195, 18, 235, 2]"
2627.089595,Unknown Device,2,5,0,96,"[0, 0, 0, 0, 128, 3, 16, 0]"
2627.089724,Unknown Device,2,5,0,97,"[0, 0, 0, 0, 30, 47, 6, 0]"
2627.08987,Unknown Device,2,5,0,98,"[0, 0, 0, 0, 0, 0, 0, 0]"
2627.090028,Unknown Device,2,5,0,100,"[0, 0, 0, 0, 0, 0, 0, 0]"
2627.090226,Unknown Device,21,4,20,180,"[4, 0, 0, 80, 255, 8, 128, 1]"
2627.090673,Unknown Device,2,5,0,736,"[0, 0, 165, 6, 0, 24, 0, 0]"
2627.091139,Unknown Device,2,5,9,738,"[0, 0, 0, 0, 179, 149, 136, 63]"
2627.091872,Unknown Device,2,4,4,177,"[0, 0, 0, 98, 0, 16, 251, 255]"
2627.09232,Unknown Device,2,4,2,177,"[0, 0, 0, 98, 0, 16, 253, 255]"
2627.092828,Unknown Device,1,1,0,97,"[152, 175, 84, 126, 1, 0, 0, 255]"
2627.093557,Unknown Device,2,5,10,736,"[0, 0, 165, 6, 0, 23, 32, 0]"
2627.093699,Unknown Device,2,5,8,736,"[0, 0, 165, 6, 0, 24, 48, 0]"
2627.093846,Unknown Device,2,5,8,738,"[0, 0, 0, 128, 0, 0, 0, 128]"
2627.09418,Unknown Device,2,5,9,736,"[0, 0, 148, 6, 0, 23, 32, 0]"
2627.09431,Unknown Device,2,4,1,177,"[0, 0, 0, 226, 0, 16, 228, 255]"
2627.096573,Unknown Device,2,5,0,99,"[0, 0, 0, 0, 0, 0, 0, 0]"
2627.096821,Unknown Device,2,4,3,177,"[0, 0, 0, 226, 0, 16, 252, 255]"
2627.097995,Unknown Device,2,5,5,736,"[0, 0, 130, 6, 0, 24, 48, 0]"
2627.098125,Unknown Device,2,5,5,738,"[246, 124, 160, 51, 0, 0, 0, 128]"
2627.099101,Unknown Device,2,5,6,736,"[0, 0, 156, 6, 0, 24, 48, 0]"
2627.099245,Unknown Device,2,5,6,738,"[0, 0, 0, 128, 0, 0, 0, 128]"
2627.099574,Unknown Device,2,5,0,96,"[0, 0, 0, 0, 128, 3, 16, 0]"
2627.100158,Unknown Device,21,4,20,180,"[4, 0, 0, 80, 255, 9, 128, 1]"
2627.10031,Unknown Device,21,4,20,195,"[241, 31, 7, 208, 253, 47, 0, 5]"
2627.101786,Unknown Device,2,4,4,177,"[0, 0, 0, 98, 0, 16, 253, 255]"
2627.101973,Unknown Device,2,4,4,183,"[0, 0, 224, 8, 0, 0, 0, 0]"
2627.102254,Unknown Device,2,4,2,177,"[0, 0, 0, 98, 0, 16, 13, 0]"
2627.102441,Unknown Device,2,4,2,183,"[0, 0, 64, 7, 0, 0, 0, 0]"
2627.104141,Unknown Device,2,5,9,736,"[0, 0, 148, 6, 0, 23, 32, 0]"
2627.104299,Unknown Device,2,4,1,177,"[0, 0, 0, 226, 0, 16, 240, 255]"
2627.104472,Unknown Device,2,4,1,183,"[0, 0, 128, 248, 255, 255, 0, 0]"
2627.106013,Unknown Device,8,5,21,96,"[0, 0, 0, 0, 0, 0, 0, 0]"
2627.106157,Unknown Device,8,5,21,97,"[0, 0, 0, 0, 0, 0, 0, 192]"
2627.106301,Unknown Device,8,5,21,98,"[0, 0, 0, 64, 0, 0, 0, 192]"
2627.106446,Unknown Device,8,5,21,99,"[0, 0, 112, 0, 0, 0, 0, 240]"
2627.106583,Unknown Device,8,5,21,100,"[35, 38, 24, 250, 0, 192, 125, 0]"
2627.106874,Unknown Device,2,4,3,177,"[0, 0, 0, 226, 0, 16, 250, 255]"
2627.107047,Unknown Device,2,4,3,183,"[0, 0, 224, 251, 255, 255, 0, 0]"
2627.107256,Unknown Device,2,5,7,736,"[0, 0, 120, 6, 0, 24, 48, 0]"
2627.107401,Unknown Device,2,5,7,738,"[0, 0, 0, 128, 0, 0, 0, 128]"
2627.109568,Unknown Device,2,5,0,96,"[0, 0, 0, 0, 128, 3, 16, 0]"
2627.10972,Unknown Device,2,5,0,97,"[0, 0, 0, 0, 30, 47, 6, 0]"
2627.109868,Unknown Device,2,5,0,98,"[0, 0, 0, 0, 0, 0, 0, 0]"
2627.110013,Unknown Device,2,5,0,100,"[0, 0, 0, 0, 0, 0, 0, 0]"
2627.110229,Unknown Device,21,4,20,180,"[4, 0, 0, 80, 255, 8, 128, 1]"
2627.110665,Unknown Device,2,5,0,736,"[0, 0, 166, 6, 0, 24, 0, 0]"
2627.111135,Unknown Device,2,5,9,738,"[0, 0, 0, 0, 179, 149, 136, 63]"
2627.111889,Unknown Device,2,4,4,177,"[0, 0, 0, 98, 0, 16, 247, 255]"
2627.112341,Unknown Device,2,4,2,177,"[0, 0, 0, 98, 0, 16, 252, 255]"
2627.113556,Unknown Device,2,5,10,736,"[0, 0, 164, 6, 0, 23, 32, 0]"
2627.1137,Unknown Device,2,5,8,736,"[0, 0, 165, 6, 0, 24, 48, 0]"
2627.113834,Unknown Device,2,5,8,738,"[0, 0, 0, 128, 0, 0, 0, 128]"
2627.11413,Unknown Device,2,5,9,736,"[0, 0, 149, 6, 0, 23, 32, 0]"
2627.114274,Unknown Device,2,4,1,177,"[0, 0, 0, 226, 0, 16, 249, 255]"
2627.116301,Unknown Device,1,1,0,97,"[152, 175, 84, 126, 1, 0, 0, 255]"
2627.116798,Unknown Device,2,4,3,177,"[0, 0, 0, 226, 0, 16, 4, 0]"
2627.118001,Unknown Device,2,5,5,736,"[0, 0, 130, 6, 0, 24, 48, 0]"
2627.118131,Unknown Device,2,5,5,738,"[246, 124, 160, 51, 0, 0, 0, 128]"
2627.119093,Unknown Device,2,5,6,736,"[0, 0, 155, 6, 0, 24, 48, 0]"
2627.119237,Unknown Device,2,5,6,738,"[0, 0, 0, 128, 0, 0, 0, 128]"
2627.119566,Unknown Device,2,5,0,96,"[0, 0, 0, 0, 128, 3, 16, 0]"
2627.120178,Unknown Device,21,4,20,180,"[5, 0, 0, 80, 255, 8, 128, 1]"
2627.120344,Unknown Device,21,4,20,195,"[241, 31, 7, 208, 253, 47, 0, 5]"
2627.121806,Unknown Device,2,4,4,177,"[0, 0, 0, 98, 0, 16, 3, 0]"
2627.121994,Unknown Device,2,4,4,183,"[0, 0, 224, 8, 0, 0, 0, 0]"
2627.122288,Unknown Device,2,4,2,177,"[0, 0, 0, 98, 0, 16, 6, 0]"
2627.122447,Unknown Device,2,4,2,183,"[0, 0, 64, 7, 0, 0, 0, 0]"
2627.123622,Unknown Device,2,5,8,737,"[0, 0, 0, 0, 0, 64, 0, 0]"
2627.124189,Unknown Device,2,5,9,736,"[0, 0, 147, 6, 0, 23, 32, 0]"
2627.124303,Unknown Device,2,4,1,177,"[0, 0, 0, 226, 0, 16, 253, 255]"
2627.124474,Unknown Device,2,4,1,183,"[0, 0, 128, 248, 255, 255, 0, 0]"
2627.125995,Unknown Device,8,5,21,96,"[0, 0, 0, 0, 0, 0, 0, 0]"
2627.126146,Unknown Device,8,5,21,97,"[0, 0, 0, 0, 0, 0, 0, 192]"
2627.126289,Unknown Device,8,5,21,98,"[0, 0, 0, 64, 0, 0, 0, 192]"
2627.126432,Unknown Device,8,5,21,99,"[0, 0, 112, 0, 0, 0, 0, 240]"
2627.126575,Unknown Device,8,5,21,100,"[35, 38, 24, 250, 0, 192, 125, 0]"
2627.126856,Unknown Device,2,4,3,177,"[0, 0, 0, 226, 0, 16, 0, 0]"
2627.127028,Unknown Device,2,4,3,183,"[0, 0, 224, 251, 255, 255, 0, 0]"
2627.127213,Unknown Device,2,5,7,736,"[0, 0, 119, 6, 0, 24, 48, 0]"
2627.127356,Unknown Device,2,5,7,738,"[0, 0, 0, 128, 0, 0, 0, 128]"
2627.129152,Unknown Device,0,4,63,1,"[52, 94, 169, 122, 91, 194, 205, 45]"
2627.129571,Unknown Device,2,5,0,96,"[0, 0, 0, 0, 128, 3, 16, 0]"
2627.129714,Unknown Device,2,5,0,97,"[0, 0, 0, 0, 30, 46, 6, 0]"
2627.12986,Unknown Device,2,5,0,98,"[0, 0, 0, 0, 0, 0, 0, 0]"
2627.130012,Unknown Device,2,5,0,100,"[0, 0, 0, 0, 0, 0, 0, 0]"
2627.130225,Unknown Device,21,4,20,180,"[5, 0, 0, 80, 255, 8, 128, 1]"
2627.130672,Unknown Device,2,5,0,736,"[0, 0, 163, 6, 0, 24, 0, 0]"
2627.131116,Unknown Device,2,5,9,738,"[0, 0, 0, 0, 179, 149, 136, 63]"
2627.131834,Unknown Device,2,4,4,177,"[0, 0, 0, 98, 0, 16, 247, 255]"
2627.132295,Unknown Device,2,4,2,177,"[0, 0, 0, 98, 0, 16, 247, 255]"
2627.133558,Unknown Device,2,5,10,736,"[0, 0, 164, 6, 0, 23, 32, 0]"
2627.133701,Unknown Device,2,5,8,736,"[0, 0, 165, 6, 0, 24, 48, 0]"
2627.133842,Unknown Device,2,5,8,738,"[0, 0, 0, 128, 0, 0, 0, 128]"
2627.134126,Unknown Device,2,5,9,736,"[0, 0, 147, 6, 0, 23, 32, 0]"
2627.134311,Unknown Device,2,4,1,177,"[0, 0, 0, 226, 0, 16, 251, 255]"
2627.13681,Unknown Device,2,4,3,177,"[0, 0, 0, 226, 0, 16, 254, 255]"
2627.137145,Unknown Device,1,1,0,97,"[152, 175, 84, 126, 1, 0, 0, 255]"
2627.137978,Unknown Device,2,5,5,738,"[246, 124, 160, 51, 0, 0, 0, 128]"
2627.138121,Unknown Device,2,5,5,736,"[0, 0, 129, 6, 0, 24, 48, 0]"
2627.139102,Unknown Device,2,5,6,736,"[0, 0, 156, 6, 0, 24, 48, 0]"
2627.139246,Unknown Device,2,5,6,738,"[0, 0, 0, 128, 0, 0, 0, 128]"
2627.139568,Unknown Device,2,5,0,96,"[0, 0, 0, 0, 128, 3, 16, 0]"
2627.140185,Unknown Device,21,4,20,180,"[5, 0, 0, 80, 255, 8, 128, 1]"
2627.140337,Unknown Device,21,4,20,195,"[241, 31, 7, 208, 253, 47, 0, 5]"
2627.141858,Unknown Device,2,4,4,177,"[0, 0, 0, 98, 0, 16, 252, 255]"
2627.142068,Unknown Device,2,4,4,183,"[0, 0, 224, 8, 0, 0, 0, 0]"
2627.142354,Unknown Device,2,4,2,177,"[0, 0, 0, 98, 0, 16, 244, 255]"
2627.142555,Unknown Device,2,4,2,183,"[0, 0, 64, 7, 0, 0, 0, 0]"
2627.144124,Unknown Device,2,5,9,96,"[0, 0, 255, 255, 255, 255, 0, 0]"
2627.144268,Unknown Device,2,4,1,177,"[0, 0, 0, 226, 0, 16, 0, 0]"
2627.144398,Unknown Device,2,5,9,736,"[0, 0, 147, 6, 0, 23, 32, 0]"
2627.144565,Unknown Device,2,4,1,183,"[0, 0, 128, 248, 255, 255, 0, 0]"
2627.144695,Unknown Device,2,5,9,737,"[0, 0, 0, 8, 0, 64, 0, 0]"
2627.145988,Unknown Device,8,5,21,96,"[0, 0, 0, 0, 0, 0, 0, 0]"
2627.146133,Unknown Device,8,5,21,97,"[0, 0, 0, 0, 0, 0, 0, 192]"
2627.146291,Unknown Device,8,5,21,98,"[0, 0, 0, 64, 0, 0, 0, 192]"
2627.146429,Unknown Device,8,5,21,99,"[0, 0, 112, 0, 0, 0, 0, 240]"
2627.146573,Unknown Device,2,5,0,99,"[0, 0, 0, 0, 0, 0, 0, 0]"
2627.146717,Unknown Device,8,5,21,100,"[35, 38, 24, 250, 0, 192, 125, 0]"
2627.146893,Unknown Device,2,4,3,177,"[0, 0, 0, 226, 0, 16, 248, 255]"
2627.147074,Unknown Device,2,4,3,183,"[0, 0, 224, 251, 255, 255, 0, 0]"
2627.147218,Unknown Device,2,5,7,736,"[0, 0, 120, 6, 0, 24, 48, 0]"
2627.147361,Unknown Device,2,5,7,738,"[0, 0, 0, 128, 0, 0, 0, 128]"
2627.149581,Unknown Device,2,5,0,96,"[0, 0, 0, 0, 128, 3, 16, 0]"
2627.149711,Unknown Device,2,5,0,97,"[0, 0, 0, 0, 30, 47, 6, 0]"
2627.149859,Unknown Device,2,5,0,98,"[0, 0, 0, 0, 0, 0, 0, 0]"
2627.150004,Unknown Device,2,5,0,100,"[0, 0, 0, 0, 0, 0, 0, 0]"
2627.150184,Unknown Device,21,4,20,180,"[5, 0, 0, 80, 255, 8, 128, 1]"
2627.150655,Unknown Device,2,5,0,736,"[0, 0, 165, 6, 0, 24, 0, 0]"
2627.151109,Unknown Device,2,5,9,738,"[0, 0, 0, 0, 179, 149, 136, 63]"
2627.15189,Unknown Device,2,4,4,177,"[0, 0, 0, 98, 0, 16, 247, 255]"
2627.152342,Unknown Device,2,4,2,177,"[0, 0, 0, 98, 0, 16, 249, 255]"
2627.153545,Unknown Device,2,5,10,736,"[0, 0, 164, 6, 0, 23, 32, 0]"
2627.15369,Unknown Device,2,5,8,736,"[0, 0, 165, 6, 0, 24, 48, 0]"
2627.153824,Unknown Device,2,5,8,738,"[0, 0, 0, 128, 0, 0, 0, 128]"
2627.154119,Unknown Device,2,5,9,736,"[0, 0, 148, 6, 0, 23, 32, 0]"
2627.154263,Unknown Device,2,4,1,177,"[0, 0, 0, 226, 0, 16, 242, 255]"
2627.156797,Unknown Device,2,4,3,177,"[0, 0, 0, 226, 0, 16, 22, 0]"
2627.157972,Unknown Device,2,5,5,738,"[246, 124, 160, 51, 0, 0, 0, 128]"
2627.158116,Unknown Device,1,1,0,97,"[152, 175, 84, 126, 1, 0, 0, 255]"
2627.15826,Unknown Device,2,5,5,736,"[0, 0, 130, 6, 0, 24, 48, 0]"
2627.159084,Unknown Device,2,5,6,736,"[0, 0, 156, 6, 0, 24, 48, 0]"
2627.159236,Unknown Device,2,5,6,738,"[0, 0, 0, 128, 0, 0, 0, 128]"
2627.159565,Unknown Device,2,5,0,96,"[0, 0, 0, 0, 128, 3, 16, 0]"
2627.160583,Unknown Device,21,4,20,180,"[5, 0, 0, 80, 255, 8, 128, 1]"
2627.160742,Unknown Device,21,4,20,195,"[241, 31, 7, 208, 253, 51, 0, 5]"
2627.161807,Unknown Device,2,4,4,177,"[0, 0, 0, 98, 0, 16, 254, 255]"
2627.161965,Unknown Device,2,4,4,183,"[0, 0, 224, 8, 0, 0, 0, 0]"
2627.162288,Unknown Device,2,4,2,177,"[0, 0, 0, 98, 0, 16, 242, 255]"
2627.16246,Unknown Device,2,4,2,183,"[0, 0, 64, 7, 0, 0, 0, 0]"
2627.164116,Unknown Device,2,5,9,736,"[0, 0, 148, 6, 0, 23, 32, 0]"
2627.164246,Unknown Device,2,4,1,177,"[0, 0, 0, 226, 0, 16, 229, 255]"
2627.164504,Unknown Device,2,4,1,183,"[0, 0, 128, 248, 255, 255, 0, 0]"
2627.165088,Unknown Device,2,5,6,737,"[0, 0, 0, 0, 0, 64, 0, 0]"
2627.165991,Unknown Device,8,5,21,96,"[0, 0, 0, 0, 0, 0, 0, 0]"
2627.166135,Unknown Device,8,5,21,97,"[0, 0, 0, 0, 0, 0, 0, 192]"
2627.166279,Unknown Device,8,5,21,98,"[0, 0, 0, 64, 0, 0, 0, 192]"
2627.166422,Unknown Device,8,5,21,99,"[0, 0, 112, 0, 0, 0, 0, 240]"
2627.166574,Unknown Device,8,5,21,100,"[36, 38, 24, 250, 0, 192, 125, 0]"
2627.166878,Unknown Device,2,4,3,177,"[0, 0, 0, 226, 0, 16, 252, 255]"
2627.167052,Unknown Device,2,4,3,183,"[0, 0, 224, 251, 255, 255, 0, 0]"
2627.167218,Unknown Device,2,5,7,736,"[0, 0, 120, 6, 0, 24, 48, 0]"
2627.167362,Unknown Device,2,5,7,738,"[0, 0, 0, 128, 0, 0, 0, 128]"
2627.169569,Unknown Device,2,5,0,96,"[0, 0, 0, 0, 128, 3, 16, 0]"
2627.169705,Unknown Device,2,5,0,97,"[0, 0, 0, 0, 30, 47, 6, 0]"
2627.169852,Unknown Device,2,5,0,98,"[0, 0, 0, 0, 0, 0, 0, 0]"
2627.169995,Unknown Device,2,5,0,100,"[0, 0, 0, 0, 0, 0, 0, 0]"
2627.170137,Unknown Device,0,4,63,1,"[52, 94, 169, 127, 203, 240, 58, 57]"
2627.170625,Unknown Device,21,4,20,180,"[6, 0, 0, 80, 255, 8, 128, 1]"
2627.170772,Unknown Device,2,5,0,736,"[0, 0, 165, 6, 0, 24, 0, 0]"
2627.171093,Unknown Device,2,5,9,738,"[0, 0, 0, 0, 179, 149, 136, 63]"
2627.171826,Unknown Device,2,4,4,177,"[0, 0, 0, 98, 0, 16, 247, 255]"
2627.17226,Unknown Device,2,4,2,177,"[0, 0, 0, 98, 0, 16, 1, 0]"
2627.173536,Unknown Device,2,5,10,736,"[0, 0, 164, 6, 0, 23, 32, 0]"
2627.173679,Unknown Device,2,5,8,736,"[0, 0, 164, 6, 0, 24, 48, 0]"
2627.173825,Unknown Device,2,5,8,738,"[0, 0, 0, 128, 0, 0, 0, 128]"
2627.174103,Unknown Device,2,5,9,736,"[0, 0, 148, 6, 0, 23, 32, 0]"
2627.174246,Unknown Device,2,4,1,177,"[0, 0, 0, 226, 0, 16, 232, 255]"
2627.176831,Unknown Device,2,4,3,177,"[0, 0, 0, 226, 0, 16, 254, 255]"
2627.17798,Unknown Device,2,5,5,736,"[0, 0, 130, 6, 0, 24, 48, 0]"
2627.178116,Unknown Device,2,5,5,738,"[246, 124, 160, 51, 0, 0, 0, 128]"
2627.17892,Unknown Device,1,1,0,97,"[152, 175, 84, 126, 1, 0, 0, 255]"
2627.179091,Unknown Device,2,5,6,736,"[0, 0, 155, 6, 0, 24, 48, 0]"
2627.179242,Unknown Device,2,5,6,738,"[0, 0, 0, 128, 0, 0, 0, 128]"
2627.179554,Unknown Device,2,5,0,96,"[0, 0, 0, 0, 128, 3, 16, 0]"
2627.180508,Unknown Device,21,4,20,180,"[6, 0, 0, 80, 255, 8, 128, 1]"
2627.180651,Unknown Device,21,4,20,195,"[241, 223, 6, 192, 253, 51, 0, 5]"
2627.180811,Unknown Device,21,4,20,196,"[31, 1, 221, 0, 32, 127, 0, 0]"
2627.180962,Unknown Device,21,4,20,199,"[237, 255, 47, 255, 255, 252, 255, 15]"
2627.181105,Unknown Device,21,4,20,200,"[172, 0, 76, 0, 212, 63, 0, 4]"
2627.181565,Unknown Device,2,5,0,101,"[0, 0, 0, 0, 0, 0, 16, 0]"
2627.181707,Unknown Device,2,5,0,102,"[0, 0, 0, 0, 0, 0, 0, 0]"
2627.181952,Unknown Device,2,4,4,177,"[0, 0, 0, 98, 0, 16, 0, 0]"
2627.182146,Unknown Device,2,4,4,183,"[0, 0, 224, 8, 0, 0, 0, 0]"
2627.182415,Unknown Device,2,4,2,177,"[0, 0, 0, 98, 0, 16, 8, 0]"
2627.182586,Unknown Device,2,4,2,183,"[0, 0, 64, 7, 0, 0, 0, 0]"
2627.184103,Unknown Device,2,5,9,736,"[0, 0, 149, 6, 0, 23, 32, 0]"
2627.184247,Unknown Device,2,4,1,177,"[0, 0, 0, 226, 0, 16, 242, 255]"
2627.184485,Unknown Device,2,4,1,183,"[0, 0, 128, 248, 255, 255, 0, 0]"
2627.185996,Unknown Device,8,5,21,96,"[0, 0, 0, 0, 0, 0, 0, 0]"
2627.18614,Unknown Device,8,5,21,97,"[0, 0, 0, 0, 0, 0, 0, 192]"
2627.186284,Unknown Device,8,5,21,98,"[0, 0, 0, 64, 0, 0, 0, 192]"
2627.186428,Unknown Device,8,5,21,99,"[0, 0, 112, 0, 0, 0, 0, 240]"
2627.18658,Unknown Device,8,5,21,100,"[36, 38, 24, 250, 0, 192, 125, 0]"
2627.186843,Unknown Device,2,4,3,177,"[0, 0, 0, 226, 0, 16, 250, 255]"
2627.187016,Unknown Device,2,4,3,183,"[0, 0, 224, 251, 255, 255, 0, 0]"
2627.187197,Unknown Device,2,5,7,736,"[0, 0, 120, 6, 0, 24, 48, 0]"
2627.187341,Unknown Device,2,5,7,738,"[0, 0, 0, 128, 0, 0, 0, 128]"
2627.189572,Unknown Device,2,5,0,96,"[0, 0, 0, 0, 128, 3, 16, 0]"
2627.189715,Unknown Device,2,5,0,97,"[0, 0, 0, 0, 30, 47, 6, 0]"
2627.189864,Unknown Device,2,5,0,98,"[0, 0, 0, 0, 0, 0, 0, 0]"
2627.190009,Unknown Device,2,5,0,100,"[0, 0, 0, 0, 0, 0, 0, 0]"
2627.190417,Unknown Device,21,4,20,180,"[6, 0, 0, 80, 255, 8, 128, 1]"
2627.190646,Unknown Device,2,5,0,736,"[0, 0, 165, 6, 0, 24, 0, 0]"
2627.191088,Unknown Device,2,5,9,738,"[0, 0, 0, 0, 179, 149, 136, 63]"
2627.191813,Unknown Device,2,4,4,177,"[0, 0, 0, 98, 0, 16, 252, 255]"
2627.192222,Unknown Device,2,4,2,177,"[0, 0, 0, 98, 0, 16, 251, 255]"
2627.193536,Unknown Device,2,5,10,736,"[0, 0, 165, 6, 0, 23, 32, 0]"
2627.193687,Unknown Device,2,5,8,736,"[0, 0, 165, 6, 0, 24, 48, 0]"
2627.193821,Unknown Device,2,5,8,738,"[0, 0, 0, 128, 0, 0, 0, 128]"
2627.194095,Unknown Device,2,5,9,736,"[0, 0, 148, 6, 0, 23, 32, 0]"
2627.194289,Unknown Device,2,4,1,177,"[0, 0, 0, 226, 0, 16, 6, 0]"
2627.196551,Unknown Device,2,5,0,99,"[0, 0, 0, 0, 0, 0, 0, 0]"
2627.196755,Unknown Device,2,4,3,177,"[0, 0, 0, 226, 0, 16, 248, 255]"
2627.197971,Unknown Device,2,5,5,736,"[0, 0, 130, 6, 0, 24, 48, 0]"
2627.198102,Unknown Device,2,5,5,738,"[246, 124, 160, 51, 0, 0, 0, 128]"
2627.199092,Unknown Device,2,5,6,736,"[0, 0, 156, 6, 0, 24, 48, 0]"
2627.199236,Unknown Device,2,5,6,738,"[0, 0, 0, 128, 0, 0, 0, 128]"
2627.199545,Unknown Device,2,5,0,96,"[0, 0, 0, 0, 128, 3, 16, 0]"
2627.199731,Unknown Device,1,1,0,97,"[152, 175, 84, 126, 1, 0, 0, 255]"
2627.200229,Unknown Device,21,4,20,180,"[6, 0, 0, 80, 255, 8, 128, 1]"
2627.200394,Unknown Device,21,4,20,195,"[241, 223, 6, 192, 253, 51, 0, 5]"
2627.201856,Unknown Device,2,4,4,177,"[0, 0, 0, 98, 0, 16, 255, 255]"
2627.202058,Unknown Device,2,4,4,183,"[0, 0, 224, 8, 0, 0, 0, 0]"
2627.202309,Unknown Device,2,4,2,177,"[0, 0, 0, 98, 0, 16, 0, 0]"
2627.202482,Unknown Device,2,4,2,183,"[0, 0, 64, 7, 0, 0, 0, 0]"
2627.204095,Unknown Device,2,5,9,736,"[0, 0, 148, 6, 0, 23, 32, 0]"
2627.204239,Unknown Device,2,4,1,177,"[0, 0, 0, 226, 0, 16, 240, 255]"
2627.204476,Unknown Device,2,4,1,183,"[0, 0, 128, 248, 255, 255, 0, 0]"
2627.205981,Unknown Device,8,5,21,96,"[0, 0, 0, 0, 0, 0, 0, 0]"
2627.206125,Unknown Device,8,5,21,97,"[0, 0, 0, 0, 0, 0, 0, 192]"
2627.206277,Unknown Device,8,5,21,98,"[0, 0, 0, 64, 0, 0, 0, 192]"
2627.206422,Unknown Device,8,5,21,99,"[0, 0, 112, 0, 0, 0, 0, 240]"
2627.206566,Unknown Device,8,5,21,100,"[36, 38, 24, 250, 0, 192, 125, 0]"
2627.206807,Unknown Device,2,4,3,177,"[0, 0, 0, 226, 0, 16, 252, 255]"
2627.206995,Unknown Device,2,4,3,183,"[0, 0, 224, 251, 255, 255, 0, 0]"
2627.207196,Unknown Device,2,5,7,736,"[0, 0, 119, 6, 0, 24, 48, 0]"
2627.20734,Unknown Device,2,5,7,738,"[0, 0, 0, 128, 0, 0, 0, 128]"
2627.20957,Unknown Device,2,5,0,96,"[0, 0, 0, 0, 128, 3, 16, 0]"
2627.209708,Unknown Device,2,5,0,97,"[0, 0, 0, 0, 30, 47, 6, 0]"
2627.209856,Unknown Device,2,5,0,98,"[0, 0, 0, 0, 0, 0, 0, 0]"
2627.210001,Unknown Device,2,5,0,100,"[0, 0, 0, 0, 0, 0, 0, 0]"
2627.210225,Unknown Device,21,4,20,180,"[6, 0, 0, 80, 255, 8, 128, 1]"
2627.210653,Unknown Device,2,5,0,736,"[0, 0, 165, 6, 0, 24, 0, 0]"
2627.210809,Unknown Device,0,4,63,1,"[52, 94, 169, 127, 252, 156, 109, 106]"
2627.211082,Unknown Device,2,5,9,738,"[0, 0, 0, 0, 179, 149, 136, 63]"
2627.211877,Unknown Device,2,4,4,177,"[0, 0, 0, 98, 0, 16, 5, 0]"
2627.212285,Unknown Device,2,4,2,177,"[0, 0, 0, 98, 0, 16, 7, 0]"
2627.213515,Unknown Device,2,5,10,736,"[0, 0, 164, 6, 0, 23, 32, 0]"
2627.213667,Unknown Device,2,5,8,736,"[0, 0, 165, 6, 0, 24, 48, 0]"
2627.213816,Unknown Device,2,5,8,738,"[0, 0, 0, 128, 0, 0, 0, 128]"
2627.214088,Unknown Device,2,5,9,736,"[0, 0, 148, 6, 0, 23, 32, 0]"
2627.21423,Unknown Device,2,4,1,177,"[0, 0, 0, 226, 0, 16, 235, 255]"
2627.21675,Unknown Device,2,4,3,177,"[0, 0, 0, 226, 0, 16, 244, 255]"
2627.217957,Unknown Device,2,5,5,736,"[0, 0, 130, 6, 0, 24, 48, 0]"
2627.218101,Unknown Device,2,5,5,738,"[246, 124, 160, 51, 0, 0, 0, 128]"
2627.219068,Unknown Device,2,5,6,736,"[0, 0, 155, 6, 0, 24, 48, 0]"
2627.219224,Unknown Device,2,5,6,738,"[0, 0, 0, 128, 0, 0, 0, 128]"
2627.219571,Unknown Device,2,5,0,96,"[0, 0, 0, 0, 128, 3, 16, 0]"
2627.220177,Unknown Device,21,4,20,180,"[5, 0, 0, 80, 255, 8, 128, 1]"
2627.220319,Unknown Device,21,4,20,195,"[241, 223, 6, 192, 253, 51, 0, 5]"
2627.220925,Unknown Device,1,1,0,97,"[152, 175, 84, 126, 1, 0, 0, 255]"
2627.221801,Unknown Device,2,4,4,177,"[0, 0, 0, 98, 0, 16, 243, 255]"
2627.221966,Unknown Device,2,4,4,183,"[0, 0, 224, 8, 0, 0, 0, 0]"
2627.222377,Unknown Device,2,4,2,177,"[0, 0, 0, 98, 0, 16, 251, 255]"
2627.222534,Unknown Device,2,4,2,183,"[0, 0, 64, 7, 0, 0, 0, 0]"
2627.224089,Unknown Device,2,5,9,736,"[0, 0, 148, 6, 0, 23, 32, 0]"
2627.224231,Unknown Device,2,4,1,177,"[0, 0, 0, 226, 0, 16, 252, 255]"
2627.224495,Unknown Device,2,4,1,183,"[0, 0, 128, 248, 255, 255, 0, 0]"
2627.225975,Unknown Device,8,5,21,96,"[0, 0, 0, 0, 0, 0, 0, 0]"
2627.22614,Unknown Device,8,5,21,97,"[0, 0, 0, 0, 0, 0, 0, 192]"
2627.226269,Unknown Device,8,5,21,98,"[0, 0, 0, 64, 0, 0, 0, 192]"
2627.226412,Unknown Device,8,5,21,99,"[0, 0, 112, 0, 0, 0, 0, 240]"
2627.226554,Unknown Device,8,5,21,100,"[36, 38, 24, 250, 0, 192, 125, 0]"
2627.226821,Unknown Device,2,4,3,177,"[0, 0, 0, 226, 0, 16, 232, 255]"
2627.227021,Unknown Device,2,4,3,183,"[0, 0, 224, 251, 255, 255, 0, 0]"
2627.227191,Unknown Device,2,5,7,736,"[0, 0, 119, 6, 0, 24, 48, 0]"
2627.22737,Unknown Device,2,5,7,738,"[0, 0, 0, 128, 0, 0, 0, 128]"
2627.229562,Unknown Device,2,5,0,96,"[0, 0, 0, 0, 128, 3, 16, 0]"
2627.2297,Unknown Device,2,5,0,97,"[0, 0, 0, 0, 30, 47, 6, 0]"
2627.229848,Unknown Device,2,5,0,98,"[0, 0, 0, 0, 0, 0, 0, 0]"
2627.230008,Unknown Device,2,5,0,100,"[0, 0, 0, 0, 0, 0, 0, 0]"
2627.230188,Unknown Device,21,4,20,180,"[5, 0, 0, 80, 255, 8, 128, 1]"
2627.230638,Unknown Device,2,5,0,736,"[0, 0, 165, 6, 0, 24, 0, 0]"
2627.231078,Unknown Device,2,5,9,738,"[0, 0, 0, 0, 179, 149, 136, 63]"
2627.231781,Unknown Device,2,4,4,177,"[0, 0, 0, 98, 0, 16, 240, 255]"
2627.232332,Unknown Device,2,4,2,177,"[0, 0, 0, 98, 0, 16, 0, 0]"
2627.233521,Unknown Device,2,5,10,736,"[0, 0, 165, 6, 0, 23, 32, 0]"
2627.233666,Unknown Device,2,5,8,736,"[0, 0, 166, 6, 0, 24, 48, 0]"
2627.233808,Unknown Device,2,5,8,738,"[0, 0, 0, 128, 0, 0, 0, 128]"
2627.23408,Unknown Device,2,5,9,736,"[0, 0, 149, 6, 0, 23, 32, 0]"
2627.234246,Unknown Device,2,4,1,177,"[0, 0, 0, 226, 0, 16, 243, 255]"
2627.236719,Unknown Device,2,4,3,177,"[0, 0, 0, 226, 0, 16, 252, 255]"
2627.237969,Unknown Device,2,5,5,736,"[0, 0, 130, 6, 0, 24, 48, 0]"
2627.238113,Unknown Device,2,5,5,738,"[246, 124, 160, 51, 0, 0, 0, 128]"
2627.239072,Unknown Device,2,5,6,736,"[0, 0, 156, 6, 0, 24, 48, 0]"
2627.239216,Unknown Device,2,5,6,738,"[0, 0, 0, 128, 0, 0, 0, 128]"
2627.239553,Unknown Device,2,5,0,96,"[0, 0, 0, 0, 128, 3, 16, 0]"
2627.240136,Unknown Device,21,4,20,180,"[5, 0, 0, 80, 255, 8, 128, 1]"
2627.240295,Unknown Device,21,4,20,195,"[241, 223, 6, 192, 253, 47, 0, 5]"
2627.241787,Unknown Device,1,1,0,97,"[152, 175, 84, 126, 1, 0, 0, 255]"
2627.241924,Unknown Device,2,4,4,177,"[0, 0, 0, 98, 0, 16, 255, 255]"
2627.242126,Unknown Device,2,4,4,183,"[0, 0, 224, 8, 0, 0, 0, 0]"
2627.242369,Unknown Device,2,4,2,177,"[0, 0, 0, 98, 0, 16, 248, 255]"
2627.242549,Unknown Device,2,4,2,183,"[0, 0, 64, 7, 0, 0, 0, 0]"
2627.243651,Unknown Device,2,5,0,737,"[0, 0, 0, 8, 0, 64, 0, 0]"
2627.244071,Unknown Device,2,5,9,736,"[0, 0, 149, 6, 0, 23, 32, 0]"
2627.244237,Unknown Device,2,4,1,177,"[0, 0, 0, 226, 0, 16, 233, 255]"
2627.244481,Unknown Device,2,4,1,183,"[0, 0, 128, 248, 255, 255, 0, 0]"
2627.245965,Unknown Device,8,5,21,96,"[0, 0, 0, 0, 0, 0, 0, 0]"
2627.24611,Unknown Device,8,5,21,97,"[0, 0, 0, 0, 0, 0, 0, 192]"
2627.246254,Unknown Device,8,5,21,98,"[0, 0, 0, 64, 0, 0, 0, 192]"
2627.246405,Unknown Device,8,5,21,99,"[0, 0, 112, 0, 0, 0, 0, 240]"
2627.246535,Unknown Device,8,5,21,100,"[35, 38, 24, 250, 0, 192, 125, 0]"
2627.246693,Unknown Device,2,5,0,99,"[0, 0, 0, 0, 0, 0, 0, 0]"
2627.246827,Unknown Device,2,4,3,177,"[0, 0, 0, 226, 0, 16, 3, 0]"
2627.246994,Unknown Device,2,4,3,183,"[0, 0, 224, 251, 255, 255, 0, 0]"
2627.24718,Unknown Device,2,5,7,736,"[0, 0, 120, 6, 0, 24, 48, 0]"
2627.247324,Unknown Device,2,5,7,738,"[0, 0, 0, 128, 0, 0, 0, 128]"
2627.249558,Unknown Device,2,5,0,96,"[0, 0, 0, 0, 128, 3, 16, 0]"
2627.249702,Unknown Device,2,5,0,97,"[0, 0, 0, 0, 30, 47, 6, 0]"
2627.24985,Unknown Device,2,5,0,98,"[0, 0, 0, 0, 0, 0, 0, 0]"
2627.249988,Unknown Device,2,5,0,100,"[0, 0, 0, 0, 0, 0, 0, 0]"
2627.25016,Unknown Device,21,4,20,180,"[5, 0, 0, 80, 255, 8, 128, 1]"
2627.250638,Unknown Device,2,5,0,736,"[0, 0, 164, 6, 0, 24, 0, 0]"
2627.251071,Unknown Device,2,5,9,738,"[0, 0, 0, 0, 179, 149, 136, 63]"
2627.251607,Unknown Device,0,4,63,1,"[52, 94, 168, 121, 0, 82, 183, 238]"
2627.25182,Unknown Device,2,4,4,177,"[0, 0, 0, 98, 0, 16, 9, 0]"
2627.252372,Unknown Device,2,4,2,177,"[0, 0, 0, 98, 0, 16, 238, 255]"
2627.253517,Unknown Device,2,5,10,736,"[0, 0, 164, 6, 0, 23, 32, 0]"
2627.253661,Unknown Device,2,5,8,736,"[0, 0, 165, 6, 0, 24, 48, 0]"
2627.253809,Unknown Device,2,5,8,738,"[0, 0, 0, 128, 0, 0, 0, 128]"
2627.254061,Unknown Device,2,5,9,736,"[0, 0, 148, 6, 0, 23, 32, 0]"
2627.254219,Unknown Device,2,4,1,177,"[0, 0, 0, 226, 0, 16, 231, 255]"
2627.256768,Unknown Device,2,4,3,177,"[0, 0, 0, 226, 0, 16, 7, 0]"
2627.257962,Unknown Device,2,5,5,736,"[0, 0, 129, 6, 0, 24, 48, 0]"
2627.258093,Unknown Device,2,5,5,738,"[246, 124, 160, 51, 0, 0, 0, 128]"
2627.259073,Unknown Device,2,5,6,736,"[0, 0, 156, 6, 0, 24, 48, 0]"
2627.25921,Unknown Device,2,5,6,738,"[0, 0, 0, 128, 0, 0, 0, 128]"
2627.25955,Unknown Device,2,5,0,96,"[0, 0, 0, 0, 128, 3, 16, 0]"
2627.260129,Unknown Device,21,4,20,180,"[4, 0, 0, 80, 255, 8, 128, 1]"
2627.260286,Unknown Device,21,4,20,195,"[241, 31, 7, 192, 253, 47, 0, 5]"
2627.261756,Unknown Device,2,4,4,431,"[0, 0, 0, 0, 1, 26, 19, 0]"
2627.261927,Unknown Device,2,4,4,285,"[0, 0, 0, 0, 0, 0, 0, 0]"
2627.262162,Unknown Device,2,4,4,193,"[0, 243, 199, 46, 0, 0, 0, 0]"
2627.262291,Unknown Device,2,4,2,431,"[0, 0, 0, 0, 1, 26, 19, 0]"
2627.262484,Unknown Device,2,4,2,285,"[0, 0, 0, 0, 0, 0, 0, 0]"
2627.262697,Unknown Device,2,4,4,177,"[0, 0, 0, 98, 0, 16, 252, 255]"
2627.262844,Unknown Device,1,1,0,97,"[152, 175, 84, 126, 1, 0, 0, 255]"
2627.262988,Unknown Device,2,4,4,181,"[254, 127, 0, 128, 83, 22, 28, 24]"
2627.263124,Unknown Device,2,4,2,193,"[0, 243, 199, 46, 0, 0, 0, 0]"
2627.263267,Unknown Device,2,4,4,182,"[0, 0, 64, 231, 0, 0, 0, 0]"
2627.26341,Unknown Device,2,4,2,177,"[0, 0, 0, 98, 0, 16, 236, 255]"
2627.263702,Unknown Device,2,4,4,183,"[0, 0, 224, 8, 0, 0, 0, 0]"
2627.263849,Unknown Device,2,4,4,184,"[0, 0, 0, 0, 0, 0, 0, 128]"
2627.264049,Unknown Device,2,4,4,185,"[0, 0, 0, 0, 0, 0, 0, 128]"
2627.264192,Unknown Device,2,4,2,181,"[246, 127, 0, 128, 83, 23, 28, 24]"
2627.264314,Unknown Device,2,4,1,431,"[0, 0, 0, 0, 1, 26, 19, 0]"
2627.264457,Unknown Device,2,4,2,182,"[0, 0, 64, 189, 0, 0, 0, 0]"
2627.2646,Unknown Device,2,4,1,285,"[0, 0, 0, 0, 0, 0, 0, 0]"
2627.264746,Unknown Device,2,5,9,736,"[0, 0, 148, 6, 0, 23, 32, 0]"
2627.264897,Unknown Device,2,4,4,186,"[8, 0, 0, 0, 0, 0, 0, 0]"
2627.26504,Unknown Device,2,4,1,193,"[0, 243, 199, 46, 0, 0, 0, 0]"
2627.265183,Unknown Device,2,4,2,183,"[0, 0, 64, 7, 0, 0, 0, 0]"
2627.265325,Unknown Device,2,4,1,177,"[0, 0, 0, 226, 0, 16, 255, 255]"
2627.265462,Unknown Device,2,4,2,184,"[0, 0, 0, 0, 0, 0, 0, 128]"
2627.265604,Unknown Device,2,4,1,181,"[255, 127, 0, 128, 83, 22, 28, 24]"
2627.265751,Unknown Device,2,4,2,185,"[0, 0, 0, 0, 0, 0, 0, 128]"
2627.265893,Unknown Device,2,4,4,187,"[0, 0, 4, 0, 0, 0, 0, 0]"
2627.266044,Unknown Device,2,4,1,182,"[0, 0, 192, 62, 255, 255, 0, 0]"
2627.266187,Unknown Device,2,4,1,183,"[0, 0, 128, 248, 255, 255, 0, 0]"
2627.266329,Unknown Device,2,4,2,186,"[8, 0, 0, 0, 0, 0, 0, 0]"
2627.266472,Unknown Device,2,4,1,184,"[0, 0, 0, 0, 0, 0, 0, 128]"
2627.266622,Unknown Device,8,5,21,96,"[0, 0, 0, 0, 0, 0, 0, 0]"
2627.266769,Unknown Device,2,4,2,187,"[0, 0, 4, 0, 0, 0, 0, 0]"
2627.266912,Unknown Device,8,5,21,97,"[0, 0, 0, 0, 0, 0, 0, 192]"
2627.267028,Unknown Device,2,4,3,431,"[0, 0, 0, 0, 1, 26, 19, 0]"
2627.267178,Unknown Device,2,4,1,185,"[0, 0, 0, 0, 0, 0, 0, 128]"
2627.267321,Unknown Device,2,5,7,736,"[0, 0, 120, 6, 0, 24, 48, 0]"
2627.267464,Unknown Device,2,4,1,186,"[8, 0, 0, 0, 0, 0, 0, 0]"
2627.267615,Unknown Device,2,4,3,285,"[0, 0, 0, 0, 0, 0, 0, 0]"
2627.267762,Unknown Device,2,5,7,738,"[0, 0, 0, 128, 0, 0, 0, 128]"
2627.267905,Unknown Device,2,4,3,193,"[0, 243, 199, 46, 0, 0, 0, 0]"
2627.268048,Unknown Device,8,5,21,98,"[0, 0, 0, 64, 0, 0, 0, 192]"
2627.268185,Unknown Device,2,4,3,177,"[0, 0, 0, 226, 0, 16, 9, 0]"
2627.268342,Unknown Device,2,4,1,187,"[0, 0, 4, 0, 0, 0, 0, 0]"
2627.268485,Unknown Device,8,5,21,99,"[0, 0, 112, 0, 0, 0, 0, 240]"
2627.268613,Unknown Device,2,4,3,181,"[251, 127, 0, 128, 83, 21, 27, 25]"
2627.268782,Unknown Device,8,5,21,100,"[35, 38, 24, 250, 0, 192, 125, 0]"
2627.268896,Unknown Device,2,4,3,182,"[0, 0, 64, 152, 255, 255, 0, 0]"
2627.269096,Unknown Device,2,4,3,183,"[0, 0, 224, 251, 255, 255, 0, 0]"
2627.269541,Unknown Device,2,5,0,96,"[0, 0, 0, 0, 128, 3, 16, 0]"
2627.269684,Unknown Device,2,4,3,184,"[0, 0, 0, 0, 0, 0, 0, 128]"
2627.269838,Unknown Device,2,5,0,97,"[0, 0, 0, 0, 30, 46, 6, 0]"
2627.269982,Unknown Device,2,4,3,185,"[0, 0, 0, 0, 0, 0, 0, 128]"
2627.270124,Unknown Device,2,5,0,98,"[0, 0, 0, 0, 0, 0, 0, 0]"
2627.270275,Unknown Device,2,5,0,100,"[0, 0, 0, 0, 0, 0, 0, 0]"
2627.270417,Unknown Device,21,4,20,180,"[4, 0, 0, 80, 255, 8, 128, 1]"
2627.270624,Unknown Device,2,5,0,736,"[0, 0, 165, 6, 0, 24, 0, 0]"
2627.270771,Unknown Device,2,4,3,186,"[8, 0, 0, 0, 0, 0, 0, 0]"
2627.271021,Unknown Device,2,4,3,187,"[0, 0, 4, 0, 0, 0, 0, 0]"
2627.271164,Unknown Device,2,5,9,738,"[0, 0, 0, 0, 179, 149, 136, 63]"
2627.271863,Unknown Device,2,4,4,177,"[0, 0, 0, 98, 0, 16, 254, 255]"
2627.272226,Unknown Device,2,4,2,177,"[0, 0, 0, 98, 0, 16, 232, 255]"
2627.2735,Unknown Device,2,5,10,736,"[0, 0, 163, 6, 0, 23, 32, 0]"
2627.273643,Unknown Device,2,5,8,736,"[0, 0, 164, 6, 0, 24, 48, 0]"
2627.273789,Unknown Device,2,5,8,738,"[0, 0, 0, 128, 0, 0, 0, 128]"
2627.274081,Unknown Device,2,5,9,736,"[0, 0, 147, 6, 0, 23, 32, 0]"
2627.274225,Unknown Device,2,4,1,177,"[0, 0, 0, 226, 0, 16, 254, 255]"
2627.276733,Unknown Device,2,4,3,177,"[0, 0, 0, 226, 0, 16, 3, 0]"
2627.277941,Unknown Device,2,5,5,736,"[0, 0, 130, 6, 0, 24, 48, 0]"
2627.278085,Unknown Device,2,5,5,738,"[246, 124, 160, 51, 0, 0, 0, 128]"
2627.279061,Unknown Device,2,5,6,738,"[0, 0, 0, 128, 0, 0, 0, 128]"
2627.279199,Unknown Device,2,5,6,736,"[0, 0, 156, 6, 0, 24, 48, 0]"
2627.279536,Unknown Device,2,5,0,96,"[0, 0, 0, 0, 128, 3, 16, 0]"
2627.280105,Unknown Device,21,4,20,431,"[0, 0, 0, 0, 1, 26, 19, 0]"
2627.280271,Unknown Device,21,4,20,285,"[0, 0, 0, 0, 0, 64, 0, 0]"
2627.280414,Unknown Device,21,4,20,180,"[4, 0, 0, 80, 255, 8, 128, 1]"
2627.280558,Unknown Device,21,4,20,195,"[241, 31, 7, 192, 253, 47, 0, 5]"
2627.28071,Unknown Device,21,4,20,196,"[31, 1, 224, 0, 32, 127, 0, 0]"
2627.280872,Unknown Device,21,4,20,197,"[127, 29, 0, 22, 64, 0, 0, 255]"
2627.281016,Unknown Device,21,4,20,198,"[251, 255, 207, 255, 255, 3, 0, 144]"
2627.281168,Unknown Device,21,4,20,199,"[13, 0, 96, 1, 0, 232, 255, 15]"
2627.281326,Unknown Device,21,4,20,203,"[1, 0, 0, 0, 255, 255, 0, 0]"
2627.281478,Unknown Device,21,4,20,200,"[108, 0, 104, 0, 156, 63, 0, 4]"
2627.281622,Unknown Device,21,4,20,202,"[155, 98, 0, 0, 0, 0, 0, 0]"
2627.281769,Unknown Device,21,4,20,205,"[0, 0, 0, 0, 0, 0, 0, 0]"
2627.281921,Unknown Device,21,4,20,206,"[166, 255, 48, 0, 169, 2, 0, 0]"
2627.282066,Unknown Device,2,4,4,177,"[0, 0, 0, 98, 0, 16, 248, 255]"
2627.282374,Unknown Device,2,4,2,177,"[0, 0, 0, 98, 0, 16, 1, 0]"
2627.282532,Unknown Device,2,4,2,183,"[0, 0, 64, 7, 0, 0, 0, 0]"
2627.282684,Unknown Device,2,4,4,183,"[0, 0, 224, 8, 0, 0, 0, 0]"
2627.283696,Unknown Device,1,1,0,97,"[152, 175, 84, 126, 1, 0, 0, 255]"
2627.28408,Unknown Device,2,5,9,736,"[0, 0, 148, 6, 0, 23, 32, 0]"
2627.284224,Unknown Device,2,4,1,177,"[0, 0, 0, 226, 0, 16, 243, 255]"
2627.284489,Unknown Device,2,4,1,183,"[0, 0, 128, 248, 255, 255, 0, 0]"
2627.284633,Unknown Device,2,5,0,103,"[0, 0, 0, 0, 0, 0, 0, 0]"
2627.285965,Unknown Device,8,5,21,96,"[0, 0, 0, 0, 0, 0, 0, 0]"
2627.28611,Unknown Device,8,5,21,97,"[0, 0, 0, 0, 0, 0, 0, 192]"
2627.286253,Unknown Device,8,5,21,98,"[0, 0, 0, 64, 0, 0, 0, 192]"
2627.286398,Unknown Device,8,5,21,99,"[0, 0, 112, 0, 0, 0, 0, 240]"
2627.286542,Unknown Device,2,5,10,737,"[0, 0, 0, 0, 0, 64, 0, 0]"
2627.286672,Unknown Device,8,5,21,100,"[35, 38, 24, 250, 0, 192, 125, 0]"
2627.28682,Unknown Device,2,4,3,177,"[0, 0, 0, 226, 0, 16, 12, 0]"
2627.286979,Unknown Device,2,4,3,183,"[0, 0, 224, 251, 255, 255, 0, 0]"
2627.287166,Unknown Device,2,5,7,736,"[0, 0, 120, 6, 0, 24, 48, 0]"
2627.28731,Unknown Device,2,5,7,738,"[0, 0, 0, 128, 0, 0, 0, 128]"
2627.289528,Unknown Device,2,5,0,97,"[0, 0, 0, 0, 30, 47, 6, 0]"
2627.289672,Unknown Device,2,5,0,98,"[0, 0, 0, 0, 0, 0, 0, 0]"
2627.28982,Unknown Device,2,5,0,100,"[0, 0, 0, 0, 0, 0, 0, 0]"
2627.289964,Unknown Device,2,5,0,96,"[0, 0, 0, 0, 128, 3, 16, 0]"
2627.290194,Unknown Device,21,4,20,180,"[4, 0, 0, 80, 255, 8, 128, 1]"
2627.290616,Unknown Device,2,5,0,736,"[0, 0, 166, 6, 0, 24, 0, 0]"
2627.291058,Unknown Device,2,5,9,738,"[0, 0, 0, 0, 179, 149, 136, 63]"
2627.291782,Unknown Device,2,4,4,177,"[0, 0, 0, 98, 0, 16, 255, 255]"
2627.292239,Unknown Device,2,4,2,177,"[0, 0, 0, 98, 0, 16, 6, 0]"
2627.292453,Unknown Device,0,4,63,1,"[52, 94, 169, 122, 218, 103, 40, 254]"
2627.293496,Unknown Device,2,5,10,736,"[0, 0, 165, 6, 0, 23, 32, 0]"
2627.29364,Unknown Device,2,5,8,736,"[0, 0, 165, 6, 0, 24, 48, 0]"
2627.293788,Unknown Device,2,5,8,738,"[0, 0, 0, 128, 0, 0, 0, 128]"
2627.294046,Unknown Device,2,5,9,736,"[0, 0, 148, 6, 0, 23, 32, 0]"
2627.294233,Unknown Device,2,4,1,177,"[0, 0, 0, 226, 0, 16, 250, 255]"
2627.296532,Unknown Device,2,5,0,99,"[0, 0, 0, 0, 0, 0, 0, 0]"
2627.296765,Unknown Device,2,4,3,177,"[0, 0, 0, 226, 0, 16, 255, 255]"
2627.29795,Unknown Device,2,5,5,736,"[0, 0, 130, 6, 0, 24, 48, 0]"
2627.298095,Unknown Device,2,5,5,738,"[246, 124, 160, 51, 0, 0, 0, 128]"
2627.299055,Unknown Device,2,5,6,736,"[0, 0, 156, 6, 0, 24, 48, 0]"
2627.299198,Unknown Device,2,5,6,738,"[0, 0, 0, 128, 0, 0, 0, 128]"
2627.299527,Unknown Device,2,5,0,96,"[0, 0, 0, 0, 128, 3, 16, 0]"
2627.300129,Unknown Device,21,4,20,180,"[4, 0, 0, 80, 255, 8, 128, 1]"
2627.300273,Unknown Device,21,4,20,195,"[241, 31, 7, 208, 253, 47, 0, 5]"
2627.301846,Unknown Device,2,4,4,177,"[0, 0, 0, 98, 0, 16, 247, 255]"
2627.302019,Unknown Device,2,4,4,183,"[0, 0, 224, 8, 0, 0, 0, 0]"
2627.302292,Unknown Device,2,4,2,177,"[0, 0, 0, 98, 0, 16, 254, 255]"
2627.302493,Unknown Device,2,4,2,183,"[0, 0, 64, 7, 0, 0, 0, 0]"
2627.30316,Unknown Device,2,5,7,737,"[0, 0, 0, 0, 0, 64, 0, 0]"
2627.304063,Unknown Device,2,5,9,736,"[0, 0, 148, 6, 0, 23, 32, 0]"
2627.304206,Unknown Device,2,4,1,177,"[0, 0, 0, 226, 0, 16, 244, 255]"
2627.304398,Unknown Device,2,4,1,183,"[0, 0, 128, 248, 255, 255, 0, 0]"
2627.304655,Unknown Device,1,1,0,97,"[152, 175, 84, 126, 1, 0, 0, 255]"
2627.305959,Unknown Device,8,5,21,96,"[0, 0, 0, 0, 0, 0, 0, 0]"
2627.306097,Unknown Device,8,5,21,97,"[0, 0, 0, 0, 0, 0, 0, 192]"
2627.306239,Unknown Device,8,5,21,98,"[0, 0, 0, 64, 0, 0, 0, 192]"
2627.30639,Unknown Device,8,5,21,99,"[0, 0, 112, 0, 0, 0, 0, 240]"
2627.306533,Unknown Device,8,5,21,100,"[35, 38, 24, 250, 0, 192, 125, 0]"
2627.306856,Unknown Device,2,4,3,177,"[0, 0, 0, 226, 0, 16, 9, 0]"
2627.307013,Unknown Device,2,4,3,183,"[0, 0, 224, 251, 255, 255, 0, 0]"
2627.30717,Unknown Device,2,5,7,736,"[0, 0, 121, 6, 0, 24, 48, 0]"
2627.30732,Unknown Device,2,5,7,738,"[0, 0, 0, 128, 0, 0, 0, 128]"
2627.309521,Unknown Device,2,5,0,96,"[0, 0, 0, 0, 128, 3, 16, 0]"
2627.309664,Unknown Device,2,5,0,97,"[0, 0, 0, 0, 30, 47, 6, 0]"
2627.309811,Unknown Device,2,5,0,98,"[0, 0, 0, 0, 0, 0, 0, 0]"
2627.309953,Unknown Device,2,5,0,100,"[0, 0, 0, 0, 0, 0, 0, 0]"
2627.310153,Unknown Device,21,4,20,180,"[4, 0, 0, 80, 255, 8, 128, 1]"
2627.310613,Unknown Device,2,5,0,736,"[0, 0, 165, 6, 0, 24, 0, 0]"
2627.31103,Unknown Device,2,5,9,738,"[0, 0, 0, 0, 179, 149, 136, 63]"
2627.311827,Unknown Device,2,4,4,177,"[0, 0, 0, 98, 0, 16, 242, 255]"
2627.312253,Unknown Device,2,4,2,177,"[0, 0, 0, 98, 0, 16, 249, 255]"
2627.313505,Unknown Device,2,5,10,736,"[0, 0, 164, 6, 0, 23, 32, 0]"
2627.313647,Unknown Device,2,5,8,736,"[0, 0, 165, 6, 0, 24, 48, 0]"
2627.313802,Unknown Device,2,5,8,738,"[0, 0, 0, 128, 0, 0, 0, 128]"
2627.314031,Unknown Device,2,5,9,736,"[0, 0, 149, 6, 0, 23, 32, 0]"
2627.314223,Unknown Device,2,4,1,177,"[0, 0, 0, 226, 0, 16, 241, 255]"
2627.31676,Unknown Device,2,4,3,177,"[0, 0, 0, 226, 0, 16, 5, 0]"
2627.317935,Unknown Device,2,5,5,736,"[0, 0, 129, 6, 0, 24, 48, 0]"
2627.318086,Unknown Device,2,5,5,738,"[246, 124, 160, 51, 0, 0, 0, 128]"
2627.319061,Unknown Device,2,5,6,736,"[0, 0, 155, 6, 0, 24, 48, 0]"
2627.319214,Unknown Device,2,5,6,738,"[0, 0, 0, 128, 0, 0, 0, 128]"
2627.319521,Unknown Device,2,5,0,96,"[0, 0, 0, 0, 128, 3, 16, 0]"
2627.320133,Unknown Device,21,4,20,180,"[4, 0, 0, 80, 255, 8, 128, 1]"
2627.320285,Unknown Device,21,4,20,195,"[241, 31, 7, 208, 253, 47, 0, 5]"
2627.321722,Unknown Device,2,4,4,177,"[0, 0, 0, 98, 0, 16, 243, 255]"
2627.321903,Unknown Device,2,4,4,183,"[0, 0, 224, 8, 0, 0, 0, 0]"
2627.322305,Unknown Device,2,4,2,177,"[0, 0, 0, 98, 0, 16, 4, 0]"
2627.322477,Unknown Device,2,4,2,183,"[0, 0, 64, 7, 0, 0, 0, 0]"
2627.32404,Unknown Device,2,5,9,736,"[0, 0, 148, 6, 0, 23, 32, 0]"
2627.324184,Unknown Device,2,4,1,177,"[0, 0, 0, 226, 0, 16, 246, 255]"
2627.32437,Unknown Device,2,4,1,183,"[0, 0, 128, 248, 255, 255, 0, 0]"
2627.325949,Unknown Device,8,5,21,96,"[0, 0, 0, 0, 0, 0, 0, 0]"
2627.326088,Unknown Device,1,1,0,97,"[152, 175, 84, 126, 1, 0, 0, 255]"
2627.326232,Unknown Device,8,5,21,97,"[0, 0, 0, 0, 0, 0, 0, 192]"
2627.326383,Unknown Device,8,5,21,98,"[0, 0, 0, 64, 0, 0, 0, 192]"
2627.326521,Unknown Device,8,5,21,99,"[0, 0, 112, 0, 0, 0, 0, 240]"
2627.326665,Unknown Device,8,5,21,100,"[35, 38, 24, 250, 0, 192, 125, 0]"
2627.326806,Unknown Device,2,4,3,177,"[0, 0, 0, 226, 0, 16, 4, 0]"
2627.327002,Unknown Device,2,4,3,183,"[0, 0, 224, 251, 255, 255, 0, 0]"
2627.327174,Unknown Device,2,5,7,736,"[0, 0, 120, 6, 0, 24, 48, 0]"
2627.327311,Unknown Device,2,5,7,738,"[0, 0, 0, 128, 0, 0, 0, 128]"
2627.329512,Unknown Device,2,5,0,97,"[0, 0, 0, 0, 30, 47, 6, 0]"
2627.329656,Unknown Device,2,5,0,98,"[0, 0, 0, 0, 0, 0, 0, 0]"
2627.329812,Unknown Device,2,5,0,100,"[0, 0, 0, 0, 0, 0, 0, 0]"
2627.329957,Unknown Device,2,5,0,96,"[0, 0, 0, 0, 128, 3, 16, 0]"
2627.330181,Unknown Device,21,4,20,180,"[4, 0, 0, 80, 255, 8, 128, 1]"
2627.33061,Unknown Device,2,5,0,736,"[0, 0, 166, 6, 0, 24, 0, 0]"
2627.331029,Unknown Device,2,5,9,738,"[0, 0, 0, 0, 179, 149, 136, 63]"
2627.331847,Unknown Device,2,4,4,177,"[0, 0, 0, 98, 0, 16, 248, 255]"
2627.332249,Unknown Device,2,4,2,177,"[0, 0, 0, 98, 0, 16, 254, 255]"
2627.333262,Unknown Device,0,4,63,1,"[52, 94, 169, 122, 51, 23, 51, 181]"
2627.333499,Unknown Device,2,5,10,736,"[0, 0, 165, 6, 0, 23, 32, 0]"
2627.333643,Unknown Device,2,5,8,736,"[0, 0, 166, 6, 0, 24, 48, 0]"
2627.333785,Unknown Device,2,5,8,738,"[0, 0, 0, 128, 0, 0, 0, 128]"
2627.334038,Unknown Device,2,5,9,736,"[0, 0, 149, 6, 0, 23, 32, 0]"
2627.334218,Unknown Device,2,4,1,177,"[0, 0, 0, 226, 0, 16, 235, 255]"
2627.336747,Unknown Device,2,4,3,177,"[0, 0, 0, 226, 0, 16, 255, 255]"
2627.336927,Unknown Device,2,5,5,737,"[0, 0, 0, 0, 0, 64, 0, 0]"
2627.337941,Unknown Device,2,5,5,736,"[0, 0, 130, 6, 0, 24, 48, 0]"
2627.33808,Unknown Device,2,5,5,738,"[246, 124, 160, 51, 0, 0, 0, 128]"
2627.339063,Unknown Device,2,5,6,736,"[0, 0, 156, 6, 0, 24, 48, 0]"
2627.339193,Unknown Device,2,5,6,738,"[0, 0, 0, 128, 0, 0, 0, 128]"
2627.339508,Unknown Device,2,5,0,96,"[0, 0, 0, 0, 128, 3, 16, 0]"
2627.340127,Unknown Device,21,4,20,180,"[4, 0, 0, 80, 255, 8, 128, 1]"
2627.340279,Unknown Device,21,4,20,195,"[241, 31, 7, 208, 253, 47, 0, 5]"
2627.341767,Unknown Device,2,4,4,177,"[0, 0, 0, 98, 0, 16, 248, 255]"
2627.341948,Unknown Device,2,4,4,183,"[0, 0, 224, 8, 0, 0, 0, 0]"
2627.342308,Unknown Device,2,4,2,177,"[0, 0, 0, 98, 0, 16, 9, 0]"
2627.342503,Unknown Device,2,4,2,183,"[0, 0, 64, 7, 0, 0, 0, 0]"
2627.344051,Unknown Device,2,5,9,736,"[0, 0, 149, 6, 0, 23, 32, 0]"
2627.344217,Unknown Device,2,4,1,177,"[0, 0, 0, 226, 0, 16, 252, 255]"
2627.344398,Unknown Device,2,4,1,183,"[0, 0, 128, 248, 255, 255, 0, 0]"
2627.34595,Unknown Device,8,5,21,96,"[0, 0, 0, 0, 0, 0, 0, 0]"
2627.346089,Unknown Device,8,5,21,97,"[0, 0, 0, 0, 0, 0, 0, 192]"
2627.346233,Unknown Device,8,5,21,98,"[0, 0, 0, 64, 0, 0, 0, 192]"
2627.346385,Unknown Device,8,5,21,99,"[0, 0, 112, 0, 0, 0, 0, 240]"
2627.346537,Unknown Device,2,5,0,99,"[0, 0, 0, 0, 0, 0, 0, 0]"
2627.346667,Unknown Device,8,5,21,100,"[35, 38, 24, 250, 0, 192, 125, 0]"
2627.346823,Unknown Device,2,4,3,177,"[0, 0, 0, 226, 0, 16, 11, 0]"
2627.346966,Unknown Device,1,1,0,97,"[152, 175, 84, 126, 1, 0, 0, 255]"
2627.347105,Unknown Device,2,4,3,183,"[0, 0, 224, 251, 255, 255, 0, 0]"
2627.347249,Unknown Device,2,5,7,736,"[0, 0, 120, 6, 0, 24, 48, 0]"
2627.347386,Unknown Device,2,5,7,738,"[0, 0, 0, 128, 0, 0, 0, 128]"
2627.349511,Unknown Device,2,5,0,96,"[0, 0, 0, 0, 128, 3, 16, 0]"
2627.349654,Unknown Device,2,5,0,97,"[0, 0, 0, 0, 30, 47, 6, 0]"
2627.349809,Unknown Device,2,5,0,98,"[0, 0, 0, 0, 0, 0, 0, 0]"
2627.349952,Unknown Device,2,5,0,100,"[0, 0, 0, 0, 0, 0, 0, 0]"
2627.350146,Unknown Device,21,4,20,180,"[5, 0, 0, 80, 255, 8, 128, 1]"
2627.350615,Unknown Device,2,5,0,736,"[0, 0, 166, 6, 0, 24, 0, 0]"
2627.351278,Unknown Device,2,5,9,738,"[0, 0, 0, 0, 179, 149, 136, 63]"
2627.351764,Unknown Device,2,4,4,177,"[0, 0, 0, 98, 0, 16, 236, 255]"
2627.352254,Unknown Device,2,4,2,177,"[0, 0, 0, 98, 0, 16, 10, 0]"
2627.353493,Unknown Device,2,5,10,736,"[0, 0, 164, 6, 0, 23, 32, 0]"
2627.353644,Unknown Device,2,5,8,736,"[0, 0, 165, 6, 0, 24, 48, 0]"
2627.353791,Unknown Device,2,5,8,738,"[0, 0, 0, 128, 0, 0, 0, 128]"
2627.354063,Unknown Device,2,5,9,736,"[0, 0, 148, 6, 0, 23, 32, 0]"
2627.354242,Unknown Device,2,4,1,177,"[0, 0, 0, 226, 0, 16, 249, 255]"
2627.356718,Unknown Device,2,4,3,177,"[0, 0, 0, 226, 0, 16, 11, 0]"
2627.357929,Unknown Device,2,5,5,736,"[0, 0, 130, 6, 0, 24, 48, 0]"
2627.358067,Unknown Device,2,5,5,738,"[246, 124, 160, 51, 0, 0, 0, 128]"
2627.359041,Unknown Device,2,5,6,736,"[0, 0, 156, 6, 0, 24, 48, 0]"
2627.359191,Unknown Device,2,5,6,738,"[0, 0, 0, 128, 0, 0, 0, 128]"
2627.359518,Unknown Device,2,5,0,96,"[0, 0, 0, 0, 128, 3, 16, 0]"
2627.360147,Unknown Device,21,4,20,180,"[5, 0, 0, 80, 255, 8, 128, 1]"
2627.360298,Unknown Device,21,4,20,195,"[241, 31, 7, 208, 253, 47, 0, 5]"
2627.361781,Unknown Device,2,4,4,177,"[0, 0, 0, 98, 0, 16, 244, 255]"
2627.36196,Unknown Device,2,4,4,183,"[0, 0, 224, 8, 0, 0, 0, 0]"
2627.362303,Unknown Device,2,4,2,177,"[0, 0, 0, 98, 0, 16, 7, 0]"
2627.36251,Unknown Device,2,4,2,183,"[0, 0, 64, 7, 0, 0, 0, 0]"
2627.364056,Unknown Device,2,5,9,736,"[0, 0, 149, 6, 0, 23, 32, 0]"
2627.3642,Unknown Device,2,4,1,177,"[0, 0, 0, 226, 0, 16, 241, 255]"
2627.364395,Unknown Device,2,4,1,183,"[0, 0, 128, 248, 255, 255, 0, 0]"
2627.365949,Unknown Device,8,5,21,96,"[0, 0, 0, 0, 0, 0, 0, 0]"
2627.366094,Unknown Device,8,5,21,97,"[0, 0, 0, 0, 0, 0, 0, 192]"
2627.366231,Unknown Device,8,5,21,98,"[0, 0, 0, 64, 0, 0, 0, 192]"
2627.366384,Unknown Device,8,5,21,99,"[0, 0, 112, 0, 0, 0, 0, 240]"
2627.366513,Unknown Device,8,5,21,100,"[35, 38, 24, 250, 0, 192, 125, 0]"
2627.366798,Unknown Device,2,4,3,177,"[0, 0, 0, 226, 0, 16, 2, 0]"
2627.366963,Unknown Device,2,4,3,183,"[0, 0, 224, 251, 255, 255, 0, 0]"
2627.367173,Unknown Device,2,5,7,736,"[0, 0, 120, 6, 0, 24, 48, 0]"
2627.367302,Unknown Device,2,5,7,738,"[0, 0, 0, 128, 0, 0, 0, 128]"
2627.367689,Unknown Device,1,1,0,97,"[152, 175, 84, 126, 1, 0, 0, 255]"
2627.369528,Unknown Device,2,5,0,96,"[0, 0, 0, 0, 128, 3, 16, 0]"
2627.369658,Unknown Device,2,5,0,97,"[0, 0, 0, 0, 30, 47, 6, 0]"
2627.3698,Unknown Device,2,5,0,98,"[0, 0, 0, 0, 0, 0, 0, 0]"
2627.369944,Unknown Device,2,5,0,100,"[0, 0, 0, 0, 0, 0, 0, 0]"
2627.370154,Unknown Device,21,4,20,180,"[5, 0, 0, 80, 255, 8, 128, 1]"
2627.370613,Unknown Device,2,5,0,736,"[0, 0, 166, 6, 0, 24, 0, 0]"
2627.371047,Unknown Device,2,5,9,738,"[0, 0, 0, 0, 179, 149, 136, 63]"
2627.371758,Unknown Device,2,4,4,177,"[0, 0, 0, 98, 0, 16, 252, 255]"
2627.372246,Unknown Device,2,4,2,177,"[0, 0, 0, 98, 0, 16, 250, 255]"
2627.373508,Unknown Device,2,5,10,736,"[0, 0, 165, 6, 0, 23, 32, 0]"
2627.373652,Unknown Device,2,5,8,736,"[0, 0, 166, 6, 0, 24, 48, 0]"
2627.373794,Unknown Device,2,5,8,737,"[0, 0, 0, 0, 0, 64, 0, 0]"
2627.373938,Unknown Device,2,5,8,738,"[0, 0, 0, 128, 0, 0, 0, 128]"
2627.374077,Unknown Device,0,4,63,1,"[52, 94, 169, 122, 66, 88, 59, 197]"
2627.374221,Unknown Device,2,5,9,736,"[0, 0, 149, 6, 0, 23, 32, 0]"
2627.374359,Unknown Device,2,4,1,177,"[0, 0, 0, 226, 0, 16, 1, 0]"
2627.376763,Unknown Device,2,4,3,177,"[0, 0, 0, 226, 0, 16, 9, 0]"
2627.377925,Unknown Device,2,5,5,736,"[0, 0, 129, 6, 0, 24, 48, 0]"
2627.37807,Unknown Device,2,5,5,738,"[246, 124, 160, 51, 0, 0, 0, 128]"
2627.379047,Unknown Device,2,5,6,736,"[0, 0, 155, 6, 0, 24, 48, 0]"
2627.379198,Unknown Device,2,5,6,738,"[0, 0, 0, 128, 0, 0, 0, 128]"
2627.379507,Unknown Device,2,5,0,96,"[0, 0, 0, 0, 128, 3, 16, 0]"
2627.380141,Unknown Device,21,4,20,180,"[5, 0, 0, 80, 255, 8, 128, 1]"
2627.380293,Unknown Device,21,4,20,195,"[241, 223, 6, 208, 253, 51, 0, 5]"
2627.380437,Unknown Device,21,4,20,196,"[30, 1, 221, 0, 32, 127, 0, 0]"
2627.380589,Unknown Device,21,4,20,199,"[250, 255, 127, 255, 255, 0, 0, 0]"
2627.38076,Unknown Device,21,4,20,200,"[172, 0, 96, 0, 248, 63, 0, 4]"
2627.381512,Unknown Device,2,5,0,101,"[0, 0, 0, 0, 0, 0, 16, 0]"
2627.381656,Unknown Device,2,5,0,102,"[0, 0, 0, 0, 0, 0, 0, 0]"
2627.381812,Unknown Device,2,4,4,177,"[0, 0, 0, 98, 0, 16, 8, 0]"
2627.381986,Unknown Device,2,4,4,183,"[0, 0, 224, 8, 0, 0, 0, 0]"
2627.382288,Unknown Device,2,4,2,177,"[0, 0, 0, 98, 0, 16, 1, 0]"
2627.38246,Unknown Device,2,4,2,183,"[0, 0, 64, 7, 0, 0, 0, 0]"
2627.384055,Unknown Device,2,5,9,736,"[0, 0, 149, 6, 0, 23, 32, 0]"
2627.384199,Unknown Device,2,4,1,177,"[0, 0, 0, 226, 0, 16, 244, 255]"
2627.384408,Unknown Device,2,4,1,183,"[0, 0, 128, 248, 255, 255, 0, 0]"
2627.385944,Unknown Device,8,5,21,96,"[0, 0, 0, 0, 0, 0, 0, 0]"
2627.386111,Unknown Device,8,5,21,97,"[0, 0, 0, 0, 0, 0, 0, 192]"
2627.386227,Unknown Device,8,5,21,98,"[0, 0, 0, 64, 0, 0, 0, 192]"
2627.386371,Unknown Device,8,5,21,99,"[0, 0, 112, 0, 0, 0, 0, 240]"
2627.386515,Unknown Device,8,5,21,100,"[35, 38, 24, 250, 0, 192, 125, 0]"
2627.386757,Unknown Device,2,4,3,177,"[0, 0, 0, 226, 0, 16, 7, 0]"
2627.386929,Unknown Device,2,4,3,183,"[0, 0, 224, 251, 255, 255, 0, 0]"
2627.387152,Unknown Device,2,5,7,736,"[0, 0, 120, 6, 0, 24, 48, 0]"
2627.387296,Unknown Device,2,5,7,738,"[0, 0, 0, 128, 0, 0, 0, 128]"
2627.388487,Unknown Device,1,1,0,97,"[152, 175, 84, 126, 1, 0, 0, 255]"
2627.389528,Unknown Device,2,5,0,96,"[0, 0, 0, 0, 128, 3, 16, 0]"
2627.389672,Unknown Device,2,5,0,97,"[0, 0, 0, 0, 30, 47, 6, 0]"
2627.38982,Unknown Device,2,5,0,98,"[0, 0, 0, 0, 0, 0, 0, 0]"
2627.38998,Unknown Device,2,5,0,100,"[0, 0, 0, 0, 0, 0, 0, 0]"
2627.390146,Unknown Device,21,4,20,180,"[5, 0, 0, 80, 255, 8, 128, 1]"
2627.390603,Unknown Device,2,5,0,736,"[0, 0, 165, 6, 0, 24, 0, 0]"
2627.391044,Unknown Device,2,5,9,738,"[0, 0, 0, 0, 179, 149, 136, 63]"
2627.391777,Unknown Device,2,4,4,177,"[0, 0, 0, 98, 0, 16, 11, 0]"
2627.392214,Unknown Device,2,4,2,177,"[0, 0, 0, 98, 0, 16, 238, 255]"
2627.393489,Unknown Device,2,5,10,736,"[0, 0, 165, 6, 0, 23, 32, 0]"
2627.393641,Unknown Device,2,5,8,736,"[0, 0, 166, 6, 0, 24, 48, 0]"
2627.393775,Unknown Device,2,5,8,738,"[0, 0, 0, 128, 0, 0, 0, 128]"
2627.39407,Unknown Device,2,5,9,736,"[0, 0, 148, 6, 0, 23, 32, 0]"
2627.394184,Unknown Device,2,5,9,737,"[0, 0, 0, 8, 0, 64, 0, 0]"
2627.394341,Unknown Device,2,4,1,177,"[0, 0, 0, 226, 0, 16, 254, 255]"
2627.396513,Unknown Device,2,5,0,99,"[0, 0, 0, 0, 0, 0, 0, 0]"
2627.39671,Unknown Device,2,4,3,177,"[0, 0, 0, 226, 0, 16, 6, 0]"
2627.397954,Unknown Device,2,5,5,736,"[0, 0, 130, 6, 0, 24, 48, 0]"
2627.398069,Unknown Device,2,5,5,738,"[246, 124, 160, 51, 0, 0, 0, 128]"
2627.399036,Unknown Device,2,5,6,736,"[0, 0, 156, 6, 0, 24, 48, 0]"
2627.399179,Unknown Device,2,5,6,738,"[0, 0, 0, 128, 0, 0, 0, 128]"
2627.399513,Unknown Device,2,5,0,96,"[0, 0, 0, 0, 128, 3, 16, 0]"
2627.40012,Unknown Device,21,4,20,180,"[5, 0, 0, 80, 255, 8, 128, 1]"
2627.400271,Unknown Device,21,4,20,195,"[241, 223, 6, 208, 253, 51, 0, 5]"
2627.401815,Unknown Device,2,4,4,177,"[0, 0, 0, 98, 0, 16, 6, 0]"
2627.402009,Unknown Device,2,4,4,183,"[0, 0, 224, 8, 0, 0, 0, 0]"
2627.402278,Unknown Device,2,4,2,177,"[0, 0, 0, 98, 0, 16, 238, 255]"
2627.402456,Unknown Device,2,4,2,183,"[0, 0, 64, 7, 0, 0, 0, 0]"
2627.404051,Unknown Device,2,5,9,736,"[0, 0, 149, 6, 0, 23, 32, 0]"
2627.404194,Unknown Device,2,4,1,177,"[0, 0, 0, 226, 0, 16, 240, 255]"
2627.404379,Unknown Device,2,4,1,183,"[0, 0, 128, 248, 255, 255, 0, 0]"
2627.405945,Unknown Device,8,5,21,96,"[0, 0, 0, 0, 0, 0, 0, 0]"
2627.406082,Unknown Device,8,5,21,97,"[0, 0, 0, 0, 0, 0, 0, 192]"
2627.406225,Unknown Device,8,5,21,98,"[0, 0, 0, 64, 0, 0, 0, 192]"
2627.406404,Unknown Device,8,5,21,99,"[0, 0, 112, 0, 0, 0, 0, 240]"
2627.406518,Unknown Device,8,5,21,100,"[36, 38, 24, 250, 0, 192, 125, 0]"
2627.40675,Unknown Device,2,4,3,177,"[0, 0, 0, 226, 0, 16, 6, 0]"
2627.406907,Unknown Device,2,4,3,183,"[0, 0, 224, 251, 255, 255, 0, 0]"
2627.407157,Unknown Device,2,5,7,736,"[0, 0, 121, 6, 0, 24, 48, 0]"
2627.4073,Unknown Device,2,5,7,738,"[0, 0, 0, 128, 0, 0, 0, 128]"
2627.409326,Unknown Device,1,1,0,97,"[152, 175, 84, 126, 1, 0, 0, 255]"
2627.409535,Unknown Device,2,5,0,96,"[0, 0, 0, 0, 128, 3, 16, 0]"
2627.40968,Unknown Device,2,5,0,97,"[0, 0, 0, 0, 30, 47, 6, 0]"
2627.409821,Unknown Device,2,5,0,98,"[0, 0, 0, 0, 0, 0, 0, 0]"
2627.409965,Unknown Device,2,5,0,100,"[0, 0, 0, 0, 0, 0, 0, 0]"
2627.410175,Unknown Device,21,4,20,180,"[5, 0, 0, 80, 255, 8, 128, 1]"
2627.410597,Unknown Device,2,5,0,736,"[0, 0, 166, 6, 0, 24, 0, 0]"
2627.411053,Unknown Device,2,5,9,738,"[0, 0, 0, 0, 179, 149, 136, 63]"
2627.411786,Unknown Device,2,4,4,177,"[0, 0, 0, 98, 0, 16, 244, 255]"
2627.412209,Unknown Device,2,4,2,177,"[0, 0, 0, 98, 0, 16, 248, 255]"
2627.413491,Unknown Device,2,5,10,736,"[0, 0, 165, 6, 0, 23, 32, 0]"
2627.413635,Unknown Device,2,5,8,736,"[0, 0, 166, 6, 0, 24, 48, 0]"
2627.413783,Unknown Device,2,5,8,738,"[0, 0, 0, 128, 0, 0, 0, 128]"
2627.41405,Unknown Device,2,5,9,736,"[0, 0, 148, 6, 0, 23, 32, 0]"
2627.414202,Unknown Device,2,4,1,177,"[0, 0, 0, 226, 0, 16, 247, 255]"
2627.41487,Unknown Device,0,4,63,1,"[52, 94, 169, 124, 122, 14, 199, 224]"
2627.415037,Unknown Device,2,5,6,737,"[0, 0, 0, 0, 0, 64, 0, 0]"
2627.416716,Unknown Device,2,4,3,177,"[0, 0, 0, 226, 0, 16, 22, 0]"
2627.417926,Unknown Device,2,5,5,736,"[0, 0, 130, 6, 0, 24, 48, 0]"
2627.418065,Unknown Device,2,5,5,738,"[246, 124, 160, 51, 0, 0, 0, 128]"
2627.419027,Unknown Device,2,5,6,736,"[0, 0, 157, 6, 0, 24, 48, 0]"
2627.419185,Unknown Device,2,5,6,738,"[0, 0, 0, 128, 0, 0, 0, 128]"
2627.419522,Unknown Device,2,5,0,96,"[0, 0, 0, 0, 128, 3, 16, 0]"
2627.420142,Unknown Device,21,4,20,180,"[5, 0, 0, 80, 255, 8, 128, 1]"
2627.4203,Unknown Device,21,4,20,195,"[241, 223, 6, 192, 253, 51, 0, 5]"
2627.421737,Unknown Device,2,4,4,177,"[0, 0, 0, 98, 0, 16, 247, 255]"
2627.421909,Unknown Device,2,4,4,183,"[0, 0, 224, 8, 0, 0, 0, 0]"
2627.42229,Unknown Device,2,4,2,177,"[0, 0, 0, 98, 0, 16, 11, 0]"
2627.422484,Unknown Device,2,4,2,183,"[0, 0, 64, 7, 0, 0, 0, 0]"
2627.424036,Unknown Device,2,5,9,736,"[0, 0, 149, 6, 0, 23, 32, 0]"
2627.424223,Unknown Device,2,4,1,177,"[0, 0, 0, 226, 0, 16, 6, 0]"
2627.424417,Unknown Device,2,4,1,183,"[0, 0, 128, 248, 255, 255, 0, 0]"
2627.425945,Unknown Device,8,5,21,96,"[0, 0, 0, 0, 0, 0, 0, 0]"
2627.426084,Unknown Device,8,5,21,97,"[0, 0, 0, 0, 0, 0, 0, 192]"
2627.426228,Unknown Device,8,5,21,98,"[0, 0, 0, 64, 0, 0, 0, 192]"
2627.426372,Unknown Device,8,5,21,99,"[0, 0, 112, 0, 0, 0, 0, 240]"
2627.42651,Unknown Device,8,5,21,100,"[36, 38, 24, 250, 0, 192, 125, 0]"
2627.426744,Unknown Device,2,4,3,177,"[0, 0, 0, 226, 0, 16, 254, 255]"
2627.426939,Unknown Device,2,4,3,183,"[0, 0, 224, 251, 255, 255, 0, 0]"
2627.427155,Unknown Device,2,5,7,736,"[0, 0, 121, 6, 0, 24, 48, 0]"
2627.427293,Unknown Device,2,5,7,738,"[0, 0, 0, 128, 0, 0, 0, 128]"
2627.429534,Unknown Device,2,5,0,96,"[0, 0, 0, 0, 128, 3, 16, 0]"
2627.429672,Unknown Device,2,5,0,97,"[0, 0, 0, 0, 30, 48, 6, 0]"
2627.42982,Unknown Device,2,5,0,98,"[0, 0, 0, 0, 0, 0, 0, 0]"
2627.429965,Unknown Device,2,5,0,100,"[0, 0, 0, 0, 0, 0, 0, 0]"
2627.430132,Unknown Device,21,4,20,180,"[5, 0, 0, 80, 255, 8, 128, 1]"
2627.430276,Unknown Device,1,1,0,97,"[152, 175, 84, 126, 1, 0, 0, 255]"
2627.430599,Unknown Device,2,5,0,736,"[0, 0, 166, 6, 0, 24, 0, 0]"
2627.43104,Unknown Device,2,5,9,738,"[0, 0, 0, 0, 179, 149, 136, 63]"
2627.431745,Unknown Device,2,4,4,177,"[0, 0, 0, 98, 0, 16, 0, 0]"
2627.432239,Unknown Device,2,4,2,177,"[0, 0, 0, 98, 0, 16, 238, 255]"
2627.433478,Unknown Device,2,5,10,736,"[0, 0, 165, 6, 0, 23, 32, 0]"
2627.433623,Unknown Device,2,5,8,736,"[0, 0, 166, 6, 0, 24, 48, 0]"
2627.433765,Unknown Device,2,5,8,738,"[0, 0, 0, 128, 0, 0, 0, 128]"
2627.434038,Unknown Device,2,5,9,736,"[0, 0, 148, 6, 0, 23, 32, 0]"
2627.434233,Unknown Device,2,4,1,177,"[0, 0, 0, 226, 0, 16, 1, 0]"
2627.436814,Unknown Device,2,4,3,177,"[0, 0, 0, 226, 0, 16, 5, 0]"
2627.437911,Unknown Device,2,5,5,736,"[0, 0, 130, 6, 0, 24, 48, 0]"
2627.438064,Unknown Device,2,5,5,738,"[246, 124, 160, 51, 0, 0, 0, 128]"
2627.439053,Unknown Device,2,5,6,736,"[0, 0, 156, 6, 0, 24, 48, 0]"
2627.43919,Unknown Device,2,5,6,738,"[0, 0, 0, 128, 0, 0, 0, 128]"
2627.439524,Unknown Device,2,5,0,96,"[0, 0, 0, 0, 128, 3, 16, 0]"
2627.440117,Unknown Device,21,4,20,180,"[5, 0, 0, 80, 255, 8, 128, 1]"
2627.440274,Unknown Device,21,4,20,195,"[241, 223, 6, 192, 253, 51, 0, 5]"
2627.441741,Unknown Device,2,4,4,177,"[0, 0, 0, 98, 0, 16, 7, 0]"
2627.441934,Unknown Device,2,4,4,183,"[0, 0, 224, 8, 0, 0, 0, 0]"
2627.442275,Unknown Device,2,4,2,177,"[0, 0, 0, 98, 0, 16, 245, 255]"
2627.442454,Unknown Device,2,4,2,183,"[0, 0, 64, 7, 0, 0, 0, 0]"
2627.444035,Unknown Device,2,5,9,736,"[0, 0, 149, 6, 0, 23, 32, 0]"
2627.444192,Unknown Device,2,4,1,177,"[0, 0, 0, 226, 0, 16, 237, 255]"
2627.444385,Unknown Device,2,4,1,183,"[0, 0, 128, 248, 255, 255, 0, 0]"
2627.445943,Unknown Device,8,5,21,96,"[0, 0, 0, 0, 0, 0, 0, 0]"
2627.446081,Unknown Device,8,5,21,97,"[0, 0, 0, 0, 0, 0, 0, 192]"
2627.446223,Unknown Device,8,5,21,98,"[0, 0, 0, 64, 0, 0, 0, 192]"
2627.446388,Unknown Device,8,5,21,99,"[0, 0, 112, 0, 0, 0, 0, 240]"
2627.446517,Unknown Device,8,5,21,100,"[36, 38, 24, 250, 0, 192, 125, 0]"
2627.44666,Unknown Device,2,5,0,99,"[0, 0, 0, 0, 0, 0, 0, 0]"
2627.446857,Unknown Device,2,4,3,177,"[0, 0, 0, 226, 0, 16, 1, 0]"
2627.447057,Unknown Device,2,4,3,183,"[0, 0, 224, 251, 255, 255, 0, 0]"
2627.447208,Unknown Device,2,5,7,736,"[0, 0, 120, 6, 0, 24, 48, 0]"
2627.447351,Unknown Device,2,5,7,738,"[0, 0, 0, 128, 0, 0, 0, 128]"
2627.449518,Unknown Device,2,5,0,96,"[0, 0, 0, 0, 128, 3, 16, 0]"
2627.449654,Unknown Device,2,5,0,97,"[0, 0, 0, 0, 30, 48, 6, 0]"
2627.449801,Unknown Device,2,5,0,98,"[0, 0, 0, 0, 0, 0, 0, 0]"
2627.449958,Unknown Device,2,5,0,100,"[0, 0, 0, 0, 0, 0, 0, 0]"
2627.450138,Unknown Device,21,4,20,180,"[5, 0, 0, 80, 255, 8, 128, 1]"
2627.450599,Unknown Device,2,5,0,736,"[0, 0, 166, 6, 0, 24, 0, 0]"
2627.450952,Unknown Device,1,1,0,97,"[152, 175, 84, 126, 1, 0, 0, 255]"
2627.451095,Unknown Device,2,5,9,738,"[0, 0, 0, 0, 179, 149, 136, 63]"
2627.451865,Unknown Device,2,4,4,177,"[0, 0, 0, 98, 0, 16, 245, 255]"
2627.452228,Unknown Device,2,4,2,177,"[0, 0, 0, 98, 0, 16, 246, 255]"
2627.453471,Unknown Device,2,5,10,736,"[0, 0, 165, 6, 0, 23, 32, 0]"
2627.453614,Unknown Device,2,5,8,736,"[0, 0, 165, 6, 0, 24, 48, 0]"
2627.453769,Unknown Device,2,5,8,738,"[0, 0, 0, 128, 0, 0, 0, 128]"
2627.454048,Unknown Device,2,5,9,736,"[0, 0, 149, 6, 0, 23, 32, 0]"
2627.45422,Unknown Device,2,4,1,177,"[0, 0, 0, 226, 0, 16, 243, 255]"
2627.455785,Unknown Device,0,4,63,1,"[52, 94, 169, 127, 240, 254, 254, 145]"
2627.456823,Unknown Device,2,4,3,177,"[0, 0, 0, 226, 0, 16, 3, 0]"
2627.457916,Unknown Device,2,5,5,736,"[0, 0, 131, 6, 0, 24, 48, 0]"
2627.458063,Unknown Device,2,5,5,738,"[246, 124, 160, 51, 0, 0, 0, 128]"
2627.45903,Unknown Device,2,5,6,736,"[0, 0, 157, 6, 0, 24, 48, 0]"
2627.459175,Unknown Device,2,5,6,738,"[0, 0, 0, 128, 0, 0, 0, 128]"
2627.459521,Unknown Device,2,5,0,96,"[0, 0, 0, 0, 128, 3, 16, 0]"
2627.460136,Unknown Device,21,4,20,180,"[5, 0, 0, 80, 255, 8, 128, 1]"
2627.460295,Unknown Device,21,4,20,195,"[241, 31, 7, 192, 253, 47, 0, 5]"
2627.461789,Unknown Device,2,4,4,177,"[0, 0, 0, 98, 0, 16, 243, 255]"
2627.461967,Unknown Device,2,4,4,183,"[0, 0, 224, 8, 0, 0, 0, 0]"
2627.462325,Unknown Device,2,4,2,177,"[0, 0, 0, 98, 0, 16, 239, 255]"
2627.462497,Unknown Device,2,4,2,183,"[0, 0, 64, 7, 0, 0, 0, 0]"
2627.464037,Unknown Device,2,5,9,736,"[0, 0, 149, 6, 0, 23, 32, 0]"
2627.464229,Unknown Device,2,4,1,177,"[0, 0, 0, 226, 0, 16, 231, 255]"
2627.464401,Unknown Device,2,4,1,183,"[0, 0, 128, 248, 255, 255, 0, 0]"
2627.465927,Unknown Device,8,5,21,96,"[0, 0, 0, 0, 0, 0, 0, 0]"
2627.466072,Unknown Device,8,5,21,97,"[0, 0, 0, 0, 0, 0, 0, 192]"
2627.466216,Unknown Device,8,5,21,98,"[0, 0, 0, 64, 0, 0, 0, 192]"
2627.46636,Unknown Device,8,5,21,99,"[0, 0, 112, 0, 0, 0, 0, 240]"
2627.466504,Unknown Device,8,5,21,100,"[36, 38, 24, 250, 0, 192, 125, 0]"
2627.466732,Unknown Device,2,4,3,177,"[0, 0, 0, 226, 0, 16, 10, 0]"
2627.466904,Unknown Device,2,4,3,183,"[0, 0, 224, 251, 255, 255, 0, 0]"
2627.467143,Unknown Device,2,5,7,736,"[0, 0, 121, 6, 0, 24, 48, 0]"
2627.467287,Unknown Device,2,5,7,738,"[0, 0, 0, 128, 0, 0, 0, 128]"
2627.469521,Unknown Device,2,5,0,96,"[0, 0, 0, 0, 128, 3, 16, 0]"
2627.469651,Unknown Device,2,5,0,97,"[0, 0, 0, 0, 30, 48, 6, 0]"
2627.469807,Unknown Device,2,5,0,98,"[0, 0, 0, 0, 0, 0, 0, 0]"
2627.469951,Unknown Device,2,5,0,100,"[0, 0, 0, 0, 0, 0, 0, 0]"
2627.470182,Unknown Device,21,4,20,180,"[5, 0, 0, 80, 255, 8, 128, 1]"
2627.470604,Unknown Device,2,5,0,736,"[0, 0, 166, 6, 0, 24, 0, 0]"
2627.471017,Unknown Device,2,5,9,738,"[0, 0, 0, 0, 179, 149, 136, 63]"
2627.471757,Unknown Device,2,4,4,177,"[0, 0, 0, 98, 0, 16, 4, 0]"
2627.472223,Unknown Device,1,1,0,97,"[152, 175, 84, 126, 1, 0, 0, 255]"
2627.472367,Unknown Device,2,4,2,177,"[0, 0, 0, 98, 0, 16, 236, 255]"
2627.473471,Unknown Device,2,5,10,736,"[0, 0, 166, 6, 0, 23, 32, 0]"
2627.473615,Unknown Device,2,5,8,736,"[0, 0, 166, 6, 0, 24, 48, 0]"
2627.473785,Unknown Device,2,5,8,738,"[0, 0, 0, 128, 0, 0, 0, 128]"
2627.47403,Unknown Device,2,5,9,736,"[0, 0, 149, 6, 0, 24, 32, 0]"
2627.474245,Unknown Device,2,4,1,177,"[0, 0, 0, 226, 0, 16, 248, 255]"
2627.47679,Unknown Device,2,4,3,177,"[0, 0, 0, 226, 0, 16, 243, 255]"
2627.47793,Unknown Device,2,5,5,736,"[0, 0, 130, 6, 0, 24, 48, 0]"
2627.478061,Unknown Device,2,5,5,738,"[246, 124, 160, 51, 0, 0, 0, 128]"
2627.479037,Unknown Device,2,5,6,736,"[0, 0, 155, 6, 0, 24, 48, 0]"
2627.479181,Unknown Device,2,5,6,738,"[0, 0, 0, 128, 0, 0, 0, 128]"
2627.47951,Unknown Device,2,5,0,96,"[0, 0, 0, 0, 128, 3, 16, 0]"
2627.48013,Unknown Device,21,4,20,180,"[5, 0, 0, 80, 255, 8, 128, 1]"
2627.480275,Unknown Device,21,4,20,195,"[241, 31, 7, 208, 253, 47, 0, 5]"
2627.480433,Unknown Device,21,4,20,196,"[30, 1, 225, 0, 32, 127, 0, 0]"
2627.480577,Unknown Device,21,4,20,199,"[34, 0, 112, 1, 0, 240, 255, 15]"
2627.480733,Unknown Device,21,4,20,200,"[132, 0, 128, 0, 164, 63, 0, 4]"
2627.481738,Unknown Device,2,4,4,177,"[0, 0, 0, 98, 0, 16, 253, 255]"
2627.48191,Unknown Device,2,4,4,183,"[0, 0, 224, 8, 0, 0, 0, 0]"
2627.482291,Unknown Device,2,4,2,177,"[0, 0, 0, 98, 0, 16, 253, 255]"
2627.482449,Unknown Device,2,4,2,183,"[0, 0, 64, 7, 0, 0, 0, 0]"
2627.484049,Unknown Device,2,5,9,736,"[0, 0, 149, 6, 0, 24, 32, 0]"
2627.484192,Unknown Device,2,4,1,177,"[0, 0, 0, 226, 0, 16, 243, 255]"
2627.484455,Unknown Device,2,4,1,183,"[0, 0, 128, 248, 255, 255, 0, 0]"
2627.485928,Unknown Device,8,5,21,96,"[0, 0, 0, 0, 0, 0, 0, 0]"
2627.486072,Unknown Device,8,5,21,97,"[0, 0, 0, 0, 0, 0, 0, 192]"
2627.486215,Unknown Device,8,5,21,98,"[0, 0, 0, 64, 0, 0, 0, 192]"
2627.486358,Unknown Device,8,5,21,99,"[0, 0, 112, 0, 0, 0, 0, 240]"
2627.486494,Unknown Device,8,5,21,100,"[36, 38, 24, 250, 0, 192, 125, 0]"
2627.486782,Unknown Device,2,4,3,177,"[0, 0, 0, 226, 0, 16, 4, 0]"
2627.486953,Unknown Device,2,4,3,183,"[0, 0, 224, 251, 255, 255, 0, 0]"
2627.487147,Unknown Device,2,5,7,736,"[0, 0, 121, 6, 0, 24, 48, 0]"
2627.48729,Unknown Device,2,5,7,738,"[0, 0, 0, 128, 0, 0, 0, 128]"
2627.489505,Unknown Device,2,5,0,96,"[0, 0, 0, 0, 128, 3, 16, 0]"
2627.489642,Unknown Device,2,5,0,97,"[0, 0, 0, 0, 30, 48, 6, 0]"
2627.489789,Unknown Device,2,5,0,98,"[0, 0, 0, 0, 0, 0, 0, 0]"
2627.489946,Unknown Device,2,5,0,100,"[0, 0, 0, 0, 0, 0, 0, 0]"
2627.49014,Unknown Device,21,4,20,180,"[5, 0, 0, 80, 255, 8, 128, 1]"
2627.490587,Unknown Device,2,5,0,736,"[0, 0, 165, 6, 0, 24, 0, 0]"
2627.491002,Unknown Device,2,5,9,738,"[0, 0, 0, 0, 179, 149, 136, 63]"
2627.491701,Unknown Device,2,4,4,177,"[0, 0, 0, 98, 0, 16, 2, 0]"
2627.492219,Unknown Device,2,4,2,177,"[0, 0, 0, 98, 0, 16, 243, 255]"
2627.493052,Unknown Device,1,1,0,97,"[152, 175, 84, 126, 1, 0, 0, 255]"
2627.493485,Unknown Device,2,5,10,736,"[0, 0, 165, 6, 0, 23, 32, 0]"
2627.493628,Unknown Device,2,5,8,736,"[0, 0, 166, 6, 0, 24, 48, 0]"
2627.493775,Unknown Device,2,5,0,737,"[0, 0, 0, 8, 0, 64, 0, 0]"
2627.493925,Unknown Device,2,5,8,738,"[0, 0, 0, 128, 0, 0, 0, 128]"
2627.494069,Unknown Device,2,5,9,736,"[0, 0, 149, 6, 0, 24, 32, 0]"
2627.494212,Unknown Device,2,4,1,177,"[0, 0, 0, 226, 0, 16, 246, 255]"
2627.496505,Unknown Device,2,5,0,99,"[0, 0, 0, 0, 0, 0, 0, 0]"
2627.496737,Unknown Device,2,4,3,177,"[0, 0, 0, 226, 0, 16, 253, 255]"
2627.49688,Unknown Device,0,4,63,1,"[52, 94, 169, 121, 73, 129, 31, 248]"
2627.497904,Unknown Device,2,5,5,736,"[0, 0, 131, 6, 0, 24, 48, 0]"
2627.498055,Unknown Device,2,5,5,738,"[246, 124, 160, 51, 0, 0, 0, 128]"
2627.499029,Unknown Device,2,5,6,738,"[0, 0, 0, 128, 0, 0, 0, 128]"
2627.499167,Unknown Device,2,5,6,736,"[0, 0, 156, 6, 0, 24, 48, 0]"
2627.49951,Unknown Device,2,5,0,96,"[0, 0, 0, 0, 128, 3, 16, 0]"
2627.500145,Unknown Device,21,4,20,180,"[5, 0, 0, 80, 255, 9, 128, 1]"
2627.500289,Unknown Device,21,4,20,195,"[241, 31, 7, 208, 253, 47, 0, 5]"
2627.501789,Unknown Device,2,4,4,177,"[0, 0, 0, 98, 0, 16, 242, 255]"
2627.501991,Unknown Device,2,4,4,183,"[0, 0, 224, 8, 0, 0, 0, 0]"
2627.502242,Unknown Device,2,4,2,177,"[0, 0, 0, 98, 0, 16, 251, 255]"
2627.502415,Unknown Device,2,4,2,183,"[0, 0, 64, 7, 0, 0, 0, 0]"
2627.504015,Unknown Device,2,5,9,736,"[0, 0, 149, 6, 0, 24, 32, 0]"
2627.504173,Unknown Device,2,4,1,177,"[0, 0, 0, 226, 0, 16, 244, 255]"
2627.504354,Unknown Device,2,4,1,183,"[0, 0, 128, 248, 255, 255, 0, 0]"
2627.505925,Unknown Device,8,5,21,96,"[0, 0, 0, 0, 0, 0, 0, 0]"
2627.50607,Unknown Device,8,5,21,97,"[0, 0, 0, 0, 0, 0, 0, 192]"
2627.506214,Unknown Device,8,5,21,98,"[0, 0, 0, 64, 0, 0, 0, 192]"
2627.506352,Unknown Device,8,5,21,99,"[0, 0, 112, 0, 0, 0, 0, 240]"
2627.506496,Unknown Device,8,5,21,100,"[36, 38, 24, 250, 0, 192, 125, 0]"
2627.506801,Unknown Device,2,4,3,177,"[0, 0, 0, 226, 0, 16, 251, 255]"
2627.507002,Unknown Device,2,4,3,183,"[0, 0, 224, 251, 255, 255, 0, 0]"
2627.50714,Unknown Device,2,5,7,736,"[0, 0, 120, 6, 0, 24, 48, 0]"
2627.507284,Unknown Device,2,5,7,738,"[0, 0, 0, 128, 0, 0, 0, 128]"
2627.507585,Unknown Device,2,5,0,96,"[0, 0, 255, 255, 255, 255, 0, 0]"
2627.509492,Unknown Device,2,5,0,96,"[0, 0, 0, 0, 128, 3, 16, 0]"
2627.509636,Unknown Device,2,5,0,97,"[0, 0, 0, 0, 30, 48, 6, 0]"
2627.509785,Unknown Device,2,5,0,98,"[0, 0, 0, 0, 0, 0, 0, 0]"
2627.509937,Unknown Device,2,5,0,100,"[0, 0, 0, 0, 0, 0, 0, 0]"
2627.510039,Unknown Device,2,5,0,752,"[0, 0, 0, 0, 206, 32, 59, 159]"
2627.510589,Unknown Device,2,5,0,736,"[0, 0, 165, 6, 0, 24, 0, 0]"
2627.510723,Unknown Device,21,4,20,180,"[5, 0, 0, 80, 255, 9, 128, 1]"
2627.511004,Unknown Device,2,5,9,738,"[0, 0, 0, 0, 179, 149, 136, 63]"
2627.511786,Unknown Device,2,4,4,431,"[0, 0, 0, 0, 1, 26, 19, 0]"
2627.511967,Unknown Device,2,4,4,285,"[0, 0, 0, 0, 0, 0, 0, 0]"
2627.512211,Unknown Device,2,4,2,431,"[0, 0, 0, 0, 1, 26, 19, 0]"
2627.512384,Unknown Device,2,4,2,285,"[0, 0, 0, 0, 0, 0, 0, 0]"
2627.51265,Unknown Device,2,4,4,193,"[0, 243, 199, 46, 0, 0, 0, 0]"
2627.512841,Unknown Device,2,4,4,177,"[0, 0, 0, 98, 0, 16, 253, 255]"
2627.512986,Unknown Device,2,4,4,181,"[254, 127, 0, 64, 83, 22, 29, 24]"
2627.513124,Unknown Device,2,4,2,193,"[0, 243, 199, 46, 0, 0, 0, 0]"
2627.513296,Unknown Device,2,4,2,177,"[0, 0, 0, 98, 0, 16, 3, 0]"
2627.51344,Unknown Device,2,4,2,181,"[254, 127, 0, 128, 83, 23, 28, 24]"
2627.513585,Unknown Device,2,5,8,736,"[0, 0, 166, 6, 0, 24, 48, 0]"
2627.513726,Unknown Device,2,4,4,182,"[0, 0, 64, 231, 0, 0, 0, 0]"
2627.513871,Unknown Device,2,5,10,736,"[0, 0, 166, 6, 0, 23, 32, 0]"
2627.514016,Unknown Device,2,4,4,184,"[0, 0, 0, 0, 0, 0, 0, 128]"
2627.514168,Unknown Device,2,4,2,182,"[0, 0, 64, 189, 0, 0, 0, 0]"
2627.514298,Unknown Device,2,5,9,736,"[0, 0, 149, 6, 0, 24, 32, 0]"
2627.514441,Unknown Device,1,1,0,97,"[152, 175, 84, 126, 1, 0, 0, 255]"
2627.514585,Unknown Device,2,4,2,184,"[0, 0, 0, 0, 0, 0, 0, 128]"
2627.514713,Unknown Device,2,4,1,431,"[0, 0, 0, 0, 1, 26, 19, 0]"
2627.514857,Unknown Device,2,4,4,185,"[0, 0, 0, 0, 0, 0, 0, 128]"
2627.515002,Unknown Device,2,4,1,285,"[0, 0, 0, 0, 0, 0, 0, 0]"
2627.515146,Unknown Device,2,4,4,186,"[8, 0, 0, 0, 0, 0, 0, 0]"
2627.515298,Unknown Device,2,4,2,185,"[0, 0, 0, 0, 0, 0, 0, 128]"
2627.515442,Unknown Device,2,4,1,193,"[0, 243, 199, 46, 0, 0, 0, 0]"
2627.515586,Unknown Device,2,4,2,186,"[8, 0, 0, 0, 0, 0, 0, 0]"
2627.515728,Unknown Device,2,4,4,187,"[0, 0, 4, 0, 0, 0, 0, 0]"
2627.515873,Unknown Device,2,5,8,738,"[0, 0, 0, 128, 0, 0, 0, 128]"
2627.51606,Unknown Device,2,4,1,177,"[0, 0, 0, 226, 0, 16, 241, 255]"
2627.516204,Unknown Device,2,4,1,181,"[247, 127, 0, 64, 83, 22, 28, 24]"
2627.516342,Unknown Device,2,4,2,187,"[0, 0, 4, 0, 0, 0, 0, 0]"
2627.516486,Unknown Device,2,4,1,182,"[0, 0, 192, 62, 255, 255, 0, 0]"
2627.516913,Unknown Device,2,4,3,431,"[0, 0, 0, 0, 1, 26, 19, 0]"
2627.517072,Unknown Device,2,4,1,184,"[0, 0, 0, 0, 0, 0, 0, 128]"
2627.517245,Unknown Device,2,4,1,185,"[0, 0, 0, 0, 0, 0, 0, 128]"
2627.517511,Unknown Device,2,4,1,186,"[8, 0, 0, 0, 0, 0, 0, 0]"
2627.517655,Unknown Device,2,4,3,285,"[0, 0, 0, 0, 0, 0, 0, 0]"
2627.517854,Unknown Device,2,4,3,193,"[0, 243, 199, 46, 0, 0, 0, 0]"
2627.517999,Unknown Device,2,4,3,177,"[0, 0, 0, 226, 0, 16, 253, 255]"
2627.518143,Unknown Device,2,4,1,187,"[0, 0, 4, 0, 0, 0, 0, 0]"
2627.518287,Unknown Device,2,5,5,736,"[0, 0, 131, 6, 0, 24, 48, 0]"
2627.518424,Unknown Device,2,5,5,738,"[246, 124, 160, 51, 0, 0, 0, 128]"
2627.518625,Unknown Device,2,4,3,181,"[253, 127, 0, 64, 83, 21, 28, 25]"
2627.518844,Unknown Device,2,4,3,182,"[0, 0, 64, 152, 255, 255, 0, 0]"
2627.519025,Unknown Device,2,4,3,184,"[0, 0, 0, 0, 0, 0, 0, 128]"
2627.519169,Unknown Device,2,5,6,736,"[0, 0, 156, 6, 0, 24, 48, 0]"
2627.519314,Unknown Device,2,5,6,738,"[0, 0, 0, 128, 0, 0, 0, 128]"
2627.519494,Unknown Device,2,5,0,96,"[0, 0, 0, 0, 128, 3, 16, 0]"
2627.519638,Unknown Device,2,4,3,185,"[0, 0, 0, 0, 0, 0, 0, 128]"
2627.519915,Unknown Device,2,4,3,186,"[8, 0, 0, 0, 0, 0, 0, 0]"
2627.520531,Unknown Device,21,4,20,180,"[5, 0, 0, 80, 255, 9, 128, 1]"
2627.520679,Unknown Device,2,4,3,187,"[0, 0, 4, 0, 0, 0, 0, 0]"
2627.520823,Unknown Device,21,4,20,195,"[241, 31, 7, 208, 253, 47, 0, 5]"
2627.521813,Unknown Device,2,4,4,177,"[0, 0, 0, 98, 0, 16, 243, 255]"
2627.522001,Unknown Device,2,4,4,183,"[0, 0, 224, 8, 0, 0, 0, 0]"
2627.522252,Unknown Device,2,4,2,177,"[0, 0, 0, 98, 0, 16, 248, 255]"
2627.522438,Unknown Device,2,4,2,183,"[0, 0, 64, 7, 0, 0, 0, 0]"
2627.524038,Unknown Device,2,5,9,736,"[0, 0, 149, 6, 0, 24, 32, 0]"
2627.524182,Unknown Device,2,4,1,177,"[0, 0, 0, 226, 0, 16, 236, 255]"
2627.524355,Unknown Device,2,4,1,183,"[0, 0, 128, 248, 255, 255, 0, 0]"
2627.525926,Unknown Device,8,5,21,96,"[0, 0, 0, 0, 0, 0, 0, 0]"
2627.526078,Unknown Device,8,5,21,97,"[0, 0, 0, 0, 0, 0, 0, 192]"
2627.526208,Unknown Device,8,5,21,98,"[0, 0, 0, 64, 0, 0, 0, 192]"
2627.526352,Unknown Device,8,5,21,99,"[0, 0, 112, 0, 0, 0, 0, 240]"
2627.526495,Unknown Device,8,5,21,100,"[36, 38, 24, 250, 0, 192, 125, 0]"
2627.526808,Unknown Device,2,4,3,177,"[0, 0, 0, 226, 0, 16, 250, 255]"
2627.526981,Unknown Device,2,4,3,183,"[0, 0, 224, 251, 255, 255, 0, 0]"
2627.527168,Unknown Device,2,5,7,736,"[0, 0, 121, 6, 0, 24, 48, 0]"
2627.527306,Unknown Device,2,5,7,738,"[0, 0, 0, 128, 0, 0, 0, 128]"
2627.529493,Unknown Device,2,5,0,96,"[0, 0, 0, 0, 128, 3, 16, 0]"
2627.529636,Unknown Device,2,5,0,97,"[0, 0, 0, 0, 30, 47, 6, 0]"
2627.529777,Unknown Device,2,5,0,98,"[0, 0, 0, 0, 0, 0, 0, 0]"
2627.529933,Unknown Device,2,5,0,100,"[0, 0, 0, 0, 0, 0, 0, 0]"
2627.53038,Unknown Device,21,4,20,431,"[0, 0, 0, 0, 1, 26, 19, 0]"
2627.530536,Unknown Device,21,4,20,285,"[0, 0, 0, 0, 0, 64, 0, 0]"
2627.530683,Unknown Device,2,5,0,736,"[0, 0, 165, 6, 0, 24, 0, 0]"
2627.53082,Unknown Device,21,4,20,180,"[5, 0, 0, 80, 255, 9, 128, 1]"
2627.530978,Unknown Device,21,4,20,197,"[130, 29, 0, 22, 80, 0, 0, 255]"
2627.531121,Unknown Device,2,5,9,738,"[0, 0, 0, 0, 179, 149, 136, 63]"
2627.531263,Unknown Device,21,4,20,198,"[251, 255, 207, 255, 255, 3, 0, 144]"
2627.531414,Unknown Device,21,4,20,203,"[0, 0, 0, 0, 0, 0, 0, 0]"
2627.531571,Unknown Device,21,4,20,202,"[137, 98, 0, 0, 0, 0, 0, 0]"
2627.531732,Unknown Device,21,4,20,205,"[0, 0, 0, 0, 0, 0, 0, 0]"
2627.531897,Unknown Device,21,4,20,206,"[168, 255, 50, 0, 163, 2, 0, 0]"
2627.532012,Unknown Device,2,4,4,177,"[0, 0, 0, 98, 0, 16, 250, 255]"
2627.532417,Unknown Device,2,4,2,177,"[0, 0, 0, 98, 0, 16, 237, 255]"
2627.533461,Unknown Device,2,5,10,736,"[0, 0, 165, 6, 0, 23, 32, 0]"
2627.533612,Unknown Device,2,5,8,736,"[0, 0, 166, 6, 0, 24, 48, 0]"
2627.533744,Unknown Device,2,5,8,738,"[0, 0, 0, 128, 0, 0, 0, 128]"
2627.534,Unknown Device,2,5,9,736,"[0, 0, 149, 6, 0, 24, 32, 0]"
2627.534235,Unknown Device,2,4,1,177,"[0, 0, 0, 226, 0, 16, 247, 255]"
2627.53449,Unknown Device,2,5,0,103,"[0, 0, 0, 0, 0, 0, 0, 0]"
2627.535161,Unknown Device,1,1,0,97,"[152, 175, 84, 126, 1, 0, 0, 255]"
2627.536467,Unknown Device,2,5,10,737,"[0, 0, 0, 0, 0, 64, 0, 0]"
2627.536792,Unknown Device,2,4,3,177,"[0, 0, 0, 226, 0, 16, 248, 255]"
2627.537647,Unknown Device,0,4,63,1,"[52, 94, 169, 127, 29, 237, 238, 35]"
2627.537914,Unknown Device,2,5,5,736,"[0, 0, 131, 6, 0, 24, 48, 0]"
2627.538043,Unknown Device,2,5,5,738,"[246, 124, 160, 51, 0, 0, 0, 128]"
2627.539025,Unknown Device,2,5,6,736,"[0, 0, 156, 6, 0, 24, 48, 0]"
2627.539168,Unknown Device,2,5,6,738,"[0, 0, 0, 128, 0, 0, 0, 128]"
2627.539494,Unknown Device,2,5,0,96,"[0, 0, 0, 0, 128, 3, 16, 0]"
2627.540248,Unknown Device,21,4,20,180,"[5, 0, 0, 80, 255, 9, 128, 1]"
2627.540405,Unknown Device,21,4,20,195,"[241, 31, 7, 208, 253, 47, 0, 5]"
2627.541795,Unknown Device,2,4,4,177,"[0, 0, 0, 98, 0, 16, 6, 0]"
2627.541981,Unknown Device,2,4,4,183,"[0, 0, 224, 8, 0, 0, 0, 0]"
2627.542279,Unknown Device,2,4,2,177,"[0, 0, 0, 98, 0, 16, 251, 255]"
2627.54245,Unknown Device,2,4,2,183,"[0, 0, 64, 7, 0, 0, 0, 0]"
2627.542958,Unknown Device,2,5,9,752,"[0, 0, 0, 0, 235, 184, 17, 60]"
2627.544025,Unknown Device,2,5,9,736,"[0, 0, 149, 6, 0, 24, 32, 0]"
2627.544177,Unknown Device,2,4,1,177,"[0, 0, 0, 226, 0, 16, 238, 255]"
2627.544449,Unknown Device,2,4,1,183,"[0, 0, 128, 248, 255, 255, 0, 0]"
2627.545912,Unknown Device,8,5,21,96,"[0, 0, 0, 0, 0, 0, 0, 0]"
2627.546057,Unknown Device,8,5,21,97,"[0, 0, 0, 0, 0, 0, 0, 192]"
2627.546201,Unknown Device,8,5,21,98,"[0, 0, 0, 64, 0, 0, 0, 192]"
2627.546345,Unknown Device,8,5,21,99,"[0, 0, 112, 0, 0, 0, 0, 240]"
2627.546489,Unknown Device,2,5,0,99,"[0, 0, 0, 0, 0, 0, 0, 0]"
2627.546634,Unknown Device,8,5,21,100,"[36, 38, 24, 250, 0, 192, 125, 0]"
2627.546782,Unknown Device,2,4,3,177,"[0, 0, 0, 226, 0, 16, 3, 0]"
2627.546955,Unknown Device,2,4,3,183,"[0, 0, 224, 251, 255, 255, 0, 0]"
2627.547128,Unknown Device,2,5,7,736,"[0, 0, 121, 6, 0, 24, 48, 0]"
2627.54728,Unknown Device,2,5,7,738,"[0, 0, 0, 128, 0, 0, 0, 128]"
2627.549482,Unknown Device,2,5,0,96,"[0, 0, 0, 0, 128, 3, 16, 0]"
2627.549626,Unknown Device,2,5,0,97,"[0, 0, 0, 0, 30, 48, 6, 0]"
2627.549774,Unknown Device,2,5,0,98,"[0, 0, 0, 0, 0, 0, 0, 0]"
2627.549918,Unknown Device,2,5,0,100,"[0, 0, 0, 0, 0, 0, 0, 0]"
2627.550177,Unknown Device,21,4,20,180,"[5, 0, 0, 80, 255, 9, 128, 1]"
2627.55045,Unknown Device,2,5,10,96,"[0, 0, 255, 255, 255, 255, 0, 0]"
2627.550594,Unknown Device,2,5,0,736,"[0, 0, 165, 6, 0, 24, 0, 0]"
2627.550999,Unknown Device,2,5,9,738,"[0, 0, 0, 0, 179, 149, 136, 63]"
2627.551802,Unknown Device,2,4,4,177,"[0, 0, 0, 98, 0, 16, 248, 255]"
2627.552246,Unknown Device,2,4,2,177,"[0, 0, 0, 98, 0, 16, 253, 255]"
2627.552418,Unknown Device,2,5,10,752,"[0, 0, 0, 0, 194, 32, 248, 28]"
2627.55312,Unknown Device,2,5,7,737,"[0, 0, 0, 0, 0, 64, 0, 0]"
2627.553477,Unknown Device,2,5,10,736,"[0, 0, 165, 6, 0, 23, 32, 0]"
2627.553621,Unknown Device,2,5,8,736,"[0, 0, 165, 6, 0, 24, 48, 0]"
2627.553755,Unknown Device,2,5,8,738,"[0, 0, 0, 128, 0, 0, 0, 128]"
2627.554028,Unknown Device,2,5,9,736,"[0, 0, 149, 6, 0, 24, 32, 0]"
2627.554173,Unknown Device,2,4,1,177,"[0, 0, 0, 226, 0, 16, 254, 255]"
2627.55602,Unknown Device,1,1,0,97,"[152, 175, 84, 126, 1, 0, 0, 255]"
2627.556735,Unknown Device,2,4,3,177,"[0, 0, 0, 226, 0, 16, 2, 0]"
2627.557907,Unknown Device,2,5,5,736,"[0, 0, 131, 6, 0, 24, 48, 0]"
2627.558038,Unknown Device,2,5,5,738,"[246, 124, 160, 51, 0, 0, 0, 128]"
2627.559027,Unknown Device,2,5,6,736,"[0, 0, 157, 6, 0, 24, 48, 0]"
2627.559171,Unknown Device,2,5,6,738,"[0, 0, 0, 128, 0, 0, 0, 128]"
2627.559486,Unknown Device,2,5,0,96,"[0, 0, 0, 0, 128, 3, 16, 0]"
2627.560103,Unknown Device,21,4,20,180,"[5, 0, 0, 80, 255, 8, 128, 1]"
2627.560261,Unknown Device,21,4,20,195,"[241, 31, 7, 208, 253, 51, 0, 5]"
2627.561722,Unknown Device,2,4,4,177,"[0, 0, 0, 98, 0, 16, 252, 255]"
2627.561909,Unknown Device,2,4,4,183,"[0, 0, 224, 8, 0, 0, 0, 0]"
2627.56221,Unknown Device,2,4,2,177,"[0, 0, 0, 98, 0, 16, 245, 255]"
2627.562397,Unknown Device,2,4,2,183,"[0, 0, 64, 7, 0, 0, 0, 0]"
2627.564022,Unknown Device,2,5,9,736,"[0, 0, 150, 6, 0, 24, 32, 0]"
2627.564166,Unknown Device,2,4,1,177,"[0, 0, 0, 226, 0, 16, 2, 0]"
2627.564346,Unknown Device,2,4,1,183,"[0, 0, 128, 248, 255, 255, 0, 0]"
2627.565908,Unknown Device,8,5,21,96,"[0, 0, 0, 0, 0, 0, 0, 0]"
2627.566061,Unknown Device,8,5,21,97,"[0, 0, 0, 0, 0, 0, 0, 192]"
2627.566206,Unknown Device,8,5,21,98,"[0, 0, 0, 64, 0, 0, 0, 192]"
2627.56635,Unknown Device,8,5,21,99,"[0, 0, 112, 0, 0, 0, 0, 240]"
2627.56648,Unknown Device,8,5,21,100,"[35, 38, 24, 250, 0, 192, 125, 0]"
2627.566778,Unknown Device,2,4,3,177,"[0, 0, 0, 226, 0, 16, 8, 0]"
2627.566937,Unknown Device,2,4,3,183,"[0, 0, 224, 251, 255, 255, 0, 0]"
2627.567133,Unknown Device,2,5,7,736,"[0, 0, 122, 6, 0, 24, 48, 0]"
2627.567276,Unknown Device,2,5,7,738,"[0, 0, 0, 128, 0, 0, 0, 128]"
2627.569487,Unknown Device,2,5,0,96,"[0, 0, 0, 0, 128, 3, 16, 0]"
2627.56963,Unknown Device,2,5,0,97,"[0, 0, 0, 0, 30, 48, 6, 0]"
2627.569764,Unknown Device,2,5,0,98,"[0, 0, 0, 0, 0, 0, 0, 0]"
2627.569923,Unknown Device,2,5,0,100,"[0, 0, 0, 0, 0, 0, 0, 0]"
2627.570161,Unknown Device,21,4,20,180,"[6, 0, 0, 80, 255, 8, 128, 1]"
2627.570569,Unknown Device,2,5,0,736,"[0, 0, 166, 6, 0, 24, 0, 0]"
2627.571011,Unknown Device,2,5,9,738,"[0, 0, 0, 0, 179, 149, 136, 63]"
2627.571706,Unknown Device,2,4,4,177,"[0, 0, 0, 98, 0, 16, 5, 0]"
2627.572284,Unknown Device,2,4,2,177,"[0, 0, 0, 98, 0, 16, 228, 255]"
2627.573452,Unknown Device,2,5,10,736,"[0, 0, 165, 6, 0, 23, 32, 0]"
2627.573596,Unknown Device,2,5,8,736,"[0, 0, 166, 6, 0, 24, 48, 0]"
2627.573744,Unknown Device,2,5,8,738,"[0, 0, 0, 128, 0, 0, 0, 128]"
2627.574017,Unknown Device,2,5,9,736,"[0, 0, 149, 6, 0, 24, 32, 0]"
2627.574154,Unknown Device,2,4,1,177,"[0, 0, 0, 226, 0, 16, 6, 0]"
2627.576679,Unknown Device,2,4,3,177,"[0, 0, 0, 226, 0, 16, 254, 255]"
2627.577014,Unknown Device,1,1,0,97,"[152, 175, 84, 126, 1, 0, 0, 255]"
2627.577889,Unknown Device,2,5,5,736,"[0, 0, 130, 6, 0, 24, 48, 0]"
2627.57804,Unknown Device,2,5,5,738,"[246, 124, 160, 51, 0, 0, 0, 128]"
2627.578437,Unknown Device,0,4,63,1,"[52, 94, 168, 122, 146, 78, 42, 15]"
2627.579009,Unknown Device,2,5,6,736,"[0, 0, 157, 6, 0, 24, 48, 0]"
2627.579151,Unknown Device,2,5,6,738,"[0, 0, 0, 128, 0, 0, 0, 128]"
2627.579484,Unknown Device,2,5,0,96,"[0, 0, 0, 0, 128, 3, 16, 0]"
2627.580104,Unknown Device,21,4,20,180,"[6, 0, 0, 80, 255, 8, 128, 1]"
2627.580261,Unknown Device,21,4,20,195,"[241, 31, 7, 208, 253, 51, 0, 5]"
2627.580403,Unknown Device,21,4,20,196,"[29, 1, 223, 0, 32, 127, 0, 0]"
2627.580554,Unknown Device,21,4,20,199,"[219, 255, 31, 0, 0, 1, 0, 0]"
2627.580715,Unknown Device,21,4,20,200,"[160, 0, 80, 0, 200, 63, 0, 4]"
2627.581474,Unknown Device,2,5,0,101,"[0, 0, 0, 0, 0, 0, 16, 0]"
2627.581624,Unknown Device,2,5,0,102,"[0, 0, 0, 0, 0, 0, 0, 0]"
2627.581771,Unknown Device,2,4,4,177,"[0, 0, 0, 98, 0, 16, 253, 255]"
2627.582042,Unknown Device,2,4,4,183,"[0, 0, 224, 8, 0, 0, 0, 0]"
2627.582221,Unknown Device,2,4,2,177,"[0, 0, 0, 98, 0, 16, 243, 255]"
2627.58242,Unknown Device,2,4,2,183,"[0, 0, 64, 7, 0, 0, 0, 0]"
2627.584017,Unknown Device,2,5,9,736,"[0, 0, 149, 6, 0, 24, 32, 0]"
2627.584168,Unknown Device,2,4,1,177,"[0, 0, 0, 226, 0, 16, 247, 255]"
2627.58431,Unknown Device,2,4,1,183,"[0, 0, 128, 248, 255, 255, 0, 0]"
2627.585911,Unknown Device,8,5,21,96,"[0, 0, 0, 0, 0, 0, 0, 0]"
2627.586054,Unknown Device,8,5,21,97,"[0, 0, 0, 0, 0, 0, 0, 192]"
2627.586197,Unknown Device,8,5,21,98,"[0, 0, 0, 64, 0, 0, 0, 192]"
2627.586333,Unknown Device,8,5,21,99,"[0, 0, 112, 0, 0, 0, 0, 240]"
2627.586476,Unknown Device,8,5,21,100,"[35, 38, 24, 250, 0, 192, 125, 0]"
2627.586735,Unknown Device,2,4,3,177,"[0, 0, 0, 226, 0, 16, 255, 255]"
2627.586899,Unknown Device,2,5,5,737,"[0, 0, 0, 0, 0, 64, 0, 0]"
2627.587043,Unknown Device,2,4,3,183,"[0, 0, 224, 251, 255, 255, 0, 0]"
2627.587185,Unknown Device,2,5,7,736,"[0, 0, 120, 6, 0, 24, 48, 0]"
2627.587336,Unknown Device,2,5,7,738,"[0, 0, 0, 128, 0, 0, 0, 128]"
2627.589479,Unknown Device,2,5,0,96,"[0, 0, 0, 0, 128, 3, 16, 0]"
2627.589624,Unknown Device,2,5,0,97,"[0, 0, 0, 0, 30, 48, 6, 0]"
2627.589772,Unknown Device,2,5,0,98,"[0, 0, 0, 0, 0, 0, 0, 0]"
2627.58991,Unknown Device,2,5,0,100,"[0, 0, 0, 0, 0, 0, 0, 0]"
2627.59014,Unknown Device,21,4,20,180,"[6, 0, 0, 80, 255, 8, 128, 1]"
2627.590575,Unknown Device,2,5,0,736,"[0, 0, 166, 6, 0, 24, 0, 0]"
2627.591016,Unknown Device,2,5,9,738,"[0, 0, 0, 0, 179, 149, 136, 63]"
2627.591703,Unknown Device,2,4,4,177,"[0, 0, 0, 98, 0, 16, 0, 0]"
2627.592197,Unknown Device,2,4,2,177,"[0, 0, 0, 98, 0, 16, 5, 0]"
2627.593452,Unknown Device,2,5,10,736,"[0, 0, 164, 6, 0, 23, 32, 0]"
2627.593596,Unknown Device,2,5,8,736,"[0, 0, 166, 6, 0, 24, 48, 0]"
2627.593744,Unknown Device,2,5,8,738,"[0, 0, 0, 128, 0, 0, 0, 128]"
2627.59401,Unknown Device,2,5,9,736,"[0, 0, 149, 6, 0, 24, 32, 0]"
2627.594154,Unknown Device,2,4,1,177,"[0, 0, 0, 226, 0, 16, 248, 255]"
2627.596649,Unknown Device,2,4,3,177,"[0, 0, 0, 226, 0, 16, 253, 255]"
2627.596797,Unknown Device,2,5,0,99,"[0, 0, 0, 0, 0, 0, 0, 0]"
2627.597872,Unknown Device,1,1,0,97,"[152, 175, 84, 126, 1, 0, 0, 255]"
2627.598016,Unknown Device,2,5,5,736,"[0, 0, 131, 6, 0, 24, 48, 0]"
2627.598154,Unknown Device,2,5,5,738,"[246, 124, 160, 51, 0, 0, 0, 128]"
2627.599006,Unknown Device,2,5,6,736,"[0, 0, 157, 6, 0, 24, 48, 0]"
2627.599158,Unknown Device,2,5,6,738,"[0, 0, 0, 128, 0, 0, 0, 128]"
2627.599472,Unknown Device,2,5,0,96,"[0, 0, 0, 0, 128, 3, 16, 0]"
2627.600098,Unknown Device,21,4,20,180,"[5, 0, 0, 80, 255, 8, 128, 1]"
2627.60025,Unknown Device,21,4,20,195,"[241, 31, 7, 192, 253, 51, 0, 5]"
2627.601735,Unknown Device,2,4,4,177,"[0, 0, 0, 98, 0, 16, 5, 0]"
2627.601936,Unknown Device,2,4,4,183,"[0, 0, 224, 8, 0, 0, 0, 0]"
2627.602287,Unknown Device,2,4,2,177,"[0, 0, 0, 98, 0, 16, 243, 255]"
2627.602473,Unknown Device,2,4,2,183,"[0, 0, 64, 7, 0, 0, 0, 0]"
2627.604015,Unknown Device,2,5,9,736,"[0, 0, 150, 6, 0, 24, 32, 0]"
2627.604159,Unknown Device,2,4,1,177,"[0, 0, 0, 226, 0, 16, 3, 0]"
2627.604439,Unknown Device,2,4,1,183,"[0, 0, 128, 248, 255, 255, 0, 0]"
2627.605901,Unknown Device,8,5,21,96,"[0, 0, 0, 0, 0, 0, 0, 0]"
2627.60604,Unknown Device,8,5,21,97,"[0, 0, 0, 0, 0, 0, 0, 192]"
2627.606198,Unknown Device,8,5,21,98,"[0, 0, 0, 64, 0, 0, 0, 192]"
2627.606341,Unknown Device,8,5,21,99,"[0, 0, 112, 0, 0, 0, 0, 240]"
2627.606479,Unknown Device,8,5,21,100,"[35, 38, 24, 250, 0, 192, 125, 0]"
2627.606726,Unknown Device,2,4,3,177,"[0, 0, 0, 226, 0, 16, 255, 255]"
2627.606898,Unknown Device,2,4,3,183,"[0, 0, 224, 251, 255, 255, 0, 0]"
2627.607108,Unknown Device,2,5,7,736,"[0, 0, 121, 6, 0, 24, 48, 0]"
2627.607252,Unknown Device,2,5,7,738,"[0, 0, 0, 128, 0, 0, 0, 128]"
2627.609514,Unknown Device,2,5,0,96,"[0, 0, 0, 0, 128, 3, 16, 0]"
2627.609651,Unknown Device,2,5,0,97,"[0, 0, 0, 0, 30, 49, 6, 0]"
2627.609799,Unknown Device,2,5,0,98,"[0, 0, 0, 0, 0, 0, 0, 0]"
2627.609943,Unknown Device,2,5,0,100,"[0, 0, 0, 0, 0, 0, 0, 0]"
2627.610124,Unknown Device,21,4,20,180,"[5, 0, 0, 80, 255, 8, 128, 1]"
2627.610565,Unknown Device,2,5,0,736,"[0, 0, 164, 6, 0, 24, 0, 0]"
2627.610992,Unknown Device,2,5,9,738,"[0, 0, 0, 0, 179, 149, 136, 63]"
2627.611732,Unknown Device,2,4,4,177,"[0, 0, 0, 98, 0, 16, 8, 0]"
2627.61224,Unknown Device,2,4,2,177,"[0, 0, 0, 98, 0, 16, 242, 255]"
2627.613465,Unknown Device,2,5,10,736,"[0, 0, 165, 6, 0, 23, 32, 0]"
2627.613594,Unknown Device,2,5,8,736,"[0, 0, 166, 6, 0, 24, 48, 0]"
2627.613742,Unknown Device,2,5,8,738,"[0, 0, 0, 128, 0, 0, 0, 128]"
2627.614036,Unknown Device,2,5,9,736,"[0, 0, 150, 6, 0, 24, 32, 0]"
2627.614251,Unknown Device,2,4,1,177,"[0, 0, 0, 226, 0, 16, 251, 255]"
2627.616766,Unknown Device,2,4,3,177,"[0, 0, 0, 226, 0, 16, 4, 0]"
2627.617881,Unknown Device,2,5,5,736,"[0, 0, 131, 6, 0, 24, 48, 0]"
2627.618026,Unknown Device,2,5,5,738,"[246, 124, 160, 51, 0, 0, 0, 128]"
2627.618665,Unknown Device,1,1,0,97,"[152, 175, 84, 126, 1, 0, 0, 255]"
2627.619016,Unknown Device,2,5,6,736,"[0, 0, 156, 6, 0, 24, 48, 0]"
2627.619159,Unknown Device,2,5,6,738,"[0, 0, 0, 128, 0, 0, 0, 128]"
2627.619415,Unknown Device,0,4,63,1,"[52, 94, 169, 122, 25, 89, 142, 154]"
2627.619565,Unknown Device,2,5,0,96,"[0, 0, 0, 0, 128, 3, 16, 0]"
2627.620102,Unknown Device,21,4,20,180,"[6, 0, 0, 80, 255, 8, 128, 1]"
2627.620245,Unknown Device,21,4,20,195,"[241, 223, 6, 192, 253, 51, 0, 5]"
2627.621785,Unknown Device,2,4,4,177,"[0, 0, 0, 98, 0, 16, 250, 255]"
2627.62197,Unknown Device,2,4,4,183,"[0, 0, 224, 8, 0, 0, 0, 0]"
2627.622233,Unknown Device,2,4,2,177,"[0, 0, 0, 98, 0, 16, 251, 255]"
2627.622404,Unknown Device,2,4,2,183,"[0, 0, 64, 7, 0, 0, 0, 0]"
2627.623513,Unknown Device,2,5,8,737,"[0, 0, 0, 0, 0, 64, 0, 0]"
2627.624007,Unknown Device,2,5,9,736,"[0, 0, 149, 6, 0, 24, 32, 0]"
2627.62415,Unknown Device,2,4,1,177,"[0, 0, 0, 226, 0, 16, 250, 255]"
2627.624329,Unknown Device,2,4,1,183,"[0, 0, 128, 248, 255, 255, 0, 0]"
2627.625911,Unknown Device,8,5,21,96,"[0, 0, 0, 0, 0, 0, 0, 0]"
2627.62604,Unknown Device,8,5,21,97,"[0, 0, 0, 0, 0, 0, 0, 192]"
2627.626182,Unknown Device,8,5,21,98,"[0, 0, 0, 64, 0, 0, 0, 192]"
2627.626325,Unknown Device,8,5,21,99,"[0, 0, 112, 0, 0, 0, 0, 240]"
2627.626476,Unknown Device,8,5,21,100,"[35, 38, 24, 250, 0, 192, 125, 0]"
2627.626736,Unknown Device,2,4,3,177,"[0, 0, 0, 226, 0, 16, 2, 0]"
2627.626921,Unknown Device,2,4,3,183,"[0, 0, 224, 251, 255, 255, 0, 0]"
2627.627101,Unknown Device,2,5,7,736,"[0, 0, 121, 6, 0, 24, 48, 0]"
2627.627244,Unknown Device,2,5,7,738,"[0, 0, 0, 128, 0, 0, 0, 128]"
2627.629512,Unknown Device,2,5,0,96,"[0, 0, 0, 0, 128, 3, 16, 0]"
2627.629658,Unknown Device,2,5,0,97,"[0, 0, 0, 0, 30, 46, 6, 0]"
2627.629823,Unknown Device,2,5,0,98,"[0, 0, 0, 0, 0, 0, 0, 0]"
2627.629951,Unknown Device,2,5,0,100,"[0, 0, 0, 0, 0, 0, 0, 0]"
2627.630151,Unknown Device,21,4,20,180,"[5, 0, 0, 80, 255, 8, 128, 1]"
2627.630556,Unknown Device,2,5,0,736,"[0, 0, 164, 6, 0, 24, 0, 0]"
2627.630994,Unknown Device,2,5,9,738,"[0, 0, 0, 0, 179, 149, 136, 63]"
2627.631769,Unknown Device,2,4,4,177,"[0, 0, 0, 98, 0, 16, 240, 255]"
2627.632188,Unknown Device,2,4,2,177,"[0, 0, 0, 98, 0, 16, 252, 255]"
2627.633448,Unknown Device,2,5,10,736,"[0, 0, 163, 6, 0, 23, 32, 0]"
2627.633598,Unknown Device,2,5,8,736,"[0, 0, 165, 6, 0, 24, 48, 0]"
2627.633731,Unknown Device,2,5,8,738,"[0, 0, 0, 128, 0, 0, 0, 128]"
2627.63403,Unknown Device,2,5,9,736,"[0, 0, 149, 6, 0, 24, 32, 0]"
2627.634169,Unknown Device,2,4,1,177,"[0, 0, 0, 226, 0, 16, 239, 255]"
2627.636788,Unknown Device,2,4,3,177,"[0, 0, 0, 226, 0, 16, 251, 255]"
2627.637883,Unknown Device,2,5,5,736,"[0, 0, 131, 6, 0, 24, 48, 0]"
2627.638014,Unknown Device,2,5,5,738,"[246, 124, 160, 51, 0, 0, 0, 128]"
2627.639004,Unknown Device,2,5,6,736,"[0, 0, 156, 6, 0, 24, 48, 0]"
2627.639148,Unknown Device,2,5,6,738,"[0, 0, 0, 128, 0, 0, 0, 128]"
2627.639499,Unknown Device,2,5,0,96,"[0, 0, 0, 0, 128, 3, 16, 0]"
2627.639643,Unknown Device,1,1,0,97,"[152, 175, 84, 126, 1, 0, 0, 255]"
2627.640098,Unknown Device,21,4,20,180,"[5, 0, 0, 80, 255, 8, 128, 1]"
2627.640256,Unknown Device,21,4,20,195,"[241, 31, 7, 192, 253, 51, 0, 5]"
2627.641668,Unknown Device,2,4,4,177,"[0, 0, 0, 98, 0, 16, 246, 255]"
2627.641855,Unknown Device,2,4,4,183,"[0, 0, 224, 8, 0, 0, 0, 0]"
2627.642249,Unknown Device,2,4,2,177,"[0, 0, 0, 98, 0, 16, 239, 255]"
2627.64245,Unknown Device,2,4,2,183,"[0, 0, 64, 7, 0, 0, 0, 0]"
2627.643992,Unknown Device,2,5,9,736,"[0, 0, 148, 6, 0, 24, 32, 0]"
2627.644136,Unknown Device,2,4,1,177,"[0, 0, 0, 226, 0, 16, 241, 255]"
2627.64428,Unknown Device,2,5,9,737,"[0, 0, 0, 8, 0, 64, 0, 0]"
2627.644432,Unknown Device,2,4,1,183,"[0, 0, 128, 248, 255, 255, 0, 0]"
2627.645893,Unknown Device,8,5,21,96,"[0, 0, 0, 0, 0, 0, 0, 0]"
2627.646032,Unknown Device,8,5,21,97,"[0, 0, 0, 0, 0, 0, 0, 192]"
2627.646176,Unknown Device,8,5,21,98,"[0, 0, 0, 64, 0, 0, 0, 192]"
2627.64632,Unknown Device,8,5,21,99,"[0, 0, 112, 0, 0, 0, 0, 240]"
2627.646458,Unknown Device,8,5,21,100,"[35, 38, 24, 250, 0, 192, 125, 0]"
2627.646616,Unknown Device,2,5,0,99,"[0, 0, 0, 0, 0, 0, 0, 0]"
2627.64675,Unknown Device,2,4,3,177,"[0, 0, 0, 226, 0, 16, 240, 255]"
2627.646909,Unknown Device,2,4,3,183,"[0, 0, 224, 251, 255, 255, 0, 0]"
2627.647119,Unknown Device,2,5,7,736,"[0, 0, 120, 6, 0, 24, 48, 0]"
2627.647263,Unknown Device,2,5,7,738,"[0, 0, 0, 128, 0, 0, 0, 128]"
2627.649506,Unknown Device,2,5,0,96,"[0, 0, 0, 0, 128, 3, 16, 0]"
2627.649654,Unknown Device,2,5,0,97,"[0, 0, 0, 0, 30, 47, 6, 0]"
2627.649792,Unknown Device,2,5,0,98,"[0, 0, 0, 0, 0, 0, 0, 0]"
2627.649936,Unknown Device,2,5,0,100,"[0, 0, 0, 0, 0, 0, 0, 0]"
2627.650138,Unknown Device,21,4,20,180,"[5, 0, 0, 80, 255, 8, 128, 1]"
2627.650546,Unknown Device,2,5,0,736,"[0, 0, 163, 6, 0, 24, 0, 0]"
2627.651002,Unknown Device,2,5,9,738,"[0, 0, 0, 0, 179, 149, 136, 63]"
2627.651811,Unknown Device,2,4,4,177,"[0, 0, 0, 98, 0, 16, 243, 255]"
2627.652233,Unknown Device,2,4,2,177,"[0, 0, 0, 98, 0, 16, 246, 255]"
2627.653434,Unknown Device,2,5,10,736,"[0, 0, 163, 6, 0, 23, 32, 0]"
2627.653579,Unknown Device,2,5,8,736,"[0, 0, 164, 6, 0, 24, 48, 0]"
2627.65372,Unknown Device,2,5,8,738,"[0, 0, 0, 128, 0, 0, 0, 128]"
2627.653994,Unknown Device,2,5,9,736,"[0, 0, 148, 6, 0, 24, 32, 0]"
2627.654138,Unknown Device,2,4,1,177,"[0, 0, 0, 226, 0, 16, 255, 255]"
2627.656777,Unknown Device,2,4,3,177,"[0, 0, 0, 226, 0, 16, 255, 255]"
2627.657881,Unknown Device,2,5,5,736,"[0, 0, 130, 6, 0, 24, 48, 0]"
2627.658026,Unknown Device,2,5,5,738,"[246, 124, 160, 51, 0, 0, 0, 128]"
2627.659001,Unknown Device,2,5,6,736,"[0, 0, 156, 6, 0, 24, 48, 0]"
2627.659145,Unknown Device,2,5,6,738,"[0, 0, 0, 128, 0, 0, 0, 128]"
2627.659495,Unknown Device,2,5,0,96,"[0, 0, 0, 0, 128, 3, 16, 0]"
2627.660106,Unknown Device,21,4,20,180,"[5, 0, 0, 80, 255, 8, 128, 1]"
2627.660249,Unknown Device,0,4,63,1,"[52, 94, 169, 122, 212, 2, 134, 64]"
2627.660387,Unknown Device,21,4,20,195,"[241, 31, 7, 208, 253, 51, 0, 5]"
2627.660602,Unknown Device,1,1,0,97,"[152, 175, 84, 126, 1, 0, 0, 255]"
2627.661738,Unknown Device,2,4,4,177,"[0, 0, 0, 98, 0, 16, 237, 255]"
2627.661925,Unknown Device,2,4,4,183,"[0, 0, 224, 8, 0, 0, 0, 0]"
2627.662206,Unknown Device,2,4,2,177,"[0, 0, 0, 98, 0, 16, 237, 255]"
2627.662364,Unknown Device,2,4,2,183,"[0, 0, 64, 7, 0, 0, 0, 0]"
2627.663989,Unknown Device,2,5,9,736,"[0, 0, 149, 6, 0, 24, 32, 0]"
2627.66414,Unknown Device,2,4,1,177,"[0, 0, 0, 226, 0, 16, 244, 255]"
2627.664338,Unknown Device,2,4,1,183,"[0, 0, 128, 248, 255, 255, 0, 0]"
2627.665002,Unknown Device,2,5,6,737,"[0, 0, 0, 0, 0, 64, 0, 0]"
2627.665898,Unknown Device,8,5,21,96,"[0, 0, 0, 0, 0, 0, 0, 0]"
2627.666041,Unknown Device,8,5,21,97,"[0, 0, 0, 0, 0, 0, 0, 192]"
2627.666178,Unknown Device,8,5,21,98,"[0, 0, 0, 64, 0, 0, 0, 192]"
2627.666321,Unknown Device,8,5,21,99,"[0, 0, 112, 0, 0, 0, 0, 240]"
2627.666463,Unknown Device,8,5,21,100,"[35, 38, 24, 250, 0, 192, 125, 0]"
2627.666744,Unknown Device,2,4,3,177,"[0, 0, 0, 226, 0, 16, 250, 255]"
2627.666943,Unknown Device,2,4,3,183,"[0, 0, 224, 251, 255, 255, 0, 0]"
2627.667101,Unknown Device,2,5,7,736,"[0, 0, 121, 6, 0, 24, 48, 0]"
2627.667251,Unknown Device,2,5,7,738,"[0, 0, 0, 128, 0, 0, 0, 128]"
2627.669512,Unknown Device,2,5,0,96,"[0, 0, 0, 0, 128, 3, 16, 0]"
2627.669659,Unknown Device,2,5,0,97,"[0, 0, 0, 0, 30, 48, 6, 0]"
2627.66981,Unknown Device,2,5,0,98,"[0, 0, 0, 0, 0, 0, 0, 0]"
2627.669953,Unknown Device,2,5,0,100,"[0, 0, 0, 0, 0, 0, 0, 0]"
2627.670139,Unknown Device,21,4,20,180,"[5, 0, 0, 80, 255, 8, 128, 1]"
2627.670556,Unknown Device,2,5,0,736,"[0, 0, 164, 6, 0, 24, 0, 0]"
2627.670979,Unknown Device,2,5,9,738,"[0, 0, 0, 0, 179, 149, 136, 63]"
2627.671724,Unknown Device,2,4,4,177,"[0, 0, 0, 98, 0, 16, 251, 255]"
2627.672157,Unknown Device,2,4,2,177,"[0, 0, 0, 98, 0, 16, 246, 255]"
2627.673449,Unknown Device,2,5,10,736,"[0, 0, 163, 6, 0, 23, 32, 0]"
2627.673592,Unknown Device,2,5,8,736,"[0, 0, 165, 6, 0, 24, 48, 0]"
2627.673739,Unknown Device,2,5,8,738,"[0, 0, 0, 128, 0, 0, 0, 128]"
2627.673981,Unknown Device,2,5,9,736,"[0, 0, 148, 6, 0, 24, 32, 0]"
2627.674159,Unknown Device,2,4,1,177,"[0, 0, 0, 226, 0, 16, 228, 255]"
2627.67667,Unknown Device,2,4,3,177,"[0, 0, 0, 226, 0, 16, 3, 0]"
2627.677877,Unknown Device,2,5,5,736,"[0, 0, 129, 6, 0, 24, 48, 0]"
2627.678007,Unknown Device,2,5,5,738,"[246, 124, 160, 51, 0, 0, 0, 128]"
2627.679,Unknown Device,2,5,6,736,"[0, 0, 156, 6, 0, 24, 48, 0]"
2627.679144,Unknown Device,2,5,6,738,"[0, 0, 0, 128, 0, 0, 0, 128]"
2627.679486,Unknown Device,2,5,0,96,"[0, 0, 0, 0, 128, 3, 16, 0]"
2627.680084,Unknown Device,21,4,20,180,"[5, 0, 0, 80, 255, 9, 128, 1]"
2627.680236,Unknown Device,21,4,20,195,"[241, 31, 7, 208, 253, 51, 0, 5]"
2627.680395,Unknown Device,21,4,20,196,"[30, 1, 226, 0, 32, 127, 0, 0]"
2627.680539,Unknown Device,21,4,20,199,"[38, 0, 160, 255, 255, 1, 0, 0]"
2627.680687,Unknown Device,21,4,20,200,"[148, 0, 136, 0, 164, 63, 0, 4]"
2627.681691,Unknown Device,2,4,4,177,"[0, 0, 0, 98, 0, 16, 3, 0]"
2627.681849,Unknown Device,2,4,4,183,"[0, 0, 224, 8, 0, 0, 0, 0]"
2627.6823,Unknown Device,1,1,0,97,"[152, 175, 212, 126, 1, 0, 0, 255]"
2627.682443,Unknown Device,2,4,2,177,"[0, 0, 0, 98, 0, 16, 236, 255]"
2627.683082,Unknown Device,2,4,2,183,"[0, 0, 64, 7, 0, 0, 0, 0]"
2627.683971,Unknown Device,2,5,9,736,"[0, 0, 149, 6, 0, 24, 32, 0]"
2627.684116,Unknown Device,2,4,1,177,"[0, 0, 0, 226, 0, 16, 234, 255]"
2627.684403,Unknown Device,2,4,1,183,"[0, 0, 128, 248, 255, 255, 0, 0]"
2627.685887,Unknown Device,8,5,21,96,"[0, 0, 0, 0, 0, 0, 0, 0]"
2627.686031,Unknown Device,8,5,21,97,"[0, 0, 0, 0, 0, 0, 0, 192]"
2627.686175,Unknown Device,8,5,21,98,"[0, 0, 0, 64, 0, 0, 0, 192]"
2627.686319,Unknown Device,8,5,21,99,"[0, 0, 112, 0, 0, 0, 0, 240]"
2627.686457,Unknown Device,8,5,21,100,"[35, 38, 24, 250, 0, 192, 125, 0]"
2627.686789,Unknown Device,2,4,3,177,"[0, 0, 0, 226, 0, 16, 9, 0]"
2627.686975,Unknown Device,2,4,3,183,"[0, 0, 224, 251, 255, 255, 0, 0]"
2627.687128,Unknown Device,2,5,7,736,"[0, 0, 119, 6, 0, 24, 48, 0]"
2627.687272,Unknown Device,2,5,7,738,"[0, 0, 0, 128, 0, 0, 0, 128]"
2627.689511,Unknown Device,2,5,0,96,"[0, 0, 0, 0, 128, 3, 16, 0]"
2627.689653,Unknown Device,2,5,0,97,"[0, 0, 0, 0, 30, 46, 6, 0]"
2627.689797,Unknown Device,2,5,0,98,"[0, 0, 0, 0, 0, 0, 0, 0]"
2627.68994,Unknown Device,2,5,0,100,"[0, 0, 0, 0, 0, 0, 0, 0]"
2627.690142,Unknown Device,21,4,20,180,"[5, 0, 0, 80, 255, 9, 128, 1]"
2627.690549,Unknown Device,2,5,0,736,"[0, 0, 163, 6, 0, 24, 0, 0]"
2627.690967,Unknown Device,2,5,9,738,"[0, 0, 0, 0, 179, 149, 136, 63]"
2627.691814,Unknown Device,2,4,4,177,"[0, 0, 0, 98, 0, 16, 250, 255]"
2627.692258,Unknown Device,2,4,2,177,"[0, 0, 0, 98, 0, 16, 249, 255]"
2627.693431,Unknown Device,2,5,10,736,"[0, 0, 163, 6, 0, 23, 32, 0]"
2627.693575,Unknown Device,2,5,8,736,"[0, 0, 164, 6, 0, 24, 48, 0]"
2627.693717,Unknown Device,2,5,8,738,"[0, 0, 0, 128, 0, 0, 0, 128]"
2627.693974,Unknown Device,2,5,9,736,"[0, 0, 148, 6, 0, 24, 32, 0]"
2627.694218,Unknown Device,2,4,1,177,"[0, 0, 0, 226, 0, 16, 254, 255]"
2627.696507,Unknown Device,2,5,0,99,"[0, 0, 0, 0, 0, 0, 0, 0]"
2627.696726,Unknown Device,2,4,3,177,"[0, 0, 0, 226, 0, 16, 14, 0]"
2627.69787,Unknown Device,2,5,5,736,"[0, 0, 131, 6, 0, 24, 48, 0]"
2627.698,Unknown Device,2,5,5,738,"[246, 124, 160, 51, 0, 0, 0, 128]"
2627.698988,Unknown Device,2,5,6,736,"[0, 0, 156, 6, 0, 24, 48, 0]"
2627.699133,Unknown Device,2,5,6,738,"[0, 0, 0, 128, 0, 0, 0, 128]"
2627.699484,Unknown Device,2,5,0,96,"[0, 0, 0, 0, 128, 3, 16, 0]"
2627.700068,Unknown Device,21,4,20,180,"[5, 0, 0, 80, 255, 9, 128, 1]"
2627.700212,Unknown Device,21,4,20,195,"[241, 31, 7, 208, 253, 51, 0, 5]"
2627.701328,Unknown Device,0,4,63,1,"[52, 94, 169, 126, 93, 248, 14, 70]"
2627.701745,Unknown Device,2,4,4,177,"[0, 0, 0, 98, 0, 16, 0, 0]"
2627.701903,Unknown Device,2,4,4,183,"[0, 0, 224, 8, 0, 0, 0, 0]"
2627.702226,Unknown Device,2,4,2,177,"[0, 0, 0, 98, 0, 16, 234, 255]"
2627.702427,Unknown Device,2,4,2,183,"[0, 0, 64, 7, 0, 0, 0, 0]"
2627.703231,Unknown Device,1,1,0,97,"[152, 175, 212, 126, 1, 0, 0, 255]"
2627.703971,Unknown Device,2,5,9,736,"[0, 0, 149, 6, 0, 24, 32, 0]"
2627.704116,Unknown Device,2,4,1,177,"[0, 0, 0, 226, 0, 16, 0, 0]"
2627.704289,Unknown Device,2,4,1,183,"[0, 0, 128, 248, 255, 255, 0, 0]"
2627.705884,Unknown Device,8,5,21,96,"[0, 0, 0, 0, 0, 0, 0, 0]"
2627.706028,Unknown Device,8,5,21,97,"[0, 0, 0, 0, 0, 0, 0, 192]"
2627.706172,Unknown Device,8,5,21,98,"[0, 0, 0, 64, 0, 0, 0, 192]"
2627.706325,Unknown Device,8,5,21,99,"[0, 0, 112, 0, 0, 0, 0, 240]"
2627.706454,Unknown Device,8,5,21,100,"[35, 38, 24, 250, 0, 192, 125, 0]"
2627.706816,Unknown Device,2,4,3,177,"[0, 0, 0, 226, 0, 16, 0, 0]"
2627.706989,Unknown Device,2,4,3,183,"[0, 0, 224, 251, 255, 255, 0, 0]"
2627.707133,Unknown Device,2,5,7,736,"[0, 0, 121, 6, 0, 24, 48, 0]"
2627.707271,Unknown Device,2,5,7,738,"[0, 0, 0, 128, 0, 0, 0, 128]"
2627.709503,Unknown Device,2,5,0,96,"[0, 0, 0, 0, 128, 3, 16, 0]"
2627.70965,Unknown Device,2,5,0,97,"[0, 0, 0, 0, 30, 48, 6, 0]"
2627.709786,Unknown Device,2,5,0,98,"[0, 0, 0, 0, 0, 0, 0, 0]"
2627.709943,Unknown Device,2,5,0,100,"[0, 0, 0, 0, 0, 0, 0, 0]"
2627.710128,Unknown Device,21,4,20,180,"[6, 0, 0, 80, 255, 9, 128, 1]"
2627.710547,Unknown Device,2,5,0,736,"[0, 0, 164, 6, 0, 24, 0, 0]"
2627.710962,Unknown Device,2,5,9,738,"[0, 0, 0, 0, 179, 149, 136, 63]"
2627.711718,Unknown Device,2,4,4,177,"[0, 0, 0, 98, 0, 16, 6, 0]"
2627.712199,Unknown Device,2,4,2,177,"[0, 0, 0, 98, 0, 16, 250, 255]"
2627.713431,Unknown Device,2,5,10,736,"[0, 0, 165, 6, 0, 23, 32, 0]"
2627.713567,Unknown Device,2,5,8,736,"[0, 0, 166, 6, 0, 24, 48, 0]"
2627.713714,Unknown Device,2,5,8,738,"[0, 0, 0, 128, 0, 0, 0, 128]"
2627.713969,Unknown Device,2,5,9,736,"[0, 0, 149, 6, 0, 24, 32, 0]"
2627.714233,Unknown Device,2,4,1,177,"[0, 0, 0, 226, 0, 16, 254, 255]"
2627.716718,Unknown Device,2,4,3,177,"[0, 0, 0, 226, 0, 16, 9, 0]"
2627.717872,Unknown Device,2,5,5,736,"[0, 0, 130, 6, 0, 24, 48, 0]"
2627.718009,Unknown Device,2,5,5,738,"[246, 124, 160, 51, 0, 0, 0, 128]"
2627.718983,Unknown Device,2,5,6,736,"[0, 0, 156, 6, 0, 24, 48, 0]"
2627.719126,Unknown Device,2,5,6,738,"[0, 0, 0, 128, 0, 0, 0, 128]"
2627.719474,Unknown Device,2,5,0,96,"[0, 0, 0, 0, 128, 3, 16, 0]"
2627.720107,Unknown Device,21,4,20,180,"[6, 0, 0, 80, 255, 9, 128, 1]"
2627.72025,Unknown Device,21,4,20,195,"[241, 31, 7, 208, 253, 51, 0, 5]"
2627.721748,Unknown Device,2,4,4,177,"[0, 0, 0, 98, 0, 16, 5, 0]"
2627.721933,Unknown Device,2,4,4,183,"[0, 0, 224, 8, 0, 0, 0, 0]"
2627.72226,Unknown Device,2,4,2,177,"[0, 0, 0, 98, 0, 16, 230, 255]"
2627.722439,Unknown Device,2,4,2,183,"[0, 0, 64, 7, 0, 0, 0, 0]"
2627.723987,Unknown Device,2,5,9,736,"[0, 0, 149, 6, 0, 24, 32, 0]"
2627.724216,Unknown Device,2,4,1,177,"[0, 0, 0, 226, 0, 16, 251, 255]"
2627.724346,Unknown Device,1,1,0,97,"[152, 175, 212, 126, 1, 0, 0, 255]"
2627.724498,Unknown Device,2,4,1,183,"[0, 0, 128, 248, 255, 255, 0, 0]"
2627.725874,Unknown Device,8,5,21,96,"[0, 0, 0, 0, 0, 0, 0, 0]"
2627.726019,Unknown Device,8,5,21,97,"[0, 0, 0, 0, 0, 0, 0, 192]"
2627.726163,Unknown Device,8,5,21,98,"[0, 0, 0, 64, 0, 0, 0, 192]"
2627.726315,Unknown Device,8,5,21,99,"[0, 0, 112, 0, 0, 0, 0, 240]"
2627.726445,Unknown Device,8,5,21,100,"[37, 38, 24, 250, 0, 192, 125, 0]"
2627.726792,Unknown Device,2,4,3,177,"[0, 0, 0, 226, 0, 16, 240, 255]"
2627.726959,Unknown Device,2,4,3,183,"[0, 0, 224, 251, 255, 255, 0, 0]"
2627.727103,Unknown Device,2,5,7,736,"[0, 0, 120, 6, 0, 24, 48, 0]"
2627.727247,Unknown Device,2,5,7,738,"[0, 0, 0, 128, 0, 0, 0, 128]"
2627.72949,Unknown Device,2,5,0,96,"[0, 0, 0, 0, 128, 3, 16, 0]"
2627.729639,Unknown Device,2,5,0,97,"[0, 0, 0, 0, 30, 48, 6, 0]"
2627.729783,Unknown Device,2,5,0,98,"[0, 0, 0, 0, 0, 0, 0, 0]"
2627.729927,Unknown Device,2,5,0,100,"[0, 0, 0, 0, 0, 0, 0, 0]"
2627.730123,Unknown Device,21,4,20,180,"[6, 0, 0, 80, 255, 9, 128, 1]"
2627.730537,Unknown Device,2,5,0,736,"[0, 0, 164, 6, 0, 24, 0, 0]"
2627.730949,Unknown Device,2,5,9,738,"[0, 0, 0, 0, 179, 149, 136, 63]"
2627.731744,Unknown Device,2,4,4,177,"[0, 0, 0, 98, 0, 16, 255, 255]"
2627.732223,Unknown Device,2,4,2,177,"[0, 0, 0, 98, 0, 16, 246, 255]"
2627.733424,Unknown Device,2,5,10,736,"[0, 0, 164, 6, 0, 23, 32, 0]"
2627.733568,Unknown Device,2,5,8,736,"[0, 0, 166, 6, 0, 24, 48, 0]"
2627.733717,Unknown Device,2,5,8,738,"[0, 0, 0, 128, 0, 0, 0, 128]"
2627.733954,Unknown Device,2,5,9,736,"[0, 0, 148, 6, 0, 24, 32, 0]"
2627.734213,Unknown Device,2,4,1,177,"[0, 0, 0, 226, 0, 16, 255, 255]"
2627.736695,Unknown Device,2,4,3,177,"[0, 0, 0, 226, 0, 16, 255, 255]"
2627.737855,Unknown Device,2,5,5,736,"[0, 0, 130, 6, 0, 24, 48, 0]"
2627.738,Unknown Device,2,5,5,738,"[246, 124, 160, 51, 0, 0, 0, 128]"
2627.738995,Unknown Device,2,5,6,736,"[0, 0, 156, 6, 0, 24, 48, 0]"
2627.739147,Unknown Device,2,5,6,738,"[0, 0, 0, 128, 0, 0, 0, 128]"
2627.739461,Unknown Device,2,5,0,96,"[0, 0, 0, 0, 128, 3, 16, 0]"
2627.7401,Unknown Device,21,4,20,180,"[6, 0, 0, 80, 255, 9, 128, 1]"
2627.740244,Unknown Device,21,4,20,195,"[241, 31, 7, 208, 253, 51, 0, 5]"
2627.741763,Unknown Device,2,4,4,177,"[0, 0, 0, 98, 0, 16, 0, 0]"
2627.741929,Unknown Device,2,4,4,183,"[0, 0, 224, 8, 0, 0, 0, 0]"
2627.742273,Unknown Device,2,4,2,177,"[0, 0, 0, 98, 0, 16, 238, 255]"
2627.742417,Unknown Device,0,4,63,1,"[52, 94, 169, 126, 51, 150, 127, 35]"
2627.742569,Unknown Device,2,4,2,183,"[0, 0, 64, 7, 0, 0, 0, 0]"
2627.743534,Unknown Device,2,5,0,737,"[0, 0, 0, 8, 0, 64, 0, 0]"
2627.743989,Unknown Device,2,5,9,736,"[0, 0, 149, 6, 0, 24, 32, 0]"
2627.744133,Unknown Device,2,4,1,177,"[0, 0, 0, 226, 0, 16, 252, 255]"
2627.744412,Unknown Device,2,4,1,183,"[0, 0, 128, 248, 255, 255, 0, 0]"
2627.745451,Unknown Device,1,1,0,97,"[152, 175, 212, 126, 1, 0, 0, 255]"
2627.745877,Unknown Device,8,5,21,96,"[0, 0, 0, 0, 0, 0, 0, 0]"
2627.746022,Unknown Device,8,5,21,97,"[0, 0, 0, 0, 0, 0, 0, 192]"
2627.746166,Unknown Device,8,5,21,98,"[0, 0, 0, 64, 0, 0, 0, 192]"
2627.746318,Unknown Device,8,5,21,99,"[0, 0, 112, 0, 0, 0, 0, 240]"
2627.746447,Unknown Device,8,5,21,100,"[37, 38, 24, 250, 0, 192, 125, 0]"
2627.746591,Unknown Device,2,5,0,99,"[0, 0, 0, 0, 0, 0, 0, 0]"
2627.746796,Unknown Device,2,4,3,177,"[0, 0, 0, 226, 0, 16, 9, 0]"
2627.746991,Unknown Device,2,4,3,183,"[0, 0, 224, 251, 255, 255, 0, 0]"
2627.747135,Unknown Device,2,5,7,736,"[0, 0, 120, 6, 0, 24, 48, 0]"
2627.747278,Unknown Device,2,5,7,738,"[0, 0, 0, 128, 0, 0, 0, 128]"
2627.749495,Unknown Device,2,5,0,96,"[0, 0, 0, 0, 128, 3, 16, 0]"
2627.749629,Unknown Device,2,5,0,97,"[0, 0, 0, 0, 30, 48, 6, 0]"
2627.749774,Unknown Device,2,5,0,98,"[0, 0, 0, 0, 0, 0, 0, 0]"
2627.749917,Unknown Device,2,5,0,100,"[0, 0, 0, 0, 0, 0, 0, 0]"
2627.750112,Unknown Device,21,4,20,180,"[6, 0, 0, 80, 255, 9, 128, 1]"
2627.750526,Unknown Device,2,5,0,736,"[0, 0, 164, 6, 0, 24, 0, 0]"
2627.750937,Unknown Device,2,5,9,738,"[0, 0, 0, 0, 179, 149, 136, 63]"
2627.751661,Unknown Device,2,4,4,177,"[0, 0, 0, 98, 0, 16, 249, 255]"
2627.752154,Unknown Device,2,4,2,177,"[0, 0, 0, 98, 0, 16, 252, 255]"
2627.753414,Unknown Device,2,5,10,736,"[0, 0, 164, 6, 0, 23, 32, 0]"
2627.753558,Unknown Device,2,5,8,736,"[0, 0, 166, 6, 0, 24, 48, 0]"
2627.753706,Unknown Device,2,5,8,738,"[0, 0, 0, 128, 0, 0, 0, 128]"
2627.753957,Unknown Device,2,5,9,736,"[0, 0, 149, 6, 0, 24, 32, 0]"
2627.754101,Unknown Device,2,4,1,177,"[0, 0, 0, 226, 0, 16, 241, 255]"
2627.756724,Unknown Device,2,4,3,177,"[0, 0, 0, 226, 0, 16, 4, 0]"
2627.757859,Unknown Device,2,5,5,736,"[0, 0, 131, 6, 0, 24, 48, 0]"
2627.757988,Unknown Device,2,5,5,738,"[246, 124, 160, 51, 0, 0, 0, 128]"
2627.758973,Unknown Device,2,5,6,736,"[0, 0, 155, 6, 0, 24, 48, 0]"
2627.759124,Unknown Device,2,5,6,738,"[0, 0, 0, 128, 0, 0, 0, 128]"
2627.759477,Unknown Device,2,5,0,96,"[0, 0, 0, 0, 128, 3, 16, 0]"
2627.760069,Unknown Device,21,4,20,180,"[6, 0, 0, 80, 255, 9, 128, 1]"
2627.760226,Unknown Device,21,4,20,195,"[241, 31, 7, 208, 253, 51, 0, 5]"
2627.761489,Unknown Device,2,5,8,96,"[0, 0, 255, 255, 255, 255, 0, 0]"
2627.761714,Unknown Device,2,4,4,431,"[0, 0, 0, 0, 1, 26, 19, 0]"
2627.761884,Unknown Device,2,4,4,285,"[0, 0, 0, 0, 0, 0, 0, 0]"
2627.762232,Unknown Device,2,4,2,431,"[0, 0, 0, 0, 1, 26, 19, 0]"
2627.762403,Unknown Device,2,4,2,285,"[0, 0, 0, 0, 0, 0, 0, 0]"
2627.762573,Unknown Device,2,4,4,193,"[0, 243, 199, 46, 0, 0, 0, 0]"
2627.762748,Unknown Device,2,4,4,177,"[0, 0, 0, 98, 0, 16, 250, 255]"
2627.762898,Unknown Device,2,4,4,181,"[253, 127, 0, 128, 83, 22, 28, 24]"
2627.763042,Unknown Device,2,4,2,193,"[0, 243, 199, 46, 0, 0, 0, 0]"
2627.763184,Unknown Device,2,5,7,96,"[0, 0, 255, 255, 255, 255, 0, 0]"
2627.763326,Unknown Device,2,4,2,177,"[0, 0, 0, 98, 0, 16, 245, 255]"
2627.763491,Unknown Device,2,4,2,181,"[250, 127, 0, 128, 83, 23, 28, 24]"
2627.763637,Unknown Device,2,4,4,182,"[0, 0, 64, 231, 0, 0, 0, 0]"
2627.763738,Unknown Device,2,5,8,752,"[0, 0, 0, 0, 151, 92, 17, 13]"
2627.763881,Unknown Device,2,4,4,183,"[0, 0, 224, 8, 0, 0, 0, 0]"
2627.764024,Unknown Device,2,5,9,736,"[0, 0, 147, 6, 0, 24, 32, 0]"
2627.764161,Unknown Device,2,4,2,182,"[0, 0, 64, 189, 0, 0, 0, 0]"
2627.764304,Unknown Device,2,4,1,431,"[0, 0, 0, 0, 1, 26, 19, 0]"
2627.764447,Unknown Device,2,4,2,183,"[0, 0, 64, 7, 0, 0, 0, 0]"
2627.76465,Unknown Device,2,4,4,184,"[0, 0, 0, 0, 0, 0, 0, 128]"
2627.764857,Unknown Device,2,4,4,185,"[0, 0, 0, 0, 0, 0, 0, 128]"
2627.765,Unknown Device,2,4,1,285,"[0, 0, 0, 0, 0, 0, 0, 0]"
2627.765157,Unknown Device,2,4,2,184,"[0, 0, 0, 0, 0, 0, 0, 128]"
2627.765299,Unknown Device,2,4,1,193,"[0, 243, 199, 46, 0, 0, 0, 0]"
2627.765436,Unknown Device,2,4,2,185,"[0, 0, 0, 0, 0, 0, 0, 128]"
2627.765536,Unknown Device,2,5,7,752,"[0, 0, 0, 0, 123, 170, 37, 73]"
2627.765682,Unknown Device,2,4,4,186,"[8, 0, 0, 0, 0, 0, 0, 0]"
2627.765881,Unknown Device,8,5,21,96,"[0, 0, 0, 0, 0, 0, 0, 0]"
2627.766018,Unknown Device,2,4,1,177,"[0, 0, 0, 226, 0, 16, 4, 0]"
2627.766161,Unknown Device,2,4,4,187,"[0, 0, 4, 0, 0, 0, 0, 0]"
2627.766303,Unknown Device,2,4,1,181,"[254, 127, 0, 128, 83, 22, 28, 24]"
2627.766446,Unknown Device,2,4,2,186,"[8, 0, 0, 0, 0, 0, 0, 0]"
2627.766588,Unknown Device,1,1,0,97,"[152, 175, 212, 126, 1, 0, 0, 255]"
2627.766742,Unknown Device,8,5,21,97,"[0, 0, 0, 0, 0, 0, 0, 192]"
2627.766885,Unknown Device,8,5,21,98,"[0, 0, 0, 64, 0, 0, 0, 192]"
2627.767028,Unknown Device,2,4,1,182,"[0, 0, 192, 62, 255, 255, 0, 0]"
2627.767142,Unknown Device,2,4,3,431,"[0, 0, 0, 0, 1, 26, 19, 0]"
2627.767293,Unknown Device,2,4,1,183,"[0, 0, 128, 248, 255, 255, 0, 0]"
2627.767435,Unknown Device,2,4,2,187,"[0, 0, 4, 0, 0, 0, 0, 0]"
2627.767578,Unknown Device,2,4,1,184,"[0, 0, 0, 0, 0, 0, 0, 128]"
2627.767724,Unknown Device,2,4,3,285,"[0, 0, 0, 0, 0, 0, 0, 0]"
2627.767889,Unknown Device,2,5,7,736,"[0, 0, 120, 6, 0, 24, 48, 0]"
2627.768018,Unknown Device,2,4,3,193,"[0, 243, 199, 46, 0, 0, 0, 0]"
2627.768161,Unknown Device,2,5,7,738,"[0, 0, 0, 128, 0, 0, 0, 128]"
2627.768304,Unknown Device,2,4,1,185,"[0, 0, 0, 0, 0, 0, 0, 128]"
2627.768447,Unknown Device,8,5,21,99,"[0, 0, 112, 0, 0, 0, 0, 240]"
2627.768584,Unknown Device,2,4,3,177,"[0, 0, 0, 226, 0, 16, 7, 0]"
2627.76873,Unknown Device,2,4,1,186,"[8, 0, 0, 0, 0, 0, 0, 0]"
2627.768873,Unknown Device,2,4,3,181,"[255, 127, 0, 128, 83, 21, 27, 25]"
2627.769016,Unknown Device,8,5,21,100,"[37, 38, 24, 250, 0, 192, 125, 0]"
2627.769154,Unknown Device,2,4,3,182,"[0, 0, 64, 152, 255, 255, 0, 0]"
2627.769298,Unknown Device,2,4,1,187,"[0, 0, 4, 0, 0, 0, 0, 0]"
2627.769484,Unknown Device,2,5,0,96,"[0, 0, 0, 0, 128, 3, 16, 0]"
2627.769632,Unknown Device,2,5,0,97,"[0, 0, 0, 0, 30, 47, 6, 0]"
2627.76977,Unknown Device,2,4,3,183,"[0, 0, 224, 251, 255, 255, 0, 0]"
2627.769913,Unknown Device,2,5,0,98,"[0, 0, 0, 0, 0, 0, 0, 0]"
2627.770058,Unknown Device,2,4,3,184,"[0, 0, 0, 0, 0, 0, 0, 128]"
2627.770202,Unknown Device,2,5,0,100,"[0, 0, 0, 0, 0, 0, 0, 0]"
2627.770346,Unknown Device,21,4,20,180,"[6, 0, 0, 80, 255, 9, 128, 1]"
2627.770526,Unknown Device,2,5,0,736,"[0, 0, 164, 6, 0, 24, 0, 0]"
2627.770688,Unknown Device,2,4,3,185,"[0, 0, 0, 0, 0, 0, 0, 128]"
2627.770874,Unknown Device,2,4,3,186,"[8, 0, 0, 0, 0, 0, 0, 0]"
2627.771019,Unknown Device,2,5,9,738,"[0, 0, 0, 0, 179, 149, 136, 63]"
2627.77161,Unknown Device,2,4,3,187,"[0, 0, 4, 0, 0, 0, 0, 0]"
2627.771837,Unknown Device,2,4,4,177,"[0, 0, 0, 98, 0, 16, 248, 255]"
2627.772209,Unknown Device,2,4,2,177,"[0, 0, 0, 98, 0, 16, 4, 0]"
2627.77341,Unknown Device,2,5,10,736,"[0, 0, 164, 6, 0, 23, 32, 0]"
2627.773554,Unknown Device,2,5,8,736,"[0, 0, 165, 6, 0, 24, 48, 0]"
2627.773702,Unknown Device,2,5,8,738,"[0, 0, 0, 128, 0, 0, 0, 128]"
2627.773982,Unknown Device,2,5,9,736,"[0, 0, 149, 6, 0, 24, 32, 0]"
2627.774126,Unknown Device,2,4,1,177,"[0, 0, 0, 226, 0, 16, 247, 255]"
2627.776729,Unknown Device,2,4,3,177,"[0, 0, 0, 226, 0, 16, 0, 0]"
2627.777858,Unknown Device,2,5,5,736,"[0, 0, 129, 6, 0, 24, 48, 0]"
2627.778003,Unknown Device,2,5,5,738,"[246, 124, 160, 51, 0, 0, 0, 128]"
2627.778967,Unknown Device,2,5,6,736,"[0, 0, 155, 6, 0, 24, 48, 0]"
2627.77912,Unknown Device,2,5,6,738,"[0, 0, 0, 128, 0, 0, 0, 128]"
2627.779476,Unknown Device,2,5,0,96,"[0, 0, 0, 0, 128, 3, 16, 0]"
2627.78006,Unknown Device,21,4,20,431,"[0, 0, 0, 0, 1, 26, 19, 0]"
2627.780218,Unknown Device,21,4,20,285,"[0, 0, 0, 0, 0, 64, 0, 0]"
2627.78037,Unknown Device,21,4,20,180,"[6, 0, 0, 80, 255, 9, 128, 1]"
2627.780514,Unknown Device,21,4,20,195,"[241, 31, 7, 208, 253, 51, 0, 5]"
2627.780676,Unknown Device,21,4,20,196,"[29, 1, 228, 0, 32, 127, 0, 0]"
2627.78082,Unknown Device,21,4,20,197,"[121, 29, 0, 6, 80, 0, 0, 255]"
2627.780972,Unknown Device,21,4,20,198,"[251, 255, 207, 255, 255, 3, 0, 144]"
2627.781131,Unknown Device,21,4,20,199,"[214, 255, 207, 254, 255, 235, 255, 15]"
2627.781289,Unknown Device,21,4,20,203,"[253, 255, 0, 0, 0, 0, 0, 0]"
2627.781447,Unknown Device,21,4,20,200,"[144, 0, 136, 0, 208, 63, 0, 4]"
2627.78159,Unknown Device,2,5,0,101,"[0, 0, 0, 0, 0, 0, 16, 0]"
2627.781732,Unknown Device,2,5,0,102,"[0, 0, 0, 0, 0, 0, 0, 0]"
2627.781876,Unknown Device,2,4,4,177,"[0, 0, 0, 98, 0, 16, 232, 255]"
2627.782021,Unknown Device,21,4,20,202,"[155, 98, 0, 0, 0, 0, 0, 0]"
2627.782164,Unknown Device,2,4,4,183,"[0, 0, 224, 8, 0, 0, 0, 0]"
2627.782302,Unknown Device,2,4,2,177,"[0, 0, 0, 98, 0, 16, 15, 0]"
2627.782446,Unknown Device,21,4,20,205,"[0, 0, 0, 0, 0, 0, 0, 0]"
2627.782604,Unknown Device,21,4,20,206,"[170, 255, 50, 0, 168, 2, 0, 0]"
2627.783044,Unknown Device,2,4,2,183,"[0, 0, 64, 7, 0, 0, 0, 0]"
2627.783515,Unknown Device,0,4,63,1,"[52, 94, 169, 123, 83, 100, 98, 48]"
2627.783969,Unknown Device,2,5,9,736,"[0, 0, 148, 6, 0, 24, 32, 0]"
2627.784165,Unknown Device,2,4,1,177,"[0, 0, 0, 226, 0, 16, 239, 255]"
2627.784351,Unknown Device,2,4,1,183,"[0, 0, 128, 248, 255, 255, 0, 0]"
2627.784495,Unknown Device,2,5,0,103,"[0, 0, 0, 0, 0, 0, 0, 0]"
2627.785869,Unknown Device,8,5,21,96,"[0, 0, 0, 0, 0, 0, 0, 0]"
2627.786014,Unknown Device,8,5,21,97,"[0, 0, 0, 0, 0, 0, 0, 192]"
2627.786151,Unknown Device,8,5,21,98,"[0, 0, 0, 64, 0, 0, 0, 192]"
2627.786295,Unknown Device,8,5,21,99,"[0, 0, 112, 0, 0, 0, 0, 240]"
2627.786439,Unknown Device,2,5,10,737,"[0, 0, 0, 0, 0, 64, 0, 0]"
2627.786583,Unknown Device,8,5,21,100,"[37, 38, 24, 250, 0, 192, 125, 0]"
2627.786725,Unknown Device,2,4,3,177,"[0, 0, 0, 226, 0, 16, 11, 0]"
2627.786897,Unknown Device,2,4,3,183,"[0, 0, 224, 251, 255, 255, 0, 0]"
2627.787084,Unknown Device,2,5,7,736,"[0, 0, 120, 6, 0, 24, 48, 0]"
2627.787228,Unknown Device,2,5,7,738,"[0, 0, 0, 128, 0, 0, 0, 128]"
2627.787593,Unknown Device,1,1,0,97,"[152, 175, 212, 126, 1, 0, 0, 255]"
2627.789473,Unknown Device,2,5,0,96,"[0, 0, 0, 0, 128, 3, 16, 0]"
2627.789621,Unknown Device,2,5,0,97,"[0, 0, 0, 0, 30, 47, 6, 0]"
2627.789758,Unknown Device,2,5,0,98,"[0, 0, 0, 0, 0, 0, 0, 0]"
2627.789902,Unknown Device,2,5,0,100,"[0, 0, 0, 0, 0, 0, 0, 0]"
2627.790132,Unknown Device,21,4,20,180,"[6, 0, 0, 80, 255, 9, 128, 1]"
2627.790525,Unknown Device,2,5,0,736,"[0, 0, 165, 6, 0, 24, 0, 0]"
2627.79097,Unknown Device,2,5,9,738,"[0, 0, 0, 0, 179, 149, 136, 63]"
2627.791795,Unknown Device,2,4,4,177,"[0, 0, 0, 98, 0, 16, 8, 0]"
2627.792181,Unknown Device,2,4,2,177,"[0, 0, 0, 98, 0, 16, 234, 255]"
2627.793415,Unknown Device,2,5,10,736,"[0, 0, 164, 6, 0, 23, 32, 0]"
2627.793559,Unknown Device,2,5,8,736,"[0, 0, 165, 6, 0, 24, 48, 0]"
2627.793707,Unknown Device,2,5,8,738,"[0, 0, 0, 128, 0, 0, 0, 128]"
2627.793973,Unknown Device,2,5,9,736,"[0, 0, 150, 6, 0, 24, 32, 0]"
2627.794174,Unknown Device,2,4,1,177,"[0, 0, 0, 226, 0, 16, 245, 255]"
2627.796461,Unknown Device,2,5,0,99,"[0, 0, 0, 0, 0, 0, 0, 0]"
2627.796637,Unknown Device,2,4,3,177,"[0, 0, 0, 226, 0, 16, 6, 0]"
2627.797839,Unknown Device,2,5,5,736,"[0, 0, 130, 6, 0, 24, 48, 0]"
2627.797983,Unknown Device,2,5,5,738,"[246, 124, 160, 51, 0, 0, 0, 128]"
2627.798979,Unknown Device,2,5,6,736,"[0, 0, 156, 6, 0, 24, 48, 0]"
2627.79913,Unknown Device,2,5,6,738,"[0, 0, 0, 128, 0, 0, 0, 128]"
2627.799463,Unknown Device,2,5,0,96,"[0, 0, 0, 0, 128, 3, 16, 0]"
2627.800054,Unknown Device,21,4,20,180,"[6, 0, 0, 80, 255, 9, 128, 1]"
2627.800205,Unknown Device,21,4,20,195,"[241, 31, 7, 208, 253, 51, 0, 5]"
2627.801696,Unknown Device,2,4,4,177,"[0, 0, 0, 98, 0, 16, 7, 0]"
2627.801861,Unknown Device,2,4,4,183,"[0, 0, 224, 8, 0, 0, 0, 0]"
2627.802265,Unknown Device,2,4,2,177,"[0, 0, 0, 98, 0, 16, 255, 255]"
2627.802458,Unknown Device,2,4,2,183,"[0, 0, 64, 7, 0, 0, 0, 0]"
2627.803086,Unknown Device,2,5,7,737,"[0, 0, 0, 0, 0, 64, 0, 0]"
2627.803974,Unknown Device,2,5,9,736,"[0, 0, 149, 6, 0, 24, 32, 0]"
2627.804167,Unknown Device,2,4,1,177,"[0, 0, 0, 226, 0, 16, 242, 255]"
2627.804352,Unknown Device,2,4,1,183,"[0, 0, 128, 248, 255, 255, 0, 0]"
2627.805859,Unknown Device,8,5,21,96,"[0, 0, 0, 0, 0, 0, 0, 0]"
2627.806003,Unknown Device,8,5,21,97,"[0, 0, 0, 0, 0, 0, 0, 192]"
2627.806153,Unknown Device,8,5,21,98,"[0, 0, 0, 64, 0, 0, 0, 192]"
2627.806296,Unknown Device,8,5,21,99,"[0, 0, 112, 0, 0, 0, 0, 240]"
2627.806438,Unknown Device,8,5,21,100,"[36, 38, 24, 250, 0, 192, 125, 0]"
2627.80672,Unknown Device,2,4,3,177,"[0, 0, 0, 226, 0, 16, 247, 255]"
2627.806905,Unknown Device,2,4,3,183,"[0, 0, 224, 251, 255, 255, 0, 0]"
2627.807084,Unknown Device,2,5,7,736,"[0, 0, 120, 6, 0, 24, 48, 0]"
2627.807221,Unknown Device,2,5,7,738,"[0, 0, 0, 128, 0, 0, 0, 128]"
2627.807968,Unknown Device,2,5,6,96,"[0, 0, 255, 255, 255, 255, 0, 0]"
2627.808069,Unknown Device,2,5,6,752,"[0, 0, 0, 0, 132, 109, 126, 7]"
2627.80848,Unknown Device,1,1,0,97,"[152, 175, 212, 126, 1, 0, 0, 255]"
2627.809447,Unknown Device,2,5,0,96,"[0, 0, 0, 0, 128, 3, 16, 0]"
2627.809598,Unknown Device,2,5,0,97,"[0, 0, 0, 0, 30, 47, 6, 0]"
2627.809766,Unknown Device,2,5,0,98,"[0, 0, 0, 0, 0, 0, 0, 0]"
2627.809895,Unknown Device,2,5,0,100,"[0, 0, 0, 0, 0, 0, 0, 0]"
2627.810074,Unknown Device,21,4,20,180,"[5, 0, 0, 80, 255, 9, 128, 1]"
2627.810528,Unknown Device,2,5,0,736,"[0, 0, 164, 6, 0, 24, 0, 0]"
2627.810958,Unknown Device,2,5,9,738,"[0, 0, 0, 0, 179, 149, 136, 63]"
2627.811706,Unknown Device,2,4,4,177,"[0, 0, 0, 98, 0, 16, 253, 255]"
2627.812139,Unknown Device,2,4,2,177,"[0, 0, 0, 98, 0, 16, 240, 255]"
2627.813403,Unknown Device,2,5,10,736,"[0, 0, 164, 6, 0, 23, 32, 0]"
2627.813545,Unknown Device,2,5,8,736,"[0, 0, 164, 6, 0, 24, 48, 0]"
2627.813686,Unknown Device,2,5,8,738,"[0, 0, 0, 128, 0, 0, 0, 128]"
2627.813963,Unknown Device,2,5,9,736,"[0, 0, 148, 6, 0, 24, 32, 0]"
2627.814213,Unknown Device,2,4,1,177,"[0, 0, 0, 226, 0, 16, 244, 255]"
2627.816661,Unknown Device,2,4,3,177,"[0, 0, 0, 226, 0, 16, 10, 0]"
2627.817833,Unknown Device,2,5,5,736,"[0, 0, 131, 6, 0, 24, 48, 0]"
2627.817971,Unknown Device,2,5,5,738,"[246, 124, 160, 51, 0, 0, 0, 128]"
2627.81896,Unknown Device,2,5,6,736,"[0, 0, 155, 6, 0, 24, 48, 0]"
2627.819104,Unknown Device,2,5,6,738,"[0, 0, 0, 128, 0, 0, 0, 128]"
2627.819426,Unknown Device,2,5,0,96,"[0, 0, 0, 0, 128, 3, 16, 0]"
2627.820051,Unknown Device,21,4,20,180,"[5, 0, 0, 80, 255, 8, 128, 1]"
2627.820209,Unknown Device,21,4,20,195,"[241, 31, 7, 208, 253, 51, 0, 5]"
2627.821741,Unknown Device,2,4,4,177,"[0, 0, 0, 98, 0, 16, 251, 255]"
2627.821899,Unknown Device,2,4,4,183,"[0, 0, 224, 8, 0, 0, 0, 0]"
2627.82218,Unknown Device,2,4,2,177,"[0, 0, 0, 98, 0, 16, 238, 255]"
2627.822381,Unknown Device,2,4,2,183,"[0, 0, 64, 7, 0, 0, 0, 0]"
2627.823963,Unknown Device,2,5,9,736,"[0, 0, 149, 6, 0, 24, 32, 0]"
2627.824164,Unknown Device,2,4,1,177,"[0, 0, 0, 226, 0, 16, 247, 255]"
2627.824359,Unknown Device,2,4,1,183,"[0, 0, 128, 248, 255, 255, 0, 0]"
2627.824545,Unknown Device,0,4,63,1,"[52, 94, 169, 120, 213, 12, 7, 141]"
2627.825857,Unknown Device,8,5,21,96,"[0, 0, 0, 0, 0, 0, 0, 0]"
2627.826002,Unknown Device,8,5,21,97,"[0, 0, 0, 0, 0, 0, 0, 192]"
2627.826146,Unknown Device,8,5,21,98,"[0, 0, 0, 64, 0, 0, 0, 192]"
2627.82629,Unknown Device,8,5,21,99,"[0, 0, 112, 0, 0, 0, 0, 240]"
2627.826434,Unknown Device,8,5,21,100,"[36, 38, 24, 250, 0, 192, 125, 0]"
2627.826746,Unknown Device,2,4,3,177,"[0, 0, 0, 226, 0, 16, 7, 0]"
2627.826919,Unknown Device,2,4,3,183,"[0, 0, 224, 251, 255, 255, 0, 0]"
2627.827099,Unknown Device,2,5,7,736,"[0, 0, 121, 6, 0, 24, 48, 0]"
2627.827243,Unknown Device,2,5,7,738,"[0, 0, 0, 128, 0, 0, 0, 128]"
2627.829293,Unknown Device,1,1,0,97,"[152, 175, 212, 126, 1, 0, 0, 255]"
2627.829445,Unknown Device,2,5,0,96,"[0, 0, 0, 0, 128, 3, 16, 0]"
2627.829589,Unknown Device,2,5,0,97,"[0, 0, 0, 0, 30, 48, 6, 0]"
2627.829737,Unknown Device,2,5,0,98,"[0, 0, 0, 0, 0, 0, 0, 0]"
2627.829881,Unknown Device,2,5,0,100,"[0, 0, 0, 0, 0, 0, 0, 0]"
2627.830091,Unknown Device,21,4,20,180,"[6, 0, 0, 80, 255, 8, 128, 1]"
2627.830541,Unknown Device,2,5,0,736,"[0, 0, 163, 6, 0, 24, 0, 0]"
2627.830959,Unknown Device,2,5,9,738,"[0, 0, 0, 0, 179, 149, 136, 63]"
2627.831762,Unknown Device,2,4,4,177,"[0, 0, 0, 98, 0, 16, 248, 255]"
2627.832184,Unknown Device,2,4,2,177,"[0, 0, 0, 98, 0, 16, 5, 0]"
2627.833398,Unknown Device,2,5,10,736,"[0, 0, 164, 6, 0, 23, 32, 0]"
2627.833542,Unknown Device,2,5,8,736,"[0, 0, 165, 6, 0, 24, 48, 0]"
2627.833684,Unknown Device,2,5,8,738,"[0, 0, 0, 128, 0, 0, 0, 128]"
2627.83397,Unknown Device,2,5,9,736,"[0, 0, 149, 6, 0, 24, 32, 0]"
2627.834109,Unknown Device,2,4,1,177,"[0, 0, 0, 226, 0, 16, 5, 0]"
2627.836647,Unknown Device,2,4,3,177,"[0, 0, 0, 226, 0, 16, 1, 0]"
2627.836834,Unknown Device,2,5,5,737,"[0, 0, 0, 0, 0, 64, 0, 0]"
2627.836986,Unknown Device,2,5,5,96,"[0, 0, 255, 255, 255, 255, 0, 0]"
2627.837087,Unknown Device,2,5,5,752,"[0, 0, 0, 0, 148, 245, 112, 51]"
2627.83784,Unknown Device,2,5,5,736,"[0, 0, 131, 6, 0, 24, 48, 0]"
2627.837993,Unknown Device,2,5,5,738,"[246, 124, 160, 51, 0, 0, 0, 128]"
2627.838951,Unknown Device,2,5,6,736,"[0, 0, 156, 6, 0, 24, 48, 0]"
2627.839096,Unknown Device,2,5,6,738,"[0, 0, 0, 128, 0, 0, 0, 128]"
2627.839446,Unknown Device,2,5,0,96,"[0, 0, 0, 0, 128, 3, 16, 0]"
2627.840065,Unknown Device,21,4,20,180,"[6, 0, 0, 80, 255, 8, 128, 1]"
2627.840209,Unknown Device,21,4,20,195,"[241, 31, 7, 208, 253, 51, 0, 5]"
2627.841655,Unknown Device,2,4,4,177,"[0, 0, 0, 98, 0, 16, 7, 0]"
2627.84185,Unknown Device,2,4,4,183,"[0, 0, 224, 8, 0, 0, 0, 0]"
2627.842151,Unknown Device,2,4,2,177,"[0, 0, 0, 98, 0, 16, 254, 255]"
2627.842331,Unknown Device,2,4,2,183,"[0, 0, 64, 7, 0, 0, 0, 0]"
2627.843954,Unknown Device,2,5,9,736,"[0, 0, 149, 6, 0, 24, 32, 0]"
2627.844098,Unknown Device,2,4,1,177,"[0, 0, 0, 226, 0, 16, 4, 0]"
2627.844263,Unknown Device,2,4,1,183,"[0, 0, 128, 248, 255, 255, 0, 0]"
2627.845846,Unknown Device,8,5,21,96,"[0, 0, 0, 0, 0, 0, 0, 0]"
2627.845997,Unknown Device,8,5,21,97,"[0, 0, 0, 0, 0, 0, 0, 192]"
2627.84614,Unknown Device,8,5,21,98,"[0, 0, 0, 64, 0, 0, 0, 192]"
2627.846282,Unknown Device,8,5,21,99,"[0, 0, 112, 0, 0, 0, 0, 240]"
2627.846447,Unknown Device,8,5,21,100,"[36, 38, 24, 250, 0, 192, 125, 0]"
2627.846575,Unknown Device,2,5,0,99,"[0, 0, 0, 0, 0, 0, 0, 0]"
2627.846736,Unknown Device,2,4,3,177,"[0, 0, 0, 226, 0, 16, 252, 255]"
2627.846943,Unknown Device,2,4,3,183,"[0, 0, 224, 251, 255, 255, 0, 0]"
2627.847086,Unknown Device,2,5,7,736,"[0, 0, 120, 6, 0, 24, 48, 0]"
2627.84725,Unknown Device,2,5,7,738,"[0, 0, 0, 128, 0, 0, 0, 128]"
2627.849433,Unknown Device,2,5,0,96,"[0, 0, 0, 0, 128, 3, 16, 0]"
2627.849584,Unknown Device,2,5,0,97,"[0, 0, 0, 0, 30, 48, 6, 0]"
2627.84973,Unknown Device,2,5,0,98,"[0, 0, 0, 0, 0, 0, 0, 0]"
2627.849873,Unknown Device,2,5,0,100,"[0, 0, 0, 0, 0, 0, 0, 0]"
2627.850108,Unknown Device,1,1,0,97,"[152, 175, 212, 126, 1, 0, 0, 255]"
2627.850512,Unknown Device,2,5,0,736,"[0, 0, 164, 6, 0, 24, 0, 0]"
2627.850644,Unknown Device,21,4,20,180,"[5, 0, 0, 80, 255, 8, 128, 1]"
2627.850949,Unknown Device,2,5,9,738,"[0, 0, 0, 0, 179, 149, 136, 63]"
2627.851667,Unknown Device,2,4,4,177,"[0, 0, 0, 98, 0, 16, 22, 0]"
2627.852128,Unknown Device,2,4,2,177,"[0, 0, 0, 98, 0, 16, 243, 255]"
2627.853412,Unknown Device,2,5,10,736,"[0, 0, 165, 6, 0, 23, 32, 0]"
2627.853548,Unknown Device,2,5,8,736,"[0, 0, 165, 6, 0, 24, 48, 0]"
2627.853695,Unknown Device,2,5,8,738,"[0, 0, 0, 128, 0, 0, 0, 128]"
2627.85395,Unknown Device,2,5,9,736,"[0, 0, 149, 6, 0, 24, 32, 0]"
2627.854101,Unknown Device,2,4,1,177,"[0, 0, 0, 226, 0, 16, 247, 255]"
2627.856682,Unknown Device,2,4,3,177,"[0, 0, 0, 226, 0, 16, 6, 0]"
2627.857831,Unknown Device,2,5,5,736,"[0, 0, 131, 6, 0, 24, 48, 0]"
2627.857974,Unknown Device,2,5,5,738,"[246, 124, 160, 51, 0, 0, 0, 128]"
2627.858961,Unknown Device,2,5,6,736,"[0, 0, 155, 6, 0, 24, 48, 0]"
2627.859118,Unknown Device,2,5,6,738,"[0, 0, 0, 128, 0, 0, 0, 128]"
2627.85944,Unknown Device,2,5,0,96,"[0, 0, 0, 0, 128, 3, 16, 0]"
2627.860499,Unknown Device,21,4,20,180,"[5, 0, 0, 80, 255, 8, 128, 1]"
2627.860648,Unknown Device,21,4,20,195,"[241, 31, 7, 208, 253, 47, 0, 5]"
2627.8617,Unknown Device,2,4,4,177,"[0, 0, 0, 98, 0, 16, 249, 255]"
2627.861887,Unknown Device,2,4,4,183,"[0, 0, 224, 8, 0, 0, 0, 0]"
2627.862195,Unknown Device,2,4,2,177,"[0, 0, 0, 98, 0, 16, 240, 255]"
2627.862382,Unknown Device,2,4,2,183,"[0, 0, 64, 7, 0, 0, 0, 0]"
2627.863942,Unknown Device,2,5,9,736,"[0, 0, 149, 6, 0, 24, 32, 0]"
2627.864095,Unknown Device,2,4,1,177,"[0, 0, 0, 226, 0, 16, 248, 255]"
2627.864267,Unknown Device,2,4,1,183,"[0, 0, 128, 248, 255, 255, 0, 0]"
2627.865406,Unknown Device,0,4,63,1,"[52, 94, 169, 127, 154, 99, 75, 4]"
2627.865846,Unknown Device,8,5,21,96,"[0, 0, 0, 0, 0, 0, 0, 0]"
2627.86599,Unknown Device,8,5,21,97,"[0, 0, 0, 0, 0, 0, 0, 192]"
2627.866142,Unknown Device,8,5,21,98,"[0, 0, 0, 64, 0, 0, 0, 192]"
2627.866286,Unknown Device,8,5,21,99,"[0, 0, 112, 0, 0, 0, 0, 240]"
2627.866415,Unknown Device,8,5,21,100,"[36, 38, 24, 250, 0, 192, 125, 0]"
2627.866756,Unknown Device,2,4,3,177,"[0, 0, 0, 226, 0, 16, 17, 0]"
2627.866936,Unknown Device,2,4,3,183,"[0, 0, 224, 251, 255, 255, 0, 0]"
2627.86708,Unknown Device,2,5,7,736,"[0, 0, 120, 6, 0, 24, 48, 0]"
2627.867224,Unknown Device,2,5,7,738,"[0, 0, 0, 128, 0, 0, 0, 128]"
2627.869441,Unknown Device,2,5,0,96,"[0, 0, 0, 0, 128, 3, 16, 0]"
2627.869571,Unknown Device,2,5,0,97,"[0, 0, 0, 0, 30, 48, 6, 0]"
2627.869719,Unknown Device,2,5,0,98,"[0, 0, 0, 0, 0, 0, 0, 0]"
2627.869871,Unknown Device,2,5,0,100,"[0, 0, 0, 0, 0, 0, 0, 0]"
2627.87042,Unknown Device,21,4,20,180,"[5, 0, 0, 80, 255, 8, 128, 1]"
2627.870564,Unknown Device,2,5,0,736,"[0, 0, 163, 6, 0, 24, 0, 0]"
2627.870933,Unknown Device,1,1,0,97,"[152, 175, 212, 126, 1, 0, 0, 255]"
2627.871071,Unknown Device,2,5,9,738,"[0, 0, 0, 0, 179, 149, 136, 63]"
2627.871723,Unknown Device,2,4,4,177,"[0, 0, 0, 98, 0, 16, 231, 255]"
2627.872211,Unknown Device,2,4,2,177,"[0, 0, 0, 98, 0, 16, 249, 255]"
2627.873391,Unknown Device,2,5,10,736,"[0, 0, 164, 6, 0, 23, 32, 0]"
2627.873535,Unknown Device,2,5,8,736,"[0, 0, 165, 6, 0, 24, 48, 0]"
2627.873683,Unknown Device,2,5,8,737,"[0, 0, 0, 0, 0, 64, 0, 0]"
2627.873821,Unknown Device,2,5,8,738,"[0, 0, 0, 128, 0, 0, 0, 128]"
2627.873964,Unknown Device,2,5,9,736,"[0, 0, 149, 6, 0, 24, 32, 0]"
2627.874123,Unknown Device,2,4,1,177,"[0, 0, 0, 226, 0, 16, 246, 255]"
2627.876679,Unknown Device,2,4,3,177,"[0, 0, 0, 226, 0, 16, 10, 0]"
2627.877822,Unknown Device,2,5,5,736,"[0, 0, 130, 6, 0, 24, 48, 0]"
2627.87796,Unknown Device,2,5,5,738,"[246, 124, 160, 51, 0, 0, 0, 128]"
2627.878947,Unknown Device,2,5,6,736,"[0, 0, 155, 6, 0, 24, 48, 0]"
2627.8791,Unknown Device,2,5,6,738,"[0, 0, 0, 128, 0, 0, 0, 128]"
2627.87945,Unknown Device,2,5,0,96,"[0, 0, 0, 0, 128, 3, 16, 0]"
2627.880233,Unknown Device,21,4,20,180,"[5, 0, 0, 80, 255, 8, 128, 1]"
2627.880385,Unknown Device,21,4,20,195,"[241, 31, 7, 208, 253, 47, 0, 5]"
2627.880543,Unknown Device,21,4,20,196,"[30, 1, 225, 0, 32, 127, 0, 0]"
2627.880713,Unknown Device,21,4,20,199,"[33, 0, 224, 254, 255, 13, 0, 0]"
2627.880842,Unknown Device,21,4,20,200,"[156, 0, 108, 0, 236, 63, 0, 4]"
2627.881688,Unknown Device,2,4,4,177,"[0, 0, 0, 98, 0, 16, 246, 255]"
2627.881882,Unknown Device,2,4,4,183,"[0, 0, 224, 8, 0, 0, 0, 0]"
2627.882211,Unknown Device,2,4,2,177,"[0, 0, 0, 98, 0, 16, 251, 255]"
2627.882377,Unknown Device,2,4,2,183,"[0, 0, 64, 7, 0, 0, 0, 0]"
2627.883953,Unknown Device,2,5,9,736,"[0, 0, 147, 6, 0, 24, 32, 0]"
2627.884169,Unknown Device,2,4,1,177,"[0, 0, 0, 226, 0, 16, 248, 255]"
2627.884349,Unknown Device,2,4,1,183,"[0, 0, 128, 248, 255, 255, 0, 0]"
2627.885845,Unknown Device,8,5,21,96,"[0, 0, 0, 0, 0, 0, 0, 0]"
2627.885983,Unknown Device,8,5,21,97,"[0, 0, 0, 0, 0, 0, 0, 192]"
2627.886127,Unknown Device,8,5,21,98,"[0, 0, 0, 64, 0, 0, 0, 192]"
2627.886271,Unknown Device,8,5,21,99,"[0, 0, 112, 0, 0, 0, 0, 240]"
2627.886408,Unknown Device,8,5,21,100,"[35, 38, 24, 250, 0, 192, 125, 0]"
2627.886678,Unknown Device,2,4,3,177,"[0, 0, 0, 226, 0, 16, 7, 0]"
2627.886886,Unknown Device,2,4,3,183,"[0, 0, 224, 251, 255, 255, 0, 0]"
2627.887059,Unknown Device,2,5,7,736,"[0, 0, 120, 6, 0, 24, 48, 0]"
2627.887211,Unknown Device,2,5,7,738,"[0, 0, 0, 128, 0, 0, 0, 128]"
2627.889448,Unknown Device,2,5,0,96,"[0, 0, 0, 0, 128, 3, 16, 0]"
2627.889577,Unknown Device,2,5,0,97,"[0, 0, 0, 0, 30, 47, 6, 0]"
2627.889717,Unknown Device,2,5,0,98,"[0, 0, 0, 0, 0, 0, 0, 0]"
2627.88986,Unknown Device,2,5,0,100,"[0, 0, 0, 0, 0, 0, 0, 0]"
2627.890123,Unknown Device,21,4,20,180,"[4, 0, 0, 80, 255, 8, 128, 1]"
2627.890507,Unknown Device,2,5,0,736,"[0, 0, 164, 6, 0, 24, 0, 0]"
2627.890929,Unknown Device,2,5,9,738,"[0, 0, 0, 0, 179, 149, 136, 63]"
2627.891678,Unknown Device,2,4,4,177,"[0, 0, 0, 98, 0, 16, 242, 255]"
2627.891955,Unknown Device,1,1,0,97,"[152, 175, 212, 126, 1, 0, 0, 255]"
2627.892163,Unknown Device,2,4,2,177,"[0, 0, 0, 98, 0, 16, 240, 255]"
2627.893391,Unknown Device,2,5,10,736,"[0, 0, 164, 6, 0, 23, 32, 0]"
2627.893534,Unknown Device,2,5,8,736,"[0, 0, 164, 6, 0, 24, 48, 0]"
2627.893674,Unknown Device,2,5,8,738,"[0, 0, 0, 128, 0, 0, 0, 128]"
2627.893965,Unknown Device,2,5,9,736,"[0, 0, 149, 6, 0, 24, 32, 0]"
2627.894109,Unknown Device,2,5,9,737,"[0, 0, 0, 8, 0, 64, 0, 0]"
2627.894245,Unknown Device,2,4,1,177,"[0, 0, 0, 226, 0, 16, 249, 255]"
2627.896441,Unknown Device,2,5,0,99,"[0, 0, 0, 0, 0, 0, 0, 0]"
2627.89675,Unknown Device,2,4,3,177,"[0, 0, 0, 226, 0, 16, 0, 0]"
2627.897829,Unknown Device,2,5,5,736,"[0, 0, 131, 6, 0, 24, 48, 0]"
2627.897981,Unknown Device,2,5,5,738,"[246, 124, 160, 51, 0, 0, 0, 128]"
2627.898946,Unknown Device,2,5,6,736,"[0, 0, 156, 6, 0, 24, 48, 0]"
2627.89909,Unknown Device,2,5,6,738,"[0, 0, 0, 128, 0, 0, 0, 128]"
2627.89967,Unknown Device,2,5,0,96,"[0, 0, 0, 0, 128, 3, 16, 0]"
2627.900061,Unknown Device,21,4,20,180,"[5, 0, 0, 80, 255, 9, 128, 1]"
2627.900212,Unknown Device,21,4,20,195,"[241, 31, 7, 208, 253, 47, 0, 5]"
2627.901725,Unknown Device,2,4,4,177,"[0, 0, 0, 98, 0, 16, 254, 255]"
2627.901918,Unknown Device,2,4,4,183,"[0, 0, 224, 8, 0, 0, 0, 0]"
2627.902252,Unknown Device,2,4,2,177,"[0, 0, 0, 98, 0, 16, 232, 255]"
2627.902431,Unknown Device,2,4,2,183,"[0, 0, 64, 7, 0, 0, 0, 0]"
2627.903933,Unknown Device,2,5,9,736,"[0, 0, 149, 6, 0, 24, 32, 0]"
2627.90407,Unknown Device,2,4,1,177,"[0, 0, 0, 226, 0, 16, 6, 0]"
2627.904237,Unknown Device,2,4,1,183,"[0, 0, 128, 248, 255, 255, 0, 0]"
2627.905841,Unknown Device,8,5,21,96,"[0, 0, 0, 0, 0, 0, 0, 0]"
2627.905986,Unknown Device,8,5,21,97,"[0, 0, 0, 0, 0, 0, 0, 192]"
2627.906137,Unknown Device,8,5,21,98,"[0, 0, 0, 64, 0, 0, 0, 192]"
2627.906281,Unknown Device,8,5,21,99,"[0, 0, 112, 0, 0, 0, 0, 240]"
2627.906411,Unknown Device,8,5,21,100,"[35, 38, 24, 250, 0, 192, 125, 0]"
2627.906548,Unknown Device,0,4,63,1,"[52, 94, 169, 122, 24, 68, 181, 14]"
2627.906818,Unknown Device,2,4,3,177,"[0, 0, 0, 226, 0, 16, 5, 0]"
2627.907013,Unknown Device,2,4,3,183,"[0, 0, 224, 251, 255, 255, 0, 0]"
2627.907165,Unknown Device,2,5,7,736,"[0, 0, 121, 6, 0, 24, 48, 0]"
2627.907295,Unknown Device,2,5,7,738,"[0, 0, 0, 128, 0, 0, 0, 128]"
2627.909409,Unknown Device,2,5,0,96,"[0, 0, 0, 0, 128, 3, 16, 0]"
2627.909553,Unknown Device,2,5,0,97,"[0, 0, 0, 0, 30, 47, 6, 0]"
2627.909709,Unknown Device,2,5,0,98,"[0, 0, 0, 0, 0, 0, 0, 0]"
2627.909853,Unknown Device,2,5,0,100,"[0, 0, 0, 0, 0, 0, 0, 0]"
2627.910104,Unknown Device,21,4,20,180,"[4, 0, 0, 80, 255, 9, 128, 1]"
2627.910505,Unknown Device,2,5,0,736,"[0, 0, 163, 6, 0, 24, 0, 0]"
2627.910911,Unknown Device,2,5,9,738,"[0, 0, 0, 0, 179, 149, 136, 63]"
2627.911738,Unknown Device,2,4,4,177,"[0, 0, 0, 98, 0, 16, 6, 0]"
2627.91224,Unknown Device,2,4,2,177,"[0, 0, 0, 98, 0, 16, 240, 255]"
2627.913051,Unknown Device,1,1,0,97,"[152, 175, 212, 126, 1, 0, 0, 255]"
2627.913387,Unknown Device,2,5,10,736,"[0, 0, 164, 6, 0, 23, 32, 0]"
2627.913538,Unknown Device,2,5,8,736,"[0, 0, 165, 6, 0, 24, 48, 0]"
2627.913694,Unknown Device,2,5,8,738,"[0, 0, 0, 128, 0, 0, 0, 128]"
2627.913923,Unknown Device,2,5,9,736,"[0, 0, 149, 6, 0, 24, 32, 0]"
2627.91409,Unknown Device,2,4,1,177,"[0, 0, 0, 226, 0, 16, 242, 255]"
2627.914943,Unknown Device,2,5,6,737,"[0, 0, 0, 0, 0, 64, 0, 0]"
2627.916617,Unknown Device,2,4,3,177,"[0, 0, 0, 226, 0, 16, 11, 0]"
2627.917812,Unknown Device,2,5,5,736,"[0, 0, 131, 6, 0, 24, 48, 0]"
2627.91795,Unknown Device,2,5,5,738,"[246, 124, 160, 51, 0, 0, 0, 128]"
2627.918954,Unknown Device,2,5,6,736,"[0, 0, 155, 6, 0, 24, 48, 0]"
2627.919121,Unknown Device,2,5,6,738,"[0, 0, 0, 128, 0, 0, 0, 128]"
2627.919416,Unknown Device,2,5,0,96,"[0, 0, 0, 0, 128, 3, 16, 0]"
2627.920064,Unknown Device,21,4,20,180,"[5, 0, 0, 80, 255, 9, 128, 1]"
2627.920216,Unknown Device,21,4,20,195,"[241, 31, 7, 208, 253, 47, 0, 5]"
2627.921643,Unknown Device,2,4,4,177,"[0, 0, 0, 98, 0, 16, 237, 255]"
2627.921823,Unknown Device,2,4,4,183,"[0, 0, 224, 8, 0, 0, 0, 0]"
2627.922197,Unknown Device,2,4,2,177,"[0, 0, 0, 98, 0, 16, 230, 255]"
2627.922382,Unknown Device,2,4,2,183,"[0, 0, 64, 7, 0, 0, 0, 0]"
2627.923912,Unknown Device,2,5,9,736,"[0, 0, 149, 6, 0, 24, 32, 0]"
2627.924065,Unknown Device,2,4,1,177,"[0, 0, 0, 226, 0, 16, 251, 255]"
2627.92426,Unknown Device,2,4,1,183,"[0, 0, 128, 248, 255, 255, 0, 0]"
2627.925836,Unknown Device,8,5,21,96,"[0, 0, 0, 0, 0, 0, 0, 0]"
2627.925981,Unknown Device,8,5,21,97,"[0, 0, 0, 0, 0, 0, 0, 192]"
2627.926118,Unknown Device,8,5,21,98,"[0, 0, 0, 64, 0, 0, 0, 192]"
2627.926262,Unknown Device,8,5,21,99,"[0, 0, 112, 0, 0, 0, 0, 240]"
2627.9264,Unknown Device,8,5,21,100,"[35, 38, 24, 250, 0, 192, 125, 0]"
2627.926684,Unknown Device,2,4,3,177,"[0, 0, 0, 226, 0, 16, 8, 0]"
2627.926857,Unknown Device,2,4,3,183,"[0, 0, 224, 251, 255, 255, 0, 0]"
2627.927039,Unknown Device,2,5,7,736,"[0, 0, 121, 6, 0, 24, 48, 0]"
2627.927176,Unknown Device,2,5,7,738,"[0, 0, 0, 128, 0, 0, 0, 128]"
2627.929412,Unknown Device,2,5,0,96,"[0, 0, 0, 0, 128, 3, 16, 0]"
2627.929549,Unknown Device,2,5,0,97,"[0, 0, 0, 0, 30, 48, 6, 0]"
2627.929697,Unknown Device,2,5,0,98,"[0, 0, 0, 0, 0, 0, 0, 0]"
2627.929849,Unknown Device,2,5,0,100,"[0, 0, 0, 0, 0, 0, 0, 0]"
2627.930044,Unknown Device,21,4,20,180,"[5, 0, 0, 80, 255, 9, 128, 1]"
2627.93051,Unknown Device,2,5,0,736,"[0, 0, 165, 6, 0, 24, 0, 0]"
2627.930902,Unknown Device,2,5,9,738,"[0, 0, 0, 0, 179, 149, 136, 63]"
2627.931752,Unknown Device,2,4,4,177,"[0, 0, 0, 98, 0, 16, 245, 255]"
2627.932168,Unknown Device,2,4,2,177,"[0, 0, 0, 98, 0, 16, 251, 255]"
2627.933379,Unknown Device,2,5,10,736,"[0, 0, 165, 6, 0, 23, 32, 0]"
2627.933516,Unknown Device,2,5,8,736,"[0, 0, 166, 6, 0, 24, 48, 0]"
2627.933658,Unknown Device,2,5,8,738,"[0, 0, 0, 128, 0, 0, 0, 128]"
2627.933909,Unknown Device,2,5,9,736,"[0, 0, 149, 6, 0, 24, 32, 0]"
2627.934047,Unknown Device,1,1,0,97,"[152, 175, 212, 126, 1, 0, 0, 255]"
2627.934203,Unknown Device,2,4,1,177,"[0, 0, 0, 226, 0, 16, 242, 255]"
2627.936599,Unknown Device,2,4,3,177,"[0, 0, 0, 226, 0, 16, 0, 0]"
2627.937807,Unknown Device,2,5,5,736,"[0, 0, 131, 6, 0, 24, 48, 0]"
2627.937958,Unknown Device,2,5,5,738,"[246, 124, 160, 51, 0, 0, 0, 128]"
2627.938935,Unknown Device,2,5,6,736,"[0, 0, 156, 6, 0, 24, 48, 0]"
2627.939087,Unknown Device,2,5,6,738,"[0, 0, 0, 128, 0, 0, 0, 128]"
2627.939407,Unknown Device,2,5,0,96,"[0, 0, 0, 0, 128, 3, 16, 0]"
2627.940044,Unknown Device,21,4,20,180,"[5, 0, 0, 80, 255, 9, 128, 1]"
2627.940186,Unknown Device,21,4,20,195,"[241, 31, 7, 208, 253, 47, 0, 5]"
2627.94166,Unknown Device,2,4,4,177,"[0, 0, 0, 98, 0, 16, 13, 0]"
2627.941825,Unknown Device,2,4,4,183,"[0, 0, 224, 8, 0, 0, 0, 0]"
2627.942224,Unknown Device,2,4,2,177,"[0, 0, 0, 98, 0, 16, 242, 255]"
2627.942389,Unknown Device,2,4,2,183,"[0, 0, 64, 7, 0, 0, 0, 0]"
2627.943902,Unknown Device,2,5,9,736,"[0, 0, 149, 6, 0, 24, 32, 0]"
2627.944054,Unknown Device,2,4,1,177,"[0, 0, 0, 226, 0, 16, 252, 255]"
2627.944233,Unknown Device,2,4,1,183,"[0, 0, 128, 248, 255, 255, 0, 0]"
2627.945827,Unknown Device,8,5,21,96,"[0, 0, 0, 0, 0, 0, 0, 0]"
2627.94597,Unknown Device,8,5,21,97,"[0, 0, 0, 0, 0, 0, 0, 192]"
2627.946107,Unknown Device,8,5,21,98,"[0, 0, 0, 64, 0, 0, 0, 192]"
2627.946258,Unknown Device,8,5,21,99,"[0, 0, 112, 0, 0, 0, 0, 240]"
2627.946409,Unknown Device,2,5,0,99,"[0, 0, 0, 0, 0, 0, 0, 0]"
2627.946538,Unknown Device,8,5,21,100,"[35, 38, 24, 250, 0, 192, 125, 0]"
2627.946693,Unknown Device,2,4,3,177,"[0, 0, 0, 226, 0, 16, 249, 255]"
2627.946843,Unknown Device,2,4,3,183,"[0, 0, 224, 251, 255, 255, 0, 0]"
2627.947052,Unknown Device,2,5,7,736,"[0, 0, 121, 6, 0, 24, 48, 0]"
2627.94718,Unknown Device,2,5,7,738,"[0, 0, 0, 128, 0, 0, 0, 128]"
2627.947331,Unknown Device,0,4,63,1,"[52, 94, 169, 122, 178, 192, 199, 173]"
2627.949401,Unknown Device,2,5,0,96,"[0, 0, 0, 0, 128, 3, 16, 0]"
2627.949539,Unknown Device,2,5,0,97,"[0, 0, 0, 0, 30, 48, 6, 0]"
2627.94968,Unknown Device,2,5,0,98,"[0, 0, 0, 0, 0, 0, 0, 0]"
2627.949832,Unknown Device,2,5,0,100,"[0, 0, 0, 0, 0, 0, 0, 0]"
2627.950056,Unknown Device,21,4,20,180,"[5, 0, 0, 80, 255, 9, 128, 1]"
2627.950486,Unknown Device,2,5,0,736,"[0, 0, 165, 6, 0, 24, 0, 0]"
2627.950906,Unknown Device,2,5,9,738,"[0, 0, 0, 0, 179, 149, 136, 63]"
2627.95167,Unknown Device,2,4,4,177,"[0, 0, 0, 98, 0, 16, 254, 255]"
2627.952087,Unknown Device,2,4,2,177,"[0, 0, 0, 98, 0, 16, 249, 255]"
2627.953386,Unknown Device,2,5,10,736,"[0, 0, 165, 6, 0, 23, 32, 0]"
2627.953515,Unknown Device,2,5,8,736,"[0, 0, 166, 6, 0, 24, 48, 0]"
2627.953657,Unknown Device,2,5,8,738,"[0, 0, 0, 128, 0, 0, 0, 128]"
2627.953908,Unknown Device,2,5,9,736,"[0, 0, 149, 6, 0, 24, 32, 0]"
2627.954089,Unknown Device,2,4,1,177,"[0, 0, 0, 226, 0, 16, 3, 0]"
2627.954674,Unknown Device,1,1,0,97,"[152, 175, 212, 126, 1, 0, 0, 255]"
2627.956621,Unknown Device,2,4,3,177,"[0, 0, 0, 226, 0, 16, 3, 0]"
2627.957797,Unknown Device,2,5,5,736,"[0, 0, 131, 6, 0, 24, 48, 0]"
2627.957934,Unknown Device,2,5,5,738,"[246, 124, 160, 51, 0, 0, 0, 128]"
2627.958934,Unknown Device,2,5,6,736,"[0, 0, 156, 6, 0, 24, 48, 0]"
2627.959079,Unknown Device,2,5,6,738,"[0, 0, 0, 128, 0, 0, 0, 128]"
2627.959395,Unknown Device,2,5,0,96,"[0, 0, 0, 0, 128, 3, 16, 0]"
2627.96006,Unknown Device,21,4,20,180,"[5, 0, 0, 80, 255, 9, 128, 1]"
2627.960226,Unknown Device,21,4,20,195,"[241, 31, 7, 208, 253, 47, 0, 5]"
2627.961699,Unknown Device,2,4,4,177,"[0, 0, 0, 98, 0, 16, 247, 255]"
2627.961872,Unknown Device,2,4,4,183,"[0, 0, 224, 8, 0, 0, 0, 0]"
2627.962146,Unknown Device,2,4,2,177,"[0, 0, 0, 98, 0, 16, 243, 255]"
2627.962341,Unknown Device,2,4,2,183,"[0, 0, 64, 7, 0, 0, 0, 0]"
2627.963929,Unknown Device,2,5,9,736,"[0, 0, 149, 6, 0, 24, 32, 0]"
2627.964068,Unknown Device,2,4,1,177,"[0, 0, 0, 226, 0, 16, 255, 255]"
2627.964248,Unknown Device,2,4,1,183,"[0, 0, 128, 248, 255, 255, 0, 0]"
2627.965822,Unknown Device,8,5,21,96,"[0, 0, 0, 0, 0, 0, 0, 0]"
2627.965959,Unknown Device,8,5,21,97,"[0, 0, 0, 0, 0, 0, 0, 192]"
2627.966112,Unknown Device,8,5,21,98,"[0, 0, 0, 64, 0, 0, 0, 192]"
2627.966264,Unknown Device,8,5,21,99,"[0, 0, 112, 0, 0, 0, 0, 240]"
2627.966394,Unknown Device,8,5,21,100,"[38, 38, 24, 250, 0, 192, 125, 0]"
2627.966658,Unknown Device,2,4,3,177,"[0, 0, 0, 226, 0, 16, 3, 0]"
2627.966838,Unknown Device,2,4,3,183,"[0, 0, 224, 251, 255, 255, 0, 0]"
2627.967026,Unknown Device,2,5,7,736,"[0, 0, 121, 6, 0, 24, 48, 0]"
2627.967164,Unknown Device,2,5,7,738,"[0, 0, 0, 128, 0, 0, 0, 128]"
2627.969382,Unknown Device,2,5,0,100,"[0, 0, 0, 0, 0, 0, 0, 0]"
2627.969534,Unknown Device,2,5,0,96,"[0, 0, 0, 0, 128, 3, 16, 0]"
2627.969668,Unknown Device,2,5,0,97,"[0, 0, 0, 0, 30, 47, 6, 0]"
2627.96982,Unknown Device,2,5,0,98,"[0, 0, 0, 0, 0, 0, 0, 0]"
2627.970072,Unknown Device,21,4,20,180,"[5, 0, 0, 80, 255, 9, 128, 1]"
2627.970497,Unknown Device,2,5,0,736,"[0, 0, 165, 6, 0, 24, 0, 0]"
2627.971031,Unknown Device,2,5,9,738,"[0, 0, 0, 0, 179, 149, 136, 63]"
2627.971658,Unknown Device,2,4,4,177,"[0, 0, 0, 98, 0, 16, 243, 255]"
2627.972089,Unknown Device,2,4,2,177,"[0, 0, 0, 98, 0, 16, 2, 0]"
2627.973375,Unknown Device,2,5,10,736,"[0, 0, 164, 6, 0, 23, 32, 0]"
2627.973505,Unknown Device,2,5,8,736,"[0, 0, 166, 6, 0, 24, 48, 0]"
2627.97365,Unknown Device,2,5,8,738,"[0, 0, 0, 128, 0, 0, 0, 128]"
2627.973927,Unknown Device,2,5,9,736,"[0, 0, 150, 6, 0, 24, 32, 0]"
2627.974071,Unknown Device,2,4,1,177,"[0, 0, 0, 226, 0, 16, 252, 255]"
2627.975556,Unknown Device,1,1,0,97,"[152, 175, 212, 126, 1, 0, 0, 255]"
2627.976723,Unknown Device,2,4,3,177,"[0, 0, 0, 226, 0, 16, 247, 255]"
2627.977792,Unknown Device,2,5,5,736,"[0, 0, 132, 6, 0, 24, 48, 0]"
2627.977938,Unknown Device,2,5,5,738,"[246, 124, 160, 51, 0, 0, 0, 128]"
2627.978941,Unknown Device,2,5,6,736,"[0, 0, 157, 6, 0, 24, 48, 0]"
2627.979087,Unknown Device,2,5,6,738,"[0, 0, 0, 128, 0, 0, 0, 128]"
2627.979385,Unknown Device,2,5,0,96,"[0, 0, 0, 0, 128, 3, 16, 0]"
2627.980015,Unknown Device,21,4,20,180,"[5, 0, 0, 80, 255, 9, 128, 1]"
2627.980157,Unknown Device,21,4,20,195,"[241, 31, 7, 208, 253, 47, 0, 5]"
2627.980314,Unknown Device,21,4,20,196,"[25, 1, 229, 0, 32, 127, 0, 0]"
2627.98045,Unknown Device,21,4,20,199,"[220, 255, 79, 0, 0, 230, 255, 15]"
2627.980597,Unknown Device,21,4,20,200,"[164, 0, 100, 0, 4, 64, 0, 4]"
2627.981381,Unknown Device,2,5,0,101,"[0, 0, 0, 0, 0, 0, 16, 0]"
2627.981524,Unknown Device,2,5,0,102,"[0, 0, 0, 0, 0, 0, 0, 0]"
2627.98167,Unknown Device,2,4,4,177,"[0, 0, 0, 98, 0, 16, 243, 255]"
2627.981821,Unknown Device,2,4,4,183,"[0, 0, 224, 8, 0, 0, 0, 0]"
2627.982142,Unknown Device,2,4,2,177,"[0, 0, 0, 98, 0, 16, 241, 255]"
2627.982321,Unknown Device,2,4,2,183,"[0, 0, 64, 7, 0, 0, 0, 0]"
2627.983922,Unknown Device,2,5,9,736,"[0, 0, 149, 6, 0, 24, 32, 0]"
2627.984113,Unknown Device,2,4,1,177,"[0, 0, 0, 226, 0, 16, 248, 255]"
2627.984311,Unknown Device,2,4,1,183,"[0, 0, 128, 248, 255, 255, 0, 0]"
2627.985812,Unknown Device,8,5,21,96,"[0, 0, 0, 0, 0, 0, 0, 0]"
2627.985957,Unknown Device,8,5,21,97,"[0, 0, 0, 0, 0, 0, 0, 192]"
2627.9861,Unknown Device,8,5,21,98,"[0, 0, 0, 64, 0, 0, 0, 192]"
2627.986265,Unknown Device,8,5,21,99,"[0, 0, 112, 0, 0, 0, 0, 240]"
2627.98638,Unknown Device,8,5,21,100,"[38, 38, 24, 250, 0, 192, 125, 0]"
2627.986704,Unknown Device,2,4,3,177,"[0, 0, 0, 226, 0, 16, 246, 255]"
2627.986897,Unknown Device,2,4,3,183,"[0, 0, 224, 251, 255, 255, 0, 0]"
2627.987035,Unknown Device,2,5,7,736,"[0, 0, 121, 6, 0, 24, 48, 0]"
2627.9872,Unknown Device,2,5,7,738,"[0, 0, 0, 128, 0, 0, 0, 128]"
2627.988499,Unknown Device,0,4,63,1,"[52, 94, 169, 123, 167, 41, 213, 202]"
2627.989388,Unknown Device,2,5,0,96,"[0, 0, 0, 0, 128, 3, 16, 0]"
2627.989533,Unknown Device,2,5,0,97,"[0, 0, 0, 0, 30, 47, 6, 0]"
2627.989679,Unknown Device,2,5,0,98,"[0, 0, 0, 0, 0, 0, 0, 0]"
2627.989816,Unknown Device,2,5,0,100,"[0, 0, 0, 0, 0, 0, 0, 0]"
2627.990058,Unknown Device,21,4,20,180,"[5, 0, 0, 80, 255, 9, 128, 1]"
2627.990477,Unknown Device,2,5,0,736,"[0, 0, 164, 6, 0, 24, 0, 0]"
2627.990922,Unknown Device,2,5,9,738,"[0, 0, 0, 0, 179, 149, 136, 63]"
2627.991666,Unknown Device,2,4,4,177,"[0, 0, 0, 98, 0, 16, 10, 0]"
2627.992114,Unknown Device,2,4,2,177,"[0, 0, 0, 98, 0, 16, 247, 255]"
2627.993359,Unknown Device,2,5,10,736,"[0, 0, 164, 6, 0, 23, 32, 0]"
2627.993502,Unknown Device,2,5,8,736,"[0, 0, 165, 6, 0, 24, 48, 0]"
2627.993635,Unknown Device,2,5,0,737,"[0, 0, 0, 8, 0, 64, 0, 0]"
2627.993785,Unknown Device,2,5,8,738,"[0, 0, 0, 128, 0, 0, 0, 128]"
2627.993928,Unknown Device,2,5,9,736,"[0, 0, 149, 6, 0, 24, 32, 0]"
2627.994201,Unknown Device,2,4,1,177,"[0, 0, 0, 226, 0, 16, 253, 255]"
2627.996376,Unknown Device,2,5,0,99,"[0, 0, 0, 0, 0, 0, 0, 0]"
2627.99652,Unknown Device,1,1,0,97,"[152, 175, 212, 126, 1, 0, 0, 255]"
2627.996696,Unknown Device,2,4,3,177,"[0, 0, 0, 226, 0, 16, 249, 255]"
2627.997795,Unknown Device,2,5,5,736,"[0, 0, 131, 6, 0, 24, 48, 0]"
2627.997939,Unknown Device,2,5,5,738,"[246, 124, 160, 51, 0, 0, 0, 128]"
2627.998923,Unknown Device,2,5,6,736,"[0, 0, 156, 6, 0, 24, 48, 0]"
2627.999068,Unknown Device,2,5,6,738,"[0, 0, 0, 128, 0, 0, 0, 128]"
2628.000032,Unknown Device,21,4,20,180,"[5, 0, 0, 80, 255, 9, 128, 1]"
2628.000178,Unknown Device,21,4,20,195,"[241, 31, 7, 208, 253, 47, 0, 5]"
2628.000623,Unknown Device,2,5,0,96,"[0, 0, 0, 0, 128, 3, 16, 0]"
2628.001709,Unknown Device,2,4,4,177,"[0, 0, 0, 98, 0, 16, 2, 0]"
2628.001886,Unknown Device,2,4,4,183,"[0, 0, 224, 8, 0, 0, 0, 0]"
2628.002225,Unknown Device,2,4,2,177,"[0, 0, 0, 98, 0, 16, 254, 255]"
2628.002411,Unknown Device,2,4,2,183,"[0, 0, 64, 7, 0, 0, 0, 0]"
2628.003912,Unknown Device,2,5,9,736,"[0, 0, 149, 6, 0, 24, 32, 0]"
2628.004057,Unknown Device,2,4,1,177,"[0, 0, 0, 226, 0, 16, 8, 0]"
2628.004215,Unknown Device,2,4,1,183,"[0, 0, 128, 248, 255, 255, 0, 0]"
2628.005804,Unknown Device,8,5,21,96,"[0, 0, 0, 0, 0, 0, 0, 0]"
2628.00595,Unknown Device,8,5,21,97,"[0, 0, 0, 0, 0, 0, 0, 192]"
2628.006095,Unknown Device,8,5,21,98,"[0, 0, 0, 64, 0, 0, 0, 192]"
2628.006239,Unknown Device,8,5,21,99,"[0, 0, 112, 0, 0, 0, 0, 240]"
2628.006377,Unknown Device,8,5,21,100,"[38, 38, 24, 250, 0, 192, 125, 0]"
2628.006732,Unknown Device,2,4,3,177,"[0, 0, 0, 226, 0, 16, 4, 0]"
2628.006933,Unknown Device,2,4,3,183,"[0, 0, 224, 251, 255, 255, 0, 0]"
2628.0071,Unknown Device,2,5,7,736,"[0, 0, 121, 6, 0, 24, 48, 0]"
2628.007216,Unknown Device,2,5,7,738,"[0, 0, 0, 128, 0, 0, 0, 128]"
2628.009379,Unknown Device,2,5,0,97,"[0, 0, 0, 0, 30, 48, 6, 0]"
2628.009523,Unknown Device,2,5,0,98,"[0, 0, 0, 0, 0, 0, 0, 0]"
2628.009671,Unknown Device,2,5,0,100,"[0, 0, 0, 0, 0, 0, 0, 0]"
2628.010052,Unknown Device,21,4,20,180,"[5, 0, 0, 80, 255, 9, 128, 1]"
2628.010374,Unknown Device,2,5,0,96,"[0, 0, 0, 0, 128, 3, 16, 0]"
2628.010519,Unknown Device,2,5,0,736,"[0, 0, 166, 6, 0, 24, 0, 0]"
2628.010917,Unknown Device,2,5,9,738,"[0, 0, 0, 0, 179, 149, 136, 63]"
2628.011665,Unknown Device,2,4,4,431,"[0, 0, 0, 0, 1, 26, 19, 0]"
2628.011845,Unknown Device,2,4,4,285,"[0, 0, 0, 0, 0, 0, 0, 0]"
2628.012212,Unknown Device,2,4,2,431,"[0, 0, 0, 0, 1, 26, 19, 0]"
2628.012356,Unknown Device,2,4,2,285,"[0, 0, 0, 0, 0, 0, 0, 0]"
2628.012514,Unknown Device,2,4,4,193,"[0, 243, 199, 46, 0, 0, 0, 0]"
2628.012699,Unknown Device,2,4,4,177,"[0, 0, 0, 98, 0, 16, 246, 255]"
2628.012871,Unknown Device,2,4,4,181,"[251, 127, 0, 128, 83, 22, 29, 24]"
2628.01301,Unknown Device,2,4,2,193,"[0, 243, 199, 46, 0, 0, 0, 0]"
2628.013169,Unknown Device,2,4,2,177,"[0, 0, 0, 98, 0, 16, 237, 255]"
2628.013313,Unknown Device,2,4,2,181,"[246, 127, 0, 128, 83, 23, 29, 24]"
2628.013465,Unknown Device,2,5,8,736,"[0, 0, 166, 6, 0, 24, 48, 0]"
2628.013599,Unknown Device,2,4,4,182,"[0, 0, 64, 231, 0, 0, 0, 0]"
2628.013751,Unknown Device,2,5,10,736,"[0, 0, 164, 6, 0, 23, 32, 0]"
2628.013895,Unknown Device,2,4,4,184,"[0, 0, 0, 0, 0, 0, 0, 128]"
2628.01404,Unknown Device,2,4,2,182,"[0, 0, 64, 189, 0, 0, 0, 0]"
2628.014177,Unknown Device,2,5,9,736,"[0, 0, 149, 6, 0, 24, 32, 0]"
2628.014322,Unknown Device,2,4,2,184,"[0, 0, 0, 0, 0, 0, 0, 128]"
2628.014452,Unknown Device,2,4,1,431,"[0, 0, 0, 0, 1, 26, 19, 0]"
2628.014593,Unknown Device,2,5,8,738,"[0, 0, 0, 128, 0, 0, 0, 128]"
2628.014738,Unknown Device,2,4,4,185,"[0, 0, 0, 0, 0, 0, 0, 128]"
2628.01489,Unknown Device,2,4,1,285,"[0, 0, 0, 0, 0, 0, 0, 0]"
2628.015035,Unknown Device,2,4,2,185,"[0, 0, 0, 0, 0, 0, 0, 128]"
2628.015179,Unknown Device,2,4,4,186,"[8, 0, 0, 0, 0, 0, 0, 0]"
2628.015331,Unknown Device,2,4,2,186,"[8, 0, 0, 0, 0, 0, 0, 0]"
2628.015475,Unknown Device,2,4,1,193,"[0, 243, 199, 46, 0, 0, 0, 0]"
2628.015631,Unknown Device,2,4,4,187,"[0, 0, 4, 0, 0, 0, 0, 0]"
2628.015946,Unknown Device,2,4,1,177,"[0, 0, 0, 226, 0, 16, 4, 0]"
2628.016099,Unknown Device,2,4,2,187,"[0, 0, 4, 0, 0, 0, 0, 0]"
2628.016229,Unknown Device,2,4,1,181,"[254, 127, 0, 128, 83, 22, 28, 24]"
2628.016763,Unknown Device,2,4,3,431,"[0, 0, 0, 0, 1, 26, 19, 0]"
2628.016935,Unknown Device,2,4,1,182,"[0, 0, 192, 62, 255, 255, 0, 0]"
2628.01708,Unknown Device,2,4,3,285,"[0, 0, 0, 0, 0, 0, 0, 0]"
2628.017218,Unknown Device,2,4,1,184,"[0, 0, 0, 0, 0, 0, 0, 128]"
2628.017362,Unknown Device,1,1,0,97,"[152, 175, 212, 126, 1, 0, 0, 255]"
2628.017515,Unknown Device,2,4,1,185,"[0, 0, 0, 0, 0, 0, 0, 128]"
2628.017649,Unknown Device,2,4,3,193,"[0, 243, 199, 46, 0, 0, 0, 0]"
2628.017792,Unknown Device,2,5,5,736,"[0, 0, 131, 6, 0, 24, 48, 0]"
2628.017944,Unknown Device,2,4,3,177,"[0, 0, 0, 226, 0, 16, 9, 0]"
2628.018075,Unknown Device,2,5,5,738,"[246, 124, 160, 51, 0, 0, 0, 128]"
2628.018255,Unknown Device,2,4,1,186,"[8, 0, 0, 0, 0, 0, 0, 0]"
2628.018457,Unknown Device,2,4,1,187,"[0, 0, 4, 0, 0, 0, 0, 0]"
2628.018591,Unknown Device,2,4,3,181,"[251, 127, 0, 64, 83, 21, 28, 25]"
2628.018814,Unknown Device,2,4,3,182,"[0, 0, 64, 152, 255, 255, 0, 0]"
2628.018958,Unknown Device,2,5,6,736,"[0, 0, 157, 6, 0, 24, 48, 0]"
2628.019111,Unknown Device,2,4,3,184,"[0, 0, 0, 0, 0, 0, 0, 128]"
2628.019255,Unknown Device,2,5,6,738,"[0, 0, 0, 128, 0, 0, 0, 128]"
2628.019625,Unknown Device,2,4,3,185,"[0, 0, 0, 0, 0, 0, 0, 128]"
2628.019777,Unknown Device,2,4,3,186,"[8, 0, 0, 0, 0, 0, 0, 0]"
2628.02005,Unknown Device,2,4,3,187,"[0, 0, 4, 0, 0, 0, 0, 0]"
2628.020188,Unknown Device,21,4,20,180,"[5, 0, 0, 80, 255, 9, 128, 1]"
2628.020346,Unknown Device,21,4,20,195,"[241, 31, 7, 208, 253, 47, 0, 5]"
2628.020484,Unknown Device,2,5,0,96,"[0, 0, 0, 0, 128, 3, 16, 0]"
2628.021699,Unknown Device,2,4,4,177,"[0, 0, 0, 98, 0, 16, 248, 255]"
2628.021857,Unknown Device,2,4,4,183,"[0, 0, 224, 8, 0, 0, 0, 0]"
2628.022237,Unknown Device,2,4,2,177,"[0, 0, 0, 98, 0, 16, 244, 255]"
2628.022403,Unknown Device,2,4,2,183,"[0, 0, 64, 7, 0, 0, 0, 0]"
2628.023911,Unknown Device,2,5,9,736,"[0, 0, 150, 6, 0, 24, 32, 0]"
2628.024126,Unknown Device,2,4,1,177,"[0, 0, 0, 226, 0, 16, 250, 255]"
2628.024319,Unknown Device,2,4,1,183,"[0, 0, 128, 248, 255, 255, 0, 0]"
2628.025794,Unknown Device,8,5,21,96,"[0, 0, 0, 0, 0, 0, 0, 0]"
2628.025936,Unknown Device,8,5,21,97,"[0, 0, 0, 0, 0, 0, 0, 192]"
2628.026088,Unknown Device,8,5,21,98,"[0, 0, 0, 64, 0, 0, 0, 192]"
2628.026231,Unknown Device,8,5,21,99,"[0, 0, 112, 0, 0, 0, 0, 240]"
2628.026368,Unknown Device,8,5,21,100,"[38, 38, 24, 250, 0, 192, 125, 0]"
2628.026692,Unknown Device,2,4,3,177,"[0, 0, 0, 226, 0, 16, 3, 0]"
2628.026863,Unknown Device,2,4,3,183,"[0, 0, 224, 251, 255, 255, 0, 0]"
2628.027014,Unknown Device,2,5,7,736,"[0, 0, 121, 6, 0, 24, 48, 0]"
2628.027166,Unknown Device,2,5,7,738,"[0, 0, 0, 128, 0, 0, 0, 128]"
2628.029364,Unknown Device,2,5,0,97,"[0, 0, 0, 0, 30, 48, 6, 0]"
2628.029507,Unknown Device,0,4,63,1,"[52, 94, 169, 127, 62, 250, 14, 111]"
2628.029647,Unknown Device,2,5,0,98,"[0, 0, 0, 0, 0, 0, 0, 0]"
2628.029812,Unknown Device,2,5,0,100,"[0, 0, 0, 0, 0, 0, 0, 0]"
2628.03004,Unknown Device,21,4,20,431,"[0, 0, 0, 0, 1, 26, 19, 0]"
2628.030205,Unknown Device,21,4,20,285,"[0, 0, 0, 0, 0, 64, 0, 0]"
2628.030356,Unknown Device,21,4,20,180,"[5, 0, 0, 80, 255, 9, 128, 1]"
2628.030499,Unknown Device,2,5,0,96,"[0, 0, 0, 0, 128, 3, 16, 0]"
2628.030639,Unknown Device,2,5,0,736,"[0, 0, 164, 6, 0, 24, 0, 0]"
2628.030782,Unknown Device,21,4,20,197,"[121, 29, 0, 6, 96, 0, 0, 255]"
2628.030919,Unknown Device,2,5,9,738,"[0, 0, 0, 0, 179, 149, 136, 63]"
2628.031071,Unknown Device,21,4,20,198,"[251, 255, 207, 255, 255, 3, 0, 144]"
2628.031227,Unknown Device,21,4,20,203,"[255, 255, 1, 0, 255, 255, 0, 0]"
2628.031364,Unknown Device,21,4,20,202,"[137, 98, 0, 0, 0, 0, 0, 0]"
2628.031521,Unknown Device,21,4,20,205,"[0, 0, 0, 0, 0, 0, 0, 0]"
2628.031676,Unknown Device,21,4,20,206,"[166, 255, 48, 0, 169, 2, 0, 0]"
2628.031841,Unknown Device,2,4,4,177,"[0, 0, 0, 98, 0, 16, 252, 255]"
2628.032269,Unknown Device,2,4,2,177,"[0, 0, 0, 98, 0, 16, 243, 255]"
2628.033359,Unknown Device,2,5,10,736,"[0, 0, 165, 6, 0, 23, 32, 0]"
2628.033495,Unknown Device,2,5,8,736,"[0, 0, 166, 6, 0, 24, 48, 0]"
2628.033642,Unknown Device,2,5,8,738,"[0, 0, 0, 128, 0, 0, 0, 128]"
2628.033913,Unknown Device,2,5,9,736,"[0, 0, 150, 6, 0, 24, 32, 0]"
2628.034085,Unknown Device,2,4,1,177,"[0, 0, 0, 226, 0, 16, 4, 0]"
2628.034385,Unknown Device,2,5,0,103,"[0, 0, 0, 0, 0, 0, 0, 0]"
2628.036359,Unknown Device,2,5,10,737,"[0, 0, 0, 0, 0, 64, 0, 0]"
2628.036711,Unknown Device,2,4,3,177,"[0, 0, 0, 226, 0, 16, 1, 0]"
2628.037787,Unknown Device,2,5,5,736,"[0, 0, 131, 6, 0, 24, 48, 0]"
2628.037937,Unknown Device,2,5,5,738,"[246, 124, 160, 51, 0, 0, 0, 128]"
2628.038095,Unknown Device,1,1,0,97,"[152, 175, 212, 126, 1, 0, 0, 255]"
2628.038923,Unknown Device,2,5,6,736,"[0, 0, 156, 6, 0, 24, 48, 0]"
2628.03906,Unknown Device,2,5,6,738,"[0, 0, 0, 128, 0, 0, 0, 128]"
2628.040016,Unknown Device,21,4,20,180,"[5, 0, 0, 80, 255, 9, 128, 1]"
2628.040168,Unknown Device,21,4,20,195,"[241, 31, 7, 208, 253, 47, 0, 5]"
2628.040391,Unknown Device,2,5,0,96,"[0, 0, 0, 0, 128, 3, 16, 0]"
2628.041683,Unknown Device,2,4,4,177,"[0, 0, 0, 98, 0, 16, 252, 255]"
2628.041843,Unknown Device,2,4,4,183,"[0, 0, 224, 8, 0, 0, 0, 0]"
2628.042225,Unknown Device,2,4,2,177,"[0, 0, 0, 98, 0, 16, 240, 255]"
2628.042386,Unknown Device,2,4,2,183,"[0, 0, 64, 7, 0, 0, 0, 0]"
2628.043913,Unknown Device,2,5,9,736,"[0, 0, 150, 6, 0, 24, 32, 0]"
2628.044089,Unknown Device,2,4,1,177,"[0, 0, 0, 226, 0, 16, 244, 255]"
2628.044261,Unknown Device,2,4,1,183,"[0, 0, 128, 248, 255, 255, 0, 0]"
2628.045789,Unknown Device,8,5,21,96,"[0, 0, 0, 0, 0, 0, 0, 0]"
2628.045933,Unknown Device,8,5,21,97,"[0, 0, 0, 0, 0, 0, 0, 192]"
2628.046078,Unknown Device,8,5,21,98,"[0, 0, 0, 64, 0, 0, 0, 192]"
2628.046244,Unknown Device,8,5,21,99,"[0, 0, 112, 0, 0, 0, 0, 240]"
2628.046374,Unknown Device,8,5,21,100,"[36, 38, 24, 250, 0, 192, 125, 0]"
2628.046512,Unknown Device,2,5,0,99,"[0, 0, 0, 0, 0, 0, 0, 0]"
2628.04666,Unknown Device,2,4,3,177,"[0, 0, 0, 226, 0, 16, 5, 0]"
2628.046826,Unknown Device,2,4,3,183,"[0, 0, 224, 251, 255, 255, 0, 0]"
2628.046993,Unknown Device,2,5,7,736,"[0, 0, 121, 6, 0, 24, 48, 0]"
2628.047145,Unknown Device,2,5,7,738,"[0, 0, 0, 128, 0, 0, 0, 128]"
2628.049377,Unknown Device,2,5,0,97,"[0, 0, 0, 0, 30, 48, 6, 0]"
2628.049537,Unknown Device,2,5,0,98,"[0, 0, 0, 0, 0, 0, 0, 0]"
2628.049671,Unknown Device,2,5,0,100,"[0, 0, 0, 0, 0, 0, 0, 0]"
2628.050021,Unknown Device,21,4,20,180,"[5, 0, 0, 80, 255, 9, 128, 1]"
2628.050391,Unknown Device,2,5,0,96,"[0, 0, 0, 0, 128, 3, 16, 0]"
2628.050522,Unknown Device,2,5,0,736,"[0, 0, 164, 6, 0, 24, 0, 0]"
2628.050889,Unknown Device,2,5,9,738,"[0, 0, 0, 0, 179, 149, 136, 63]"
2628.051645,Unknown Device,2,4,4,177,"[0, 0, 0, 98, 0, 16, 255, 255]"
2628.052166,Unknown Device,2,4,2,177,"[0, 0, 0, 98, 0, 16, 233, 255]"
2628.053002,Unknown Device,2,5,7,737,"[0, 0, 0, 0, 0, 64, 0, 0]"
2628.053333,Unknown Device,2,5,10,736,"[0, 0, 164, 6, 0, 23, 32, 0]"
2628.053476,Unknown Device,2,5,8,736,"[0, 0, 166, 6, 0, 24, 48, 0]"
2628.053632,Unknown Device,2,5,8,738,"[0, 0, 0, 128, 0, 0, 0, 128]"
2628.053905,Unknown Device,2,5,9,736,"[0, 0, 149, 6, 0, 24, 32, 0]"
2628.054121,Unknown Device,2,4,1,177,"[0, 0, 0, 226, 0, 16, 245, 255]"
2628.056563,Unknown Device,2,4,3,177,"[0, 0, 0, 226, 0, 16, 253, 255]"
2628.057779,Unknown Device,2,5,5,736,"[0, 0, 132, 6, 0, 24, 48, 0]"
2628.057917,Unknown Device,2,5,5,738,"[246, 124, 160, 51, 0, 0, 0, 128]"
2628.058907,Unknown Device,2,5,6,736,"[0, 0, 156, 6, 0, 24, 48, 0]"
2628.059052,Unknown Device,1,1,0,97,"[152, 175, 212, 126, 1, 0, 0, 255]"
2628.059197,Unknown Device,2,5,6,738,"[0, 0, 0, 128, 0, 0, 0, 128]"
2628.060016,Unknown Device,21,4,20,180,"[5, 0, 0, 80, 255, 9, 128, 1]"
2628.060169,Unknown Device,21,4,20,195,"[241, 31, 7, 208, 253, 47, 0, 5]"
2628.060383,Unknown Device,2,5,0,96,"[0, 0, 0, 0, 128, 3, 16, 0]"
2628.061697,Unknown Device,2,4,4,177,"[0, 0, 0, 98, 0, 16, 0, 0]"
2628.061869,Unknown Device,2,4,4,183,"[0, 0, 224, 8, 0, 0, 0, 0]"
2628.062114,Unknown Device,2,4,2,177,"[0, 0, 0, 98, 0, 16, 230, 255]"
2628.062287,Unknown Device,2,4,2,183,"[0, 0, 64, 7, 0, 0, 0, 0]"
2628.063891,Unknown Device,2,5,9,736,"[0, 0, 149, 6, 0, 24, 32, 0]"
2628.064079,Unknown Device,2,4,1,177,"[0, 0, 0, 226, 0, 16, 240, 255]"
2628.06428,Unknown Device,2,4,1,183,"[0, 0, 128, 248, 255, 255, 0, 0]"
2628.065784,Unknown Device,8,5,21,96,"[0, 0, 0, 0, 0, 0, 0, 0]"
2628.065929,Unknown Device,8,5,21,97,"[0, 0, 0, 0, 0, 0, 0, 192]"
2628.066074,Unknown Device,8,5,21,98,"[0, 0, 0, 64, 0, 0, 0, 192]"
2628.066218,Unknown Device,8,5,21,99,"[0, 0, 112, 0, 0, 0, 0, 240]"
2628.066362,Unknown Device,8,5,21,100,"[36, 38, 24, 250, 0, 192, 125, 0]"
2628.066752,Unknown Device,2,4,3,177,"[0, 0, 0, 226, 0, 16, 254, 255]"
2628.066939,Unknown Device,2,4,3,183,"[0, 0, 224, 251, 255, 255, 0, 0]"
2628.067084,Unknown Device,2,5,7,736,"[0, 0, 121, 6, 0, 24, 48, 0]"
2628.067228,Unknown Device,2,5,7,738,"[0, 0, 0, 128, 0, 0, 0, 128]"
2628.069384,Unknown Device,2,5,0,97,"[0, 0, 0, 0, 30, 49, 6, 0]"
2628.069527,Unknown Device,2,5,0,98,"[0, 0, 0, 0, 0, 0, 0, 0]"
2628.069674,Unknown Device,2,5,0,100,"[0, 0, 0, 0, 0, 0, 0, 0]"
2628.070015,Unknown Device,21,4,20,180,"[5, 0, 0, 80, 255, 9, 128, 1]"
2628.070383,Unknown Device,2,5,0,96,"[0, 0, 0, 0, 128, 3, 16, 0]"
2628.070526,Unknown Device,2,5,0,736,"[0, 0, 164, 6, 0, 24, 0, 0]"
2628.070673,Unknown Device,0,4,63,1,"[52, 94, 170, 126, 95, 128, 117, 226]"
2628.070886,Unknown Device,2,5,9,738,"[0, 0, 0, 0, 179, 149, 136, 63]"
2628.071693,Unknown Device,2,4,4,177,"[0, 0, 0, 98, 0, 16, 247, 255]"
2628.072098,Unknown Device,2,4,2,177,"[0, 0, 0, 98, 0, 16, 231, 255]"
2628.073335,Unknown Device,2,5,10,736,"[0, 0, 165, 6, 0, 23, 32, 0]"
2628.073478,Unknown Device,2,5,8,736,"[0, 0, 166, 6, 0, 24, 48, 0]"
2628.073632,Unknown Device,2,5,8,738,"[0, 0, 0, 128, 0, 0, 0, 128]"
2628.073888,Unknown Device,2,5,9,736,"[0, 0, 150, 6, 0, 24, 32, 0]"
2628.074116,Unknown Device,2,4,1,177,"[0, 0, 0, 226, 0, 16, 252, 255]"
2628.076557,Unknown Device,2,4,3,177,"[0, 0, 0, 226, 0, 16, 13, 0]"
2628.07778,Unknown Device,2,5,5,736,"[0, 0, 132, 6, 0, 24, 48, 0]"
2628.077931,Unknown Device,2,5,5,738,"[246, 124, 160, 51, 0, 0, 0, 128]"
2628.0789,Unknown Device,2,5,6,736,"[0, 0, 156, 6, 0, 24, 48, 0]"
2628.079044,Unknown Device,2,5,6,738,"[0, 0, 0, 128, 0, 0, 0, 128]"
2628.079765,Unknown Device,1,1,0,97,"[152, 175, 212, 126, 1, 0, 0, 255]"
2628.080001,Unknown Device,21,4,20,180,"[5, 0, 0, 80, 255, 9, 128, 1]"
2628.080152,Unknown Device,21,4,20,195,"[241, 31, 7, 208, 253, 47, 0, 5]"
2628.080316,Unknown Device,21,4,20,196,"[27, 1, 228, 0, 32, 127, 0, 0]"
2628.080459,Unknown Device,2,5,0,96,"[0, 0, 0, 0, 128, 3, 16, 0]"
2628.080599,Unknown Device,21,4,20,199,"[11, 0, 192, 255, 255, 192, 255, 15]"
2628.080742,Unknown Device,21,4,20,200,"[164, 0, 116, 0, 204, 63, 0, 4]"
2628.081683,Unknown Device,2,4,4,177,"[0, 0, 0, 98, 0, 16, 252, 255]"
2628.081848,Unknown Device,2,4,4,183,"[0, 0, 224, 8, 0, 0, 0, 0]"
2628.08224,Unknown Device,2,4,2,177,"[0, 0, 0, 98, 0, 16, 239, 255]"
2628.082405,Unknown Device,2,4,2,183,"[0, 0, 64, 7, 0, 0, 0, 0]"
2628.083874,Unknown Device,2,5,9,736,"[0, 0, 149, 6, 0, 24, 32, 0]"
2628.084046,Unknown Device,2,4,1,177,"[0, 0, 0, 226, 0, 16, 244, 255]"
2628.084212,Unknown Device,2,4,1,183,"[0, 0, 128, 248, 255, 255, 0, 0]"
2628.085778,Unknown Device,8,5,21,96,"[0, 0, 0, 0, 0, 0, 0, 0]"
2628.08593,Unknown Device,8,5,21,97,"[0, 0, 0, 0, 0, 0, 0, 192]"
2628.086083,Unknown Device,8,5,21,98,"[0, 0, 0, 64, 0, 0, 0, 192]"
2628.086213,Unknown Device,8,5,21,99,"[0, 0, 112, 0, 0, 0, 0, 240]"
2628.086351,Unknown Device,8,5,21,100,"[36, 38, 24, 250, 0, 192, 125, 0]"
2628.086706,Unknown Device,2,4,3,177,"[0, 0, 0, 226, 0, 16, 17, 0]"
2628.086844,Unknown Device,2,5,5,737,"[0, 0, 0, 0, 0, 64, 0, 0]"
2628.086989,Unknown Device,2,4,3,183,"[0, 0, 224, 251, 255, 255, 0, 0]"
2628.087141,Unknown Device,2,5,7,736,"[0, 0, 121, 6, 0, 24, 48, 0]"
2628.087293,Unknown Device,2,5,7,738,"[0, 0, 0, 128, 0, 0, 0, 128]"
2628.089366,Unknown Device,2,5,0,97,"[0, 0, 0, 0, 30, 48, 6, 0]"
2628.089511,Unknown Device,2,5,0,98,"[0, 0, 0, 0, 0, 0, 0, 0]"
2628.089658,Unknown Device,2,5,0,100,"[0, 0, 0, 0, 0, 0, 0, 0]"
2628.090011,Unknown Device,21,4,20,180,"[5, 0, 0, 80, 255, 9, 128, 1]"
2628.09039,Unknown Device,2,5,0,96,"[0, 0, 0, 0, 128, 3, 16, 0]"
2628.09052,Unknown Device,2,5,0,736,"[0, 0, 164, 6, 0, 24, 0, 0]"
2628.09089,Unknown Device,2,5,9,738,"[0, 0, 0, 0, 179, 149, 136, 63]"
2628.091651,Unknown Device,2,4,4,177,"[0, 0, 0, 98, 0, 16, 251, 255]"
2628.092188,Unknown Device,2,4,2,177,"[0, 0, 0, 98, 0, 16, 237, 255]"
2628.093342,Unknown Device,2,5,10,736,"[0, 0, 164, 6, 0, 23, 32, 0]"
2628.093486,Unknown Device,2,5,8,736,"[0, 0, 165, 6, 0, 24, 48, 0]"
2628.093657,Unknown Device,2,5,8,738,"[0, 0, 0, 128, 0, 0, 0, 128]"
2628.093886,Unknown Device,2,5,9,736,"[0, 0, 148, 6, 0, 24, 32, 0]"
2628.09406,Unknown Device,2,4,1,177,"[0, 0, 0, 226, 0, 16, 249, 255]"
2628.096362,Unknown Device,2,5,0,99,"[0, 0, 0, 0, 0, 0, 0, 0]"
2628.096603,Unknown Device,2,4,3,177,"[0, 0, 0, 226, 0, 16, 251, 255]"
2628.097773,Unknown Device,2,5,5,736,"[0, 0, 131, 6, 0, 24, 48, 0]"
2628.097902,Unknown Device,2,5,5,738,"[246, 124, 160, 51, 0, 0, 0, 128]"
2628.098904,Unknown Device,2,5,6,736,"[0, 0, 156, 6, 0, 24, 48, 0]"
2628.09905,Unknown Device,2,5,6,738,"[0, 0, 0, 128, 0, 0, 0, 128]"
2628.100016,Unknown Device,21,4,20,180,"[4, 0, 0, 80, 255, 9, 128, 1]"
2628.10016,Unknown Device,21,4,20,195,"[241, 31, 7, 208, 253, 47, 0, 5]"
2628.100375,Unknown Device,2,5,0,96,"[0, 0, 0, 0, 128, 3, 16, 0]"
2628.100915,Unknown Device,1,1,0,97,"[152, 175, 212, 126, 1, 0, 0, 255]"
2628.101686,Unknown Device,2,4,4,177,"[0, 0, 0, 98, 0, 16, 4, 0]"
2628.101896,Unknown Device,2,4,4,183,"[0, 0, 224, 8, 0, 0, 0, 0]"
2628.102083,Unknown Device,2,4,2,177,"[0, 0, 0, 98, 0, 16, 243, 255]"
2628.102299,Unknown Device,2,4,2,183,"[0, 0, 64, 7, 0, 0, 0, 0]"
2628.103912,Unknown Device,2,5,9,736,"[0, 0, 150, 6, 0, 24, 32, 0]"
2628.104043,Unknown Device,2,4,1,177,"[0, 0, 0, 226, 0, 16, 238, 255]"
2628.104243,Unknown Device,2,4,1,183,"[0, 0, 128, 248, 255, 255, 0, 0]"
2628.105778,Unknown Device,8,5,21,96,"[0, 0, 0, 0, 0, 0, 0, 0]"
2628.105924,Unknown Device,8,5,21,97,"[0, 0, 0, 0, 0, 0, 0, 192]"
2628.106068,Unknown Device,8,5,21,98,"[0, 0, 0, 64, 0, 0, 0, 192]"
2628.106213,Unknown Device,8,5,21,99,"[0, 0, 112, 0, 0, 0, 0, 240]"
2628.10635,Unknown Device,8,5,21,100,"[36, 38, 24, 250, 0, 192, 125, 0]"
2628.106684,Unknown Device,2,4,3,177,"[0, 0, 0, 226, 0, 16, 255, 255]"
2628.10685,Unknown Device,2,4,3,183,"[0, 0, 224, 251, 255, 255, 0, 0]"
2628.106995,Unknown Device,2,5,7,736,"[0, 0, 121, 6, 0, 24, 48, 0]"
2628.107139,Unknown Device,2,5,7,738,"[0, 0, 0, 128, 0, 0, 0, 128]"
2628.109367,Unknown Device,2,5,0,97,"[0, 0, 0, 0, 30, 48, 6, 0]"
2628.109505,Unknown Device,2,5,0,98,"[0, 0, 0, 0, 0, 0, 0, 0]"
2628.109653,Unknown Device,2,5,0,100,"[0, 0, 0, 0, 0, 0, 0, 0]"
2628.110005,Unknown Device,21,4,20,180,"[4, 0, 0, 80, 255, 9, 128, 1]"
2628.110363,Unknown Device,2,5,0,96,"[0, 0, 0, 0, 128, 3, 16, 0]"
2628.110507,Unknown Device,2,5,0,736,"[0, 0, 165, 6, 0, 24, 0, 0]"
2628.110862,Unknown Device,2,5,9,738,"[0, 0, 0, 0, 179, 149, 136, 63]"
2628.111625,Unknown Device,0,4,63,1,"[52, 94, 169, 126, 118, 56, 212, 217]"
2628.111769,Unknown Device,2,4,4,177,"[0, 0, 0, 98, 0, 16, 251, 255]"
2628.112235,Unknown Device,2,4,2,177,"[0, 0, 0, 98, 0, 16, 248, 255]"
2628.113324,Unknown Device,2,5,10,736,"[0, 0, 165, 6, 0, 23, 32, 0]"
2628.113462,Unknown Device,2,5,8,736,"[0, 0, 166, 6, 0, 24, 48, 0]"
2628.113611,Unknown Device,2,5,8,738,"[0, 0, 0, 128, 0, 0, 0, 128]"
2628.113876,Unknown Device,2,5,9,736,"[0, 0, 150, 6, 0, 24, 32, 0]"
2628.114063,Unknown Device,2,4,1,177,"[0, 0, 0, 226, 0, 16, 237, 255]"
2628.116627,Unknown Device,2,4,3,177,"[0, 0, 0, 226, 0, 16, 0, 0]"
2628.117759,Unknown Device,2,5,5,736,"[0, 0, 132, 6, 0, 24, 48, 0]"
2628.117901,Unknown Device,2,5,5,738,"[246, 124, 160, 51, 0, 0, 0, 128]"
2628.118894,Unknown Device,2,5,6,736,"[0, 0, 157, 6, 0, 24, 48, 0]"
2628.119039,Unknown Device,2,5,6,738,"[0, 0, 0, 128, 0, 0, 0, 128]"
2628.120011,Unknown Device,21,4,20,180,"[4, 0, 0, 80, 255, 9, 128, 1]"
2628.120154,Unknown Device,21,4,20,195,"[241, 95, 7, 208, 253, 47, 0, 5]"
2628.120353,Unknown Device,2,5,0,96,"[0, 0, 0, 0, 128, 3, 16, 0]"
2628.121582,Unknown Device,2,4,4,177,"[0, 0, 0, 98, 0, 16, 8, 0]"
2628.121772,Unknown Device,2,4,4,183,"[0, 0, 224, 8, 0, 0, 0, 0]"
2628.121986,Unknown Device,1,1,0,97,"[152, 175, 212, 126, 1, 0, 0, 255]"
2628.122143,Unknown Device,2,4,2,177,"[0, 0, 0, 98, 0, 16, 249, 255]"
2628.122336,Unknown Device,2,4,2,183,"[0, 0, 64, 7, 0, 0, 0, 0]"
2628.123402,Unknown Device,2,5,8,737,"[0, 0, 0, 0, 0, 64, 0, 0]"
2628.123859,Unknown Device,2,5,9,736,"[0, 0, 149, 6, 0, 24, 32, 0]"
2628.124072,Unknown Device,2,4,1,177,"[0, 0, 0, 226, 0, 16, 248, 255]"
2628.12428,Unknown Device,2,4,1,183,"[0, 0, 128, 248, 255, 255, 0, 0]"
2628.125777,Unknown Device,8,5,21,96,"[0, 0, 0, 0, 0, 0, 0, 0]"
2628.125921,Unknown Device,8,5,21,97,"[0, 0, 0, 0, 0, 0, 0, 192]"
2628.126064,Unknown Device,8,5,21,98,"[0, 0, 0, 64, 0, 0, 0, 192]"
2628.126207,Unknown Device,8,5,21,99,"[0, 0, 112, 0, 0, 0, 0, 240]"
2628.126344,Unknown Device,8,5,21,100,"[36, 38, 24, 250, 0, 192, 125, 0]"
2628.126682,Unknown Device,2,4,3,177,"[0, 0, 0, 226, 0, 16, 10, 0]"
2628.126867,Unknown Device,2,4,3,183,"[0, 0, 224, 251, 255, 255, 0, 0]"
2628.127011,Unknown Device,2,5,7,736,"[0, 0, 121, 6, 0, 24, 48, 0]"
2628.127154,Unknown Device,2,5,7,738,"[0, 0, 0, 128, 0, 0, 0, 128]"
2628.129352,Unknown Device,2,5,0,97,"[0, 0, 0, 0, 30, 48, 6, 0]"
2628.129497,Unknown Device,2,5,0,98,"[0, 0, 0, 0, 0, 0, 0, 0]"
2628.129645,Unknown Device,2,5,0,100,"[0, 0, 0, 0, 0, 0, 0, 0]"
2628.130011,Unknown Device,21,4,20,180,"[4, 0, 0, 80, 255, 9, 128, 1]"
2628.130362,Unknown Device,2,5,0,96,"[0, 0, 0, 0, 128, 3, 16, 0]"
2628.1305,Unknown Device,2,5,0,736,"[0, 0, 165, 6, 0, 24, 0, 0]"
2628.130856,Unknown Device,2,5,9,738,"[0, 0, 0, 0, 179, 149, 136, 63]"
2628.131717,Unknown Device,2,4,4,177,"[0, 0, 0, 98, 0, 16, 249, 255]"
2628.132098,Unknown Device,2,4,2,177,"[0, 0, 0, 98, 0, 16, 225, 255]"
2628.133313,Unknown Device,2,5,10,736,"[0, 0, 164, 6, 0, 23, 32, 0]"
2628.133459,Unknown Device,2,5,8,736,"[0, 0, 165, 6, 0, 24, 48, 0]"
2628.133607,Unknown Device,2,5,8,738,"[0, 0, 0, 128, 0, 0, 0, 128]"
2628.133858,Unknown Device,2,5,9,736,"[0, 0, 149, 6, 0, 24, 32, 0]"
2628.13406,Unknown Device,2,4,1,177,"[0, 0, 0, 226, 0, 16, 240, 255]"
2628.136602,Unknown Device,2,4,3,177,"[0, 0, 0, 226, 0, 16, 248, 255]"
2628.137749,Unknown Device,2,5,5,736,"[0, 0, 131, 6, 0, 24, 48, 0]"
2628.137894,Unknown Device,2,5,5,738,"[246, 124, 160, 51, 0, 0, 0, 128]"
2628.138875,Unknown Device,2,5,6,736,"[0, 0, 156, 6, 0, 24, 48, 0]"
2628.139022,Unknown Device,2,5,6,738,"[0, 0, 0, 128, 0, 0, 0, 128]"
2628.139998,Unknown Device,21,4,20,180,"[4, 0, 0, 80, 255, 9, 128, 1]"
2628.140143,Unknown Device,21,4,20,195,"[241, 95, 7, 208, 253, 47, 0, 5]"
2628.140343,Unknown Device,2,5,0,96,"[0, 0, 0, 0, 128, 3, 16, 0]"
2628.141597,Unknown Device,2,4,4,177,"[0, 0, 0, 98, 0, 16, 245, 255]"
2628.141772,Unknown Device,2,4,4,183,"[0, 0, 224, 8, 0, 0, 0, 0]"
2628.142158,Unknown Device,2,4,2,177,"[0, 0, 0, 98, 0, 16, 234, 255]"
2628.142339,Unknown Device,2,4,2,183,"[0, 0, 64, 7, 0, 0, 0, 0]"
2628.143222,Unknown Device,1,1,0,97,"[152, 175, 212, 126, 1, 0, 0, 255]"
2628.143841,Unknown Device,2,5,9,96,"[0, 0, 255, 255, 255, 255, 0, 0]"
2628.143987,Unknown Device,2,5,9,736,"[0, 0, 149, 6, 0, 24, 32, 0]"
2628.14413,Unknown Device,2,4,1,177,"[0, 0, 0, 226, 0, 16, 3, 0]"
2628.144274,Unknown Device,2,5,9,737,"[0, 0, 0, 8, 0, 64, 0, 0]"
2628.144412,Unknown Device,2,4,1,183,"[0, 0, 128, 248, 255, 255, 0, 0]"
2628.145777,Unknown Device,8,5,21,96,"[0, 0, 0, 0, 0, 0, 0, 0]"
2628.14592,Unknown Device,8,5,21,97,"[0, 0, 0, 0, 0, 0, 0, 192]"
2628.146064,Unknown Device,8,5,21,98,"[0, 0, 0, 64, 0, 0, 0, 192]"
2628.146216,Unknown Device,8,5,21,99,"[0, 0, 112, 0, 0, 0, 0, 240]"
2628.146346,Unknown Device,2,5,0,99,"[0, 0, 0, 0, 0, 0, 0, 0]"
2628.14649,Unknown Device,8,5,21,100,"[36, 38, 24, 250, 0, 192, 125, 0]"
2628.146675,Unknown Device,2,4,3,177,"[0, 0, 0, 226, 0, 16, 255, 255]"
2628.146862,Unknown Device,2,4,3,183,"[0, 0, 224, 251, 255, 255, 0, 0]"
2628.147001,Unknown Device,2,5,7,736,"[0, 0, 121, 6, 0, 24, 48, 0]"
2628.147145,Unknown Device,2,5,7,738,"[0, 0, 0, 128, 0, 0, 0, 128]"
2628.149331,Unknown Device,2,5,0,97,"[0, 0, 0, 0, 30, 48, 6, 0]"
2628.149475,Unknown Device,2,5,0,98,"[0, 0, 0, 0, 0, 0, 0, 0]"
2628.149631,Unknown Device,2,5,0,100,"[0, 0, 0, 0, 0, 0, 0, 0]"
2628.150025,Unknown Device,21,4,20,180,"[4, 0, 0, 80, 255, 9, 128, 1]"
2628.150331,Unknown Device,2,5,0,96,"[0, 0, 0, 0, 128, 3, 16, 0]"
2628.150474,Unknown Device,2,5,0,736,"[0, 0, 165, 6, 0, 24, 0, 0]"
2628.150844,Unknown Device,2,5,9,738,"[0, 0, 0, 0, 179, 149, 136, 63]"
2628.151621,Unknown Device,2,4,4,177,"[0, 0, 0, 98, 0, 16, 249, 255]"
2628.152141,Unknown Device,2,4,2,177,"[0, 0, 0, 98, 0, 16, 238, 255]"
2628.152487,Unknown Device,0,4,63,1,"[52, 94, 168, 126, 121, 215, 178, 28]"
2628.153328,Unknown Device,2,5,10,736,"[0, 0, 165, 6, 0, 23, 32, 0]"
2628.153457,Unknown Device,2,5,8,736,"[0, 0, 165, 6, 0, 24, 48, 0]"
2628.153605,Unknown Device,2,5,8,738,"[0, 0, 0, 128, 0, 0, 0, 128]"
2628.153899,Unknown Device,2,5,9,736,"[0, 0, 149, 6, 0, 24, 32, 0]"
2628.154115,Unknown Device,2,4,1,177,"[0, 0, 0, 226, 0, 16, 244, 255]"
2628.15661,Unknown Device,2,4,3,177,"[0, 0, 0, 226, 0, 16, 2, 0]"
2628.157742,Unknown Device,2,5,5,736,"[0, 0, 132, 6, 0, 24, 48, 0]"
2628.157887,Unknown Device,2,5,5,738,"[246, 124, 160, 51, 0, 0, 0, 128]"
2628.158892,Unknown Device,2,5,6,736,"[0, 0, 156, 6, 0, 24, 48, 0]"
2628.159037,Unknown Device,2,5,6,738,"[0, 0, 0, 128, 0, 0, 0, 128]"
2628.160007,Unknown Device,21,4,20,180,"[5, 0, 0, 80, 255, 9, 128, 1]"
2628.160151,Unknown Device,21,4,20,195,"[241, 95, 7, 208, 253, 47, 0, 5]"
2628.160336,Unknown Device,2,5,0,96,"[0, 0, 0, 0, 128, 3, 16, 0]"
2628.161674,Unknown Device,2,4,4,177,"[0, 0, 0, 98, 0, 16, 251, 255]"
2628.161864,Unknown Device,2,4,4,183,"[0, 0, 224, 8, 0, 0, 0, 0]"
2628.162092,Unknown Device,2,4,2,177,"[0, 0, 0, 98, 0, 16, 230, 255]"
2628.162277,Unknown Device,2,4,2,183,"[0, 0, 64, 7, 0, 0, 0, 0]"
2628.163848,Unknown Device,2,5,9,736,"[0, 0, 149, 6, 0, 24, 32, 0]"
2628.164089,Unknown Device,2,4,1,177,"[0, 0, 0, 226, 0, 16, 231, 255]"
2628.164231,Unknown Device,1,1,0,97,"[152, 175, 212, 126, 1, 0, 0, 255]"
2628.164374,Unknown Device,2,4,1,183,"[0, 0, 128, 248, 255, 255, 0, 0]"
2628.164881,Unknown Device,2,5,6,737,"[0, 0, 0, 0, 0, 64, 0, 0]"
2628.165764,Unknown Device,8,5,21,96,"[0, 0, 0, 0, 0, 0, 0, 0]"
2628.165907,Unknown Device,8,5,21,97,"[0, 0, 0, 0, 0, 0, 0, 192]"
2628.166051,Unknown Device,8,5,21,98,"[0, 0, 0, 64, 0, 0, 0, 192]"
2628.166202,Unknown Device,8,5,21,99,"[0, 0, 112, 0, 0, 0, 0, 240]"
2628.166344,Unknown Device,8,5,21,100,"[36, 38, 24, 250, 0, 192, 125, 0]"
2628.166689,Unknown Device,2,4,3,177,"[0, 0, 0, 226, 0, 16, 16, 0]"
2628.166868,Unknown Device,2,4,3,183,"[0, 0, 224, 251, 255, 255, 0, 0]"
2628.167011,Unknown Device,2,5,7,736,"[0, 0, 121, 6, 0, 24, 48, 0]"
2628.167154,Unknown Device,2,5,7,738,"[0, 0, 0, 128, 0, 0, 0, 128]"
2628.169327,Unknown Device,2,5,0,97,"[0, 0, 0, 0, 30, 48, 6, 0]"
2628.169478,Unknown Device,2,5,0,98,"[0, 0, 0, 0, 0, 0, 0, 0]"
2628.169625,Unknown Device,2,5,0,100,"[0, 0, 0, 0, 0, 0, 0, 0]"
2628.169973,Unknown Device,21,4,20,180,"[5, 0, 0, 80, 255, 9, 128, 1]"
2628.170328,Unknown Device,2,5,0,96,"[0, 0, 0, 0, 128, 3, 16, 0]"
2628.170479,Unknown Device,2,5,0,736,"[0, 0, 165, 6, 0, 24, 0, 0]"
2628.170838,Unknown Device,2,5,9,738,"[0, 0, 0, 0, 179, 149, 136, 63]"
2628.171664,Unknown Device,2,4,4,177,"[0, 0, 0, 98, 0, 16, 255, 255]"
2628.172047,Unknown Device,2,4,2,177,"[0, 0, 0, 98, 0, 16, 232, 255]"
2628.173305,Unknown Device,2,5,10,736,"[0, 0, 165, 6, 0, 23, 32, 0]"
2628.173448,Unknown Device,2,5,8,736,"[0, 0, 166, 6, 0, 24, 48, 0]"
2628.173595,Unknown Device,2,5,8,738,"[0, 0, 0, 128, 0, 0, 0, 128]"
2628.173858,Unknown Device,2,5,9,736,"[0, 0, 150, 6, 0, 24, 32, 0]"
2628.174101,Unknown Device,2,4,1,177,"[0, 0, 0, 226, 0, 16, 9, 0]"
2628.176581,Unknown Device,2,4,3,177,"[0, 0, 0, 226, 0, 16, 254, 255]"
2628.177742,Unknown Device,2,5,5,736,"[0, 0, 132, 6, 0, 24, 48, 0]"
2628.17788,Unknown Device,2,5,5,738,"[246, 124, 160, 51, 0, 0, 0, 128]"
2628.178876,Unknown Device,2,5,6,736,"[0, 0, 157, 6, 0, 24, 48, 0]"
2628.179015,Unknown Device,2,5,6,738,"[0, 0, 0, 128, 0, 0, 0, 128]"
2628.179997,Unknown Device,21,4,20,180,"[5, 0, 0, 80, 255, 9, 128, 1]"
2628.180149,Unknown Device,21,4,20,195,"[241, 95, 7, 224, 253, 47, 0, 5]"
2628.180307,Unknown Device,21,4,20,196,"[22, 1, 233, 0, 32, 127, 0, 0]"
2628.180452,Unknown Device,2,5,0,96,"[0, 0, 0, 0, 128, 3, 16, 0]"
2628.180594,Unknown Device,21,4,20,199,"[237, 255, 175, 255, 255, 225, 255, 15]"
2628.180738,Unknown Device,21,4,20,200,"[168, 0, 116, 0, 228, 63, 0, 4]"
2628.181332,Unknown Device,2,5,0,101,"[0, 0, 0, 0, 0, 0, 16, 0]"
2628.181476,Unknown Device,2,5,0,102,"[0, 0, 0, 0, 0, 0, 0, 0]"
2628.181661,Unknown Device,2,4,4,177,"[0, 0, 0, 98, 0, 16, 245, 255]"
2628.181833,Unknown Device,2,4,4,183,"[0, 0, 224, 8, 0, 0, 0, 0]"
2628.182228,Unknown Device,2,4,2,177,"[0, 0, 0, 98, 0, 16, 236, 255]"
2628.182401,Unknown Device,2,4,2,183,"[0, 0, 64, 7, 0, 0, 0, 0]"
2628.183864,Unknown Device,2,5,9,736,"[0, 0, 149, 6, 0, 24, 32, 0]"
2628.184017,Unknown Device,2,4,1,177,"[0, 0, 0, 226, 0, 16, 254, 255]"
2628.184204,Unknown Device,2,4,1,183,"[0, 0, 128, 248, 255, 255, 0, 0]"
2628.185044,Unknown Device,1,1,0,97,"[152, 175, 212, 126, 1, 0, 0, 255]"
2628.185763,Unknown Device,8,5,21,96,"[0, 0, 0, 0, 0, 0, 0, 0]"
2628.185907,Unknown Device,8,5,21,97,"[0, 0, 0, 0, 0, 0, 0, 192]"
2628.186052,Unknown Device,8,5,21,98,"[0, 0, 0, 64, 0, 0, 0, 192]"
2628.186189,Unknown Device,8,5,21,99,"[0, 0, 112, 0, 0, 0, 0, 240]"
2628.186333,Unknown Device,8,5,21,100,"[36, 38, 24, 250, 0, 192, 125, 0]"
2628.186595,Unknown Device,2,4,3,177,"[0, 0, 0, 226, 0, 16, 253, 255]"
2628.18679,Unknown Device,2,4,3,183,"[0, 0, 224, 251, 255, 255, 0, 0]"
2628.186978,Unknown Device,2,5,7,736,"[0, 0, 121, 6, 0, 24, 48, 0]"
2628.187122,Unknown Device,2,5,7,738,"[0, 0, 0, 128, 0, 0, 0, 128]"
2628.189336,Unknown Device,2,5,0,97,"[0, 0, 0, 0, 30, 48, 6, 0]"
2628.189466,Unknown Device,2,5,0,98,"[0, 0, 0, 0, 0, 0, 0, 0]"
2628.189614,Unknown Device,2,5,0,100,"[0, 0, 0, 0, 0, 0, 0, 0]"
2628.190336,Unknown Device,2,5,0,96,"[0, 0, 0, 0, 128, 3, 16, 0]"
2628.190466,Unknown Device,2,5,0,736,"[0, 0, 165, 6, 0, 24, 0, 0]"
2628.190608,Unknown Device,21,4,20,180,"[5, 0, 0, 80, 255, 9, 128, 1]"
2628.191159,Unknown Device,2,5,9,738,"[0, 0, 0, 0, 179, 149, 136, 63]"
2628.191642,Unknown Device,2,4,4,177,"[0, 0, 0, 98, 0, 16, 244, 255]"
2628.192157,Unknown Device,2,4,2,177,"[0, 0, 0, 98, 0, 16, 239, 255]"
2628.193304,Unknown Device,2,5,10,736,"[0, 0, 165, 6, 0, 23, 32, 0]"
2628.193442,Unknown Device,2,5,8,736,"[0, 0, 165, 6, 0, 24, 48, 0]"
2628.19359,Unknown Device,0,4,63,1,"[52, 94, 170, 121, 23, 103, 216, 31]"
2628.193734,Unknown Device,2,5,8,738,"[0, 0, 0, 128, 0, 0, 0, 128]"
2628.193878,Unknown Device,2,5,9,736,"[0, 0, 149, 6, 0, 24, 32, 0]"
2628.194059,Unknown Device,2,4,1,177,"[0, 0, 0, 226, 0, 16, 234, 255]"
2628.196328,Unknown Device,2,5,0,99,"[0, 0, 0, 0, 0, 0, 0, 0]"
2628.196555,Unknown Device,2,4,3,177,"[0, 0, 0, 226, 0, 16, 6, 0]"
2628.197759,Unknown Device,2,5,5,736,"[0, 0, 131, 6, 0, 24, 48, 0]"
2628.197888,Unknown Device,2,5,5,738,"[246, 124, 160, 51, 0, 0, 0, 128]"
2628.198878,Unknown Device,2,5,6,736,"[0, 0, 156, 6, 0, 24, 48, 0]"
2628.199023,Unknown Device,2,5,6,738,"[0, 0, 0, 128, 0, 0, 0, 128]"
2628.200326,Unknown Device,2,5,0,96,"[0, 0, 0, 0, 128, 3, 16, 0]"
2628.200464,Unknown Device,21,4,20,180,"[5, 0, 0, 80, 255, 9, 128, 1]"
2628.200612,Unknown Device,21,4,20,195,"[241, 95, 7, 208, 253, 47, 0, 5]"
2628.201702,Unknown Device,2,4,4,177,"[0, 0, 0, 98, 0, 16, 255, 255]"
2628.201888,Unknown Device,2,4,4,183,"[0, 0, 224, 8, 0, 0, 0, 0]"
2628.202112,Unknown Device,2,4,2,177,"[0, 0, 0, 98, 0, 16, 247, 255]"
2628.202299,Unknown Device,2,4,2,183,"[0, 0, 64, 7, 0, 0, 0, 0]"
2628.20387,Unknown Device,2,5,9,736,"[0, 0, 150, 6, 0, 24, 32, 0]"
2628.204043,Unknown Device,2,4,1,177,"[0, 0, 0, 226, 0, 16, 252, 255]"
2628.204222,Unknown Device,2,4,1,183,"[0, 0, 128, 248, 255, 255, 0, 0]"
2628.205752,Unknown Device,8,5,21,96,"[0, 0, 0, 0, 0, 0, 0, 0]"
2628.205894,Unknown Device,1,1,0,97,"[152, 175, 212, 126, 1, 0, 0, 255]"
2628.206038,Unknown Device,8,5,21,97,"[0, 0, 0, 0, 0, 0, 0, 192]"
2628.206181,Unknown Device,8,5,21,98,"[0, 0, 0, 64, 0, 0, 0, 192]"
2628.206332,Unknown Device,8,5,21,99,"[0, 0, 112, 0, 0, 0, 0, 240]"
2628.206474,Unknown Device,8,5,21,100,"[37, 38, 24, 250, 0, 192, 125, 0]"
2628.206621,Unknown Device,2,4,3,177,"[0, 0, 0, 226, 0, 16, 253, 255]"
2628.206792,Unknown Device,2,4,3,183,"[0, 0, 224, 251, 255, 255, 0, 0]"
2628.206963,Unknown Device,2,5,7,736,"[0, 0, 121, 6, 0, 24, 48, 0]"
2628.207115,Unknown Device,2,5,7,738,"[0, 0, 0, 128, 0, 0, 0, 128]"
2628.209316,Unknown Device,2,5,0,97,"[0, 0, 0, 0, 30, 48, 6, 0]"
2628.209473,Unknown Device,2,5,0,98,"[0, 0, 0, 0, 0, 0, 0, 0]"
2628.20962,Unknown Device,2,5,0,100,"[0, 0, 0, 0, 0, 0, 0, 0]"
2628.210343,Unknown Device,2,5,0,96,"[0, 0, 0, 0, 128, 3, 16, 0]"
2628.210458,Unknown Device,2,5,0,736,"[0, 0, 166, 6, 0, 24, 0, 0]"
2628.210605,Unknown Device,21,4,20,180,"[5, 0, 0, 80, 255, 9, 128, 1]"
2628.210818,Unknown Device,2,5,9,738,"[0, 0, 0, 0, 179, 149, 136, 63]"
2628.211701,Unknown Device,2,4,4,177,"[0, 0, 0, 98, 0, 16, 0, 0]"
2628.212065,Unknown Device,2,4,2,177,"[0, 0, 0, 98, 0, 16, 237, 255]"
2628.213313,Unknown Device,2,5,10,736,"[0, 0, 165, 6, 0, 23, 32, 0]"
2628.213456,Unknown Device,2,5,8,736,"[0, 0, 166, 6, 0, 24, 48, 0]"
2628.213589,Unknown Device,2,5,8,738,"[0, 0, 0, 128, 0, 0, 0, 128]"
2628.213867,Unknown Device,2,5,9,736,"[0, 0, 150, 6, 0, 24, 32, 0]"
2628.214039,Unknown Device,2,4,1,177,"[0, 0, 0, 226, 0, 16, 234, 255]"
2628.216526,Unknown Device,2,4,3,177,"[0, 0, 0, 226, 0, 16, 253, 255]"
2628.217733,Unknown Device,2,5,5,736,"[0, 0, 131, 6, 0, 24, 48, 0]"
2628.217884,Unknown Device,2,5,5,738,"[246, 124, 160, 51, 0, 0, 0, 128]"
2628.218871,Unknown Device,2,5,6,736,"[0, 0, 155, 6, 0, 24, 48, 0]"
2628.219023,Unknown Device,2,5,6,738,"[0, 0, 0, 128, 0, 0, 0, 128]"
2628.220198,Unknown Device,21,4,20,180,"[6, 0, 0, 80, 255, 9, 128, 1]"
2628.220343,Unknown Device,2,5,0,96,"[0, 0, 0, 0, 128, 3, 16, 0]"
2628.220487,Unknown Device,21,4,20,195,"[241, 95, 7, 208, 253, 51, 0, 5]"
2628.221602,Unknown Device,2,4,4,177,"[0, 0, 0, 98, 0, 16, 251, 255]"
2628.221746,Unknown Device,2,4,4,183,"[0, 0, 224, 8, 0, 0, 0, 0]"
2628.222141,Unknown Device,2,4,2,177,"[0, 0, 0, 98, 0, 16, 3, 0]"
2628.222299,Unknown Device,2,4,2,183,"[0, 0, 64, 7, 0, 0, 0, 0]"
2628.223856,Unknown Device,2,5,9,736,"[0, 0, 149, 6, 0, 24, 32, 0]"
2628.224015,Unknown Device,2,4,1,177,"[0, 0, 0, 226, 0, 16, 0, 0]"
2628.224188,Unknown Device,2,4,1,183,"[0, 0, 128, 248, 255, 255, 0, 0]"
2628.225744,Unknown Device,8,5,21,96,"[0, 0, 0, 0, 0, 0, 0, 0]"
2628.225896,Unknown Device,8,5,21,97,"[0, 0, 0, 0, 0, 0, 0, 192]"
2628.226041,Unknown Device,8,5,21,98,"[0, 0, 0, 64, 0, 0, 0, 192]"
2628.226186,Unknown Device,8,5,21,99,"[0, 0, 112, 0, 0, 0, 0, 240]"
2628.226315,Unknown Device,8,5,21,100,"[37, 38, 24, 250, 0, 192, 125, 0]"
2628.226699,Unknown Device,2,4,3,177,"[0, 0, 0, 226, 0, 16, 11, 0]"
2628.226844,Unknown Device,1,1,0,97,"[152, 175, 212, 126, 1, 0, 0, 255]"
2628.226989,Unknown Device,2,4,3,183,"[0, 0, 224, 251, 255, 255, 0, 0]"
2628.227126,Unknown Device,2,5,7,736,"[0, 0, 121, 6, 0, 24, 48, 0]"
2628.227271,Unknown Device,2,5,7,738,"[0, 0, 0, 128, 0, 0, 0, 128]"
2628.229311,Unknown Device,2,5,0,97,"[0, 0, 0, 0, 30, 48, 6, 0]"
2628.229463,Unknown Device,2,5,0,98,"[0, 0, 0, 0, 0, 0, 0, 0]"
2628.229612,Unknown Device,2,5,0,100,"[0, 0, 0, 0, 0, 0, 0, 0]"
2628.230106,Unknown Device,21,4,20,180,"[6, 0, 0, 80, 255, 9, 128, 1]"
2628.230321,Unknown Device,2,5,0,96,"[0, 0, 0, 0, 128, 3, 16, 0]"
2628.230451,Unknown Device,2,5,0,736,"[0, 0, 165, 6, 0, 24, 0, 0]"
2628.230849,Unknown Device,2,5,9,738,"[0, 0, 0, 0, 179, 149, 136, 63]"
2628.231697,Unknown Device,2,4,4,177,"[0, 0, 0, 98, 0, 16, 252, 255]"
2628.232084,Unknown Device,2,4,2,177,"[0, 0, 0, 98, 0, 16, 236, 255]"
2628.233295,Unknown Device,2,5,10,736,"[0, 0, 164, 6, 0, 23, 32, 0]"
2628.233439,Unknown Device,2,5,8,736,"[0, 0, 165, 6, 0, 24, 48, 0]"
2628.233587,Unknown Device,2,5,8,738,"[0, 0, 0, 128, 0, 0, 0, 128]"
2628.233853,Unknown Device,2,5,9,736,"[0, 0, 149, 6, 0, 24, 32, 0]"
2628.234026,Unknown Device,2,4,1,177,"[0, 0, 0, 226, 0, 16, 238, 255]"
2628.234831,Unknown Device,0,4,63,1,"[52, 94, 169, 124, 179, 166, 84, 168]"
2628.236658,Unknown Device,2,4,3,177,"[0, 0, 0, 226, 0, 16, 20, 0]"
2628.237733,Unknown Device,2,5,5,736,"[0, 0, 131, 6, 0, 24, 48, 0]"
2628.237863,Unknown Device,2,5,5,738,"[246, 124, 160, 51, 0, 0, 0, 128]"
2628.238868,Unknown Device,2,5,6,736,"[0, 0, 156, 6, 0, 24, 48, 0]"
2628.239013,Unknown Device,2,5,6,738,"[0, 0, 0, 128, 0, 0, 0, 128]"
2628.240002,Unknown Device,21,4,20,180,"[6, 0, 0, 80, 255, 9, 128, 1]"
2628.240146,Unknown Device,21,4,20,195,"[241, 95, 7, 208, 253, 51, 0, 5]"
2628.240333,Unknown Device,2,5,0,96,"[0, 0, 0, 0, 128, 3, 16, 0]"
2628.24164,Unknown Device,2,4,4,177,"[0, 0, 0, 98, 0, 16, 0, 0]"
2628.241807,Unknown Device,2,4,4,183,"[0, 0, 224, 8, 0, 0, 0, 0]"
2628.242179,Unknown Device,2,4,2,177,"[0, 0, 0, 98, 0, 16, 253, 255]"
2628.24236,Unknown Device,2,4,2,183,"[0, 0, 64, 7, 0, 0, 0, 0]"
2628.243428,Unknown Device,2,5,0,737,"[0, 0, 0, 8, 0, 64, 0, 0]"
2628.243853,Unknown Device,2,5,9,736,"[0, 0, 149, 6, 0, 24, 32, 0]"
2628.244041,Unknown Device,2,4,1,177,"[0, 0, 0, 226, 0, 16, 3, 0]"
2628.244221,Unknown Device,2,4,1,183,"[0, 0, 128, 248, 255, 255, 0, 0]"
2628.245742,Unknown Device,8,5,21,96,"[0, 0, 0, 0, 0, 0, 0, 0]"
2628.245894,Unknown Device,8,5,21,97,"[0, 0, 0, 0, 0, 0, 0, 192]"
2628.246039,Unknown Device,8,5,21,98,"[0, 0, 0, 64, 0, 0, 0, 192]"
2628.246184,Unknown Device,8,5,21,99,"[0, 0, 112, 0, 0, 0, 0, 240]"
2628.246321,Unknown Device,8,5,21,100,"[37, 38, 24, 250, 0, 192, 125, 0]"
2628.246466,Unknown Device,2,5,0,99,"[0, 0, 0, 0, 0, 0, 0, 0]"
2628.2466,Unknown Device,2,4,3,177,"[0, 0, 0, 226, 0, 16, 17, 0]"
2628.246787,Unknown Device,2,4,3,183,"[0, 0, 224, 251, 255, 255, 0, 0]"
2628.246967,Unknown Device,2,5,7,736,"[0, 0, 121, 6, 0, 24, 48, 0]"
2628.247112,Unknown Device,2,5,7,738,"[0, 0, 0, 128, 0, 0, 0, 128]"
2628.247595,Unknown Device,1,1,0,97,"[152, 175, 212, 126, 1, 0, 0, 255]"
2628.249302,Unknown Device,2,5,0,97,"[0, 0, 0, 0, 30, 47, 6, 0]"
2628.249453,Unknown Device,2,5,0,98,"[0, 0, 0, 0, 0, 0, 0, 0]"
2628.2496,Unknown Device,2,5,0,100,"[0, 0, 0, 0, 0, 0, 0, 0]"
2628.250005,Unknown Device,21,4,20,180,"[5, 0, 0, 80, 255, 9, 128, 1]"
2628.250345,Unknown Device,2,5,0,96,"[0, 0, 0, 0, 128, 3, 16, 0]"
2628.250492,Unknown Device,2,5,0,736,"[0, 0, 165, 6, 0, 24, 0, 0]"
2628.250841,Unknown Device,2,5,9,738,"[0, 0, 0, 0, 179, 149, 136, 63]"
2628.251638,Unknown Device,2,4,4,177,"[0, 0, 0, 98, 0, 16, 255, 255]"
2628.252142,Unknown Device,2,4,2,177,"[0, 0, 0, 98, 0, 16, 241, 255]"
2628.253293,Unknown Device,2,5,10,736,"[0, 0, 165, 6, 0, 23, 32, 0]"
2628.253436,Unknown Device,2,5,8,736,"[0, 0, 165, 6, 0, 24, 48, 0]"
2628.253583,Unknown Device,2,5,8,738,"[0, 0, 0, 128, 0, 0, 0, 128]"
2628.253847,Unknown Device,2,5,9,736,"[0, 0, 149, 6, 0, 24, 32, 0]"
2628.254075,Unknown Device,2,4,1,177,"[0, 0, 0, 226, 0, 16, 240, 255]"
2628.256654,Unknown Device,2,4,3,177,"[0, 0, 0, 226, 0, 16, 10, 0]"
2628.25774,Unknown Device,2,5,5,736,"[0, 0, 131, 6, 0, 24, 48, 0]"
2628.257877,Unknown Device,2,5,5,738,"[246, 124, 160, 51, 0, 0, 0, 128]"
2628.258859,Unknown Device,2,5,6,736,"[0, 0, 156, 6, 0, 24, 48, 0]"
2628.259002,Unknown Device,2,5,6,738,"[0, 0, 0, 128, 0, 0, 0, 128]"
2628.259983,Unknown Device,21,4,20,180,"[5, 0, 0, 80, 255, 9, 128, 1]"
2628.260098,Unknown Device,21,4,20,195,"[241, 95, 7, 208, 253, 51, 0, 5]"
2628.260311,Unknown Device,2,5,0,96,"[0, 0, 0, 0, 128, 3, 16, 0]"
2628.261686,Unknown Device,2,4,4,431,"[0, 0, 0, 0, 1, 26, 19, 0]"
2628.261843,Unknown Device,2,4,4,285,"[0, 0, 0, 0, 0, 0, 0, 0]"
2628.262071,Unknown Device,2,4,2,431,"[0, 0, 0, 0, 1, 26, 19, 0]"
2628.26225,Unknown Device,2,4,2,285,"[0, 0, 0, 0, 0, 0, 0, 0]"
2628.262449,Unknown Device,2,4,4,193,"[0, 243, 199, 46, 0, 0, 0, 0]"
2628.262596,Unknown Device,2,4,4,177,"[0, 0, 0, 98, 0, 16, 250, 255]"
2628.262803,Unknown Device,2,4,4,181,"[253, 127, 0, 128, 83, 22, 28, 24]"
2628.262959,Unknown Device,2,4,2,193,"[0, 243, 199, 46, 0, 0, 0, 0]"
2628.263103,Unknown Device,2,4,2,177,"[0, 0, 0, 98, 0, 16, 243, 255]"
2628.263245,Unknown Device,2,4,2,181,"[249, 127, 0, 128, 83, 23, 28, 24]"
2628.263396,Unknown Device,2,4,2,182,"[0, 0, 64, 189, 0, 0, 0, 0]"
2628.263543,Unknown Device,2,4,4,182,"[0, 0, 64, 231, 0, 0, 0, 0]"
2628.2637,Unknown Device,2,4,4,183,"[0, 0, 224, 8, 0, 0, 0, 0]"
2628.263843,Unknown Device,2,5,9,736,"[0, 0, 149, 6, 0, 24, 32, 0]"
2628.26398,Unknown Device,2,4,2,183,"[0, 0, 64, 7, 0, 0, 0, 0]"
2628.264125,Unknown Device,2,4,4,184,"[0, 0, 0, 0, 0, 0, 0, 128]"
2628.264269,Unknown Device,2,4,2,184,"[0, 0, 0, 0, 0, 0, 0, 128]"
2628.264399,Unknown Device,2,4,1,431,"[0, 0, 0, 0, 1, 26, 19, 0]"
2628.264541,Unknown Device,2,4,2,185,"[0, 0, 0, 0, 0, 0, 0, 128]"
2628.264685,Unknown Device,2,4,4,185,"[0, 0, 0, 0, 0, 0, 0, 128]"
2628.264872,Unknown Device,2,4,4,186,"[8, 0, 0, 0, 0, 0, 0, 0]"
2628.26501,Unknown Device,2,4,1,285,"[0, 0, 0, 0, 0, 0, 0, 0]"
2628.265154,Unknown Device,2,4,2,186,"[8, 0, 0, 0, 0, 0, 0, 0]"
2628.265299,Unknown Device,2,4,1,193,"[0, 243, 199, 46, 0, 0, 0, 0]"
2628.265443,Unknown Device,2,4,2,187,"[0, 0, 4, 0, 0, 0, 0, 0]"
2628.265599,Unknown Device,2,4,4,187,"[0, 0, 4, 0, 0, 0, 0, 0]"
2628.265757,Unknown Device,8,5,21,96,"[0, 0, 0, 0, 0, 0, 0, 0]"
2628.265887,Unknown Device,2,4,1,177,"[0, 0, 0, 226, 0, 16, 252, 255]"
2628.266032,Unknown Device,8,5,21,97,"[0, 0, 0, 0, 0, 0, 0, 192]"
2628.26617,Unknown Device,2,4,1,181,"[254, 127, 0, 128, 83, 22, 28, 24]"
2628.266329,Unknown Device,8,5,21,98,"[0, 0, 0, 64, 0, 0, 0, 192]"
2628.266473,Unknown Device,2,4,1,182,"[0, 0, 192, 62, 255, 255, 0, 0]"
2628.266614,Unknown Device,8,5,21,99,"[0, 0, 112, 0, 0, 0, 0, 240]"
2628.26673,Unknown Device,2,4,3,431,"[0, 0, 0, 0, 1, 26, 19, 0]"
2628.266873,Unknown Device,8,5,21,100,"[37, 38, 24, 250, 0, 192, 125, 0]"
2628.267018,Unknown Device,2,4,1,183,"[0, 0, 128, 248, 255, 255, 0, 0]"
2628.267155,Unknown Device,2,4,3,285,"[0, 0, 0, 0, 0, 0, 0, 0]"
2628.267314,Unknown Device,2,4,1,184,"[0, 0, 0, 0, 0, 0, 0, 128]"
2628.267458,Unknown Device,2,5,7,736,"[0, 0, 120, 6, 0, 24, 48, 0]"
2628.267592,Unknown Device,2,4,3,193,"[0, 243, 199, 46, 0, 0, 0, 0]"
2628.267744,Unknown Device,2,5,7,738,"[0, 0, 0, 128, 0, 0, 0, 128]"
2628.267874,Unknown Device,2,4,3,177,"[0, 0, 0, 226, 0, 16, 3, 0]"
2628.268019,Unknown Device,2,4,1,185,"[0, 0, 0, 0, 0, 0, 0, 128]"
2628.268214,Unknown Device,2,4,1,186,"[8, 0, 0, 0, 0, 0, 0, 0]"
2628.26849,Unknown Device,2,4,3,181,"[254, 127, 0, 128, 83, 21, 27, 25]"
2628.268634,Unknown Device,1,1,0,97,"[152, 175, 212, 126, 1, 0, 0, 255]"
2628.268772,Unknown Device,2,4,3,182,"[0, 0, 64, 152, 255, 255, 0, 0]"
2628.268916,Unknown Device,2,4,3,183,"[0, 0, 224, 251, 255, 255, 0, 0]"
2628.269061,Unknown Device,2,4,1,187,"[0, 0, 4, 0, 0, 0, 0, 0]"
2628.269327,Unknown Device,2,5,0,97,"[0, 0, 0, 0, 30, 48, 6, 0]"
2628.269471,Unknown Device,2,5,0,98,"[0, 0, 0, 0, 0, 0, 0, 0]"
2628.26962,Unknown Device,2,4,3,184,"[0, 0, 0, 0, 0, 0, 0, 128]"
2628.269772,Unknown Device,2,5,0,100,"[0, 0, 0, 0, 0, 0, 0, 0]"
2628.269902,Unknown Device,2,4,3,185,"[0, 0, 0, 0, 0, 0, 0, 128]"
2628.270047,Unknown Device,21,4,20,180,"[5, 0, 0, 80, 255, 9, 128, 1]"
2628.270341,Unknown Device,2,5,0,96,"[0, 0, 0, 0, 128, 3, 16, 0]"
2628.27047,Unknown Device,2,5,0,736,"[0, 0, 164, 6, 0, 24, 0, 0]"
2628.270618,Unknown Device,2,4,3,186,"[8, 0, 0, 0, 0, 0, 0, 0]"
2628.270762,Unknown Device,2,4,3,187,"[0, 0, 4, 0, 0, 0, 0, 0]"
2628.2709,Unknown Device,2,5,9,738,"[0, 0, 0, 0, 179, 149, 136, 63]"
2628.271639,Unknown Device,2,4,4,177,"[0, 0, 0, 98, 0, 16, 245, 255]"
2628.272034,Unknown Device,2,4,2,177,"[0, 0, 0, 98, 0, 16, 246, 255]"
2628.273323,Unknown Device,2,5,10,736,"[0, 0, 164, 6, 0, 23, 32, 0]"
2628.273467,Unknown Device,2,5,8,736,"[0, 0, 165, 6, 0, 24, 48, 0]"
2628.273609,Unknown Device,2,5,8,738,"[0, 0, 0, 128, 0, 0, 0, 128]"
2628.273996,Unknown Device,2,5,9,736,"[0, 0, 149, 6, 0, 24, 32, 0]"
2628.274133,Unknown Device,2,4,1,177,"[0, 0, 0, 226, 0, 16, 10, 0]"
2628.275759,Unknown Device,0,4,63,1,"[52, 94, 169, 127, 108, 128, 58, 136]"
2628.27667,Unknown Device,2,4,3,177,"[0, 0, 0, 226, 0, 16, 3, 0]"
2628.277731,Unknown Device,2,5,5,736,"[0, 0, 130, 6, 0, 24, 48, 0]"
2628.277861,Unknown Device,2,5,5,738,"[246, 124, 160, 51, 0, 0, 0, 128]"
2628.278863,Unknown Device,2,5,6,736,"[0, 0, 156, 6, 0, 24, 48, 0]"
2628.279008,Unknown Device,2,5,6,738,"[0, 0, 0, 128, 0, 0, 0, 128]"
2628.279926,Unknown Device,21,4,20,431,"[0, 0, 0, 0, 1, 26, 19, 0]"
2628.280085,Unknown Device,21,4,20,285,"[0, 0, 0, 0, 0, 64, 0, 0]"
2628.280237,Unknown Device,21,4,20,180,"[5, 0, 0, 80, 255, 9, 128, 1]"
2628.280381,Unknown Device,2,5,0,96,"[0, 0, 0, 0, 128, 3, 16, 0]"
2628.280515,Unknown Device,21,4,20,195,"[241, 95, 7, 208, 253, 51, 0, 5]"
2628.280674,Unknown Device,21,4,20,196,"[25, 1, 232, 0, 32, 127, 0, 0]"
2628.280826,Unknown Device,21,4,20,197,"[122, 29, 0, 22, 96, 0, 0, 255]"
2628.280985,Unknown Device,21,4,20,198,"[251, 255, 207, 255, 255, 3, 0, 144]"
2628.281129,Unknown Device,21,4,20,199,"[6, 0, 208, 0, 0, 254, 255, 15]"
2628.281281,Unknown Device,21,4,20,203,"[0, 0, 0, 0, 0, 0, 0, 0]"
2628.281425,Unknown Device,21,4,20,200,"[104, 0, 132, 0, 244, 63, 0, 4]"
2628.281588,Unknown Device,21,4,20,202,"[137, 98, 0, 0, 0, 0, 0, 0]"
2628.281732,Unknown Device,21,4,20,205,"[0, 0, 0, 0, 0, 0, 0, 0]"
2628.281884,Unknown Device,2,4,4,177,"[0, 0, 0, 98, 0, 16, 0, 0]"
2628.282028,Unknown Device,21,4,20,206,"[166, 255, 48, 0, 166, 2, 0, 0]"
2628.282229,Unknown Device,2,4,2,177,"[0, 0, 0, 98, 0, 16, 255, 255]"
2628.282466,Unknown Device,2,4,4,183,"[0, 0, 224, 8, 0, 0, 0, 0]"
2628.282891,Unknown Device,2,4,2,183,"[0, 0, 64, 7, 0, 0, 0, 0]"
2628.283845,Unknown Device,2,5,9,736,"[0, 0, 149, 6, 0, 24, 32, 0]"
2628.28404,Unknown Device,2,4,1,177,"[0, 0, 0, 226, 0, 16, 2, 0]"
2628.284227,Unknown Device,2,4,1,183,"[0, 0, 128, 248, 255, 255, 0, 0]"
2628.284385,Unknown Device,2,5,0,103,"[0, 0, 0, 0, 0, 0, 0, 0]"
2628.285743,Unknown Device,8,5,21,96,"[0, 0, 0, 0, 0, 0, 0, 0]"
2628.285887,Unknown Device,8,5,21,97,"[0, 0, 0, 0, 0, 0, 0, 192]"
2628.286031,Unknown Device,8,5,21,98,"[0, 0, 0, 64, 0, 0, 0, 192]"
2628.286169,Unknown Device,8,5,21,99,"[0, 0, 112, 0, 0, 0, 0, 240]"
2628.286313,Unknown Device,2,5,10,737,"[0, 0, 0, 0, 0, 64, 0, 0]"
2628.286456,Unknown Device,8,5,21,100,"[36, 38, 24, 250, 0, 192, 125, 0]"
2628.286598,Unknown Device,2,4,3,177,"[0, 0, 0, 226, 0, 16, 255, 255]"
2628.28677,Unknown Device,2,4,3,183,"[0, 0, 224, 251, 255, 255, 0, 0]"
2628.286943,Unknown Device,2,5,7,736,"[0, 0, 120, 6, 0, 24, 48, 0]"
2628.287088,Unknown Device,2,5,7,738,"[0, 0, 0, 128, 0, 0, 0, 128]"
2628.289316,Unknown Device,2,5,0,97,"[0, 0, 0, 0, 30, 48, 6, 0]"
