timestamp,id,data
2626.239267,33929222,"[0, 0, 153, 6, 0, 24, 48, 0]"
2626.239411,33929350,"[0, 0, 0, 128, 0, 0, 0, 128]"
2626.239768,33888256,"[0, 0, 0, 0, 128, 3, 16, 0]"
2626.240316,352595220,"[3, 0, 0, 80, 255, 9, 128, 1]"
2626.240474,352596180,"[241, 31, 7, 192, 253, 47, 0, 5]"
2626.241994,33827908,"[0, 0, 0, 98, 0, 16, 240, 255]"
2626.242167,33828292,"[0, 0, 224, 8, 0, 0, 0, 0]"
2626.24249,33827906,"[0, 0, 0, 98, 0, 16, 247, 255]"
2626.242648,33828290,"[0, 0, 64, 7, 0, 0, 0, 0]"
2626.243845,33929280,"[0, 0, 0, 8, 0, 64, 0, 0]"
2626.244286,33929225,"[0, 0, 148, 6, 0, 23, 32, 0]"
2626.244453,33827905,"[0, 0, 0, 226, 0, 16, 243, 255]"
2626.244611,33828289,"[0, 0, 128, 248, 255, 255, 0, 0]"
2626.246188,134551573,"[0, 0, 0, 0, 0, 0, 0, 0]"
2626.246332,134551637,"[0, 0, 0, 0, 0, 0, 0, 192]"
2626.246476,134551701,"[0, 0, 0, 64, 0, 0, 0, 192]"
2626.246614,134551765,"[0, 0, 112, 0, 0, 0, 0, 240]"
2626.246772,33888448,"[0, 0, 0, 0, 0, 0, 0, 0]"
2626.24691,134551829,"[34, 38, 24, 250, 0, 192, 125, 0]"
2626.247045,33827907,"[0, 0, 0, 226, 0, 16, 18, 0]"
2626.247225,33828291,"[0, 0, 224, 251, 255, 255, 0, 0]"
2626.247392,33929223,"[0, 0, 119, 6, 0, 24, 48, 0]"
2626.247536,33929351,"[0, 0, 0, 128, 0, 0, 0, 128]"
2626.249761,33888256,"[0, 0, 0, 0, 128, 3, 16, 0]"
2626.24989,33888320,"[0, 0, 0, 0, 30, 45, 6, 0]"
2626.250038,33888384,"[0, 0, 0, 0, 0, 0, 0, 0]"
2626.25019,33888512,"[0, 0, 0, 0, 0, 0, 0, 0]"
2626.250334,352595220,"[3, 0, 0, 80, 255, 8, 128, 1]"
2626.25085,33929216,"[0, 0, 161, 6, 0, 24, 0, 0]"
2626.251273,33929353,"[0, 0, 0, 0, 179, 149, 136, 63]"
2626.251968,33827908,"[0, 0, 0, 98, 0, 16, 2, 0]"
2626.252425,33827906,"[0, 0, 0, 98, 0, 16, 240, 255]"
2626.253728,33929226,"[0, 0, 162, 6, 0, 23, 32, 0]"
2626.253874,33929224,"[0, 0, 163, 6, 0, 24, 48, 0]"
2626.254022,33929352,"[0, 0, 0, 128, 0, 0, 0, 128]"
2626.254373,33827905,"[0, 0, 0, 226, 0, 16, 224, 255]"
2626.254692,33929225,"[0, 0, 146, 6, 0, 23, 32, 0]"
2626.255093,16848960,"[152, 174, 212, 126, 1, 0, 0, 255]"
2626.256941,33827907,"[0, 0, 0, 226, 0, 16, 249, 255]"
2626.258171,33929221,"[0, 0, 128, 6, 0, 24, 48, 0]"
2626.258315,33929349,"[246, 124, 160, 51, 0, 0, 0, 128]"
2626.259263,33929222,"[0, 0, 153, 6, 0, 24, 48, 0]"
2626.259409,33929350,"[0, 0, 0, 128, 0, 0, 0, 128]"
2626.25975,33888256,"[0, 0, 0, 0, 128, 3, 16, 0]"
2626.260328,352595220,"[4, 0, 0, 80, 255, 8, 128, 1]"
2626.260471,352596180,"[241, 31, 7, 192, 253, 47, 0, 5]"
2626.26198,33844164,"[0, 0, 0, 0, 1, 26, 19, 0]"
2626.262157,33834820,"[0, 0, 0, 0, 0, 0, 0, 0]"
2626.262459,33844162,"[0, 0, 0, 0, 1, 26, 19, 0]"
2626.26264,33834818,"[0, 0, 0, 0, 0, 0, 0, 0]"
2626.262865,33828932,"[0, 243, 199, 46, 0, 0, 0, 0]"
2626.263056,33827908,"[0, 0, 0, 98, 0, 16, 251, 255]"
2626.263194,33828164,"[253, 127, 0, 64, 83, 22, 29, 24]"
2626.263338,33828930,"[0, 243, 199, 46, 0, 0, 0, 0]"
2626.263539,33827906,"[0, 0, 0, 98, 0, 16, 5, 0]"
2626.263691,33828162,"[253, 127, 0, 64, 83, 23, 28, 24]"
2626.263835,33828228,"[0, 0, 64, 231, 0, 0, 0, 0]"
2626.264007,33828292,"[0, 0, 224, 8, 0, 0, 0, 0]"
2626.264193,33828356,"[0, 0, 0, 0, 0, 0, 0, 128]"
2626.26436,33828226,"[0, 0, 64, 189, 0, 0, 0, 0]"
2626.264475,33929225,"[0, 0, 146, 6, 0, 23, 32, 0]"
2626.26462,33828290,"[0, 0, 64, 7, 0, 0, 0, 0]"
2626.26475,33844161,"[0, 0, 0, 0, 1, 26, 19, 0]"
2626.264902,33828420,"[0, 0, 0, 0, 0, 0, 0, 128]"
2626.265122,33828484,"[8, 0, 0, 0, 0, 0, 0, 0]"
2626.265274,33828354,"[0, 0, 0, 0, 0, 0, 0, 128]"
2626.265418,33834817,"[0, 0, 0, 0, 0, 0, 0, 0]"
2626.265562,33828418,"[0, 0, 0, 0, 0, 0, 0, 128]"
2626.265714,33828929,"[0, 243, 199, 46, 0, 0, 0, 0]"
2626.265859,33828482,"[8, 0, 0, 0, 0, 0, 0, 0]"
2626.265993,33828548,"[0, 0, 4, 0, 0, 0, 0, 0]"
2626.266174,33827905,"[0, 0, 0, 226, 0, 16, 238, 255]"
2626.266318,33828161,"[247, 127, 0, 64, 83, 22, 28, 24]"
2626.266462,33828546,"[0, 0, 4, 0, 0, 0, 0, 0]"
2626.2666,33828225,"[0, 0, 192, 62, 255, 255, 0, 0]"
2626.266744,134551573,"[0, 0, 0, 0, 0, 0, 0, 0]"
2626.266888,134551637,"[0, 0, 0, 0, 0, 0, 0, 192]"
2626.267045,134551701,"[0, 0, 0, 64, 0, 0, 0, 192]"
2626.267161,33844163,"[0, 0, 0, 0, 1, 26, 19, 0]"
2626.267313,262271,"[52, 94, 169, 123, 253, 222, 187, 57]"
2626.267443,33828289,"[0, 0, 128, 248, 255, 255, 0, 0]"
2626.267587,33929223,"[0, 0, 119, 6, 0, 24, 48, 0]"
2626.267739,33828353,"[0, 0, 0, 0, 0, 0, 0, 128]"
2626.267905,33834819,"[0, 0, 0, 0, 0, 0, 0, 0]"
2626.268026,33929351,"[0, 0, 0, 128, 0, 0, 0, 128]"
2626.268178,33828931,"[0, 243, 199, 46, 0, 0, 0, 0]"
2626.268308,33828417,"[0, 0, 0, 0, 0, 0, 0, 128]"
2626.26846,134551765,"[0, 0, 112, 0, 0, 0, 0, 240]"
2626.268604,33828481,"[8, 0, 0, 0, 0, 0, 0, 0]"
2626.268756,33828545,"[0, 0, 4, 0, 0, 0, 0, 0]"
2626.268886,33827907,"[0, 0, 0, 226, 0, 16, 253, 255]"
2626.269028,134551829,"[34, 38, 24, 250, 0, 192, 125, 0]"
2626.269171,33828163,"[254, 127, 0, 64, 83, 21, 28, 25]"
2626.269753,33888256,"[0, 0, 0, 0, 128, 3, 16, 0]"
2626.269896,33828227,"[0, 0, 64, 152, 255, 255, 0, 0]"
2626.270044,33888320,"[0, 0, 0, 0, 30, 45, 6, 0]"
2626.27018,33828291,"[0, 0, 224, 251, 255, 255, 0, 0]"
2626.270323,33888384,"[0, 0, 0, 0, 0, 0, 0, 0]"
2626.270474,33828355,"[0, 0, 0, 0, 0, 0, 0, 128]"
2626.270617,33888512,"[0, 0, 0, 0, 0, 0, 0, 0]"
2626.270753,352595220,"[4, 0, 0, 80, 255, 8, 128, 1]"
2626.270904,33929216,"[0, 0, 163, 6, 0, 24, 0, 0]"
2626.271052,33828419,"[0, 0, 0, 0, 0, 0, 0, 128]"
2626.271259,33828483,"[8, 0, 0, 0, 0, 0, 0, 0]"
2626.271401,33929353,"[0, 0, 0, 0, 179, 149, 136, 63]"
2626.27189,33828547,"[0, 0, 4, 0, 0, 0, 0, 0]"
2626.27208,33827908,"[0, 0, 0, 98, 0, 16, 237, 255]"
2626.272428,33827906,"[0, 0, 0, 98, 0, 16, 17, 0]"
2626.273728,33929226,"[0, 0, 163, 6, 0, 23, 32, 0]"
2626.273879,33929224,"[0, 0, 163, 6, 0, 24, 48, 0]"
2626.274013,33929352,"[0, 0, 0, 128, 0, 0, 0, 128]"
2626.274304,33929225,"[0, 0, 147, 6, 0, 23, 32, 0]"
2626.274469,33827905,"[0, 0, 0, 226, 0, 16, 245, 255]"
2626.275853,16848960,"[152, 174, 212, 126, 1, 0, 0, 255]"
2626.276995,33827907,"[0, 0, 0, 226, 0, 16, 13, 0]"
2626.278168,33929221,"[0, 0, 129, 6, 0, 24, 48, 0]"
2626.27831,33929349,"[246, 124, 160, 51, 0, 0, 0, 128]"
2626.279249,33929222,"[0, 0, 154, 6, 0, 24, 48, 0]"
2626.279392,33929350,"[0, 0, 0, 128, 0, 0, 0, 128]"
2626.279754,33888256,"[0, 0, 0, 0, 128, 3, 16, 0]"
2626.280305,352611284,"[0, 0, 0, 0, 1, 26, 19, 0]"
2626.280461,352601940,"[0, 0, 0, 0, 0, 64, 0, 0]"
2626.280612,352595220,"[5, 0, 0, 80, 255, 8, 128, 1]"
2626.280755,352596180,"[241, 223, 6, 192, 253, 47, 0, 5]"
2626.280912,352596244,"[37, 1, 221, 0, 32, 127, 0, 0]"
2626.281068,352596308,"[124, 29, 0, 22, 48, 0, 0, 255]"
2626.281225,352596372,"[251, 255, 207, 255, 255, 3, 0, 144]"
2626.281368,352596436,"[175, 255, 255, 254, 255, 41, 0, 0]"
2626.281533,352596692,"[251, 255, 0, 0, 2, 0, 0, 0]"
2626.281675,352596500,"[196, 0, 116, 0, 252, 63, 0, 4]"
2626.281832,352596628,"[195, 97, 0, 0, 0, 0, 0, 0]"
2626.28198,352596820,"[0, 0, 0, 0, 0, 0, 0, 0]"
2626.282131,33827908,"[0, 0, 0, 98, 0, 16, 251, 255]"
2626.282259,352596884,"[168, 255, 48, 0, 168, 2, 0, 0]"
2626.282579,33827906,"[0, 0, 0, 98, 0, 16, 16, 0]"
2626.28275,33828290,"[0, 0, 64, 7, 0, 0, 0, 0]"
2626.282893,33828292,"[0, 0, 224, 8, 0, 0, 0, 0]"
2626.284295,33929225,"[0, 0, 147, 6, 0, 23, 32, 0]"
2626.28444,33827905,"[0, 0, 0, 226, 0, 16, 227, 255]"
2626.28472,33828289,"[0, 0, 128, 248, 255, 255, 0, 0]"
2626.284864,33888704,"[0, 0, 0, 0, 0, 0, 0, 0]"
2626.28618,134551573,"[0, 0, 0, 0, 0, 0, 0, 0]"
2626.286324,134551637,"[0, 0, 0, 0, 0, 0, 0, 192]"
2626.286469,134551701,"[0, 0, 0, 64, 0, 0, 0, 192]"
2626.28662,134551765,"[0, 0, 112, 0, 0, 0, 0, 240]"
2626.286764,33929290,"[0, 0, 0, 0, 0, 64, 0, 0]"
2626.286894,134551829,"[35, 38, 24, 250, 0, 192, 125, 0]"
2626.287043,33827907,"[0, 0, 0, 226, 0, 16, 254, 255]"
2626.287323,33828291,"[0, 0, 224, 251, 255, 255, 0, 0]"
2626.287467,33929351,"[0, 0, 0, 128, 0, 0, 0, 128]"
2626.287611,33929223,"[0, 0, 119, 6, 0, 24, 48, 0]"
2626.289739,33888256,"[0, 0, 0, 0, 128, 3, 16, 0]"
2626.289884,33888320,"[0, 0, 0, 0, 30, 45, 6, 0]"
2626.29004,33888384,"[0, 0, 0, 0, 0, 0, 0, 0]"
2626.290185,33888512,"[0, 0, 0, 0, 0, 0, 0, 0]"
2626.290365,352595220,"[5, 0, 0, 80, 255, 8, 128, 1]"
2626.290835,33929216,"[0, 0, 163, 6, 0, 24, 0, 0]"
2626.291262,33929353,"[0, 0, 0, 0, 179, 149, 136, 63]"
2626.291965,33827908,"[0, 0, 0, 98, 0, 16, 0, 0]"
2626.292403,33827906,"[0, 0, 0, 98, 0, 16, 10, 0]"
2626.293728,33929226,"[0, 0, 162, 6, 0, 23, 32, 0]"
2626.293872,33929224,"[0, 0, 163, 6, 0, 24, 48, 0]"
2626.294021,33929352,"[0, 0, 0, 128, 0, 0, 0, 128]"
2626.294301,33929225,"[0, 0, 147, 6, 0, 23, 32, 0]"
2626.294445,33827905,"[0, 0, 0, 226, 0, 16, 239, 255]"
2626.296701,16848960,"[152, 174, 212, 126, 1, 0, 0, 255]"
2626.296845,33888448,"[0, 0, 0, 0, 0, 0, 0, 0]"
2626.296988,33827907,"[0, 0, 0, 226, 0, 16, 5, 0]"
2626.298162,33929221,"[0, 0, 129, 6, 0, 24, 48, 0]"
2626.298292,33929349,"[246, 124, 160, 51, 0, 0, 0, 128]"
2626.299267,33929222,"[0, 0, 154, 6, 0, 24, 48, 0]"
2626.299405,33929350,"[0, 0, 0, 128, 0, 0, 0, 128]"
2626.299734,33888256,"[0, 0, 0, 0, 128, 3, 16, 0]"
2626.300326,352595220,"[5, 0, 0, 80, 255, 8, 128, 1]"
2626.30047,352596180,"[241, 223, 6, 176, 253, 47, 0, 5]"
2626.301985,33827908,"[0, 0, 0, 98, 0, 16, 253, 255]"
2626.302165,33828292,"[0, 0, 224, 8, 0, 0, 0, 0]"
2626.302493,33827906,"[0, 0, 0, 98, 0, 16, 2, 0]"
2626.302645,33828290,"[0, 0, 64, 7, 0, 0, 0, 0]"
2626.303386,33929287,"[0, 0, 0, 0, 0, 64, 0, 0]"
2626.30429,33929225,"[0, 0, 147, 6, 0, 23, 32, 0]"
2626.304428,33827905,"[0, 0, 0, 226, 0, 16, 239, 255]"
2626.304644,33828289,"[0, 0, 128, 248, 255, 255, 0, 0]"
2626.306172,134551573,"[0, 0, 0, 0, 0, 0, 0, 0]"
2626.306324,134551637,"[0, 0, 0, 0, 0, 0, 0, 192]"
2626.306468,134551701,"[0, 0, 0, 64, 0, 0, 0, 192]"
2626.306612,134551765,"[0, 0, 112, 0, 0, 0, 0, 240]"
2626.306742,134551829,"[35, 38, 24, 250, 0, 192, 125, 0]"
2626.306894,33827907,"[0, 0, 0, 226, 0, 16, 31, 0]"
2626.307086,33828291,"[0, 0, 224, 251, 255, 255, 0, 0]"
2626.30738,33929223,"[0, 0, 118, 6, 0, 24, 48, 0]"
2626.307525,33929351,"[0, 0, 0, 128, 0, 0, 0, 128]"
2626.30833,262271,"[52, 94, 169, 123, 37, 149, 91, 135]"
2626.309738,33888256,"[0, 0, 0, 0, 128, 3, 16, 0]"
2626.309882,33888320,"[0, 0, 0, 0, 30, 45, 6, 0]"
2626.310031,33888384,"[0, 0, 0, 0, 0, 0, 0, 0]"
2626.310175,33888512,"[0, 0, 0, 0, 0, 0, 0, 0]"
2626.310348,352595220,"[6, 0, 0, 80, 255, 8, 128, 1]"
2626.310833,33929216,"[0, 0, 162, 6, 0, 24, 0, 0]"
2626.311281,33929353,"[0, 0, 0, 0, 179, 149, 136, 63]"
2626.31197,33827908,"[0, 0, 0, 98, 0, 16, 251, 255]"
2626.31245,33827906,"[0, 0, 0, 98, 0, 16, 239, 255]"
2626.31371,33929226,"[0, 0, 162, 6, 0, 23, 32, 0]"
2626.313847,33929224,"[0, 0, 163, 6, 0, 24, 48, 0]"
2626.313996,33929352,"[0, 0, 0, 128, 0, 0, 0, 128]"
2626.314288,33929225,"[0, 0, 147, 6, 0, 23, 32, 0]"
2626.31443,33827905,"[0, 0, 0, 226, 0, 16, 9, 0]"
2626.316954,33827907,"[0, 0, 0, 226, 0, 16, 0, 0]"
2626.317691,16848960,"[152, 174, 212, 126, 1, 0, 0, 255]"
2626.318156,33929221,"[0, 0, 129, 6, 0, 24, 48, 0]"
2626.318299,33929349,"[246, 124, 160, 51, 0, 0, 0, 128]"
2626.319239,33929222,"[0, 0, 154, 6, 0, 24, 48, 0]"
2626.319389,33929350,"[0, 0, 0, 128, 0, 0, 0, 128]"
2626.319766,33888256,"[0, 0, 0, 0, 128, 3, 16, 0]"
2626.320288,352595220,"[6, 0, 0, 80, 255, 8, 128, 1]"
2626.320431,352596180,"[241, 159, 6, 176, 253, 51, 0, 5]"
2626.321996,33827908,"[0, 0, 0, 98, 0, 16, 255, 255]"
2626.322181,33828292,"[0, 0, 224, 8, 0, 0, 0, 0]"
2626.322515,33827906,"[0, 0, 0, 98, 0, 16, 248, 255]"
2626.322686,33828290,"[0, 0, 64, 7, 0, 0, 0, 0]"
2626.324289,33929225,"[0, 0, 147, 6, 0, 23, 32, 0]"
2626.324432,33827905,"[0, 0, 0, 226, 0, 16, 255, 255]"
2626.324589,33828289,"[0, 0, 128, 248, 255, 255, 0, 0]"
2626.326174,134551573,"[0, 0, 0, 0, 0, 0, 0, 0]"
2626.326317,134551637,"[0, 0, 0, 0, 0, 0, 0, 192]"
2626.32646,134551701,"[0, 0, 0, 64, 0, 0, 0, 192]"
2626.326596,134551765,"[0, 0, 112, 0, 0, 0, 0, 240]"
2626.326739,134551829,"[35, 38, 24, 250, 0, 192, 125, 0]"
2626.326957,33827907,"[0, 0, 0, 226, 0, 16, 251, 255]"
2626.327123,33828291,"[0, 0, 224, 251, 255, 255, 0, 0]"
2626.327378,33929223,"[0, 0, 118, 6, 0, 24, 48, 0]"
2626.327529,33929351,"[0, 0, 0, 128, 0, 0, 0, 128]"
2626.329737,33888256,"[0, 0, 0, 0, 128, 3, 16, 0]"
2626.329881,33888320,"[0, 0, 0, 0, 30, 46, 6, 0]"
2626.33003,33888384,"[0, 0, 0, 0, 0, 0, 0, 0]"
2626.330182,33888512,"[0, 0, 0, 0, 0, 0, 0, 0]"
2626.330312,352595220,"[6, 0, 0, 80, 255, 8, 128, 1]"
2626.330834,33929216,"[0, 0, 163, 6, 0, 24, 0, 0]"
2626.33129,33929353,"[0, 0, 0, 0, 179, 149, 136, 63]"
2626.331959,33827908,"[0, 0, 0, 98, 0, 16, 3, 0]"
2626.332447,33827906,"[0, 0, 0, 98, 0, 16, 22, 0]"
2626.333705,33929226,"[0, 0, 162, 6, 0, 23, 32, 0]"
2626.333857,33929224,"[0, 0, 163, 6, 0, 24, 48, 0]"
2626.333992,33929352,"[0, 0, 0, 128, 0, 0, 0, 128]"
2626.334287,33929225,"[0, 0, 147, 6, 0, 23, 32, 0]"
2626.334431,33827905,"[0, 0, 0, 226, 0, 16, 251, 255]"
2626.336954,33827907,"[0, 0, 0, 226, 0, 16, 0, 0]"
2626.337156,33929285,"[0, 0, 0, 0, 0, 64, 0, 0]"
2626.338168,33929221,"[0, 0, 128, 6, 0, 24, 48, 0]"
2626.338298,33929349,"[246, 124, 160, 51, 0, 0, 0, 128]"
2626.33847,16848960,"[152, 174, 212, 126, 1, 0, 0, 255]"
2626.339247,33929222,"[0, 0, 154, 6, 0, 24, 48, 0]"
2626.339391,33929350,"[0, 0, 0, 128, 0, 0, 0, 128]"
2626.339757,33888256,"[0, 0, 0, 0, 128, 3, 16, 0]"
2626.340291,352595220,"[6, 0, 0, 80, 255, 8, 128, 1]"
2626.340435,352596180,"[241, 159, 6, 176, 253, 51, 0, 5]"
2626.341992,33827908,"[0, 0, 0, 98, 0, 16, 3, 0]"
2626.342179,33828292,"[0, 0, 224, 8, 0, 0, 0, 0]"
2626.342459,33827906,"[0, 0, 0, 98, 0, 16, 11, 0]"
2626.34266,33828290,"[0, 0, 64, 7, 0, 0, 0, 0]"
2626.344282,33929225,"[0, 0, 146, 6, 0, 23, 32, 0]"
2626.344426,33827905,"[0, 0, 0, 226, 0, 16, 246, 255]"
2626.344598,33828289,"[0, 0, 128, 248, 255, 255, 0, 0]"
2626.346163,134551573,"[0, 0, 0, 0, 0, 0, 0, 0]"
2626.346308,134551637,"[0, 0, 0, 0, 0, 0, 0, 192]"
2626.346452,134551701,"[0, 0, 0, 64, 0, 0, 0, 192]"
2626.346604,134551765,"[0, 0, 112, 0, 0, 0, 0, 240]"
2626.346734,134551829,"[35, 38, 24, 250, 0, 192, 125, 0]"
2626.346878,33888448,"[0, 0, 0, 0, 0, 0, 0, 0]"
2626.347021,33827907,"[0, 0, 0, 226, 0, 16, 4, 0]"
2626.347179,33828291,"[0, 0, 224, 251, 255, 255, 0, 0]"
2626.34738,33929223,"[0, 0, 119, 6, 0, 24, 48, 0]"
2626.347518,33929351,"[0, 0, 0, 128, 0, 0, 0, 128]"
2626.349338,262271,"[52, 94, 169, 121, 37, 238, 119, 0]"
2626.349746,33888256,"[0, 0, 0, 0, 128, 3, 16, 0]"
2626.34989,33888320,"[0, 0, 0, 0, 30, 46, 6, 0]"
2626.35004,33888384,"[0, 0, 0, 0, 0, 0, 0, 0]"
2626.350192,33888512,"[0, 0, 0, 0, 0, 0, 0, 0]"
2626.350364,352595220,"[6, 0, 0, 80, 255, 8, 128, 1]"
2626.350829,33929216,"[0, 0, 162, 6, 0, 24, 0, 0]"
2626.351271,33929353,"[0, 0, 0, 0, 179, 149, 136, 63]"
2626.35199,33827908,"[0, 0, 0, 98, 0, 16, 1, 0]"
2626.352454,33827906,"[0, 0, 0, 98, 0, 16, 10, 0]"
2626.353722,33929226,"[0, 0, 161, 6, 0, 23, 32, 0]"
2626.353866,33929224,"[0, 0, 162, 6, 0, 24, 48, 0]"
2626.354001,33929352,"[0, 0, 0, 128, 0, 0, 0, 128]"
2626.354281,33929225,"[0, 0, 146, 6, 0, 23, 32, 0]"
2626.354426,33827905,"[0, 0, 0, 226, 0, 16, 238, 255]"
2626.356887,33827907,"[0, 0, 0, 226, 0, 16, 248, 255]"
2626.358146,33929221,"[0, 0, 129, 6, 0, 24, 48, 0]"
2626.358291,33929349,"[246, 124, 160, 51, 0, 0, 0, 128]"
2626.359258,33929222,"[0, 0, 153, 6, 0, 24, 48, 0]"
2626.359387,33929350,"[0, 0, 0, 128, 0, 0, 0, 128]"
2626.359748,33888256,"[0, 0, 0, 0, 128, 3, 16, 0]"
2626.360064,16848960,"[152, 174, 212, 126, 1, 0, 0, 255]"
2626.360314,352595220,"[6, 0, 0, 80, 255, 8, 128, 1]"
2626.360471,352596180,"[241, 223, 6, 176, 253, 51, 0, 5]"
2626.36201,33827908,"[0, 0, 0, 98, 0, 16, 250, 255]"
2626.362195,33828292,"[0, 0, 224, 8, 0, 0, 0, 0]"
2626.362501,33827906,"[0, 0, 0, 98, 0, 16, 17, 0]"
2626.362686,33828290,"[0, 0, 64, 7, 0, 0, 0, 0]"
2626.364279,33929225,"[0, 0, 148, 6, 0, 23, 32, 0]"
2626.364422,33827905,"[0, 0, 0, 226, 0, 16, 246, 255]"
2626.364672,33828289,"[0, 0, 128, 248, 255, 255, 0, 0]"
2626.366174,134551573,"[0, 0, 0, 0, 0, 0, 0, 0]"
2626.366303,134551637,"[0, 0, 0, 0, 0, 0, 0, 192]"
2626.366446,134551701,"[0, 0, 0, 64, 0, 0, 0, 192]"
2626.366596,134551765,"[0, 0, 112, 0, 0, 0, 0, 240]"
2626.366739,134551829,"[35, 38, 24, 250, 0, 192, 125, 0]"
2626.36691,33827907,"[0, 0, 0, 226, 0, 16, 244, 255]"
2626.367086,33828291,"[0, 0, 224, 251, 255, 255, 0, 0]"
2626.367377,33929223,"[0, 0, 119, 6, 0, 24, 48, 0]"
2626.36752,33929351,"[0, 0, 0, 128, 0, 0, 0, 128]"
2626.369749,33888256,"[0, 0, 0, 0, 128, 3, 16, 0]"
2626.369886,33888320,"[0, 0, 0, 0, 30, 46, 6, 0]"
2626.370034,33888384,"[0, 0, 0, 0, 0, 0, 0, 0]"
2626.370176,33888512,"[0, 0, 0, 0, 0, 0, 0, 0]"
2626.370341,352595220,"[5, 0, 0, 80, 255, 8, 128, 1]"
2626.370823,33929216,"[0, 0, 162, 6, 0, 24, 0, 0]"
2626.371259,33929353,"[0, 0, 0, 0, 179, 149, 136, 63]"
2626.371964,33827908,"[0, 0, 0, 98, 0, 16, 1, 0]"
2626.372426,33827906,"[0, 0, 0, 98, 0, 16, 243, 255]"
2626.373704,33929226,"[0, 0, 162, 6, 0, 23, 32, 0]"
2626.373846,33929224,"[0, 0, 163, 6, 0, 24, 48, 0]"
2626.373994,33929288,"[0, 0, 0, 0, 0, 64, 0, 0]"
2626.374139,33929352,"[0, 0, 0, 128, 0, 0, 0, 128]"
2626.374283,33929225,"[0, 0, 147, 6, 0, 23, 32, 0]"
2626.374441,33827905,"[0, 0, 0, 226, 0, 16, 248, 255]"
2626.376948,33827907,"[0, 0, 0, 226, 0, 16, 253, 255]"
2626.378139,33929221,"[0, 0, 129, 6, 0, 24, 48, 0]"
2626.378283,33929349,"[246, 124, 160, 51, 0, 0, 0, 128]"
2626.379228,33929222,"[0, 0, 154, 6, 0, 24, 48, 0]"
2626.379373,33929350,"[0, 0, 0, 128, 0, 0, 0, 128]"
2626.379752,33888256,"[0, 0, 0, 0, 128, 3, 16, 0]"
2626.380293,352595220,"[5, 0, 0, 80, 255, 8, 128, 1]"
2626.380438,352596180,"[241, 223, 6, 176, 253, 47, 0, 5]"
2626.380596,352596244,"[42, 1, 220, 0, 32, 127, 0, 0]"
2626.38074,352596436,"[37, 0, 96, 2, 0, 251, 255, 15]"
2626.380892,352596500,"[104, 0, 124, 0, 148, 63, 0, 4]"
2626.381041,16848960,"[152, 174, 212, 126, 1, 0, 0, 255]"
2626.381748,33888576,"[0, 0, 0, 0, 0, 0, 16, 0]"
2626.381893,33888640,"[0, 0, 0, 0, 0, 0, 0, 0]"
2626.382035,33827908,"[0, 0, 0, 98, 0, 16, 254, 255]"
2626.382265,33828292,"[0, 0, 224, 8, 0, 0, 0, 0]"
2626.382423,33827906,"[0, 0, 0, 98, 0, 16, 253, 255]"
2626.382631,33828290,"[0, 0, 64, 7, 0, 0, 0, 0]"
2626.384266,33929225,"[0, 0, 147, 6, 0, 23, 32, 0]"
2626.384418,33827905,"[0, 0, 0, 226, 0, 16, 236, 255]"
2626.384676,33828289,"[0, 0, 128, 248, 255, 255, 0, 0]"
2626.386154,134551573,"[0, 0, 0, 0, 0, 0, 0, 0]"
2626.386306,134551637,"[0, 0, 0, 0, 0, 0, 0, 192]"
2626.38645,134551701,"[0, 0, 0, 64, 0, 0, 0, 192]"
2626.386594,134551765,"[0, 0, 112, 0, 0, 0, 0, 240]"
2626.386723,134551829,"[35, 38, 24, 250, 0, 192, 125, 0]"
2626.386903,33827907,"[0, 0, 0, 226, 0, 16, 255, 255]"
2626.387095,33828291,"[0, 0, 224, 251, 255, 255, 0, 0]"
2626.387389,33929223,"[0, 0, 119, 6, 0, 24, 48, 0]"
2626.387519,33929351,"[0, 0, 0, 128, 0, 0, 0, 128]"
2626.389746,33888256,"[0, 0, 0, 0, 128, 3, 16, 0]"
2626.38989,33888320,"[0, 0, 0, 0, 30, 45, 6, 0]"
2626.390033,33888384,"[0, 0, 0, 0, 0, 0, 0, 0]"
2626.390177,33888512,"[0, 0, 0, 0, 0, 0, 0, 0]"
2626.390342,262271,"[52, 94, 169, 123, 241, 140, 9, 210]"
2626.390458,352595220,"[4, 0, 0, 80, 255, 8, 128, 1]"
2626.390815,33929216,"[0, 0, 162, 6, 0, 24, 0, 0]"
2626.391256,33929353,"[0, 0, 0, 0, 179, 149, 136, 63]"
2626.391953,33827908,"[0, 0, 0, 98, 0, 16, 3, 0]"
2626.392419,33827906,"[0, 0, 0, 98, 0, 16, 234, 255]"
2626.393694,33929226,"[0, 0, 162, 6, 0, 23, 32, 0]"
2626.393838,33929224,"[0, 0, 163, 6, 0, 24, 48, 0]"
2626.39398,33929352,"[0, 0, 0, 128, 0, 0, 0, 128]"
2626.394252,33929225,"[0, 0, 147, 6, 0, 23, 32, 0]"
2626.394395,33827905,"[0, 0, 0, 226, 0, 16, 236, 255]"
2626.394539,33929289,"[0, 0, 0, 8, 0, 64, 0, 0]"
2626.396745,33888448,"[0, 0, 0, 0, 0, 0, 0, 0]"
2626.397002,33827907,"[0, 0, 0, 226, 0, 16, 251, 255]"
2626.397217,33930249,"[0, 0, 0, 0, 235, 184, 17, 60]"
2626.398155,33929221,"[0, 0, 128, 6, 0, 24, 48, 0]"
2626.398292,33929349,"[246, 124, 160, 51, 0, 0, 0, 128]"
2626.399232,33929222,"[0, 0, 153, 6, 0, 24, 48, 0]"
2626.399376,33929350,"[0, 0, 0, 128, 0, 0, 0, 128]"
2626.399741,33888256,"[0, 0, 0, 0, 128, 3, 16, 0]"
2626.400297,352595220,"[4, 0, 0, 80, 255, 8, 128, 1]"
2626.400441,352596180,"[241, 31, 7, 176, 253, 47, 0, 5]"
2626.401989,33827908,"[0, 0, 0, 98, 0, 16, 254, 255]"
2626.402127,16848960,"[152, 174, 212, 126, 1, 0, 0, 255]"
2626.402271,33828292,"[0, 0, 224, 8, 0, 0, 0, 0]"
2626.402458,33827906,"[0, 0, 0, 98, 0, 16, 225, 255]"
2626.402666,33828290,"[0, 0, 64, 7, 0, 0, 0, 0]"
2626.404257,33929225,"[0, 0, 147, 6, 0, 23, 32, 0]"
2626.4044,33827905,"[0, 0, 0, 226, 0, 16, 244, 255]"
2626.404635,33828289,"[0, 0, 128, 248, 255, 255, 0, 0]"
2626.406155,134551573,"[0, 0, 0, 0, 0, 0, 0, 0]"
2626.406298,134551637,"[0, 0, 0, 0, 0, 0, 0, 192]"
2626.406449,134551701,"[0, 0, 0, 64, 0, 0, 0, 192]"
2626.406592,134551765,"[0, 0, 112, 0, 0, 0, 0, 240]"
2626.406734,134551829,"[35, 38, 24, 250, 0, 192, 125, 0]"
2626.407003,33827907,"[0, 0, 0, 226, 0, 16, 5, 0]"
2626.407174,33828291,"[0, 0, 224, 251, 255, 255, 0, 0]"
2626.407359,33929223,"[0, 0, 119, 6, 0, 24, 48, 0]"
2626.407502,33929351,"[0, 0, 0, 128, 0, 0, 0, 128]"
2626.409743,33888256,"[0, 0, 0, 0, 128, 3, 16, 0]"
2626.409886,33888320,"[0, 0, 0, 0, 30, 46, 6, 0]"
2626.410028,33888384,"[0, 0, 0, 0, 0, 0, 0, 0]"
2626.41017,33888512,"[0, 0, 0, 0, 0, 0, 0, 0]"
2626.410355,352595220,"[3, 0, 0, 80, 255, 8, 128, 1]"
2626.410817,33929216,"[0, 0, 163, 6, 0, 24, 0, 0]"
2626.411254,33929353,"[0, 0, 0, 0, 179, 149, 136, 63]"
2626.411931,33827908,"[0, 0, 0, 98, 0, 16, 242, 255]"
2626.412407,33827906,"[0, 0, 0, 98, 0, 16, 238, 255]"
2626.413711,33929226,"[0, 0, 163, 6, 0, 23, 32, 0]"
2626.413853,33929224,"[0, 0, 164, 6, 0, 24, 48, 0]"
2626.413995,33929352,"[0, 0, 0, 128, 0, 0, 0, 128]"
2626.414251,33929225,"[0, 0, 147, 6, 0, 23, 32, 0]"
2626.414393,33827905,"[0, 0, 0, 226, 0, 16, 253, 255]"
2626.415234,33929286,"[0, 0, 0, 0, 0, 64, 0, 0]"
2626.416886,33827907,"[0, 0, 0, 226, 0, 16, 248, 255]"
2626.418139,33929221,"[0, 0, 128, 6, 0, 24, 48, 0]"
2626.418282,33929349,"[246, 124, 160, 51, 0, 0, 0, 128]"
2626.419235,33929222,"[0, 0, 154, 6, 0, 24, 48, 0]"
2626.41938,33929350,"[0, 0, 0, 128, 0, 0, 0, 128]"
2626.419731,33888256,"[0, 0, 0, 0, 128, 3, 16, 0]"
2626.420301,352595220,"[3, 0, 0, 80, 255, 8, 128, 1]"
2626.420459,352596180,"[241, 31, 7, 176, 253, 47, 0, 5]"
2626.421958,33827908,"[0, 0, 0, 98, 0, 16, 5, 0]"
2626.422145,33828292,"[0, 0, 224, 8, 0, 0, 0, 0]"
2626.422474,33827906,"[0, 0, 0, 98, 0, 16, 239, 255]"
2626.42264,33828290,"[0, 0, 64, 7, 0, 0, 0, 0]"
2626.42304,16848960,"[152, 174, 212, 126, 1, 0, 0, 255]"
2626.424257,33929225,"[0, 0, 147, 6, 0, 23, 32, 0]"
2626.424387,33827905,"[0, 0, 0, 226, 0, 16, 244, 255]"
2626.424545,33828289,"[0, 0, 128, 248, 255, 255, 0, 0]"
2626.426158,134551573,"[0, 0, 0, 0, 0, 0, 0, 0]"
2626.426296,134551637,"[0, 0, 0, 0, 0, 0, 0, 192]"
2626.42644,134551701,"[0, 0, 0, 64, 0, 0, 0, 192]"
2626.426584,134551765,"[0, 0, 112, 0, 0, 0, 0, 240]"
2626.426728,134551829,"[35, 38, 24, 250, 0, 192, 125, 0]"
2626.427013,33827907,"[0, 0, 0, 226, 0, 16, 250, 255]"
2626.4272,33828291,"[0, 0, 224, 251, 255, 255, 0, 0]"
2626.427366,33929223,"[0, 0, 118, 6, 0, 24, 48, 0]"
2626.427511,33929351,"[0, 0, 0, 128, 0, 0, 0, 128]"
2626.429728,33888256,"[0, 0, 0, 0, 128, 3, 16, 0]"
2626.429873,33888320,"[0, 0, 0, 0, 30, 46, 6, 0]"
2626.430044,33888384,"[0, 0, 0, 0, 0, 0, 0, 0]"
2626.430174,33888512,"[0, 0, 0, 0, 0, 0, 0, 0]"
2626.430304,352595220,"[3, 0, 0, 80, 255, 8, 128, 1]"
2626.430812,33929216,"[0, 0, 162, 6, 0, 24, 0, 0]"
2626.431239,33929353,"[0, 0, 0, 0, 179, 149, 136, 63]"
2626.431383,262271,"[52, 94, 169, 124, 141, 128, 34, 9]"
2626.431966,33827908,"[0, 0, 0, 98, 0, 16, 246, 255]"
2626.432459,33827906,"[0, 0, 0, 98, 0, 16, 231, 255]"
2626.43369,33929226,"[0, 0, 162, 6, 0, 23, 32, 0]"
2626.433834,33929224,"[0, 0, 163, 6, 0, 24, 48, 0]"
2626.433977,33929352,"[0, 0, 0, 128, 0, 0, 0, 128]"
2626.434235,33929225,"[0, 0, 147, 6, 0, 23, 32, 0]"
2626.434379,33827905,"[0, 0, 0, 226, 0, 16, 5, 0]"
2626.436903,33827907,"[0, 0, 0, 226, 0, 16, 250, 255]"
2626.43814,33929221,"[0, 0, 129, 6, 0, 24, 48, 0]"
2626.43827,33929349,"[246, 124, 160, 51, 0, 0, 0, 128]"
2626.439232,33929222,"[0, 0, 154, 6, 0, 24, 48, 0]"
2626.439376,33929350,"[0, 0, 0, 128, 0, 0, 0, 128]"
2626.439727,33888256,"[0, 0, 0, 0, 128, 3, 16, 0]"
2626.440323,352595220,"[3, 0, 0, 80, 255, 8, 128, 1]"
2626.440467,352596180,"[241, 31, 7, 192, 253, 47, 0, 5]"
2626.441983,33827908,"[0, 0, 0, 98, 0, 16, 247, 255]"
2626.442141,33828292,"[0, 0, 224, 8, 0, 0, 0, 0]"
2626.442492,33827906,"[0, 0, 0, 98, 0, 16, 245, 255]"
2626.442679,33828290,"[0, 0, 64, 7, 0, 0, 0, 0]"
2626.444135,16848960,"[152, 174, 212, 126, 1, 0, 0, 255]"
2626.444279,33827905,"[0, 0, 0, 226, 0, 16, 248, 255]"
2626.444423,33929225,"[0, 0, 147, 6, 0, 23, 32, 0]"
2626.444567,33828289,"[0, 0, 128, 248, 255, 255, 0, 0]"
2626.446154,134551573,"[0, 0, 0, 0, 0, 0, 0, 0]"
2626.446298,134551637,"[0, 0, 0, 0, 0, 0, 0, 192]"
2626.446464,134551701,"[0, 0, 0, 64, 0, 0, 0, 192]"
2626.44658,134551765,"[0, 0, 112, 0, 0, 0, 0, 240]"
2626.446739,33888448,"[0, 0, 0, 0, 0, 0, 0, 0]"
2626.446869,134551829,"[33, 38, 24, 250, 0, 192, 125, 0]"
2626.447018,33827907,"[0, 0, 0, 226, 0, 16, 4, 0]"
2626.447269,33828291,"[0, 0, 224, 251, 255, 255, 0, 0]"
2626.447413,33929223,"[0, 0, 119, 6, 0, 24, 48, 0]"
2626.447557,33929351,"[0, 0, 0, 128, 0, 0, 0, 128]"
2626.449726,33888256,"[0, 0, 0, 0, 128, 3, 16, 0]"
2626.449869,33888320,"[0, 0, 0, 0, 30, 46, 6, 0]"
2626.450017,33888384,"[0, 0, 0, 0, 0, 0, 0, 0]"
2626.450168,33888512,"[0, 0, 0, 0, 0, 0, 0, 0]"
2626.450353,352595220,"[3, 0, 0, 80, 255, 8, 128, 1]"
2626.450814,33929216,"[0, 0, 162, 6, 0, 24, 0, 0]"
2626.451243,33929353,"[0, 0, 0, 0, 179, 149, 136, 63]"
2626.451968,33827908,"[0, 0, 0, 98, 0, 16, 241, 255]"
2626.452436,33827906,"[0, 0, 0, 98, 0, 16, 227, 255]"
2626.453686,33929226,"[0, 0, 163, 6, 0, 23, 32, 0]"
2626.453822,33929224,"[0, 0, 164, 6, 0, 24, 48, 0]"
2626.453969,33929352,"[0, 0, 0, 128, 0, 0, 0, 128]"
2626.45424,33929225,"[0, 0, 147, 6, 0, 23, 32, 0]"
2626.454391,33827905,"[0, 0, 0, 226, 0, 16, 237, 255]"
2626.456938,33827907,"[0, 0, 0, 226, 0, 16, 255, 255]"
2626.45814,33929221,"[0, 0, 128, 6, 0, 24, 48, 0]"
2626.458283,33929349,"[246, 124, 160, 51, 0, 0, 0, 128]"
2626.459212,33929222,"[0, 0, 153, 6, 0, 24, 48, 0]"
2626.45939,33929350,"[0, 0, 0, 128, 0, 0, 0, 128]"
2626.459716,33888256,"[0, 0, 0, 0, 128, 3, 16, 0]"
2626.460295,352595220,"[3, 0, 0, 80, 255, 8, 128, 1]"
2626.460438,352596180,"[241, 223, 6, 192, 253, 47, 0, 5]"
2626.461968,33827908,"[0, 0, 0, 98, 0, 16, 10, 0]"
2626.462154,33828292,"[0, 0, 224, 8, 0, 0, 0, 0]"
2626.462473,33827906,"[0, 0, 0, 98, 0, 16, 2, 0]"
2626.462658,33828290,"[0, 0, 64, 7, 0, 0, 0, 0]"
2626.464243,33929225,"[0, 0, 147, 6, 0, 23, 32, 0]"
2626.464373,33827905,"[0, 0, 0, 226, 0, 16, 246, 255]"
2626.464645,33828289,"[0, 0, 128, 248, 255, 255, 0, 0]"
2626.465158,16848960,"[152, 174, 212, 126, 1, 0, 0, 255]"
2626.466148,134551573,"[0, 0, 0, 0, 0, 0, 0, 0]"
2626.466292,134551637,"[0, 0, 0, 0, 0, 0, 0, 192]"
2626.466435,134551701,"[0, 0, 0, 64, 0, 0, 0, 192]"
2626.466579,134551765,"[0, 0, 112, 0, 0, 0, 0, 240]"
2626.466717,134551829,"[33, 38, 24, 250, 0, 192, 125, 0]"
2626.466936,33827907,"[0, 0, 0, 226, 0, 16, 254, 255]"
2626.467109,33828291,"[0, 0, 224, 251, 255, 255, 0, 0]"
2626.467346,33929351,"[0, 0, 0, 128, 0, 0, 0, 128]"
2626.46749,33929223,"[0, 0, 119, 6, 0, 24, 48, 0]"
2626.469717,33888256,"[0, 0, 0, 0, 128, 3, 16, 0]"
2626.469854,33888320,"[0, 0, 0, 0, 30, 46, 6, 0]"
2626.470003,33888384,"[0, 0, 0, 0, 0, 0, 0, 0]"
2626.470147,33888512,"[0, 0, 0, 0, 0, 0, 0, 0]"
2626.470767,352595220,"[3, 0, 0, 80, 255, 8, 128, 1]"
2626.470915,33929216,"[0, 0, 162, 6, 0, 24, 0, 0]"
2626.471224,33929353,"[0, 0, 0, 0, 179, 149, 136, 63]"
2626.471935,33827908,"[0, 0, 0, 98, 0, 16, 243, 255]"
2626.472415,33827906,"[0, 0, 0, 98, 0, 16, 244, 255]"
2626.472545,262271,"[52, 94, 169, 124, 207, 78, 232, 163]"
2626.473692,33929226,"[0, 0, 162, 6, 0, 23, 32, 0]"
2626.473835,33929224,"[0, 0, 163, 6, 0, 24, 48, 0]"
2626.473984,33929352,"[0, 0, 0, 128, 0, 0, 0, 128]"
2626.474263,33929225,"[0, 0, 147, 6, 0, 23, 32, 0]"
2626.474407,33827905,"[0, 0, 0, 226, 0, 16, 243, 255]"
2626.47684,33827907,"[0, 0, 0, 226, 0, 16, 254, 255]"
2626.478132,33929221,"[0, 0, 129, 6, 0, 24, 48, 0]"
2626.478261,33929349,"[246, 124, 160, 51, 0, 0, 0, 128]"
2626.479222,33929222,"[0, 0, 154, 6, 0, 24, 48, 0]"
2626.479366,33929350,"[0, 0, 0, 128, 0, 0, 0, 128]"
2626.479709,33888256,"[0, 0, 0, 0, 128, 3, 16, 0]"
2626.4807,352595220,"[4, 0, 0, 80, 255, 8, 128, 1]"
2626.480844,352596180,"[241, 223, 6, 192, 253, 47, 0, 5]"
2626.480993,352596244,"[38, 1, 219, 0, 32, 127, 0, 0]"
2626.481145,352596436,"[192, 255, 207, 254, 255, 32, 0, 0]"
2626.481303,352596500,"[140, 0, 140, 0, 216, 63, 0, 4]"
2626.482056,33827908,"[0, 0, 0, 98, 0, 16, 239, 255]"
2626.482236,33828292,"[0, 0, 224, 8, 0, 0, 0, 0]"
2626.482408,33827906,"[0, 0, 0, 98, 0, 16, 238, 255]"
2626.482623,33828290,"[0, 0, 64, 7, 0, 0, 0, 0]"
2626.484252,33929225,"[0, 0, 147, 6, 0, 23, 32, 0]"
2626.484396,33827905,"[0, 0, 0, 226, 0, 16, 243, 255]"
2626.48464,33828289,"[0, 0, 128, 248, 255, 255, 0, 0]"
2626.485898,16848960,"[152, 174, 212, 126, 1, 0, 0, 255]"
2626.48614,134551573,"[0, 0, 0, 0, 0, 0, 0, 0]"
2626.486284,134551637,"[0, 0, 0, 0, 0, 0, 0, 192]"
2626.486428,134551701,"[0, 0, 0, 64, 0, 0, 0, 192]"
2626.486572,134551765,"[0, 0, 112, 0, 0, 0, 0, 240]"
2626.48671,134551829,"[33, 38, 24, 250, 0, 192, 125, 0]"
2626.486929,33827907,"[0, 0, 0, 226, 0, 16, 247, 255]"
2626.487103,33828291,"[0, 0, 224, 251, 255, 255, 0, 0]"
2626.48734,33929223,"[0, 0, 119, 6, 0, 24, 48, 0]"
2626.487484,33929351,"[0, 0, 0, 128, 0, 0, 0, 128]"
2626.489716,33888256,"[0, 0, 0, 0, 128, 3, 16, 0]"
2626.489846,33888320,"[0, 0, 0, 0, 30, 45, 6, 0]"
2626.489995,33888384,"[0, 0, 0, 0, 0, 0, 0, 0]"
2626.490138,33888512,"[0, 0, 0, 0, 0, 0, 0, 0]"
2626.490703,352595220,"[4, 0, 0, 80, 255, 8, 128, 1]"
2626.490847,33929216,"[0, 0, 164, 6, 0, 24, 0, 0]"
2626.491217,33929353,"[0, 0, 0, 0, 179, 149, 136, 63]"
2626.492015,33827908,"[0, 0, 0, 98, 0, 16, 251, 255]"
2626.49238,33827906,"[0, 0, 0, 98, 0, 16, 0, 0]"
2626.493681,33929226,"[0, 0, 162, 6, 0, 23, 32, 0]"
2626.493824,33929224,"[0, 0, 163, 6, 0, 24, 48, 0]"
2626.493972,33929280,"[0, 0, 0, 8, 0, 64, 0, 0]"
2626.494124,33929352,"[0, 0, 0, 128, 0, 0, 0, 128]"
2626.494266,33929225,"[0, 0, 147, 6, 0, 23, 32, 0]"
2626.494437,33827905,"[0, 0, 0, 226, 0, 16, 245, 255]"
2626.496715,33888448,"[0, 0, 0, 0, 0, 0, 0, 0]"
2626.496946,33827907,"[0, 0, 0, 226, 0, 16, 7, 0]"
2626.498121,33929221,"[0, 0, 129, 6, 0, 24, 48, 0]"
2626.498264,33929349,"[246, 124, 160, 51, 0, 0, 0, 128]"
2626.499216,33929222,"[0, 0, 154, 6, 0, 24, 48, 0]"
2626.499359,33929350,"[0, 0, 0, 128, 0, 0, 0, 128]"
2626.499713,33888256,"[0, 0, 0, 0, 128, 3, 16, 0]"
2626.500524,352595220,"[5, 0, 0, 80, 255, 8, 128, 1]"
2626.500681,352596180,"[241, 223, 6, 176, 253, 47, 0, 5]"
2626.501926,33827908,"[0, 0, 0, 98, 0, 16, 2, 0]"
2626.502112,33828292,"[0, 0, 224, 8, 0, 0, 0, 0]"
2626.502452,33827906,"[0, 0, 0, 98, 0, 16, 253, 255]"
2626.502623,33828290,"[0, 0, 64, 7, 0, 0, 0, 0]"
2626.504256,33929225,"[0, 0, 147, 6, 0, 23, 32, 0]"
2626.504398,33827905,"[0, 0, 0, 226, 0, 16, 1, 0]"
2626.504611,33828289,"[0, 0, 128, 248, 255, 255, 0, 0]"
2626.506132,134551573,"[0, 0, 0, 0, 0, 0, 0, 0]"
2626.506274,134551637,"[0, 0, 0, 0, 0, 0, 0, 192]"
2626.506431,134551701,"[0, 0, 0, 64, 0, 0, 0, 192]"
2626.506574,134551765,"[0, 0, 112, 0, 0, 0, 0, 240]"
2626.506711,134551829,"[33, 38, 24, 250, 0, 192, 125, 0]"
2626.506854,16848960,"[152, 174, 212, 126, 1, 0, 0, 255]"
2626.506987,33827907,"[0, 0, 0, 226, 0, 16, 8, 0]"
2626.507144,33828291,"[0, 0, 224, 251, 255, 255, 0, 0]"
2626.50738,33929223,"[0, 0, 119, 6, 0, 24, 48, 0]"
2626.507494,33929351,"[0, 0, 0, 128, 0, 0, 0, 128]"
2626.507806,33888256,"[0, 0, 255, 255, 255, 255, 0, 0]"
2626.509705,33888256,"[0, 0, 0, 0, 128, 3, 16, 0]"
2626.50985,33888320,"[0, 0, 0, 0, 30, 46, 6, 0]"
2626.509999,33888384,"[0, 0, 0, 0, 0, 0, 0, 0]"
2626.510143,33888512,"[0, 0, 0, 0, 0, 0, 0, 0]"
2626.510245,33930240,"[0, 0, 0, 0, 206, 32, 59, 159]"
2626.510496,352595220,"[5, 0, 0, 80, 255, 8, 128, 1]"
2626.510797,33929216,"[0, 0, 166, 6, 0, 24, 0, 0]"
2626.511253,33929353,"[0, 0, 0, 0, 179, 149, 136, 63]"
2626.511901,33844164,"[0, 0, 0, 0, 1, 26, 19, 0]"
2626.512093,33834820,"[0, 0, 0, 0, 0, 0, 0, 0]"
2626.512415,33844162,"[0, 0, 0, 0, 1, 26, 19, 0]"
2626.512573,33834818,"[0, 0, 0, 0, 0, 0, 0, 0]"
2626.512767,33828932,"[0, 243, 199, 46, 0, 0, 0, 0]"
2626.512943,33827908,"[0, 0, 0, 98, 0, 16, 234, 255]"
2626.513088,33828164,"[245, 127, 0, 64, 83, 22, 28, 24]"
2626.513254,262271,"[52, 94, 169, 120, 28, 123, 222, 17]"
2626.513398,33828228,"[0, 0, 64, 231, 0, 0, 0, 0]"
2626.513543,33828930,"[0, 243, 199, 46, 0, 0, 0, 0]"
2626.513695,33929226,"[0, 0, 162, 6, 0, 23, 32, 0]"
2626.513825,33827906,"[0, 0, 0, 98, 0, 16, 2, 0]"
2626.513973,33828356,"[0, 0, 0, 0, 0, 0, 0, 128]"
2626.514118,33929224,"[0, 0, 164, 6, 0, 24, 48, 0]"
2626.514256,33828162,"[255, 127, 0, 128, 83, 23, 28, 24]"
2626.5144,33828420,"[0, 0, 0, 0, 0, 0, 0, 128]"
2626.514544,33828226,"[0, 0, 64, 189, 0, 0, 0, 0]"
2626.514674,33844161,"[0, 0, 0, 0, 1, 26, 19, 0]"
2626.514818,33828354,"[0, 0, 0, 0, 0, 0, 0, 128]"
2626.514966,33828484,"[8, 0, 0, 0, 0, 0, 0, 0]"
2626.51512,33929225,"[0, 0, 147, 6, 0, 23, 32, 0]"
2626.515249,33834817,"[0, 0, 0, 0, 0, 0, 0, 0]"
2626.515393,33828418,"[0, 0, 0, 0, 0, 0, 0, 128]"
2626.515545,33828548,"[0, 0, 4, 0, 0, 0, 0, 0]"
2626.515689,33828482,"[8, 0, 0, 0, 0, 0, 0, 0]"
2626.51584,33828929,"[0, 243, 199, 46, 0, 0, 0, 0]"
2626.515974,33929352,"[0, 0, 0, 128, 0, 0, 0, 128]"
2626.51624,33827905,"[0, 0, 0, 226, 0, 16, 243, 255]"
2626.516377,33828546,"[0, 0, 4, 0, 0, 0, 0, 0]"
2626.516521,33828161,"[249, 127, 0, 64, 83, 22, 28, 24]"
2626.516673,33828225,"[0, 0, 192, 62, 255, 255, 0, 0]"
2626.517063,33844163,"[0, 0, 0, 0, 1, 26, 19, 0]"
2626.517229,33834819,"[0, 0, 0, 0, 0, 0, 0, 0]"
2626.517373,33828353,"[0, 0, 0, 0, 0, 0, 0, 128]"
2626.51756,33828417,"[0, 0, 0, 0, 0, 0, 0, 128]"
2626.517769,33828931,"[0, 243, 199, 46, 0, 0, 0, 0]"
2626.517945,33827907,"[0, 0, 0, 226, 0, 16, 9, 0]"
2626.518076,33828163,"[251, 127, 0, 64, 83, 21, 27, 25]"
2626.51822,33929221,"[0, 0, 129, 6, 0, 24, 48, 0]"
2626.518372,33828227,"[0, 0, 64, 152, 255, 255, 0, 0]"
2626.518517,33828481,"[8, 0, 0, 0, 0, 0, 0, 0]"
2626.518654,33929349,"[246, 124, 160, 51, 0, 0, 0, 128]"
2626.518799,33828545,"[0, 0, 4, 0, 0, 0, 0, 0]"
2626.518947,33828355,"[0, 0, 0, 0, 0, 0, 0, 128]"
2626.519157,33828419,"[0, 0, 0, 0, 0, 0, 0, 128]"
2626.5193,33929222,"[0, 0, 154, 6, 0, 24, 48, 0]"
2626.519438,33929350,"[0, 0, 0, 128, 0, 0, 0, 128]"
2626.519703,33888256,"[0, 0, 0, 0, 128, 3, 16, 0]"
2626.519861,33828483,"[8, 0, 0, 0, 0, 0, 0, 0]"
2626.520046,33828547,"[0, 0, 4, 0, 0, 0, 0, 0]"
2626.520354,352595220,"[5, 0, 0, 80, 255, 8, 128, 1]"
2626.520505,352596180,"[241, 223, 6, 192, 253, 47, 0, 5]"
2626.521962,33827908,"[0, 0, 0, 98, 0, 16, 242, 255]"
2626.522107,33828292,"[0, 0, 224, 8, 0, 0, 0, 0]"
2626.522458,33827906,"[0, 0, 0, 98, 0, 16, 236, 255]"
2626.522645,33828290,"[0, 0, 64, 7, 0, 0, 0, 0]"
2626.524258,33929225,"[0, 0, 147, 6, 0, 23, 32, 0]"
2626.524388,33827905,"[0, 0, 0, 226, 0, 16, 232, 255]"
2626.524659,33828289,"[0, 0, 128, 248, 255, 255, 0, 0]"
2626.526135,134551573,"[0, 0, 0, 0, 0, 0, 0, 0]"
2626.526279,134551637,"[0, 0, 0, 0, 0, 0, 0, 192]"
2626.526424,134551701,"[0, 0, 0, 64, 0, 0, 0, 192]"
2626.526568,134551765,"[0, 0, 112, 0, 0, 0, 0, 240]"
2626.526712,134551829,"[35, 38, 24, 250, 0, 192, 125, 0]"
2626.526885,33827907,"[0, 0, 0, 226, 0, 16, 243, 255]"
2626.527076,33828291,"[0, 0, 224, 251, 255, 255, 0, 0]"
2626.527347,33929223,"[0, 0, 119, 6, 0, 24, 48, 0]"
2626.527491,33929351,"[0, 0, 0, 128, 0, 0, 0, 128]"
2626.527621,16848960,"[152, 174, 212, 126, 1, 0, 0, 255]"
2626.529702,33888256,"[0, 0, 0, 0, 128, 3, 16, 0]"
2626.52984,33888320,"[0, 0, 0, 0, 30, 46, 6, 0]"
2626.529989,33888384,"[0, 0, 0, 0, 0, 0, 0, 0]"
2626.530133,33888512,"[0, 0, 0, 0, 0, 0, 0, 0]"
2626.530306,352611284,"[0, 0, 0, 0, 1, 26, 19, 0]"
2626.530464,352601940,"[0, 0, 0, 0, 0, 64, 0, 0]"
2626.530622,352595220,"[5, 0, 0, 80, 255, 8, 128, 1]"
2626.530766,352596308,"[126, 29, 0, 22, 48, 0, 0, 255]"
2626.530914,33929216,"[0, 0, 163, 6, 0, 24, 0, 0]"
2626.531059,352596372,"[251, 255, 207, 255, 255, 3, 0, 144]"
2626.531217,352596692,"[0, 0, 0, 0, 0, 0, 0, 0]"
2626.531361,33929353,"[0, 0, 0, 0, 179, 149, 136, 63]"
2626.531505,352596628,"[29, 98, 0, 0, 0, 0, 0, 0]"
2626.531663,352596820,"[0, 0, 0, 0, 0, 0, 0, 0]"
2626.531807,352596884,"[166, 255, 48, 0, 166, 2, 0, 0]"
2626.532111,33827908,"[0, 0, 0, 98, 0, 16, 253, 255]"
2626.532476,33827906,"[0, 0, 0, 98, 0, 16, 249, 255]"
2626.533678,33929226,"[0, 0, 163, 6, 0, 23, 32, 0]"
2626.533823,33929224,"[0, 0, 164, 6, 0, 24, 48, 0]"
2626.533979,33929352,"[0, 0, 0, 128, 0, 0, 0, 128]"
2626.534252,33929225,"[0, 0, 147, 6, 0, 23, 32, 0]"
2626.534396,33827905,"[0, 0, 0, 226, 0, 16, 246, 255]"
2626.534704,33888704,"[0, 0, 0, 0, 0, 0, 0, 0]"
2626.536676,33929290,"[0, 0, 0, 0, 0, 64, 0, 0]"
2626.536849,33827907,"[0, 0, 0, 226, 0, 16, 249, 255]"
2626.538122,33929221,"[0, 0, 129, 6, 0, 24, 48, 0]"
2626.538252,33929349,"[246, 124, 160, 51, 0, 0, 0, 128]"
2626.539223,33929222,"[0, 0, 154, 6, 0, 24, 48, 0]"
2626.539365,33929350,"[0, 0, 0, 128, 0, 0, 0, 128]"
2626.539727,33888256,"[0, 0, 0, 0, 128, 3, 16, 0]"
2626.540318,352595220,"[5, 0, 0, 80, 255, 8, 128, 1]"
2626.540469,352596180,"[241, 223, 6, 176, 253, 51, 0, 5]"
2626.541991,33827908,"[0, 0, 0, 98, 0, 16, 249, 255]"
2626.542162,33828292,"[0, 0, 224, 8, 0, 0, 0, 0]"
2626.54236,33827906,"[0, 0, 0, 98, 0, 16, 243, 255]"
2626.542567,33828290,"[0, 0, 64, 7, 0, 0, 0, 0]"
2626.544248,33929225,"[0, 0, 148, 6, 0, 23, 32, 0]"
2626.544399,33827905,"[0, 0, 0, 226, 0, 16, 246, 255]"
2626.54457,33828289,"[0, 0, 128, 248, 255, 255, 0, 0]"
2626.546128,134551573,"[0, 0, 0, 0, 0, 0, 0, 0]"
2626.54627,134551637,"[0, 0, 0, 0, 0, 0, 0, 192]"
2626.546421,134551701,"[0, 0, 0, 64, 0, 0, 0, 192]"
2626.546563,134551765,"[0, 0, 112, 0, 0, 0, 0, 240]"
2626.546706,33888448,"[0, 0, 0, 0, 0, 0, 0, 0]"
2626.54687,134551829,"[35, 38, 24, 250, 0, 192, 125, 0]"
2626.546989,33827907,"[0, 0, 0, 226, 0, 16, 8, 0]"
2626.54716,33828291,"[0, 0, 224, 251, 255, 255, 0, 0]"
2626.547353,33929223,"[0, 0, 119, 6, 0, 24, 48, 0]"
2626.547481,33929351,"[0, 0, 0, 128, 0, 0, 0, 128]"
2626.548433,16848960,"[152, 174, 212, 126, 1, 0, 0, 255]"
2626.549696,33888384,"[0, 0, 0, 0, 0, 0, 0, 0]"
2626.549847,33888512,"[0, 0, 0, 0, 0, 0, 0, 0]"
2626.549994,33888256,"[0, 0, 0, 0, 128, 3, 16, 0]"
2626.550136,33888320,"[0, 0, 0, 0, 30, 46, 6, 0]"
2626.550329,352595220,"[5, 0, 0, 80, 255, 8, 128, 1]"
2626.550676,33888266,"[0, 0, 255, 255, 255, 255, 0, 0]"
2626.550819,33929216,"[0, 0, 164, 6, 0, 24, 0, 0]"
2626.551241,33929353,"[0, 0, 0, 0, 179, 149, 136, 63]"
2626.551973,33827908,"[0, 0, 0, 98, 0, 16, 249, 255]"
2626.55235,33827906,"[0, 0, 0, 98, 0, 16, 254, 255]"
2626.552628,33930250,"[0, 0, 0, 0, 194, 32, 248, 28]"
2626.553333,33929287,"[0, 0, 0, 0, 0, 64, 0, 0]"
2626.553681,33929226,"[0, 0, 163, 6, 0, 23, 32, 0]"
2626.553832,33929224,"[0, 0, 164, 6, 0, 24, 48, 0]"
2626.553964,33929352,"[0, 0, 0, 128, 0, 0, 0, 128]"
2626.554107,262271,"[52, 94, 169, 121, 42, 55, 202, 29]"
2626.554237,33929225,"[0, 0, 147, 6, 0, 23, 32, 0]"
2626.554488,33827905,"[0, 0, 0, 226, 0, 16, 3, 0]"
2626.556952,33827907,"[0, 0, 0, 226, 0, 16, 14, 0]"
2626.558112,33929221,"[0, 0, 127, 6, 0, 24, 48, 0]"
2626.558256,33929349,"[246, 124, 160, 51, 0, 0, 0, 128]"
2626.559215,33929222,"[0, 0, 153, 6, 0, 24, 48, 0]"
2626.559358,33929350,"[0, 0, 0, 128, 0, 0, 0, 128]"
2626.559723,33888256,"[0, 0, 0, 0, 128, 3, 16, 0]"
2626.560293,352595220,"[5, 0, 0, 80, 255, 8, 128, 1]"
2626.560437,352596180,"[241, 223, 6, 176, 253, 47, 0, 5]"
2626.56192,33827908,"[0, 0, 0, 98, 0, 16, 241, 255]"
2626.562073,33828292,"[0, 0, 224, 8, 0, 0, 0, 0]"
2626.562466,33827906,"[0, 0, 0, 98, 0, 16, 3, 0]"
2626.562624,33828290,"[0, 0, 64, 7, 0, 0, 0, 0]"
2626.564244,33929225,"[0, 0, 147, 6, 0, 23, 32, 0]"
2626.564374,33827905,"[0, 0, 0, 226, 0, 16, 233, 255]"
2626.564632,33828289,"[0, 0, 128, 248, 255, 255, 0, 0]"
2626.566123,134551573,"[0, 0, 0, 0, 0, 0, 0, 0]"
2626.566267,134551637,"[0, 0, 0, 0, 0, 0, 0, 192]"
2626.566411,134551701,"[0, 0, 0, 64, 0, 0, 0, 192]"
2626.566563,134551765,"[0, 0, 112, 0, 0, 0, 0, 240]"
2626.566692,134551829,"[35, 38, 24, 250, 0, 192, 125, 0]"
2626.566954,33827907,"[0, 0, 0, 226, 0, 16, 252, 255]"
2626.567135,33828291,"[0, 0, 224, 251, 255, 255, 0, 0]"
2626.567335,33929223,"[0, 0, 119, 6, 0, 24, 48, 0]"
2626.567487,33929351,"[0, 0, 0, 128, 0, 0, 0, 128]"
2626.569222,16848960,"[152, 174, 212, 126, 1, 0, 0, 255]"
2626.569729,33888256,"[0, 0, 0, 0, 128, 3, 16, 0]"
2626.569858,33888320,"[0, 0, 0, 0, 30, 45, 6, 0]"
2626.570007,33888384,"[0, 0, 0, 0, 0, 0, 0, 0]"
2626.570159,33888512,"[0, 0, 0, 0, 0, 0, 0, 0]"
2626.570303,352595220,"[5, 0, 0, 80, 255, 8, 128, 1]"
2626.570781,33929216,"[0, 0, 164, 6, 0, 24, 0, 0]"
2626.571235,33929353,"[0, 0, 0, 0, 179, 149, 136, 63]"
2626.571879,33827908,"[0, 0, 0, 98, 0, 16, 1, 0]"
2626.572406,33827906,"[0, 0, 0, 98, 0, 16, 11, 0]"
2626.573671,33929226,"[0, 0, 163, 6, 0, 23, 32, 0]"
2626.573823,33929224,"[0, 0, 164, 6, 0, 24, 48, 0]"
2626.573957,33929352,"[0, 0, 0, 128, 0, 0, 0, 128]"
2626.574229,33929225,"[0, 0, 147, 6, 0, 23, 32, 0]"
2626.574381,33827905,"[0, 0, 0, 226, 0, 16, 235, 255]"
2626.576834,33827907,"[0, 0, 0, 226, 0, 16, 254, 255]"
2626.578118,33929221,"[0, 0, 129, 6, 0, 24, 48, 0]"
2626.578261,33929349,"[246, 124, 160, 51, 0, 0, 0, 128]"
2626.579207,33929222,"[0, 0, 154, 6, 0, 24, 48, 0]"
2626.579359,33929350,"[0, 0, 0, 128, 0, 0, 0, 128]"
2626.579703,33888256,"[0, 0, 0, 0, 128, 3, 16, 0]"
2626.58028,352595220,"[4, 0, 0, 80, 255, 8, 128, 1]"
2626.580424,352596180,"[241, 223, 6, 176, 253, 47, 0, 5]"
2626.580568,352596244,"[39, 1, 216, 0, 32, 127, 0, 0]"
2626.580721,352596436,"[16, 0, 16, 2, 0, 249, 255, 15]"
2626.580878,352596500,"[112, 0, 116, 0, 236, 63, 0, 4]"
2626.581716,33888576,"[0, 0, 0, 0, 0, 0, 16, 0]"
2626.581867,33888640,"[0, 0, 0, 0, 0, 0, 0, 0]"
2626.582002,33827908,"[0, 0, 0, 98, 0, 16, 244, 255]"
2626.58216,33828292,"[0, 0, 224, 8, 0, 0, 0, 0]"
2626.582397,33827906,"[0, 0, 0, 98, 0, 16, 247, 255]"
2626.582583,33828290,"[0, 0, 64, 7, 0, 0, 0, 0]"
2626.584232,33929225,"[0, 0, 147, 6, 0, 23, 32, 0]"
2626.584374,33827905,"[0, 0, 0, 226, 0, 16, 230, 255]"
2626.584595,33828289,"[0, 0, 128, 248, 255, 255, 0, 0]"
2626.586121,134551573,"[0, 0, 0, 0, 0, 0, 0, 0]"
2626.586272,134551637,"[0, 0, 0, 0, 0, 0, 0, 192]"
2626.586414,134551701,"[0, 0, 0, 64, 0, 0, 0, 192]"
2626.586557,134551765,"[0, 0, 112, 0, 0, 0, 0, 240]"
2626.586693,134551829,"[35, 38, 24, 250, 0, 192, 125, 0]"
2626.586939,33827907,"[0, 0, 0, 226, 0, 16, 18, 0]"
2626.587105,33828291,"[0, 0, 224, 251, 255, 255, 0, 0]"
2626.587248,33929285,"[0, 0, 0, 0, 0, 64, 0, 0]"
2626.587405,33929223,"[0, 0, 119, 6, 0, 24, 48, 0]"
2626.587541,33929351,"[0, 0, 0, 128, 0, 0, 0, 128]"
2626.589718,33888256,"[0, 0, 0, 0, 128, 3, 16, 0]"
2626.58986,33888320,"[0, 0, 0, 0, 30, 45, 6, 0]"
2626.590002,33888384,"[0, 0, 0, 0, 0, 0, 0, 0]"
2626.590144,16848960,"[152, 174, 212, 126, 1, 0, 0, 255]"
2626.590287,33888512,"[0, 0, 0, 0, 0, 0, 0, 0]"
2626.590423,352595220,"[4, 0, 0, 80, 255, 8, 128, 1]"
2626.590785,33929216,"[0, 0, 164, 6, 0, 24, 0, 0]"
2626.591223,33929353,"[0, 0, 0, 0, 179, 149, 136, 63]"
2626.591979,33827908,"[0, 0, 0, 98, 0, 16, 250, 255]"
2626.592354,33827906,"[0, 0, 0, 98, 0, 16, 246, 255]"
2626.593679,33929226,"[0, 0, 163, 6, 0, 23, 32, 0]"
2626.593821,33929224,"[0, 0, 163, 6, 0, 24, 48, 0]"
2626.593991,33929352,"[0, 0, 0, 128, 0, 0, 0, 128]"
2626.594232,33929225,"[0, 0, 146, 6, 0, 23, 32, 0]"
2626.59441,33827905,"[0, 0, 0, 226, 0, 16, 249, 255]"
2626.594989,262271,"[52, 94, 169, 121, 128, 14, 0, 141]"
2626.596718,33888448,"[0, 0, 0, 0, 0, 0, 0, 0]"
2626.596854,33827907,"[0, 0, 0, 226, 0, 16, 17, 0]"
2626.598099,33929221,"[0, 0, 129, 6, 0, 24, 48, 0]"
2626.598242,33929349,"[246, 124, 160, 51, 0, 0, 0, 128]"
2626.599209,33929222,"[0, 0, 155, 6, 0, 24, 48, 0]"
2626.599347,33929350,"[0, 0, 0, 128, 0, 0, 0, 128]"
2626.599713,33888256,"[0, 0, 0, 0, 128, 3, 16, 0]"
2626.600267,352595220,"[4, 0, 0, 80, 255, 8, 128, 1]"
2626.60041,352596180,"[241, 223, 6, 192, 253, 47, 0, 5]"
2626.601867,33827908,"[0, 0, 0, 98, 0, 16, 243, 255]"
2626.602059,33828292,"[0, 0, 224, 8, 0, 0, 0, 0]"
2626.602424,33827906,"[0, 0, 0, 98, 0, 16, 246, 255]"
2626.602625,33828290,"[0, 0, 64, 7, 0, 0, 0, 0]"
2626.604217,33929225,"[0, 0, 147, 6, 0, 23, 32, 0]"
2626.604369,33827905,"[0, 0, 0, 226, 0, 16, 238, 255]"
2626.604612,33828289,"[0, 0, 128, 248, 255, 255, 0, 0]"
2626.606118,134551573,"[0, 0, 0, 0, 0, 0, 0, 0]"
2626.606262,134551637,"[0, 0, 0, 0, 0, 0, 0, 192]"
2626.606428,134551701,"[0, 0, 0, 64, 0, 0, 0, 192]"
2626.606558,134551765,"[0, 0, 112, 0, 0, 0, 0, 240]"
2626.606696,134551829,"[35, 38, 24, 250, 0, 192, 125, 0]"
2626.606887,33827907,"[0, 0, 0, 226, 0, 16, 2, 0]"
2626.607075,33828291,"[0, 0, 224, 251, 255, 255, 0, 0]"
2626.607326,33929223,"[0, 0, 118, 6, 0, 24, 48, 0]"
2626.60747,33929351,"[0, 0, 0, 128, 0, 0, 0, 128]"
2626.609692,33888256,"[0, 0, 0, 0, 128, 3, 16, 0]"
2626.609844,33888320,"[0, 0, 0, 0, 30, 45, 6, 0]"
2626.609993,33888384,"[0, 0, 0, 0, 0, 0, 0, 0]"
2626.610137,33888512,"[0, 0, 0, 0, 0, 0, 0, 0]"
2626.610332,352595220,"[3, 0, 0, 80, 255, 8, 128, 1]"
2626.610783,33929216,"[0, 0, 163, 6, 0, 24, 0, 0]"
2626.61121,33929353,"[0, 0, 0, 0, 179, 149, 136, 63]"
2626.611354,16848960,"[152, 174, 212, 126, 1, 0, 0, 255]"
2626.611972,33827908,"[0, 0, 0, 98, 0, 16, 11, 0]"
2626.61238,33827906,"[0, 0, 0, 98, 0, 16, 234, 255]"
2626.613659,33929226,"[0, 0, 162, 6, 0, 23, 32, 0]"
2626.613803,33929224,"[0, 0, 162, 6, 0, 24, 48, 0]"
2626.613959,33929352,"[0, 0, 0, 128, 0, 0, 0, 128]"
2626.614218,33929225,"[0, 0, 147, 6, 0, 23, 32, 0]"
2626.614356,33827905,"[0, 0, 0, 226, 0, 16, 247, 255]"
2626.616821,33827907,"[0, 0, 0, 226, 0, 16, 3, 0]"
2626.618101,33929221,"[0, 0, 128, 6, 0, 24, 48, 0]"
2626.618245,33929349,"[246, 124, 160, 51, 0, 0, 0, 128]"
2626.619192,33929222,"[0, 0, 154, 6, 0, 24, 48, 0]"
2626.61935,33929350,"[0, 0, 0, 128, 0, 0, 0, 128]"
2626.6197,33888256,"[0, 0, 0, 0, 128, 3, 16, 0]"
2626.620276,352595220,"[3, 0, 0, 80, 255, 8, 128, 1]"
2626.62042,352596180,"[241, 223, 6, 192, 253, 47, 0, 5]"
2626.621842,33827908,"[0, 0, 0, 98, 0, 16, 17, 0]"
2626.622028,33828292,"[0, 0, 224, 8, 0, 0, 0, 0]"
2626.622414,33827906,"[0, 0, 0, 98, 0, 16, 235, 255]"
2626.622594,33828290,"[0, 0, 64, 7, 0, 0, 0, 0]"
2626.623739,33929288,"[0, 0, 0, 0, 0, 64, 0, 0]"
2626.624207,33929225,"[0, 0, 147, 6, 0, 23, 32, 0]"
2626.624351,33827905,"[0, 0, 0, 226, 0, 16, 237, 255]"
2626.624616,33828289,"[0, 0, 128, 248, 255, 255, 0, 0]"
2626.626138,134551573,"[0, 0, 0, 0, 0, 0, 0, 0]"
2626.626254,134551637,"[0, 0, 0, 0, 0, 0, 0, 192]"
2626.626398,134551701,"[0, 0, 0, 64, 0, 0, 0, 192]"
2626.62655,134551765,"[0, 0, 112, 0, 0, 0, 0, 240]"
2626.62668,134551829,"[35, 38, 24, 250, 0, 192, 125, 0]"
2626.627007,33827907,"[0, 0, 0, 226, 0, 16, 10, 0]"
2626.627193,33828291,"[0, 0, 224, 251, 255, 255, 0, 0]"
2626.627337,33929223,"[0, 0, 119, 6, 0, 24, 48, 0]"
2626.627489,33929351,"[0, 0, 0, 128, 0, 0, 0, 128]"
2626.629707,33888256,"[0, 0, 0, 0, 128, 3, 16, 0]"
2626.62985,33888320,"[0, 0, 0, 0, 30, 46, 6, 0]"
2626.629991,33888384,"[0, 0, 0, 0, 0, 0, 0, 0]"
2626.630134,33888512,"[0, 0, 0, 0, 0, 0, 0, 0]"
2626.630291,352595220,"[3, 0, 0, 80, 255, 8, 128, 1]"
2626.630774,33929216,"[0, 0, 164, 6, 0, 24, 0, 0]"
2626.631196,33929353,"[0, 0, 0, 0, 179, 149, 136, 63]"
2626.631941,33827908,"[0, 0, 0, 98, 0, 16, 252, 255]"
2626.632191,16848960,"[152, 174, 212, 126, 1, 0, 0, 255]"
2626.632362,33827906,"[0, 0, 0, 98, 0, 16, 253, 255]"
2626.63366,33929226,"[0, 0, 163, 6, 0, 23, 32, 0]"
2626.633797,33929224,"[0, 0, 164, 6, 0, 24, 48, 0]"
2626.633944,33929352,"[0, 0, 0, 128, 0, 0, 0, 128]"
2626.634208,33929225,"[0, 0, 147, 6, 0, 23, 32, 0]"
2626.634351,33827905,"[0, 0, 0, 226, 0, 16, 240, 255]"
2626.636167,262271,"[52, 94, 169, 127, 183, 95, 197, 67]"
2626.636949,33827907,"[0, 0, 0, 226, 0, 16, 253, 255]"
2626.638109,33929221,"[0, 0, 128, 6, 0, 24, 48, 0]"
2626.638274,33929349,"[246, 124, 160, 51, 0, 0, 0, 128]"
2626.639196,33929222,"[0, 0, 153, 6, 0, 24, 48, 0]"
2626.639339,33929350,"[0, 0, 0, 128, 0, 0, 0, 128]"
2626.639686,33888256,"[0, 0, 0, 0, 128, 3, 16, 0]"
2626.640263,352595220,"[3, 0, 0, 80, 255, 8, 128, 1]"
2626.64042,352596180,"[241, 31, 7, 192, 253, 47, 0, 5]"
2626.641887,33827908,"[0, 0, 0, 98, 0, 16, 253, 255]"
2626.642045,33828292,"[0, 0, 224, 8, 0, 0, 0, 0]"
2626.642448,33827906,"[0, 0, 0, 98, 0, 16, 7, 0]"
2626.642633,33828290,"[0, 0, 64, 7, 0, 0, 0, 0]"
2626.644209,33929225,"[0, 0, 147, 6, 0, 23, 32, 0]"
2626.644348,33827905,"[0, 0, 0, 226, 0, 16, 241, 255]"
2626.644492,33828289,"[0, 0, 128, 248, 255, 255, 0, 0]"
2626.644636,33929289,"[0, 0, 0, 8, 0, 64, 0, 0]"
2626.646116,134551573,"[0, 0, 0, 0, 0, 0, 0, 0]"
2626.64626,134551637,"[0, 0, 0, 0, 0, 0, 0, 192]"
2626.646404,134551701,"[0, 0, 0, 64, 0, 0, 0, 192]"
2626.646541,134551765,"[0, 0, 112, 0, 0, 0, 0, 240]"
2626.646685,33888448,"[0, 0, 0, 0, 0, 0, 0, 0]"
2626.646829,134551829,"[35, 38, 24, 250, 0, 192, 125, 0]"
2626.646971,33827907,"[0, 0, 0, 226, 0, 16, 249, 255]"
2626.647229,33828291,"[0, 0, 224, 251, 255, 255, 0, 0]"
2626.647366,33929223,"[0, 0, 119, 6, 0, 24, 48, 0]"
2626.64751,33929351,"[0, 0, 0, 128, 0, 0, 0, 128]"
2626.64968,33888256,"[0, 0, 0, 0, 128, 3, 16, 0]"
2626.649846,33888320,"[0, 0, 0, 0, 30, 46, 6, 0]"
2626.64998,33888384,"[0, 0, 0, 0, 0, 0, 0, 0]"
2626.650124,33888512,"[0, 0, 0, 0, 0, 0, 0, 0]"
2626.650304,352595220,"[3, 0, 0, 80, 255, 8, 128, 1]"
2626.650768,33929216,"[0, 0, 164, 6, 0, 24, 0, 0]"
2626.651194,33929353,"[0, 0, 0, 0, 179, 149, 136, 63]"
2626.651889,33827908,"[0, 0, 0, 98, 0, 16, 250, 255]"
2626.652412,33827906,"[0, 0, 0, 98, 0, 16, 248, 255]"
2626.65326,16848960,"[152, 174, 212, 126, 1, 0, 0, 255]"
2626.653668,33929226,"[0, 0, 164, 6, 0, 23, 32, 0]"
2626.65382,33929224,"[0, 0, 164, 6, 0, 24, 48, 0]"
2626.653954,33929352,"[0, 0, 0, 128, 0, 0, 0, 128]"
2626.654197,33929225,"[0, 0, 147, 6, 0, 23, 32, 0]"
2626.654363,33827905,"[0, 0, 0, 226, 0, 16, 246, 255]"
2626.656837,33827907,"[0, 0, 0, 226, 0, 16, 7, 0]"
2626.658101,33929221,"[0, 0, 129, 6, 0, 24, 48, 0]"
2626.658238,33929349,"[246, 124, 160, 51, 0, 0, 0, 128]"
2626.659226,33929222,"[0, 0, 153, 6, 0, 24, 48, 0]"
2626.65937,33929350,"[0, 0, 0, 128, 0, 0, 0, 128]"
2626.659692,33888256,"[0, 0, 0, 0, 128, 3, 16, 0]"
2626.660276,352595220,"[3, 0, 0, 80, 255, 8, 128, 1]"
2626.660428,352596180,"[241, 31, 7, 192, 253, 47, 0, 5]"
2626.661941,33827908,"[0, 0, 0, 98, 0, 16, 13, 0]"
2626.662107,33828292,"[0, 0, 224, 8, 0, 0, 0, 0]"
2626.662365,33827906,"[0, 0, 0, 98, 0, 16, 247, 255]"
2626.662545,33828290,"[0, 0, 64, 7, 0, 0, 0, 0]"
2626.664208,33929225,"[0, 0, 147, 6, 0, 23, 32, 0]"
2626.664352,33827905,"[0, 0, 0, 226, 0, 16, 247, 255]"
2626.664539,33828289,"[0, 0, 128, 248, 255, 255, 0, 0]"
2626.665202,33929286,"[0, 0, 0, 0, 0, 64, 0, 0]"
2626.666104,134551573,"[0, 0, 0, 0, 0, 0, 0, 0]"
2626.666248,134551637,"[0, 0, 0, 0, 0, 0, 0, 192]"
2626.6664,134551701,"[0, 0, 0, 64, 0, 0, 0, 192]"
2626.666544,134551765,"[0, 0, 112, 0, 0, 0, 0, 240]"
2626.666673,134551829,"[35, 38, 24, 250, 0, 192, 125, 0]"
2626.666928,33827907,"[0, 0, 0, 226, 0, 16, 8, 0]"
2626.667101,33828291,"[0, 0, 224, 251, 255, 255, 0, 0]"
2626.66731,33929223,"[0, 0, 119, 6, 0, 24, 48, 0]"
2626.667454,33929351,"[0, 0, 0, 128, 0, 0, 0, 128]"
2626.669666,33888512,"[0, 0, 0, 0, 0, 0, 0, 0]"
2626.669818,33888256,"[0, 0, 0, 0, 128, 3, 16, 0]"
2626.669966,33888320,"[0, 0, 0, 0, 30, 46, 6, 0]"
2626.670104,33888384,"[0, 0, 0, 0, 0, 0, 0, 0]"
2626.670291,352595220,"[3, 0, 0, 80, 255, 8, 128, 1]"
2626.670769,33929216,"[0, 0, 164, 6, 0, 24, 0, 0]"
2626.671195,33929353,"[0, 0, 0, 0, 179, 149, 136, 63]"
2626.671942,33827908,"[0, 0, 0, 98, 0, 16, 2, 0]"
2626.672323,33827906,"[0, 0, 0, 98, 0, 16, 247, 255]"
2626.673646,33929226,"[0, 0, 164, 6, 0, 23, 32, 0]"
2626.673813,33929224,"[0, 0, 164, 6, 0, 24, 48, 0]"
2626.673932,33929352,"[0, 0, 0, 128, 0, 0, 0, 128]"
2626.674202,33929225,"[0, 0, 147, 6, 0, 23, 32, 0]"
2626.674381,33827905,"[0, 0, 0, 226, 0, 16, 236, 255]"
2626.674524,16848960,"[152, 175, 84, 126, 1, 0, 0, 255]"
2626.676891,33827907,"[0, 0, 0, 226, 0, 16, 10, 0]"
2626.677598,262271,"[52, 94, 169, 122, 244, 34, 240, 216]"
2626.678091,33929221,"[0, 0, 129, 6, 0, 24, 48, 0]"
2626.678234,33929349,"[246, 124, 160, 51, 0, 0, 0, 128]"
2626.679186,33929222,"[0, 0, 154, 6, 0, 24, 48, 0]"
2626.679328,33929350,"[0, 0, 0, 128, 0, 0, 0, 128]"
2626.679677,33888256,"[0, 0, 0, 0, 128, 3, 16, 0]"
2626.68027,352595220,"[4, 0, 0, 80, 255, 8, 128, 1]"
2626.68042,352596180,"[241, 31, 7, 192, 253, 47, 0, 5]"
2626.680577,352596244,"[31, 1, 223, 0, 32, 127, 0, 0]"
2626.680734,352596436,"[215, 255, 63, 255, 255, 11, 0, 0]"
2626.680889,352596500,"[156, 0, 116, 0, 244, 63, 0, 4]"
2626.681966,33827908,"[0, 0, 0, 98, 0, 16, 254, 255]"
2626.682138,33828292,"[0, 0, 224, 8, 0, 0, 0, 0]"
2626.682401,33827906,"[0, 0, 0, 98, 0, 16, 248, 255]"
2626.682571,33828290,"[0, 0, 64, 7, 0, 0, 0, 0]"
2626.684186,33929225,"[0, 0, 148, 6, 0, 23, 32, 0]"
2626.684323,33827905,"[0, 0, 0, 226, 0, 16, 240, 255]"
2626.684593,33828289,"[0, 0, 128, 248, 255, 255, 0, 0]"
2626.686099,134551573,"[0, 0, 0, 0, 0, 0, 0, 0]"
2626.686255,134551637,"[0, 0, 0, 0, 0, 0, 0, 192]"
2626.686392,134551701,"[0, 0, 0, 64, 0, 0, 0, 192]"
2626.686534,134551765,"[0, 0, 112, 0, 0, 0, 0, 240]"
2626.686677,134551829,"[36, 38, 24, 250, 0, 192, 125, 0]"
2626.686959,33827907,"[0, 0, 0, 226, 0, 16, 252, 255]"
2626.687131,33828291,"[0, 0, 224, 251, 255, 255, 0, 0]"
2626.687338,33929223,"[0, 0, 120, 6, 0, 24, 48, 0]"
2626.687481,33929351,"[0, 0, 0, 128, 0, 0, 0, 128]"
2626.689672,33888256,"[0, 0, 0, 0, 128, 3, 16, 0]"
2626.68981,33888320,"[0, 0, 0, 0, 30, 46, 6, 0]"
2626.689958,33888384,"[0, 0, 0, 0, 0, 0, 0, 0]"
2626.690117,33888512,"[0, 0, 0, 0, 0, 0, 0, 0]"
2626.690304,352595220,"[4, 0, 0, 80, 255, 8, 128, 1]"
2626.690768,33929216,"[0, 0, 165, 6, 0, 24, 0, 0]"
2626.691367,33929353,"[0, 0, 0, 0, 179, 149, 136, 63]"
2626.691958,33827908,"[0, 0, 0, 98, 0, 16, 243, 255]"
2626.692372,33827906,"[0, 0, 0, 98, 0, 16, 239, 255]"
2626.693651,33929226,"[0, 0, 163, 6, 0, 23, 32, 0]"
2626.693789,33929224,"[0, 0, 163, 6, 0, 24, 48, 0]"
2626.693937,33929352,"[0, 0, 0, 128, 0, 0, 0, 128]"
2626.694209,33929225,"[0, 0, 147, 6, 0, 23, 32, 0]"
2626.694361,33827905,"[0, 0, 0, 226, 0, 16, 238, 255]"
2626.695636,16848960,"[152, 175, 84, 126, 1, 0, 0, 255]"
2626.696675,33888448,"[0, 0, 0, 0, 0, 0, 0, 0]"
2626.696922,33827907,"[0, 0, 0, 226, 0, 16, 250, 255]"
2626.698095,33929221,"[0, 0, 129, 6, 0, 24, 48, 0]"
2626.698247,33929349,"[246, 124, 160, 51, 0, 0, 0, 128]"
2626.699187,33929222,"[0, 0, 154, 6, 0, 24, 48, 0]"
2626.699325,33929350,"[0, 0, 0, 128, 0, 0, 0, 128]"
2626.699668,33888256,"[0, 0, 0, 0, 128, 3, 16, 0]"
2626.700245,352595220,"[4, 0, 0, 80, 255, 8, 128, 1]"
2626.700389,352596180,"[241, 31, 7, 192, 253, 47, 0, 5]"
2626.70187,33827908,"[0, 0, 0, 98, 0, 16, 245, 255]"
2626.702044,33828292,"[0, 0, 224, 8, 0, 0, 0, 0]"
2626.702438,33827906,"[0, 0, 0, 98, 0, 16, 236, 255]"
2626.702647,33828290,"[0, 0, 64, 7, 0, 0, 0, 0]"
2626.704218,33929225,"[0, 0, 148, 6, 0, 23, 32, 0]"
2626.704361,33827905,"[0, 0, 0, 226, 0, 16, 254, 255]"
2626.704641,33828289,"[0, 0, 128, 248, 255, 255, 0, 0]"
2626.706096,134551573,"[0, 0, 0, 0, 0, 0, 0, 0]"
2626.70624,134551637,"[0, 0, 0, 0, 0, 0, 0, 192]"
2626.706399,134551701,"[0, 0, 0, 64, 0, 0, 0, 192]"
2626.706537,134551765,"[0, 0, 112, 0, 0, 0, 0, 240]"
2626.706681,134551829,"[36, 38, 24, 250, 0, 192, 125, 0]"
2626.706971,33827907,"[0, 0, 0, 226, 0, 16, 1, 0]"
2626.707182,33828291,"[0, 0, 224, 251, 255, 255, 0, 0]"
2626.707311,33929223,"[0, 0, 119, 6, 0, 24, 48, 0]"
2626.707455,33929351,"[0, 0, 0, 128, 0, 0, 0, 128]"
2626.70967,33888256,"[0, 0, 0, 0, 128, 3, 16, 0]"
2626.709808,33888320,"[0, 0, 0, 0, 30, 45, 6, 0]"
2626.709956,33888384,"[0, 0, 0, 0, 0, 0, 0, 0]"
2626.710101,33888512,"[0, 0, 0, 0, 0, 0, 0, 0]"
2626.710253,352595220,"[5, 0, 0, 80, 255, 8, 128, 1]"
2626.710761,33929216,"[0, 0, 164, 6, 0, 24, 0, 0]"
2626.711188,33929353,"[0, 0, 0, 0, 179, 149, 136, 63]"
2626.711851,33827908,"[0, 0, 0, 98, 0, 16, 10, 0]"
2626.712419,33827906,"[0, 0, 0, 98, 0, 16, 247, 255]"
2626.713642,33929226,"[0, 0, 164, 6, 0, 23, 32, 0]"
2626.713786,33929224,"[0, 0, 163, 6, 0, 24, 48, 0]"
2626.713934,33929352,"[0, 0, 0, 128, 0, 0, 0, 128]"
2626.714201,33929225,"[0, 0, 147, 6, 0, 23, 32, 0]"
2626.714345,33827905,"[0, 0, 0, 226, 0, 16, 4, 0]"
2626.716811,16848960,"[152, 175, 84, 126, 1, 0, 0, 255]"
2626.716952,33827907,"[0, 0, 0, 226, 0, 16, 2, 0]"
2626.718071,33929221,"[0, 0, 130, 6, 0, 24, 48, 0]"
2626.718215,33929349,"[246, 124, 160, 51, 0, 0, 0, 128]"
2626.718708,262271,"[52, 94, 169, 123, 86, 159, 218, 207]"
2626.719191,33929222,"[0, 0, 154, 6, 0, 24, 48, 0]"
2626.719333,33929350,"[0, 0, 0, 128, 0, 0, 0, 128]"
2626.719666,33888256,"[0, 0, 0, 0, 128, 3, 16, 0]"
2626.720229,352595220,"[5, 0, 0, 80, 255, 8, 128, 1]"
2626.720386,352596180,"[241, 223, 6, 192, 253, 47, 0, 5]"
2626.721964,33827908,"[0, 0, 0, 98, 0, 16, 237, 255]"
2626.722136,33828292,"[0, 0, 224, 8, 0, 0, 0, 0]"
2626.722442,33827906,"[0, 0, 0, 98, 0, 16, 244, 255]"
2626.722613,33828290,"[0, 0, 64, 7, 0, 0, 0, 0]"
2626.724196,33929225,"[0, 0, 148, 6, 0, 23, 32, 0]"
2626.724338,33827905,"[0, 0, 0, 226, 0, 16, 235, 255]"
2626.724601,33828289,"[0, 0, 128, 248, 255, 255, 0, 0]"
2626.726089,134551573,"[0, 0, 0, 0, 0, 0, 0, 0]"
2626.726232,134551637,"[0, 0, 0, 0, 0, 0, 0, 192]"
2626.726383,134551701,"[0, 0, 0, 64, 0, 0, 0, 192]"
2626.726525,134551765,"[0, 0, 112, 0, 0, 0, 0, 240]"
2626.726668,134551829,"[36, 38, 24, 250, 0, 192, 125, 0]"
2626.726935,33827907,"[0, 0, 0, 226, 0, 16, 1, 0]"
2626.727121,33828291,"[0, 0, 224, 251, 255, 255, 0, 0]"
2626.727314,33929223,"[0, 0, 119, 6, 0, 24, 48, 0]"
2626.727456,33929351,"[0, 0, 0, 128, 0, 0, 0, 128]"
2626.729654,33888256,"[0, 0, 0, 0, 128, 3, 16, 0]"
2626.729804,33888320,"[0, 0, 0, 0, 30, 47, 6, 0]"
2626.729951,33888384,"[0, 0, 0, 0, 0, 0, 0, 0]"
2626.730095,33888512,"[0, 0, 0, 0, 0, 0, 0, 0]"
2626.730246,352595220,"[5, 0, 0, 80, 255, 8, 128, 1]"
2626.730749,33929216,"[0, 0, 165, 6, 0, 24, 0, 0]"
2626.731199,33929353,"[0, 0, 0, 0, 179, 149, 136, 63]"
2626.73193,33827908,"[0, 0, 0, 98, 0, 16, 254, 255]"
2626.732391,33827906,"[0, 0, 0, 98, 0, 16, 247, 255]"
2626.733634,33929226,"[0, 0, 165, 6, 0, 23, 32, 0]"
2626.733777,33929224,"[0, 0, 164, 6, 0, 24, 48, 0]"
2626.733924,33929352,"[0, 0, 0, 128, 0, 0, 0, 128]"
2626.734202,33929225,"[0, 0, 148, 6, 0, 23, 32, 0]"
2626.734347,33827905,"[0, 0, 0, 226, 0, 16, 240, 255]"
2626.736858,33827907,"[0, 0, 0, 226, 0, 16, 253, 255]"
2626.737602,16848960,"[152, 175, 84, 126, 1, 0, 0, 255]"
2626.738072,33929221,"[0, 0, 129, 6, 0, 24, 48, 0]"
2626.738216,33929349,"[246, 124, 160, 51, 0, 0, 0, 128]"
2626.739175,33929222,"[0, 0, 154, 6, 0, 24, 48, 0]"
2626.739319,33929350,"[0, 0, 0, 128, 0, 0, 0, 128]"
2626.739655,33888256,"[0, 0, 0, 0, 128, 3, 16, 0]"
2626.740251,352595220,"[5, 0, 0, 80, 255, 8, 128, 1]"
2626.740396,352596180,"[241, 223, 6, 192, 253, 51, 0, 5]"
2626.741853,33827908,"[0, 0, 0, 98, 0, 16, 246, 255]"
2626.742049,33828292,"[0, 0, 224, 8, 0, 0, 0, 0]"
2626.742377,33827906,"[0, 0, 0, 98, 0, 16, 252, 255]"
2626.742543,33828290,"[0, 0, 64, 7, 0, 0, 0, 0]"
2626.743757,33929280,"[0, 0, 0, 8, 0, 64, 0, 0]"
2626.744198,33929225,"[0, 0, 148, 6, 0, 23, 32, 0]"
2626.744342,33827905,"[0, 0, 0, 226, 0, 16, 252, 255]"
2626.744509,33828289,"[0, 0, 128, 248, 255, 255, 0, 0]"
2626.74608,134551573,"[0, 0, 0, 0, 0, 0, 0, 0]"
2626.746224,134551637,"[0, 0, 0, 0, 0, 0, 0, 192]"
2626.74639,134551701,"[0, 0, 0, 64, 0, 0, 0, 192]"
2626.746519,134551765,"[0, 0, 112, 0, 0, 0, 0, 240]"
2626.746663,33888448,"[0, 0, 0, 0, 0, 0, 0, 0]"
2626.746807,134551829,"[36, 38, 24, 250, 0, 192, 125, 0]"
2626.746963,33827907,"[0, 0, 0, 226, 0, 16, 3, 0]"
2626.747136,33828291,"[0, 0, 224, 251, 255, 255, 0, 0]"
2626.747322,33929223,"[0, 0, 120, 6, 0, 24, 48, 0]"
2626.747474,33929351,"[0, 0, 0, 128, 0, 0, 0, 128]"
2626.74965,33888256,"[0, 0, 0, 0, 128, 3, 16, 0]"
2626.749794,33888320,"[0, 0, 0, 0, 30, 46, 6, 0]"
2626.74995,33888384,"[0, 0, 0, 0, 0, 0, 0, 0]"
2626.750095,33888512,"[0, 0, 0, 0, 0, 0, 0, 0]"
2626.750295,352595220,"[6, 0, 0, 80, 255, 8, 128, 1]"
2626.750745,33929216,"[0, 0, 166, 6, 0, 24, 0, 0]"
2626.751199,33929353,"[0, 0, 0, 0, 179, 149, 136, 63]"
2626.75186,33827908,"[0, 0, 0, 98, 0, 16, 240, 255]"
2626.752369,33827906,"[0, 0, 0, 98, 0, 16, 1, 0]"
2626.753629,33929226,"[0, 0, 164, 6, 0, 23, 32, 0]"
2626.753781,33929224,"[0, 0, 164, 6, 0, 24, 48, 0]"
2626.753914,33929352,"[0, 0, 0, 128, 0, 0, 0, 128]"
2626.754201,33929225,"[0, 0, 148, 6, 0, 23, 32, 0]"
2626.754352,33827905,"[0, 0, 0, 226, 0, 16, 251, 255]"
2626.756923,33827907,"[0, 0, 0, 226, 0, 16, 13, 0]"
2626.758082,33929221,"[0, 0, 129, 6, 0, 24, 48, 0]"
2626.758212,33929349,"[246, 124, 160, 51, 0, 0, 0, 128]"
2626.758534,16848960,"[152, 175, 84, 126, 1, 0, 0, 255]"
2626.759173,33929222,"[0, 0, 155, 6, 0, 24, 48, 0]"
2626.75931,33929350,"[0, 0, 0, 128, 0, 0, 0, 128]"
2626.759668,33888256,"[0, 0, 0, 0, 128, 3, 16, 0]"
2626.759806,262271,"[52, 94, 169, 125, 166, 27, 35, 253]"
2626.760276,352595220,"[5, 0, 0, 80, 255, 8, 128, 1]"
2626.76042,352596180,"[241, 223, 6, 192, 253, 51, 0, 5]"
2626.761693,33888264,"[0, 0, 255, 255, 255, 255, 0, 0]"
2626.761948,33844164,"[0, 0, 0, 0, 1, 26, 19, 0]"
2626.762121,33834820,"[0, 0, 0, 0, 0, 0, 0, 0]"
2626.762358,33844162,"[0, 0, 0, 0, 1, 26, 19, 0]"
2626.76253,33834818,"[0, 0, 0, 0, 0, 0, 0, 0]"
2626.762739,33828932,"[0, 243, 199, 46, 0, 0, 0, 0]"
2626.762887,33827908,"[0, 0, 0, 98, 0, 16, 231, 255]"
2626.763096,33828164,"[243, 127, 0, 64, 83, 22, 29, 24]"
2626.76324,33828930,"[0, 243, 199, 46, 0, 0, 0, 0]"
2626.763384,33827906,"[0, 0, 0, 98, 0, 16, 248, 255]"
2626.763528,33888263,"[0, 0, 255, 255, 255, 255, 0, 0]"
2626.763658,33828162,"[252, 127, 0, 128, 83, 23, 28, 24]"
2626.763802,33828228,"[0, 0, 64, 231, 0, 0, 0, 0]"
2626.763908,33930248,"[0, 0, 0, 0, 151, 92, 17, 13]"
2626.764052,33828292,"[0, 0, 224, 8, 0, 0, 0, 0]"
2626.764195,33828226,"[0, 0, 64, 189, 0, 0, 0, 0]"
2626.764338,33929225,"[0, 0, 147, 6, 0, 23, 32, 0]"
2626.764481,33828290,"[0, 0, 64, 7, 0, 0, 0, 0]"
2626.764609,33844161,"[0, 0, 0, 0, 1, 26, 19, 0]"
2626.764752,33828354,"[0, 0, 0, 0, 0, 0, 0, 128]"
2626.764899,33828356,"[0, 0, 0, 0, 0, 0, 0, 128]"
2626.765093,33834817,"[0, 0, 0, 0, 0, 0, 0, 0]"
2626.765236,33828420,"[0, 0, 0, 0, 0, 0, 0, 128]"
2626.765392,33828418,"[0, 0, 0, 0, 0, 0, 0, 128]"
2626.765535,33828929,"[0, 243, 199, 46, 0, 0, 0, 0]"
2626.765677,33828482,"[8, 0, 0, 0, 0, 0, 0, 0]"
2626.765777,33930247,"[0, 0, 0, 0, 123, 170, 37, 73]"
2626.765924,33828484,"[8, 0, 0, 0, 0, 0, 0, 0]"
2626.766095,134551573,"[0, 0, 0, 0, 0, 0, 0, 0]"
2626.766238,33827905,"[0, 0, 0, 226, 0, 16, 239, 255]"
2626.76638,33828546,"[0, 0, 4, 0, 0, 0, 0, 0]"
2626.766523,33828161,"[247, 127, 0, 64, 83, 22, 28, 24]"
2626.766665,33828548,"[0, 0, 4, 0, 0, 0, 0, 0]"
2626.766808,134551637,"[0, 0, 0, 0, 0, 0, 0, 192]"
2626.766954,134551701,"[0, 0, 0, 64, 0, 0, 0, 192]"
2626.76707,33844163,"[0, 0, 0, 0, 1, 26, 19, 0]"
2626.767212,33828225,"[0, 0, 192, 62, 255, 255, 0, 0]"
2626.767369,33929223,"[0, 0, 119, 6, 0, 24, 48, 0]"
2626.767511,33828289,"[0, 0, 128, 248, 255, 255, 0, 0]"
2626.767654,33929351,"[0, 0, 0, 128, 0, 0, 0, 128]"
2626.767797,33834819,"[0, 0, 0, 0, 0, 0, 0, 0]"
2626.767944,134551765,"[0, 0, 112, 0, 0, 0, 0, 240]"
2626.768088,33828931,"[0, 243, 199, 46, 0, 0, 0, 0]"
2626.768231,33828353,"[0, 0, 0, 0, 0, 0, 0, 128]"
2626.768373,134551829,"[36, 38, 24, 250, 0, 192, 125, 0]"
2626.768516,33828417,"[0, 0, 0, 0, 0, 0, 0, 128]"
2626.768744,33827907,"[0, 0, 0, 226, 0, 16, 5, 0]"
2626.768947,33828163,"[253, 127, 0, 64, 83, 21, 28, 25]"
2626.769146,33828227,"[0, 0, 64, 152, 255, 255, 0, 0]"
2626.769289,33828481,"[8, 0, 0, 0, 0, 0, 0, 0]"
2626.769558,33828545,"[0, 0, 4, 0, 0, 0, 0, 0]"
2626.7697,33888256,"[0, 0, 0, 0, 128, 3, 16, 0]"
2626.769847,33828291,"[0, 0, 224, 251, 255, 255, 0, 0]"
2626.76999,33888320,"[0, 0, 0, 0, 30, 46, 6, 0]"
2626.770132,33828355,"[0, 0, 0, 0, 0, 0, 0, 128]"
2626.770275,33888384,"[0, 0, 0, 0, 0, 0, 0, 0]"
2626.770431,33888512,"[0, 0, 0, 0, 0, 0, 0, 0]"
2626.77056,352595220,"[5, 0, 0, 80, 255, 8, 128, 1]"
2626.770745,33929216,"[0, 0, 164, 6, 0, 24, 0, 0]"
2626.770891,33828419,"[0, 0, 0, 0, 0, 0, 0, 128]"
2626.771105,33828483,"[8, 0, 0, 0, 0, 0, 0, 0]"
2626.771247,33929353,"[0, 0, 0, 0, 179, 149, 136, 63]"
2626.771859,33828547,"[0, 0, 4, 0, 0, 0, 0, 0]"
2626.772003,33827908,"[0, 0, 0, 98, 0, 16, 230, 255]"
2626.772371,33827906,"[0, 0, 0, 98, 0, 16, 1, 0]"
2626.77363,33929226,"[0, 0, 164, 6, 0, 23, 32, 0]"
2626.773772,33929224,"[0, 0, 165, 6, 0, 24, 48, 0]"
2626.773919,33929352,"[0, 0, 0, 128, 0, 0, 0, 128]"
2626.774189,33929225,"[0, 0, 148, 6, 0, 23, 32, 0]"
2626.774331,33827905,"[0, 0, 0, 226, 0, 16, 233, 255]"
2626.776857,33827907,"[0, 0, 0, 226, 0, 16, 5, 0]"
2626.778069,33929221,"[0, 0, 129, 6, 0, 24, 48, 0]"
2626.778198,33929349,"[246, 124, 160, 51, 0, 0, 0, 128]"
2626.779158,33929222,"[0, 0, 155, 6, 0, 24, 48, 0]"
2626.779302,16848960,"[152, 175, 84, 126, 1, 0, 0, 255]"
2626.779446,33929350,"[0, 0, 0, 128, 0, 0, 0, 128]"
2626.77967,33888256,"[0, 0, 0, 0, 128, 3, 16, 0]"
2626.780224,352611284,"[0, 0, 0, 0, 1, 26, 19, 0]"
2626.780382,352601940,"[0, 0, 0, 0, 0, 64, 0, 0]"
2626.780534,352595220,"[6, 0, 0, 80, 255, 8, 128, 1]"
2626.780678,352596180,"[241, 223, 6, 192, 253, 51, 0, 5]"
2626.780836,352596244,"[36, 1, 216, 0, 32, 127, 0, 0]"
2626.780992,352596308,"[129, 29, 0, 6, 48, 0, 0, 255]"
2626.781136,352596372,"[251, 255, 207, 255, 255, 3, 0, 144]"
2626.781294,352596436,"[1, 0, 32, 255, 255, 7, 0, 0]"
2626.78146,352596692,"[0, 0, 0, 0, 0, 0, 0, 0]"
2626.781604,352596500,"[164, 0, 108, 0, 0, 64, 0, 4]"
2626.781762,33888576,"[0, 0, 0, 0, 0, 0, 16, 0]"
2626.781904,33888640,"[0, 0, 0, 0, 0, 0, 0, 0]"
2626.782048,33827908,"[0, 0, 0, 98, 0, 16, 252, 255]"
2626.7822,352596628,"[137, 98, 0, 0, 0, 0, 0, 0]"
2626.78233,33828292,"[0, 0, 224, 8, 0, 0, 0, 0]"
2626.782474,33827906,"[0, 0, 0, 98, 0, 16, 252, 255]"
2626.782625,352596820,"[0, 0, 0, 0, 0, 0, 0, 0]"
2626.782769,33828290,"[0, 0, 64, 7, 0, 0, 0, 0]"
2626.782903,352596884,"[166, 255, 46, 0, 164, 2, 0, 0]"
2626.784185,33929225,"[0, 0, 148, 6, 0, 23, 32, 0]"
2626.784329,33827905,"[0, 0, 0, 226, 0, 16, 251, 255]"
2626.784558,33828289,"[0, 0, 128, 248, 255, 255, 0, 0]"
2626.784695,33888704,"[0, 0, 0, 0, 0, 0, 0, 0]"
2626.786078,134551573,"[0, 0, 0, 0, 0, 0, 0, 0]"
2626.786222,134551637,"[0, 0, 0, 0, 0, 0, 0, 192]"
2626.786366,134551701,"[0, 0, 0, 64, 0, 0, 0, 192]"
2626.786504,134551765,"[0, 0, 112, 0, 0, 0, 0, 240]"
2626.786662,33929290,"[0, 0, 0, 0, 0, 64, 0, 0]"
2626.786813,134551829,"[36, 38, 24, 250, 0, 192, 125, 0]"
2626.786933,33827907,"[0, 0, 0, 226, 0, 16, 10, 0]"
2626.787164,33828291,"[0, 0, 224, 251, 255, 255, 0, 0]"
2626.787316,33929223,"[0, 0, 120, 6, 0, 24, 48, 0]"
2626.787446,33929351,"[0, 0, 0, 128, 0, 0, 0, 128]"
2626.789662,33888256,"[0, 0, 0, 0, 128, 3, 16, 0]"
2626.789806,33888320,"[0, 0, 0, 0, 30, 46, 6, 0]"
2626.789953,33888384,"[0, 0, 0, 0, 0, 0, 0, 0]"
2626.790098,33888512,"[0, 0, 0, 0, 0, 0, 0, 0]"
2626.790292,352595220,"[5, 0, 0, 80, 255, 8, 128, 1]"
2626.790742,33929216,"[0, 0, 164, 6, 0, 24, 0, 0]"
2626.791183,33929353,"[0, 0, 0, 0, 179, 149, 136, 63]"
2626.791865,33827908,"[0, 0, 0, 98, 0, 16, 246, 255]"
2626.792316,33827906,"[0, 0, 0, 98, 0, 16, 6, 0]"
2626.793623,33929226,"[0, 0, 164, 6, 0, 23, 32, 0]"
2626.79376,33929224,"[0, 0, 165, 6, 0, 24, 48, 0]"
2626.793908,33929352,"[0, 0, 0, 128, 0, 0, 0, 128]"
2626.794203,33929225,"[0, 0, 148, 6, 0, 23, 32, 0]"
2626.794375,33827905,"[0, 0, 0, 226, 0, 16, 246, 255]"
2626.796657,33888448,"[0, 0, 0, 0, 0, 0, 0, 0]"
2626.796898,33827907,"[0, 0, 0, 226, 0, 16, 18, 0]"
2626.798058,33929221,"[0, 0, 130, 6, 0, 24, 48, 0]"
2626.798196,33929349,"[246, 124, 160, 51, 0, 0, 0, 128]"
2626.799165,33929222,"[0, 0, 155, 6, 0, 24, 48, 0]"
2626.799309,33929350,"[0, 0, 0, 128, 0, 0, 0, 128]"
2626.799659,33888256,"[0, 0, 0, 0, 128, 3, 16, 0]"
2626.800037,16848960,"[152, 175, 84, 126, 1, 0, 0, 255]"
2626.800246,352595220,"[5, 0, 0, 80, 255, 8, 128, 1]"
2626.800389,352596180,"[241, 223, 6, 192, 253, 47, 0, 5]"
2626.801228,262271,"[52, 94, 170, 124, 226, 149, 61, 26]"
2626.801916,33827908,"[0, 0, 0, 98, 0, 16, 7, 0]"
2626.802112,33828292,"[0, 0, 224, 8, 0, 0, 0, 0]"
2626.802298,33827906,"[0, 0, 0, 98, 0, 16, 246, 255]"
2626.802478,33828290,"[0, 0, 64, 7, 0, 0, 0, 0]"
2626.803277,33929287,"[0, 0, 0, 0, 0, 64, 0, 0]"
2626.804181,33929225,"[0, 0, 148, 6, 0, 23, 32, 0]"
2626.804319,33827905,"[0, 0, 0, 226, 0, 16, 246, 255]"
2626.804499,33828289,"[0, 0, 128, 248, 255, 255, 0, 0]"
2626.806082,134551573,"[0, 0, 0, 0, 0, 0, 0, 0]"
2626.806212,134551637,"[0, 0, 0, 0, 0, 0, 0, 192]"
2626.806356,134551701,"[0, 0, 0, 64, 0, 0, 0, 192]"
2626.806508,134551765,"[0, 0, 112, 0, 0, 0, 0, 240]"
2626.806638,134551829,"[36, 38, 24, 250, 0, 192, 125, 0]"
2626.806886,33827907,"[0, 0, 0, 226, 0, 16, 8, 0]"
2626.807067,33828291,"[0, 0, 224, 251, 255, 255, 0, 0]"
2626.807283,33929223,"[0, 0, 120, 6, 0, 24, 48, 0]"
2626.807426,33929351,"[0, 0, 0, 128, 0, 0, 0, 128]"
2626.808151,33888262,"[0, 0, 255, 255, 255, 255, 0, 0]"
2626.80826,33930246,"[0, 0, 0, 0, 132, 109, 126, 7]"
2626.809661,33888256,"[0, 0, 0, 0, 128, 3, 16, 0]"
2626.809803,33888320,"[0, 0, 0, 0, 30, 46, 6, 0]"
2626.809958,33888384,"[0, 0, 0, 0, 0, 0, 0, 0]"
2626.810101,33888512,"[0, 0, 0, 0, 0, 0, 0, 0]"
2626.810238,352595220,"[5, 0, 0, 80, 255, 8, 128, 1]"
2626.810727,33929216,"[0, 0, 165, 6, 0, 24, 0, 0]"
2626.811173,33929353,"[0, 0, 0, 0, 179, 149, 136, 63]"
2626.811918,33827908,"[0, 0, 0, 98, 0, 16, 241, 255]"
2626.812421,33827906,"[0, 0, 0, 98, 0, 16, 231, 255]"
2626.813619,33929226,"[0, 0, 164, 6, 0, 23, 32, 0]"
2626.813761,33929224,"[0, 0, 165, 6, 0, 24, 48, 0]"
2626.813908,33929352,"[0, 0, 0, 128, 0, 0, 0, 128]"
2626.814172,33929225,"[0, 0, 148, 6, 0, 23, 32, 0]"
2626.814315,33827905,"[0, 0, 0, 226, 0, 16, 251, 255]"
2626.816801,33827907,"[0, 0, 0, 226, 0, 16, 1, 0]"
2626.818061,33929221,"[0, 0, 129, 6, 0, 24, 48, 0]"
2626.818204,33929349,"[246, 124, 160, 51, 0, 0, 0, 128]"
2626.819157,33929222,"[0, 0, 156, 6, 0, 24, 48, 0]"
2626.819321,33929350,"[0, 0, 0, 128, 0, 0, 0, 128]"
2626.819646,33888256,"[0, 0, 0, 0, 128, 3, 16, 0]"
2626.820639,352595220,"[5, 0, 0, 80, 255, 8, 128, 1]"
2626.820776,352596180,"[241, 223, 6, 192, 253, 47, 0, 5]"
2626.820922,16848960,"[152, 175, 84, 126, 1, 0, 0, 255]"
2626.821945,33827908,"[0, 0, 0, 98, 0, 16, 240, 255]"
2626.822111,33828292,"[0, 0, 224, 8, 0, 0, 0, 0]"
2626.82231,33827906,"[0, 0, 0, 98, 0, 16, 244, 255]"
2626.822517,33828290,"[0, 0, 64, 7, 0, 0, 0, 0]"
2626.82417,33929225,"[0, 0, 148, 6, 0, 23, 32, 0]"
2626.824301,33827905,"[0, 0, 0, 226, 0, 16, 250, 255]"
2626.824487,33828289,"[0, 0, 128, 248, 255, 255, 0, 0]"
2626.826063,134551573,"[0, 0, 0, 0, 0, 0, 0, 0]"
2626.826207,134551637,"[0, 0, 0, 0, 0, 0, 0, 192]"
2626.826351,134551701,"[0, 0, 0, 64, 0, 0, 0, 192]"
2626.826503,134551765,"[0, 0, 112, 0, 0, 0, 0, 240]"
2626.826633,134551829,"[36, 38, 24, 250, 0, 192, 125, 0]"
2626.82688,33827907,"[0, 0, 0, 226, 0, 16, 247, 255]"
2626.827047,33828291,"[0, 0, 224, 251, 255, 255, 0, 0]"
2626.827276,33929223,"[0, 0, 119, 6, 0, 24, 48, 0]"
2626.82742,33929351,"[0, 0, 0, 128, 0, 0, 0, 128]"
2626.829643,33888256,"[0, 0, 0, 0, 128, 3, 16, 0]"
2626.829795,33888320,"[0, 0, 0, 0, 30, 46, 6, 0]"
2626.829943,33888384,"[0, 0, 0, 0, 0, 0, 0, 0]"
2626.830082,33888512,"[0, 0, 0, 0, 0, 0, 0, 0]"
2626.830688,352595220,"[5, 0, 0, 80, 255, 8, 128, 1]"
2626.830836,33929216,"[0, 0, 163, 6, 0, 24, 0, 0]"
2626.831159,33929353,"[0, 0, 0, 0, 179, 149, 136, 63]"
2626.831904,33827908,"[0, 0, 0, 98, 0, 16, 4, 0]"
2626.83229,33827906,"[0, 0, 0, 98, 0, 16, 238, 255]"
2626.833613,33929226,"[0, 0, 164, 6, 0, 23, 32, 0]"
2626.833765,33929224,"[0, 0, 165, 6, 0, 24, 48, 0]"
2626.833899,33929352,"[0, 0, 0, 128, 0, 0, 0, 128]"
2626.834158,33929225,"[0, 0, 148, 6, 0, 23, 32, 0]"
2626.834295,33827905,"[0, 0, 0, 226, 0, 16, 246, 255]"
2626.836773,33827907,"[0, 0, 0, 226, 0, 16, 245, 255]"
2626.837043,33929285,"[0, 0, 0, 0, 0, 64, 0, 0]"
2626.837187,33888261,"[0, 0, 255, 255, 255, 255, 0, 0]"
2626.837303,33930245,"[0, 0, 0, 0, 148, 245, 112, 51]"
2626.838051,33929221,"[0, 0, 129, 6, 0, 24, 48, 0]"
2626.838181,33929349,"[246, 124, 160, 51, 0, 0, 0, 128]"
2626.839182,33929222,"[0, 0, 155, 6, 0, 24, 48, 0]"
2626.839334,33929350,"[0, 0, 0, 128, 0, 0, 0, 128]"
2626.839648,33888256,"[0, 0, 0, 0, 128, 3, 16, 0]"
2626.840558,352595220,"[5, 0, 0, 80, 255, 8, 128, 1]"
2626.840688,352596180,"[241, 31, 7, 192, 253, 47, 0, 5]"
2626.841741,16848960,"[152, 175, 84, 126, 1, 0, 0, 255]"
2626.841889,33827908,"[0, 0, 0, 98, 0, 16, 250, 255]"
2626.842141,33828292,"[0, 0, 224, 8, 0, 0, 0, 0]"
2626.842285,262271,"[52, 94, 169, 123, 152, 195, 160, 23]"
2626.842429,33827906,"[0, 0, 0, 98, 0, 16, 239, 255]"
2626.842601,33828290,"[0, 0, 64, 7, 0, 0, 0, 0]"
2626.844154,33929225,"[0, 0, 148, 6, 0, 23, 32, 0]"
2626.844334,33827905,"[0, 0, 0, 226, 0, 16, 246, 255]"
2626.844535,33828289,"[0, 0, 128, 248, 255, 255, 0, 0]"
2626.846057,134551573,"[0, 0, 0, 0, 0, 0, 0, 0]"
2626.8462,134551637,"[0, 0, 0, 0, 0, 0, 0, 192]"
2626.846344,134551701,"[0, 0, 0, 64, 0, 0, 0, 192]"
2626.846496,134551765,"[0, 0, 112, 0, 0, 0, 0, 240]"
2626.84664,33888448,"[0, 0, 0, 0, 0, 0, 0, 0]"
2626.846783,134551829,"[34, 38, 24, 250, 0, 192, 125, 0]"
2626.846925,33827907,"[0, 0, 0, 226, 0, 16, 254, 255]"
2626.847084,33828291,"[0, 0, 224, 251, 255, 255, 0, 0]"
2626.84727,33929223,"[0, 0, 121, 6, 0, 24, 48, 0]"
2626.847408,33929351,"[0, 0, 0, 128, 0, 0, 0, 128]"
2626.849639,33888256,"[0, 0, 0, 0, 128, 3, 16, 0]"
2626.84979,33888320,"[0, 0, 0, 0, 30, 47, 6, 0]"
2626.849924,33888384,"[0, 0, 0, 0, 0, 0, 0, 0]"
2626.850083,33888512,"[0, 0, 0, 0, 0, 0, 0, 0]"
2626.850419,352595220,"[5, 0, 0, 80, 255, 8, 128, 1]"
2626.850727,33929216,"[0, 0, 165, 6, 0, 24, 0, 0]"
2626.851153,33929353,"[0, 0, 0, 0, 179, 149, 136, 63]"
2626.851815,33827908,"[0, 0, 0, 98, 0, 16, 236, 255]"
2626.852369,33827906,"[0, 0, 0, 98, 0, 16, 249, 255]"
2626.853608,33929226,"[0, 0, 165, 6, 0, 23, 32, 0]"
2626.853746,33929224,"[0, 0, 165, 6, 0, 24, 48, 0]"
2626.853894,33929352,"[0, 0, 0, 128, 0, 0, 0, 128]"
2626.854158,33929225,"[0, 0, 148, 6, 0, 23, 32, 0]"
2626.854357,33827905,"[0, 0, 0, 226, 0, 16, 243, 255]"
2626.856809,33827907,"[0, 0, 0, 226, 0, 16, 252, 255]"
2626.858047,33929221,"[0, 0, 129, 6, 0, 24, 48, 0]"
2626.858184,33929349,"[246, 124, 160, 51, 0, 0, 0, 128]"
2626.859148,33929222,"[0, 0, 154, 6, 0, 24, 48, 0]"
2626.859291,33929350,"[0, 0, 0, 128, 0, 0, 0, 128]"
2626.859638,33888256,"[0, 0, 0, 0, 128, 3, 16, 0]"
2626.860245,352595220,"[5, 0, 0, 80, 255, 8, 128, 1]"
2626.860395,352596180,"[241, 31, 7, 192, 253, 47, 0, 5]"
2626.861838,33827908,"[0, 0, 0, 98, 0, 16, 248, 255]"
2626.861995,33828292,"[0, 0, 224, 8, 0, 0, 0, 0]"
2626.862413,33827906,"[0, 0, 0, 98, 0, 16, 235, 255]"
2626.862549,16848960,"[152, 175, 84, 126, 1, 0, 0, 255]"
2626.862692,33828290,"[0, 0, 64, 7, 0, 0, 0, 0]"
2626.864149,33929225,"[0, 0, 148, 6, 0, 23, 32, 0]"
2626.864328,33827905,"[0, 0, 0, 226, 0, 16, 245, 255]"
2626.864513,33828289,"[0, 0, 128, 248, 255, 255, 0, 0]"
2626.866054,134551573,"[0, 0, 0, 0, 0, 0, 0, 0]"
2626.866205,134551637,"[0, 0, 0, 0, 0, 0, 0, 192]"
2626.866347,134551701,"[0, 0, 0, 64, 0, 0, 0, 192]"
2626.866489,134551765,"[0, 0, 112, 0, 0, 0, 0, 240]"
2626.866626,134551829,"[34, 38, 24, 250, 0, 192, 125, 0]"
2626.866885,33827907,"[0, 0, 0, 226, 0, 16, 252, 255]"
2626.867064,33828291,"[0, 0, 224, 251, 255, 255, 0, 0]"
2626.867263,33929223,"[0, 0, 119, 6, 0, 24, 48, 0]"
2626.867405,33929351,"[0, 0, 0, 128, 0, 0, 0, 128]"
2626.86964,33888256,"[0, 0, 0, 0, 128, 3, 16, 0]"
2626.869778,33888320,"[0, 0, 0, 0, 30, 47, 6, 0]"
2626.869926,33888384,"[0, 0, 0, 0, 0, 0, 0, 0]"
2626.87007,33888512,"[0, 0, 0, 0, 0, 0, 0, 0]"
2626.870222,352595220,"[5, 0, 0, 80, 255, 8, 128, 1]"
2626.870714,33929216,"[0, 0, 165, 6, 0, 24, 0, 0]"
2626.871141,33929353,"[0, 0, 0, 0, 179, 149, 136, 63]"
2626.871936,33827908,"[0, 0, 0, 98, 0, 16, 245, 255]"
2626.87236,33827906,"[0, 0, 0, 98, 0, 16, 226, 255]"
2626.873604,33929226,"[0, 0, 165, 6, 0, 23, 32, 0]"
2626.873748,33929224,"[0, 0, 165, 6, 0, 24, 48, 0]"
2626.873896,33929288,"[0, 0, 0, 0, 0, 64, 0, 0]"
2626.874034,33929352,"[0, 0, 0, 128, 0, 0, 0, 128]"
2626.874221,33929225,"[0, 0, 149, 6, 0, 23, 32, 0]"
2626.874387,33827905,"[0, 0, 0, 226, 0, 16, 249, 255]"
2626.876796,33827907,"[0, 0, 0, 226, 0, 16, 1, 0]"
2626.878038,33929221,"[0, 0, 131, 6, 0, 24, 48, 0]"
2626.878175,33929349,"[246, 124, 160, 51, 0, 0, 0, 128]"
2626.879134,33929222,"[0, 0, 156, 6, 0, 24, 48, 0]"
2626.879279,33929350,"[0, 0, 0, 128, 0, 0, 0, 128]"
2626.879616,33888256,"[0, 0, 0, 0, 128, 3, 16, 0]"
2626.880236,352595220,"[5, 0, 0, 80, 255, 8, 128, 1]"
2626.88038,352596180,"[241, 31, 7, 208, 253, 47, 0, 5]"
2626.880538,352596244,"[30, 1, 224, 0, 32, 127, 0, 0]"
2626.880689,352596436,"[7, 0, 160, 0, 0, 3, 0, 0]"
2626.880837,352596500,"[100, 0, 160, 0, 164, 63, 0, 4]"
2626.881889,33827908,"[0, 0, 0, 98, 0, 16, 252, 255]"
2626.882099,33828292,"[0, 0, 224, 8, 0, 0, 0, 0]"
2626.882384,33827906,"[0, 0, 0, 98, 0, 16, 247, 255]"
2626.882564,33828290,"[0, 0, 64, 7, 0, 0, 0, 0]"
2626.883218,262271,"[52, 94, 169, 126, 53, 71, 197, 73]"
2626.88372,16848960,"[152, 175, 84, 126, 1, 0, 0, 255]"
2626.884232,33929225,"[0, 0, 148, 6, 0, 23, 32, 0]"
2626.884362,33827905,"[0, 0, 0, 226, 0, 16, 243, 255]"
2626.884613,33828289,"[0, 0, 128, 248, 255, 255, 0, 0]"
2626.886053,134551573,"[0, 0, 0, 0, 0, 0, 0, 0]"
2626.886197,134551637,"[0, 0, 0, 0, 0, 0, 0, 192]"
2626.886348,134551701,"[0, 0, 0, 64, 0, 0, 0, 192]"
2626.886492,134551765,"[0, 0, 112, 0, 0, 0, 0, 240]"
2626.886622,134551829,"[34, 38, 24, 250, 0, 192, 125, 0]"
2626.886849,33827907,"[0, 0, 0, 226, 0, 16, 252, 255]"
2626.887022,33828291,"[0, 0, 224, 251, 255, 255, 0, 0]"
2626.88726,33929223,"[0, 0, 119, 6, 0, 24, 48, 0]"
2626.887404,33929351,"[0, 0, 0, 128, 0, 0, 0, 128]"
2626.889931,33888256,"[0, 0, 0, 0, 128, 3, 16, 0]"
2626.890076,33888320,"[0, 0, 0, 0, 30, 47, 6, 0]"
2626.89022,33888384,"[0, 0, 0, 0, 0, 0, 0, 0]"
2626.890371,33888512,"[0, 0, 0, 0, 0, 0, 0, 0]"
2626.890515,352595220,"[5, 0, 0, 80, 255, 8, 128, 1]"
2626.890709,33929216,"[0, 0, 165, 6, 0, 24, 0, 0]"
2626.891137,33929353,"[0, 0, 0, 0, 179, 149, 136, 63]"
2626.891905,33827908,"[0, 0, 0, 98, 0, 16, 255, 255]"
2626.892391,33827906,"[0, 0, 0, 98, 0, 16, 9, 0]"
2626.893614,33929226,"[0, 0, 165, 6, 0, 23, 32, 0]"
2626.893757,33929224,"[0, 0, 165, 6, 0, 24, 48, 0]"
2626.893891,33929352,"[0, 0, 0, 128, 0, 0, 0, 128]"
2626.894143,33929225,"[0, 0, 148, 6, 0, 23, 32, 0]"
2626.894287,33929289,"[0, 0, 0, 8, 0, 64, 0, 0]"
2626.894424,33827905,"[0, 0, 0, 226, 0, 16, 1, 0]"
2626.896623,33888448,"[0, 0, 0, 0, 0, 0, 0, 0]"
2626.896906,33827907,"[0, 0, 0, 226, 0, 16, 248, 255]"
2626.898038,33929221,"[0, 0, 130, 6, 0, 24, 48, 0]"
2626.898175,33929349,"[246, 124, 160, 51, 0, 0, 0, 128]"
2626.899151,33929222,"[0, 0, 156, 6, 0, 24, 48, 0]"
2626.899293,33929350,"[0, 0, 0, 128, 0, 0, 0, 128]"
2626.899614,33888256,"[0, 0, 0, 0, 128, 3, 16, 0]"
2626.900208,352595220,"[5, 0, 0, 80, 255, 8, 128, 1]"
2626.90035,352596180,"[241, 31, 7, 208, 253, 47, 0, 5]"
2626.901788,33827908,"[0, 0, 0, 98, 0, 16, 249, 255]"
2626.901986,33828292,"[0, 0, 224, 8, 0, 0, 0, 0]"
2626.902333,33827906,"[0, 0, 0, 98, 0, 16, 248, 255]"
2626.902498,33828290,"[0, 0, 64, 7, 0, 0, 0, 0]"
2626.904215,33929225,"[0, 0, 148, 6, 0, 23, 32, 0]"
2626.904357,33827905,"[0, 0, 0, 226, 0, 16, 246, 255]"
2626.90455,16848960,"[152, 175, 84, 126, 1, 0, 0, 255]"
2626.904706,33828289,"[0, 0, 128, 248, 255, 255, 0, 0]"
2626.906052,134551573,"[0, 0, 0, 0, 0, 0, 0, 0]"
2626.906188,134551637,"[0, 0, 0, 0, 0, 0, 0, 192]"
2626.906345,134551701,"[0, 0, 0, 64, 0, 0, 0, 192]"
2626.906482,134551765,"[0, 0, 112, 0, 0, 0, 0, 240]"
2626.906625,134551829,"[34, 38, 24, 250, 0, 192, 125, 0]"
2626.906978,33827907,"[0, 0, 0, 226, 0, 16, 5, 0]"
2626.907143,33828291,"[0, 0, 224, 251, 255, 255, 0, 0]"
2626.907286,33929223,"[0, 0, 119, 6, 0, 24, 48, 0]"
2626.907437,33929351,"[0, 0, 0, 128, 0, 0, 0, 128]"
2626.909608,33888256,"[0, 0, 0, 0, 128, 3, 16, 0]"
2626.909759,33888320,"[0, 0, 0, 0, 30, 46, 6, 0]"
2626.909905,33888384,"[0, 0, 0, 0, 0, 0, 0, 0]"
2626.910057,33888512,"[0, 0, 0, 0, 0, 0, 0, 0]"
2626.91027,352595220,"[5, 0, 0, 80, 255, 8, 128, 1]"
2626.910711,33929216,"[0, 0, 166, 6, 0, 24, 0, 0]"
2626.911129,33929353,"[0, 0, 0, 0, 179, 149, 136, 63]"
2626.911891,33827908,"[0, 0, 0, 98, 0, 16, 252, 255]"
2626.912296,33827906,"[0, 0, 0, 98, 0, 16, 240, 255]"
2626.913594,33929226,"[0, 0, 165, 6, 0, 23, 32, 0]"
2626.913744,33929224,"[0, 0, 166, 6, 0, 24, 48, 0]"
2626.913891,33929352,"[0, 0, 0, 128, 0, 0, 0, 128]"
2626.914127,33929225,"[0, 0, 149, 6, 0, 23, 32, 0]"
2626.914294,33827905,"[0, 0, 0, 226, 0, 16, 254, 255]"
2626.915157,33929286,"[0, 0, 0, 0, 0, 64, 0, 0]"
2626.916891,33827907,"[0, 0, 0, 226, 0, 16, 0, 0]"
2626.918031,33929221,"[0, 0, 130, 6, 0, 24, 48, 0]"
2626.918197,33929349,"[246, 124, 160, 51, 0, 0, 0, 128]"
2626.919138,33929222,"[0, 0, 156, 6, 0, 24, 48, 0]"
2626.919276,33929350,"[0, 0, 0, 128, 0, 0, 0, 128]"
2626.919613,33888256,"[0, 0, 0, 0, 128, 3, 16, 0]"
2626.92024,352595220,"[5, 0, 0, 80, 255, 8, 128, 1]"
2626.920384,352596180,"[241, 223, 6, 208, 253, 47, 0, 5]"
2626.921932,33827908,"[0, 0, 0, 98, 0, 16, 239, 255]"
2626.922106,33828292,"[0, 0, 224, 8, 0, 0, 0, 0]"
2626.922372,33827906,"[0, 0, 0, 98, 0, 16, 243, 255]"
2626.922538,33828290,"[0, 0, 64, 7, 0, 0, 0, 0]"
2626.924217,33929225,"[0, 0, 149, 6, 0, 23, 32, 0]"
2626.924361,33827905,"[0, 0, 0, 226, 0, 16, 254, 255]"
2626.924499,262271,"[52, 94, 169, 123, 202, 131, 78, 252]"
2626.924642,33828289,"[0, 0, 128, 248, 255, 255, 0, 0]"
2626.925829,16848960,"[152, 175, 84, 126, 1, 0, 0, 255]"
2626.926053,134551573,"[0, 0, 0, 0, 0, 0, 0, 0]"
2626.926219,134551637,"[0, 0, 0, 0, 0, 0, 0, 192]"
2626.926335,134551701,"[0, 0, 0, 64, 0, 0, 0, 192]"
2626.926487,134551765,"[0, 0, 112, 0, 0, 0, 0, 240]"
2626.926617,134551829,"[35, 38, 24, 250, 0, 192, 125, 0]"
2626.926844,33827907,"[0, 0, 0, 226, 0, 16, 246, 255]"
2626.927039,33828291,"[0, 0, 224, 251, 255, 255, 0, 0]"
2626.927263,33929223,"[0, 0, 120, 6, 0, 24, 48, 0]"
2626.927407,33929351,"[0, 0, 0, 128, 0, 0, 0, 128]"
2626.929611,33888256,"[0, 0, 0, 0, 128, 3, 16, 0]"
2626.929763,33888320,"[0, 0, 0, 0, 30, 47, 6, 0]"
2626.929905,33888384,"[0, 0, 0, 0, 0, 0, 0, 0]"
2626.93005,33888512,"[0, 0, 0, 0, 0, 0, 0, 0]"
2626.93023,352595220,"[5, 0, 0, 80, 255, 8, 128, 1]"
2626.930703,33929216,"[0, 0, 166, 6, 0, 24, 0, 0]"
2626.931252,33929353,"[0, 0, 0, 0, 179, 149, 136, 63]"
2626.931796,33827908,"[0, 0, 0, 98, 0, 16, 248, 255]"
2626.932358,33827906,"[0, 0, 0, 98, 0, 16, 241, 255]"
2626.933596,33929226,"[0, 0, 164, 6, 0, 23, 32, 0]"
2626.93374,33929224,"[0, 0, 165, 6, 0, 24, 48, 0]"
2626.933882,33929352,"[0, 0, 0, 128, 0, 0, 0, 128]"
2626.93422,33929225,"[0, 0, 148, 6, 0, 23, 32, 0]"
2626.934364,33827905,"[0, 0, 0, 226, 0, 16, 4, 0]"
2626.936874,33827907,"[0, 0, 0, 226, 0, 16, 3, 0]"
2626.938044,33929221,"[0, 0, 130, 6, 0, 24, 48, 0]"
2626.938188,33929349,"[246, 124, 160, 51, 0, 0, 0, 128]"
2626.939122,33929350,"[0, 0, 0, 128, 0, 0, 0, 128]"
2626.939274,33929222,"[0, 0, 155, 6, 0, 24, 48, 0]"
2626.939611,33888256,"[0, 0, 0, 0, 128, 3, 16, 0]"
2626.940222,352595220,"[5, 0, 0, 80, 255, 8, 128, 1]"
2626.940374,352596180,"[241, 223, 6, 192, 253, 51, 0, 5]"
2626.941818,33827908,"[0, 0, 0, 98, 0, 16, 240, 255]"
2626.942013,33828292,"[0, 0, 224, 8, 0, 0, 0, 0]"
2626.942316,33827906,"[0, 0, 0, 98, 0, 16, 239, 255]"
2626.94246,33828290,"[0, 0, 64, 7, 0, 0, 0, 0]"
2626.944204,33929225,"[0, 0, 149, 6, 0, 23, 32, 0]"
2626.944355,33827905,"[0, 0, 0, 226, 0, 16, 9, 0]"
2626.944575,33828289,"[0, 0, 128, 248, 255, 255, 0, 0]"
2626.946038,134551573,"[0, 0, 0, 0, 0, 0, 0, 0]"
2626.946188,134551637,"[0, 0, 0, 0, 0, 0, 0, 192]"
2626.946325,134551701,"[0, 0, 0, 64, 0, 0, 0, 192]"
2626.946468,134551765,"[0, 0, 112, 0, 0, 0, 0, 240]"
2626.946619,33888448,"[0, 0, 0, 0, 0, 0, 0, 0]"
2626.946769,16848960,"[152, 175, 84, 126, 1, 0, 0, 255]"
2626.946902,134551829,"[35, 38, 24, 250, 0, 192, 125, 0]"
2626.94704,33827907,"[0, 0, 0, 226, 0, 16, 1, 0]"
2626.947247,33929223,"[0, 0, 120, 6, 0, 24, 48, 0]"
2626.947412,33929351,"[0, 0, 0, 128, 0, 0, 0, 128]"
2626.947746,33828291,"[0, 0, 224, 251, 255, 255, 0, 0]"
2626.949602,33888256,"[0, 0, 0, 0, 128, 3, 16, 0]"
2626.949752,33888320,"[0, 0, 0, 0, 30, 46, 6, 0]"
2626.949921,33888384,"[0, 0, 0, 0, 0, 0, 0, 0]"
2626.950037,33888512,"[0, 0, 0, 0, 0, 0, 0, 0]"
2626.950258,352595220,"[6, 0, 0, 80, 255, 8, 128, 1]"
2626.950699,33929216,"[0, 0, 165, 6, 0, 24, 0, 0]"
2626.951195,33929353,"[0, 0, 0, 0, 179, 149, 136, 63]"
2626.951859,33827908,"[0, 0, 0, 98, 0, 16, 244, 255]"
2626.952384,33827906,"[0, 0, 0, 98, 0, 16, 240, 255]"
2626.953594,33929226,"[0, 0, 165, 6, 0, 23, 32, 0]"
2626.953745,33929224,"[0, 0, 165, 6, 0, 24, 48, 0]"
2626.953877,33929352,"[0, 0, 0, 128, 0, 0, 0, 128]"
2626.954206,33929225,"[0, 0, 148, 6, 0, 23, 32, 0]"
2626.954371,33827905,"[0, 0, 0, 226, 0, 16, 3, 0]"
2626.956848,33827907,"[0, 0, 0, 226, 0, 16, 246, 255]"
2626.958018,33929221,"[0, 0, 131, 6, 0, 24, 48, 0]"
2626.958169,33929349,"[246, 124, 160, 51, 0, 0, 0, 128]"
2626.959146,33929222,"[0, 0, 156, 6, 0, 24, 48, 0]"
2626.959284,33929350,"[0, 0, 0, 128, 0, 0, 0, 128]"
2626.959635,33888256,"[0, 0, 0, 0, 128, 3, 16, 0]"
2626.960234,352595220,"[6, 0, 0, 80, 255, 8, 128, 1]"
2626.960372,352596180,"[241, 223, 6, 208, 253, 51, 0, 5]"
2626.961874,33827908,"[0, 0, 0, 98, 0, 16, 255, 255]"
2626.962056,33828292,"[0, 0, 224, 8, 0, 0, 0, 0]"
2626.962321,33827906,"[0, 0, 0, 98, 0, 16, 255, 255]"
2626.962488,33828290,"[0, 0, 64, 7, 0, 0, 0, 0]"
2626.964198,33929225,"[0, 0, 148, 6, 0, 23, 32, 0]"
2626.96435,33827905,"[0, 0, 0, 226, 0, 16, 255, 255]"
2626.964573,33828289,"[0, 0, 128, 248, 255, 255, 0, 0]"
2626.965728,262271,"[52, 94, 169, 126, 67, 174, 175, 53]"
2626.966064,134551573,"[0, 0, 0, 0, 0, 0, 0, 0]"
2626.96618,134551637,"[0, 0, 0, 0, 0, 0, 0, 192]"
2626.966332,134551701,"[0, 0, 0, 64, 0, 0, 0, 192]"
2626.966476,134551765,"[0, 0, 112, 0, 0, 0, 0, 240]"
2626.966614,134551829,"[35, 38, 24, 250, 0, 192, 125, 0]"
2626.966934,33827907,"[0, 0, 0, 226, 0, 16, 8, 0]"
2626.96713,33828291,"[0, 0, 224, 251, 255, 255, 0, 0]"
2626.967282,33929223,"[0, 0, 119, 6, 0, 24, 48, 0]"
2626.967412,33929351,"[0, 0, 0, 128, 0, 0, 0, 128]"
2626.96755,16848960,"[152, 175, 84, 126, 1, 0, 0, 255]"
2626.969595,33888320,"[0, 0, 0, 0, 30, 47, 6, 0]"
2626.969747,33888384,"[0, 0, 0, 0, 0, 0, 0, 0]"
2626.969917,33888512,"[0, 0, 0, 0, 0, 0, 0, 0]"
2626.970034,33888256,"[0, 0, 0, 0, 128, 3, 16, 0]"
2626.970243,352595220,"[6, 0, 0, 80, 255, 8, 128, 1]"
2626.970709,33929216,"[0, 0, 165, 6, 0, 24, 0, 0]"
2626.971201,33929353,"[0, 0, 0, 0, 179, 149, 136, 63]"
2626.971885,33827908,"[0, 0, 0, 98, 0, 16, 255, 255]"
2626.972302,33827906,"[0, 0, 0, 98, 0, 16, 0, 0]"
2626.973586,33929226,"[0, 0, 165, 6, 0, 23, 32, 0]"
2626.97373,33929224,"[0, 0, 165, 6, 0, 24, 48, 0]"
2626.973872,33929352,"[0, 0, 0, 128, 0, 0, 0, 128]"
2626.974203,33929225,"[0, 0, 148, 6, 0, 23, 32, 0]"
2626.974355,33827905,"[0, 0, 0, 226, 0, 16, 1, 0]"
2626.976871,33827907,"[0, 0, 0, 226, 0, 16, 3, 0]"
2626.97802,33929221,"[0, 0, 130, 6, 0, 24, 48, 0]"
2626.978166,33929349,"[246, 124, 160, 51, 0, 0, 0, 128]"
2626.979136,33929222,"[0, 0, 155, 6, 0, 24, 48, 0]"
2626.97928,33929350,"[0, 0, 0, 128, 0, 0, 0, 128]"
2626.979623,33888256,"[0, 0, 0, 0, 128, 3, 16, 0]"
2626.980215,352595220,"[6, 0, 0, 80, 255, 8, 128, 1]"
2626.980361,352596180,"[241, 223, 6, 192, 253, 51, 0, 5]"
2626.980519,352596244,"[31, 1, 218, 0, 32, 127, 0, 0]"
2626.980671,352596436,"[10, 0, 160, 0, 0, 1, 0, 0]"
2626.980819,352596500,"[132, 0, 112, 0, 208, 63, 0, 4]"
2626.981634,33888576,"[0, 0, 0, 0, 0, 0, 16, 0]"
2626.981779,33888640,"[0, 0, 0, 0, 0, 0, 0, 0]"
2626.981912,33827908,"[0, 0, 0, 98, 0, 16, 234, 255]"
2626.982193,33828292,"[0, 0, 224, 8, 0, 0, 0, 0]"
2626.982345,33827906,"[0, 0, 0, 98, 0, 16, 239, 255]"
2626.982512,33828290,"[0, 0, 64, 7, 0, 0, 0, 0]"
2626.984234,33929225,"[0, 0, 148, 6, 0, 23, 32, 0]"
2626.984379,33827905,"[0, 0, 0, 226, 0, 16, 246, 255]"
2626.984551,33828289,"[0, 0, 128, 248, 255, 255, 0, 0]"
2626.986035,134551573,"[0, 0, 0, 0, 0, 0, 0, 0]"
2626.986179,134551637,"[0, 0, 0, 0, 0, 0, 0, 192]"
2626.986323,134551701,"[0, 0, 0, 64, 0, 0, 0, 192]"
2626.986467,134551765,"[0, 0, 112, 0, 0, 0, 0, 240]"
2626.986605,134551829,"[35, 38, 24, 250, 0, 192, 125, 0]"
2626.986875,33827907,"[0, 0, 0, 226, 0, 16, 244, 255]"
2626.987056,33828291,"[0, 0, 224, 251, 255, 255, 0, 0]"
2626.987251,33929223,"[0, 0, 120, 6, 0, 24, 48, 0]"
2626.987403,33929351,"[0, 0, 0, 128, 0, 0, 0, 128]"
2626.988418,16848960,"[152, 175, 84, 126, 1, 0, 0, 255]"
2626.989606,33888256,"[0, 0, 0, 0, 128, 3, 16, 0]"
2626.989749,33888320,"[0, 0, 0, 0, 30, 47, 6, 0]"
2626.989895,33888384,"[0, 0, 0, 0, 0, 0, 0, 0]"
2626.990039,33888512,"[0, 0, 0, 0, 0, 0, 0, 0]"
2626.990246,352595220,"[6, 0, 0, 80, 255, 8, 128, 1]"
2626.990701,33929216,"[0, 0, 166, 6, 0, 24, 0, 0]"
2626.991184,33929353,"[0, 0, 0, 0, 179, 149, 136, 63]"
2626.991872,33827908,"[0, 0, 0, 98, 0, 16, 237, 255]"
2626.992296,33827906,"[0, 0, 0, 98, 0, 16, 243, 255]"
2626.993573,33929226,"[0, 0, 165, 6, 0, 23, 32, 0]"
2626.993718,33929224,"[0, 0, 165, 6, 0, 24, 48, 0]"
2626.993864,33929280,"[0, 0, 0, 8, 0, 64, 0, 0]"
2626.994008,33929352,"[0, 0, 0, 128, 0, 0, 0, 128]"
2626.994229,33929225,"[0, 0, 148, 6, 0, 23, 32, 0]"
2626.99438,33827905,"[0, 0, 0, 226, 0, 16, 247, 255]"
2626.996628,33888448,"[0, 0, 0, 0, 0, 0, 0, 0]"
2626.996807,33827907,"[0, 0, 0, 226, 0, 16, 4, 0]"
2626.998019,33929221,"[0, 0, 129, 6, 0, 24, 48, 0]"
2626.998148,33929349,"[246, 124, 160, 51, 0, 0, 0, 128]"
2626.999126,33929222,"[0, 0, 156, 6, 0, 24, 48, 0]"
2626.99927,33929350,"[0, 0, 0, 128, 0, 0, 0, 128]"
2626.999617,33888256,"[0, 0, 0, 0, 128, 3, 16, 0]"
2627.000184,352595220,"[6, 0, 0, 80, 255, 8, 128, 1]"
2627.000343,352596180,"[241, 223, 6, 192, 253, 51, 0, 5]"
2627.001923,33827908,"[0, 0, 0, 98, 0, 16, 253, 255]"
2627.002097,33828292,"[0, 0, 224, 8, 0, 0, 0, 0]"
2627.00238,33827906,"[0, 0, 0, 98, 0, 16, 2, 0]"
2627.002565,33828290,"[0, 0, 64, 7, 0, 0, 0, 0]"
2627.00422,33929225,"[0, 0, 149, 6, 0, 23, 32, 0]"
2627.004366,33827905,"[0, 0, 0, 226, 0, 16, 236, 255]"
2627.004552,33828289,"[0, 0, 128, 248, 255, 255, 0, 0]"
2627.006036,134551573,"[0, 0, 0, 0, 0, 0, 0, 0]"
2627.006181,134551637,"[0, 0, 0, 0, 0, 0, 0, 192]"
2627.006325,134551701,"[0, 0, 0, 64, 0, 0, 0, 192]"
2627.006469,134551765,"[0, 0, 112, 0, 0, 0, 0, 240]"
2627.006607,262271,"[52, 94, 169, 121, 229, 203, 182, 150]"
2627.006737,134551829,"[35, 38, 24, 250, 0, 192, 125, 0]"
2627.006893,33827907,"[0, 0, 0, 226, 0, 16, 8, 0]"
2627.007095,33828291,"[0, 0, 224, 251, 255, 255, 0, 0]"
2627.007247,33929223,"[0, 0, 121, 6, 0, 24, 48, 0]"
2627.007391,33929351,"[0, 0, 0, 128, 0, 0, 0, 128]"
2627.009237,16848960,"[152, 175, 84, 126, 1, 0, 0, 255]"
2627.009616,33888256,"[0, 0, 0, 0, 128, 3, 16, 0]"
2627.009771,33888320,"[0, 0, 0, 0, 30, 47, 6, 0]"
2627.009904,33888384,"[0, 0, 0, 0, 0, 0, 0, 0]"
2627.010071,33888512,"[0, 0, 0, 0, 0, 0, 0, 0]"
2627.01023,352595220,"[6, 0, 0, 80, 255, 8, 128, 1]"
2627.010689,33929216,"[0, 0, 165, 6, 0, 24, 0, 0]"
2627.011187,33929353,"[0, 0, 0, 0, 179, 149, 136, 63]"
2627.011818,33844164,"[0, 0, 0, 0, 1, 26, 19, 0]"
2627.011995,33834820,"[0, 0, 0, 0, 0, 0, 0, 0]"
2627.012382,33844162,"[0, 0, 0, 0, 1, 26, 19, 0]"
2627.012558,33834818,"[0, 0, 0, 0, 0, 0, 0, 0]"
2627.01271,33828932,"[0, 243, 199, 46, 0, 0, 0, 0]"
2627.012844,33827908,"[0, 0, 0, 98, 0, 16, 242, 255]"
2627.013025,33828164,"[249, 127, 0, 64, 83, 22, 29, 24]"
2627.013169,33828930,"[0, 243, 199, 46, 0, 0, 0, 0]"
2627.013321,33827906,"[0, 0, 0, 98, 0, 16, 0, 0]"
2627.013465,33828228,"[0, 0, 64, 231, 0, 0, 0, 0]"
2627.013603,33828162,"[0, 0, 0, 128, 83, 23, 28, 24]"
2627.013747,33929224,"[0, 0, 164, 6, 0, 24, 48, 0]"
2627.013889,33828356,"[0, 0, 0, 0, 0, 0, 0, 128]"
2627.014034,33929226,"[0, 0, 163, 6, 0, 23, 32, 0]"
2627.014186,33828420,"[0, 0, 0, 0, 0, 0, 0, 128]"
2627.014316,33828226,"[0, 0, 64, 189, 0, 0, 0, 0]"
2627.014468,33844161,"[0, 0, 0, 0, 1, 26, 19, 0]"
2627.014584,33828354,"[0, 0, 0, 0, 0, 0, 0, 128]"
2627.014736,33929225,"[0, 0, 148, 6, 0, 23, 32, 0]"
2627.014884,33828484,"[8, 0, 0, 0, 0, 0, 0, 0]"
2627.015023,33929352,"[0, 0, 0, 128, 0, 0, 0, 128]"
2627.015167,33828548,"[0, 0, 4, 0, 0, 0, 0, 0]"
2627.015333,33828418,"[0, 0, 0, 0, 0, 0, 0, 128]"
2627.015463,33834817,"[0, 0, 0, 0, 0, 0, 0, 0]"
2627.015608,33828482,"[8, 0, 0, 0, 0, 0, 0, 0]"
2627.016085,33828929,"[0, 243, 199, 46, 0, 0, 0, 0]"
2627.016266,33828546,"[0, 0, 4, 0, 0, 0, 0, 0]"
2627.016382,33827905,"[0, 0, 0, 226, 0, 16, 246, 255]"
2627.016576,33828161,"[250, 127, 0, 64, 83, 22, 28, 24]"
2627.016954,33844163,"[0, 0, 0, 0, 1, 26, 19, 0]"
2627.017135,33834819,"[0, 0, 0, 0, 0, 0, 0, 0]"
2627.017265,33828225,"[0, 0, 192, 62, 255, 255, 0, 0]"
2627.017488,33828353,"[0, 0, 0, 0, 0, 0, 0, 128]"
2627.017668,33828931,"[0, 243, 199, 46, 0, 0, 0, 0]"
2627.017853,33827907,"[0, 0, 0, 226, 0, 16, 253, 255]"
2627.017984,33828163,"[254, 127, 0, 64, 83, 21, 28, 25]"
2627.018122,33929221,"[0, 0, 128, 6, 0, 24, 48, 0]"
2627.018274,33828227,"[0, 0, 64, 152, 255, 255, 0, 0]"
2627.018426,33828417,"[0, 0, 0, 0, 0, 0, 0, 128]"
2627.018556,33929349,"[246, 124, 160, 51, 0, 0, 0, 128]"
2627.018708,33828481,"[8, 0, 0, 0, 0, 0, 0, 0]"
2627.01885,33828355,"[0, 0, 0, 0, 0, 0, 0, 128]"
2627.019059,33828419,"[0, 0, 0, 0, 0, 0, 0, 128]"
2627.019204,33929222,"[0, 0, 155, 6, 0, 24, 48, 0]"
2627.019341,33828545,"[0, 0, 4, 0, 0, 0, 0, 0]"
2627.019493,33929350,"[0, 0, 0, 128, 0, 0, 0, 128]"
2627.019638,33888256,"[0, 0, 0, 0, 128, 3, 16, 0]"
2627.019794,33828483,"[8, 0, 0, 0, 0, 0, 0, 0]"
2627.019974,33828547,"[0, 0, 4, 0, 0, 0, 0, 0]"
2627.020198,352595220,"[5, 0, 0, 80, 255, 8, 128, 1]"
2627.02035,352596180,"[241, 223, 6, 192, 253, 51, 0, 5]"
2627.021873,33827908,"[0, 0, 0, 98, 0, 16, 241, 255]"
2627.022018,33828292,"[0, 0, 224, 8, 0, 0, 0, 0]"
2627.022284,33827906,"[0, 0, 0, 98, 0, 16, 4, 0]"
2627.022479,33828290,"[0, 0, 64, 7, 0, 0, 0, 0]"
2627.024182,33929225,"[0, 0, 148, 6, 0, 23, 32, 0]"
2627.024334,33827905,"[0, 0, 0, 226, 0, 16, 6, 0]"
2627.024586,33828289,"[0, 0, 128, 248, 255, 255, 0, 0]"
2627.026031,134551573,"[0, 0, 0, 0, 0, 0, 0, 0]"
2627.026169,134551637,"[0, 0, 0, 0, 0, 0, 0, 192]"
2627.026313,134551701,"[0, 0, 0, 64, 0, 0, 0, 192]"
2627.026465,134551765,"[0, 0, 112, 0, 0, 0, 0, 240]"
2627.026603,134551829,"[35, 38, 24, 250, 0, 192, 125, 0]"
2627.026859,33827907,"[0, 0, 0, 226, 0, 16, 21, 0]"
2627.027018,33828291,"[0, 0, 224, 251, 255, 255, 0, 0]"
2627.027227,33929223,"[0, 0, 120, 6, 0, 24, 48, 0]"
2627.027379,33929351,"[0, 0, 0, 128, 0, 0, 0, 128]"
2627.029605,33888256,"[0, 0, 0, 0, 128, 3, 16, 0]"
2627.02975,33888320,"[0, 0, 0, 0, 30, 47, 6, 0]"
2627.029897,33888384,"[0, 0, 0, 0, 0, 0, 0, 0]"
2627.030042,33888512,"[0, 0, 0, 0, 0, 0, 0, 0]"
2627.030187,16848960,"[152, 175, 84, 126, 1, 0, 0, 255]"
2627.030317,352611284,"[0, 0, 0, 0, 1, 26, 19, 0]"
2627.030469,352601940,"[0, 0, 0, 0, 0, 64, 0, 0]"
2627.030613,352595220,"[5, 0, 0, 80, 255, 8, 128, 1]"
2627.030757,33929216,"[0, 0, 164, 6, 0, 24, 0, 0]"
2627.030905,352596308,"[123, 29, 0, 6, 64, 0, 0, 255]"
2627.031058,352596372,"[251, 255, 207, 255, 255, 3, 0, 144]"
2627.031202,33929353,"[0, 0, 0, 0, 179, 149, 136, 63]"
2627.031346,352596692,"[1, 0, 0, 0, 254, 255, 0, 0]"
2627.031499,352596628,"[155, 98, 0, 0, 0, 0, 0, 0]"
2627.031642,352596820,"[0, 0, 0, 0, 0, 0, 0, 0]"
2627.031805,352596884,"[168, 255, 50, 0, 169, 2, 0, 0]"
2627.032001,33827908,"[0, 0, 0, 98, 0, 16, 240, 255]"
2627.032444,33827906,"[0, 0, 0, 98, 0, 16, 243, 255]"
2627.033569,33929226,"[0, 0, 164, 6, 0, 23, 32, 0]"
2627.033713,33929224,"[0, 0, 165, 6, 0, 24, 48, 0]"
2627.033862,33929352,"[0, 0, 0, 128, 0, 0, 0, 128]"
2627.034175,33929225,"[0, 0, 148, 6, 0, 23, 32, 0]"
2627.034318,33827905,"[0, 0, 0, 226, 0, 16, 239, 255]"
2627.034602,33888704,"[0, 0, 0, 0, 0, 0, 0, 0]"
2627.03656,33929290,"[0, 0, 0, 0, 0, 64, 0, 0]"
2627.036862,33827907,"[0, 0, 0, 226, 0, 16, 6, 0]"
2627.038011,33929221,"[0, 0, 129, 6, 0, 24, 48, 0]"
2627.03814,33929349,"[246, 124, 160, 51, 0, 0, 0, 128]"
2627.03912,33929222,"[0, 0, 155, 6, 0, 24, 48, 0]"
2627.039263,33929350,"[0, 0, 0, 128, 0, 0, 0, 128]"
2627.039603,33888256,"[0, 0, 0, 0, 128, 3, 16, 0]"
2627.040174,352595220,"[5, 0, 0, 80, 255, 8, 128, 1]"
2627.040331,352596180,"[241, 223, 6, 208, 253, 47, 0, 5]"
2627.041807,33827908,"[0, 0, 0, 98, 0, 16, 241, 255]"
2627.041979,33828292,"[0, 0, 224, 8, 0, 0, 0, 0]"
2627.042404,33827906,"[0, 0, 0, 98, 0, 16, 243, 255]"
2627.042589,33828290,"[0, 0, 64, 7, 0, 0, 0, 0]"
2627.044194,33929225,"[0, 0, 148, 6, 0, 23, 32, 0]"
2627.044351,33827905,"[0, 0, 0, 226, 0, 16, 238, 255]"
2627.04462,33828289,"[0, 0, 128, 248, 255, 255, 0, 0]"
2627.046028,134551573,"[0, 0, 0, 0, 0, 0, 0, 0]"
2627.046171,134551637,"[0, 0, 0, 0, 0, 0, 0, 192]"
2627.046314,134551701,"[0, 0, 0, 64, 0, 0, 0, 192]"
2627.046457,134551765,"[0, 0, 112, 0, 0, 0, 0, 240]"
2627.046593,134551829,"[35, 38, 24, 250, 0, 192, 125, 0]"
2627.046736,33888448,"[0, 0, 0, 0, 0, 0, 0, 0]"
2627.046911,33827907,"[0, 0, 0, 226, 0, 16, 243, 255]"
2627.047105,33828291,"[0, 0, 224, 251, 255, 255, 0, 0]"
2627.047248,33929223,"[0, 0, 120, 6, 0, 24, 48, 0]"
2627.047377,262271,"[52, 94, 169, 125, 77, 247, 9, 252]"
2627.047528,33929351,"[0, 0, 0, 128, 0, 0, 0, 128]"
2627.0496,33888256,"[0, 0, 0, 0, 128, 3, 16, 0]"
2627.049745,33888320,"[0, 0, 0, 0, 30, 47, 6, 0]"
2627.049887,33888384,"[0, 0, 0, 0, 0, 0, 0, 0]"
2627.050032,33888512,"[0, 0, 0, 0, 0, 0, 0, 0]"
2627.050233,352595220,"[5, 0, 0, 80, 255, 8, 128, 1]"
2627.050684,33929216,"[0, 0, 166, 6, 0, 24, 0, 0]"
2627.050983,16848960,"[152, 175, 84, 126, 1, 0, 0, 255]"
2627.051235,33929353,"[0, 0, 0, 0, 179, 149, 136, 63]"
2627.051831,33827908,"[0, 0, 0, 98, 0, 16, 242, 255]"
2627.052282,33827906,"[0, 0, 0, 98, 0, 16, 249, 255]"
2627.053244,33929287,"[0, 0, 0, 0, 0, 64, 0, 0]"
2627.053573,33929226,"[0, 0, 164, 6, 0, 23, 32, 0]"
2627.053711,33929224,"[0, 0, 165, 6, 0, 24, 48, 0]"
2627.053859,33929352,"[0, 0, 0, 128, 0, 0, 0, 128]"
2627.054183,33929225,"[0, 0, 148, 6, 0, 23, 32, 0]"
2627.054313,33827905,"[0, 0, 0, 226, 0, 16, 243, 255]"
2627.056752,33827907,"[0, 0, 0, 226, 0, 16, 251, 255]"
2627.058004,33929221,"[0, 0, 130, 6, 0, 24, 48, 0]"
2627.058134,33929349,"[246, 124, 160, 51, 0, 0, 0, 128]"
2627.05911,33929350,"[0, 0, 0, 128, 0, 0, 0, 128]"
2627.059254,33929222,"[0, 0, 155, 6, 0, 24, 48, 0]"
2627.05959,33888256,"[0, 0, 0, 0, 128, 3, 16, 0]"
2627.060187,352595220,"[4, 0, 0, 80, 255, 8, 128, 1]"
2627.060331,352596180,"[241, 31, 7, 208, 253, 47, 0, 5]"
2627.061874,33827908,"[0, 0, 0, 98, 0, 16, 246, 255]"
2627.06207,33828292,"[0, 0, 224, 8, 0, 0, 0, 0]"
2627.06237,33827906,"[0, 0, 0, 98, 0, 16, 241, 255]"
2627.062551,33828290,"[0, 0, 64, 7, 0, 0, 0, 0]"
2627.06417,33929225,"[0, 0, 148, 6, 0, 23, 32, 0]"
2627.064308,33827905,"[0, 0, 0, 226, 0, 16, 236, 255]"
2627.064524,33828289,"[0, 0, 128, 248, 255, 255, 0, 0]"
2627.066017,134551573,"[0, 0, 0, 0, 0, 0, 0, 0]"
2627.066183,134551637,"[0, 0, 0, 0, 0, 0, 0, 192]"
2627.066313,134551701,"[0, 0, 0, 64, 0, 0, 0, 192]"
2627.066457,134551765,"[0, 0, 112, 0, 0, 0, 0, 240]"
2627.066587,134551829,"[35, 38, 24, 250, 0, 192, 125, 0]"
2627.066815,33827907,"[0, 0, 0, 226, 0, 16, 244, 255]"
2627.066972,33828291,"[0, 0, 224, 251, 255, 255, 0, 0]"
2627.06723,33929223,"[0, 0, 119, 6, 0, 24, 48, 0]"
2627.067374,33929351,"[0, 0, 0, 128, 0, 0, 0, 128]"
2627.069594,33888256,"[0, 0, 0, 0, 128, 3, 16, 0]"
2627.069738,33888320,"[0, 0, 0, 0, 30, 46, 6, 0]"
2627.069887,33888384,"[0, 0, 0, 0, 0, 0, 0, 0]"
2627.070025,33888512,"[0, 0, 0, 0, 0, 0, 0, 0]"
2627.070198,352595220,"[4, 0, 0, 80, 255, 8, 128, 1]"
2627.070677,33929216,"[0, 0, 164, 6, 0, 24, 0, 0]"
2627.071152,33929353,"[0, 0, 0, 0, 179, 149, 136, 63]"
2627.071877,33827908,"[0, 0, 0, 98, 0, 16, 6, 0]"
2627.072016,16848960,"[152, 175, 84, 126, 1, 0, 0, 255]"
2627.072331,33827906,"[0, 0, 0, 98, 0, 16, 248, 255]"
2627.073577,33929226,"[0, 0, 164, 6, 0, 23, 32, 0]"
2627.073721,33929224,"[0, 0, 165, 6, 0, 24, 48, 0]"
2627.073863,33929352,"[0, 0, 0, 128, 0, 0, 0, 128]"
2627.074193,33929225,"[0, 0, 149, 6, 0, 23, 32, 0]"
2627.074337,33827905,"[0, 0, 0, 226, 0, 16, 7, 0]"
2627.076844,33827907,"[0, 0, 0, 226, 0, 16, 250, 255]"
2627.077998,33929221,"[0, 0, 130, 6, 0, 24, 48, 0]"
2627.078136,33929349,"[246, 124, 160, 51, 0, 0, 0, 128]"
2627.079115,33929222,"[0, 0, 156, 6, 0, 24, 48, 0]"
2627.079258,33929350,"[0, 0, 0, 128, 0, 0, 0, 128]"
2627.079592,33888256,"[0, 0, 0, 0, 128, 3, 16, 0]"
2627.080171,352595220,"[4, 0, 0, 80, 255, 8, 128, 1]"
2627.080328,352596180,"[241, 31, 7, 208, 253, 47, 0, 5]"
2627.080471,352596244,"[30, 1, 225, 0, 32, 127, 0, 0]"
2627.080621,352596436,"[30, 0, 48, 0, 0, 253, 255, 15]"
2627.080782,352596500,"[140, 0, 132, 0, 164, 63, 0, 4]"
2627.081855,33827908,"[0, 0, 0, 98, 0, 16, 5, 0]"
2627.082021,33828292,"[0, 0, 224, 8, 0, 0, 0, 0]"
2627.082332,33827906,"[0, 0, 0, 98, 0, 16, 246, 255]"
2627.082511,33828290,"[0, 0, 64, 7, 0, 0, 0, 0]"
2627.084145,33929225,"[0, 0, 148, 6, 0, 23, 32, 0]"
2627.084288,33827905,"[0, 0, 0, 226, 0, 16, 235, 255]"
2627.084566,33828289,"[0, 0, 128, 248, 255, 255, 0, 0]"
2627.086017,134551573,"[0, 0, 0, 0, 0, 0, 0, 0]"
2627.086159,134551637,"[0, 0, 0, 0, 0, 0, 0, 192]"
2627.086302,134551701,"[0, 0, 0, 64, 0, 0, 0, 192]"
2627.086452,134551765,"[0, 0, 112, 0, 0, 0, 0, 240]"
2627.086581,134551829,"[35, 38, 24, 250, 0, 192, 125, 0]"
2627.086855,33827907,"[0, 0, 0, 226, 0, 16, 1, 0]"
2627.087034,33929285,"[0, 0, 0, 0, 0, 64, 0, 0]"
2627.087149,33828291,"[0, 0, 224, 251, 255, 255, 0, 0]"
2627.087292,33929223,"[0, 0, 119, 6, 0, 24, 48, 0]"
2627.087435,33929351,"[0, 0, 0, 128, 0, 0, 0, 128]"
2627.088211,262271,"[52, 94, 169, 125, 195, 18, 235, 2]"
2627.089595,33888256,"[0, 0, 0, 0, 128, 3, 16, 0]"
2627.089724,33888320,"[0, 0, 0, 0, 30, 47, 6, 0]"
2627.08987,33888384,"[0, 0, 0, 0, 0, 0, 0, 0]"
2627.090028,33888512,"[0, 0, 0, 0, 0, 0, 0, 0]"
2627.090226,352595220,"[4, 0, 0, 80, 255, 8, 128, 1]"
2627.090673,33929216,"[0, 0, 165, 6, 0, 24, 0, 0]"
2627.091139,33929353,"[0, 0, 0, 0, 179, 149, 136, 63]"
2627.091872,33827908,"[0, 0, 0, 98, 0, 16, 251, 255]"
2627.09232,33827906,"[0, 0, 0, 98, 0, 16, 253, 255]"
2627.092828,16848960,"[152, 175, 84, 126, 1, 0, 0, 255]"
2627.093557,33929226,"[0, 0, 165, 6, 0, 23, 32, 0]"
2627.093699,33929224,"[0, 0, 165, 6, 0, 24, 48, 0]"
2627.093846,33929352,"[0, 0, 0, 128, 0, 0, 0, 128]"
2627.09418,33929225,"[0, 0, 148, 6, 0, 23, 32, 0]"
2627.09431,33827905,"[0, 0, 0, 226, 0, 16, 228, 255]"
2627.096573,33888448,"[0, 0, 0, 0, 0, 0, 0, 0]"
2627.096821,33827907,"[0, 0, 0, 226, 0, 16, 252, 255]"
2627.097995,33929221,"[0, 0, 130, 6, 0, 24, 48, 0]"
2627.098125,33929349,"[246, 124, 160, 51, 0, 0, 0, 128]"
2627.099101,33929222,"[0, 0, 156, 6, 0, 24, 48, 0]"
2627.099245,33929350,"[0, 0, 0, 128, 0, 0, 0, 128]"
2627.099574,33888256,"[0, 0, 0, 0, 128, 3, 16, 0]"
2627.100158,352595220,"[4, 0, 0, 80, 255, 9, 128, 1]"
2627.10031,352596180,"[241, 31, 7, 208, 253, 47, 0, 5]"
2627.101786,33827908,"[0, 0, 0, 98, 0, 16, 253, 255]"
2627.101973,33828292,"[0, 0, 224, 8, 0, 0, 0, 0]"
2627.102254,33827906,"[0, 0, 0, 98, 0, 16, 13, 0]"
2627.102441,33828290,"[0, 0, 64, 7, 0, 0, 0, 0]"
2627.104141,33929225,"[0, 0, 148, 6, 0, 23, 32, 0]"
2627.104299,33827905,"[0, 0, 0, 226, 0, 16, 240, 255]"
2627.104472,33828289,"[0, 0, 128, 248, 255, 255, 0, 0]"
2627.106013,134551573,"[0, 0, 0, 0, 0, 0, 0, 0]"
2627.106157,134551637,"[0, 0, 0, 0, 0, 0, 0, 192]"
2627.106301,134551701,"[0, 0, 0, 64, 0, 0, 0, 192]"
2627.106446,134551765,"[0, 0, 112, 0, 0, 0, 0, 240]"
2627.106583,134551829,"[35, 38, 24, 250, 0, 192, 125, 0]"
2627.106874,33827907,"[0, 0, 0, 226, 0, 16, 250, 255]"
2627.107047,33828291,"[0, 0, 224, 251, 255, 255, 0, 0]"
2627.107256,33929223,"[0, 0, 120, 6, 0, 24, 48, 0]"
2627.107401,33929351,"[0, 0, 0, 128, 0, 0, 0, 128]"
2627.109568,33888256,"[0, 0, 0, 0, 128, 3, 16, 0]"
2627.10972,33888320,"[0, 0, 0, 0, 30, 47, 6, 0]"
2627.109868,33888384,"[0, 0, 0, 0, 0, 0, 0, 0]"
2627.110013,33888512,"[0, 0, 0, 0, 0, 0, 0, 0]"
2627.110229,352595220,"[4, 0, 0, 80, 255, 8, 128, 1]"
2627.110665,33929216,"[0, 0, 166, 6, 0, 24, 0, 0]"
2627.111135,33929353,"[0, 0, 0, 0, 179, 149, 136, 63]"
2627.111889,33827908,"[0, 0, 0, 98, 0, 16, 247, 255]"
2627.112341,33827906,"[0, 0, 0, 98, 0, 16, 252, 255]"
2627.113556,33929226,"[0, 0, 164, 6, 0, 23, 32, 0]"
2627.1137,33929224,"[0, 0, 165, 6, 0, 24, 48, 0]"
2627.113834,33929352,"[0, 0, 0, 128, 0, 0, 0, 128]"
2627.11413,33929225,"[0, 0, 149, 6, 0, 23, 32, 0]"
2627.114274,33827905,"[0, 0, 0, 226, 0, 16, 249, 255]"
2627.116301,16848960,"[152, 175, 84, 126, 1, 0, 0, 255]"
2627.116798,33827907,"[0, 0, 0, 226, 0, 16, 4, 0]"
2627.118001,33929221,"[0, 0, 130, 6, 0, 24, 48, 0]"
2627.118131,33929349,"[246, 124, 160, 51, 0, 0, 0, 128]"
2627.119093,33929222,"[0, 0, 155, 6, 0, 24, 48, 0]"
2627.119237,33929350,"[0, 0, 0, 128, 0, 0, 0, 128]"
2627.119566,33888256,"[0, 0, 0, 0, 128, 3, 16, 0]"
2627.120178,352595220,"[5, 0, 0, 80, 255, 8, 128, 1]"
2627.120344,352596180,"[241, 31, 7, 208, 253, 47, 0, 5]"
2627.121806,33827908,"[0, 0, 0, 98, 0, 16, 3, 0]"
2627.121994,33828292,"[0, 0, 224, 8, 0, 0, 0, 0]"
2627.122288,33827906,"[0, 0, 0, 98, 0, 16, 6, 0]"
2627.122447,33828290,"[0, 0, 64, 7, 0, 0, 0, 0]"
2627.123622,33929288,"[0, 0, 0, 0, 0, 64, 0, 0]"
2627.124189,33929225,"[0, 0, 147, 6, 0, 23, 32, 0]"
2627.124303,33827905,"[0, 0, 0, 226, 0, 16, 253, 255]"
2627.124474,33828289,"[0, 0, 128, 248, 255, 255, 0, 0]"
2627.125995,134551573,"[0, 0, 0, 0, 0, 0, 0, 0]"
2627.126146,134551637,"[0, 0, 0, 0, 0, 0, 0, 192]"
2627.126289,134551701,"[0, 0, 0, 64, 0, 0, 0, 192]"
2627.126432,134551765,"[0, 0, 112, 0, 0, 0, 0, 240]"
2627.126575,134551829,"[35, 38, 24, 250, 0, 192, 125, 0]"
2627.126856,33827907,"[0, 0, 0, 226, 0, 16, 0, 0]"
2627.127028,33828291,"[0, 0, 224, 251, 255, 255, 0, 0]"
2627.127213,33929223,"[0, 0, 119, 6, 0, 24, 48, 0]"
2627.127356,33929351,"[0, 0, 0, 128, 0, 0, 0, 128]"
2627.129152,262271,"[52, 94, 169, 122, 91, 194, 205, 45]"
2627.129571,33888256,"[0, 0, 0, 0, 128, 3, 16, 0]"
2627.129714,33888320,"[0, 0, 0, 0, 30, 46, 6, 0]"
2627.12986,33888384,"[0, 0, 0, 0, 0, 0, 0, 0]"
2627.130012,33888512,"[0, 0, 0, 0, 0, 0, 0, 0]"
2627.130225,352595220,"[5, 0, 0, 80, 255, 8, 128, 1]"
2627.130672,33929216,"[0, 0, 163, 6, 0, 24, 0, 0]"
2627.131116,33929353,"[0, 0, 0, 0, 179, 149, 136, 63]"
2627.131834,33827908,"[0, 0, 0, 98, 0, 16, 247, 255]"
2627.132295,33827906,"[0, 0, 0, 98, 0, 16, 247, 255]"
2627.133558,33929226,"[0, 0, 164, 6, 0, 23, 32, 0]"
2627.133701,33929224,"[0, 0, 165, 6, 0, 24, 48, 0]"
2627.133842,33929352,"[0, 0, 0, 128, 0, 0, 0, 128]"
2627.134126,33929225,"[0, 0, 147, 6, 0, 23, 32, 0]"
2627.134311,33827905,"[0, 0, 0, 226, 0, 16, 251, 255]"
2627.13681,33827907,"[0, 0, 0, 226, 0, 16, 254, 255]"
2627.137145,16848960,"[152, 175, 84, 126, 1, 0, 0, 255]"
2627.137978,33929349,"[246, 124, 160, 51, 0, 0, 0, 128]"
2627.138121,33929221,"[0, 0, 129, 6, 0, 24, 48, 0]"
2627.139102,33929222,"[0, 0, 156, 6, 0, 24, 48, 0]"
2627.139246,33929350,"[0, 0, 0, 128, 0, 0, 0, 128]"
2627.139568,33888256,"[0, 0, 0, 0, 128, 3, 16, 0]"
2627.140185,352595220,"[5, 0, 0, 80, 255, 8, 128, 1]"
2627.140337,352596180,"[241, 31, 7, 208, 253, 47, 0, 5]"
2627.141858,33827908,"[0, 0, 0, 98, 0, 16, 252, 255]"
2627.142068,33828292,"[0, 0, 224, 8, 0, 0, 0, 0]"
2627.142354,33827906,"[0, 0, 0, 98, 0, 16, 244, 255]"
2627.142555,33828290,"[0, 0, 64, 7, 0, 0, 0, 0]"
2627.144124,33888265,"[0, 0, 255, 255, 255, 255, 0, 0]"
2627.144268,33827905,"[0, 0, 0, 226, 0, 16, 0, 0]"
2627.144398,33929225,"[0, 0, 147, 6, 0, 23, 32, 0]"
2627.144565,33828289,"[0, 0, 128, 248, 255, 255, 0, 0]"
2627.144695,33929289,"[0, 0, 0, 8, 0, 64, 0, 0]"
2627.145988,134551573,"[0, 0, 0, 0, 0, 0, 0, 0]"
2627.146133,134551637,"[0, 0, 0, 0, 0, 0, 0, 192]"
2627.146291,134551701,"[0, 0, 0, 64, 0, 0, 0, 192]"
2627.146429,134551765,"[0, 0, 112, 0, 0, 0, 0, 240]"
2627.146573,33888448,"[0, 0, 0, 0, 0, 0, 0, 0]"
2627.146717,134551829,"[35, 38, 24, 250, 0, 192, 125, 0]"
2627.146893,33827907,"[0, 0, 0, 226, 0, 16, 248, 255]"
2627.147074,33828291,"[0, 0, 224, 251, 255, 255, 0, 0]"
2627.147218,33929223,"[0, 0, 120, 6, 0, 24, 48, 0]"
2627.147361,33929351,"[0, 0, 0, 128, 0, 0, 0, 128]"
2627.149581,33888256,"[0, 0, 0, 0, 128, 3, 16, 0]"
2627.149711,33888320,"[0, 0, 0, 0, 30, 47, 6, 0]"
2627.149859,33888384,"[0, 0, 0, 0, 0, 0, 0, 0]"
2627.150004,33888512,"[0, 0, 0, 0, 0, 0, 0, 0]"
2627.150184,352595220,"[5, 0, 0, 80, 255, 8, 128, 1]"
2627.150655,33929216,"[0, 0, 165, 6, 0, 24, 0, 0]"
2627.151109,33929353,"[0, 0, 0, 0, 179, 149, 136, 63]"
2627.15189,33827908,"[0, 0, 0, 98, 0, 16, 247, 255]"
2627.152342,33827906,"[0, 0, 0, 98, 0, 16, 249, 255]"
2627.153545,33929226,"[0, 0, 164, 6, 0, 23, 32, 0]"
2627.15369,33929224,"[0, 0, 165, 6, 0, 24, 48, 0]"
2627.153824,33929352,"[0, 0, 0, 128, 0, 0, 0, 128]"
2627.154119,33929225,"[0, 0, 148, 6, 0, 23, 32, 0]"
2627.154263,33827905,"[0, 0, 0, 226, 0, 16, 242, 255]"
2627.156797,33827907,"[0, 0, 0, 226, 0, 16, 22, 0]"
2627.157972,33929349,"[246, 124, 160, 51, 0, 0, 0, 128]"
2627.158116,16848960,"[152, 175, 84, 126, 1, 0, 0, 255]"
2627.15826,33929221,"[0, 0, 130, 6, 0, 24, 48, 0]"
2627.159084,33929222,"[0, 0, 156, 6, 0, 24, 48, 0]"
2627.159236,33929350,"[0, 0, 0, 128, 0, 0, 0, 128]"
2627.159565,33888256,"[0, 0, 0, 0, 128, 3, 16, 0]"
2627.160583,352595220,"[5, 0, 0, 80, 255, 8, 128, 1]"
2627.160742,352596180,"[241, 31, 7, 208, 253, 51, 0, 5]"
2627.161807,33827908,"[0, 0, 0, 98, 0, 16, 254, 255]"
2627.161965,33828292,"[0, 0, 224, 8, 0, 0, 0, 0]"
2627.162288,33827906,"[0, 0, 0, 98, 0, 16, 242, 255]"
2627.16246,33828290,"[0, 0, 64, 7, 0, 0, 0, 0]"
2627.164116,33929225,"[0, 0, 148, 6, 0, 23, 32, 0]"
2627.164246,33827905,"[0, 0, 0, 226, 0, 16, 229, 255]"
2627.164504,33828289,"[0, 0, 128, 248, 255, 255, 0, 0]"
2627.165088,33929286,"[0, 0, 0, 0, 0, 64, 0, 0]"
2627.165991,134551573,"[0, 0, 0, 0, 0, 0, 0, 0]"
2627.166135,134551637,"[0, 0, 0, 0, 0, 0, 0, 192]"
2627.166279,134551701,"[0, 0, 0, 64, 0, 0, 0, 192]"
2627.166422,134551765,"[0, 0, 112, 0, 0, 0, 0, 240]"
2627.166574,134551829,"[36, 38, 24, 250, 0, 192, 125, 0]"
2627.166878,33827907,"[0, 0, 0, 226, 0, 16, 252, 255]"
2627.167052,33828291,"[0, 0, 224, 251, 255, 255, 0, 0]"
2627.167218,33929223,"[0, 0, 120, 6, 0, 24, 48, 0]"
2627.167362,33929351,"[0, 0, 0, 128, 0, 0, 0, 128]"
2627.169569,33888256,"[0, 0, 0, 0, 128, 3, 16, 0]"
2627.169705,33888320,"[0, 0, 0, 0, 30, 47, 6, 0]"
2627.169852,33888384,"[0, 0, 0, 0, 0, 0, 0, 0]"
2627.169995,33888512,"[0, 0, 0, 0, 0, 0, 0, 0]"
2627.170137,262271,"[52, 94, 169, 127, 203, 240, 58, 57]"
2627.170625,352595220,"[6, 0, 0, 80, 255, 8, 128, 1]"
2627.170772,33929216,"[0, 0, 165, 6, 0, 24, 0, 0]"
2627.171093,33929353,"[0, 0, 0, 0, 179, 149, 136, 63]"
2627.171826,33827908,"[0, 0, 0, 98, 0, 16, 247, 255]"
2627.17226,33827906,"[0, 0, 0, 98, 0, 16, 1, 0]"
2627.173536,33929226,"[0, 0, 164, 6, 0, 23, 32, 0]"
2627.173679,33929224,"[0, 0, 164, 6, 0, 24, 48, 0]"
2627.173825,33929352,"[0, 0, 0, 128, 0, 0, 0, 128]"
2627.174103,33929225,"[0, 0, 148, 6, 0, 23, 32, 0]"
2627.174246,33827905,"[0, 0, 0, 226, 0, 16, 232, 255]"
2627.176831,33827907,"[0, 0, 0, 226, 0, 16, 254, 255]"
2627.17798,33929221,"[0, 0, 130, 6, 0, 24, 48, 0]"
2627.178116,33929349,"[246, 124, 160, 51, 0, 0, 0, 128]"
2627.17892,16848960,"[152, 175, 84, 126, 1, 0, 0, 255]"
2627.179091,33929222,"[0, 0, 155, 6, 0, 24, 48, 0]"
2627.179242,33929350,"[0, 0, 0, 128, 0, 0, 0, 128]"
2627.179554,33888256,"[0, 0, 0, 0, 128, 3, 16, 0]"
2627.180508,352595220,"[6, 0, 0, 80, 255, 8, 128, 1]"
2627.180651,352596180,"[241, 223, 6, 192, 253, 51, 0, 5]"
2627.180811,352596244,"[31, 1, 221, 0, 32, 127, 0, 0]"
2627.180962,352596436,"[237, 255, 47, 255, 255, 252, 255, 15]"
2627.181105,352596500,"[172, 0, 76, 0, 212, 63, 0, 4]"
2627.181565,33888576,"[0, 0, 0, 0, 0, 0, 16, 0]"
2627.181707,33888640,"[0, 0, 0, 0, 0, 0, 0, 0]"
2627.181952,33827908,"[0, 0, 0, 98, 0, 16, 0, 0]"
2627.182146,33828292,"[0, 0, 224, 8, 0, 0, 0, 0]"
2627.182415,33827906,"[0, 0, 0, 98, 0, 16, 8, 0]"
2627.182586,33828290,"[0, 0, 64, 7, 0, 0, 0, 0]"
2627.184103,33929225,"[0, 0, 149, 6, 0, 23, 32, 0]"
2627.184247,33827905,"[0, 0, 0, 226, 0, 16, 242, 255]"
2627.184485,33828289,"[0, 0, 128, 248, 255, 255, 0, 0]"
2627.185996,134551573,"[0, 0, 0, 0, 0, 0, 0, 0]"
2627.18614,134551637,"[0, 0, 0, 0, 0, 0, 0, 192]"
2627.186284,134551701,"[0, 0, 0, 64, 0, 0, 0, 192]"
2627.186428,134551765,"[0, 0, 112, 0, 0, 0, 0, 240]"
2627.18658,134551829,"[36, 38, 24, 250, 0, 192, 125, 0]"
2627.186843,33827907,"[0, 0, 0, 226, 0, 16, 250, 255]"
2627.187016,33828291,"[0, 0, 224, 251, 255, 255, 0, 0]"
2627.187197,33929223,"[0, 0, 120, 6, 0, 24, 48, 0]"
2627.187341,33929351,"[0, 0, 0, 128, 0, 0, 0, 128]"
2627.189572,33888256,"[0, 0, 0, 0, 128, 3, 16, 0]"
2627.189715,33888320,"[0, 0, 0, 0, 30, 47, 6, 0]"
2627.189864,33888384,"[0, 0, 0, 0, 0, 0, 0, 0]"
2627.190009,33888512,"[0, 0, 0, 0, 0, 0, 0, 0]"
2627.190417,352595220,"[6, 0, 0, 80, 255, 8, 128, 1]"
2627.190646,33929216,"[0, 0, 165, 6, 0, 24, 0, 0]"
2627.191088,33929353,"[0, 0, 0, 0, 179, 149, 136, 63]"
2627.191813,33827908,"[0, 0, 0, 98, 0, 16, 252, 255]"
2627.192222,33827906,"[0, 0, 0, 98, 0, 16, 251, 255]"
2627.193536,33929226,"[0, 0, 165, 6, 0, 23, 32, 0]"
2627.193687,33929224,"[0, 0, 165, 6, 0, 24, 48, 0]"
2627.193821,33929352,"[0, 0, 0, 128, 0, 0, 0, 128]"
2627.194095,33929225,"[0, 0, 148, 6, 0, 23, 32, 0]"
2627.194289,33827905,"[0, 0, 0, 226, 0, 16, 6, 0]"
2627.196551,33888448,"[0, 0, 0, 0, 0, 0, 0, 0]"
2627.196755,33827907,"[0, 0, 0, 226, 0, 16, 248, 255]"
2627.197971,33929221,"[0, 0, 130, 6, 0, 24, 48, 0]"
2627.198102,33929349,"[246, 124, 160, 51, 0, 0, 0, 128]"
2627.199092,33929222,"[0, 0, 156, 6, 0, 24, 48, 0]"
2627.199236,33929350,"[0, 0, 0, 128, 0, 0, 0, 128]"
2627.199545,33888256,"[0, 0, 0, 0, 128, 3, 16, 0]"
2627.199731,16848960,"[152, 175, 84, 126, 1, 0, 0, 255]"
2627.200229,352595220,"[6, 0, 0, 80, 255, 8, 128, 1]"
2627.200394,352596180,"[241, 223, 6, 192, 253, 51, 0, 5]"
2627.201856,33827908,"[0, 0, 0, 98, 0, 16, 255, 255]"
2627.202058,33828292,"[0, 0, 224, 8, 0, 0, 0, 0]"
2627.202309,33827906,"[0, 0, 0, 98, 0, 16, 0, 0]"
2627.202482,33828290,"[0, 0, 64, 7, 0, 0, 0, 0]"
2627.204095,33929225,"[0, 0, 148, 6, 0, 23, 32, 0]"
2627.204239,33827905,"[0, 0, 0, 226, 0, 16, 240, 255]"
2627.204476,33828289,"[0, 0, 128, 248, 255, 255, 0, 0]"
2627.205981,134551573,"[0, 0, 0, 0, 0, 0, 0, 0]"
2627.206125,134551637,"[0, 0, 0, 0, 0, 0, 0, 192]"
2627.206277,134551701,"[0, 0, 0, 64, 0, 0, 0, 192]"
2627.206422,134551765,"[0, 0, 112, 0, 0, 0, 0, 240]"
2627.206566,134551829,"[36, 38, 24, 250, 0, 192, 125, 0]"
2627.206807,33827907,"[0, 0, 0, 226, 0, 16, 252, 255]"
2627.206995,33828291,"[0, 0, 224, 251, 255, 255, 0, 0]"
2627.207196,33929223,"[0, 0, 119, 6, 0, 24, 48, 0]"
2627.20734,33929351,"[0, 0, 0, 128, 0, 0, 0, 128]"
2627.20957,33888256,"[0, 0, 0, 0, 128, 3, 16, 0]"
2627.209708,33888320,"[0, 0, 0, 0, 30, 47, 6, 0]"
2627.209856,33888384,"[0, 0, 0, 0, 0, 0, 0, 0]"
2627.210001,33888512,"[0, 0, 0, 0, 0, 0, 0, 0]"
2627.210225,352595220,"[6, 0, 0, 80, 255, 8, 128, 1]"
2627.210653,33929216,"[0, 0, 165, 6, 0, 24, 0, 0]"
2627.210809,262271,"[52, 94, 169, 127, 252, 156, 109, 106]"
2627.211082,33929353,"[0, 0, 0, 0, 179, 149, 136, 63]"
2627.211877,33827908,"[0, 0, 0, 98, 0, 16, 5, 0]"
2627.212285,33827906,"[0, 0, 0, 98, 0, 16, 7, 0]"
2627.213515,33929226,"[0, 0, 164, 6, 0, 23, 32, 0]"
2627.213667,33929224,"[0, 0, 165, 6, 0, 24, 48, 0]"
2627.213816,33929352,"[0, 0, 0, 128, 0, 0, 0, 128]"
2627.214088,33929225,"[0, 0, 148, 6, 0, 23, 32, 0]"
2627.21423,33827905,"[0, 0, 0, 226, 0, 16, 235, 255]"
2627.21675,33827907,"[0, 0, 0, 226, 0, 16, 244, 255]"
2627.217957,33929221,"[0, 0, 130, 6, 0, 24, 48, 0]"
2627.218101,33929349,"[246, 124, 160, 51, 0, 0, 0, 128]"
2627.219068,33929222,"[0, 0, 155, 6, 0, 24, 48, 0]"
2627.219224,33929350,"[0, 0, 0, 128, 0, 0, 0, 128]"
2627.219571,33888256,"[0, 0, 0, 0, 128, 3, 16, 0]"
2627.220177,352595220,"[5, 0, 0, 80, 255, 8, 128, 1]"
2627.220319,352596180,"[241, 223, 6, 192, 253, 51, 0, 5]"
2627.220925,16848960,"[152, 175, 84, 126, 1, 0, 0, 255]"
2627.221801,33827908,"[0, 0, 0, 98, 0, 16, 243, 255]"
2627.221966,33828292,"[0, 0, 224, 8, 0, 0, 0, 0]"
2627.222377,33827906,"[0, 0, 0, 98, 0, 16, 251, 255]"
2627.222534,33828290,"[0, 0, 64, 7, 0, 0, 0, 0]"
2627.224089,33929225,"[0, 0, 148, 6, 0, 23, 32, 0]"
2627.224231,33827905,"[0, 0, 0, 226, 0, 16, 252, 255]"
2627.224495,33828289,"[0, 0, 128, 248, 255, 255, 0, 0]"
2627.225975,134551573,"[0, 0, 0, 0, 0, 0, 0, 0]"
2627.22614,134551637,"[0, 0, 0, 0, 0, 0, 0, 192]"
2627.226269,134551701,"[0, 0, 0, 64, 0, 0, 0, 192]"
2627.226412,134551765,"[0, 0, 112, 0, 0, 0, 0, 240]"
2627.226554,134551829,"[36, 38, 24, 250, 0, 192, 125, 0]"
2627.226821,33827907,"[0, 0, 0, 226, 0, 16, 232, 255]"
2627.227021,33828291,"[0, 0, 224, 251, 255, 255, 0, 0]"
2627.227191,33929223,"[0, 0, 119, 6, 0, 24, 48, 0]"
2627.22737,33929351,"[0, 0, 0, 128, 0, 0, 0, 128]"
2627.229562,33888256,"[0, 0, 0, 0, 128, 3, 16, 0]"
2627.2297,33888320,"[0, 0, 0, 0, 30, 47, 6, 0]"
2627.229848,33888384,"[0, 0, 0, 0, 0, 0, 0, 0]"
2627.230008,33888512,"[0, 0, 0, 0, 0, 0, 0, 0]"
2627.230188,352595220,"[5, 0, 0, 80, 255, 8, 128, 1]"
2627.230638,33929216,"[0, 0, 165, 6, 0, 24, 0, 0]"
2627.231078,33929353,"[0, 0, 0, 0, 179, 149, 136, 63]"
2627.231781,33827908,"[0, 0, 0, 98, 0, 16, 240, 255]"
2627.232332,33827906,"[0, 0, 0, 98, 0, 16, 0, 0]"
2627.233521,33929226,"[0, 0, 165, 6, 0, 23, 32, 0]"
2627.233666,33929224,"[0, 0, 166, 6, 0, 24, 48, 0]"
2627.233808,33929352,"[0, 0, 0, 128, 0, 0, 0, 128]"
2627.23408,33929225,"[0, 0, 149, 6, 0, 23, 32, 0]"
2627.234246,33827905,"[0, 0, 0, 226, 0, 16, 243, 255]"
2627.236719,33827907,"[0, 0, 0, 226, 0, 16, 252, 255]"
2627.237969,33929221,"[0, 0, 130, 6, 0, 24, 48, 0]"
2627.238113,33929349,"[246, 124, 160, 51, 0, 0, 0, 128]"
2627.239072,33929222,"[0, 0, 156, 6, 0, 24, 48, 0]"
2627.239216,33929350,"[0, 0, 0, 128, 0, 0, 0, 128]"
2627.239553,33888256,"[0, 0, 0, 0, 128, 3, 16, 0]"
2627.240136,352595220,"[5, 0, 0, 80, 255, 8, 128, 1]"
2627.240295,352596180,"[241, 223, 6, 192, 253, 47, 0, 5]"
2627.241787,16848960,"[152, 175, 84, 126, 1, 0, 0, 255]"
2627.241924,33827908,"[0, 0, 0, 98, 0, 16, 255, 255]"
2627.242126,33828292,"[0, 0, 224, 8, 0, 0, 0, 0]"
2627.242369,33827906,"[0, 0, 0, 98, 0, 16, 248, 255]"
2627.242549,33828290,"[0, 0, 64, 7, 0, 0, 0, 0]"
2627.243651,33929280,"[0, 0, 0, 8, 0, 64, 0, 0]"
2627.244071,33929225,"[0, 0, 149, 6, 0, 23, 32, 0]"
2627.244237,33827905,"[0, 0, 0, 226, 0, 16, 233, 255]"
2627.244481,33828289,"[0, 0, 128, 248, 255, 255, 0, 0]"
2627.245965,134551573,"[0, 0, 0, 0, 0, 0, 0, 0]"
2627.24611,134551637,"[0, 0, 0, 0, 0, 0, 0, 192]"
2627.246254,134551701,"[0, 0, 0, 64, 0, 0, 0, 192]"
2627.246405,134551765,"[0, 0, 112, 0, 0, 0, 0, 240]"
2627.246535,134551829,"[35, 38, 24, 250, 0, 192, 125, 0]"
2627.246693,33888448,"[0, 0, 0, 0, 0, 0, 0, 0]"
2627.246827,33827907,"[0, 0, 0, 226, 0, 16, 3, 0]"
2627.246994,33828291,"[0, 0, 224, 251, 255, 255, 0, 0]"
2627.24718,33929223,"[0, 0, 120, 6, 0, 24, 48, 0]"
2627.247324,33929351,"[0, 0, 0, 128, 0, 0, 0, 128]"
2627.249558,33888256,"[0, 0, 0, 0, 128, 3, 16, 0]"
2627.249702,33888320,"[0, 0, 0, 0, 30, 47, 6, 0]"
2627.24985,33888384,"[0, 0, 0, 0, 0, 0, 0, 0]"
2627.249988,33888512,"[0, 0, 0, 0, 0, 0, 0, 0]"
2627.25016,352595220,"[5, 0, 0, 80, 255, 8, 128, 1]"
2627.250638,33929216,"[0, 0, 164, 6, 0, 24, 0, 0]"
2627.251071,33929353,"[0, 0, 0, 0, 179, 149, 136, 63]"
2627.251607,262271,"[52, 94, 168, 121, 0, 82, 183, 238]"
2627.25182,33827908,"[0, 0, 0, 98, 0, 16, 9, 0]"
2627.252372,33827906,"[0, 0, 0, 98, 0, 16, 238, 255]"
2627.253517,33929226,"[0, 0, 164, 6, 0, 23, 32, 0]"
2627.253661,33929224,"[0, 0, 165, 6, 0, 24, 48, 0]"
2627.253809,33929352,"[0, 0, 0, 128, 0, 0, 0, 128]"
2627.254061,33929225,"[0, 0, 148, 6, 0, 23, 32, 0]"
2627.254219,33827905,"[0, 0, 0, 226, 0, 16, 231, 255]"
2627.256768,33827907,"[0, 0, 0, 226, 0, 16, 7, 0]"
2627.257962,33929221,"[0, 0, 129, 6, 0, 24, 48, 0]"
2627.258093,33929349,"[246, 124, 160, 51, 0, 0, 0, 128]"
2627.259073,33929222,"[0, 0, 156, 6, 0, 24, 48, 0]"
2627.25921,33929350,"[0, 0, 0, 128, 0, 0, 0, 128]"
2627.25955,33888256,"[0, 0, 0, 0, 128, 3, 16, 0]"
2627.260129,352595220,"[4, 0, 0, 80, 255, 8, 128, 1]"
2627.260286,352596180,"[241, 31, 7, 192, 253, 47, 0, 5]"
2627.261756,33844164,"[0, 0, 0, 0, 1, 26, 19, 0]"
2627.261927,33834820,"[0, 0, 0, 0, 0, 0, 0, 0]"
2627.262162,33828932,"[0, 243, 199, 46, 0, 0, 0, 0]"
2627.262291,33844162,"[0, 0, 0, 0, 1, 26, 19, 0]"
2627.262484,33834818,"[0, 0, 0, 0, 0, 0, 0, 0]"
2627.262697,33827908,"[0, 0, 0, 98, 0, 16, 252, 255]"
2627.262844,16848960,"[152, 175, 84, 126, 1, 0, 0, 255]"
2627.262988,33828164,"[254, 127, 0, 128, 83, 22, 28, 24]"
2627.263124,33828930,"[0, 243, 199, 46, 0, 0, 0, 0]"
2627.263267,33828228,"[0, 0, 64, 231, 0, 0, 0, 0]"
2627.26341,33827906,"[0, 0, 0, 98, 0, 16, 236, 255]"
2627.263702,33828292,"[0, 0, 224, 8, 0, 0, 0, 0]"
2627.263849,33828356,"[0, 0, 0, 0, 0, 0, 0, 128]"
2627.264049,33828420,"[0, 0, 0, 0, 0, 0, 0, 128]"
2627.264192,33828162,"[246, 127, 0, 128, 83, 23, 28, 24]"
2627.264314,33844161,"[0, 0, 0, 0, 1, 26, 19, 0]"
2627.264457,33828226,"[0, 0, 64, 189, 0, 0, 0, 0]"
2627.2646,33834817,"[0, 0, 0, 0, 0, 0, 0, 0]"
2627.264746,33929225,"[0, 0, 148, 6, 0, 23, 32, 0]"
2627.264897,33828484,"[8, 0, 0, 0, 0, 0, 0, 0]"
2627.26504,33828929,"[0, 243, 199, 46, 0, 0, 0, 0]"
2627.265183,33828290,"[0, 0, 64, 7, 0, 0, 0, 0]"
2627.265325,33827905,"[0, 0, 0, 226, 0, 16, 255, 255]"
2627.265462,33828354,"[0, 0, 0, 0, 0, 0, 0, 128]"
2627.265604,33828161,"[255, 127, 0, 128, 83, 22, 28, 24]"
2627.265751,33828418,"[0, 0, 0, 0, 0, 0, 0, 128]"
2627.265893,33828548,"[0, 0, 4, 0, 0, 0, 0, 0]"
2627.266044,33828225,"[0, 0, 192, 62, 255, 255, 0, 0]"
2627.266187,33828289,"[0, 0, 128, 248, 255, 255, 0, 0]"
2627.266329,33828482,"[8, 0, 0, 0, 0, 0, 0, 0]"
2627.266472,33828353,"[0, 0, 0, 0, 0, 0, 0, 128]"
2627.266622,134551573,"[0, 0, 0, 0, 0, 0, 0, 0]"
2627.266769,33828546,"[0, 0, 4, 0, 0, 0, 0, 0]"
2627.266912,134551637,"[0, 0, 0, 0, 0, 0, 0, 192]"
2627.267028,33844163,"[0, 0, 0, 0, 1, 26, 19, 0]"
2627.267178,33828417,"[0, 0, 0, 0, 0, 0, 0, 128]"
2627.267321,33929223,"[0, 0, 120, 6, 0, 24, 48, 0]"
2627.267464,33828481,"[8, 0, 0, 0, 0, 0, 0, 0]"
2627.267615,33834819,"[0, 0, 0, 0, 0, 0, 0, 0]"
2627.267762,33929351,"[0, 0, 0, 128, 0, 0, 0, 128]"
2627.267905,33828931,"[0, 243, 199, 46, 0, 0, 0, 0]"
2627.268048,134551701,"[0, 0, 0, 64, 0, 0, 0, 192]"
2627.268185,33827907,"[0, 0, 0, 226, 0, 16, 9, 0]"
2627.268342,33828545,"[0, 0, 4, 0, 0, 0, 0, 0]"
2627.268485,134551765,"[0, 0, 112, 0, 0, 0, 0, 240]"
2627.268613,33828163,"[251, 127, 0, 128, 83, 21, 27, 25]"
2627.268782,134551829,"[35, 38, 24, 250, 0, 192, 125, 0]"
2627.268896,33828227,"[0, 0, 64, 152, 255, 255, 0, 0]"
2627.269096,33828291,"[0, 0, 224, 251, 255, 255, 0, 0]"
2627.269541,33888256,"[0, 0, 0, 0, 128, 3, 16, 0]"
2627.269684,33828355,"[0, 0, 0, 0, 0, 0, 0, 128]"
2627.269838,33888320,"[0, 0, 0, 0, 30, 46, 6, 0]"
2627.269982,33828419,"[0, 0, 0, 0, 0, 0, 0, 128]"
2627.270124,33888384,"[0, 0, 0, 0, 0, 0, 0, 0]"
2627.270275,33888512,"[0, 0, 0, 0, 0, 0, 0, 0]"
2627.270417,352595220,"[4, 0, 0, 80, 255, 8, 128, 1]"
2627.270624,33929216,"[0, 0, 165, 6, 0, 24, 0, 0]"
2627.270771,33828483,"[8, 0, 0, 0, 0, 0, 0, 0]"
2627.271021,33828547,"[0, 0, 4, 0, 0, 0, 0, 0]"
2627.271164,33929353,"[0, 0, 0, 0, 179, 149, 136, 63]"
2627.271863,33827908,"[0, 0, 0, 98, 0, 16, 254, 255]"
2627.272226,33827906,"[0, 0, 0, 98, 0, 16, 232, 255]"
2627.2735,33929226,"[0, 0, 163, 6, 0, 23, 32, 0]"
2627.273643,33929224,"[0, 0, 164, 6, 0, 24, 48, 0]"
2627.273789,33929352,"[0, 0, 0, 128, 0, 0, 0, 128]"
2627.274081,33929225,"[0, 0, 147, 6, 0, 23, 32, 0]"
2627.274225,33827905,"[0, 0, 0, 226, 0, 16, 254, 255]"
2627.276733,33827907,"[0, 0, 0, 226, 0, 16, 3, 0]"
2627.277941,33929221,"[0, 0, 130, 6, 0, 24, 48, 0]"
2627.278085,33929349,"[246, 124, 160, 51, 0, 0, 0, 128]"
2627.279061,33929350,"[0, 0, 0, 128, 0, 0, 0, 128]"
2627.279199,33929222,"[0, 0, 156, 6, 0, 24, 48, 0]"
2627.279536,33888256,"[0, 0, 0, 0, 128, 3, 16, 0]"
2627.280105,352611284,"[0, 0, 0, 0, 1, 26, 19, 0]"
2627.280271,352601940,"[0, 0, 0, 0, 0, 64, 0, 0]"
2627.280414,352595220,"[4, 0, 0, 80, 255, 8, 128, 1]"
2627.280558,352596180,"[241, 31, 7, 192, 253, 47, 0, 5]"
2627.28071,352596244,"[31, 1, 224, 0, 32, 127, 0, 0]"
2627.280872,352596308,"[127, 29, 0, 22, 64, 0, 0, 255]"
2627.281016,352596372,"[251, 255, 207, 255, 255, 3, 0, 144]"
2627.281168,352596436,"[13, 0, 96, 1, 0, 232, 255, 15]"
2627.281326,352596692,"[1, 0, 0, 0, 255, 255, 0, 0]"
2627.281478,352596500,"[108, 0, 104, 0, 156, 63, 0, 4]"
2627.281622,352596628,"[155, 98, 0, 0, 0, 0, 0, 0]"
2627.281769,352596820,"[0, 0, 0, 0, 0, 0, 0, 0]"
2627.281921,352596884,"[166, 255, 48, 0, 169, 2, 0, 0]"
2627.282066,33827908,"[0, 0, 0, 98, 0, 16, 248, 255]"
2627.282374,33827906,"[0, 0, 0, 98, 0, 16, 1, 0]"
2627.282532,33828290,"[0, 0, 64, 7, 0, 0, 0, 0]"
2627.282684,33828292,"[0, 0, 224, 8, 0, 0, 0, 0]"
2627.283696,16848960,"[152, 175, 84, 126, 1, 0, 0, 255]"
2627.28408,33929225,"[0, 0, 148, 6, 0, 23, 32, 0]"
2627.284224,33827905,"[0, 0, 0, 226, 0, 16, 243, 255]"
2627.284489,33828289,"[0, 0, 128, 248, 255, 255, 0, 0]"
2627.284633,33888704,"[0, 0, 0, 0, 0, 0, 0, 0]"
2627.285965,134551573,"[0, 0, 0, 0, 0, 0, 0, 0]"
2627.28611,134551637,"[0, 0, 0, 0, 0, 0, 0, 192]"
2627.286253,134551701,"[0, 0, 0, 64, 0, 0, 0, 192]"
2627.286398,134551765,"[0, 0, 112, 0, 0, 0, 0, 240]"
2627.286542,33929290,"[0, 0, 0, 0, 0, 64, 0, 0]"
2627.286672,134551829,"[35, 38, 24, 250, 0, 192, 125, 0]"
2627.28682,33827907,"[0, 0, 0, 226, 0, 16, 12, 0]"
2627.286979,33828291,"[0, 0, 224, 251, 255, 255, 0, 0]"
2627.287166,33929223,"[0, 0, 120, 6, 0, 24, 48, 0]"
2627.28731,33929351,"[0, 0, 0, 128, 0, 0, 0, 128]"
2627.289528,33888320,"[0, 0, 0, 0, 30, 47, 6, 0]"
2627.289672,33888384,"[0, 0, 0, 0, 0, 0, 0, 0]"
2627.28982,33888512,"[0, 0, 0, 0, 0, 0, 0, 0]"
2627.289964,33888256,"[0, 0, 0, 0, 128, 3, 16, 0]"
2627.290194,352595220,"[4, 0, 0, 80, 255, 8, 128, 1]"
2627.290616,33929216,"[0, 0, 166, 6, 0, 24, 0, 0]"
2627.291058,33929353,"[0, 0, 0, 0, 179, 149, 136, 63]"
2627.291782,33827908,"[0, 0, 0, 98, 0, 16, 255, 255]"
2627.292239,33827906,"[0, 0, 0, 98, 0, 16, 6, 0]"
2627.292453,262271,"[52, 94, 169, 122, 218, 103, 40, 254]"
2627.293496,33929226,"[0, 0, 165, 6, 0, 23, 32, 0]"
2627.29364,33929224,"[0, 0, 165, 6, 0, 24, 48, 0]"
2627.293788,33929352,"[0, 0, 0, 128, 0, 0, 0, 128]"
2627.294046,33929225,"[0, 0, 148, 6, 0, 23, 32, 0]"
2627.294233,33827905,"[0, 0, 0, 226, 0, 16, 250, 255]"
2627.296532,33888448,"[0, 0, 0, 0, 0, 0, 0, 0]"
2627.296765,33827907,"[0, 0, 0, 226, 0, 16, 255, 255]"
2627.29795,33929221,"[0, 0, 130, 6, 0, 24, 48, 0]"
2627.298095,33929349,"[246, 124, 160, 51, 0, 0, 0, 128]"
2627.299055,33929222,"[0, 0, 156, 6, 0, 24, 48, 0]"
2627.299198,33929350,"[0, 0, 0, 128, 0, 0, 0, 128]"
2627.299527,33888256,"[0, 0, 0, 0, 128, 3, 16, 0]"
2627.300129,352595220,"[4, 0, 0, 80, 255, 8, 128, 1]"
2627.300273,352596180,"[241, 31, 7, 208, 253, 47, 0, 5]"
2627.301846,33827908,"[0, 0, 0, 98, 0, 16, 247, 255]"
2627.302019,33828292,"[0, 0, 224, 8, 0, 0, 0, 0]"
2627.302292,33827906,"[0, 0, 0, 98, 0, 16, 254, 255]"
2627.302493,33828290,"[0, 0, 64, 7, 0, 0, 0, 0]"
2627.30316,33929287,"[0, 0, 0, 0, 0, 64, 0, 0]"
2627.304063,33929225,"[0, 0, 148, 6, 0, 23, 32, 0]"
2627.304206,33827905,"[0, 0, 0, 226, 0, 16, 244, 255]"
2627.304398,33828289,"[0, 0, 128, 248, 255, 255, 0, 0]"
2627.304655,16848960,"[152, 175, 84, 126, 1, 0, 0, 255]"
2627.305959,134551573,"[0, 0, 0, 0, 0, 0, 0, 0]"
2627.306097,134551637,"[0, 0, 0, 0, 0, 0, 0, 192]"
2627.306239,134551701,"[0, 0, 0, 64, 0, 0, 0, 192]"
2627.30639,134551765,"[0, 0, 112, 0, 0, 0, 0, 240]"
2627.306533,134551829,"[35, 38, 24, 250, 0, 192, 125, 0]"
2627.306856,33827907,"[0, 0, 0, 226, 0, 16, 9, 0]"
2627.307013,33828291,"[0, 0, 224, 251, 255, 255, 0, 0]"
2627.30717,33929223,"[0, 0, 121, 6, 0, 24, 48, 0]"
2627.30732,33929351,"[0, 0, 0, 128, 0, 0, 0, 128]"
2627.309521,33888256,"[0, 0, 0, 0, 128, 3, 16, 0]"
2627.309664,33888320,"[0, 0, 0, 0, 30, 47, 6, 0]"
2627.309811,33888384,"[0, 0, 0, 0, 0, 0, 0, 0]"
2627.309953,33888512,"[0, 0, 0, 0, 0, 0, 0, 0]"
2627.310153,352595220,"[4, 0, 0, 80, 255, 8, 128, 1]"
2627.310613,33929216,"[0, 0, 165, 6, 0, 24, 0, 0]"
2627.31103,33929353,"[0, 0, 0, 0, 179, 149, 136, 63]"
2627.311827,33827908,"[0, 0, 0, 98, 0, 16, 242, 255]"
2627.312253,33827906,"[0, 0, 0, 98, 0, 16, 249, 255]"
2627.313505,33929226,"[0, 0, 164, 6, 0, 23, 32, 0]"
2627.313647,33929224,"[0, 0, 165, 6, 0, 24, 48, 0]"
2627.313802,33929352,"[0, 0, 0, 128, 0, 0, 0, 128]"
2627.314031,33929225,"[0, 0, 149, 6, 0, 23, 32, 0]"
2627.314223,33827905,"[0, 0, 0, 226, 0, 16, 241, 255]"
2627.31676,33827907,"[0, 0, 0, 226, 0, 16, 5, 0]"
2627.317935,33929221,"[0, 0, 129, 6, 0, 24, 48, 0]"
2627.318086,33929349,"[246, 124, 160, 51, 0, 0, 0, 128]"
2627.319061,33929222,"[0, 0, 155, 6, 0, 24, 48, 0]"
2627.319214,33929350,"[0, 0, 0, 128, 0, 0, 0, 128]"
2627.319521,33888256,"[0, 0, 0, 0, 128, 3, 16, 0]"
2627.320133,352595220,"[4, 0, 0, 80, 255, 8, 128, 1]"
2627.320285,352596180,"[241, 31, 7, 208, 253, 47, 0, 5]"
2627.321722,33827908,"[0, 0, 0, 98, 0, 16, 243, 255]"
2627.321903,33828292,"[0, 0, 224, 8, 0, 0, 0, 0]"
2627.322305,33827906,"[0, 0, 0, 98, 0, 16, 4, 0]"
2627.322477,33828290,"[0, 0, 64, 7, 0, 0, 0, 0]"
2627.32404,33929225,"[0, 0, 148, 6, 0, 23, 32, 0]"
2627.324184,33827905,"[0, 0, 0, 226, 0, 16, 246, 255]"
2627.32437,33828289,"[0, 0, 128, 248, 255, 255, 0, 0]"
2627.325949,134551573,"[0, 0, 0, 0, 0, 0, 0, 0]"
2627.326088,16848960,"[152, 175, 84, 126, 1, 0, 0, 255]"
2627.326232,134551637,"[0, 0, 0, 0, 0, 0, 0, 192]"
2627.326383,134551701,"[0, 0, 0, 64, 0, 0, 0, 192]"
2627.326521,134551765,"[0, 0, 112, 0, 0, 0, 0, 240]"
2627.326665,134551829,"[35, 38, 24, 250, 0, 192, 125, 0]"
2627.326806,33827907,"[0, 0, 0, 226, 0, 16, 4, 0]"
2627.327002,33828291,"[0, 0, 224, 251, 255, 255, 0, 0]"
2627.327174,33929223,"[0, 0, 120, 6, 0, 24, 48, 0]"
2627.327311,33929351,"[0, 0, 0, 128, 0, 0, 0, 128]"
2627.329512,33888320,"[0, 0, 0, 0, 30, 47, 6, 0]"
2627.329656,33888384,"[0, 0, 0, 0, 0, 0, 0, 0]"
2627.329812,33888512,"[0, 0, 0, 0, 0, 0, 0, 0]"
2627.329957,33888256,"[0, 0, 0, 0, 128, 3, 16, 0]"
2627.330181,352595220,"[4, 0, 0, 80, 255, 8, 128, 1]"
2627.33061,33929216,"[0, 0, 166, 6, 0, 24, 0, 0]"
2627.331029,33929353,"[0, 0, 0, 0, 179, 149, 136, 63]"
2627.331847,33827908,"[0, 0, 0, 98, 0, 16, 248, 255]"
2627.332249,33827906,"[0, 0, 0, 98, 0, 16, 254, 255]"
2627.333262,262271,"[52, 94, 169, 122, 51, 23, 51, 181]"
2627.333499,33929226,"[0, 0, 165, 6, 0, 23, 32, 0]"
2627.333643,33929224,"[0, 0, 166, 6, 0, 24, 48, 0]"
2627.333785,33929352,"[0, 0, 0, 128, 0, 0, 0, 128]"
2627.334038,33929225,"[0, 0, 149, 6, 0, 23, 32, 0]"
2627.334218,33827905,"[0, 0, 0, 226, 0, 16, 235, 255]"
2627.336747,33827907,"[0, 0, 0, 226, 0, 16, 255, 255]"
2627.336927,33929285,"[0, 0, 0, 0, 0, 64, 0, 0]"
2627.337941,33929221,"[0, 0, 130, 6, 0, 24, 48, 0]"
2627.33808,33929349,"[246, 124, 160, 51, 0, 0, 0, 128]"
2627.339063,33929222,"[0, 0, 156, 6, 0, 24, 48, 0]"
2627.339193,33929350,"[0, 0, 0, 128, 0, 0, 0, 128]"
2627.339508,33888256,"[0, 0, 0, 0, 128, 3, 16, 0]"
2627.340127,352595220,"[4, 0, 0, 80, 255, 8, 128, 1]"
2627.340279,352596180,"[241, 31, 7, 208, 253, 47, 0, 5]"
2627.341767,33827908,"[0, 0, 0, 98, 0, 16, 248, 255]"
2627.341948,33828292,"[0, 0, 224, 8, 0, 0, 0, 0]"
2627.342308,33827906,"[0, 0, 0, 98, 0, 16, 9, 0]"
2627.342503,33828290,"[0, 0, 64, 7, 0, 0, 0, 0]"
2627.344051,33929225,"[0, 0, 149, 6, 0, 23, 32, 0]"
2627.344217,33827905,"[0, 0, 0, 226, 0, 16, 252, 255]"
2627.344398,33828289,"[0, 0, 128, 248, 255, 255, 0, 0]"
2627.34595,134551573,"[0, 0, 0, 0, 0, 0, 0, 0]"
2627.346089,134551637,"[0, 0, 0, 0, 0, 0, 0, 192]"
2627.346233,134551701,"[0, 0, 0, 64, 0, 0, 0, 192]"
2627.346385,134551765,"[0, 0, 112, 0, 0, 0, 0, 240]"
2627.346537,33888448,"[0, 0, 0, 0, 0, 0, 0, 0]"
2627.346667,134551829,"[35, 38, 24, 250, 0, 192, 125, 0]"
2627.346823,33827907,"[0, 0, 0, 226, 0, 16, 11, 0]"
2627.346966,16848960,"[152, 175, 84, 126, 1, 0, 0, 255]"
2627.347105,33828291,"[0, 0, 224, 251, 255, 255, 0, 0]"
2627.347249,33929223,"[0, 0, 120, 6, 0, 24, 48, 0]"
2627.347386,33929351,"[0, 0, 0, 128, 0, 0, 0, 128]"
2627.349511,33888256,"[0, 0, 0, 0, 128, 3, 16, 0]"
2627.349654,33888320,"[0, 0, 0, 0, 30, 47, 6, 0]"
2627.349809,33888384,"[0, 0, 0, 0, 0, 0, 0, 0]"
2627.349952,33888512,"[0, 0, 0, 0, 0, 0, 0, 0]"
2627.350146,352595220,"[5, 0, 0, 80, 255, 8, 128, 1]"
2627.350615,33929216,"[0, 0, 166, 6, 0, 24, 0, 0]"
2627.351278,33929353,"[0, 0, 0, 0, 179, 149, 136, 63]"
2627.351764,33827908,"[0, 0, 0, 98, 0, 16, 236, 255]"
2627.352254,33827906,"[0, 0, 0, 98, 0, 16, 10, 0]"
2627.353493,33929226,"[0, 0, 164, 6, 0, 23, 32, 0]"
2627.353644,33929224,"[0, 0, 165, 6, 0, 24, 48, 0]"
2627.353791,33929352,"[0, 0, 0, 128, 0, 0, 0, 128]"
2627.354063,33929225,"[0, 0, 148, 6, 0, 23, 32, 0]"
2627.354242,33827905,"[0, 0, 0, 226, 0, 16, 249, 255]"
2627.356718,33827907,"[0, 0, 0, 226, 0, 16, 11, 0]"
2627.357929,33929221,"[0, 0, 130, 6, 0, 24, 48, 0]"
2627.358067,33929349,"[246, 124, 160, 51, 0, 0, 0, 128]"
2627.359041,33929222,"[0, 0, 156, 6, 0, 24, 48, 0]"
2627.359191,33929350,"[0, 0, 0, 128, 0, 0, 0, 128]"
2627.359518,33888256,"[0, 0, 0, 0, 128, 3, 16, 0]"
2627.360147,352595220,"[5, 0, 0, 80, 255, 8, 128, 1]"
2627.360298,352596180,"[241, 31, 7, 208, 253, 47, 0, 5]"
2627.361781,33827908,"[0, 0, 0, 98, 0, 16, 244, 255]"
2627.36196,33828292,"[0, 0, 224, 8, 0, 0, 0, 0]"
2627.362303,33827906,"[0, 0, 0, 98, 0, 16, 7, 0]"
2627.36251,33828290,"[0, 0, 64, 7, 0, 0, 0, 0]"
2627.364056,33929225,"[0, 0, 149, 6, 0, 23, 32, 0]"
2627.3642,33827905,"[0, 0, 0, 226, 0, 16, 241, 255]"
2627.364395,33828289,"[0, 0, 128, 248, 255, 255, 0, 0]"
2627.365949,134551573,"[0, 0, 0, 0, 0, 0, 0, 0]"
2627.366094,134551637,"[0, 0, 0, 0, 0, 0, 0, 192]"
2627.366231,134551701,"[0, 0, 0, 64, 0, 0, 0, 192]"
2627.366384,134551765,"[0, 0, 112, 0, 0, 0, 0, 240]"
2627.366513,134551829,"[35, 38, 24, 250, 0, 192, 125, 0]"
2627.366798,33827907,"[0, 0, 0, 226, 0, 16, 2, 0]"
2627.366963,33828291,"[0, 0, 224, 251, 255, 255, 0, 0]"
2627.367173,33929223,"[0, 0, 120, 6, 0, 24, 48, 0]"
2627.367302,33929351,"[0, 0, 0, 128, 0, 0, 0, 128]"
2627.367689,16848960,"[152, 175, 84, 126, 1, 0, 0, 255]"
2627.369528,33888256,"[0, 0, 0, 0, 128, 3, 16, 0]"
2627.369658,33888320,"[0, 0, 0, 0, 30, 47, 6, 0]"
2627.3698,33888384,"[0, 0, 0, 0, 0, 0, 0, 0]"
2627.369944,33888512,"[0, 0, 0, 0, 0, 0, 0, 0]"
2627.370154,352595220,"[5, 0, 0, 80, 255, 8, 128, 1]"
2627.370613,33929216,"[0, 0, 166, 6, 0, 24, 0, 0]"
2627.371047,33929353,"[0, 0, 0, 0, 179, 149, 136, 63]"
2627.371758,33827908,"[0, 0, 0, 98, 0, 16, 252, 255]"
2627.372246,33827906,"[0, 0, 0, 98, 0, 16, 250, 255]"
2627.373508,33929226,"[0, 0, 165, 6, 0, 23, 32, 0]"
2627.373652,33929224,"[0, 0, 166, 6, 0, 24, 48, 0]"
2627.373794,33929288,"[0, 0, 0, 0, 0, 64, 0, 0]"
2627.373938,33929352,"[0, 0, 0, 128, 0, 0, 0, 128]"
2627.374077,262271,"[52, 94, 169, 122, 66, 88, 59, 197]"
2627.374221,33929225,"[0, 0, 149, 6, 0, 23, 32, 0]"
2627.374359,33827905,"[0, 0, 0, 226, 0, 16, 1, 0]"
2627.376763,33827907,"[0, 0, 0, 226, 0, 16, 9, 0]"
2627.377925,33929221,"[0, 0, 129, 6, 0, 24, 48, 0]"
2627.37807,33929349,"[246, 124, 160, 51, 0, 0, 0, 128]"
2627.379047,33929222,"[0, 0, 155, 6, 0, 24, 48, 0]"
2627.379198,33929350,"[0, 0, 0, 128, 0, 0, 0, 128]"
2627.379507,33888256,"[0, 0, 0, 0, 128, 3, 16, 0]"
2627.380141,352595220,"[5, 0, 0, 80, 255, 8, 128, 1]"
2627.380293,352596180,"[241, 223, 6, 208, 253, 51, 0, 5]"
2627.380437,352596244,"[30, 1, 221, 0, 32, 127, 0, 0]"
2627.380589,352596436,"[250, 255, 127, 255, 255, 0, 0, 0]"
2627.38076,352596500,"[172, 0, 96, 0, 248, 63, 0, 4]"
2627.381512,33888576,"[0, 0, 0, 0, 0, 0, 16, 0]"
2627.381656,33888640,"[0, 0, 0, 0, 0, 0, 0, 0]"
2627.381812,33827908,"[0, 0, 0, 98, 0, 16, 8, 0]"
2627.381986,33828292,"[0, 0, 224, 8, 0, 0, 0, 0]"
2627.382288,33827906,"[0, 0, 0, 98, 0, 16, 1, 0]"
2627.38246,33828290,"[0, 0, 64, 7, 0, 0, 0, 0]"
2627.384055,33929225,"[0, 0, 149, 6, 0, 23, 32, 0]"
2627.384199,33827905,"[0, 0, 0, 226, 0, 16, 244, 255]"
2627.384408,33828289,"[0, 0, 128, 248, 255, 255, 0, 0]"
2627.385944,134551573,"[0, 0, 0, 0, 0, 0, 0, 0]"
2627.386111,134551637,"[0, 0, 0, 0, 0, 0, 0, 192]"
2627.386227,134551701,"[0, 0, 0, 64, 0, 0, 0, 192]"
2627.386371,134551765,"[0, 0, 112, 0, 0, 0, 0, 240]"
2627.386515,134551829,"[35, 38, 24, 250, 0, 192, 125, 0]"
2627.386757,33827907,"[0, 0, 0, 226, 0, 16, 7, 0]"
2627.386929,33828291,"[0, 0, 224, 251, 255, 255, 0, 0]"
2627.387152,33929223,"[0, 0, 120, 6, 0, 24, 48, 0]"
2627.387296,33929351,"[0, 0, 0, 128, 0, 0, 0, 128]"
2627.388487,16848960,"[152, 175, 84, 126, 1, 0, 0, 255]"
2627.389528,33888256,"[0, 0, 0, 0, 128, 3, 16, 0]"
2627.389672,33888320,"[0, 0, 0, 0, 30, 47, 6, 0]"
2627.38982,33888384,"[0, 0, 0, 0, 0, 0, 0, 0]"
2627.38998,33888512,"[0, 0, 0, 0, 0, 0, 0, 0]"
2627.390146,352595220,"[5, 0, 0, 80, 255, 8, 128, 1]"
2627.390603,33929216,"[0, 0, 165, 6, 0, 24, 0, 0]"
2627.391044,33929353,"[0, 0, 0, 0, 179, 149, 136, 63]"
2627.391777,33827908,"[0, 0, 0, 98, 0, 16, 11, 0]"
2627.392214,33827906,"[0, 0, 0, 98, 0, 16, 238, 255]"
2627.393489,33929226,"[0, 0, 165, 6, 0, 23, 32, 0]"
2627.393641,33929224,"[0, 0, 166, 6, 0, 24, 48, 0]"
2627.393775,33929352,"[0, 0, 0, 128, 0, 0, 0, 128]"
2627.39407,33929225,"[0, 0, 148, 6, 0, 23, 32, 0]"
2627.394184,33929289,"[0, 0, 0, 8, 0, 64, 0, 0]"
2627.394341,33827905,"[0, 0, 0, 226, 0, 16, 254, 255]"
2627.396513,33888448,"[0, 0, 0, 0, 0, 0, 0, 0]"
2627.39671,33827907,"[0, 0, 0, 226, 0, 16, 6, 0]"
2627.397954,33929221,"[0, 0, 130, 6, 0, 24, 48, 0]"
2627.398069,33929349,"[246, 124, 160, 51, 0, 0, 0, 128]"
2627.399036,33929222,"[0, 0, 156, 6, 0, 24, 48, 0]"
2627.399179,33929350,"[0, 0, 0, 128, 0, 0, 0, 128]"
2627.399513,33888256,"[0, 0, 0, 0, 128, 3, 16, 0]"
2627.40012,352595220,"[5, 0, 0, 80, 255, 8, 128, 1]"
2627.400271,352596180,"[241, 223, 6, 208, 253, 51, 0, 5]"
2627.401815,33827908,"[0, 0, 0, 98, 0, 16, 6, 0]"
2627.402009,33828292,"[0, 0, 224, 8, 0, 0, 0, 0]"
2627.402278,33827906,"[0, 0, 0, 98, 0, 16, 238, 255]"
2627.402456,33828290,"[0, 0, 64, 7, 0, 0, 0, 0]"
2627.404051,33929225,"[0, 0, 149, 6, 0, 23, 32, 0]"
2627.404194,33827905,"[0, 0, 0, 226, 0, 16, 240, 255]"
2627.404379,33828289,"[0, 0, 128, 248, 255, 255, 0, 0]"
2627.405945,134551573,"[0, 0, 0, 0, 0, 0, 0, 0]"
2627.406082,134551637,"[0, 0, 0, 0, 0, 0, 0, 192]"
2627.406225,134551701,"[0, 0, 0, 64, 0, 0, 0, 192]"
2627.406404,134551765,"[0, 0, 112, 0, 0, 0, 0, 240]"
2627.406518,134551829,"[36, 38, 24, 250, 0, 192, 125, 0]"
2627.40675,33827907,"[0, 0, 0, 226, 0, 16, 6, 0]"
2627.406907,33828291,"[0, 0, 224, 251, 255, 255, 0, 0]"
2627.407157,33929223,"[0, 0, 121, 6, 0, 24, 48, 0]"
2627.4073,33929351,"[0, 0, 0, 128, 0, 0, 0, 128]"
2627.409326,16848960,"[152, 175, 84, 126, 1, 0, 0, 255]"
2627.409535,33888256,"[0, 0, 0, 0, 128, 3, 16, 0]"
2627.40968,33888320,"[0, 0, 0, 0, 30, 47, 6, 0]"
2627.409821,33888384,"[0, 0, 0, 0, 0, 0, 0, 0]"
2627.409965,33888512,"[0, 0, 0, 0, 0, 0, 0, 0]"
2627.410175,352595220,"[5, 0, 0, 80, 255, 8, 128, 1]"
2627.410597,33929216,"[0, 0, 166, 6, 0, 24, 0, 0]"
2627.411053,33929353,"[0, 0, 0, 0, 179, 149, 136, 63]"
2627.411786,33827908,"[0, 0, 0, 98, 0, 16, 244, 255]"
2627.412209,33827906,"[0, 0, 0, 98, 0, 16, 248, 255]"
2627.413491,33929226,"[0, 0, 165, 6, 0, 23, 32, 0]"
2627.413635,33929224,"[0, 0, 166, 6, 0, 24, 48, 0]"
2627.413783,33929352,"[0, 0, 0, 128, 0, 0, 0, 128]"
2627.41405,33929225,"[0, 0, 148, 6, 0, 23, 32, 0]"
2627.414202,33827905,"[0, 0, 0, 226, 0, 16, 247, 255]"
2627.41487,262271,"[52, 94, 169, 124, 122, 14, 199, 224]"
2627.415037,33929286,"[0, 0, 0, 0, 0, 64, 0, 0]"
2627.416716,33827907,"[0, 0, 0, 226, 0, 16, 22, 0]"
2627.417926,33929221,"[0, 0, 130, 6, 0, 24, 48, 0]"
2627.418065,33929349,"[246, 124, 160, 51, 0, 0, 0, 128]"
2627.419027,33929222,"[0, 0, 157, 6, 0, 24, 48, 0]"
2627.419185,33929350,"[0, 0, 0, 128, 0, 0, 0, 128]"
2627.419522,33888256,"[0, 0, 0, 0, 128, 3, 16, 0]"
2627.420142,352595220,"[5, 0, 0, 80, 255, 8, 128, 1]"
2627.4203,352596180,"[241, 223, 6, 192, 253, 51, 0, 5]"
2627.421737,33827908,"[0, 0, 0, 98, 0, 16, 247, 255]"
2627.421909,33828292,"[0, 0, 224, 8, 0, 0, 0, 0]"
2627.42229,33827906,"[0, 0, 0, 98, 0, 16, 11, 0]"
2627.422484,33828290,"[0, 0, 64, 7, 0, 0, 0, 0]"
2627.424036,33929225,"[0, 0, 149, 6, 0, 23, 32, 0]"
2627.424223,33827905,"[0, 0, 0, 226, 0, 16, 6, 0]"
2627.424417,33828289,"[0, 0, 128, 248, 255, 255, 0, 0]"
2627.425945,134551573,"[0, 0, 0, 0, 0, 0, 0, 0]"
2627.426084,134551637,"[0, 0, 0, 0, 0, 0, 0, 192]"
2627.426228,134551701,"[0, 0, 0, 64, 0, 0, 0, 192]"
2627.426372,134551765,"[0, 0, 112, 0, 0, 0, 0, 240]"
2627.42651,134551829,"[36, 38, 24, 250, 0, 192, 125, 0]"
2627.426744,33827907,"[0, 0, 0, 226, 0, 16, 254, 255]"
2627.426939,33828291,"[0, 0, 224, 251, 255, 255, 0, 0]"
2627.427155,33929223,"[0, 0, 121, 6, 0, 24, 48, 0]"
2627.427293,33929351,"[0, 0, 0, 128, 0, 0, 0, 128]"
2627.429534,33888256,"[0, 0, 0, 0, 128, 3, 16, 0]"
2627.429672,33888320,"[0, 0, 0, 0, 30, 48, 6, 0]"
2627.42982,33888384,"[0, 0, 0, 0, 0, 0, 0, 0]"
2627.429965,33888512,"[0, 0, 0, 0, 0, 0, 0, 0]"
2627.430132,352595220,"[5, 0, 0, 80, 255, 8, 128, 1]"
2627.430276,16848960,"[152, 175, 84, 126, 1, 0, 0, 255]"
2627.430599,33929216,"[0, 0, 166, 6, 0, 24, 0, 0]"
2627.43104,33929353,"[0, 0, 0, 0, 179, 149, 136, 63]"
2627.431745,33827908,"[0, 0, 0, 98, 0, 16, 0, 0]"
2627.432239,33827906,"[0, 0, 0, 98, 0, 16, 238, 255]"
2627.433478,33929226,"[0, 0, 165, 6, 0, 23, 32, 0]"
2627.433623,33929224,"[0, 0, 166, 6, 0, 24, 48, 0]"
2627.433765,33929352,"[0, 0, 0, 128, 0, 0, 0, 128]"
2627.434038,33929225,"[0, 0, 148, 6, 0, 23, 32, 0]"
2627.434233,33827905,"[0, 0, 0, 226, 0, 16, 1, 0]"
2627.436814,33827907,"[0, 0, 0, 226, 0, 16, 5, 0]"
2627.437911,33929221,"[0, 0, 130, 6, 0, 24, 48, 0]"
2627.438064,33929349,"[246, 124, 160, 51, 0, 0, 0, 128]"
2627.439053,33929222,"[0, 0, 156, 6, 0, 24, 48, 0]"
2627.43919,33929350,"[0, 0, 0, 128, 0, 0, 0, 128]"
2627.439524,33888256,"[0, 0, 0, 0, 128, 3, 16, 0]"
2627.440117,352595220,"[5, 0, 0, 80, 255, 8, 128, 1]"
2627.440274,352596180,"[241, 223, 6, 192, 253, 51, 0, 5]"
2627.441741,33827908,"[0, 0, 0, 98, 0, 16, 7, 0]"
2627.441934,33828292,"[0, 0, 224, 8, 0, 0, 0, 0]"
2627.442275,33827906,"[0, 0, 0, 98, 0, 16, 245, 255]"
2627.442454,33828290,"[0, 0, 64, 7, 0, 0, 0, 0]"
2627.444035,33929225,"[0, 0, 149, 6, 0, 23, 32, 0]"
2627.444192,33827905,"[0, 0, 0, 226, 0, 16, 237, 255]"
2627.444385,33828289,"[0, 0, 128, 248, 255, 255, 0, 0]"
2627.445943,134551573,"[0, 0, 0, 0, 0, 0, 0, 0]"
2627.446081,134551637,"[0, 0, 0, 0, 0, 0, 0, 192]"
2627.446223,134551701,"[0, 0, 0, 64, 0, 0, 0, 192]"
2627.446388,134551765,"[0, 0, 112, 0, 0, 0, 0, 240]"
2627.446517,134551829,"[36, 38, 24, 250, 0, 192, 125, 0]"
2627.44666,33888448,"[0, 0, 0, 0, 0, 0, 0, 0]"
2627.446857,33827907,"[0, 0, 0, 226, 0, 16, 1, 0]"
2627.447057,33828291,"[0, 0, 224, 251, 255, 255, 0, 0]"
2627.447208,33929223,"[0, 0, 120, 6, 0, 24, 48, 0]"
2627.447351,33929351,"[0, 0, 0, 128, 0, 0, 0, 128]"
2627.449518,33888256,"[0, 0, 0, 0, 128, 3, 16, 0]"
2627.449654,33888320,"[0, 0, 0, 0, 30, 48, 6, 0]"
2627.449801,33888384,"[0, 0, 0, 0, 0, 0, 0, 0]"
2627.449958,33888512,"[0, 0, 0, 0, 0, 0, 0, 0]"
2627.450138,352595220,"[5, 0, 0, 80, 255, 8, 128, 1]"
2627.450599,33929216,"[0, 0, 166, 6, 0, 24, 0, 0]"
2627.450952,16848960,"[152, 175, 84, 126, 1, 0, 0, 255]"
2627.451095,33929353,"[0, 0, 0, 0, 179, 149, 136, 63]"
2627.451865,33827908,"[0, 0, 0, 98, 0, 16, 245, 255]"
2627.452228,33827906,"[0, 0, 0, 98, 0, 16, 246, 255]"
2627.453471,33929226,"[0, 0, 165, 6, 0, 23, 32, 0]"
2627.453614,33929224,"[0, 0, 165, 6, 0, 24, 48, 0]"
2627.453769,33929352,"[0, 0, 0, 128, 0, 0, 0, 128]"
2627.454048,33929225,"[0, 0, 149, 6, 0, 23, 32, 0]"
2627.45422,33827905,"[0, 0, 0, 226, 0, 16, 243, 255]"
2627.455785,262271,"[52, 94, 169, 127, 240, 254, 254, 145]"
2627.456823,33827907,"[0, 0, 0, 226, 0, 16, 3, 0]"
2627.457916,33929221,"[0, 0, 131, 6, 0, 24, 48, 0]"
2627.458063,33929349,"[246, 124, 160, 51, 0, 0, 0, 128]"
2627.45903,33929222,"[0, 0, 157, 6, 0, 24, 48, 0]"
2627.459175,33929350,"[0, 0, 0, 128, 0, 0, 0, 128]"
2627.459521,33888256,"[0, 0, 0, 0, 128, 3, 16, 0]"
2627.460136,352595220,"[5, 0, 0, 80, 255, 8, 128, 1]"
2627.460295,352596180,"[241, 31, 7, 192, 253, 47, 0, 5]"
2627.461789,33827908,"[0, 0, 0, 98, 0, 16, 243, 255]"
2627.461967,33828292,"[0, 0, 224, 8, 0, 0, 0, 0]"
2627.462325,33827906,"[0, 0, 0, 98, 0, 16, 239, 255]"
2627.462497,33828290,"[0, 0, 64, 7, 0, 0, 0, 0]"
2627.464037,33929225,"[0, 0, 149, 6, 0, 23, 32, 0]"
2627.464229,33827905,"[0, 0, 0, 226, 0, 16, 231, 255]"
2627.464401,33828289,"[0, 0, 128, 248, 255, 255, 0, 0]"
2627.465927,134551573,"[0, 0, 0, 0, 0, 0, 0, 0]"
2627.466072,134551637,"[0, 0, 0, 0, 0, 0, 0, 192]"
2627.466216,134551701,"[0, 0, 0, 64, 0, 0, 0, 192]"
2627.46636,134551765,"[0, 0, 112, 0, 0, 0, 0, 240]"
2627.466504,134551829,"[36, 38, 24, 250, 0, 192, 125, 0]"
2627.466732,33827907,"[0, 0, 0, 226, 0, 16, 10, 0]"
2627.466904,33828291,"[0, 0, 224, 251, 255, 255, 0, 0]"
2627.467143,33929223,"[0, 0, 121, 6, 0, 24, 48, 0]"
2627.467287,33929351,"[0, 0, 0, 128, 0, 0, 0, 128]"
2627.469521,33888256,"[0, 0, 0, 0, 128, 3, 16, 0]"
2627.469651,33888320,"[0, 0, 0, 0, 30, 48, 6, 0]"
2627.469807,33888384,"[0, 0, 0, 0, 0, 0, 0, 0]"
2627.469951,33888512,"[0, 0, 0, 0, 0, 0, 0, 0]"
2627.470182,352595220,"[5, 0, 0, 80, 255, 8, 128, 1]"
2627.470604,33929216,"[0, 0, 166, 6, 0, 24, 0, 0]"
2627.471017,33929353,"[0, 0, 0, 0, 179, 149, 136, 63]"
2627.471757,33827908,"[0, 0, 0, 98, 0, 16, 4, 0]"
2627.472223,16848960,"[152, 175, 84, 126, 1, 0, 0, 255]"
2627.472367,33827906,"[0, 0, 0, 98, 0, 16, 236, 255]"
2627.473471,33929226,"[0, 0, 166, 6, 0, 23, 32, 0]"
2627.473615,33929224,"[0, 0, 166, 6, 0, 24, 48, 0]"
2627.473785,33929352,"[0, 0, 0, 128, 0, 0, 0, 128]"
2627.47403,33929225,"[0, 0, 149, 6, 0, 24, 32, 0]"
2627.474245,33827905,"[0, 0, 0, 226, 0, 16, 248, 255]"
2627.47679,33827907,"[0, 0, 0, 226, 0, 16, 243, 255]"
2627.47793,33929221,"[0, 0, 130, 6, 0, 24, 48, 0]"
2627.478061,33929349,"[246, 124, 160, 51, 0, 0, 0, 128]"
2627.479037,33929222,"[0, 0, 155, 6, 0, 24, 48, 0]"
2627.479181,33929350,"[0, 0, 0, 128, 0, 0, 0, 128]"
2627.47951,33888256,"[0, 0, 0, 0, 128, 3, 16, 0]"
2627.48013,352595220,"[5, 0, 0, 80, 255, 8, 128, 1]"
2627.480275,352596180,"[241, 31, 7, 208, 253, 47, 0, 5]"
2627.480433,352596244,"[30, 1, 225, 0, 32, 127, 0, 0]"
2627.480577,352596436,"[34, 0, 112, 1, 0, 240, 255, 15]"
2627.480733,352596500,"[132, 0, 128, 0, 164, 63, 0, 4]"
2627.481738,33827908,"[0, 0, 0, 98, 0, 16, 253, 255]"
2627.48191,33828292,"[0, 0, 224, 8, 0, 0, 0, 0]"
2627.482291,33827906,"[0, 0, 0, 98, 0, 16, 253, 255]"
2627.482449,33828290,"[0, 0, 64, 7, 0, 0, 0, 0]"
2627.484049,33929225,"[0, 0, 149, 6, 0, 24, 32, 0]"
2627.484192,33827905,"[0, 0, 0, 226, 0, 16, 243, 255]"
2627.484455,33828289,"[0, 0, 128, 248, 255, 255, 0, 0]"
2627.485928,134551573,"[0, 0, 0, 0, 0, 0, 0, 0]"
2627.486072,134551637,"[0, 0, 0, 0, 0, 0, 0, 192]"
2627.486215,134551701,"[0, 0, 0, 64, 0, 0, 0, 192]"
2627.486358,134551765,"[0, 0, 112, 0, 0, 0, 0, 240]"
2627.486494,134551829,"[36, 38, 24, 250, 0, 192, 125, 0]"
2627.486782,33827907,"[0, 0, 0, 226, 0, 16, 4, 0]"
2627.486953,33828291,"[0, 0, 224, 251, 255, 255, 0, 0]"
2627.487147,33929223,"[0, 0, 121, 6, 0, 24, 48, 0]"
2627.48729,33929351,"[0, 0, 0, 128, 0, 0, 0, 128]"
2627.489505,33888256,"[0, 0, 0, 0, 128, 3, 16, 0]"
2627.489642,33888320,"[0, 0, 0, 0, 30, 48, 6, 0]"
2627.489789,33888384,"[0, 0, 0, 0, 0, 0, 0, 0]"
2627.489946,33888512,"[0, 0, 0, 0, 0, 0, 0, 0]"
2627.49014,352595220,"[5, 0, 0, 80, 255, 8, 128, 1]"
2627.490587,33929216,"[0, 0, 165, 6, 0, 24, 0, 0]"
2627.491002,33929353,"[0, 0, 0, 0, 179, 149, 136, 63]"
2627.491701,33827908,"[0, 0, 0, 98, 0, 16, 2, 0]"
2627.492219,33827906,"[0, 0, 0, 98, 0, 16, 243, 255]"
2627.493052,16848960,"[152, 175, 84, 126, 1, 0, 0, 255]"
2627.493485,33929226,"[0, 0, 165, 6, 0, 23, 32, 0]"
2627.493628,33929224,"[0, 0, 166, 6, 0, 24, 48, 0]"
2627.493775,33929280,"[0, 0, 0, 8, 0, 64, 0, 0]"
2627.493925,33929352,"[0, 0, 0, 128, 0, 0, 0, 128]"
2627.494069,33929225,"[0, 0, 149, 6, 0, 24, 32, 0]"
2627.494212,33827905,"[0, 0, 0, 226, 0, 16, 246, 255]"
2627.496505,33888448,"[0, 0, 0, 0, 0, 0, 0, 0]"
2627.496737,33827907,"[0, 0, 0, 226, 0, 16, 253, 255]"
2627.49688,262271,"[52, 94, 169, 121, 73, 129, 31, 248]"
2627.497904,33929221,"[0, 0, 131, 6, 0, 24, 48, 0]"
2627.498055,33929349,"[246, 124, 160, 51, 0, 0, 0, 128]"
2627.499029,33929350,"[0, 0, 0, 128, 0, 0, 0, 128]"
2627.499167,33929222,"[0, 0, 156, 6, 0, 24, 48, 0]"
2627.49951,33888256,"[0, 0, 0, 0, 128, 3, 16, 0]"
2627.500145,352595220,"[5, 0, 0, 80, 255, 9, 128, 1]"
2627.500289,352596180,"[241, 31, 7, 208, 253, 47, 0, 5]"
2627.501789,33827908,"[0, 0, 0, 98, 0, 16, 242, 255]"
2627.501991,33828292,"[0, 0, 224, 8, 0, 0, 0, 0]"
2627.502242,33827906,"[0, 0, 0, 98, 0, 16, 251, 255]"
2627.502415,33828290,"[0, 0, 64, 7, 0, 0, 0, 0]"
2627.504015,33929225,"[0, 0, 149, 6, 0, 24, 32, 0]"
2627.504173,33827905,"[0, 0, 0, 226, 0, 16, 244, 255]"
2627.504354,33828289,"[0, 0, 128, 248, 255, 255, 0, 0]"
2627.505925,134551573,"[0, 0, 0, 0, 0, 0, 0, 0]"
2627.50607,134551637,"[0, 0, 0, 0, 0, 0, 0, 192]"
2627.506214,134551701,"[0, 0, 0, 64, 0, 0, 0, 192]"
2627.506352,134551765,"[0, 0, 112, 0, 0, 0, 0, 240]"
2627.506496,134551829,"[36, 38, 24, 250, 0, 192, 125, 0]"
2627.506801,33827907,"[0, 0, 0, 226, 0, 16, 251, 255]"
2627.507002,33828291,"[0, 0, 224, 251, 255, 255, 0, 0]"
2627.50714,33929223,"[0, 0, 120, 6, 0, 24, 48, 0]"
2627.507284,33929351,"[0, 0, 0, 128, 0, 0, 0, 128]"
2627.507585,33888256,"[0, 0, 255, 255, 255, 255, 0, 0]"
2627.509492,33888256,"[0, 0, 0, 0, 128, 3, 16, 0]"
2627.509636,33888320,"[0, 0, 0, 0, 30, 48, 6, 0]"
2627.509785,33888384,"[0, 0, 0, 0, 0, 0, 0, 0]"
2627.509937,33888512,"[0, 0, 0, 0, 0, 0, 0, 0]"
2627.510039,33930240,"[0, 0, 0, 0, 206, 32, 59, 159]"
2627.510589,33929216,"[0, 0, 165, 6, 0, 24, 0, 0]"
2627.510723,352595220,"[5, 0, 0, 80, 255, 9, 128, 1]"
2627.511004,33929353,"[0, 0, 0, 0, 179, 149, 136, 63]"
2627.511786,33844164,"[0, 0, 0, 0, 1, 26, 19, 0]"
2627.511967,33834820,"[0, 0, 0, 0, 0, 0, 0, 0]"
2627.512211,33844162,"[0, 0, 0, 0, 1, 26, 19, 0]"
2627.512384,33834818,"[0, 0, 0, 0, 0, 0, 0, 0]"
2627.51265,33828932,"[0, 243, 199, 46, 0, 0, 0, 0]"
2627.512841,33827908,"[0, 0, 0, 98, 0, 16, 253, 255]"
2627.512986,33828164,"[254, 127, 0, 64, 83, 22, 29, 24]"
2627.513124,33828930,"[0, 243, 199, 46, 0, 0, 0, 0]"
2627.513296,33827906,"[0, 0, 0, 98, 0, 16, 3, 0]"
2627.51344,33828162,"[254, 127, 0, 128, 83, 23, 28, 24]"
2627.513585,33929224,"[0, 0, 166, 6, 0, 24, 48, 0]"
2627.513726,33828228,"[0, 0, 64, 231, 0, 0, 0, 0]"
2627.513871,33929226,"[0, 0, 166, 6, 0, 23, 32, 0]"
2627.514016,33828356,"[0, 0, 0, 0, 0, 0, 0, 128]"
2627.514168,33828226,"[0, 0, 64, 189, 0, 0, 0, 0]"
2627.514298,33929225,"[0, 0, 149, 6, 0, 24, 32, 0]"
2627.514441,16848960,"[152, 175, 84, 126, 1, 0, 0, 255]"
2627.514585,33828354,"[0, 0, 0, 0, 0, 0, 0, 128]"
2627.514713,33844161,"[0, 0, 0, 0, 1, 26, 19, 0]"
2627.514857,33828420,"[0, 0, 0, 0, 0, 0, 0, 128]"
2627.515002,33834817,"[0, 0, 0, 0, 0, 0, 0, 0]"
2627.515146,33828484,"[8, 0, 0, 0, 0, 0, 0, 0]"
2627.515298,33828418,"[0, 0, 0, 0, 0, 0, 0, 128]"
2627.515442,33828929,"[0, 243, 199, 46, 0, 0, 0, 0]"
2627.515586,33828482,"[8, 0, 0, 0, 0, 0, 0, 0]"
2627.515728,33828548,"[0, 0, 4, 0, 0, 0, 0, 0]"
2627.515873,33929352,"[0, 0, 0, 128, 0, 0, 0, 128]"
2627.51606,33827905,"[0, 0, 0, 226, 0, 16, 241, 255]"
2627.516204,33828161,"[247, 127, 0, 64, 83, 22, 28, 24]"
2627.516342,33828546,"[0, 0, 4, 0, 0, 0, 0, 0]"
2627.516486,33828225,"[0, 0, 192, 62, 255, 255, 0, 0]"
2627.516913,33844163,"[0, 0, 0, 0, 1, 26, 19, 0]"
2627.517072,33828353,"[0, 0, 0, 0, 0, 0, 0, 128]"
2627.517245,33828417,"[0, 0, 0, 0, 0, 0, 0, 128]"
2627.517511,33828481,"[8, 0, 0, 0, 0, 0, 0, 0]"
2627.517655,33834819,"[0, 0, 0, 0, 0, 0, 0, 0]"
2627.517854,33828931,"[0, 243, 199, 46, 0, 0, 0, 0]"
2627.517999,33827907,"[0, 0, 0, 226, 0, 16, 253, 255]"
2627.518143,33828545,"[0, 0, 4, 0, 0, 0, 0, 0]"
2627.518287,33929221,"[0, 0, 131, 6, 0, 24, 48, 0]"
2627.518424,33929349,"[246, 124, 160, 51, 0, 0, 0, 128]"
2627.518625,33828163,"[253, 127, 0, 64, 83, 21, 28, 25]"
2627.518844,33828227,"[0, 0, 64, 152, 255, 255, 0, 0]"
2627.519025,33828355,"[0, 0, 0, 0, 0, 0, 0, 128]"
2627.519169,33929222,"[0, 0, 156, 6, 0, 24, 48, 0]"
2627.519314,33929350,"[0, 0, 0, 128, 0, 0, 0, 128]"
2627.519494,33888256,"[0, 0, 0, 0, 128, 3, 16, 0]"
2627.519638,33828419,"[0, 0, 0, 0, 0, 0, 0, 128]"
2627.519915,33828483,"[8, 0, 0, 0, 0, 0, 0, 0]"
2627.520531,352595220,"[5, 0, 0, 80, 255, 9, 128, 1]"
2627.520679,33828547,"[0, 0, 4, 0, 0, 0, 0, 0]"
2627.520823,352596180,"[241, 31, 7, 208, 253, 47, 0, 5]"
2627.521813,33827908,"[0, 0, 0, 98, 0, 16, 243, 255]"
2627.522001,33828292,"[0, 0, 224, 8, 0, 0, 0, 0]"
2627.522252,33827906,"[0, 0, 0, 98, 0, 16, 248, 255]"
2627.522438,33828290,"[0, 0, 64, 7, 0, 0, 0, 0]"
2627.524038,33929225,"[0, 0, 149, 6, 0, 24, 32, 0]"
2627.524182,33827905,"[0, 0, 0, 226, 0, 16, 236, 255]"
2627.524355,33828289,"[0, 0, 128, 248, 255, 255, 0, 0]"
2627.525926,134551573,"[0, 0, 0, 0, 0, 0, 0, 0]"
2627.526078,134551637,"[0, 0, 0, 0, 0, 0, 0, 192]"
2627.526208,134551701,"[0, 0, 0, 64, 0, 0, 0, 192]"
2627.526352,134551765,"[0, 0, 112, 0, 0, 0, 0, 240]"
2627.526495,134551829,"[36, 38, 24, 250, 0, 192, 125, 0]"
2627.526808,33827907,"[0, 0, 0, 226, 0, 16, 250, 255]"
2627.526981,33828291,"[0, 0, 224, 251, 255, 255, 0, 0]"
2627.527168,33929223,"[0, 0, 121, 6, 0, 24, 48, 0]"
2627.527306,33929351,"[0, 0, 0, 128, 0, 0, 0, 128]"
2627.529493,33888256,"[0, 0, 0, 0, 128, 3, 16, 0]"
2627.529636,33888320,"[0, 0, 0, 0, 30, 47, 6, 0]"
2627.529777,33888384,"[0, 0, 0, 0, 0, 0, 0, 0]"
2627.529933,33888512,"[0, 0, 0, 0, 0, 0, 0, 0]"
2627.53038,352611284,"[0, 0, 0, 0, 1, 26, 19, 0]"
2627.530536,352601940,"[0, 0, 0, 0, 0, 64, 0, 0]"
2627.530683,33929216,"[0, 0, 165, 6, 0, 24, 0, 0]"
2627.53082,352595220,"[5, 0, 0, 80, 255, 9, 128, 1]"
2627.530978,352596308,"[130, 29, 0, 22, 80, 0, 0, 255]"
2627.531121,33929353,"[0, 0, 0, 0, 179, 149, 136, 63]"
2627.531263,352596372,"[251, 255, 207, 255, 255, 3, 0, 144]"
2627.531414,352596692,"[0, 0, 0, 0, 0, 0, 0, 0]"
2627.531571,352596628,"[137, 98, 0, 0, 0, 0, 0, 0]"
2627.531732,352596820,"[0, 0, 0, 0, 0, 0, 0, 0]"
2627.531897,352596884,"[168, 255, 50, 0, 163, 2, 0, 0]"
2627.532012,33827908,"[0, 0, 0, 98, 0, 16, 250, 255]"
2627.532417,33827906,"[0, 0, 0, 98, 0, 16, 237, 255]"
2627.533461,33929226,"[0, 0, 165, 6, 0, 23, 32, 0]"
2627.533612,33929224,"[0, 0, 166, 6, 0, 24, 48, 0]"
2627.533744,33929352,"[0, 0, 0, 128, 0, 0, 0, 128]"
2627.534,33929225,"[0, 0, 149, 6, 0, 24, 32, 0]"
2627.534235,33827905,"[0, 0, 0, 226, 0, 16, 247, 255]"
2627.53449,33888704,"[0, 0, 0, 0, 0, 0, 0, 0]"
2627.535161,16848960,"[152, 175, 84, 126, 1, 0, 0, 255]"
2627.536467,33929290,"[0, 0, 0, 0, 0, 64, 0, 0]"
2627.536792,33827907,"[0, 0, 0, 226, 0, 16, 248, 255]"
2627.537647,262271,"[52, 94, 169, 127, 29, 237, 238, 35]"
2627.537914,33929221,"[0, 0, 131, 6, 0, 24, 48, 0]"
2627.538043,33929349,"[246, 124, 160, 51, 0, 0, 0, 128]"
2627.539025,33929222,"[0, 0, 156, 6, 0, 24, 48, 0]"
2627.539168,33929350,"[0, 0, 0, 128, 0, 0, 0, 128]"
2627.539494,33888256,"[0, 0, 0, 0, 128, 3, 16, 0]"
2627.540248,352595220,"[5, 0, 0, 80, 255, 9, 128, 1]"
2627.540405,352596180,"[241, 31, 7, 208, 253, 47, 0, 5]"
2627.541795,33827908,"[0, 0, 0, 98, 0, 16, 6, 0]"
2627.541981,33828292,"[0, 0, 224, 8, 0, 0, 0, 0]"
2627.542279,33827906,"[0, 0, 0, 98, 0, 16, 251, 255]"
2627.54245,33828290,"[0, 0, 64, 7, 0, 0, 0, 0]"
2627.542958,33930249,"[0, 0, 0, 0, 235, 184, 17, 60]"
2627.544025,33929225,"[0, 0, 149, 6, 0, 24, 32, 0]"
2627.544177,33827905,"[0, 0, 0, 226, 0, 16, 238, 255]"
2627.544449,33828289,"[0, 0, 128, 248, 255, 255, 0, 0]"
2627.545912,134551573,"[0, 0, 0, 0, 0, 0, 0, 0]"
2627.546057,134551637,"[0, 0, 0, 0, 0, 0, 0, 192]"
2627.546201,134551701,"[0, 0, 0, 64, 0, 0, 0, 192]"
2627.546345,134551765,"[0, 0, 112, 0, 0, 0, 0, 240]"
2627.546489,33888448,"[0, 0, 0, 0, 0, 0, 0, 0]"
2627.546634,134551829,"[36, 38, 24, 250, 0, 192, 125, 0]"
2627.546782,33827907,"[0, 0, 0, 226, 0, 16, 3, 0]"
2627.546955,33828291,"[0, 0, 224, 251, 255, 255, 0, 0]"
2627.547128,33929223,"[0, 0, 121, 6, 0, 24, 48, 0]"
2627.54728,33929351,"[0, 0, 0, 128, 0, 0, 0, 128]"
2627.549482,33888256,"[0, 0, 0, 0, 128, 3, 16, 0]"
2627.549626,33888320,"[0, 0, 0, 0, 30, 48, 6, 0]"
2627.549774,33888384,"[0, 0, 0, 0, 0, 0, 0, 0]"
2627.549918,33888512,"[0, 0, 0, 0, 0, 0, 0, 0]"
2627.550177,352595220,"[5, 0, 0, 80, 255, 9, 128, 1]"
2627.55045,33888266,"[0, 0, 255, 255, 255, 255, 0, 0]"
2627.550594,33929216,"[0, 0, 165, 6, 0, 24, 0, 0]"
2627.550999,33929353,"[0, 0, 0, 0, 179, 149, 136, 63]"
2627.551802,33827908,"[0, 0, 0, 98, 0, 16, 248, 255]"
2627.552246,33827906,"[0, 0, 0, 98, 0, 16, 253, 255]"
2627.552418,33930250,"[0, 0, 0, 0, 194, 32, 248, 28]"
2627.55312,33929287,"[0, 0, 0, 0, 0, 64, 0, 0]"
2627.553477,33929226,"[0, 0, 165, 6, 0, 23, 32, 0]"
2627.553621,33929224,"[0, 0, 165, 6, 0, 24, 48, 0]"
2627.553755,33929352,"[0, 0, 0, 128, 0, 0, 0, 128]"
2627.554028,33929225,"[0, 0, 149, 6, 0, 24, 32, 0]"
2627.554173,33827905,"[0, 0, 0, 226, 0, 16, 254, 255]"
2627.55602,16848960,"[152, 175, 84, 126, 1, 0, 0, 255]"
2627.556735,33827907,"[0, 0, 0, 226, 0, 16, 2, 0]"
2627.557907,33929221,"[0, 0, 131, 6, 0, 24, 48, 0]"
2627.558038,33929349,"[246, 124, 160, 51, 0, 0, 0, 128]"
2627.559027,33929222,"[0, 0, 157, 6, 0, 24, 48, 0]"
2627.559171,33929350,"[0, 0, 0, 128, 0, 0, 0, 128]"
2627.559486,33888256,"[0, 0, 0, 0, 128, 3, 16, 0]"
2627.560103,352595220,"[5, 0, 0, 80, 255, 8, 128, 1]"
2627.560261,352596180,"[241, 31, 7, 208, 253, 51, 0, 5]"
2627.561722,33827908,"[0, 0, 0, 98, 0, 16, 252, 255]"
2627.561909,33828292,"[0, 0, 224, 8, 0, 0, 0, 0]"
2627.56221,33827906,"[0, 0, 0, 98, 0, 16, 245, 255]"
2627.562397,33828290,"[0, 0, 64, 7, 0, 0, 0, 0]"
2627.564022,33929225,"[0, 0, 150, 6, 0, 24, 32, 0]"
2627.564166,33827905,"[0, 0, 0, 226, 0, 16, 2, 0]"
2627.564346,33828289,"[0, 0, 128, 248, 255, 255, 0, 0]"
2627.565908,134551573,"[0, 0, 0, 0, 0, 0, 0, 0]"
2627.566061,134551637,"[0, 0, 0, 0, 0, 0, 0, 192]"
2627.566206,134551701,"[0, 0, 0, 64, 0, 0, 0, 192]"
2627.56635,134551765,"[0, 0, 112, 0, 0, 0, 0, 240]"
2627.56648,134551829,"[35, 38, 24, 250, 0, 192, 125, 0]"
2627.566778,33827907,"[0, 0, 0, 226, 0, 16, 8, 0]"
2627.566937,33828291,"[0, 0, 224, 251, 255, 255, 0, 0]"
2627.567133,33929223,"[0, 0, 122, 6, 0, 24, 48, 0]"
2627.567276,33929351,"[0, 0, 0, 128, 0, 0, 0, 128]"
2627.569487,33888256,"[0, 0, 0, 0, 128, 3, 16, 0]"
2627.56963,33888320,"[0, 0, 0, 0, 30, 48, 6, 0]"
2627.569764,33888384,"[0, 0, 0, 0, 0, 0, 0, 0]"
2627.569923,33888512,"[0, 0, 0, 0, 0, 0, 0, 0]"
2627.570161,352595220,"[6, 0, 0, 80, 255, 8, 128, 1]"
2627.570569,33929216,"[0, 0, 166, 6, 0, 24, 0, 0]"
2627.571011,33929353,"[0, 0, 0, 0, 179, 149, 136, 63]"
2627.571706,33827908,"[0, 0, 0, 98, 0, 16, 5, 0]"
2627.572284,33827906,"[0, 0, 0, 98, 0, 16, 228, 255]"
2627.573452,33929226,"[0, 0, 165, 6, 0, 23, 32, 0]"
2627.573596,33929224,"[0, 0, 166, 6, 0, 24, 48, 0]"
2627.573744,33929352,"[0, 0, 0, 128, 0, 0, 0, 128]"
2627.574017,33929225,"[0, 0, 149, 6, 0, 24, 32, 0]"
2627.574154,33827905,"[0, 0, 0, 226, 0, 16, 6, 0]"
2627.576679,33827907,"[0, 0, 0, 226, 0, 16, 254, 255]"
2627.577014,16848960,"[152, 175, 84, 126, 1, 0, 0, 255]"
2627.577889,33929221,"[0, 0, 130, 6, 0, 24, 48, 0]"
2627.57804,33929349,"[246, 124, 160, 51, 0, 0, 0, 128]"
2627.578437,262271,"[52, 94, 168, 122, 146, 78, 42, 15]"
2627.579009,33929222,"[0, 0, 157, 6, 0, 24, 48, 0]"
2627.579151,33929350,"[0, 0, 0, 128, 0, 0, 0, 128]"
2627.579484,33888256,"[0, 0, 0, 0, 128, 3, 16, 0]"
2627.580104,352595220,"[6, 0, 0, 80, 255, 8, 128, 1]"
2627.580261,352596180,"[241, 31, 7, 208, 253, 51, 0, 5]"
2627.580403,352596244,"[29, 1, 223, 0, 32, 127, 0, 0]"
2627.580554,352596436,"[219, 255, 31, 0, 0, 1, 0, 0]"
2627.580715,352596500,"[160, 0, 80, 0, 200, 63, 0, 4]"
2627.581474,33888576,"[0, 0, 0, 0, 0, 0, 16, 0]"
2627.581624,33888640,"[0, 0, 0, 0, 0, 0, 0, 0]"
2627.581771,33827908,"[0, 0, 0, 98, 0, 16, 253, 255]"
2627.582042,33828292,"[0, 0, 224, 8, 0, 0, 0, 0]"
2627.582221,33827906,"[0, 0, 0, 98, 0, 16, 243, 255]"
2627.58242,33828290,"[0, 0, 64, 7, 0, 0, 0, 0]"
2627.584017,33929225,"[0, 0, 149, 6, 0, 24, 32, 0]"
2627.584168,33827905,"[0, 0, 0, 226, 0, 16, 247, 255]"
2627.58431,33828289,"[0, 0, 128, 248, 255, 255, 0, 0]"
2627.585911,134551573,"[0, 0, 0, 0, 0, 0, 0, 0]"
2627.586054,134551637,"[0, 0, 0, 0, 0, 0, 0, 192]"
2627.586197,134551701,"[0, 0, 0, 64, 0, 0, 0, 192]"
2627.586333,134551765,"[0, 0, 112, 0, 0, 0, 0, 240]"
2627.586476,134551829,"[35, 38, 24, 250, 0, 192, 125, 0]"
2627.586735,33827907,"[0, 0, 0, 226, 0, 16, 255, 255]"
2627.586899,33929285,"[0, 0, 0, 0, 0, 64, 0, 0]"
2627.587043,33828291,"[0, 0, 224, 251, 255, 255, 0, 0]"
2627.587185,33929223,"[0, 0, 120, 6, 0, 24, 48, 0]"
2627.587336,33929351,"[0, 0, 0, 128, 0, 0, 0, 128]"
2627.589479,33888256,"[0, 0, 0, 0, 128, 3, 16, 0]"
2627.589624,33888320,"[0, 0, 0, 0, 30, 48, 6, 0]"
2627.589772,33888384,"[0, 0, 0, 0, 0, 0, 0, 0]"
2627.58991,33888512,"[0, 0, 0, 0, 0, 0, 0, 0]"
2627.59014,352595220,"[6, 0, 0, 80, 255, 8, 128, 1]"
2627.590575,33929216,"[0, 0, 166, 6, 0, 24, 0, 0]"
2627.591016,33929353,"[0, 0, 0, 0, 179, 149, 136, 63]"
2627.591703,33827908,"[0, 0, 0, 98, 0, 16, 0, 0]"
2627.592197,33827906,"[0, 0, 0, 98, 0, 16, 5, 0]"
2627.593452,33929226,"[0, 0, 164, 6, 0, 23, 32, 0]"
2627.593596,33929224,"[0, 0, 166, 6, 0, 24, 48, 0]"
2627.593744,33929352,"[0, 0, 0, 128, 0, 0, 0, 128]"
2627.59401,33929225,"[0, 0, 149, 6, 0, 24, 32, 0]"
2627.594154,33827905,"[0, 0, 0, 226, 0, 16, 248, 255]"
2627.596649,33827907,"[0, 0, 0, 226, 0, 16, 253, 255]"
2627.596797,33888448,"[0, 0, 0, 0, 0, 0, 0, 0]"
2627.597872,16848960,"[152, 175, 84, 126, 1, 0, 0, 255]"
2627.598016,33929221,"[0, 0, 131, 6, 0, 24, 48, 0]"
2627.598154,33929349,"[246, 124, 160, 51, 0, 0, 0, 128]"
2627.599006,33929222,"[0, 0, 157, 6, 0, 24, 48, 0]"
2627.599158,33929350,"[0, 0, 0, 128, 0, 0, 0, 128]"
2627.599472,33888256,"[0, 0, 0, 0, 128, 3, 16, 0]"
2627.600098,352595220,"[5, 0, 0, 80, 255, 8, 128, 1]"
2627.60025,352596180,"[241, 31, 7, 192, 253, 51, 0, 5]"
2627.601735,33827908,"[0, 0, 0, 98, 0, 16, 5, 0]"
2627.601936,33828292,"[0, 0, 224, 8, 0, 0, 0, 0]"
2627.602287,33827906,"[0, 0, 0, 98, 0, 16, 243, 255]"
2627.602473,33828290,"[0, 0, 64, 7, 0, 0, 0, 0]"
2627.604015,33929225,"[0, 0, 150, 6, 0, 24, 32, 0]"
2627.604159,33827905,"[0, 0, 0, 226, 0, 16, 3, 0]"
2627.604439,33828289,"[0, 0, 128, 248, 255, 255, 0, 0]"
2627.605901,134551573,"[0, 0, 0, 0, 0, 0, 0, 0]"
2627.60604,134551637,"[0, 0, 0, 0, 0, 0, 0, 192]"
2627.606198,134551701,"[0, 0, 0, 64, 0, 0, 0, 192]"
2627.606341,134551765,"[0, 0, 112, 0, 0, 0, 0, 240]"
2627.606479,134551829,"[35, 38, 24, 250, 0, 192, 125, 0]"
2627.606726,33827907,"[0, 0, 0, 226, 0, 16, 255, 255]"
2627.606898,33828291,"[0, 0, 224, 251, 255, 255, 0, 0]"
2627.607108,33929223,"[0, 0, 121, 6, 0, 24, 48, 0]"
2627.607252,33929351,"[0, 0, 0, 128, 0, 0, 0, 128]"
2627.609514,33888256,"[0, 0, 0, 0, 128, 3, 16, 0]"
2627.609651,33888320,"[0, 0, 0, 0, 30, 49, 6, 0]"
2627.609799,33888384,"[0, 0, 0, 0, 0, 0, 0, 0]"
2627.609943,33888512,"[0, 0, 0, 0, 0, 0, 0, 0]"
2627.610124,352595220,"[5, 0, 0, 80, 255, 8, 128, 1]"
2627.610565,33929216,"[0, 0, 164, 6, 0, 24, 0, 0]"
2627.610992,33929353,"[0, 0, 0, 0, 179, 149, 136, 63]"
2627.611732,33827908,"[0, 0, 0, 98, 0, 16, 8, 0]"
2627.61224,33827906,"[0, 0, 0, 98, 0, 16, 242, 255]"
2627.613465,33929226,"[0, 0, 165, 6, 0, 23, 32, 0]"
2627.613594,33929224,"[0, 0, 166, 6, 0, 24, 48, 0]"
2627.613742,33929352,"[0, 0, 0, 128, 0, 0, 0, 128]"
2627.614036,33929225,"[0, 0, 150, 6, 0, 24, 32, 0]"
2627.614251,33827905,"[0, 0, 0, 226, 0, 16, 251, 255]"
2627.616766,33827907,"[0, 0, 0, 226, 0, 16, 4, 0]"
2627.617881,33929221,"[0, 0, 131, 6, 0, 24, 48, 0]"
2627.618026,33929349,"[246, 124, 160, 51, 0, 0, 0, 128]"
2627.618665,16848960,"[152, 175, 84, 126, 1, 0, 0, 255]"
2627.619016,33929222,"[0, 0, 156, 6, 0, 24, 48, 0]"
2627.619159,33929350,"[0, 0, 0, 128, 0, 0, 0, 128]"
2627.619415,262271,"[52, 94, 169, 122, 25, 89, 142, 154]"
2627.619565,33888256,"[0, 0, 0, 0, 128, 3, 16, 0]"
2627.620102,352595220,"[6, 0, 0, 80, 255, 8, 128, 1]"
2627.620245,352596180,"[241, 223, 6, 192, 253, 51, 0, 5]"
2627.621785,33827908,"[0, 0, 0, 98, 0, 16, 250, 255]"
2627.62197,33828292,"[0, 0, 224, 8, 0, 0, 0, 0]"
2627.622233,33827906,"[0, 0, 0, 98, 0, 16, 251, 255]"
2627.622404,33828290,"[0, 0, 64, 7, 0, 0, 0, 0]"
2627.623513,33929288,"[0, 0, 0, 0, 0, 64, 0, 0]"
2627.624007,33929225,"[0, 0, 149, 6, 0, 24, 32, 0]"
2627.62415,33827905,"[0, 0, 0, 226, 0, 16, 250, 255]"
2627.624329,33828289,"[0, 0, 128, 248, 255, 255, 0, 0]"
2627.625911,134551573,"[0, 0, 0, 0, 0, 0, 0, 0]"
2627.62604,134551637,"[0, 0, 0, 0, 0, 0, 0, 192]"
2627.626182,134551701,"[0, 0, 0, 64, 0, 0, 0, 192]"
2627.626325,134551765,"[0, 0, 112, 0, 0, 0, 0, 240]"
2627.626476,134551829,"[35, 38, 24, 250, 0, 192, 125, 0]"
2627.626736,33827907,"[0, 0, 0, 226, 0, 16, 2, 0]"
2627.626921,33828291,"[0, 0, 224, 251, 255, 255, 0, 0]"
2627.627101,33929223,"[0, 0, 121, 6, 0, 24, 48, 0]"
2627.627244,33929351,"[0, 0, 0, 128, 0, 0, 0, 128]"
2627.629512,33888256,"[0, 0, 0, 0, 128, 3, 16, 0]"
2627.629658,33888320,"[0, 0, 0, 0, 30, 46, 6, 0]"
2627.629823,33888384,"[0, 0, 0, 0, 0, 0, 0, 0]"
2627.629951,33888512,"[0, 0, 0, 0, 0, 0, 0, 0]"
2627.630151,352595220,"[5, 0, 0, 80, 255, 8, 128, 1]"
2627.630556,33929216,"[0, 0, 164, 6, 0, 24, 0, 0]"
2627.630994,33929353,"[0, 0, 0, 0, 179, 149, 136, 63]"
2627.631769,33827908,"[0, 0, 0, 98, 0, 16, 240, 255]"
2627.632188,33827906,"[0, 0, 0, 98, 0, 16, 252, 255]"
2627.633448,33929226,"[0, 0, 163, 6, 0, 23, 32, 0]"
2627.633598,33929224,"[0, 0, 165, 6, 0, 24, 48, 0]"
2627.633731,33929352,"[0, 0, 0, 128, 0, 0, 0, 128]"
2627.63403,33929225,"[0, 0, 149, 6, 0, 24, 32, 0]"
2627.634169,33827905,"[0, 0, 0, 226, 0, 16, 239, 255]"
2627.636788,33827907,"[0, 0, 0, 226, 0, 16, 251, 255]"
2627.637883,33929221,"[0, 0, 131, 6, 0, 24, 48, 0]"
2627.638014,33929349,"[246, 124, 160, 51, 0, 0, 0, 128]"
2627.639004,33929222,"[0, 0, 156, 6, 0, 24, 48, 0]"
2627.639148,33929350,"[0, 0, 0, 128, 0, 0, 0, 128]"
2627.639499,33888256,"[0, 0, 0, 0, 128, 3, 16, 0]"
2627.639643,16848960,"[152, 175, 84, 126, 1, 0, 0, 255]"
2627.640098,352595220,"[5, 0, 0, 80, 255, 8, 128, 1]"
2627.640256,352596180,"[241, 31, 7, 192, 253, 51, 0, 5]"
2627.641668,33827908,"[0, 0, 0, 98, 0, 16, 246, 255]"
2627.641855,33828292,"[0, 0, 224, 8, 0, 0, 0, 0]"
2627.642249,33827906,"[0, 0, 0, 98, 0, 16, 239, 255]"
2627.64245,33828290,"[0, 0, 64, 7, 0, 0, 0, 0]"
2627.643992,33929225,"[0, 0, 148, 6, 0, 24, 32, 0]"
2627.644136,33827905,"[0, 0, 0, 226, 0, 16, 241, 255]"
2627.64428,33929289,"[0, 0, 0, 8, 0, 64, 0, 0]"
2627.644432,33828289,"[0, 0, 128, 248, 255, 255, 0, 0]"
2627.645893,134551573,"[0, 0, 0, 0, 0, 0, 0, 0]"
2627.646032,134551637,"[0, 0, 0, 0, 0, 0, 0, 192]"
2627.646176,134551701,"[0, 0, 0, 64, 0, 0, 0, 192]"
2627.64632,134551765,"[0, 0, 112, 0, 0, 0, 0, 240]"
2627.646458,134551829,"[35, 38, 24, 250, 0, 192, 125, 0]"
2627.646616,33888448,"[0, 0, 0, 0, 0, 0, 0, 0]"
2627.64675,33827907,"[0, 0, 0, 226, 0, 16, 240, 255]"
2627.646909,33828291,"[0, 0, 224, 251, 255, 255, 0, 0]"
2627.647119,33929223,"[0, 0, 120, 6, 0, 24, 48, 0]"
2627.647263,33929351,"[0, 0, 0, 128, 0, 0, 0, 128]"
2627.649506,33888256,"[0, 0, 0, 0, 128, 3, 16, 0]"
2627.649654,33888320,"[0, 0, 0, 0, 30, 47, 6, 0]"
2627.649792,33888384,"[0, 0, 0, 0, 0, 0, 0, 0]"
2627.649936,33888512,"[0, 0, 0, 0, 0, 0, 0, 0]"
2627.650138,352595220,"[5, 0, 0, 80, 255, 8, 128, 1]"
2627.650546,33929216,"[0, 0, 163, 6, 0, 24, 0, 0]"
2627.651002,33929353,"[0, 0, 0, 0, 179, 149, 136, 63]"
2627.651811,33827908,"[0, 0, 0, 98, 0, 16, 243, 255]"
2627.652233,33827906,"[0, 0, 0, 98, 0, 16, 246, 255]"
2627.653434,33929226,"[0, 0, 163, 6, 0, 23, 32, 0]"
2627.653579,33929224,"[0, 0, 164, 6, 0, 24, 48, 0]"
2627.65372,33929352,"[0, 0, 0, 128, 0, 0, 0, 128]"
2627.653994,33929225,"[0, 0, 148, 6, 0, 24, 32, 0]"
2627.654138,33827905,"[0, 0, 0, 226, 0, 16, 255, 255]"
2627.656777,33827907,"[0, 0, 0, 226, 0, 16, 255, 255]"
2627.657881,33929221,"[0, 0, 130, 6, 0, 24, 48, 0]"
2627.658026,33929349,"[246, 124, 160, 51, 0, 0, 0, 128]"
2627.659001,33929222,"[0, 0, 156, 6, 0, 24, 48, 0]"
2627.659145,33929350,"[0, 0, 0, 128, 0, 0, 0, 128]"
2627.659495,33888256,"[0, 0, 0, 0, 128, 3, 16, 0]"
2627.660106,352595220,"[5, 0, 0, 80, 255, 8, 128, 1]"
2627.660249,262271,"[52, 94, 169, 122, 212, 2, 134, 64]"
2627.660387,352596180,"[241, 31, 7, 208, 253, 51, 0, 5]"
2627.660602,16848960,"[152, 175, 84, 126, 1, 0, 0, 255]"
2627.661738,33827908,"[0, 0, 0, 98, 0, 16, 237, 255]"
2627.661925,33828292,"[0, 0, 224, 8, 0, 0, 0, 0]"
2627.662206,33827906,"[0, 0, 0, 98, 0, 16, 237, 255]"
2627.662364,33828290,"[0, 0, 64, 7, 0, 0, 0, 0]"
2627.663989,33929225,"[0, 0, 149, 6, 0, 24, 32, 0]"
2627.66414,33827905,"[0, 0, 0, 226, 0, 16, 244, 255]"
2627.664338,33828289,"[0, 0, 128, 248, 255, 255, 0, 0]"
2627.665002,33929286,"[0, 0, 0, 0, 0, 64, 0, 0]"
2627.665898,134551573,"[0, 0, 0, 0, 0, 0, 0, 0]"
2627.666041,134551637,"[0, 0, 0, 0, 0, 0, 0, 192]"
2627.666178,134551701,"[0, 0, 0, 64, 0, 0, 0, 192]"
2627.666321,134551765,"[0, 0, 112, 0, 0, 0, 0, 240]"
2627.666463,134551829,"[35, 38, 24, 250, 0, 192, 125, 0]"
2627.666744,33827907,"[0, 0, 0, 226, 0, 16, 250, 255]"
2627.666943,33828291,"[0, 0, 224, 251, 255, 255, 0, 0]"
2627.667101,33929223,"[0, 0, 121, 6, 0, 24, 48, 0]"
2627.667251,33929351,"[0, 0, 0, 128, 0, 0, 0, 128]"
2627.669512,33888256,"[0, 0, 0, 0, 128, 3, 16, 0]"
2627.669659,33888320,"[0, 0, 0, 0, 30, 48, 6, 0]"
2627.66981,33888384,"[0, 0, 0, 0, 0, 0, 0, 0]"
2627.669953,33888512,"[0, 0, 0, 0, 0, 0, 0, 0]"
2627.670139,352595220,"[5, 0, 0, 80, 255, 8, 128, 1]"
2627.670556,33929216,"[0, 0, 164, 6, 0, 24, 0, 0]"
2627.670979,33929353,"[0, 0, 0, 0, 179, 149, 136, 63]"
2627.671724,33827908,"[0, 0, 0, 98, 0, 16, 251, 255]"
2627.672157,33827906,"[0, 0, 0, 98, 0, 16, 246, 255]"
2627.673449,33929226,"[0, 0, 163, 6, 0, 23, 32, 0]"
2627.673592,33929224,"[0, 0, 165, 6, 0, 24, 48, 0]"
2627.673739,33929352,"[0, 0, 0, 128, 0, 0, 0, 128]"
2627.673981,33929225,"[0, 0, 148, 6, 0, 24, 32, 0]"
2627.674159,33827905,"[0, 0, 0, 226, 0, 16, 228, 255]"
2627.67667,33827907,"[0, 0, 0, 226, 0, 16, 3, 0]"
2627.677877,33929221,"[0, 0, 129, 6, 0, 24, 48, 0]"
2627.678007,33929349,"[246, 124, 160, 51, 0, 0, 0, 128]"
2627.679,33929222,"[0, 0, 156, 6, 0, 24, 48, 0]"
2627.679144,33929350,"[0, 0, 0, 128, 0, 0, 0, 128]"
2627.679486,33888256,"[0, 0, 0, 0, 128, 3, 16, 0]"
2627.680084,352595220,"[5, 0, 0, 80, 255, 9, 128, 1]"
2627.680236,352596180,"[241, 31, 7, 208, 253, 51, 0, 5]"
2627.680395,352596244,"[30, 1, 226, 0, 32, 127, 0, 0]"
2627.680539,352596436,"[38, 0, 160, 255, 255, 1, 0, 0]"
2627.680687,352596500,"[148, 0, 136, 0, 164, 63, 0, 4]"
2627.681691,33827908,"[0, 0, 0, 98, 0, 16, 3, 0]"
2627.681849,33828292,"[0, 0, 224, 8, 0, 0, 0, 0]"
2627.6823,16848960,"[152, 175, 212, 126, 1, 0, 0, 255]"
2627.682443,33827906,"[0, 0, 0, 98, 0, 16, 236, 255]"
2627.683082,33828290,"[0, 0, 64, 7, 0, 0, 0, 0]"
2627.683971,33929225,"[0, 0, 149, 6, 0, 24, 32, 0]"
2627.684116,33827905,"[0, 0, 0, 226, 0, 16, 234, 255]"
2627.684403,33828289,"[0, 0, 128, 248, 255, 255, 0, 0]"
2627.685887,134551573,"[0, 0, 0, 0, 0, 0, 0, 0]"
2627.686031,134551637,"[0, 0, 0, 0, 0, 0, 0, 192]"
2627.686175,134551701,"[0, 0, 0, 64, 0, 0, 0, 192]"
2627.686319,134551765,"[0, 0, 112, 0, 0, 0, 0, 240]"
2627.686457,134551829,"[35, 38, 24, 250, 0, 192, 125, 0]"
2627.686789,33827907,"[0, 0, 0, 226, 0, 16, 9, 0]"
2627.686975,33828291,"[0, 0, 224, 251, 255, 255, 0, 0]"
2627.687128,33929223,"[0, 0, 119, 6, 0, 24, 48, 0]"
2627.687272,33929351,"[0, 0, 0, 128, 0, 0, 0, 128]"
2627.689511,33888256,"[0, 0, 0, 0, 128, 3, 16, 0]"
2627.689653,33888320,"[0, 0, 0, 0, 30, 46, 6, 0]"
2627.689797,33888384,"[0, 0, 0, 0, 0, 0, 0, 0]"
2627.68994,33888512,"[0, 0, 0, 0, 0, 0, 0, 0]"
2627.690142,352595220,"[5, 0, 0, 80, 255, 9, 128, 1]"
2627.690549,33929216,"[0, 0, 163, 6, 0, 24, 0, 0]"
2627.690967,33929353,"[0, 0, 0, 0, 179, 149, 136, 63]"
2627.691814,33827908,"[0, 0, 0, 98, 0, 16, 250, 255]"
2627.692258,33827906,"[0, 0, 0, 98, 0, 16, 249, 255]"
2627.693431,33929226,"[0, 0, 163, 6, 0, 23, 32, 0]"
2627.693575,33929224,"[0, 0, 164, 6, 0, 24, 48, 0]"
2627.693717,33929352,"[0, 0, 0, 128, 0, 0, 0, 128]"
2627.693974,33929225,"[0, 0, 148, 6, 0, 24, 32, 0]"
2627.694218,33827905,"[0, 0, 0, 226, 0, 16, 254, 255]"
2627.696507,33888448,"[0, 0, 0, 0, 0, 0, 0, 0]"
2627.696726,33827907,"[0, 0, 0, 226, 0, 16, 14, 0]"
2627.69787,33929221,"[0, 0, 131, 6, 0, 24, 48, 0]"
2627.698,33929349,"[246, 124, 160, 51, 0, 0, 0, 128]"
2627.698988,33929222,"[0, 0, 156, 6, 0, 24, 48, 0]"
2627.699133,33929350,"[0, 0, 0, 128, 0, 0, 0, 128]"
2627.699484,33888256,"[0, 0, 0, 0, 128, 3, 16, 0]"
2627.700068,352595220,"[5, 0, 0, 80, 255, 9, 128, 1]"
2627.700212,352596180,"[241, 31, 7, 208, 253, 51, 0, 5]"
2627.701328,262271,"[52, 94, 169, 126, 93, 248, 14, 70]"
2627.701745,33827908,"[0, 0, 0, 98, 0, 16, 0, 0]"
2627.701903,33828292,"[0, 0, 224, 8, 0, 0, 0, 0]"
2627.702226,33827906,"[0, 0, 0, 98, 0, 16, 234, 255]"
2627.702427,33828290,"[0, 0, 64, 7, 0, 0, 0, 0]"
2627.703231,16848960,"[152, 175, 212, 126, 1, 0, 0, 255]"
2627.703971,33929225,"[0, 0, 149, 6, 0, 24, 32, 0]"
2627.704116,33827905,"[0, 0, 0, 226, 0, 16, 0, 0]"
2627.704289,33828289,"[0, 0, 128, 248, 255, 255, 0, 0]"
2627.705884,134551573,"[0, 0, 0, 0, 0, 0, 0, 0]"
2627.706028,134551637,"[0, 0, 0, 0, 0, 0, 0, 192]"
2627.706172,134551701,"[0, 0, 0, 64, 0, 0, 0, 192]"
2627.706325,134551765,"[0, 0, 112, 0, 0, 0, 0, 240]"
2627.706454,134551829,"[35, 38, 24, 250, 0, 192, 125, 0]"
2627.706816,33827907,"[0, 0, 0, 226, 0, 16, 0, 0]"
2627.706989,33828291,"[0, 0, 224, 251, 255, 255, 0, 0]"
2627.707133,33929223,"[0, 0, 121, 6, 0, 24, 48, 0]"
2627.707271,33929351,"[0, 0, 0, 128, 0, 0, 0, 128]"
2627.709503,33888256,"[0, 0, 0, 0, 128, 3, 16, 0]"
2627.70965,33888320,"[0, 0, 0, 0, 30, 48, 6, 0]"
2627.709786,33888384,"[0, 0, 0, 0, 0, 0, 0, 0]"
2627.709943,33888512,"[0, 0, 0, 0, 0, 0, 0, 0]"
2627.710128,352595220,"[6, 0, 0, 80, 255, 9, 128, 1]"
2627.710547,33929216,"[0, 0, 164, 6, 0, 24, 0, 0]"
2627.710962,33929353,"[0, 0, 0, 0, 179, 149, 136, 63]"
2627.711718,33827908,"[0, 0, 0, 98, 0, 16, 6, 0]"
2627.712199,33827906,"[0, 0, 0, 98, 0, 16, 250, 255]"
2627.713431,33929226,"[0, 0, 165, 6, 0, 23, 32, 0]"
2627.713567,33929224,"[0, 0, 166, 6, 0, 24, 48, 0]"
2627.713714,33929352,"[0, 0, 0, 128, 0, 0, 0, 128]"
2627.713969,33929225,"[0, 0, 149, 6, 0, 24, 32, 0]"
2627.714233,33827905,"[0, 0, 0, 226, 0, 16, 254, 255]"
2627.716718,33827907,"[0, 0, 0, 226, 0, 16, 9, 0]"
2627.717872,33929221,"[0, 0, 130, 6, 0, 24, 48, 0]"
2627.718009,33929349,"[246, 124, 160, 51, 0, 0, 0, 128]"
2627.718983,33929222,"[0, 0, 156, 6, 0, 24, 48, 0]"
2627.719126,33929350,"[0, 0, 0, 128, 0, 0, 0, 128]"
2627.719474,33888256,"[0, 0, 0, 0, 128, 3, 16, 0]"
2627.720107,352595220,"[6, 0, 0, 80, 255, 9, 128, 1]"
2627.72025,352596180,"[241, 31, 7, 208, 253, 51, 0, 5]"
2627.721748,33827908,"[0, 0, 0, 98, 0, 16, 5, 0]"
2627.721933,33828292,"[0, 0, 224, 8, 0, 0, 0, 0]"
2627.72226,33827906,"[0, 0, 0, 98, 0, 16, 230, 255]"
2627.722439,33828290,"[0, 0, 64, 7, 0, 0, 0, 0]"
2627.723987,33929225,"[0, 0, 149, 6, 0, 24, 32, 0]"
2627.724216,33827905,"[0, 0, 0, 226, 0, 16, 251, 255]"
2627.724346,16848960,"[152, 175, 212, 126, 1, 0, 0, 255]"
2627.724498,33828289,"[0, 0, 128, 248, 255, 255, 0, 0]"
2627.725874,134551573,"[0, 0, 0, 0, 0, 0, 0, 0]"
2627.726019,134551637,"[0, 0, 0, 0, 0, 0, 0, 192]"
2627.726163,134551701,"[0, 0, 0, 64, 0, 0, 0, 192]"
2627.726315,134551765,"[0, 0, 112, 0, 0, 0, 0, 240]"
2627.726445,134551829,"[37, 38, 24, 250, 0, 192, 125, 0]"
2627.726792,33827907,"[0, 0, 0, 226, 0, 16, 240, 255]"
2627.726959,33828291,"[0, 0, 224, 251, 255, 255, 0, 0]"
2627.727103,33929223,"[0, 0, 120, 6, 0, 24, 48, 0]"
2627.727247,33929351,"[0, 0, 0, 128, 0, 0, 0, 128]"
2627.72949,33888256,"[0, 0, 0, 0, 128, 3, 16, 0]"
2627.729639,33888320,"[0, 0, 0, 0, 30, 48, 6, 0]"
2627.729783,33888384,"[0, 0, 0, 0, 0, 0, 0, 0]"
2627.729927,33888512,"[0, 0, 0, 0, 0, 0, 0, 0]"
2627.730123,352595220,"[6, 0, 0, 80, 255, 9, 128, 1]"
2627.730537,33929216,"[0, 0, 164, 6, 0, 24, 0, 0]"
2627.730949,33929353,"[0, 0, 0, 0, 179, 149, 136, 63]"
2627.731744,33827908,"[0, 0, 0, 98, 0, 16, 255, 255]"
2627.732223,33827906,"[0, 0, 0, 98, 0, 16, 246, 255]"
2627.733424,33929226,"[0, 0, 164, 6, 0, 23, 32, 0]"
2627.733568,33929224,"[0, 0, 166, 6, 0, 24, 48, 0]"
2627.733717,33929352,"[0, 0, 0, 128, 0, 0, 0, 128]"
2627.733954,33929225,"[0, 0, 148, 6, 0, 24, 32, 0]"
2627.734213,33827905,"[0, 0, 0, 226, 0, 16, 255, 255]"
2627.736695,33827907,"[0, 0, 0, 226, 0, 16, 255, 255]"
2627.737855,33929221,"[0, 0, 130, 6, 0, 24, 48, 0]"
2627.738,33929349,"[246, 124, 160, 51, 0, 0, 0, 128]"
2627.738995,33929222,"[0, 0, 156, 6, 0, 24, 48, 0]"
2627.739147,33929350,"[0, 0, 0, 128, 0, 0, 0, 128]"
2627.739461,33888256,"[0, 0, 0, 0, 128, 3, 16, 0]"
2627.7401,352595220,"[6, 0, 0, 80, 255, 9, 128, 1]"
2627.740244,352596180,"[241, 31, 7, 208, 253, 51, 0, 5]"
2627.741763,33827908,"[0, 0, 0, 98, 0, 16, 0, 0]"
2627.741929,33828292,"[0, 0, 224, 8, 0, 0, 0, 0]"
2627.742273,33827906,"[0, 0, 0, 98, 0, 16, 238, 255]"
2627.742417,262271,"[52, 94, 169, 126, 51, 150, 127, 35]"
2627.742569,33828290,"[0, 0, 64, 7, 0, 0, 0, 0]"
2627.743534,33929280,"[0, 0, 0, 8, 0, 64, 0, 0]"
2627.743989,33929225,"[0, 0, 149, 6, 0, 24, 32, 0]"
2627.744133,33827905,"[0, 0, 0, 226, 0, 16, 252, 255]"
2627.744412,33828289,"[0, 0, 128, 248, 255, 255, 0, 0]"
2627.745451,16848960,"[152, 175, 212, 126, 1, 0, 0, 255]"
2627.745877,134551573,"[0, 0, 0, 0, 0, 0, 0, 0]"
2627.746022,134551637,"[0, 0, 0, 0, 0, 0, 0, 192]"
2627.746166,134551701,"[0, 0, 0, 64, 0, 0, 0, 192]"
2627.746318,134551765,"[0, 0, 112, 0, 0, 0, 0, 240]"
2627.746447,134551829,"[37, 38, 24, 250, 0, 192, 125, 0]"
2627.746591,33888448,"[0, 0, 0, 0, 0, 0, 0, 0]"
2627.746796,33827907,"[0, 0, 0, 226, 0, 16, 9, 0]"
2627.746991,33828291,"[0, 0, 224, 251, 255, 255, 0, 0]"
2627.747135,33929223,"[0, 0, 120, 6, 0, 24, 48, 0]"
2627.747278,33929351,"[0, 0, 0, 128, 0, 0, 0, 128]"
2627.749495,33888256,"[0, 0, 0, 0, 128, 3, 16, 0]"
2627.749629,33888320,"[0, 0, 0, 0, 30, 48, 6, 0]"
2627.749774,33888384,"[0, 0, 0, 0, 0, 0, 0, 0]"
2627.749917,33888512,"[0, 0, 0, 0, 0, 0, 0, 0]"
2627.750112,352595220,"[6, 0, 0, 80, 255, 9, 128, 1]"
2627.750526,33929216,"[0, 0, 164, 6, 0, 24, 0, 0]"
2627.750937,33929353,"[0, 0, 0, 0, 179, 149, 136, 63]"
2627.751661,33827908,"[0, 0, 0, 98, 0, 16, 249, 255]"
2627.752154,33827906,"[0, 0, 0, 98, 0, 16, 252, 255]"
2627.753414,33929226,"[0, 0, 164, 6, 0, 23, 32, 0]"
2627.753558,33929224,"[0, 0, 166, 6, 0, 24, 48, 0]"
2627.753706,33929352,"[0, 0, 0, 128, 0, 0, 0, 128]"
2627.753957,33929225,"[0, 0, 149, 6, 0, 24, 32, 0]"
2627.754101,33827905,"[0, 0, 0, 226, 0, 16, 241, 255]"
2627.756724,33827907,"[0, 0, 0, 226, 0, 16, 4, 0]"
2627.757859,33929221,"[0, 0, 131, 6, 0, 24, 48, 0]"
2627.757988,33929349,"[246, 124, 160, 51, 0, 0, 0, 128]"
2627.758973,33929222,"[0, 0, 155, 6, 0, 24, 48, 0]"
2627.759124,33929350,"[0, 0, 0, 128, 0, 0, 0, 128]"
2627.759477,33888256,"[0, 0, 0, 0, 128, 3, 16, 0]"
2627.760069,352595220,"[6, 0, 0, 80, 255, 9, 128, 1]"
2627.760226,352596180,"[241, 31, 7, 208, 253, 51, 0, 5]"
2627.761489,33888264,"[0, 0, 255, 255, 255, 255, 0, 0]"
2627.761714,33844164,"[0, 0, 0, 0, 1, 26, 19, 0]"
2627.761884,33834820,"[0, 0, 0, 0, 0, 0, 0, 0]"
2627.762232,33844162,"[0, 0, 0, 0, 1, 26, 19, 0]"
2627.762403,33834818,"[0, 0, 0, 0, 0, 0, 0, 0]"
2627.762573,33828932,"[0, 243, 199, 46, 0, 0, 0, 0]"
2627.762748,33827908,"[0, 0, 0, 98, 0, 16, 250, 255]"
2627.762898,33828164,"[253, 127, 0, 128, 83, 22, 28, 24]"
2627.763042,33828930,"[0, 243, 199, 46, 0, 0, 0, 0]"
2627.763184,33888263,"[0, 0, 255, 255, 255, 255, 0, 0]"
2627.763326,33827906,"[0, 0, 0, 98, 0, 16, 245, 255]"
2627.763491,33828162,"[250, 127, 0, 128, 83, 23, 28, 24]"
2627.763637,33828228,"[0, 0, 64, 231, 0, 0, 0, 0]"
2627.763738,33930248,"[0, 0, 0, 0, 151, 92, 17, 13]"
2627.763881,33828292,"[0, 0, 224, 8, 0, 0, 0, 0]"
2627.764024,33929225,"[0, 0, 147, 6, 0, 24, 32, 0]"
2627.764161,33828226,"[0, 0, 64, 189, 0, 0, 0, 0]"
2627.764304,33844161,"[0, 0, 0, 0, 1, 26, 19, 0]"
2627.764447,33828290,"[0, 0, 64, 7, 0, 0, 0, 0]"
2627.76465,33828356,"[0, 0, 0, 0, 0, 0, 0, 128]"
2627.764857,33828420,"[0, 0, 0, 0, 0, 0, 0, 128]"
2627.765,33834817,"[0, 0, 0, 0, 0, 0, 0, 0]"
2627.765157,33828354,"[0, 0, 0, 0, 0, 0, 0, 128]"
2627.765299,33828929,"[0, 243, 199, 46, 0, 0, 0, 0]"
2627.765436,33828418,"[0, 0, 0, 0, 0, 0, 0, 128]"
2627.765536,33930247,"[0, 0, 0, 0, 123, 170, 37, 73]"
2627.765682,33828484,"[8, 0, 0, 0, 0, 0, 0, 0]"
2627.765881,134551573,"[0, 0, 0, 0, 0, 0, 0, 0]"
2627.766018,33827905,"[0, 0, 0, 226, 0, 16, 4, 0]"
2627.766161,33828548,"[0, 0, 4, 0, 0, 0, 0, 0]"
2627.766303,33828161,"[254, 127, 0, 128, 83, 22, 28, 24]"
2627.766446,33828482,"[8, 0, 0, 0, 0, 0, 0, 0]"
2627.766588,16848960,"[152, 175, 212, 126, 1, 0, 0, 255]"
2627.766742,134551637,"[0, 0, 0, 0, 0, 0, 0, 192]"
2627.766885,134551701,"[0, 0, 0, 64, 0, 0, 0, 192]"
2627.767028,33828225,"[0, 0, 192, 62, 255, 255, 0, 0]"
2627.767142,33844163,"[0, 0, 0, 0, 1, 26, 19, 0]"
2627.767293,33828289,"[0, 0, 128, 248, 255, 255, 0, 0]"
2627.767435,33828546,"[0, 0, 4, 0, 0, 0, 0, 0]"
2627.767578,33828353,"[0, 0, 0, 0, 0, 0, 0, 128]"
2627.767724,33834819,"[0, 0, 0, 0, 0, 0, 0, 0]"
2627.767889,33929223,"[0, 0, 120, 6, 0, 24, 48, 0]"
2627.768018,33828931,"[0, 243, 199, 46, 0, 0, 0, 0]"
2627.768161,33929351,"[0, 0, 0, 128, 0, 0, 0, 128]"
2627.768304,33828417,"[0, 0, 0, 0, 0, 0, 0, 128]"
2627.768447,134551765,"[0, 0, 112, 0, 0, 0, 0, 240]"
2627.768584,33827907,"[0, 0, 0, 226, 0, 16, 7, 0]"
2627.76873,33828481,"[8, 0, 0, 0, 0, 0, 0, 0]"
2627.768873,33828163,"[255, 127, 0, 128, 83, 21, 27, 25]"
2627.769016,134551829,"[37, 38, 24, 250, 0, 192, 125, 0]"
2627.769154,33828227,"[0, 0, 64, 152, 255, 255, 0, 0]"
2627.769298,33828545,"[0, 0, 4, 0, 0, 0, 0, 0]"
2627.769484,33888256,"[0, 0, 0, 0, 128, 3, 16, 0]"
2627.769632,33888320,"[0, 0, 0, 0, 30, 47, 6, 0]"
2627.76977,33828291,"[0, 0, 224, 251, 255, 255, 0, 0]"
2627.769913,33888384,"[0, 0, 0, 0, 0, 0, 0, 0]"
2627.770058,33828355,"[0, 0, 0, 0, 0, 0, 0, 128]"
2627.770202,33888512,"[0, 0, 0, 0, 0, 0, 0, 0]"
2627.770346,352595220,"[6, 0, 0, 80, 255, 9, 128, 1]"
2627.770526,33929216,"[0, 0, 164, 6, 0, 24, 0, 0]"
2627.770688,33828419,"[0, 0, 0, 0, 0, 0, 0, 128]"
2627.770874,33828483,"[8, 0, 0, 0, 0, 0, 0, 0]"
2627.771019,33929353,"[0, 0, 0, 0, 179, 149, 136, 63]"
2627.77161,33828547,"[0, 0, 4, 0, 0, 0, 0, 0]"
2627.771837,33827908,"[0, 0, 0, 98, 0, 16, 248, 255]"
2627.772209,33827906,"[0, 0, 0, 98, 0, 16, 4, 0]"
2627.77341,33929226,"[0, 0, 164, 6, 0, 23, 32, 0]"
2627.773554,33929224,"[0, 0, 165, 6, 0, 24, 48, 0]"
2627.773702,33929352,"[0, 0, 0, 128, 0, 0, 0, 128]"
2627.773982,33929225,"[0, 0, 149, 6, 0, 24, 32, 0]"
2627.774126,33827905,"[0, 0, 0, 226, 0, 16, 247, 255]"
2627.776729,33827907,"[0, 0, 0, 226, 0, 16, 0, 0]"
2627.777858,33929221,"[0, 0, 129, 6, 0, 24, 48, 0]"
2627.778003,33929349,"[246, 124, 160, 51, 0, 0, 0, 128]"
2627.778967,33929222,"[0, 0, 155, 6, 0, 24, 48, 0]"
2627.77912,33929350,"[0, 0, 0, 128, 0, 0, 0, 128]"
2627.779476,33888256,"[0, 0, 0, 0, 128, 3, 16, 0]"
2627.78006,352611284,"[0, 0, 0, 0, 1, 26, 19, 0]"
2627.780218,352601940,"[0, 0, 0, 0, 0, 64, 0, 0]"
2627.78037,352595220,"[6, 0, 0, 80, 255, 9, 128, 1]"
2627.780514,352596180,"[241, 31, 7, 208, 253, 51, 0, 5]"
2627.780676,352596244,"[29, 1, 228, 0, 32, 127, 0, 0]"
2627.78082,352596308,"[121, 29, 0, 6, 80, 0, 0, 255]"
2627.780972,352596372,"[251, 255, 207, 255, 255, 3, 0, 144]"
2627.781131,352596436,"[214, 255, 207, 254, 255, 235, 255, 15]"
2627.781289,352596692,"[253, 255, 0, 0, 0, 0, 0, 0]"
2627.781447,352596500,"[144, 0, 136, 0, 208, 63, 0, 4]"
2627.78159,33888576,"[0, 0, 0, 0, 0, 0, 16, 0]"
2627.781732,33888640,"[0, 0, 0, 0, 0, 0, 0, 0]"
2627.781876,33827908,"[0, 0, 0, 98, 0, 16, 232, 255]"
2627.782021,352596628,"[155, 98, 0, 0, 0, 0, 0, 0]"
2627.782164,33828292,"[0, 0, 224, 8, 0, 0, 0, 0]"
2627.782302,33827906,"[0, 0, 0, 98, 0, 16, 15, 0]"
2627.782446,352596820,"[0, 0, 0, 0, 0, 0, 0, 0]"
2627.782604,352596884,"[170, 255, 50, 0, 168, 2, 0, 0]"
2627.783044,33828290,"[0, 0, 64, 7, 0, 0, 0, 0]"
2627.783515,262271,"[52, 94, 169, 123, 83, 100, 98, 48]"
2627.783969,33929225,"[0, 0, 148, 6, 0, 24, 32, 0]"
2627.784165,33827905,"[0, 0, 0, 226, 0, 16, 239, 255]"
2627.784351,33828289,"[0, 0, 128, 248, 255, 255, 0, 0]"
2627.784495,33888704,"[0, 0, 0, 0, 0, 0, 0, 0]"
2627.785869,134551573,"[0, 0, 0, 0, 0, 0, 0, 0]"
2627.786014,134551637,"[0, 0, 0, 0, 0, 0, 0, 192]"
2627.786151,134551701,"[0, 0, 0, 64, 0, 0, 0, 192]"
2627.786295,134551765,"[0, 0, 112, 0, 0, 0, 0, 240]"
2627.786439,33929290,"[0, 0, 0, 0, 0, 64, 0, 0]"
2627.786583,134551829,"[37, 38, 24, 250, 0, 192, 125, 0]"
2627.786725,33827907,"[0, 0, 0, 226, 0, 16, 11, 0]"
2627.786897,33828291,"[0, 0, 224, 251, 255, 255, 0, 0]"
2627.787084,33929223,"[0, 0, 120, 6, 0, 24, 48, 0]"
2627.787228,33929351,"[0, 0, 0, 128, 0, 0, 0, 128]"
2627.787593,16848960,"[152, 175, 212, 126, 1, 0, 0, 255]"
2627.789473,33888256,"[0, 0, 0, 0, 128, 3, 16, 0]"
2627.789621,33888320,"[0, 0, 0, 0, 30, 47, 6, 0]"
2627.789758,33888384,"[0, 0, 0, 0, 0, 0, 0, 0]"
2627.789902,33888512,"[0, 0, 0, 0, 0, 0, 0, 0]"
2627.790132,352595220,"[6, 0, 0, 80, 255, 9, 128, 1]"
2627.790525,33929216,"[0, 0, 165, 6, 0, 24, 0, 0]"
2627.79097,33929353,"[0, 0, 0, 0, 179, 149, 136, 63]"
2627.791795,33827908,"[0, 0, 0, 98, 0, 16, 8, 0]"
2627.792181,33827906,"[0, 0, 0, 98, 0, 16, 234, 255]"
2627.793415,33929226,"[0, 0, 164, 6, 0, 23, 32, 0]"
2627.793559,33929224,"[0, 0, 165, 6, 0, 24, 48, 0]"
2627.793707,33929352,"[0, 0, 0, 128, 0, 0, 0, 128]"
2627.793973,33929225,"[0, 0, 150, 6, 0, 24, 32, 0]"
2627.794174,33827905,"[0, 0, 0, 226, 0, 16, 245, 255]"
2627.796461,33888448,"[0, 0, 0, 0, 0, 0, 0, 0]"
2627.796637,33827907,"[0, 0, 0, 226, 0, 16, 6, 0]"
2627.797839,33929221,"[0, 0, 130, 6, 0, 24, 48, 0]"
2627.797983,33929349,"[246, 124, 160, 51, 0, 0, 0, 128]"
2627.798979,33929222,"[0, 0, 156, 6, 0, 24, 48, 0]"
2627.79913,33929350,"[0, 0, 0, 128, 0, 0, 0, 128]"
2627.799463,33888256,"[0, 0, 0, 0, 128, 3, 16, 0]"
2627.800054,352595220,"[6, 0, 0, 80, 255, 9, 128, 1]"
2627.800205,352596180,"[241, 31, 7, 208, 253, 51, 0, 5]"
2627.801696,33827908,"[0, 0, 0, 98, 0, 16, 7, 0]"
2627.801861,33828292,"[0, 0, 224, 8, 0, 0, 0, 0]"
2627.802265,33827906,"[0, 0, 0, 98, 0, 16, 255, 255]"
2627.802458,33828290,"[0, 0, 64, 7, 0, 0, 0, 0]"
2627.803086,33929287,"[0, 0, 0, 0, 0, 64, 0, 0]"
2627.803974,33929225,"[0, 0, 149, 6, 0, 24, 32, 0]"
2627.804167,33827905,"[0, 0, 0, 226, 0, 16, 242, 255]"
2627.804352,33828289,"[0, 0, 128, 248, 255, 255, 0, 0]"
2627.805859,134551573,"[0, 0, 0, 0, 0, 0, 0, 0]"
2627.806003,134551637,"[0, 0, 0, 0, 0, 0, 0, 192]"
2627.806153,134551701,"[0, 0, 0, 64, 0, 0, 0, 192]"
2627.806296,134551765,"[0, 0, 112, 0, 0, 0, 0, 240]"
2627.806438,134551829,"[36, 38, 24, 250, 0, 192, 125, 0]"
2627.80672,33827907,"[0, 0, 0, 226, 0, 16, 247, 255]"
2627.806905,33828291,"[0, 0, 224, 251, 255, 255, 0, 0]"
2627.807084,33929223,"[0, 0, 120, 6, 0, 24, 48, 0]"
2627.807221,33929351,"[0, 0, 0, 128, 0, 0, 0, 128]"
2627.807968,33888262,"[0, 0, 255, 255, 255, 255, 0, 0]"
2627.808069,33930246,"[0, 0, 0, 0, 132, 109, 126, 7]"
2627.80848,16848960,"[152, 175, 212, 126, 1, 0, 0, 255]"
2627.809447,33888256,"[0, 0, 0, 0, 128, 3, 16, 0]"
2627.809598,33888320,"[0, 0, 0, 0, 30, 47, 6, 0]"
2627.809766,33888384,"[0, 0, 0, 0, 0, 0, 0, 0]"
2627.809895,33888512,"[0, 0, 0, 0, 0, 0, 0, 0]"
2627.810074,352595220,"[5, 0, 0, 80, 255, 9, 128, 1]"
2627.810528,33929216,"[0, 0, 164, 6, 0, 24, 0, 0]"
2627.810958,33929353,"[0, 0, 0, 0, 179, 149, 136, 63]"
2627.811706,33827908,"[0, 0, 0, 98, 0, 16, 253, 255]"
2627.812139,33827906,"[0, 0, 0, 98, 0, 16, 240, 255]"
2627.813403,33929226,"[0, 0, 164, 6, 0, 23, 32, 0]"
2627.813545,33929224,"[0, 0, 164, 6, 0, 24, 48, 0]"
2627.813686,33929352,"[0, 0, 0, 128, 0, 0, 0, 128]"
2627.813963,33929225,"[0, 0, 148, 6, 0, 24, 32, 0]"
2627.814213,33827905,"[0, 0, 0, 226, 0, 16, 244, 255]"
2627.816661,33827907,"[0, 0, 0, 226, 0, 16, 10, 0]"
2627.817833,33929221,"[0, 0, 131, 6, 0, 24, 48, 0]"
2627.817971,33929349,"[246, 124, 160, 51, 0, 0, 0, 128]"
2627.81896,33929222,"[0, 0, 155, 6, 0, 24, 48, 0]"
2627.819104,33929350,"[0, 0, 0, 128, 0, 0, 0, 128]"
2627.819426,33888256,"[0, 0, 0, 0, 128, 3, 16, 0]"
2627.820051,352595220,"[5, 0, 0, 80, 255, 8, 128, 1]"
2627.820209,352596180,"[241, 31, 7, 208, 253, 51, 0, 5]"
2627.821741,33827908,"[0, 0, 0, 98, 0, 16, 251, 255]"
2627.821899,33828292,"[0, 0, 224, 8, 0, 0, 0, 0]"
2627.82218,33827906,"[0, 0, 0, 98, 0, 16, 238, 255]"
2627.822381,33828290,"[0, 0, 64, 7, 0, 0, 0, 0]"
2627.823963,33929225,"[0, 0, 149, 6, 0, 24, 32, 0]"
2627.824164,33827905,"[0, 0, 0, 226, 0, 16, 247, 255]"
2627.824359,33828289,"[0, 0, 128, 248, 255, 255, 0, 0]"
2627.824545,262271,"[52, 94, 169, 120, 213, 12, 7, 141]"
2627.825857,134551573,"[0, 0, 0, 0, 0, 0, 0, 0]"
2627.826002,134551637,"[0, 0, 0, 0, 0, 0, 0, 192]"
2627.826146,134551701,"[0, 0, 0, 64, 0, 0, 0, 192]"
2627.82629,134551765,"[0, 0, 112, 0, 0, 0, 0, 240]"
2627.826434,134551829,"[36, 38, 24, 250, 0, 192, 125, 0]"
2627.826746,33827907,"[0, 0, 0, 226, 0, 16, 7, 0]"
2627.826919,33828291,"[0, 0, 224, 251, 255, 255, 0, 0]"
2627.827099,33929223,"[0, 0, 121, 6, 0, 24, 48, 0]"
2627.827243,33929351,"[0, 0, 0, 128, 0, 0, 0, 128]"
2627.829293,16848960,"[152, 175, 212, 126, 1, 0, 0, 255]"
2627.829445,33888256,"[0, 0, 0, 0, 128, 3, 16, 0]"
2627.829589,33888320,"[0, 0, 0, 0, 30, 48, 6, 0]"
2627.829737,33888384,"[0, 0, 0, 0, 0, 0, 0, 0]"
2627.829881,33888512,"[0, 0, 0, 0, 0, 0, 0, 0]"
2627.830091,352595220,"[6, 0, 0, 80, 255, 8, 128, 1]"
2627.830541,33929216,"[0, 0, 163, 6, 0, 24, 0, 0]"
2627.830959,33929353,"[0, 0, 0, 0, 179, 149, 136, 63]"
2627.831762,33827908,"[0, 0, 0, 98, 0, 16, 248, 255]"
2627.832184,33827906,"[0, 0, 0, 98, 0, 16, 5, 0]"
2627.833398,33929226,"[0, 0, 164, 6, 0, 23, 32, 0]"
2627.833542,33929224,"[0, 0, 165, 6, 0, 24, 48, 0]"
2627.833684,33929352,"[0, 0, 0, 128, 0, 0, 0, 128]"
2627.83397,33929225,"[0, 0, 149, 6, 0, 24, 32, 0]"
2627.834109,33827905,"[0, 0, 0, 226, 0, 16, 5, 0]"
2627.836647,33827907,"[0, 0, 0, 226, 0, 16, 1, 0]"
2627.836834,33929285,"[0, 0, 0, 0, 0, 64, 0, 0]"
2627.836986,33888261,"[0, 0, 255, 255, 255, 255, 0, 0]"
2627.837087,33930245,"[0, 0, 0, 0, 148, 245, 112, 51]"
2627.83784,33929221,"[0, 0, 131, 6, 0, 24, 48, 0]"
2627.837993,33929349,"[246, 124, 160, 51, 0, 0, 0, 128]"
2627.838951,33929222,"[0, 0, 156, 6, 0, 24, 48, 0]"
2627.839096,33929350,"[0, 0, 0, 128, 0, 0, 0, 128]"
2627.839446,33888256,"[0, 0, 0, 0, 128, 3, 16, 0]"
2627.840065,352595220,"[6, 0, 0, 80, 255, 8, 128, 1]"
2627.840209,352596180,"[241, 31, 7, 208, 253, 51, 0, 5]"
2627.841655,33827908,"[0, 0, 0, 98, 0, 16, 7, 0]"
2627.84185,33828292,"[0, 0, 224, 8, 0, 0, 0, 0]"
2627.842151,33827906,"[0, 0, 0, 98, 0, 16, 254, 255]"
2627.842331,33828290,"[0, 0, 64, 7, 0, 0, 0, 0]"
2627.843954,33929225,"[0, 0, 149, 6, 0, 24, 32, 0]"
2627.844098,33827905,"[0, 0, 0, 226, 0, 16, 4, 0]"
2627.844263,33828289,"[0, 0, 128, 248, 255, 255, 0, 0]"
2627.845846,134551573,"[0, 0, 0, 0, 0, 0, 0, 0]"
2627.845997,134551637,"[0, 0, 0, 0, 0, 0, 0, 192]"
2627.84614,134551701,"[0, 0, 0, 64, 0, 0, 0, 192]"
2627.846282,134551765,"[0, 0, 112, 0, 0, 0, 0, 240]"
2627.846447,134551829,"[36, 38, 24, 250, 0, 192, 125, 0]"
2627.846575,33888448,"[0, 0, 0, 0, 0, 0, 0, 0]"
2627.846736,33827907,"[0, 0, 0, 226, 0, 16, 252, 255]"
2627.846943,33828291,"[0, 0, 224, 251, 255, 255, 0, 0]"
2627.847086,33929223,"[0, 0, 120, 6, 0, 24, 48, 0]"
2627.84725,33929351,"[0, 0, 0, 128, 0, 0, 0, 128]"
2627.849433,33888256,"[0, 0, 0, 0, 128, 3, 16, 0]"
2627.849584,33888320,"[0, 0, 0, 0, 30, 48, 6, 0]"
2627.84973,33888384,"[0, 0, 0, 0, 0, 0, 0, 0]"
2627.849873,33888512,"[0, 0, 0, 0, 0, 0, 0, 0]"
2627.850108,16848960,"[152, 175, 212, 126, 1, 0, 0, 255]"
2627.850512,33929216,"[0, 0, 164, 6, 0, 24, 0, 0]"
2627.850644,352595220,"[5, 0, 0, 80, 255, 8, 128, 1]"
2627.850949,33929353,"[0, 0, 0, 0, 179, 149, 136, 63]"
2627.851667,33827908,"[0, 0, 0, 98, 0, 16, 22, 0]"
2627.852128,33827906,"[0, 0, 0, 98, 0, 16, 243, 255]"
2627.853412,33929226,"[0, 0, 165, 6, 0, 23, 32, 0]"
2627.853548,33929224,"[0, 0, 165, 6, 0, 24, 48, 0]"
2627.853695,33929352,"[0, 0, 0, 128, 0, 0, 0, 128]"
2627.85395,33929225,"[0, 0, 149, 6, 0, 24, 32, 0]"
2627.854101,33827905,"[0, 0, 0, 226, 0, 16, 247, 255]"
2627.856682,33827907,"[0, 0, 0, 226, 0, 16, 6, 0]"
2627.857831,33929221,"[0, 0, 131, 6, 0, 24, 48, 0]"
2627.857974,33929349,"[246, 124, 160, 51, 0, 0, 0, 128]"
2627.858961,33929222,"[0, 0, 155, 6, 0, 24, 48, 0]"
2627.859118,33929350,"[0, 0, 0, 128, 0, 0, 0, 128]"
2627.85944,33888256,"[0, 0, 0, 0, 128, 3, 16, 0]"
2627.860499,352595220,"[5, 0, 0, 80, 255, 8, 128, 1]"
2627.860648,352596180,"[241, 31, 7, 208, 253, 47, 0, 5]"
2627.8617,33827908,"[0, 0, 0, 98, 0, 16, 249, 255]"
2627.861887,33828292,"[0, 0, 224, 8, 0, 0, 0, 0]"
2627.862195,33827906,"[0, 0, 0, 98, 0, 16, 240, 255]"
2627.862382,33828290,"[0, 0, 64, 7, 0, 0, 0, 0]"
2627.863942,33929225,"[0, 0, 149, 6, 0, 24, 32, 0]"
2627.864095,33827905,"[0, 0, 0, 226, 0, 16, 248, 255]"
2627.864267,33828289,"[0, 0, 128, 248, 255, 255, 0, 0]"
2627.865406,262271,"[52, 94, 169, 127, 154, 99, 75, 4]"
2627.865846,134551573,"[0, 0, 0, 0, 0, 0, 0, 0]"
2627.86599,134551637,"[0, 0, 0, 0, 0, 0, 0, 192]"
2627.866142,134551701,"[0, 0, 0, 64, 0, 0, 0, 192]"
2627.866286,134551765,"[0, 0, 112, 0, 0, 0, 0, 240]"
2627.866415,134551829,"[36, 38, 24, 250, 0, 192, 125, 0]"
2627.866756,33827907,"[0, 0, 0, 226, 0, 16, 17, 0]"
2627.866936,33828291,"[0, 0, 224, 251, 255, 255, 0, 0]"
2627.86708,33929223,"[0, 0, 120, 6, 0, 24, 48, 0]"
2627.867224,33929351,"[0, 0, 0, 128, 0, 0, 0, 128]"
2627.869441,33888256,"[0, 0, 0, 0, 128, 3, 16, 0]"
2627.869571,33888320,"[0, 0, 0, 0, 30, 48, 6, 0]"
2627.869719,33888384,"[0, 0, 0, 0, 0, 0, 0, 0]"
2627.869871,33888512,"[0, 0, 0, 0, 0, 0, 0, 0]"
2627.87042,352595220,"[5, 0, 0, 80, 255, 8, 128, 1]"
2627.870564,33929216,"[0, 0, 163, 6, 0, 24, 0, 0]"
2627.870933,16848960,"[152, 175, 212, 126, 1, 0, 0, 255]"
2627.871071,33929353,"[0, 0, 0, 0, 179, 149, 136, 63]"
2627.871723,33827908,"[0, 0, 0, 98, 0, 16, 231, 255]"
2627.872211,33827906,"[0, 0, 0, 98, 0, 16, 249, 255]"
2627.873391,33929226,"[0, 0, 164, 6, 0, 23, 32, 0]"
2627.873535,33929224,"[0, 0, 165, 6, 0, 24, 48, 0]"
2627.873683,33929288,"[0, 0, 0, 0, 0, 64, 0, 0]"
2627.873821,33929352,"[0, 0, 0, 128, 0, 0, 0, 128]"
2627.873964,33929225,"[0, 0, 149, 6, 0, 24, 32, 0]"
2627.874123,33827905,"[0, 0, 0, 226, 0, 16, 246, 255]"
2627.876679,33827907,"[0, 0, 0, 226, 0, 16, 10, 0]"
2627.877822,33929221,"[0, 0, 130, 6, 0, 24, 48, 0]"
2627.87796,33929349,"[246, 124, 160, 51, 0, 0, 0, 128]"
2627.878947,33929222,"[0, 0, 155, 6, 0, 24, 48, 0]"
2627.8791,33929350,"[0, 0, 0, 128, 0, 0, 0, 128]"
2627.87945,33888256,"[0, 0, 0, 0, 128, 3, 16, 0]"
2627.880233,352595220,"[5, 0, 0, 80, 255, 8, 128, 1]"
2627.880385,352596180,"[241, 31, 7, 208, 253, 47, 0, 5]"
2627.880543,352596244,"[30, 1, 225, 0, 32, 127, 0, 0]"
2627.880713,352596436,"[33, 0, 224, 254, 255, 13, 0, 0]"
2627.880842,352596500,"[156, 0, 108, 0, 236, 63, 0, 4]"
2627.881688,33827908,"[0, 0, 0, 98, 0, 16, 246, 255]"
2627.881882,33828292,"[0, 0, 224, 8, 0, 0, 0, 0]"
2627.882211,33827906,"[0, 0, 0, 98, 0, 16, 251, 255]"
2627.882377,33828290,"[0, 0, 64, 7, 0, 0, 0, 0]"
2627.883953,33929225,"[0, 0, 147, 6, 0, 24, 32, 0]"
2627.884169,33827905,"[0, 0, 0, 226, 0, 16, 248, 255]"
2627.884349,33828289,"[0, 0, 128, 248, 255, 255, 0, 0]"
2627.885845,134551573,"[0, 0, 0, 0, 0, 0, 0, 0]"
2627.885983,134551637,"[0, 0, 0, 0, 0, 0, 0, 192]"
2627.886127,134551701,"[0, 0, 0, 64, 0, 0, 0, 192]"
2627.886271,134551765,"[0, 0, 112, 0, 0, 0, 0, 240]"
2627.886408,134551829,"[35, 38, 24, 250, 0, 192, 125, 0]"
2627.886678,33827907,"[0, 0, 0, 226, 0, 16, 7, 0]"
2627.886886,33828291,"[0, 0, 224, 251, 255, 255, 0, 0]"
2627.887059,33929223,"[0, 0, 120, 6, 0, 24, 48, 0]"
2627.887211,33929351,"[0, 0, 0, 128, 0, 0, 0, 128]"
2627.889448,33888256,"[0, 0, 0, 0, 128, 3, 16, 0]"
2627.889577,33888320,"[0, 0, 0, 0, 30, 47, 6, 0]"
2627.889717,33888384,"[0, 0, 0, 0, 0, 0, 0, 0]"
2627.88986,33888512,"[0, 0, 0, 0, 0, 0, 0, 0]"
2627.890123,352595220,"[4, 0, 0, 80, 255, 8, 128, 1]"
2627.890507,33929216,"[0, 0, 164, 6, 0, 24, 0, 0]"
2627.890929,33929353,"[0, 0, 0, 0, 179, 149, 136, 63]"
2627.891678,33827908,"[0, 0, 0, 98, 0, 16, 242, 255]"
2627.891955,16848960,"[152, 175, 212, 126, 1, 0, 0, 255]"
2627.892163,33827906,"[0, 0, 0, 98, 0, 16, 240, 255]"
2627.893391,33929226,"[0, 0, 164, 6, 0, 23, 32, 0]"
2627.893534,33929224,"[0, 0, 164, 6, 0, 24, 48, 0]"
2627.893674,33929352,"[0, 0, 0, 128, 0, 0, 0, 128]"
2627.893965,33929225,"[0, 0, 149, 6, 0, 24, 32, 0]"
2627.894109,33929289,"[0, 0, 0, 8, 0, 64, 0, 0]"
2627.894245,33827905,"[0, 0, 0, 226, 0, 16, 249, 255]"
2627.896441,33888448,"[0, 0, 0, 0, 0, 0, 0, 0]"
2627.89675,33827907,"[0, 0, 0, 226, 0, 16, 0, 0]"
2627.897829,33929221,"[0, 0, 131, 6, 0, 24, 48, 0]"
2627.897981,33929349,"[246, 124, 160, 51, 0, 0, 0, 128]"
2627.898946,33929222,"[0, 0, 156, 6, 0, 24, 48, 0]"
2627.89909,33929350,"[0, 0, 0, 128, 0, 0, 0, 128]"
2627.89967,33888256,"[0, 0, 0, 0, 128, 3, 16, 0]"
2627.900061,352595220,"[5, 0, 0, 80, 255, 9, 128, 1]"
2627.900212,352596180,"[241, 31, 7, 208, 253, 47, 0, 5]"
2627.901725,33827908,"[0, 0, 0, 98, 0, 16, 254, 255]"
2627.901918,33828292,"[0, 0, 224, 8, 0, 0, 0, 0]"
2627.902252,33827906,"[0, 0, 0, 98, 0, 16, 232, 255]"
2627.902431,33828290,"[0, 0, 64, 7, 0, 0, 0, 0]"
2627.903933,33929225,"[0, 0, 149, 6, 0, 24, 32, 0]"
2627.90407,33827905,"[0, 0, 0, 226, 0, 16, 6, 0]"
2627.904237,33828289,"[0, 0, 128, 248, 255, 255, 0, 0]"
2627.905841,134551573,"[0, 0, 0, 0, 0, 0, 0, 0]"
2627.905986,134551637,"[0, 0, 0, 0, 0, 0, 0, 192]"
2627.906137,134551701,"[0, 0, 0, 64, 0, 0, 0, 192]"
2627.906281,134551765,"[0, 0, 112, 0, 0, 0, 0, 240]"
2627.906411,134551829,"[35, 38, 24, 250, 0, 192, 125, 0]"
2627.906548,262271,"[52, 94, 169, 122, 24, 68, 181, 14]"
2627.906818,33827907,"[0, 0, 0, 226, 0, 16, 5, 0]"
2627.907013,33828291,"[0, 0, 224, 251, 255, 255, 0, 0]"
2627.907165,33929223,"[0, 0, 121, 6, 0, 24, 48, 0]"
2627.907295,33929351,"[0, 0, 0, 128, 0, 0, 0, 128]"
2627.909409,33888256,"[0, 0, 0, 0, 128, 3, 16, 0]"
2627.909553,33888320,"[0, 0, 0, 0, 30, 47, 6, 0]"
2627.909709,33888384,"[0, 0, 0, 0, 0, 0, 0, 0]"
2627.909853,33888512,"[0, 0, 0, 0, 0, 0, 0, 0]"
2627.910104,352595220,"[4, 0, 0, 80, 255, 9, 128, 1]"
2627.910505,33929216,"[0, 0, 163, 6, 0, 24, 0, 0]"
2627.910911,33929353,"[0, 0, 0, 0, 179, 149, 136, 63]"
2627.911738,33827908,"[0, 0, 0, 98, 0, 16, 6, 0]"
2627.91224,33827906,"[0, 0, 0, 98, 0, 16, 240, 255]"
2627.913051,16848960,"[152, 175, 212, 126, 1, 0, 0, 255]"
2627.913387,33929226,"[0, 0, 164, 6, 0, 23, 32, 0]"
2627.913538,33929224,"[0, 0, 165, 6, 0, 24, 48, 0]"
2627.913694,33929352,"[0, 0, 0, 128, 0, 0, 0, 128]"
2627.913923,33929225,"[0, 0, 149, 6, 0, 24, 32, 0]"
2627.91409,33827905,"[0, 0, 0, 226, 0, 16, 242, 255]"
2627.914943,33929286,"[0, 0, 0, 0, 0, 64, 0, 0]"
2627.916617,33827907,"[0, 0, 0, 226, 0, 16, 11, 0]"
2627.917812,33929221,"[0, 0, 131, 6, 0, 24, 48, 0]"
2627.91795,33929349,"[246, 124, 160, 51, 0, 0, 0, 128]"
2627.918954,33929222,"[0, 0, 155, 6, 0, 24, 48, 0]"
2627.919121,33929350,"[0, 0, 0, 128, 0, 0, 0, 128]"
2627.919416,33888256,"[0, 0, 0, 0, 128, 3, 16, 0]"
2627.920064,352595220,"[5, 0, 0, 80, 255, 9, 128, 1]"
2627.920216,352596180,"[241, 31, 7, 208, 253, 47, 0, 5]"
2627.921643,33827908,"[0, 0, 0, 98, 0, 16, 237, 255]"
2627.921823,33828292,"[0, 0, 224, 8, 0, 0, 0, 0]"
2627.922197,33827906,"[0, 0, 0, 98, 0, 16, 230, 255]"
2627.922382,33828290,"[0, 0, 64, 7, 0, 0, 0, 0]"
2627.923912,33929225,"[0, 0, 149, 6, 0, 24, 32, 0]"
2627.924065,33827905,"[0, 0, 0, 226, 0, 16, 251, 255]"
2627.92426,33828289,"[0, 0, 128, 248, 255, 255, 0, 0]"
2627.925836,134551573,"[0, 0, 0, 0, 0, 0, 0, 0]"
2627.925981,134551637,"[0, 0, 0, 0, 0, 0, 0, 192]"
2627.926118,134551701,"[0, 0, 0, 64, 0, 0, 0, 192]"
2627.926262,134551765,"[0, 0, 112, 0, 0, 0, 0, 240]"
2627.9264,134551829,"[35, 38, 24, 250, 0, 192, 125, 0]"
2627.926684,33827907,"[0, 0, 0, 226, 0, 16, 8, 0]"
2627.926857,33828291,"[0, 0, 224, 251, 255, 255, 0, 0]"
2627.927039,33929223,"[0, 0, 121, 6, 0, 24, 48, 0]"
2627.927176,33929351,"[0, 0, 0, 128, 0, 0, 0, 128]"
2627.929412,33888256,"[0, 0, 0, 0, 128, 3, 16, 0]"
2627.929549,33888320,"[0, 0, 0, 0, 30, 48, 6, 0]"
2627.929697,33888384,"[0, 0, 0, 0, 0, 0, 0, 0]"
2627.929849,33888512,"[0, 0, 0, 0, 0, 0, 0, 0]"
2627.930044,352595220,"[5, 0, 0, 80, 255, 9, 128, 1]"
2627.93051,33929216,"[0, 0, 165, 6, 0, 24, 0, 0]"
2627.930902,33929353,"[0, 0, 0, 0, 179, 149, 136, 63]"
2627.931752,33827908,"[0, 0, 0, 98, 0, 16, 245, 255]"
2627.932168,33827906,"[0, 0, 0, 98, 0, 16, 251, 255]"
2627.933379,33929226,"[0, 0, 165, 6, 0, 23, 32, 0]"
2627.933516,33929224,"[0, 0, 166, 6, 0, 24, 48, 0]"
2627.933658,33929352,"[0, 0, 0, 128, 0, 0, 0, 128]"
2627.933909,33929225,"[0, 0, 149, 6, 0, 24, 32, 0]"
2627.934047,16848960,"[152, 175, 212, 126, 1, 0, 0, 255]"
2627.934203,33827905,"[0, 0, 0, 226, 0, 16, 242, 255]"
2627.936599,33827907,"[0, 0, 0, 226, 0, 16, 0, 0]"
2627.937807,33929221,"[0, 0, 131, 6, 0, 24, 48, 0]"
2627.937958,33929349,"[246, 124, 160, 51, 0, 0, 0, 128]"
2627.938935,33929222,"[0, 0, 156, 6, 0, 24, 48, 0]"
2627.939087,33929350,"[0, 0, 0, 128, 0, 0, 0, 128]"
2627.939407,33888256,"[0, 0, 0, 0, 128, 3, 16, 0]"
2627.940044,352595220,"[5, 0, 0, 80, 255, 9, 128, 1]"
2627.940186,352596180,"[241, 31, 7, 208, 253, 47, 0, 5]"
2627.94166,33827908,"[0, 0, 0, 98, 0, 16, 13, 0]"
2627.941825,33828292,"[0, 0, 224, 8, 0, 0, 0, 0]"
2627.942224,33827906,"[0, 0, 0, 98, 0, 16, 242, 255]"
2627.942389,33828290,"[0, 0, 64, 7, 0, 0, 0, 0]"
2627.943902,33929225,"[0, 0, 149, 6, 0, 24, 32, 0]"
2627.944054,33827905,"[0, 0, 0, 226, 0, 16, 252, 255]"
2627.944233,33828289,"[0, 0, 128, 248, 255, 255, 0, 0]"
2627.945827,134551573,"[0, 0, 0, 0, 0, 0, 0, 0]"
2627.94597,134551637,"[0, 0, 0, 0, 0, 0, 0, 192]"
2627.946107,134551701,"[0, 0, 0, 64, 0, 0, 0, 192]"
2627.946258,134551765,"[0, 0, 112, 0, 0, 0, 0, 240]"
2627.946409,33888448,"[0, 0, 0, 0, 0, 0, 0, 0]"
2627.946538,134551829,"[35, 38, 24, 250, 0, 192, 125, 0]"
2627.946693,33827907,"[0, 0, 0, 226, 0, 16, 249, 255]"
2627.946843,33828291,"[0, 0, 224, 251, 255, 255, 0, 0]"
2627.947052,33929223,"[0, 0, 121, 6, 0, 24, 48, 0]"
2627.94718,33929351,"[0, 0, 0, 128, 0, 0, 0, 128]"
2627.947331,262271,"[52, 94, 169, 122, 178, 192, 199, 173]"
2627.949401,33888256,"[0, 0, 0, 0, 128, 3, 16, 0]"
2627.949539,33888320,"[0, 0, 0, 0, 30, 48, 6, 0]"
2627.94968,33888384,"[0, 0, 0, 0, 0, 0, 0, 0]"
2627.949832,33888512,"[0, 0, 0, 0, 0, 0, 0, 0]"
2627.950056,352595220,"[5, 0, 0, 80, 255, 9, 128, 1]"
2627.950486,33929216,"[0, 0, 165, 6, 0, 24, 0, 0]"
2627.950906,33929353,"[0, 0, 0, 0, 179, 149, 136, 63]"
2627.95167,33827908,"[0, 0, 0, 98, 0, 16, 254, 255]"
2627.952087,33827906,"[0, 0, 0, 98, 0, 16, 249, 255]"
2627.953386,33929226,"[0, 0, 165, 6, 0, 23, 32, 0]"
2627.953515,33929224,"[0, 0, 166, 6, 0, 24, 48, 0]"
2627.953657,33929352,"[0, 0, 0, 128, 0, 0, 0, 128]"
2627.953908,33929225,"[0, 0, 149, 6, 0, 24, 32, 0]"
2627.954089,33827905,"[0, 0, 0, 226, 0, 16, 3, 0]"
2627.954674,16848960,"[152, 175, 212, 126, 1, 0, 0, 255]"
2627.956621,33827907,"[0, 0, 0, 226, 0, 16, 3, 0]"
2627.957797,33929221,"[0, 0, 131, 6, 0, 24, 48, 0]"
2627.957934,33929349,"[246, 124, 160, 51, 0, 0, 0, 128]"
2627.958934,33929222,"[0, 0, 156, 6, 0, 24, 48, 0]"
2627.959079,33929350,"[0, 0, 0, 128, 0, 0, 0, 128]"
2627.959395,33888256,"[0, 0, 0, 0, 128, 3, 16, 0]"
2627.96006,352595220,"[5, 0, 0, 80, 255, 9, 128, 1]"
2627.960226,352596180,"[241, 31, 7, 208, 253, 47, 0, 5]"
2627.961699,33827908,"[0, 0, 0, 98, 0, 16, 247, 255]"
2627.961872,33828292,"[0, 0, 224, 8, 0, 0, 0, 0]"
2627.962146,33827906,"[0, 0, 0, 98, 0, 16, 243, 255]"
2627.962341,33828290,"[0, 0, 64, 7, 0, 0, 0, 0]"
2627.963929,33929225,"[0, 0, 149, 6, 0, 24, 32, 0]"
2627.964068,33827905,"[0, 0, 0, 226, 0, 16, 255, 255]"
2627.964248,33828289,"[0, 0, 128, 248, 255, 255, 0, 0]"
2627.965822,134551573,"[0, 0, 0, 0, 0, 0, 0, 0]"
2627.965959,134551637,"[0, 0, 0, 0, 0, 0, 0, 192]"
2627.966112,134551701,"[0, 0, 0, 64, 0, 0, 0, 192]"
2627.966264,134551765,"[0, 0, 112, 0, 0, 0, 0, 240]"
2627.966394,134551829,"[38, 38, 24, 250, 0, 192, 125, 0]"
2627.966658,33827907,"[0, 0, 0, 226, 0, 16, 3, 0]"
2627.966838,33828291,"[0, 0, 224, 251, 255, 255, 0, 0]"
2627.967026,33929223,"[0, 0, 121, 6, 0, 24, 48, 0]"
2627.967164,33929351,"[0, 0, 0, 128, 0, 0, 0, 128]"
2627.969382,33888512,"[0, 0, 0, 0, 0, 0, 0, 0]"
2627.969534,33888256,"[0, 0, 0, 0, 128, 3, 16, 0]"
2627.969668,33888320,"[0, 0, 0, 0, 30, 47, 6, 0]"
2627.96982,33888384,"[0, 0, 0, 0, 0, 0, 0, 0]"
2627.970072,352595220,"[5, 0, 0, 80, 255, 9, 128, 1]"
2627.970497,33929216,"[0, 0, 165, 6, 0, 24, 0, 0]"
2627.971031,33929353,"[0, 0, 0, 0, 179, 149, 136, 63]"
2627.971658,33827908,"[0, 0, 0, 98, 0, 16, 243, 255]"
2627.972089,33827906,"[0, 0, 0, 98, 0, 16, 2, 0]"
2627.973375,33929226,"[0, 0, 164, 6, 0, 23, 32, 0]"
2627.973505,33929224,"[0, 0, 166, 6, 0, 24, 48, 0]"
2627.97365,33929352,"[0, 0, 0, 128, 0, 0, 0, 128]"
2627.973927,33929225,"[0, 0, 150, 6, 0, 24, 32, 0]"
2627.974071,33827905,"[0, 0, 0, 226, 0, 16, 252, 255]"
2627.975556,16848960,"[152, 175, 212, 126, 1, 0, 0, 255]"
2627.976723,33827907,"[0, 0, 0, 226, 0, 16, 247, 255]"
2627.977792,33929221,"[0, 0, 132, 6, 0, 24, 48, 0]"
2627.977938,33929349,"[246, 124, 160, 51, 0, 0, 0, 128]"
2627.978941,33929222,"[0, 0, 157, 6, 0, 24, 48, 0]"
2627.979087,33929350,"[0, 0, 0, 128, 0, 0, 0, 128]"
2627.979385,33888256,"[0, 0, 0, 0, 128, 3, 16, 0]"
2627.980015,352595220,"[5, 0, 0, 80, 255, 9, 128, 1]"
2627.980157,352596180,"[241, 31, 7, 208, 253, 47, 0, 5]"
2627.980314,352596244,"[25, 1, 229, 0, 32, 127, 0, 0]"
2627.98045,352596436,"[220, 255, 79, 0, 0, 230, 255, 15]"
2627.980597,352596500,"[164, 0, 100, 0, 4, 64, 0, 4]"
2627.981381,33888576,"[0, 0, 0, 0, 0, 0, 16, 0]"
2627.981524,33888640,"[0, 0, 0, 0, 0, 0, 0, 0]"
2627.98167,33827908,"[0, 0, 0, 98, 0, 16, 243, 255]"
2627.981821,33828292,"[0, 0, 224, 8, 0, 0, 0, 0]"
2627.982142,33827906,"[0, 0, 0, 98, 0, 16, 241, 255]"
2627.982321,33828290,"[0, 0, 64, 7, 0, 0, 0, 0]"
2627.983922,33929225,"[0, 0, 149, 6, 0, 24, 32, 0]"
2627.984113,33827905,"[0, 0, 0, 226, 0, 16, 248, 255]"
2627.984311,33828289,"[0, 0, 128, 248, 255, 255, 0, 0]"
2627.985812,134551573,"[0, 0, 0, 0, 0, 0, 0, 0]"
2627.985957,134551637,"[0, 0, 0, 0, 0, 0, 0, 192]"
2627.9861,134551701,"[0, 0, 0, 64, 0, 0, 0, 192]"
2627.986265,134551765,"[0, 0, 112, 0, 0, 0, 0, 240]"
2627.98638,134551829,"[38, 38, 24, 250, 0, 192, 125, 0]"
2627.986704,33827907,"[0, 0, 0, 226, 0, 16, 246, 255]"
2627.986897,33828291,"[0, 0, 224, 251, 255, 255, 0, 0]"
2627.987035,33929223,"[0, 0, 121, 6, 0, 24, 48, 0]"
2627.9872,33929351,"[0, 0, 0, 128, 0, 0, 0, 128]"
2627.988499,262271,"[52, 94, 169, 123, 167, 41, 213, 202]"
2627.989388,33888256,"[0, 0, 0, 0, 128, 3, 16, 0]"
2627.989533,33888320,"[0, 0, 0, 0, 30, 47, 6, 0]"
2627.989679,33888384,"[0, 0, 0, 0, 0, 0, 0, 0]"
2627.989816,33888512,"[0, 0, 0, 0, 0, 0, 0, 0]"
2627.990058,352595220,"[5, 0, 0, 80, 255, 9, 128, 1]"
2627.990477,33929216,"[0, 0, 164, 6, 0, 24, 0, 0]"
2627.990922,33929353,"[0, 0, 0, 0, 179, 149, 136, 63]"
2627.991666,33827908,"[0, 0, 0, 98, 0, 16, 10, 0]"
2627.992114,33827906,"[0, 0, 0, 98, 0, 16, 247, 255]"
2627.993359,33929226,"[0, 0, 164, 6, 0, 23, 32, 0]"
2627.993502,33929224,"[0, 0, 165, 6, 0, 24, 48, 0]"
2627.993635,33929280,"[0, 0, 0, 8, 0, 64, 0, 0]"
2627.993785,33929352,"[0, 0, 0, 128, 0, 0, 0, 128]"
2627.993928,33929225,"[0, 0, 149, 6, 0, 24, 32, 0]"
2627.994201,33827905,"[0, 0, 0, 226, 0, 16, 253, 255]"
2627.996376,33888448,"[0, 0, 0, 0, 0, 0, 0, 0]"
2627.99652,16848960,"[152, 175, 212, 126, 1, 0, 0, 255]"
2627.996696,33827907,"[0, 0, 0, 226, 0, 16, 249, 255]"
2627.997795,33929221,"[0, 0, 131, 6, 0, 24, 48, 0]"
2627.997939,33929349,"[246, 124, 160, 51, 0, 0, 0, 128]"
2627.998923,33929222,"[0, 0, 156, 6, 0, 24, 48, 0]"
2627.999068,33929350,"[0, 0, 0, 128, 0, 0, 0, 128]"
2628.000032,352595220,"[5, 0, 0, 80, 255, 9, 128, 1]"
2628.000178,352596180,"[241, 31, 7, 208, 253, 47, 0, 5]"
2628.000623,33888256,"[0, 0, 0, 0, 128, 3, 16, 0]"
2628.001709,33827908,"[0, 0, 0, 98, 0, 16, 2, 0]"
2628.001886,33828292,"[0, 0, 224, 8, 0, 0, 0, 0]"
2628.002225,33827906,"[0, 0, 0, 98, 0, 16, 254, 255]"
2628.002411,33828290,"[0, 0, 64, 7, 0, 0, 0, 0]"
2628.003912,33929225,"[0, 0, 149, 6, 0, 24, 32, 0]"
2628.004057,33827905,"[0, 0, 0, 226, 0, 16, 8, 0]"
2628.004215,33828289,"[0, 0, 128, 248, 255, 255, 0, 0]"
2628.005804,134551573,"[0, 0, 0, 0, 0, 0, 0, 0]"
2628.00595,134551637,"[0, 0, 0, 0, 0, 0, 0, 192]"
2628.006095,134551701,"[0, 0, 0, 64, 0, 0, 0, 192]"
2628.006239,134551765,"[0, 0, 112, 0, 0, 0, 0, 240]"
2628.006377,134551829,"[38, 38, 24, 250, 0, 192, 125, 0]"
2628.006732,33827907,"[0, 0, 0, 226, 0, 16, 4, 0]"
2628.006933,33828291,"[0, 0, 224, 251, 255, 255, 0, 0]"
2628.0071,33929223,"[0, 0, 121, 6, 0, 24, 48, 0]"
2628.007216,33929351,"[0, 0, 0, 128, 0, 0, 0, 128]"
2628.009379,33888320,"[0, 0, 0, 0, 30, 48, 6, 0]"
2628.009523,33888384,"[0, 0, 0, 0, 0, 0, 0, 0]"
2628.009671,33888512,"[0, 0, 0, 0, 0, 0, 0, 0]"
2628.010052,352595220,"[5, 0, 0, 80, 255, 9, 128, 1]"
2628.010374,33888256,"[0, 0, 0, 0, 128, 3, 16, 0]"
2628.010519,33929216,"[0, 0, 166, 6, 0, 24, 0, 0]"
2628.010917,33929353,"[0, 0, 0, 0, 179, 149, 136, 63]"
2628.011665,33844164,"[0, 0, 0, 0, 1, 26, 19, 0]"
2628.011845,33834820,"[0, 0, 0, 0, 0, 0, 0, 0]"
2628.012212,33844162,"[0, 0, 0, 0, 1, 26, 19, 0]"
2628.012356,33834818,"[0, 0, 0, 0, 0, 0, 0, 0]"
2628.012514,33828932,"[0, 243, 199, 46, 0, 0, 0, 0]"
2628.012699,33827908,"[0, 0, 0, 98, 0, 16, 246, 255]"
2628.012871,33828164,"[251, 127, 0, 128, 83, 22, 29, 24]"
2628.01301,33828930,"[0, 243, 199, 46, 0, 0, 0, 0]"
2628.013169,33827906,"[0, 0, 0, 98, 0, 16, 237, 255]"
2628.013313,33828162,"[246, 127, 0, 128, 83, 23, 29, 24]"
2628.013465,33929224,"[0, 0, 166, 6, 0, 24, 48, 0]"
2628.013599,33828228,"[0, 0, 64, 231, 0, 0, 0, 0]"
2628.013751,33929226,"[0, 0, 164, 6, 0, 23, 32, 0]"
2628.013895,33828356,"[0, 0, 0, 0, 0, 0, 0, 128]"
2628.01404,33828226,"[0, 0, 64, 189, 0, 0, 0, 0]"
2628.014177,33929225,"[0, 0, 149, 6, 0, 24, 32, 0]"
2628.014322,33828354,"[0, 0, 0, 0, 0, 0, 0, 128]"
2628.014452,33844161,"[0, 0, 0, 0, 1, 26, 19, 0]"
2628.014593,33929352,"[0, 0, 0, 128, 0, 0, 0, 128]"
2628.014738,33828420,"[0, 0, 0, 0, 0, 0, 0, 128]"
2628.01489,33834817,"[0, 0, 0, 0, 0, 0, 0, 0]"
2628.015035,33828418,"[0, 0, 0, 0, 0, 0, 0, 128]"
2628.015179,33828484,"[8, 0, 0, 0, 0, 0, 0, 0]"
2628.015331,33828482,"[8, 0, 0, 0, 0, 0, 0, 0]"
2628.015475,33828929,"[0, 243, 199, 46, 0, 0, 0, 0]"
2628.015631,33828548,"[0, 0, 4, 0, 0, 0, 0, 0]"
2628.015946,33827905,"[0, 0, 0, 226, 0, 16, 4, 0]"
2628.016099,33828546,"[0, 0, 4, 0, 0, 0, 0, 0]"
2628.016229,33828161,"[254, 127, 0, 128, 83, 22, 28, 24]"
2628.016763,33844163,"[0, 0, 0, 0, 1, 26, 19, 0]"
2628.016935,33828225,"[0, 0, 192, 62, 255, 255, 0, 0]"
2628.01708,33834819,"[0, 0, 0, 0, 0, 0, 0, 0]"
2628.017218,33828353,"[0, 0, 0, 0, 0, 0, 0, 128]"
2628.017362,16848960,"[152, 175, 212, 126, 1, 0, 0, 255]"
2628.017515,33828417,"[0, 0, 0, 0, 0, 0, 0, 128]"
2628.017649,33828931,"[0, 243, 199, 46, 0, 0, 0, 0]"
2628.017792,33929221,"[0, 0, 131, 6, 0, 24, 48, 0]"
2628.017944,33827907,"[0, 0, 0, 226, 0, 16, 9, 0]"
2628.018075,33929349,"[246, 124, 160, 51, 0, 0, 0, 128]"
2628.018255,33828481,"[8, 0, 0, 0, 0, 0, 0, 0]"
2628.018457,33828545,"[0, 0, 4, 0, 0, 0, 0, 0]"
2628.018591,33828163,"[251, 127, 0, 64, 83, 21, 28, 25]"
2628.018814,33828227,"[0, 0, 64, 152, 255, 255, 0, 0]"
2628.018958,33929222,"[0, 0, 157, 6, 0, 24, 48, 0]"
2628.019111,33828355,"[0, 0, 0, 0, 0, 0, 0, 128]"
2628.019255,33929350,"[0, 0, 0, 128, 0, 0, 0, 128]"
2628.019625,33828419,"[0, 0, 0, 0, 0, 0, 0, 128]"
2628.019777,33828483,"[8, 0, 0, 0, 0, 0, 0, 0]"
2628.02005,33828547,"[0, 0, 4, 0, 0, 0, 0, 0]"
2628.020188,352595220,"[5, 0, 0, 80, 255, 9, 128, 1]"
2628.020346,352596180,"[241, 31, 7, 208, 253, 47, 0, 5]"
2628.020484,33888256,"[0, 0, 0, 0, 128, 3, 16, 0]"
2628.021699,33827908,"[0, 0, 0, 98, 0, 16, 248, 255]"
2628.021857,33828292,"[0, 0, 224, 8, 0, 0, 0, 0]"
2628.022237,33827906,"[0, 0, 0, 98, 0, 16, 244, 255]"
2628.022403,33828290,"[0, 0, 64, 7, 0, 0, 0, 0]"
2628.023911,33929225,"[0, 0, 150, 6, 0, 24, 32, 0]"
2628.024126,33827905,"[0, 0, 0, 226, 0, 16, 250, 255]"
2628.024319,33828289,"[0, 0, 128, 248, 255, 255, 0, 0]"
2628.025794,134551573,"[0, 0, 0, 0, 0, 0, 0, 0]"
2628.025936,134551637,"[0, 0, 0, 0, 0, 0, 0, 192]"
2628.026088,134551701,"[0, 0, 0, 64, 0, 0, 0, 192]"
2628.026231,134551765,"[0, 0, 112, 0, 0, 0, 0, 240]"
2628.026368,134551829,"[38, 38, 24, 250, 0, 192, 125, 0]"
2628.026692,33827907,"[0, 0, 0, 226, 0, 16, 3, 0]"
2628.026863,33828291,"[0, 0, 224, 251, 255, 255, 0, 0]"
2628.027014,33929223,"[0, 0, 121, 6, 0, 24, 48, 0]"
2628.027166,33929351,"[0, 0, 0, 128, 0, 0, 0, 128]"
2628.029364,33888320,"[0, 0, 0, 0, 30, 48, 6, 0]"
2628.029507,262271,"[52, 94, 169, 127, 62, 250, 14, 111]"
2628.029647,33888384,"[0, 0, 0, 0, 0, 0, 0, 0]"
2628.029812,33888512,"[0, 0, 0, 0, 0, 0, 0, 0]"
2628.03004,352611284,"[0, 0, 0, 0, 1, 26, 19, 0]"
2628.030205,352601940,"[0, 0, 0, 0, 0, 64, 0, 0]"
2628.030356,352595220,"[5, 0, 0, 80, 255, 9, 128, 1]"
2628.030499,33888256,"[0, 0, 0, 0, 128, 3, 16, 0]"
2628.030639,33929216,"[0, 0, 164, 6, 0, 24, 0, 0]"
2628.030782,352596308,"[121, 29, 0, 6, 96, 0, 0, 255]"
2628.030919,33929353,"[0, 0, 0, 0, 179, 149, 136, 63]"
2628.031071,352596372,"[251, 255, 207, 255, 255, 3, 0, 144]"
2628.031227,352596692,"[255, 255, 1, 0, 255, 255, 0, 0]"
2628.031364,352596628,"[137, 98, 0, 0, 0, 0, 0, 0]"
2628.031521,352596820,"[0, 0, 0, 0, 0, 0, 0, 0]"
2628.031676,352596884,"[166, 255, 48, 0, 169, 2, 0, 0]"
2628.031841,33827908,"[0, 0, 0, 98, 0, 16, 252, 255]"
2628.032269,33827906,"[0, 0, 0, 98, 0, 16, 243, 255]"
2628.033359,33929226,"[0, 0, 165, 6, 0, 23, 32, 0]"
2628.033495,33929224,"[0, 0, 166, 6, 0, 24, 48, 0]"
2628.033642,33929352,"[0, 0, 0, 128, 0, 0, 0, 128]"
2628.033913,33929225,"[0, 0, 150, 6, 0, 24, 32, 0]"
2628.034085,33827905,"[0, 0, 0, 226, 0, 16, 4, 0]"
2628.034385,33888704,"[0, 0, 0, 0, 0, 0, 0, 0]"
2628.036359,33929290,"[0, 0, 0, 0, 0, 64, 0, 0]"
2628.036711,33827907,"[0, 0, 0, 226, 0, 16, 1, 0]"
2628.037787,33929221,"[0, 0, 131, 6, 0, 24, 48, 0]"
2628.037937,33929349,"[246, 124, 160, 51, 0, 0, 0, 128]"
2628.038095,16848960,"[152, 175, 212, 126, 1, 0, 0, 255]"
2628.038923,33929222,"[0, 0, 156, 6, 0, 24, 48, 0]"
2628.03906,33929350,"[0, 0, 0, 128, 0, 0, 0, 128]"
2628.040016,352595220,"[5, 0, 0, 80, 255, 9, 128, 1]"
2628.040168,352596180,"[241, 31, 7, 208, 253, 47, 0, 5]"
2628.040391,33888256,"[0, 0, 0, 0, 128, 3, 16, 0]"
2628.041683,33827908,"[0, 0, 0, 98, 0, 16, 252, 255]"
2628.041843,33828292,"[0, 0, 224, 8, 0, 0, 0, 0]"
2628.042225,33827906,"[0, 0, 0, 98, 0, 16, 240, 255]"
2628.042386,33828290,"[0, 0, 64, 7, 0, 0, 0, 0]"
2628.043913,33929225,"[0, 0, 150, 6, 0, 24, 32, 0]"
2628.044089,33827905,"[0, 0, 0, 226, 0, 16, 244, 255]"
2628.044261,33828289,"[0, 0, 128, 248, 255, 255, 0, 0]"
2628.045789,134551573,"[0, 0, 0, 0, 0, 0, 0, 0]"
2628.045933,134551637,"[0, 0, 0, 0, 0, 0, 0, 192]"
2628.046078,134551701,"[0, 0, 0, 64, 0, 0, 0, 192]"
2628.046244,134551765,"[0, 0, 112, 0, 0, 0, 0, 240]"
2628.046374,134551829,"[36, 38, 24, 250, 0, 192, 125, 0]"
2628.046512,33888448,"[0, 0, 0, 0, 0, 0, 0, 0]"
2628.04666,33827907,"[0, 0, 0, 226, 0, 16, 5, 0]"
2628.046826,33828291,"[0, 0, 224, 251, 255, 255, 0, 0]"
2628.046993,33929223,"[0, 0, 121, 6, 0, 24, 48, 0]"
2628.047145,33929351,"[0, 0, 0, 128, 0, 0, 0, 128]"
2628.049377,33888320,"[0, 0, 0, 0, 30, 48, 6, 0]"
2628.049537,33888384,"[0, 0, 0, 0, 0, 0, 0, 0]"
2628.049671,33888512,"[0, 0, 0, 0, 0, 0, 0, 0]"
2628.050021,352595220,"[5, 0, 0, 80, 255, 9, 128, 1]"
2628.050391,33888256,"[0, 0, 0, 0, 128, 3, 16, 0]"
2628.050522,33929216,"[0, 0, 164, 6, 0, 24, 0, 0]"
2628.050889,33929353,"[0, 0, 0, 0, 179, 149, 136, 63]"
2628.051645,33827908,"[0, 0, 0, 98, 0, 16, 255, 255]"
2628.052166,33827906,"[0, 0, 0, 98, 0, 16, 233, 255]"
2628.053002,33929287,"[0, 0, 0, 0, 0, 64, 0, 0]"
2628.053333,33929226,"[0, 0, 164, 6, 0, 23, 32, 0]"
2628.053476,33929224,"[0, 0, 166, 6, 0, 24, 48, 0]"
2628.053632,33929352,"[0, 0, 0, 128, 0, 0, 0, 128]"
2628.053905,33929225,"[0, 0, 149, 6, 0, 24, 32, 0]"
2628.054121,33827905,"[0, 0, 0, 226, 0, 16, 245, 255]"
2628.056563,33827907,"[0, 0, 0, 226, 0, 16, 253, 255]"
2628.057779,33929221,"[0, 0, 132, 6, 0, 24, 48, 0]"
2628.057917,33929349,"[246, 124, 160, 51, 0, 0, 0, 128]"
2628.058907,33929222,"[0, 0, 156, 6, 0, 24, 48, 0]"
2628.059052,16848960,"[152, 175, 212, 126, 1, 0, 0, 255]"
2628.059197,33929350,"[0, 0, 0, 128, 0, 0, 0, 128]"
2628.060016,352595220,"[5, 0, 0, 80, 255, 9, 128, 1]"
2628.060169,352596180,"[241, 31, 7, 208, 253, 47, 0, 5]"
2628.060383,33888256,"[0, 0, 0, 0, 128, 3, 16, 0]"
2628.061697,33827908,"[0, 0, 0, 98, 0, 16, 0, 0]"
2628.061869,33828292,"[0, 0, 224, 8, 0, 0, 0, 0]"
2628.062114,33827906,"[0, 0, 0, 98, 0, 16, 230, 255]"
2628.062287,33828290,"[0, 0, 64, 7, 0, 0, 0, 0]"
2628.063891,33929225,"[0, 0, 149, 6, 0, 24, 32, 0]"
2628.064079,33827905,"[0, 0, 0, 226, 0, 16, 240, 255]"
2628.06428,33828289,"[0, 0, 128, 248, 255, 255, 0, 0]"
2628.065784,134551573,"[0, 0, 0, 0, 0, 0, 0, 0]"
2628.065929,134551637,"[0, 0, 0, 0, 0, 0, 0, 192]"
2628.066074,134551701,"[0, 0, 0, 64, 0, 0, 0, 192]"
2628.066218,134551765,"[0, 0, 112, 0, 0, 0, 0, 240]"
2628.066362,134551829,"[36, 38, 24, 250, 0, 192, 125, 0]"
2628.066752,33827907,"[0, 0, 0, 226, 0, 16, 254, 255]"
2628.066939,33828291,"[0, 0, 224, 251, 255, 255, 0, 0]"
2628.067084,33929223,"[0, 0, 121, 6, 0, 24, 48, 0]"
2628.067228,33929351,"[0, 0, 0, 128, 0, 0, 0, 128]"
2628.069384,33888320,"[0, 0, 0, 0, 30, 49, 6, 0]"
2628.069527,33888384,"[0, 0, 0, 0, 0, 0, 0, 0]"
2628.069674,33888512,"[0, 0, 0, 0, 0, 0, 0, 0]"
2628.070015,352595220,"[5, 0, 0, 80, 255, 9, 128, 1]"
2628.070383,33888256,"[0, 0, 0, 0, 128, 3, 16, 0]"
2628.070526,33929216,"[0, 0, 164, 6, 0, 24, 0, 0]"
2628.070673,262271,"[52, 94, 170, 126, 95, 128, 117, 226]"
2628.070886,33929353,"[0, 0, 0, 0, 179, 149, 136, 63]"
2628.071693,33827908,"[0, 0, 0, 98, 0, 16, 247, 255]"
2628.072098,33827906,"[0, 0, 0, 98, 0, 16, 231, 255]"
2628.073335,33929226,"[0, 0, 165, 6, 0, 23, 32, 0]"
2628.073478,33929224,"[0, 0, 166, 6, 0, 24, 48, 0]"
2628.073632,33929352,"[0, 0, 0, 128, 0, 0, 0, 128]"
2628.073888,33929225,"[0, 0, 150, 6, 0, 24, 32, 0]"
2628.074116,33827905,"[0, 0, 0, 226, 0, 16, 252, 255]"
2628.076557,33827907,"[0, 0, 0, 226, 0, 16, 13, 0]"
2628.07778,33929221,"[0, 0, 132, 6, 0, 24, 48, 0]"
2628.077931,33929349,"[246, 124, 160, 51, 0, 0, 0, 128]"
2628.0789,33929222,"[0, 0, 156, 6, 0, 24, 48, 0]"
2628.079044,33929350,"[0, 0, 0, 128, 0, 0, 0, 128]"
2628.079765,16848960,"[152, 175, 212, 126, 1, 0, 0, 255]"
2628.080001,352595220,"[5, 0, 0, 80, 255, 9, 128, 1]"
2628.080152,352596180,"[241, 31, 7, 208, 253, 47, 0, 5]"
2628.080316,352596244,"[27, 1, 228, 0, 32, 127, 0, 0]"
2628.080459,33888256,"[0, 0, 0, 0, 128, 3, 16, 0]"
2628.080599,352596436,"[11, 0, 192, 255, 255, 192, 255, 15]"
2628.080742,352596500,"[164, 0, 116, 0, 204, 63, 0, 4]"
2628.081683,33827908,"[0, 0, 0, 98, 0, 16, 252, 255]"
2628.081848,33828292,"[0, 0, 224, 8, 0, 0, 0, 0]"
2628.08224,33827906,"[0, 0, 0, 98, 0, 16, 239, 255]"
2628.082405,33828290,"[0, 0, 64, 7, 0, 0, 0, 0]"
2628.083874,33929225,"[0, 0, 149, 6, 0, 24, 32, 0]"
2628.084046,33827905,"[0, 0, 0, 226, 0, 16, 244, 255]"
2628.084212,33828289,"[0, 0, 128, 248, 255, 255, 0, 0]"
2628.085778,134551573,"[0, 0, 0, 0, 0, 0, 0, 0]"
2628.08593,134551637,"[0, 0, 0, 0, 0, 0, 0, 192]"
2628.086083,134551701,"[0, 0, 0, 64, 0, 0, 0, 192]"
2628.086213,134551765,"[0, 0, 112, 0, 0, 0, 0, 240]"
2628.086351,134551829,"[36, 38, 24, 250, 0, 192, 125, 0]"
2628.086706,33827907,"[0, 0, 0, 226, 0, 16, 17, 0]"
2628.086844,33929285,"[0, 0, 0, 0, 0, 64, 0, 0]"
2628.086989,33828291,"[0, 0, 224, 251, 255, 255, 0, 0]"
2628.087141,33929223,"[0, 0, 121, 6, 0, 24, 48, 0]"
2628.087293,33929351,"[0, 0, 0, 128, 0, 0, 0, 128]"
2628.089366,33888320,"[0, 0, 0, 0, 30, 48, 6, 0]"
2628.089511,33888384,"[0, 0, 0, 0, 0, 0, 0, 0]"
2628.089658,33888512,"[0, 0, 0, 0, 0, 0, 0, 0]"
2628.090011,352595220,"[5, 0, 0, 80, 255, 9, 128, 1]"
2628.09039,33888256,"[0, 0, 0, 0, 128, 3, 16, 0]"
2628.09052,33929216,"[0, 0, 164, 6, 0, 24, 0, 0]"
2628.09089,33929353,"[0, 0, 0, 0, 179, 149, 136, 63]"
2628.091651,33827908,"[0, 0, 0, 98, 0, 16, 251, 255]"
2628.092188,33827906,"[0, 0, 0, 98, 0, 16, 237, 255]"
2628.093342,33929226,"[0, 0, 164, 6, 0, 23, 32, 0]"
2628.093486,33929224,"[0, 0, 165, 6, 0, 24, 48, 0]"
2628.093657,33929352,"[0, 0, 0, 128, 0, 0, 0, 128]"
2628.093886,33929225,"[0, 0, 148, 6, 0, 24, 32, 0]"
2628.09406,33827905,"[0, 0, 0, 226, 0, 16, 249, 255]"
2628.096362,33888448,"[0, 0, 0, 0, 0, 0, 0, 0]"
2628.096603,33827907,"[0, 0, 0, 226, 0, 16, 251, 255]"
2628.097773,33929221,"[0, 0, 131, 6, 0, 24, 48, 0]"
2628.097902,33929349,"[246, 124, 160, 51, 0, 0, 0, 128]"
2628.098904,33929222,"[0, 0, 156, 6, 0, 24, 48, 0]"
2628.09905,33929350,"[0, 0, 0, 128, 0, 0, 0, 128]"
2628.100016,352595220,"[4, 0, 0, 80, 255, 9, 128, 1]"
2628.10016,352596180,"[241, 31, 7, 208, 253, 47, 0, 5]"
2628.100375,33888256,"[0, 0, 0, 0, 128, 3, 16, 0]"
2628.100915,16848960,"[152, 175, 212, 126, 1, 0, 0, 255]"
2628.101686,33827908,"[0, 0, 0, 98, 0, 16, 4, 0]"
2628.101896,33828292,"[0, 0, 224, 8, 0, 0, 0, 0]"
2628.102083,33827906,"[0, 0, 0, 98, 0, 16, 243, 255]"
2628.102299,33828290,"[0, 0, 64, 7, 0, 0, 0, 0]"
2628.103912,33929225,"[0, 0, 150, 6, 0, 24, 32, 0]"
2628.104043,33827905,"[0, 0, 0, 226, 0, 16, 238, 255]"
2628.104243,33828289,"[0, 0, 128, 248, 255, 255, 0, 0]"
2628.105778,134551573,"[0, 0, 0, 0, 0, 0, 0, 0]"
2628.105924,134551637,"[0, 0, 0, 0, 0, 0, 0, 192]"
2628.106068,134551701,"[0, 0, 0, 64, 0, 0, 0, 192]"
2628.106213,134551765,"[0, 0, 112, 0, 0, 0, 0, 240]"
2628.10635,134551829,"[36, 38, 24, 250, 0, 192, 125, 0]"
2628.106684,33827907,"[0, 0, 0, 226, 0, 16, 255, 255]"
2628.10685,33828291,"[0, 0, 224, 251, 255, 255, 0, 0]"
2628.106995,33929223,"[0, 0, 121, 6, 0, 24, 48, 0]"
2628.107139,33929351,"[0, 0, 0, 128, 0, 0, 0, 128]"
2628.109367,33888320,"[0, 0, 0, 0, 30, 48, 6, 0]"
2628.109505,33888384,"[0, 0, 0, 0, 0, 0, 0, 0]"
2628.109653,33888512,"[0, 0, 0, 0, 0, 0, 0, 0]"
2628.110005,352595220,"[4, 0, 0, 80, 255, 9, 128, 1]"
2628.110363,33888256,"[0, 0, 0, 0, 128, 3, 16, 0]"
2628.110507,33929216,"[0, 0, 165, 6, 0, 24, 0, 0]"
2628.110862,33929353,"[0, 0, 0, 0, 179, 149, 136, 63]"
2628.111625,262271,"[52, 94, 169, 126, 118, 56, 212, 217]"
2628.111769,33827908,"[0, 0, 0, 98, 0, 16, 251, 255]"
2628.112235,33827906,"[0, 0, 0, 98, 0, 16, 248, 255]"
2628.113324,33929226,"[0, 0, 165, 6, 0, 23, 32, 0]"
2628.113462,33929224,"[0, 0, 166, 6, 0, 24, 48, 0]"
2628.113611,33929352,"[0, 0, 0, 128, 0, 0, 0, 128]"
2628.113876,33929225,"[0, 0, 150, 6, 0, 24, 32, 0]"
2628.114063,33827905,"[0, 0, 0, 226, 0, 16, 237, 255]"
2628.116627,33827907,"[0, 0, 0, 226, 0, 16, 0, 0]"
2628.117759,33929221,"[0, 0, 132, 6, 0, 24, 48, 0]"
2628.117901,33929349,"[246, 124, 160, 51, 0, 0, 0, 128]"
2628.118894,33929222,"[0, 0, 157, 6, 0, 24, 48, 0]"
2628.119039,33929350,"[0, 0, 0, 128, 0, 0, 0, 128]"
2628.120011,352595220,"[4, 0, 0, 80, 255, 9, 128, 1]"
2628.120154,352596180,"[241, 95, 7, 208, 253, 47, 0, 5]"
2628.120353,33888256,"[0, 0, 0, 0, 128, 3, 16, 0]"
2628.121582,33827908,"[0, 0, 0, 98, 0, 16, 8, 0]"
2628.121772,33828292,"[0, 0, 224, 8, 0, 0, 0, 0]"
2628.121986,16848960,"[152, 175, 212, 126, 1, 0, 0, 255]"
2628.122143,33827906,"[0, 0, 0, 98, 0, 16, 249, 255]"
2628.122336,33828290,"[0, 0, 64, 7, 0, 0, 0, 0]"
2628.123402,33929288,"[0, 0, 0, 0, 0, 64, 0, 0]"
2628.123859,33929225,"[0, 0, 149, 6, 0, 24, 32, 0]"
2628.124072,33827905,"[0, 0, 0, 226, 0, 16, 248, 255]"
2628.12428,33828289,"[0, 0, 128, 248, 255, 255, 0, 0]"
2628.125777,134551573,"[0, 0, 0, 0, 0, 0, 0, 0]"
2628.125921,134551637,"[0, 0, 0, 0, 0, 0, 0, 192]"
2628.126064,134551701,"[0, 0, 0, 64, 0, 0, 0, 192]"
2628.126207,134551765,"[0, 0, 112, 0, 0, 0, 0, 240]"
2628.126344,134551829,"[36, 38, 24, 250, 0, 192, 125, 0]"
2628.126682,33827907,"[0, 0, 0, 226, 0, 16, 10, 0]"
2628.126867,33828291,"[0, 0, 224, 251, 255, 255, 0, 0]"
2628.127011,33929223,"[0, 0, 121, 6, 0, 24, 48, 0]"
2628.127154,33929351,"[0, 0, 0, 128, 0, 0, 0, 128]"
2628.129352,33888320,"[0, 0, 0, 0, 30, 48, 6, 0]"
2628.129497,33888384,"[0, 0, 0, 0, 0, 0, 0, 0]"
2628.129645,33888512,"[0, 0, 0, 0, 0, 0, 0, 0]"
2628.130011,352595220,"[4, 0, 0, 80, 255, 9, 128, 1]"
2628.130362,33888256,"[0, 0, 0, 0, 128, 3, 16, 0]"
2628.1305,33929216,"[0, 0, 165, 6, 0, 24, 0, 0]"
2628.130856,33929353,"[0, 0, 0, 0, 179, 149, 136, 63]"
2628.131717,33827908,"[0, 0, 0, 98, 0, 16, 249, 255]"
2628.132098,33827906,"[0, 0, 0, 98, 0, 16, 225, 255]"
2628.133313,33929226,"[0, 0, 164, 6, 0, 23, 32, 0]"
2628.133459,33929224,"[0, 0, 165, 6, 0, 24, 48, 0]"
2628.133607,33929352,"[0, 0, 0, 128, 0, 0, 0, 128]"
2628.133858,33929225,"[0, 0, 149, 6, 0, 24, 32, 0]"
2628.13406,33827905,"[0, 0, 0, 226, 0, 16, 240, 255]"
2628.136602,33827907,"[0, 0, 0, 226, 0, 16, 248, 255]"
2628.137749,33929221,"[0, 0, 131, 6, 0, 24, 48, 0]"
2628.137894,33929349,"[246, 124, 160, 51, 0, 0, 0, 128]"
2628.138875,33929222,"[0, 0, 156, 6, 0, 24, 48, 0]"
2628.139022,33929350,"[0, 0, 0, 128, 0, 0, 0, 128]"
2628.139998,352595220,"[4, 0, 0, 80, 255, 9, 128, 1]"
2628.140143,352596180,"[241, 95, 7, 208, 253, 47, 0, 5]"
2628.140343,33888256,"[0, 0, 0, 0, 128, 3, 16, 0]"
2628.141597,33827908,"[0, 0, 0, 98, 0, 16, 245, 255]"
2628.141772,33828292,"[0, 0, 224, 8, 0, 0, 0, 0]"
2628.142158,33827906,"[0, 0, 0, 98, 0, 16, 234, 255]"
2628.142339,33828290,"[0, 0, 64, 7, 0, 0, 0, 0]"
2628.143222,16848960,"[152, 175, 212, 126, 1, 0, 0, 255]"
2628.143841,33888265,"[0, 0, 255, 255, 255, 255, 0, 0]"
2628.143987,33929225,"[0, 0, 149, 6, 0, 24, 32, 0]"
2628.14413,33827905,"[0, 0, 0, 226, 0, 16, 3, 0]"
2628.144274,33929289,"[0, 0, 0, 8, 0, 64, 0, 0]"
2628.144412,33828289,"[0, 0, 128, 248, 255, 255, 0, 0]"
2628.145777,134551573,"[0, 0, 0, 0, 0, 0, 0, 0]"
2628.14592,134551637,"[0, 0, 0, 0, 0, 0, 0, 192]"
2628.146064,134551701,"[0, 0, 0, 64, 0, 0, 0, 192]"
2628.146216,134551765,"[0, 0, 112, 0, 0, 0, 0, 240]"
2628.146346,33888448,"[0, 0, 0, 0, 0, 0, 0, 0]"
2628.14649,134551829,"[36, 38, 24, 250, 0, 192, 125, 0]"
2628.146675,33827907,"[0, 0, 0, 226, 0, 16, 255, 255]"
2628.146862,33828291,"[0, 0, 224, 251, 255, 255, 0, 0]"
2628.147001,33929223,"[0, 0, 121, 6, 0, 24, 48, 0]"
2628.147145,33929351,"[0, 0, 0, 128, 0, 0, 0, 128]"
2628.149331,33888320,"[0, 0, 0, 0, 30, 48, 6, 0]"
2628.149475,33888384,"[0, 0, 0, 0, 0, 0, 0, 0]"
2628.149631,33888512,"[0, 0, 0, 0, 0, 0, 0, 0]"
2628.150025,352595220,"[4, 0, 0, 80, 255, 9, 128, 1]"
2628.150331,33888256,"[0, 0, 0, 0, 128, 3, 16, 0]"
2628.150474,33929216,"[0, 0, 165, 6, 0, 24, 0, 0]"
2628.150844,33929353,"[0, 0, 0, 0, 179, 149, 136, 63]"
2628.151621,33827908,"[0, 0, 0, 98, 0, 16, 249, 255]"
2628.152141,33827906,"[0, 0, 0, 98, 0, 16, 238, 255]"
2628.152487,262271,"[52, 94, 168, 126, 121, 215, 178, 28]"
2628.153328,33929226,"[0, 0, 165, 6, 0, 23, 32, 0]"
2628.153457,33929224,"[0, 0, 165, 6, 0, 24, 48, 0]"
2628.153605,33929352,"[0, 0, 0, 128, 0, 0, 0, 128]"
2628.153899,33929225,"[0, 0, 149, 6, 0, 24, 32, 0]"
2628.154115,33827905,"[0, 0, 0, 226, 0, 16, 244, 255]"
2628.15661,33827907,"[0, 0, 0, 226, 0, 16, 2, 0]"
2628.157742,33929221,"[0, 0, 132, 6, 0, 24, 48, 0]"
2628.157887,33929349,"[246, 124, 160, 51, 0, 0, 0, 128]"
2628.158892,33929222,"[0, 0, 156, 6, 0, 24, 48, 0]"
2628.159037,33929350,"[0, 0, 0, 128, 0, 0, 0, 128]"
2628.160007,352595220,"[5, 0, 0, 80, 255, 9, 128, 1]"
2628.160151,352596180,"[241, 95, 7, 208, 253, 47, 0, 5]"
2628.160336,33888256,"[0, 0, 0, 0, 128, 3, 16, 0]"
2628.161674,33827908,"[0, 0, 0, 98, 0, 16, 251, 255]"
2628.161864,33828292,"[0, 0, 224, 8, 0, 0, 0, 0]"
2628.162092,33827906,"[0, 0, 0, 98, 0, 16, 230, 255]"
2628.162277,33828290,"[0, 0, 64, 7, 0, 0, 0, 0]"
2628.163848,33929225,"[0, 0, 149, 6, 0, 24, 32, 0]"
2628.164089,33827905,"[0, 0, 0, 226, 0, 16, 231, 255]"
2628.164231,16848960,"[152, 175, 212, 126, 1, 0, 0, 255]"
2628.164374,33828289,"[0, 0, 128, 248, 255, 255, 0, 0]"
2628.164881,33929286,"[0, 0, 0, 0, 0, 64, 0, 0]"
2628.165764,134551573,"[0, 0, 0, 0, 0, 0, 0, 0]"
2628.165907,134551637,"[0, 0, 0, 0, 0, 0, 0, 192]"
2628.166051,134551701,"[0, 0, 0, 64, 0, 0, 0, 192]"
2628.166202,134551765,"[0, 0, 112, 0, 0, 0, 0, 240]"
2628.166344,134551829,"[36, 38, 24, 250, 0, 192, 125, 0]"
2628.166689,33827907,"[0, 0, 0, 226, 0, 16, 16, 0]"
2628.166868,33828291,"[0, 0, 224, 251, 255, 255, 0, 0]"
2628.167011,33929223,"[0, 0, 121, 6, 0, 24, 48, 0]"
2628.167154,33929351,"[0, 0, 0, 128, 0, 0, 0, 128]"
2628.169327,33888320,"[0, 0, 0, 0, 30, 48, 6, 0]"
2628.169478,33888384,"[0, 0, 0, 0, 0, 0, 0, 0]"
2628.169625,33888512,"[0, 0, 0, 0, 0, 0, 0, 0]"
2628.169973,352595220,"[5, 0, 0, 80, 255, 9, 128, 1]"
2628.170328,33888256,"[0, 0, 0, 0, 128, 3, 16, 0]"
2628.170479,33929216,"[0, 0, 165, 6, 0, 24, 0, 0]"
2628.170838,33929353,"[0, 0, 0, 0, 179, 149, 136, 63]"
2628.171664,33827908,"[0, 0, 0, 98, 0, 16, 255, 255]"
2628.172047,33827906,"[0, 0, 0, 98, 0, 16, 232, 255]"
2628.173305,33929226,"[0, 0, 165, 6, 0, 23, 32, 0]"
2628.173448,33929224,"[0, 0, 166, 6, 0, 24, 48, 0]"
2628.173595,33929352,"[0, 0, 0, 128, 0, 0, 0, 128]"
2628.173858,33929225,"[0, 0, 150, 6, 0, 24, 32, 0]"
2628.174101,33827905,"[0, 0, 0, 226, 0, 16, 9, 0]"
2628.176581,33827907,"[0, 0, 0, 226, 0, 16, 254, 255]"
2628.177742,33929221,"[0, 0, 132, 6, 0, 24, 48, 0]"
2628.17788,33929349,"[246, 124, 160, 51, 0, 0, 0, 128]"
2628.178876,33929222,"[0, 0, 157, 6, 0, 24, 48, 0]"
2628.179015,33929350,"[0, 0, 0, 128, 0, 0, 0, 128]"
2628.179997,352595220,"[5, 0, 0, 80, 255, 9, 128, 1]"
2628.180149,352596180,"[241, 95, 7, 224, 253, 47, 0, 5]"
2628.180307,352596244,"[22, 1, 233, 0, 32, 127, 0, 0]"
2628.180452,33888256,"[0, 0, 0, 0, 128, 3, 16, 0]"
2628.180594,352596436,"[237, 255, 175, 255, 255, 225, 255, 15]"
2628.180738,352596500,"[168, 0, 116, 0, 228, 63, 0, 4]"
2628.181332,33888576,"[0, 0, 0, 0, 0, 0, 16, 0]"
2628.181476,33888640,"[0, 0, 0, 0, 0, 0, 0, 0]"
2628.181661,33827908,"[0, 0, 0, 98, 0, 16, 245, 255]"
2628.181833,33828292,"[0, 0, 224, 8, 0, 0, 0, 0]"
2628.182228,33827906,"[0, 0, 0, 98, 0, 16, 236, 255]"
2628.182401,33828290,"[0, 0, 64, 7, 0, 0, 0, 0]"
2628.183864,33929225,"[0, 0, 149, 6, 0, 24, 32, 0]"
2628.184017,33827905,"[0, 0, 0, 226, 0, 16, 254, 255]"
2628.184204,33828289,"[0, 0, 128, 248, 255, 255, 0, 0]"
2628.185044,16848960,"[152, 175, 212, 126, 1, 0, 0, 255]"
2628.185763,134551573,"[0, 0, 0, 0, 0, 0, 0, 0]"
2628.185907,134551637,"[0, 0, 0, 0, 0, 0, 0, 192]"
2628.186052,134551701,"[0, 0, 0, 64, 0, 0, 0, 192]"
2628.186189,134551765,"[0, 0, 112, 0, 0, 0, 0, 240]"
2628.186333,134551829,"[36, 38, 24, 250, 0, 192, 125, 0]"
2628.186595,33827907,"[0, 0, 0, 226, 0, 16, 253, 255]"
2628.18679,33828291,"[0, 0, 224, 251, 255, 255, 0, 0]"
2628.186978,33929223,"[0, 0, 121, 6, 0, 24, 48, 0]"
2628.187122,33929351,"[0, 0, 0, 128, 0, 0, 0, 128]"
2628.189336,33888320,"[0, 0, 0, 0, 30, 48, 6, 0]"
2628.189466,33888384,"[0, 0, 0, 0, 0, 0, 0, 0]"
2628.189614,33888512,"[0, 0, 0, 0, 0, 0, 0, 0]"
2628.190336,33888256,"[0, 0, 0, 0, 128, 3, 16, 0]"
2628.190466,33929216,"[0, 0, 165, 6, 0, 24, 0, 0]"
2628.190608,352595220,"[5, 0, 0, 80, 255, 9, 128, 1]"
2628.191159,33929353,"[0, 0, 0, 0, 179, 149, 136, 63]"
2628.191642,33827908,"[0, 0, 0, 98, 0, 16, 244, 255]"
2628.192157,33827906,"[0, 0, 0, 98, 0, 16, 239, 255]"
2628.193304,33929226,"[0, 0, 165, 6, 0, 23, 32, 0]"
2628.193442,33929224,"[0, 0, 165, 6, 0, 24, 48, 0]"
2628.19359,262271,"[52, 94, 170, 121, 23, 103, 216, 31]"
2628.193734,33929352,"[0, 0, 0, 128, 0, 0, 0, 128]"
2628.193878,33929225,"[0, 0, 149, 6, 0, 24, 32, 0]"
2628.194059,33827905,"[0, 0, 0, 226, 0, 16, 234, 255]"
2628.196328,33888448,"[0, 0, 0, 0, 0, 0, 0, 0]"
2628.196555,33827907,"[0, 0, 0, 226, 0, 16, 6, 0]"
2628.197759,33929221,"[0, 0, 131, 6, 0, 24, 48, 0]"
2628.197888,33929349,"[246, 124, 160, 51, 0, 0, 0, 128]"
2628.198878,33929222,"[0, 0, 156, 6, 0, 24, 48, 0]"
2628.199023,33929350,"[0, 0, 0, 128, 0, 0, 0, 128]"
2628.200326,33888256,"[0, 0, 0, 0, 128, 3, 16, 0]"
2628.200464,352595220,"[5, 0, 0, 80, 255, 9, 128, 1]"
2628.200612,352596180,"[241, 95, 7, 208, 253, 47, 0, 5]"
2628.201702,33827908,"[0, 0, 0, 98, 0, 16, 255, 255]"
2628.201888,33828292,"[0, 0, 224, 8, 0, 0, 0, 0]"
2628.202112,33827906,"[0, 0, 0, 98, 0, 16, 247, 255]"
2628.202299,33828290,"[0, 0, 64, 7, 0, 0, 0, 0]"
2628.20387,33929225,"[0, 0, 150, 6, 0, 24, 32, 0]"
2628.204043,33827905,"[0, 0, 0, 226, 0, 16, 252, 255]"
2628.204222,33828289,"[0, 0, 128, 248, 255, 255, 0, 0]"
2628.205752,134551573,"[0, 0, 0, 0, 0, 0, 0, 0]"
2628.205894,16848960,"[152, 175, 212, 126, 1, 0, 0, 255]"
2628.206038,134551637,"[0, 0, 0, 0, 0, 0, 0, 192]"
2628.206181,134551701,"[0, 0, 0, 64, 0, 0, 0, 192]"
2628.206332,134551765,"[0, 0, 112, 0, 0, 0, 0, 240]"
2628.206474,134551829,"[37, 38, 24, 250, 0, 192, 125, 0]"
2628.206621,33827907,"[0, 0, 0, 226, 0, 16, 253, 255]"
2628.206792,33828291,"[0, 0, 224, 251, 255, 255, 0, 0]"
2628.206963,33929223,"[0, 0, 121, 6, 0, 24, 48, 0]"
2628.207115,33929351,"[0, 0, 0, 128, 0, 0, 0, 128]"
2628.209316,33888320,"[0, 0, 0, 0, 30, 48, 6, 0]"
2628.209473,33888384,"[0, 0, 0, 0, 0, 0, 0, 0]"
2628.20962,33888512,"[0, 0, 0, 0, 0, 0, 0, 0]"
2628.210343,33888256,"[0, 0, 0, 0, 128, 3, 16, 0]"
2628.210458,33929216,"[0, 0, 166, 6, 0, 24, 0, 0]"
2628.210605,352595220,"[5, 0, 0, 80, 255, 9, 128, 1]"
2628.210818,33929353,"[0, 0, 0, 0, 179, 149, 136, 63]"
2628.211701,33827908,"[0, 0, 0, 98, 0, 16, 0, 0]"
2628.212065,33827906,"[0, 0, 0, 98, 0, 16, 237, 255]"
2628.213313,33929226,"[0, 0, 165, 6, 0, 23, 32, 0]"
2628.213456,33929224,"[0, 0, 166, 6, 0, 24, 48, 0]"
2628.213589,33929352,"[0, 0, 0, 128, 0, 0, 0, 128]"
2628.213867,33929225,"[0, 0, 150, 6, 0, 24, 32, 0]"
2628.214039,33827905,"[0, 0, 0, 226, 0, 16, 234, 255]"
2628.216526,33827907,"[0, 0, 0, 226, 0, 16, 253, 255]"
2628.217733,33929221,"[0, 0, 131, 6, 0, 24, 48, 0]"
2628.217884,33929349,"[246, 124, 160, 51, 0, 0, 0, 128]"
2628.218871,33929222,"[0, 0, 155, 6, 0, 24, 48, 0]"
2628.219023,33929350,"[0, 0, 0, 128, 0, 0, 0, 128]"
2628.220198,352595220,"[6, 0, 0, 80, 255, 9, 128, 1]"
2628.220343,33888256,"[0, 0, 0, 0, 128, 3, 16, 0]"
2628.220487,352596180,"[241, 95, 7, 208, 253, 51, 0, 5]"
2628.221602,33827908,"[0, 0, 0, 98, 0, 16, 251, 255]"
2628.221746,33828292,"[0, 0, 224, 8, 0, 0, 0, 0]"
2628.222141,33827906,"[0, 0, 0, 98, 0, 16, 3, 0]"
2628.222299,33828290,"[0, 0, 64, 7, 0, 0, 0, 0]"
2628.223856,33929225,"[0, 0, 149, 6, 0, 24, 32, 0]"
2628.224015,33827905,"[0, 0, 0, 226, 0, 16, 0, 0]"
2628.224188,33828289,"[0, 0, 128, 248, 255, 255, 0, 0]"
2628.225744,134551573,"[0, 0, 0, 0, 0, 0, 0, 0]"
2628.225896,134551637,"[0, 0, 0, 0, 0, 0, 0, 192]"
2628.226041,134551701,"[0, 0, 0, 64, 0, 0, 0, 192]"
2628.226186,134551765,"[0, 0, 112, 0, 0, 0, 0, 240]"
2628.226315,134551829,"[37, 38, 24, 250, 0, 192, 125, 0]"
2628.226699,33827907,"[0, 0, 0, 226, 0, 16, 11, 0]"
2628.226844,16848960,"[152, 175, 212, 126, 1, 0, 0, 255]"
2628.226989,33828291,"[0, 0, 224, 251, 255, 255, 0, 0]"
2628.227126,33929223,"[0, 0, 121, 6, 0, 24, 48, 0]"
2628.227271,33929351,"[0, 0, 0, 128, 0, 0, 0, 128]"
2628.229311,33888320,"[0, 0, 0, 0, 30, 48, 6, 0]"
2628.229463,33888384,"[0, 0, 0, 0, 0, 0, 0, 0]"
2628.229612,33888512,"[0, 0, 0, 0, 0, 0, 0, 0]"
2628.230106,352595220,"[6, 0, 0, 80, 255, 9, 128, 1]"
2628.230321,33888256,"[0, 0, 0, 0, 128, 3, 16, 0]"
2628.230451,33929216,"[0, 0, 165, 6, 0, 24, 0, 0]"
2628.230849,33929353,"[0, 0, 0, 0, 179, 149, 136, 63]"
2628.231697,33827908,"[0, 0, 0, 98, 0, 16, 252, 255]"
2628.232084,33827906,"[0, 0, 0, 98, 0, 16, 236, 255]"
2628.233295,33929226,"[0, 0, 164, 6, 0, 23, 32, 0]"
2628.233439,33929224,"[0, 0, 165, 6, 0, 24, 48, 0]"
2628.233587,33929352,"[0, 0, 0, 128, 0, 0, 0, 128]"
2628.233853,33929225,"[0, 0, 149, 6, 0, 24, 32, 0]"
2628.234026,33827905,"[0, 0, 0, 226, 0, 16, 238, 255]"
2628.234831,262271,"[52, 94, 169, 124, 179, 166, 84, 168]"
2628.236658,33827907,"[0, 0, 0, 226, 0, 16, 20, 0]"
2628.237733,33929221,"[0, 0, 131, 6, 0, 24, 48, 0]"
2628.237863,33929349,"[246, 124, 160, 51, 0, 0, 0, 128]"
2628.238868,33929222,"[0, 0, 156, 6, 0, 24, 48, 0]"
2628.239013,33929350,"[0, 0, 0, 128, 0, 0, 0, 128]"
2628.240002,352595220,"[6, 0, 0, 80, 255, 9, 128, 1]"
2628.240146,352596180,"[241, 95, 7, 208, 253, 51, 0, 5]"
2628.240333,33888256,"[0, 0, 0, 0, 128, 3, 16, 0]"
2628.24164,33827908,"[0, 0, 0, 98, 0, 16, 0, 0]"
2628.241807,33828292,"[0, 0, 224, 8, 0, 0, 0, 0]"
2628.242179,33827906,"[0, 0, 0, 98, 0, 16, 253, 255]"
2628.24236,33828290,"[0, 0, 64, 7, 0, 0, 0, 0]"
2628.243428,33929280,"[0, 0, 0, 8, 0, 64, 0, 0]"
2628.243853,33929225,"[0, 0, 149, 6, 0, 24, 32, 0]"
2628.244041,33827905,"[0, 0, 0, 226, 0, 16, 3, 0]"
2628.244221,33828289,"[0, 0, 128, 248, 255, 255, 0, 0]"
2628.245742,134551573,"[0, 0, 0, 0, 0, 0, 0, 0]"
2628.245894,134551637,"[0, 0, 0, 0, 0, 0, 0, 192]"
2628.246039,134551701,"[0, 0, 0, 64, 0, 0, 0, 192]"
2628.246184,134551765,"[0, 0, 112, 0, 0, 0, 0, 240]"
2628.246321,134551829,"[37, 38, 24, 250, 0, 192, 125, 0]"
2628.246466,33888448,"[0, 0, 0, 0, 0, 0, 0, 0]"
2628.2466,33827907,"[0, 0, 0, 226, 0, 16, 17, 0]"
2628.246787,33828291,"[0, 0, 224, 251, 255, 255, 0, 0]"
2628.246967,33929223,"[0, 0, 121, 6, 0, 24, 48, 0]"
2628.247112,33929351,"[0, 0, 0, 128, 0, 0, 0, 128]"
2628.247595,16848960,"[152, 175, 212, 126, 1, 0, 0, 255]"
2628.249302,33888320,"[0, 0, 0, 0, 30, 47, 6, 0]"
2628.249453,33888384,"[0, 0, 0, 0, 0, 0, 0, 0]"
2628.2496,33888512,"[0, 0, 0, 0, 0, 0, 0, 0]"
2628.250005,352595220,"[5, 0, 0, 80, 255, 9, 128, 1]"
2628.250345,33888256,"[0, 0, 0, 0, 128, 3, 16, 0]"
2628.250492,33929216,"[0, 0, 165, 6, 0, 24, 0, 0]"
2628.250841,33929353,"[0, 0, 0, 0, 179, 149, 136, 63]"
2628.251638,33827908,"[0, 0, 0, 98, 0, 16, 255, 255]"
2628.252142,33827906,"[0, 0, 0, 98, 0, 16, 241, 255]"
2628.253293,33929226,"[0, 0, 165, 6, 0, 23, 32, 0]"
2628.253436,33929224,"[0, 0, 165, 6, 0, 24, 48, 0]"
2628.253583,33929352,"[0, 0, 0, 128, 0, 0, 0, 128]"
2628.253847,33929225,"[0, 0, 149, 6, 0, 24, 32, 0]"
2628.254075,33827905,"[0, 0, 0, 226, 0, 16, 240, 255]"
2628.256654,33827907,"[0, 0, 0, 226, 0, 16, 10, 0]"
2628.25774,33929221,"[0, 0, 131, 6, 0, 24, 48, 0]"
2628.257877,33929349,"[246, 124, 160, 51, 0, 0, 0, 128]"
2628.258859,33929222,"[0, 0, 156, 6, 0, 24, 48, 0]"
2628.259002,33929350,"[0, 0, 0, 128, 0, 0, 0, 128]"
2628.259983,352595220,"[5, 0, 0, 80, 255, 9, 128, 1]"
2628.260098,352596180,"[241, 95, 7, 208, 253, 51, 0, 5]"
2628.260311,33888256,"[0, 0, 0, 0, 128, 3, 16, 0]"
2628.261686,33844164,"[0, 0, 0, 0, 1, 26, 19, 0]"
2628.261843,33834820,"[0, 0, 0, 0, 0, 0, 0, 0]"
2628.262071,33844162,"[0, 0, 0, 0, 1, 26, 19, 0]"
2628.26225,33834818,"[0, 0, 0, 0, 0, 0, 0, 0]"
2628.262449,33828932,"[0, 243, 199, 46, 0, 0, 0, 0]"
2628.262596,33827908,"[0, 0, 0, 98, 0, 16, 250, 255]"
2628.262803,33828164,"[253, 127, 0, 128, 83, 22, 28, 24]"
2628.262959,33828930,"[0, 243, 199, 46, 0, 0, 0, 0]"
2628.263103,33827906,"[0, 0, 0, 98, 0, 16, 243, 255]"
2628.263245,33828162,"[249, 127, 0, 128, 83, 23, 28, 24]"
2628.263396,33828226,"[0, 0, 64, 189, 0, 0, 0, 0]"
2628.263543,33828228,"[0, 0, 64, 231, 0, 0, 0, 0]"
2628.2637,33828292,"[0, 0, 224, 8, 0, 0, 0, 0]"
2628.263843,33929225,"[0, 0, 149, 6, 0, 24, 32, 0]"
2628.26398,33828290,"[0, 0, 64, 7, 0, 0, 0, 0]"
2628.264125,33828356,"[0, 0, 0, 0, 0, 0, 0, 128]"
2628.264269,33828354,"[0, 0, 0, 0, 0, 0, 0, 128]"
2628.264399,33844161,"[0, 0, 0, 0, 1, 26, 19, 0]"
2628.264541,33828418,"[0, 0, 0, 0, 0, 0, 0, 128]"
2628.264685,33828420,"[0, 0, 0, 0, 0, 0, 0, 128]"
2628.264872,33828484,"[8, 0, 0, 0, 0, 0, 0, 0]"
2628.26501,33834817,"[0, 0, 0, 0, 0, 0, 0, 0]"
2628.265154,33828482,"[8, 0, 0, 0, 0, 0, 0, 0]"
2628.265299,33828929,"[0, 243, 199, 46, 0, 0, 0, 0]"
2628.265443,33828546,"[0, 0, 4, 0, 0, 0, 0, 0]"
2628.265599,33828548,"[0, 0, 4, 0, 0, 0, 0, 0]"
2628.265757,134551573,"[0, 0, 0, 0, 0, 0, 0, 0]"
2628.265887,33827905,"[0, 0, 0, 226, 0, 16, 252, 255]"
2628.266032,134551637,"[0, 0, 0, 0, 0, 0, 0, 192]"
2628.26617,33828161,"[254, 127, 0, 128, 83, 22, 28, 24]"
2628.266329,134551701,"[0, 0, 0, 64, 0, 0, 0, 192]"
2628.266473,33828225,"[0, 0, 192, 62, 255, 255, 0, 0]"
2628.266614,134551765,"[0, 0, 112, 0, 0, 0, 0, 240]"
2628.26673,33844163,"[0, 0, 0, 0, 1, 26, 19, 0]"
2628.266873,134551829,"[37, 38, 24, 250, 0, 192, 125, 0]"
2628.267018,33828289,"[0, 0, 128, 248, 255, 255, 0, 0]"
2628.267155,33834819,"[0, 0, 0, 0, 0, 0, 0, 0]"
2628.267314,33828353,"[0, 0, 0, 0, 0, 0, 0, 128]"
2628.267458,33929223,"[0, 0, 120, 6, 0, 24, 48, 0]"
2628.267592,33828931,"[0, 243, 199, 46, 0, 0, 0, 0]"
2628.267744,33929351,"[0, 0, 0, 128, 0, 0, 0, 128]"
2628.267874,33827907,"[0, 0, 0, 226, 0, 16, 3, 0]"
2628.268019,33828417,"[0, 0, 0, 0, 0, 0, 0, 128]"
2628.268214,33828481,"[8, 0, 0, 0, 0, 0, 0, 0]"
2628.26849,33828163,"[254, 127, 0, 128, 83, 21, 27, 25]"
2628.268634,16848960,"[152, 175, 212, 126, 1, 0, 0, 255]"
2628.268772,33828227,"[0, 0, 64, 152, 255, 255, 0, 0]"
2628.268916,33828291,"[0, 0, 224, 251, 255, 255, 0, 0]"
2628.269061,33828545,"[0, 0, 4, 0, 0, 0, 0, 0]"
2628.269327,33888320,"[0, 0, 0, 0, 30, 48, 6, 0]"
2628.269471,33888384,"[0, 0, 0, 0, 0, 0, 0, 0]"
2628.26962,33828355,"[0, 0, 0, 0, 0, 0, 0, 128]"
2628.269772,33888512,"[0, 0, 0, 0, 0, 0, 0, 0]"
2628.269902,33828419,"[0, 0, 0, 0, 0, 0, 0, 128]"
2628.270047,352595220,"[5, 0, 0, 80, 255, 9, 128, 1]"
2628.270341,33888256,"[0, 0, 0, 0, 128, 3, 16, 0]"
2628.27047,33929216,"[0, 0, 164, 6, 0, 24, 0, 0]"
2628.270618,33828483,"[8, 0, 0, 0, 0, 0, 0, 0]"
2628.270762,33828547,"[0, 0, 4, 0, 0, 0, 0, 0]"
2628.2709,33929353,"[0, 0, 0, 0, 179, 149, 136, 63]"
2628.271639,33827908,"[0, 0, 0, 98, 0, 16, 245, 255]"
2628.272034,33827906,"[0, 0, 0, 98, 0, 16, 246, 255]"
2628.273323,33929226,"[0, 0, 164, 6, 0, 23, 32, 0]"
2628.273467,33929224,"[0, 0, 165, 6, 0, 24, 48, 0]"
2628.273609,33929352,"[0, 0, 0, 128, 0, 0, 0, 128]"
2628.273996,33929225,"[0, 0, 149, 6, 0, 24, 32, 0]"
2628.274133,33827905,"[0, 0, 0, 226, 0, 16, 10, 0]"
2628.275759,262271,"[52, 94, 169, 127, 108, 128, 58, 136]"
2628.27667,33827907,"[0, 0, 0, 226, 0, 16, 3, 0]"
2628.277731,33929221,"[0, 0, 130, 6, 0, 24, 48, 0]"
2628.277861,33929349,"[246, 124, 160, 51, 0, 0, 0, 128]"
2628.278863,33929222,"[0, 0, 156, 6, 0, 24, 48, 0]"
2628.279008,33929350,"[0, 0, 0, 128, 0, 0, 0, 128]"
2628.279926,352611284,"[0, 0, 0, 0, 1, 26, 19, 0]"
2628.280085,352601940,"[0, 0, 0, 0, 0, 64, 0, 0]"
2628.280237,352595220,"[5, 0, 0, 80, 255, 9, 128, 1]"
2628.280381,33888256,"[0, 0, 0, 0, 128, 3, 16, 0]"
2628.280515,352596180,"[241, 95, 7, 208, 253, 51, 0, 5]"
2628.280674,352596244,"[25, 1, 232, 0, 32, 127, 0, 0]"
2628.280826,352596308,"[122, 29, 0, 22, 96, 0, 0, 255]"
2628.280985,352596372,"[251, 255, 207, 255, 255, 3, 0, 144]"
2628.281129,352596436,"[6, 0, 208, 0, 0, 254, 255, 15]"
2628.281281,352596692,"[0, 0, 0, 0, 0, 0, 0, 0]"
2628.281425,352596500,"[104, 0, 132, 0, 244, 63, 0, 4]"
2628.281588,352596628,"[137, 98, 0, 0, 0, 0, 0, 0]"
2628.281732,352596820,"[0, 0, 0, 0, 0, 0, 0, 0]"
2628.281884,33827908,"[0, 0, 0, 98, 0, 16, 0, 0]"
2628.282028,352596884,"[166, 255, 48, 0, 166, 2, 0, 0]"
2628.282229,33827906,"[0, 0, 0, 98, 0, 16, 255, 255]"
2628.282466,33828292,"[0, 0, 224, 8, 0, 0, 0, 0]"
2628.282891,33828290,"[0, 0, 64, 7, 0, 0, 0, 0]"
2628.283845,33929225,"[0, 0, 149, 6, 0, 24, 32, 0]"
2628.28404,33827905,"[0, 0, 0, 226, 0, 16, 2, 0]"
2628.284227,33828289,"[0, 0, 128, 248, 255, 255, 0, 0]"
2628.284385,33888704,"[0, 0, 0, 0, 0, 0, 0, 0]"
2628.285743,134551573,"[0, 0, 0, 0, 0, 0, 0, 0]"
2628.285887,134551637,"[0, 0, 0, 0, 0, 0, 0, 192]"
2628.286031,134551701,"[0, 0, 0, 64, 0, 0, 0, 192]"
2628.286169,134551765,"[0, 0, 112, 0, 0, 0, 0, 240]"
2628.286313,33929290,"[0, 0, 0, 0, 0, 64, 0, 0]"
2628.286456,134551829,"[36, 38, 24, 250, 0, 192, 125, 0]"
2628.286598,33827907,"[0, 0, 0, 226, 0, 16, 255, 255]"
2628.28677,33828291,"[0, 0, 224, 251, 255, 255, 0, 0]"
2628.286943,33929223,"[0, 0, 120, 6, 0, 24, 48, 0]"
2628.287088,33929351,"[0, 0, 0, 128, 0, 0, 0, 128]"
2628.289316,33888320,"[0, 0, 0, 0, 30, 48, 6, 0]"
