timestamp,model,device_type,mfg,id,api,data
176.446158,Unknown Device,0,0,12,0,"[0, 48, 4, 0, 0, 0, 0, 255]"
176.446239,Unknown Device,0,0,12,0,"[0, 48, 4, 0, 0, 0, 0, 255]"
176.446446,Unknown Device,0,0,12,0,"[0, 48, 4, 0, 0, 0, 0, 255]"
176.446653,Unknown Device,0,0,12,0,"[0, 48, 4, 0, 0, 0, 0, 255]"
176.447088,Unknown Device,0,0,12,0,"[0, 48, 4, 0, 0, 0, 0, 255]"
176.447216,Unknown Device,0,0,12,0,"[0, 48, 2, 0, 0, 0, 0, 255]"
176.44779,Unknown Device,0,0,12,0,"[0, 48, 2, 0, 0, 0, 0, 255]"
176.448042,Unknown Device,0,0,12,0,"[0, 48, 4, 0, 0, 0, 0, 255]"
176.448114,Unknown Device,0,0,12,0,"[0, 48, 2, 0, 0, 0, 0, 255]"
176.448129,Unknown Device,0,0,12,0,"[0, 48, 2, 0, 0, 0, 0, 255]"
176.448174,Unknown Device,0,0,12,0,"[0, 48, 2, 0, 0, 0, 0, 255]"
176.448726,Unknown Device,0,0,12,0,"[0, 48, 4, 0, 0, 0, 0, 255]"
176.448755,Unknown Device,0,0,12,0,"[0, 48, 2, 0, 0, 0, 0, 255]"
176.449009,Unknown Device,0,0,12,0,"[0, 48, 4, 0, 0, 0, 0, 255]"
176.449053,Unknown Device,0,0,12,0,"[0, 48, 2, 0, 0, 0, 0, 255]"
176.449543,Unknown Device,0,0,12,0,"[0, 48, 4, 0, 0, 0, 0, 255]"
176.449558,Unknown Device,0,0,12,0,"[0, 48, 2, 0, 0, 0, 0, 255]"
176.449676,Unknown Device,0,0,12,0,"[0, 48, 2, 0, 0, 0, 0, 255]"
176.449945,Unknown Device,0,0,12,0,"[0, 48, 2, 0, 0, 0, 0, 255]"
176.450274,Unknown Device,0,0,12,0,"[0, 48, 4, 0, 0, 0, 0, 255]"
176.450392,Unknown Device,0,0,12,0,"[0, 48, 2, 0, 0, 0, 0, 255]"
176.450795,Unknown Device,0,0,12,0,"[0, 48, 4, 0, 0, 0, 0, 255]"
176.451732,Unknown Device,0,0,12,0,"[0, 48, 2, 0, 0, 0, 0, 255]"
176.451882,Unknown Device,0,0,4,0,"[0, 76, 0, 0, 0, 0, 0, 126]"
176.451903,Unknown,Unknown,Unknown,Unknown,997,"[33, 147, 6, 160, 167, 0, 0, 0]"
176.452109,Unknown Device,0,0,12,0,"[0, 12, 4, 0, 0, 0, 0, 127]"
176.452125,Unknown Device,0,0,4,0,"[0, 48, 0, 0, 0, 0, 0, 255]"
176.452195,Unknown Device,0,0,12,0,"[0, 48, 4, 0, 0, 0, 0, 255]"
176.45221,Unknown Device,0,0,12,0,"[0, 48, 2, 0, 0, 0, 0, 255]"
176.452285,Unknown Device,0,0,12,0,"[0, 48, 2, 0, 0, 0, 0, 255]"
176.452761,Unknown Device,0,0,12,0,"[0, 48, 4, 0, 0, 0, 0, 255]"
176.453682,Unknown Device,0,0,12,0,"[0, 48, 4, 0, 0, 0, 0, 255]"
176.454436,Unknown Device,0,0,12,0,"[0, 48, 2, 0, 0, 0, 0, 255]"
176.454543,Unknown Device,0,0,12,0,"[0, 48, 2, 0, 0, 0, 0, 255]"
176.454558,Unknown Device,0,0,12,0,"[0, 48, 2, 0, 0, 0, 0, 255]"
176.454587,Unknown Device,0,0,12,0,"[0, 48, 2, 0, 0, 0, 0, 255]"
176.45463,Unknown Device,0,0,12,0,"[0, 48, 2, 0, 0, 0, 0, 255]"
176.454645,Unknown Device,0,0,12,0,"[0, 48, 2, 0, 0, 0, 0, 255]"
176.45466,Unknown Device,0,0,12,0,"[0, 48, 2, 0, 0, 0, 0, 255]"
176.454734,Unknown Device,0,0,12,0,"[0, 48, 2, 0, 0, 0, 0, 255]"
176.454948,Unknown Device,0,0,12,0,"[0, 48, 4, 0, 0, 0, 0, 255]"
176.455166,Unknown Device,0,0,12,0,"[0, 48, 2, 0, 0, 0, 0, 255]"
176.455371,Unknown Device,0,0,12,0,"[0, 48, 2, 0, 0, 0, 0, 255]"
176.455671,Unknown Device,0,0,12,0,"[0, 48, 2, 0, 0, 0, 0, 255]"
176.455781,Unknown Device,0,0,12,0,"[0, 48, 2, 0, 0, 0, 0, 255]"
176.45638,Unknown Device,0,0,12,0,"[0, 48, 2, 0, 0, 0, 0, 255]"
176.456853,Unknown,Unknown,Unknown,Unknown,997,"[34, 0, 0, 0, 0, 0, 205, 184]"
176.456867,Unknown Device,0,0,4,0,"[0, 76, 0, 0, 0, 0, 0, 126]"
176.457048,Unknown Device,0,0,12,0,"[0, 12, 4, 0, 0, 0, 0, 127]"
176.457064,Unknown Device,0,0,4,0,"[0, 48, 0, 0, 0, 0, 0, 255]"
176.457239,Unknown Device,0,0,12,0,"[0, 48, 2, 0, 0, 0, 0, 255]"
176.457458,Unknown Device,0,0,12,0,"[0, 48, 4, 0, 0, 0, 0, 255]"
176.457528,Unknown Device,0,0,12,0,"[0, 48, 4, 0, 0, 0, 0, 255]"
176.457652,Unknown Device,0,0,12,0,"[0, 48, 4, 0, 0, 0, 0, 255]"
176.457855,Unknown Device,0,0,12,0,"[0, 48, 4, 0, 0, 0, 0, 255]"
176.45807,Unknown Device,0,0,12,0,"[0, 48, 4, 0, 0, 0, 0, 255]"
176.458274,Unknown Device,0,0,12,0,"[0, 48, 4, 0, 0, 0, 0, 255]"
176.458485,Unknown Device,0,0,12,0,"[0, 48, 2, 0, 0, 0, 0, 255]"
176.458758,Unknown Device,0,0,12,0,"[0, 48, 2, 0, 0, 0, 0, 255]"
176.458951,Unknown Device,0,0,12,0,"[0, 48, 2, 0, 0, 0, 0, 255]"
176.459175,Unknown Device,0,0,12,0,"[0, 48, 4, 0, 0, 0, 0, 255]"
176.459497,Unknown Device,0,0,12,0,"[0, 48, 2, 0, 0, 0, 0, 255]"
176.459555,Unknown Device,0,0,12,0,"[0, 48, 2, 0, 0, 0, 0, 255]"
176.459759,Unknown Device,0,0,12,0,"[0, 48, 2, 0, 0, 0, 0, 255]"
176.459959,Unknown Device,0,0,12,0,"[0, 48, 4, 0, 0, 0, 0, 255]"
176.460162,Unknown Device,0,0,12,0,"[0, 48, 2, 0, 0, 0, 0, 255]"
176.460367,Unknown Device,0,0,12,0,"[0, 48, 2, 0, 0, 0, 0, 255]"
176.461659,Unknown Device,0,0,12,0,"[0, 48, 4, 0, 0, 0, 0, 255]"
176.461702,Unknown Device,0,0,12,0,"[0, 48, 2, 0, 0, 0, 0, 255]"
176.461865,Unknown Device,0,0,4,0,"[0, 76, 0, 0, 0, 0, 0, 126]"
176.461882,Unknown,Unknown,Unknown,Unknown,997,"[35, 165, 238, 121, 200, 191, 53, 5]"
176.462062,Unknown Device,0,0,12,0,"[0, 12, 4, 0, 0, 0, 0, 127]"
176.462148,Unknown Device,0,0,12,0,"[0, 48, 4, 0, 0, 0, 0, 255]"
176.462241,Unknown Device,0,0,12,0,"[0, 48, 4, 0, 0, 0, 0, 255]"
176.462256,Unknown Device,0,0,12,0,"[0, 48, 2, 0, 0, 0, 0, 255]"
176.462761,Unknown Device,0,0,12,0,"[0, 48, 4, 0, 0, 0, 0, 255]"
176.463712,Unknown Device,0,0,12,0,"[0, 48, 2, 0, 0, 0, 0, 255]"
176.463728,Unknown Device,0,0,12,0,"[0, 48, 2, 0, 0, 0, 0, 255]"
176.463743,Unknown Device,0,0,12,0,"[0, 48, 2, 0, 0, 0, 0, 255]"
176.464336,Unknown Device,0,0,12,0,"[0, 48, 4, 0, 0, 0, 0, 255]"
176.464373,Unknown Device,0,0,12,0,"[0, 48, 2, 0, 0, 0, 0, 255]"
176.464499,Unknown Device,0,0,12,0,"[0, 48, 4, 0, 0, 0, 0, 255]"
176.464578,Unknown Device,0,0,12,0,"[0, 48, 2, 0, 0, 0, 0, 255]"
176.464635,Unknown Device,0,0,12,0,"[0, 48, 2, 0, 0, 0, 0, 255]"
176.46465,Unknown Device,0,0,12,0,"[0, 48, 2, 0, 0, 0, 0, 255]"
176.464956,Unknown Device,0,0,12,0,"[0, 48, 2, 0, 0, 0, 0, 255]"
176.464993,Unknown Device,0,0,12,0,"[0, 48, 2, 0, 0, 0, 0, 255]"
176.465267,Unknown Device,0,0,12,0,"[0, 48, 2, 0, 0, 0, 0, 255]"
176.465297,Unknown Device,0,0,12,0,"[0, 48, 2, 0, 0, 0, 0, 255]"
176.465718,Unknown Device,0,0,12,0,"[0, 48, 2, 0, 0, 0, 0, 255]"
176.465733,Unknown Device,0,0,12,0,"[0, 48, 2, 0, 0, 0, 0, 255]"
176.466933,Unknown Device,0,0,4,0,"[0, 76, 0, 0, 0, 0, 0, 126]"
176.46695,Unknown,Unknown,Unknown,Unknown,997,"[36, 34, 204, 112, 24, 10, 194, 18]"
176.46707,Unknown Device,0,0,12,0,"[0, 12, 4, 0, 0, 0, 0, 127]"
176.467085,Unknown Device,0,0,4,0,"[0, 48, 0, 0, 0, 0, 0, 255]"
176.467681,Unknown Device,0,0,12,0,"[0, 48, 4, 0, 0, 0, 0, 255]"
176.467932,Unknown Device,0,0,12,0,"[0, 48, 4, 0, 0, 0, 0, 255]"
176.468141,Unknown Device,0,0,12,0,"[0, 48, 2, 0, 0, 0, 0, 255]"
176.468192,Unknown Device,0,0,12,0,"[0, 48, 2, 0, 0, 0, 0, 255]"
176.468537,Unknown Device,0,0,12,0,"[0, 48, 4, 0, 0, 0, 0, 255]"
176.468629,Unknown Device,0,0,12,0,"[0, 48, 4, 0, 0, 0, 0, 255]"
176.468714,Unknown Device,0,0,12,0,"[0, 48, 4, 0, 0, 0, 0, 255]"
176.468862,Unknown Device,0,0,12,0,"[0, 48, 2, 0, 0, 0, 0, 255]"
176.468891,Unknown Device,0,0,12,0,"[0, 48, 2, 0, 0, 0, 0, 255]"
176.468911,Unknown Device,0,0,12,0,"[0, 48, 2, 0, 0, 0, 0, 255]"
176.468968,Unknown Device,0,0,12,0,"[0, 48, 2, 0, 0, 0, 0, 255]"
176.469578,Unknown Device,0,0,12,0,"[0, 48, 4, 0, 0, 0, 0, 255]"
176.469607,Unknown Device,0,0,12,0,"[0, 48, 2, 0, 0, 0, 0, 255]"
176.469623,Unknown Device,0,0,12,0,"[0, 48, 2, 0, 0, 0, 0, 255]"
176.469638,Unknown Device,0,0,12,0,"[0, 48, 2, 0, 0, 0, 0, 255]"
176.469703,Unknown Device,0,0,12,0,"[0, 48, 2, 0, 0, 0, 0, 255]"
176.469954,Unknown Device,0,0,12,0,"[0, 48, 2, 0, 0, 0, 0, 255]"
176.470179,Unknown Device,0,0,12,0,"[0, 48, 4, 0, 0, 0, 0, 255]"
176.470405,Unknown Device,0,0,12,0,"[0, 48, 2, 0, 0, 0, 0, 255]"
176.472059,Unknown Device,0,0,12,0,"[0, 48, 4, 0, 0, 0, 0, 255]"
176.472074,Unknown Device,0,0,12,0,"[0, 48, 2, 0, 0, 0, 0, 255]"
176.472376,Unknown Device,0,0,12,0,"[0, 48, 2, 0, 0, 0, 0, 255]"
176.472391,Unknown Device,0,0,12,0,"[0, 48, 2, 0, 0, 0, 0, 255]"
176.472406,Unknown Device,0,0,12,0,"[0, 48, 2, 0, 0, 0, 0, 255]"
176.472772,Unknown Device,0,0,12,0,"[0, 48, 4, 0, 0, 0, 0, 255]"
176.473729,Unknown Device,0,0,12,0,"[0, 48, 2, 0, 0, 0, 0, 255]"
176.473744,Unknown Device,0,0,12,0,"[0, 48, 2, 0, 0, 0, 0, 255]"
176.473781,Unknown Device,0,0,12,0,"[0, 48, 2, 0, 0, 0, 0, 255]"
176.474262,Unknown Device,0,0,12,0,"[0, 48, 2, 0, 0, 0, 0, 255]"
176.474278,Unknown Device,0,0,12,0,"[0, 48, 2, 0, 0, 0, 0, 255]"
176.47451,Unknown Device,0,0,12,0,"[0, 48, 4, 0, 0, 0, 0, 255]"
176.474525,Unknown Device,0,0,12,0,"[0, 48, 2, 0, 0, 0, 0, 255]"
176.474568,Unknown Device,0,0,12,0,"[0, 48, 2, 0, 0, 0, 0, 255]"
176.474633,Unknown Device,0,0,12,0,"[0, 48, 2, 0, 0, 0, 0, 255]"
176.474925,Unknown Device,0,0,12,0,"[0, 48, 4, 0, 0, 0, 0, 255]"
176.474982,Unknown Device,0,0,12,0,"[0, 48, 2, 0, 0, 0, 0, 255]"
176.475264,Unknown Device,0,0,12,0,"[0, 48, 2, 0, 0, 0, 0, 255]"
176.475293,Unknown Device,0,0,12,0,"[0, 48, 2, 0, 0, 0, 0, 255]"
176.475742,Unknown Device,0,0,12,0,"[0, 48, 2, 0, 0, 0, 0, 255]"
176.475757,Unknown Device,0,0,12,0,"[0, 48, 2, 0, 0, 0, 0, 255]"
176.475773,Unknown Device,0,0,12,0,"[0, 48, 2, 0, 0, 0, 0, 255]"
176.476276,Unknown Device,0,0,12,0,"[0, 48, 4, 0, 0, 0, 0, 255]"
176.477085,Unknown Device,0,0,12,0,"[0, 48, 2, 0, 0, 0, 0, 255]"
176.477822,Unknown Device,0,0,12,0,"[0, 48, 2, 0, 0, 0, 0, 255]"
176.477887,Unknown Device,0,0,12,0,"[0, 48, 2, 0, 0, 0, 0, 255]"
176.478109,Unknown Device,0,0,12,0,"[0, 48, 2, 0, 0, 0, 0, 255]"
176.478124,Unknown Device,0,0,12,0,"[0, 48, 2, 0, 0, 0, 0, 255]"
176.478153,Unknown Device,0,0,12,0,"[0, 48, 2, 0, 0, 0, 0, 255]"
176.478778,Unknown Device,0,0,12,0,"[0, 48, 2, 0, 0, 0, 0, 255]"
176.478793,Unknown Device,0,0,12,0,"[0, 48, 2, 0, 0, 0, 0, 255]"
176.479113,Unknown Device,0,0,12,0,"[0, 48, 4, 0, 0, 0, 0, 255]"
176.479423,Unknown Device,0,0,12,0,"[0, 48, 4, 0, 0, 0, 0, 255]"
176.479508,Unknown Device,0,0,12,0,"[0, 48, 4, 0, 0, 0, 0, 255]"
176.479523,Unknown Device,0,0,12,0,"[0, 48, 2, 0, 0, 0, 0, 255]"
176.479602,Unknown Device,0,0,12,0,"[0, 48, 2, 0, 0, 0, 0, 255]"
176.479617,Unknown Device,0,0,12,0,"[0, 48, 2, 0, 0, 0, 0, 255]"
176.479632,Unknown Device,0,0,12,0,"[0, 48, 2, 0, 0, 0, 0, 255]"
176.479759,Unknown Device,0,0,12,0,"[0, 48, 2, 0, 0, 0, 0, 255]"
176.479782,Unknown Device,0,0,12,0,"[0, 48, 2, 0, 0, 0, 0, 255]"
176.479811,Unknown Device,0,0,12,0,"[0, 48, 2, 0, 0, 0, 0, 255]"
176.479882,Unknown Device,0,0,12,0,"[0, 48, 2, 0, 0, 0, 0, 255]"
176.479897,Unknown Device,0,0,12,0,"[0, 48, 2, 0, 0, 0, 0, 255]"
176.480008,Unknown Device,0,0,12,0,"[0, 48, 2, 0, 0, 0, 0, 255]"
176.48031,Unknown Device,0,0,12,0,"[0, 48, 4, 0, 0, 0, 0, 255]"
176.480339,Unknown Device,0,0,12,0,"[0, 48, 2, 0, 0, 0, 0, 255]"
176.480713,Unknown Device,0,0,12,0,"[0, 48, 2, 0, 0, 0, 0, 255]"
176.482025,Unknown Device,0,0,12,0,"[0, 48, 4, 0, 0, 0, 0, 255]"
176.482062,Unknown Device,0,0,12,0,"[0, 48, 2, 0, 0, 0, 0, 255]"
176.482392,Unknown Device,0,0,12,0,"[0, 48, 4, 0, 0, 0, 0, 255]"
176.482407,Unknown Device,0,0,12,0,"[0, 48, 2, 0, 0, 0, 0, 255]"
176.482773,Unknown Device,0,0,12,0,"[0, 48, 4, 0, 0, 0, 0, 255]"
176.482801,Unknown Device,0,0,12,0,"[0, 48, 2, 0, 0, 0, 0, 255]"
176.482817,Unknown Device,0,0,12,0,"[0, 48, 2, 0, 0, 0, 0, 255]"
176.483704,Unknown Device,0,0,12,0,"[0, 48, 2, 0, 0, 0, 0, 255]"
176.483719,Unknown Device,0,0,12,0,"[0, 48, 2, 0, 0, 0, 0, 255]"
176.484222,Unknown Device,0,0,12,0,"[0, 48, 2, 0, 0, 0, 0, 255]"
176.484525,Unknown Device,0,0,12,0,"[0, 48, 4, 0, 0, 0, 0, 255]"
176.484581,Unknown Device,0,0,12,0,"[0, 48, 2, 0, 0, 0, 0, 255]"
176.48466,Unknown Device,0,0,12,0,"[0, 48, 2, 0, 0, 0, 0, 255]"
176.484675,Unknown Device,0,0,12,0,"[0, 48, 2, 0, 0, 0, 0, 255]"
176.484925,Unknown Device,0,0,12,0,"[0, 48, 2, 0, 0, 0, 0, 255]"
176.484941,Unknown Device,0,0,12,0,"[0, 48, 2, 0, 0, 0, 0, 255]"
176.485237,Unknown Device,0,0,12,0,"[0, 48, 4, 0, 0, 0, 0, 255]"
176.485265,Unknown Device,0,0,12,0,"[0, 48, 2, 0, 0, 0, 0, 255]"
176.485281,Unknown Device,0,0,12,0,"[0, 48, 2, 0, 0, 0, 0, 255]"
176.485716,Unknown Device,0,0,12,0,"[0, 48, 2, 0, 0, 0, 0, 255]"
176.485732,Unknown Device,0,0,12,0,"[0, 48, 2, 0, 0, 0, 0, 255]"
176.485747,Unknown Device,0,0,12,0,"[0, 48, 2, 0, 0, 0, 0, 255]"
176.486404,Unknown Device,0,0,12,0,"[0, 48, 4, 0, 0, 0, 0, 255]"
176.486524,Unknown Device,0,0,12,0,"[0, 48, 4, 0, 0, 0, 0, 255]"
176.486848,Unknown Device,0,0,12,0,"[0, 48, 4, 0, 0, 0, 0, 255]"
176.487195,Unknown Device,0,0,12,0,"[0, 48, 2, 0, 0, 0, 0, 255]"
176.487764,Unknown Device,0,0,12,0,"[0, 48, 2, 0, 0, 0, 0, 255]"
176.488,Unknown Device,0,0,12,0,"[0, 48, 4, 0, 0, 0, 0, 255]"
176.488029,Unknown Device,0,0,12,0,"[0, 48, 2, 0, 0, 0, 0, 255]"
176.488045,Unknown Device,0,0,12,0,"[0, 48, 2, 0, 0, 0, 0, 255]"
176.488425,Unknown Device,0,0,12,0,"[0, 48, 4, 0, 0, 0, 0, 255]"
176.488818,Unknown Device,0,0,12,0,"[0, 48, 2, 0, 0, 0, 0, 255]"
176.488921,Unknown Device,0,0,12,0,"[0, 48, 2, 0, 0, 0, 0, 255]"
176.489301,Unknown Device,0,0,12,0,"[0, 48, 4, 0, 0, 0, 0, 255]"
176.489463,Unknown Device,0,0,12,0,"[0, 48, 4, 0, 0, 0, 0, 255]"
176.489534,Unknown Device,0,0,12,0,"[0, 48, 4, 0, 0, 0, 0, 255]"
176.489549,Unknown Device,0,0,12,0,"[0, 48, 2, 0, 0, 0, 0, 255]"
176.489614,Unknown Device,0,0,12,0,"[0, 48, 2, 0, 0, 0, 0, 255]"
176.489643,Unknown Device,0,0,12,0,"[0, 48, 2, 0, 0, 0, 0, 255]"
176.489658,Unknown Device,0,0,12,0,"[0, 48, 2, 0, 0, 0, 0, 255]"
176.48977,Unknown Device,0,0,12,0,"[0, 48, 2, 0, 0, 0, 0, 255]"
176.489808,Unknown Device,0,0,12,0,"[0, 48, 2, 0, 0, 0, 0, 255]"
176.489837,Unknown Device,0,0,12,0,"[0, 48, 2, 0, 0, 0, 0, 255]"
176.489894,Unknown Device,0,0,12,0,"[0, 48, 2, 0, 0, 0, 0, 255]"
176.489913,Unknown Device,0,0,12,0,"[0, 48, 2, 0, 0, 0, 0, 255]"
176.490015,Unknown Device,0,0,12,0,"[0, 48, 2, 0, 0, 0, 0, 255]"
176.490218,Unknown Device,0,0,12,0,"[0, 48, 2, 0, 0, 0, 0, 255]"
176.490423,Unknown Device,0,0,12,0,"[0, 48, 2, 0, 0, 0, 0, 255]"
176.49071,Unknown Device,0,0,12,0,"[0, 48, 4, 0, 0, 0, 0, 255]"
176.490826,Unknown Device,0,0,12,0,"[0, 48, 2, 0, 0, 0, 0, 255]"
176.491741,Unknown Device,0,0,12,0,"[0, 48, 2, 0, 0, 0, 0, 255]"
176.492102,Unknown Device,0,0,12,0,"[0, 48, 4, 0, 0, 0, 0, 255]"
176.492791,Unknown Device,0,0,12,0,"[0, 48, 2, 0, 0, 0, 0, 255]"
176.493734,Unknown Device,0,0,12,0,"[0, 48, 2, 0, 0, 0, 0, 255]"
176.494427,Unknown Device,0,0,12,0,"[0, 48, 4, 0, 0, 0, 0, 255]"
176.494553,Unknown Device,0,0,12,0,"[0, 48, 2, 0, 0, 0, 0, 255]"
176.494582,Unknown Device,0,0,12,0,"[0, 48, 2, 0, 0, 0, 0, 255]"
176.494597,Unknown Device,0,0,12,0,"[0, 48, 2, 0, 0, 0, 0, 255]"
176.494662,Unknown Device,0,0,12,0,"[0, 48, 2, 0, 0, 0, 0, 255]"
176.494677,Unknown Device,0,0,12,0,"[0, 48, 2, 0, 0, 0, 0, 255]"
176.494693,Unknown Device,0,0,12,0,"[0, 48, 2, 0, 0, 0, 0, 255]"
176.494943,Unknown Device,0,0,12,0,"[0, 48, 4, 0, 0, 0, 0, 255]"
176.494972,Unknown Device,0,0,12,0,"[0, 48, 2, 0, 0, 0, 0, 255]"
176.494987,Unknown Device,0,0,12,0,"[0, 48, 2, 0, 0, 0, 0, 255]"
176.495163,Unknown Device,0,0,12,0,"[0, 48, 2, 0, 0, 0, 0, 255]"
176.495179,Unknown Device,0,0,12,0,"[0, 48, 2, 0, 0, 0, 0, 255]"
176.495762,Unknown Device,0,0,12,0,"[0, 48, 2, 0, 0, 0, 0, 255]"
176.495777,Unknown Device,0,0,12,0,"[0, 48, 2, 0, 0, 0, 0, 255]"
176.497096,Unknown Device,0,0,12,0,"[0, 48, 4, 0, 0, 0, 0, 255]"
176.497777,Unknown Device,0,0,12,0,"[0, 48, 2, 0, 0, 0, 0, 255]"
176.497806,Unknown Device,0,0,12,0,"[0, 48, 2, 0, 0, 0, 0, 255]"
176.498014,Unknown Device,0,0,12,0,"[0, 48, 2, 0, 0, 0, 0, 255]"
176.498029,Unknown Device,0,0,12,0,"[0, 48, 2, 0, 0, 0, 0, 255]"
176.498072,Unknown Device,0,0,12,0,"[0, 48, 2, 0, 0, 0, 0, 255]"
176.498088,Unknown Device,0,0,12,0,"[0, 48, 2, 0, 0, 0, 0, 255]"
176.498103,Unknown Device,0,0,12,0,"[0, 48, 2, 0, 0, 0, 0, 255]"
176.498118,Unknown Device,0,0,12,0,"[0, 48, 2, 0, 0, 0, 0, 255]"
176.49854,Unknown Device,0,0,12,0,"[0, 48, 4, 0, 0, 0, 0, 255]"
176.498688,Unknown Device,0,0,12,0,"[0, 48, 4, 0, 0, 0, 0, 255]"
176.498717,Unknown Device,0,0,12,0,"[0, 48, 2, 0, 0, 0, 0, 255]"
176.498732,Unknown Device,0,0,12,0,"[0, 48, 2, 0, 0, 0, 0, 255]"
176.498941,Unknown Device,0,0,12,0,"[0, 48, 2, 0, 0, 0, 0, 255]"
176.499145,Unknown Device,0,0,12,0,"[0, 48, 4, 0, 0, 0, 0, 255]"
176.499608,Unknown Device,0,0,12,0,"[0, 48, 2, 0, 0, 0, 0, 255]"
176.499693,Unknown Device,0,0,12,0,"[0, 48, 2, 0, 0, 0, 0, 255]"
176.499722,Unknown Device,0,0,12,0,"[0, 48, 2, 0, 0, 0, 0, 255]"
176.499793,Unknown Device,0,0,12,0,"[0, 48, 2, 0, 0, 0, 0, 255]"
176.499808,Unknown Device,0,0,12,0,"[0, 48, 2, 0, 0, 0, 0, 255]"
176.499893,Unknown Device,0,0,12,0,"[0, 48, 2, 0, 0, 0, 0, 255]"
176.499912,Unknown Device,0,0,12,0,"[0, 48, 2, 0, 0, 0, 0, 255]"
176.499927,Unknown Device,0,0,12,0,"[0, 48, 2, 0, 0, 0, 0, 255]"
176.501279,Unknown Device,0,0,12,0,"[0, 48, 4, 0, 0, 0, 0, 255]"
176.501634,Unknown Device,0,0,12,0,"[0, 48, 4, 0, 0, 0, 0, 255]"
176.502068,Unknown Device,0,0,12,0,"[0, 48, 4, 0, 0, 0, 0, 255]"
176.502287,Unknown Device,0,0,12,0,"[0, 48, 2, 0, 0, 0, 0, 255]"
600.534912,Unknown Device,0,0,12,0,"[0, 48, 4, 0, 0, 0, 0, 255]"
601.948347,Unknown Device,0,0,12,0,"[0, 48, 4, 0, 0, 0, 0, 255]"
601.948376,Unknown Device,0,0,12,0,"[0, 48, 2, 0, 0, 0, 0, 255]"
601.948391,Unknown Device,0,0,12,0,"[0, 48, 2, 0, 0, 0, 0, 255]"
601.948406,Unknown Device,0,0,12,0,"[0, 48, 2, 0, 0, 0, 0, 255]"
601.948443,Unknown Device,0,0,12,0,"[0, 48, 2, 0, 0, 0, 0, 255]"
601.948458,Unknown Device,0,0,12,0,"[0, 48, 2, 0, 0, 0, 0, 255]"
601.948473,Unknown Device,0,0,12,0,"[0, 48, 2, 0, 0, 0, 0, 255]"
601.948488,Unknown Device,0,0,12,0,"[0, 48, 2, 0, 0, 0, 0, 255]"
601.948503,Unknown Device,0,0,12,0,"[0, 48, 2, 0, 0, 0, 0, 255]"
601.948519,Unknown Device,0,0,12,0,"[0, 48, 2, 0, 0, 0, 0, 255]"
601.948534,Unknown Device,0,0,12,0,"[0, 48, 2, 0, 0, 0, 0, 255]"
601.948549,Unknown Device,0,0,12,0,"[0, 48, 2, 0, 0, 0, 0, 255]"
601.948564,Unknown Device,0,0,12,0,"[0, 48, 2, 0, 0, 0, 0, 255]"
601.948579,Unknown Device,0,0,12,0,"[0, 48, 2, 0, 0, 0, 0, 255]"
601.948594,Unknown Device,0,0,12,0,"[0, 48, 2, 0, 0, 0, 0, 255]"
601.948609,Unknown Device,0,0,12,0,"[0, 48, 2, 0, 0, 0, 0, 255]"
601.948624,Unknown Device,0,0,12,0,"[0, 48, 2, 0, 0, 0, 0, 255]"
601.948639,Unknown Device,0,0,12,0,"[0, 48, 2, 0, 0, 0, 0, 255]"
601.948655,Unknown Device,0,0,12,0,"[0, 48, 2, 0, 0, 0, 0, 255]"
601.94867,Unknown Device,0,0,12,0,"[0, 48, 2, 0, 0, 0, 0, 255]"
601.948685,Unknown Device,0,0,12,0,"[0, 48, 2, 0, 0, 0, 0, 255]"
601.9487,Unknown Device,0,0,12,0,"[0, 48, 2, 0, 0, 0, 0, 255]"
601.948715,Unknown Device,0,0,12,0,"[0, 48, 2, 0, 0, 0, 0, 255]"
601.94873,Unknown Device,0,0,12,0,"[0, 48, 2, 0, 0, 0, 0, 255]"
601.948745,Unknown Device,0,0,12,0,"[0, 48, 2, 0, 0, 0, 0, 255]"
601.94876,Unknown Device,0,0,12,0,"[0, 48, 2, 0, 0, 0, 0, 255]"
601.948775,Unknown Device,0,0,12,0,"[0, 48, 2, 0, 0, 0, 0, 255]"
601.94879,Unknown Device,0,0,12,0,"[0, 48, 2, 0, 0, 0, 0, 255]"
601.948806,Unknown Device,0,0,12,0,"[0, 48, 2, 0, 0, 0, 0, 255]"
601.948821,Unknown Device,0,0,12,0,"[0, 48, 2, 0, 0, 0, 0, 255]"
601.948836,Unknown Device,0,0,12,0,"[0, 48, 2, 0, 0, 0, 0, 255]"
601.948851,Unknown Device,0,0,12,0,"[0, 48, 2, 0, 0, 0, 0, 255]"
601.948866,Unknown Device,0,0,12,0,"[0, 48, 2, 0, 0, 0, 0, 255]"
601.948881,Unknown Device,0,0,12,0,"[0, 48, 2, 0, 0, 0, 0, 255]"
601.948896,Unknown Device,0,0,12,0,"[0, 48, 2, 0, 0, 0, 0, 255]"
601.948911,Unknown Device,0,0,12,0,"[0, 48, 2, 0, 0, 0, 0, 255]"
601.948926,Unknown Device,0,0,12,0,"[0, 48, 2, 0, 0, 0, 0, 255]"
601.948942,Unknown Device,0,0,12,0,"[0, 48, 2, 0, 0, 0, 0, 255]"
601.948957,Unknown Device,0,0,12,0,"[0, 48, 2, 0, 0, 0, 0, 255]"
601.948972,Unknown Device,0,0,12,0,"[0, 48, 2, 0, 0, 0, 0, 255]"
601.948987,Unknown Device,0,0,12,0,"[0, 48, 2, 0, 0, 0, 0, 255]"
601.949006,Unknown Device,0,0,12,0,"[0, 48, 2, 0, 0, 0, 0, 255]"
601.949021,Unknown Device,0,0,12,0,"[0, 48, 2, 0, 0, 0, 0, 255]"
601.949036,Unknown Device,0,0,12,0,"[0, 48, 2, 0, 0, 0, 0, 255]"
601.949051,Unknown Device,0,0,12,0,"[0, 48, 2, 0, 0, 0, 0, 255]"
601.949066,Unknown Device,0,0,12,0,"[0, 48, 2, 0, 0, 0, 0, 255]"
601.949082,Unknown Device,0,0,12,0,"[0, 48, 2, 0, 0, 0, 0, 255]"
601.949097,Unknown Device,0,0,12,0,"[0, 48, 2, 0, 0, 0, 0, 255]"
601.949112,Unknown Device,0,0,12,0,"[0, 48, 2, 0, 0, 0, 0, 255]"
601.949127,Unknown Device,0,0,12,0,"[0, 48, 2, 0, 0, 0, 0, 255]"
601.949142,Unknown Device,0,0,12,0,"[0, 48, 2, 0, 0, 0, 0, 255]"
601.949157,Unknown Device,0,0,12,0,"[0, 48, 2, 0, 0, 0, 0, 255]"
601.949172,Unknown Device,0,0,12,0,"[0, 48, 2, 0, 0, 0, 0, 255]"
601.949188,Unknown Device,0,0,12,0,"[0, 48, 2, 0, 0, 0, 0, 255]"
601.949203,Unknown Device,0,0,12,0,"[0, 48, 2, 0, 0, 0, 0, 255]"
601.949218,Unknown Device,0,0,12,0,"[0, 48, 2, 0, 0, 0, 0, 255]"
601.949233,Unknown Device,0,0,12,0,"[0, 48, 2, 0, 0, 0, 0, 255]"
601.949248,Unknown Device,0,0,12,0,"[0, 48, 2, 0, 0, 0, 0, 255]"
601.949263,Unknown Device,0,0,12,0,"[0, 48, 2, 0, 0, 0, 0, 255]"
601.949279,Unknown Device,0,0,12,0,"[0, 48, 2, 0, 0, 0, 0, 255]"
601.949294,Unknown Device,0,0,12,0,"[0, 48, 2, 0, 0, 0, 0, 255]"
601.94931,Unknown Device,0,0,12,0,"[0, 48, 2, 0, 0, 0, 0, 255]"
601.949325,Unknown Device,0,0,12,0,"[0, 48, 2, 0, 0, 0, 0, 255]"
601.94934,Unknown Device,0,0,12,0,"[0, 48, 2, 0, 0, 0, 0, 255]"
601.949355,Unknown Device,0,0,12,0,"[0, 48, 2, 0, 0, 0, 0, 255]"
601.94937,Unknown Device,0,0,12,0,"[0, 48, 2, 0, 0, 0, 0, 255]"
601.949385,Unknown Device,0,0,12,0,"[0, 48, 2, 0, 0, 0, 0, 255]"
601.949401,Unknown Device,0,0,12,0,"[0, 48, 2, 0, 0, 0, 0, 255]"
601.949416,Unknown Device,0,0,12,0,"[0, 48, 2, 0, 0, 0, 0, 255]"
601.949431,Unknown Device,0,0,12,0,"[0, 48, 2, 0, 0, 0, 0, 255]"
601.949446,Unknown Device,0,0,12,0,"[0, 48, 2, 0, 0, 0, 0, 255]"
601.949461,Unknown Device,0,0,12,0,"[0, 48, 2, 0, 0, 0, 0, 255]"
601.949476,Unknown Device,0,0,12,0,"[0, 48, 2, 0, 0, 0, 0, 255]"
601.949491,Unknown Device,0,0,12,0,"[0, 48, 2, 0, 0, 0, 0, 255]"
601.949507,Unknown Device,0,0,12,0,"[0, 48, 2, 0, 0, 0, 0, 255]"
601.949522,Unknown Device,0,0,12,0,"[0, 48, 2, 0, 0, 0, 0, 255]"
601.949537,Unknown Device,0,0,12,0,"[0, 48, 2, 0, 0, 0, 0, 255]"
601.949552,Unknown Device,0,0,12,0,"[0, 48, 2, 0, 0, 0, 0, 255]"
601.949567,Unknown Device,0,0,12,0,"[0, 48, 2, 0, 0, 0, 0, 255]"
601.949582,Unknown Device,0,0,12,0,"[0, 48, 2, 0, 0, 0, 0, 255]"
601.949597,Unknown Device,0,0,12,0,"[0, 48, 2, 0, 0, 0, 0, 255]"
601.949613,Unknown Device,0,0,12,0,"[0, 48, 2, 0, 0, 0, 0, 255]"
601.949628,Unknown Device,0,0,12,0,"[0, 48, 2, 0, 0, 0, 0, 255]"
601.949643,Unknown Device,0,0,12,0,"[0, 48, 2, 0, 0, 0, 0, 255]"
601.949658,Unknown Device,0,0,12,0,"[0, 48, 2, 0, 0, 0, 0, 255]"
601.949673,Unknown Device,0,0,12,0,"[0, 48, 2, 0, 0, 0, 0, 255]"
601.949688,Unknown Device,0,0,12,0,"[0, 48, 2, 0, 0, 0, 0, 255]"
601.949703,Unknown Device,0,0,12,0,"[0, 48, 2, 0, 0, 0, 0, 255]"
601.949719,Unknown Device,0,0,12,0,"[0, 48, 2, 0, 0, 0, 0, 255]"
601.949734,Unknown Device,0,0,12,0,"[0, 48, 2, 0, 0, 0, 0, 255]"
601.949749,Unknown Device,0,0,12,0,"[0, 48, 2, 0, 0, 0, 0, 255]"
601.949764,Unknown Device,0,0,12,0,"[0, 48, 2, 0, 0, 0, 0, 255]"
601.949779,Unknown Device,0,0,12,0,"[0, 48, 2, 0, 0, 0, 0, 255]"
601.949794,Unknown Device,0,0,12,0,"[0, 48, 2, 0, 0, 0, 0, 255]"
601.949809,Unknown Device,0,0,12,0,"[0, 48, 2, 0, 0, 0, 0, 255]"
601.949825,Unknown Device,0,0,12,0,"[0, 48, 2, 0, 0, 0, 0, 255]"
601.94984,Unknown Device,0,0,12,0,"[0, 48, 2, 0, 0, 0, 0, 255]"
601.949855,Unknown Device,0,0,12,0,"[0, 48, 2, 0, 0, 0, 0, 255]"
601.94987,Unknown Device,0,0,12,0,"[0, 48, 2, 0, 0, 0, 0, 255]"
601.949885,Unknown Device,0,0,12,0,"[0, 48, 2, 0, 0, 0, 0, 255]"
601.975072,Unknown Device,0,0,12,0,"[0, 48, 2, 0, 0, 0, 0, 255]"
601.975087,Unknown Device,0,0,12,0,"[0, 48, 2, 0, 0, 0, 0, 255]"
601.975102,Unknown Device,0,0,12,0,"[0, 48, 2, 0, 0, 0, 0, 255]"
601.975118,Unknown Device,0,0,12,0,"[0, 48, 2, 0, 0, 0, 0, 255]"
601.975133,Unknown Device,0,0,12,0,"[0, 48, 2, 0, 0, 0, 0, 255]"
601.975148,Unknown Device,0,0,12,0,"[0, 48, 2, 0, 0, 0, 0, 255]"
601.975163,Unknown Device,0,0,12,0,"[0, 48, 2, 0, 0, 0, 0, 255]"
601.975178,Unknown Device,0,0,12,0,"[0, 48, 2, 0, 0, 0, 0, 255]"
601.975193,Unknown Device,0,0,12,0,"[0, 48, 2, 0, 0, 0, 0, 255]"
601.975208,Unknown Device,0,0,12,0,"[0, 48, 2, 0, 0, 0, 0, 255]"
601.975224,Unknown Device,0,0,12,0,"[0, 48, 2, 0, 0, 0, 0, 255]"
601.975239,Unknown Device,0,0,12,0,"[0, 48, 2, 0, 0, 0, 0, 255]"
601.975254,Unknown Device,0,0,12,0,"[0, 48, 2, 0, 0, 0, 0, 255]"
601.975269,Unknown Device,0,0,12,0,"[0, 48, 2, 0, 0, 0, 0, 255]"
601.975285,Unknown Device,0,0,12,0,"[0, 48, 2, 0, 0, 0, 0, 255]"
601.9753,Unknown Device,0,0,12,0,"[0, 48, 2, 0, 0, 0, 0, 255]"
601.975315,Unknown Device,0,0,12,0,"[0, 48, 2, 0, 0, 0, 0, 255]"
601.97533,Unknown Device,0,0,12,0,"[0, 48, 2, 0, 0, 0, 0, 255]"
601.975346,Unknown Device,0,0,12,0,"[0, 48, 2, 0, 0, 0, 0, 255]"
601.975361,Unknown Device,0,0,12,0,"[0, 48, 2, 0, 0, 0, 0, 255]"
601.975376,Unknown Device,0,0,12,0,"[0, 48, 2, 0, 0, 0, 0, 255]"
601.975391,Unknown Device,0,0,12,0,"[0, 48, 2, 0, 0, 0, 0, 255]"
601.975406,Unknown Device,0,0,12,0,"[0, 48, 2, 0, 0, 0, 0, 255]"
601.975421,Unknown Device,0,0,12,0,"[0, 48, 2, 0, 0, 0, 0, 255]"
601.975436,Unknown Device,0,0,12,0,"[0, 48, 2, 0, 0, 0, 0, 255]"
601.975452,Unknown Device,0,0,12,0,"[0, 48, 2, 0, 0, 0, 0, 255]"
601.975467,Unknown Device,0,0,12,0,"[0, 48, 2, 0, 0, 0, 0, 255]"
601.975482,Unknown Device,0,0,12,0,"[0, 48, 2, 0, 0, 0, 0, 255]"
601.975497,Unknown Device,0,0,12,0,"[0, 48, 2, 0, 0, 0, 0, 255]"
601.975512,Unknown Device,0,0,12,0,"[0, 48, 2, 0, 0, 0, 0, 255]"
601.975527,Unknown Device,0,0,12,0,"[0, 48, 2, 0, 0, 0, 0, 255]"
601.975542,Unknown Device,0,0,12,0,"[0, 48, 2, 0, 0, 0, 0, 255]"
601.975558,Unknown Device,0,0,12,0,"[0, 48, 2, 0, 0, 0, 0, 255]"
601.975573,Unknown Device,0,0,12,0,"[0, 48, 2, 0, 0, 0, 0, 255]"
601.975588,Unknown Device,0,0,12,0,"[0, 48, 2, 0, 0, 0, 0, 255]"
601.975603,Unknown Device,0,0,12,0,"[0, 48, 2, 0, 0, 0, 0, 255]"
601.975618,Unknown Device,0,0,12,0,"[0, 48, 2, 0, 0, 0, 0, 255]"
601.975633,Unknown Device,0,0,12,0,"[0, 48, 2, 0, 0, 0, 0, 255]"
601.975648,Unknown Device,0,0,12,0,"[0, 48, 2, 0, 0, 0, 0, 255]"
601.975664,Unknown Device,0,0,12,0,"[0, 48, 2, 0, 0, 0, 0, 255]"
601.975679,Unknown Device,0,0,12,0,"[0, 48, 2, 0, 0, 0, 0, 255]"
601.975694,Unknown Device,0,0,12,0,"[0, 48, 2, 0, 0, 0, 0, 255]"
601.975709,Unknown Device,0,0,12,0,"[0, 48, 2, 0, 0, 0, 0, 255]"
601.975724,Unknown Device,0,0,12,0,"[0, 48, 2, 0, 0, 0, 0, 255]"
601.975739,Unknown Device,0,0,12,0,"[0, 48, 2, 0, 0, 0, 0, 255]"
601.975754,Unknown Device,0,0,12,0,"[0, 48, 2, 0, 0, 0, 0, 255]"
601.97577,Unknown Device,0,0,12,0,"[0, 48, 2, 0, 0, 0, 0, 255]"
601.975785,Unknown Device,0,0,12,0,"[0, 48, 2, 0, 0, 0, 0, 255]"
601.9758,Unknown Device,0,0,12,0,"[0, 48, 2, 0, 0, 0, 0, 255]"
601.975815,Unknown Device,0,0,12,0,"[0, 48, 2, 0, 0, 0, 0, 255]"
601.97583,Unknown Device,0,0,12,0,"[0, 48, 2, 0, 0, 0, 0, 255]"
601.975845,Unknown Device,0,0,12,0,"[0, 48, 2, 0, 0, 0, 0, 255]"
601.975861,Unknown Device,0,0,12,0,"[0, 48, 2, 0, 0, 0, 0, 255]"
601.975876,Unknown Device,0,0,12,0,"[0, 48, 2, 0, 0, 0, 0, 255]"
601.975891,Unknown Device,0,0,12,0,"[0, 48, 2, 0, 0, 0, 0, 255]"
601.975906,Unknown Device,0,0,12,0,"[0, 48, 2, 0, 0, 0, 0, 255]"
601.975943,Unknown Device,0,0,12,0,"[0, 48, 2, 0, 0, 0, 0, 255]"
601.975958,Unknown Device,0,0,12,0,"[0, 48, 2, 0, 0, 0, 0, 255]"
601.975973,Unknown Device,0,0,12,0,"[0, 48, 2, 0, 0, 0, 0, 255]"
601.975993,Unknown Device,0,0,12,0,"[0, 48, 2, 0, 0, 0, 0, 255]"
601.976008,Unknown Device,0,0,12,0,"[0, 48, 2, 0, 0, 0, 0, 255]"
601.976023,Unknown Device,0,0,12,0,"[0, 48, 2, 0, 0, 0, 0, 255]"
601.976038,Unknown Device,0,0,12,0,"[0, 48, 2, 0, 0, 0, 0, 255]"
601.976053,Unknown Device,0,0,12,0,"[0, 48, 2, 0, 0, 0, 0, 255]"
601.976068,Unknown Device,0,0,12,0,"[0, 48, 2, 0, 0, 0, 0, 255]"
601.976084,Unknown Device,0,0,12,0,"[0, 48, 2, 0, 0, 0, 0, 255]"
601.976099,Unknown Device,0,0,12,0,"[0, 48, 2, 0, 0, 0, 0, 255]"
601.976114,Unknown Device,0,0,12,0,"[0, 48, 2, 0, 0, 0, 0, 255]"
601.976129,Unknown Device,0,0,12,0,"[0, 48, 2, 0, 0, 0, 0, 255]"
601.976144,Unknown Device,0,0,12,0,"[0, 48, 2, 0, 0, 0, 0, 255]"
601.976159,Unknown Device,0,0,12,0,"[0, 48, 2, 0, 0, 0, 0, 255]"
601.976174,Unknown Device,0,0,12,0,"[0, 48, 2, 0, 0, 0, 0, 255]"
601.97619,Unknown Device,0,0,12,0,"[0, 48, 2, 0, 0, 0, 0, 255]"
601.976205,Unknown Device,0,0,12,0,"[0, 48, 2, 0, 0, 0, 0, 255]"
601.97622,Unknown Device,0,0,12,0,"[0, 48, 2, 0, 0, 0, 0, 255]"
601.976235,Unknown Device,0,0,12,0,"[0, 48, 2, 0, 0, 0, 0, 255]"
601.97625,Unknown Device,0,0,12,0,"[0, 48, 2, 0, 0, 0, 0, 255]"
601.976265,Unknown Device,0,0,12,0,"[0, 48, 2, 0, 0, 0, 0, 255]"
601.976281,Unknown Device,0,0,12,0,"[0, 48, 2, 0, 0, 0, 0, 255]"
601.976296,Unknown Device,0,0,12,0,"[0, 48, 2, 0, 0, 0, 0, 255]"
601.976312,Unknown Device,0,0,12,0,"[0, 48, 2, 0, 0, 0, 0, 255]"
601.976327,Unknown Device,0,0,12,0,"[0, 48, 2, 0, 0, 0, 0, 255]"
601.976342,Unknown Device,0,0,12,0,"[0, 48, 2, 0, 0, 0, 0, 255]"
601.976357,Unknown Device,0,0,12,0,"[0, 48, 2, 0, 0, 0, 0, 255]"
601.976372,Unknown Device,0,0,12,0,"[0, 48, 2, 0, 0, 0, 0, 255]"
601.976387,Unknown Device,0,0,12,0,"[0, 48, 2, 0, 0, 0, 0, 255]"
601.976402,Unknown Device,0,0,12,0,"[0, 48, 2, 0, 0, 0, 0, 255]"
601.976418,Unknown Device,0,0,12,0,"[0, 48, 2, 0, 0, 0, 0, 255]"
601.976433,Unknown Device,0,0,12,0,"[0, 48, 2, 0, 0, 0, 0, 255]"
601.976448,Unknown Device,0,0,12,0,"[0, 48, 2, 0, 0, 0, 0, 255]"
601.976463,Unknown Device,0,0,12,0,"[0, 48, 2, 0, 0, 0, 0, 255]"
601.976478,Unknown Device,0,0,12,0,"[0, 48, 2, 0, 0, 0, 0, 255]"
601.976493,Unknown Device,0,0,12,0,"[0, 48, 2, 0, 0, 0, 0, 255]"
601.976508,Unknown Device,0,0,12,0,"[0, 48, 2, 0, 0, 0, 0, 255]"
601.976524,Unknown Device,0,0,12,0,"[0, 48, 2, 0, 0, 0, 0, 255]"
601.976539,Unknown Device,0,0,12,0,"[0, 48, 2, 0, 0, 0, 0, 255]"
601.976554,Unknown Device,0,0,12,0,"[0, 48, 2, 0, 0, 0, 0, 255]"
601.976569,Unknown Device,0,0,12,0,"[0, 48, 2, 0, 0, 0, 0, 255]"
601.976584,Unknown Device,0,0,12,0,"[0, 48, 2, 0, 0, 0, 0, 255]"
601.976599,Unknown Device,0,0,12,0,"[0, 48, 2, 0, 0, 0, 0, 255]"
601.976615,Unknown Device,0,0,12,0,"[0, 48, 2, 0, 0, 0, 0, 255]"
601.97663,Unknown Device,0,0,12,0,"[0, 48, 2, 0, 0, 0, 0, 255]"
601.976645,Unknown Device,0,0,12,0,"[0, 48, 2, 0, 0, 0, 0, 255]"
601.97666,Unknown Device,0,0,12,0,"[0, 48, 2, 0, 0, 0, 0, 255]"
601.976675,Unknown Device,0,0,12,0,"[0, 48, 2, 0, 0, 0, 0, 255]"
601.97669,Unknown Device,0,0,12,0,"[0, 48, 2, 0, 0, 0, 0, 255]"
601.976705,Unknown Device,0,0,12,0,"[0, 48, 2, 0, 0, 0, 0, 255]"
601.976721,Unknown Device,0,0,12,0,"[0, 48, 2, 0, 0, 0, 0, 255]"
601.976736,Unknown Device,0,0,12,0,"[0, 48, 2, 0, 0, 0, 0, 255]"
601.976751,Unknown Device,0,0,12,0,"[0, 48, 2, 0, 0, 0, 0, 255]"
601.976766,Unknown Device,0,0,12,0,"[0, 48, 2, 0, 0, 0, 0, 255]"
601.976781,Unknown Device,0,0,12,0,"[0, 48, 2, 0, 0, 0, 0, 255]"
601.976796,Unknown Device,0,0,12,0,"[0, 48, 2, 0, 0, 0, 0, 255]"
601.976811,Unknown Device,0,0,12,0,"[0, 48, 2, 0, 0, 0, 0, 255]"
601.976827,Unknown Device,0,0,12,0,"[0, 48, 2, 0, 0, 0, 0, 255]"
601.976842,Unknown Device,0,0,12,0,"[0, 48, 2, 0, 0, 0, 0, 255]"
601.976857,Unknown Device,0,0,12,0,"[0, 48, 2, 0, 0, 0, 0, 255]"
601.976872,Unknown Device,0,0,12,0,"[0, 48, 2, 0, 0, 0, 0, 255]"
601.976887,Unknown Device,0,0,12,0,"[0, 48, 2, 0, 0, 0, 0, 255]"
601.976902,Unknown Device,0,0,12,0,"[0, 48, 2, 0, 0, 0, 0, 255]"
601.976917,Unknown Device,0,0,12,0,"[0, 48, 2, 0, 0, 0, 0, 255]"
601.976933,Unknown Device,0,0,12,0,"[0, 48, 2, 0, 0, 0, 0, 255]"
601.976948,Unknown Device,0,0,12,0,"[0, 48, 2, 0, 0, 0, 0, 255]"
601.976963,Unknown Device,0,0,12,0,"[0, 48, 2, 0, 0, 0, 0, 255]"
601.976982,Unknown Device,0,0,12,0,"[0, 48, 2, 0, 0, 0, 0, 255]"
601.976997,Unknown Device,0,0,12,0,"[0, 48, 2, 0, 0, 0, 0, 255]"
601.977012,Unknown Device,0,0,12,0,"[0, 48, 2, 0, 0, 0, 0, 255]"
601.977028,Unknown Device,0,0,12,0,"[0, 48, 2, 0, 0, 0, 0, 255]"
601.977043,Unknown Device,0,0,12,0,"[0, 48, 2, 0, 0, 0, 0, 255]"
602.266739,Unknown Device,0,0,12,0,"[0, 48, 2, 0, 0, 0, 0, 255]"
602.266768,Unknown Device,0,0,12,0,"[0, 48, 2, 0, 0, 0, 0, 255]"
602.266783,Unknown Device,0,0,12,0,"[0, 48, 2, 0, 0, 0, 0, 255]"
602.266798,Unknown Device,0,0,12,0,"[0, 48, 2, 0, 0, 0, 0, 255]"
602.266836,Unknown Device,0,0,12,0,"[0, 48, 2, 0, 0, 0, 0, 255]"
602.266855,Unknown Device,0,0,12,0,"[0, 48, 2, 0, 0, 0, 0, 255]"
602.26687,Unknown Device,0,0,12,0,"[0, 48, 2, 0, 0, 0, 0, 255]"
602.266885,Unknown Device,0,0,12,0,"[0, 48, 2, 0, 0, 0, 0, 255]"
602.2669,Unknown Device,0,0,12,0,"[0, 48, 2, 0, 0, 0, 0, 255]"
602.266915,Unknown Device,0,0,12,0,"[0, 48, 2, 0, 0, 0, 0, 255]"
602.26693,Unknown Device,0,0,12,0,"[0, 48, 2, 0, 0, 0, 0, 255]"
602.266946,Unknown Device,0,0,12,0,"[0, 48, 2, 0, 0, 0, 0, 255]"
602.266961,Unknown Device,0,0,12,0,"[0, 48, 2, 0, 0, 0, 0, 255]"
602.266976,Unknown Device,0,0,12,0,"[0, 48, 2, 0, 0, 0, 0, 255]"
602.266991,Unknown Device,0,0,12,0,"[0, 48, 2, 0, 0, 0, 0, 255]"
602.267006,Unknown Device,0,0,12,0,"[0, 48, 2, 0, 0, 0, 0, 255]"
602.267021,Unknown Device,0,0,12,0,"[0, 48, 2, 0, 0, 0, 0, 255]"
602.267036,Unknown Device,0,0,12,0,"[0, 48, 2, 0, 0, 0, 0, 255]"
602.267051,Unknown Device,0,0,12,0,"[0, 48, 2, 0, 0, 0, 0, 255]"
602.267066,Unknown Device,0,0,12,0,"[0, 48, 2, 0, 0, 0, 0, 255]"
602.267081,Unknown Device,0,0,12,0,"[0, 48, 2, 0, 0, 0, 0, 255]"
602.267097,Unknown Device,0,0,12,0,"[0, 48, 2, 0, 0, 0, 0, 255]"
602.267112,Unknown Device,0,0,12,0,"[0, 48, 2, 0, 0, 0, 0, 255]"
602.267127,Unknown Device,0,0,12,0,"[0, 48, 2, 0, 0, 0, 0, 255]"
602.267142,Unknown Device,0,0,12,0,"[0, 48, 2, 0, 0, 0, 0, 255]"
602.267157,Unknown Device,0,0,12,0,"[0, 48, 2, 0, 0, 0, 0, 255]"
602.267172,Unknown Device,0,0,12,0,"[0, 48, 2, 0, 0, 0, 0, 255]"
602.267187,Unknown Device,0,0,12,0,"[0, 48, 2, 0, 0, 0, 0, 255]"
602.267202,Unknown Device,0,0,12,0,"[0, 48, 2, 0, 0, 0, 0, 255]"
602.267217,Unknown Device,0,0,12,0,"[0, 48, 2, 0, 0, 0, 0, 255]"
602.267232,Unknown Device,0,0,12,0,"[0, 48, 2, 0, 0, 0, 0, 255]"
602.267248,Unknown Device,0,0,12,0,"[0, 48, 2, 0, 0, 0, 0, 255]"
602.267263,Unknown Device,0,0,12,0,"[0, 48, 2, 0, 0, 0, 0, 255]"
602.267279,Unknown Device,0,0,12,0,"[0, 48, 2, 0, 0, 0, 0, 255]"
602.267294,Unknown Device,0,0,12,0,"[0, 48, 2, 0, 0, 0, 0, 255]"
602.267309,Unknown Device,0,0,12,0,"[0, 48, 2, 0, 0, 0, 0, 255]"
602.267324,Unknown Device,0,0,12,0,"[0, 48, 2, 0, 0, 0, 0, 255]"
602.267339,Unknown Device,0,0,12,0,"[0, 48, 2, 0, 0, 0, 0, 255]"
602.267354,Unknown Device,0,0,12,0,"[0, 48, 2, 0, 0, 0, 0, 255]"
602.267369,Unknown Device,0,0,12,0,"[0, 48, 2, 0, 0, 0, 0, 255]"
602.267384,Unknown Device,0,0,12,0,"[0, 48, 2, 0, 0, 0, 0, 255]"
602.267399,Unknown Device,0,0,12,0,"[0, 48, 2, 0, 0, 0, 0, 255]"
602.267415,Unknown Device,0,0,12,0,"[0, 48, 2, 0, 0, 0, 0, 255]"
602.26743,Unknown Device,0,0,12,0,"[0, 48, 2, 0, 0, 0, 0, 255]"
602.267445,Unknown Device,0,0,12,0,"[0, 48, 2, 0, 0, 0, 0, 255]"
602.26746,Unknown Device,0,0,12,0,"[0, 48, 2, 0, 0, 0, 0, 255]"
602.267475,Unknown Device,0,0,12,0,"[0, 48, 2, 0, 0, 0, 0, 255]"
602.26749,Unknown Device,0,0,12,0,"[0, 48, 2, 0, 0, 0, 0, 255]"
602.267505,Unknown Device,0,0,12,0,"[0, 48, 2, 0, 0, 0, 0, 255]"
602.26752,Unknown Device,0,0,12,0,"[0, 48, 2, 0, 0, 0, 0, 255]"
602.267535,Unknown Device,0,0,12,0,"[0, 48, 2, 0, 0, 0, 0, 255]"
602.267551,Unknown Device,0,0,12,0,"[0, 48, 2, 0, 0, 0, 0, 255]"
602.267566,Unknown Device,0,0,12,0,"[0, 48, 2, 0, 0, 0, 0, 255]"
602.267581,Unknown Device,0,0,12,0,"[0, 48, 2, 0, 0, 0, 0, 255]"
602.267596,Unknown Device,0,0,12,0,"[0, 48, 2, 0, 0, 0, 0, 255]"
602.267611,Unknown Device,0,0,12,0,"[0, 48, 2, 0, 0, 0, 0, 255]"
602.267626,Unknown Device,0,0,12,0,"[0, 48, 2, 0, 0, 0, 0, 255]"
602.267641,Unknown Device,0,0,12,0,"[0, 48, 2, 0, 0, 0, 0, 255]"
602.267656,Unknown Device,0,0,12,0,"[0, 48, 2, 0, 0, 0, 0, 255]"
602.267671,Unknown Device,0,0,12,0,"[0, 48, 2, 0, 0, 0, 0, 255]"
602.267686,Unknown Device,0,0,12,0,"[0, 48, 2, 0, 0, 0, 0, 255]"
602.267702,Unknown Device,0,0,12,0,"[0, 48, 2, 0, 0, 0, 0, 255]"
602.267717,Unknown Device,0,0,12,0,"[0, 48, 2, 0, 0, 0, 0, 255]"
602.267732,Unknown Device,0,0,12,0,"[0, 48, 2, 0, 0, 0, 0, 255]"
602.267747,Unknown Device,0,0,12,0,"[0, 48, 2, 0, 0, 0, 0, 255]"
602.267762,Unknown Device,0,0,12,0,"[0, 48, 2, 0, 0, 0, 0, 255]"
602.267777,Unknown Device,0,0,12,0,"[0, 48, 2, 0, 0, 0, 0, 255]"
602.267792,Unknown Device,0,0,12,0,"[0, 48, 2, 0, 0, 0, 0, 255]"
602.267807,Unknown Device,0,0,12,0,"[0, 48, 2, 0, 0, 0, 0, 255]"
602.267822,Unknown Device,0,0,12,0,"[0, 48, 2, 0, 0, 0, 0, 255]"
602.267837,Unknown Device,0,0,12,0,"[0, 48, 2, 0, 0, 0, 0, 255]"
602.267857,Unknown Device,0,0,12,0,"[0, 48, 2, 0, 0, 0, 0, 255]"
602.267872,Unknown Device,0,0,12,0,"[0, 48, 2, 0, 0, 0, 0, 255]"
602.267887,Unknown Device,0,0,12,0,"[0, 48, 2, 0, 0, 0, 0, 255]"
602.267902,Unknown Device,0,0,12,0,"[0, 48, 2, 0, 0, 0, 0, 255]"
602.267917,Unknown Device,0,0,12,0,"[0, 48, 2, 0, 0, 0, 0, 255]"
602.267932,Unknown Device,0,0,12,0,"[0, 48, 2, 0, 0, 0, 0, 255]"
602.267948,Unknown Device,0,0,12,0,"[0, 48, 2, 0, 0, 0, 0, 255]"
602.267963,Unknown Device,0,0,12,0,"[0, 48, 2, 0, 0, 0, 0, 255]"
602.267978,Unknown Device,0,0,12,0,"[0, 48, 2, 0, 0, 0, 0, 255]"
602.267993,Unknown Device,0,0,12,0,"[0, 48, 2, 0, 0, 0, 0, 255]"
602.268008,Unknown Device,0,0,12,0,"[0, 48, 2, 0, 0, 0, 0, 255]"
602.268023,Unknown Device,0,0,12,0,"[0, 48, 2, 0, 0, 0, 0, 255]"
602.268038,Unknown Device,0,0,12,0,"[0, 48, 2, 0, 0, 0, 0, 255]"
602.268054,Unknown Device,0,0,12,0,"[0, 48, 2, 0, 0, 0, 0, 255]"
602.268069,Unknown Device,0,0,12,0,"[0, 48, 2, 0, 0, 0, 0, 255]"
602.268084,Unknown Device,0,0,12,0,"[0, 48, 2, 0, 0, 0, 0, 255]"
602.268099,Unknown Device,0,0,12,0,"[0, 48, 2, 0, 0, 0, 0, 255]"
602.268114,Unknown Device,0,0,12,0,"[0, 48, 2, 0, 0, 0, 0, 255]"
602.268129,Unknown Device,0,0,12,0,"[0, 48, 2, 0, 0, 0, 0, 255]"
602.268144,Unknown Device,0,0,12,0,"[0, 48, 2, 0, 0, 0, 0, 255]"
602.26816,Unknown Device,0,0,12,0,"[0, 48, 2, 0, 0, 0, 0, 255]"
602.268175,Unknown Device,0,0,12,0,"[0, 48, 2, 0, 0, 0, 0, 255]"
602.26819,Unknown Device,0,0,12,0,"[0, 48, 2, 0, 0, 0, 0, 255]"
602.268205,Unknown Device,0,0,12,0,"[0, 48, 2, 0, 0, 0, 0, 255]"
602.26822,Unknown Device,0,0,12,0,"[0, 48, 2, 0, 0, 0, 0, 255]"
602.268235,Unknown Device,0,0,12,0,"[0, 48, 2, 0, 0, 0, 0, 255]"
602.26825,Unknown Device,0,0,12,0,"[0, 48, 2, 0, 0, 0, 0, 255]"
602.268266,Unknown Device,0,0,12,0,"[0, 48, 2, 0, 0, 0, 0, 255]"
602.268282,Unknown Device,0,0,12,0,"[0, 48, 2, 0, 0, 0, 0, 255]"
602.268297,Unknown Device,0,0,12,0,"[0, 48, 2, 0, 0, 0, 0, 255]"
602.268312,Unknown Device,0,0,12,0,"[0, 48, 2, 0, 0, 0, 0, 255]"
602.268327,Unknown Device,0,0,12,0,"[0, 48, 2, 0, 0, 0, 0, 255]"
602.268342,Unknown Device,0,0,12,0,"[0, 48, 2, 0, 0, 0, 0, 255]"
602.268357,Unknown Device,0,0,12,0,"[0, 48, 2, 0, 0, 0, 0, 255]"
602.268372,Unknown Device,0,0,12,0,"[0, 48, 2, 0, 0, 0, 0, 255]"
602.268388,Unknown Device,0,0,12,0,"[0, 48, 2, 0, 0, 0, 0, 255]"
602.268403,Unknown Device,0,0,12,0,"[0, 48, 2, 0, 0, 0, 0, 255]"
602.268418,Unknown Device,0,0,12,0,"[0, 48, 2, 0, 0, 0, 0, 255]"
602.268433,Unknown Device,0,0,12,0,"[0, 48, 2, 0, 0, 0, 0, 255]"
602.268448,Unknown Device,0,0,12,0,"[0, 48, 2, 0, 0, 0, 0, 255]"
602.268463,Unknown Device,0,0,12,0,"[0, 48, 2, 0, 0, 0, 0, 255]"
602.268479,Unknown Device,0,0,12,0,"[0, 48, 2, 0, 0, 0, 0, 255]"
602.268494,Unknown Device,0,0,12,0,"[0, 48, 2, 0, 0, 0, 0, 255]"
602.268509,Unknown Device,0,0,12,0,"[0, 48, 2, 0, 0, 0, 0, 255]"
602.268524,Unknown Device,0,0,12,0,"[0, 48, 2, 0, 0, 0, 0, 255]"
602.268539,Unknown Device,0,0,12,0,"[0, 48, 2, 0, 0, 0, 0, 255]"
602.268554,Unknown Device,0,0,12,0,"[0, 48, 2, 0, 0, 0, 0, 255]"
602.268569,Unknown Device,0,0,12,0,"[0, 48, 2, 0, 0, 0, 0, 255]"
602.268585,Unknown Device,0,0,12,0,"[0, 48, 2, 0, 0, 0, 0, 255]"
602.2686,Unknown Device,0,0,12,0,"[0, 48, 2, 0, 0, 0, 0, 255]"
602.268615,Unknown Device,0,0,12,0,"[0, 48, 2, 0, 0, 0, 0, 255]"
602.26863,Unknown Device,0,0,12,0,"[0, 48, 2, 0, 0, 0, 0, 255]"
602.268645,Unknown Device,0,0,12,0,"[0, 48, 2, 0, 0, 0, 0, 255]"
602.26866,Unknown Device,0,0,12,0,"[0, 48, 2, 0, 0, 0, 0, 255]"
602.268697,Unknown Device,0,0,12,0,"[0, 48, 2, 0, 0, 0, 0, 255]"
602.268713,Unknown Device,0,0,12,0,"[0, 48, 2, 0, 0, 0, 0, 255]"
602.268728,Unknown Device,0,0,12,0,"[0, 48, 2, 0, 0, 0, 0, 255]"
602.268743,Unknown Device,0,0,12,0,"[0, 48, 2, 0, 0, 0, 0, 255]"
602.268758,Unknown Device,0,0,12,0,"[0, 48, 2, 0, 0, 0, 0, 255]"
602.268773,Unknown Device,0,0,12,0,"[0, 48, 2, 0, 0, 0, 0, 255]"
602.268788,Unknown Device,0,0,12,0,"[0, 48, 2, 0, 0, 0, 0, 255]"
602.268803,Unknown Device,0,0,12,0,"[0, 48, 2, 0, 0, 0, 0, 255]"
602.268819,Unknown Device,0,0,12,0,"[0, 48, 2, 0, 0, 0, 0, 255]"
602.268834,Unknown Device,0,0,12,0,"[0, 48, 2, 0, 0, 0, 0, 255]"
602.268853,Unknown Device,0,0,12,0,"[0, 48, 2, 0, 0, 0, 0, 255]"
602.268868,Unknown Device,0,0,12,0,"[0, 48, 2, 0, 0, 0, 0, 255]"
602.268883,Unknown Device,0,0,12,0,"[0, 48, 2, 0, 0, 0, 0, 255]"
602.268898,Unknown Device,0,0,12,0,"[0, 48, 2, 0, 0, 0, 0, 255]"
602.268914,Unknown Device,0,0,12,0,"[0, 48, 2, 0, 0, 0, 0, 255]"
602.268929,Unknown Device,0,0,12,0,"[0, 48, 2, 0, 0, 0, 0, 255]"
602.268944,Unknown Device,0,0,12,0,"[0, 48, 2, 0, 0, 0, 0, 255]"
602.268959,Unknown Device,0,0,12,0,"[0, 48, 2, 0, 0, 0, 0, 255]"
602.268974,Unknown Device,0,0,12,0,"[0, 48, 2, 0, 0, 0, 0, 255]"
602.268989,Unknown Device,0,0,12,0,"[0, 48, 2, 0, 0, 0, 0, 255]"
602.269004,Unknown Device,0,0,12,0,"[0, 48, 2, 0, 0, 0, 0, 255]"
602.26902,Unknown Device,0,0,12,0,"[0, 48, 2, 0, 0, 0, 0, 255]"
602.269035,Unknown Device,0,0,12,0,"[0, 48, 2, 0, 0, 0, 0, 255]"
602.26905,Unknown Device,0,0,12,0,"[0, 48, 2, 0, 0, 0, 0, 255]"
602.269065,Unknown Device,0,0,12,0,"[0, 48, 2, 0, 0, 0, 0, 255]"
602.26908,Unknown Device,0,0,12,0,"[0, 48, 2, 0, 0, 0, 0, 255]"
602.269095,Unknown Device,0,0,12,0,"[0, 48, 2, 0, 0, 0, 0, 255]"
602.26911,Unknown Device,0,0,12,0,"[0, 48, 2, 0, 0, 0, 0, 255]"
602.269126,Unknown Device,0,0,12,0,"[0, 48, 2, 0, 0, 0, 0, 255]"
602.269141,Unknown Device,0,0,12,0,"[0, 48, 2, 0, 0, 0, 0, 255]"
602.269156,Unknown Device,0,0,12,0,"[0, 48, 2, 0, 0, 0, 0, 255]"
602.269171,Unknown Device,0,0,12,0,"[0, 48, 2, 0, 0, 0, 0, 255]"
602.269186,Unknown Device,0,0,12,0,"[0, 48, 2, 0, 0, 0, 0, 255]"
602.269201,Unknown Device,0,0,12,0,"[0, 48, 2, 0, 0, 0, 0, 255]"
602.269216,Unknown Device,0,0,12,0,"[0, 48, 2, 0, 0, 0, 0, 255]"
602.269232,Unknown Device,0,0,12,0,"[0, 48, 2, 0, 0, 0, 0, 255]"
602.269247,Unknown Device,0,0,12,0,"[0, 48, 2, 0, 0, 0, 0, 255]"
602.269262,Unknown Device,0,0,12,0,"[0, 48, 2, 0, 0, 0, 0, 255]"
602.269278,Unknown Device,0,0,12,0,"[0, 48, 2, 0, 0, 0, 0, 255]"
602.269293,Unknown Device,0,0,12,0,"[0, 48, 2, 0, 0, 0, 0, 255]"
602.269308,Unknown Device,0,0,12,0,"[0, 48, 2, 0, 0, 0, 0, 255]"
602.269323,Unknown Device,0,0,12,0,"[0, 48, 2, 0, 0, 0, 0, 255]"
602.269338,Unknown Device,0,0,12,0,"[0, 48, 2, 0, 0, 0, 0, 255]"
602.269354,Unknown Device,0,0,12,0,"[0, 48, 2, 0, 0, 0, 0, 255]"
602.269369,Unknown Device,0,0,12,0,"[0, 48, 2, 0, 0, 0, 0, 255]"
602.269384,Unknown Device,0,0,12,0,"[0, 48, 2, 0, 0, 0, 0, 255]"
602.269399,Unknown Device,0,0,12,0,"[0, 48, 2, 0, 0, 0, 0, 255]"
602.269414,Unknown Device,0,0,12,0,"[0, 48, 2, 0, 0, 0, 0, 255]"
602.269429,Unknown Device,0,0,12,0,"[0, 48, 2, 0, 0, 0, 0, 255]"
602.269445,Unknown Device,0,0,12,0,"[0, 48, 2, 0, 0, 0, 0, 255]"
602.26946,Unknown Device,0,0,12,0,"[0, 48, 2, 0, 0, 0, 0, 255]"
602.269475,Unknown Device,0,0,12,0,"[0, 48, 2, 0, 0, 0, 0, 255]"
602.26949,Unknown Device,0,0,12,0,"[0, 48, 2, 0, 0, 0, 0, 255]"
602.269505,Unknown Device,0,0,12,0,"[0, 48, 2, 0, 0, 0, 0, 255]"
602.26952,Unknown Device,0,0,12,0,"[0, 48, 2, 0, 0, 0, 0, 255]"
602.269535,Unknown Device,0,0,12,0,"[0, 48, 2, 0, 0, 0, 0, 255]"
602.269551,Unknown Device,0,0,12,0,"[0, 48, 2, 0, 0, 0, 0, 255]"
602.269566,Unknown Device,0,0,12,0,"[0, 48, 2, 0, 0, 0, 0, 255]"
602.269581,Unknown Device,0,0,12,0,"[0, 48, 2, 0, 0, 0, 0, 255]"
602.269596,Unknown Device,0,0,12,0,"[0, 48, 2, 0, 0, 0, 0, 255]"
602.269611,Unknown Device,0,0,12,0,"[0, 48, 2, 0, 0, 0, 0, 255]"
602.269626,Unknown Device,0,0,12,0,"[0, 48, 2, 0, 0, 0, 0, 255]"
602.269641,Unknown Device,0,0,12,0,"[0, 48, 2, 0, 0, 0, 0, 255]"
602.269657,Unknown Device,0,0,12,0,"[0, 48, 2, 0, 0, 0, 0, 255]"
602.269672,Unknown Device,0,0,12,0,"[0, 48, 2, 0, 0, 0, 0, 255]"
602.269687,Unknown Device,0,0,12,0,"[0, 48, 2, 0, 0, 0, 0, 255]"
602.269702,Unknown Device,0,0,12,0,"[0, 48, 2, 0, 0, 0, 0, 255]"
602.269717,Unknown Device,0,0,12,0,"[0, 48, 2, 0, 0, 0, 0, 255]"
602.269732,Unknown Device,0,0,12,0,"[0, 48, 2, 0, 0, 0, 0, 255]"
602.269747,Unknown Device,0,0,12,0,"[0, 48, 2, 0, 0, 0, 0, 255]"
602.269763,Unknown Device,0,0,12,0,"[0, 48, 2, 0, 0, 0, 0, 255]"
602.269778,Unknown Device,0,0,12,0,"[0, 48, 2, 0, 0, 0, 0, 255]"
602.269793,Unknown Device,0,0,12,0,"[0, 48, 2, 0, 0, 0, 0, 255]"
602.269808,Unknown Device,0,0,12,0,"[0, 48, 2, 0, 0, 0, 0, 255]"
602.269823,Unknown Device,0,0,12,0,"[0, 48, 2, 0, 0, 0, 0, 255]"
602.269838,Unknown Device,0,0,12,0,"[0, 48, 2, 0, 0, 0, 0, 255]"
602.269858,Unknown Device,0,0,12,0,"[0, 48, 2, 0, 0, 0, 0, 255]"
602.269873,Unknown Device,0,0,12,0,"[0, 48, 2, 0, 0, 0, 0, 255]"
602.269888,Unknown Device,0,0,12,0,"[0, 48, 2, 0, 0, 0, 0, 255]"
602.269903,Unknown Device,0,0,12,0,"[0, 48, 2, 0, 0, 0, 0, 255]"
602.269918,Unknown Device,0,0,12,0,"[0, 48, 2, 0, 0, 0, 0, 255]"
602.269933,Unknown Device,0,0,12,0,"[0, 48, 2, 0, 0, 0, 0, 255]"
602.269948,Unknown Device,0,0,12,0,"[0, 48, 2, 0, 0, 0, 0, 255]"
602.269964,Unknown Device,0,0,12,0,"[0, 48, 2, 0, 0, 0, 0, 255]"
602.269979,Unknown Device,0,0,12,0,"[0, 48, 2, 0, 0, 0, 0, 255]"
602.269994,Unknown Device,0,0,12,0,"[0, 48, 2, 0, 0, 0, 0, 255]"
602.270009,Unknown Device,0,0,12,0,"[0, 48, 2, 0, 0, 0, 0, 255]"
602.270024,Unknown Device,0,0,12,0,"[0, 48, 2, 0, 0, 0, 0, 255]"
602.270039,Unknown Device,0,0,12,0,"[0, 48, 2, 0, 0, 0, 0, 255]"
602.270054,Unknown Device,0,0,12,0,"[0, 48, 2, 0, 0, 0, 0, 255]"
602.27007,Unknown Device,0,0,12,0,"[0, 48, 2, 0, 0, 0, 0, 255]"
602.270085,Unknown Device,0,0,12,0,"[0, 48, 2, 0, 0, 0, 0, 255]"
602.2701,Unknown Device,0,0,12,0,"[0, 48, 2, 0, 0, 0, 0, 255]"
602.270137,Unknown Device,0,0,12,0,"[0, 48, 2, 0, 0, 0, 0, 255]"
602.270152,Unknown Device,0,0,12,0,"[0, 48, 2, 0, 0, 0, 0, 255]"
602.270167,Unknown Device,0,0,12,0,"[0, 48, 2, 0, 0, 0, 0, 255]"
602.270183,Unknown Device,0,0,12,0,"[0, 48, 2, 0, 0, 0, 0, 255]"
602.270198,Unknown Device,0,0,12,0,"[0, 48, 2, 0, 0, 0, 0, 255]"
602.270213,Unknown Device,0,0,12,0,"[0, 48, 2, 0, 0, 0, 0, 255]"
602.270228,Unknown Device,0,0,12,0,"[0, 48, 2, 0, 0, 0, 0, 255]"
602.270243,Unknown Device,0,0,12,0,"[0, 48, 2, 0, 0, 0, 0, 255]"
602.270258,Unknown Device,0,0,12,0,"[0, 48, 2, 0, 0, 0, 0, 255]"
602.270274,Unknown Device,0,0,12,0,"[0, 48, 2, 0, 0, 0, 0, 255]"
602.270289,Unknown Device,0,0,12,0,"[0, 48, 2, 0, 0, 0, 0, 255]"
602.270305,Unknown Device,0,0,12,0,"[0, 48, 2, 0, 0, 0, 0, 255]"
602.27032,Unknown Device,0,0,12,0,"[0, 48, 2, 0, 0, 0, 0, 255]"
602.270335,Unknown Device,0,0,12,0,"[0, 48, 2, 0, 0, 0, 0, 255]"
602.27035,Unknown Device,0,0,12,0,"[0, 48, 2, 0, 0, 0, 0, 255]"
602.270365,Unknown Device,0,0,12,0,"[0, 48, 2, 0, 0, 0, 0, 255]"
602.27038,Unknown Device,0,0,12,0,"[0, 48, 2, 0, 0, 0, 0, 255]"
602.270395,Unknown Device,0,0,12,0,"[0, 48, 2, 0, 0, 0, 0, 255]"
602.270411,Unknown Device,0,0,12,0,"[0, 48, 2, 0, 0, 0, 0, 255]"
602.270426,Unknown Device,0,0,12,0,"[0, 48, 2, 0, 0, 0, 0, 255]"
602.270441,Unknown Device,0,0,12,0,"[0, 48, 2, 0, 0, 0, 0, 255]"
602.270456,Unknown Device,0,0,12,0,"[0, 48, 2, 0, 0, 0, 0, 255]"
602.270471,Unknown Device,0,0,12,0,"[0, 48, 2, 0, 0, 0, 0, 255]"
602.270486,Unknown Device,0,0,12,0,"[0, 48, 2, 0, 0, 0, 0, 255]"
602.270501,Unknown Device,0,0,12,0,"[0, 48, 2, 0, 0, 0, 0, 255]"
602.270517,Unknown Device,0,0,12,0,"[0, 48, 2, 0, 0, 0, 0, 255]"
602.270532,Unknown Device,0,0,12,0,"[0, 48, 2, 0, 0, 0, 0, 255]"
602.270547,Unknown Device,0,0,12,0,"[0, 48, 2, 0, 0, 0, 0, 255]"
602.270562,Unknown Device,0,0,12,0,"[0, 48, 2, 0, 0, 0, 0, 255]"
602.372908,Unknown Device,5,4,4,114,"[131, 0, 192, 128, 0, 1, 26, 0]"
602.372922,Unknown Device,0,0,4,0,"[0, 76, 0, 0, 0, 0, 0, 126]"
602.373095,Unknown Device,2,5,32,736,"[0, 0, 18, 7, 0, 21, 64, 0]"
602.37324,Unknown Device,2,5,30,736,"[0, 0, 14, 7, 0, 19, 64, 0]"
602.373385,Unknown Device,2,5,31,736,"[0, 0, 12, 7, 0, 20, 64, 0]"
602.373523,Unknown Device,2,5,30,737,"[0, 0, 0, 0, 0, 64, 0, 0]"
602.373667,Unknown Device,2,5,31,737,"[0, 0, 0, 0, 0, 64, 0, 0]"
602.37383,Unknown Device,2,5,32,737,"[0, 0, 0, 0, 0, 64, 0, 0]"
602.377665,Unknown Device,2,5,31,736,"[0, 0, 12, 7, 0, 20, 64, 0]"
602.37951,Unknown Device,2,5,30,736,"[0, 0, 14, 7, 0, 19, 64, 0]"
602.381069,Unknown Device,2,5,32,736,"[0, 0, 17, 7, 0, 21, 64, 0]"
602.381227,Unknown Device,2,5,32,737,"[0, 0, 0, 0, 0, 64, 0, 0]"
602.387689,Unknown Device,2,5,31,736,"[0, 0, 12, 7, 0, 20, 64, 0]"
602.387837,Unknown Device,2,5,31,737,"[0, 0, 0, 0, 0, 64, 0, 0]"
602.388646,Unknown Device,5,4,13,114,"[131, 0, 64, 128, 1, 1, 26, 0]"
602.389222,Unknown Device,5,4,4,179,"[243, 255, 183, 220, 255, 191, 229, 38]"
602.389906,Unknown Device,2,5,30,736,"[0, 0, 14, 7, 0, 19, 64, 0]"
602.39005,Unknown Device,2,5,30,737,"[0, 0, 0, 0, 0, 64, 0, 0]"
602.390667,Unknown Device,2,5,32,736,"[0, 0, 18, 7, 0, 21, 64, 0]"
602.391167,Unknown Device,5,4,12,114,"[131, 0, 64, 128, 1, 1, 26, 0]"
602.39311,Unknown Device,5,4,11,114,"[131, 0, 64, 128, 1, 1, 26, 0]"
602.395393,Unknown Device,5,4,10,114,"[131, 0, 64, 128, 1, 1, 26, 0]"
602.397679,Unknown Device,2,5,31,736,"[0, 0, 12, 7, 0, 20, 64, 0]"
602.397849,Unknown Device,5,4,13,179,"[249, 255, 127, 207, 255, 255, 123, 38]"
602.399192,Unknown Device,5,4,4,179,"[253, 255, 191, 220, 255, 127, 229, 38]"
602.399494,Unknown Device,2,5,30,736,"[0, 0, 14, 7, 0, 19, 64, 0]"
602.400184,Unknown Device,5,4,12,179,"[5, 0, 16, 208, 255, 191, 128, 38]"
602.400664,Unknown Device,2,5,32,736,"[0, 0, 17, 7, 0, 21, 64, 0]"
602.400813,Unknown Device,2,5,32,737,"[0, 0, 0, 0, 0, 64, 0, 0]"
602.402155,Unknown Device,5,4,11,179,"[0, 0, 200, 201, 255, 191, 78, 38]"
602.404445,Unknown Device,5,4,10,179,"[5, 0, 216, 239, 255, 255, 126, 39]"
602.407687,Unknown Device,2,5,31,736,"[0, 0, 11, 7, 0, 20, 64, 0]"
602.407817,Unknown Device,0,0,4,0,"[0, 0, 0, 0, 0, 0, 0, 95]"
602.407834,Unknown Device,2,5,31,737,"[0, 0, 0, 0, 0, 64, 0, 0]"
602.407962,Unknown Device,5,4,13,179,"[1, 0, 120, 207, 255, 255, 123, 38]"
602.409498,Unknown Device,2,5,30,736,"[0, 0, 13, 7, 0, 19, 64, 0]"
602.409641,Unknown Device,2,5,30,737,"[0, 0, 0, 0, 0, 64, 0, 0]"
602.409784,Unknown Device,5,4,4,179,"[252, 255, 183, 220, 255, 255, 229, 38]"
602.410446,Unknown Device,5,4,12,179,"[2, 0, 16, 208, 255, 191, 128, 38]"
602.411071,Unknown Device,2,5,32,736,"[0, 0, 17, 7, 0, 21, 64, 0]"
602.412042,Unknown Device,5,4,11,179,"[3, 0, 200, 201, 255, 191, 78, 38]"
602.414618,Unknown Device,5,4,10,179,"[1, 0, 216, 239, 255, 63, 127, 39]"
602.417677,Unknown Device,2,5,31,736,"[0, 0, 12, 7, 0, 20, 64, 0]"
602.417862,Unknown Device,5,4,13,179,"[1, 0, 120, 207, 255, 255, 123, 38]"
602.419466,Unknown Device,5,4,4,179,"[4, 0, 184, 220, 255, 255, 229, 38]"
602.41961,Unknown Device,2,5,30,736,"[0, 0, 13, 7, 0, 19, 64, 0]"
602.420307,Unknown Device,5,4,12,179,"[2, 0, 16, 208, 255, 191, 128, 38]"
602.420664,Unknown Device,2,5,32,736,"[0, 0, 17, 7, 0, 21, 64, 0]"
602.420813,Unknown Device,2,5,32,737,"[0, 0, 0, 0, 0, 64, 0, 0]"
602.422169,Unknown Device,5,4,11,179,"[3, 0, 200, 201, 255, 191, 78, 38]"
602.424506,Unknown Device,5,4,10,179,"[1, 0, 216, 239, 255, 63, 127, 39]"
602.427669,Unknown Device,2,5,31,737,"[0, 0, 0, 0, 0, 64, 0, 0]"
602.427811,Unknown Device,2,5,31,736,"[0, 0, 12, 7, 0, 20, 64, 0]"
602.427941,Unknown Device,5,4,13,179,"[1, 0, 120, 207, 255, 255, 123, 38]"
602.429512,Unknown Device,2,5,30,736,"[0, 0, 13, 7, 0, 19, 64, 0]"
602.429642,Unknown Device,2,5,30,737,"[0, 0, 0, 0, 0, 64, 0, 0]"
602.429771,Unknown Device,5,4,4,179,"[8, 0, 184, 220, 255, 191, 229, 38]"
602.430289,Unknown Device,5,4,12,179,"[2, 0, 16, 208, 255, 127, 128, 38]"
602.430653,Unknown Device,2,5,32,736,"[0, 0, 17, 7, 0, 21, 64, 0]"
602.432087,Unknown Device,5,4,11,179,"[3, 0, 200, 201, 255, 191, 78, 38]"
602.434428,Unknown Device,5,4,10,179,"[1, 0, 216, 239, 255, 63, 127, 39]"
602.437672,Unknown Device,2,5,31,736,"[0, 0, 11, 7, 0, 20, 64, 0]"
602.437805,Unknown Device,5,4,13,179,"[1, 0, 120, 207, 255, 255, 123, 38]"
602.439262,Unknown Device,5,4,4,179,"[6, 0, 192, 220, 255, 127, 229, 38]"
602.439478,Unknown Device,2,5,30,736,"[0, 0, 13, 7, 0, 19, 64, 0]"
602.44016,Unknown Device,5,4,12,179,"[2, 0, 16, 208, 255, 127, 128, 38]"
602.440667,Unknown Device,2,5,32,736,"[0, 0, 17, 7, 0, 21, 64, 0]"
602.441099,Unknown Device,2,5,32,737,"[0, 0, 0, 0, 0, 64, 0, 0]"
602.442192,Unknown Device,5,4,11,179,"[3, 0, 200, 201, 255, 191, 78, 38]"
602.444543,Unknown Device,5,4,10,179,"[1, 0, 216, 239, 255, 63, 127, 39]"
602.44767,Unknown Device,2,5,31,736,"[0, 0, 11, 7, 0, 20, 64, 0]"
602.447817,Unknown Device,2,5,31,737,"[0, 0, 0, 0, 0, 64, 0, 0]"
602.447959,Unknown Device,5,4,13,179,"[1, 0, 120, 207, 255, 255, 123, 38]"
602.449487,Unknown Device,2,5,30,736,"[0, 0, 13, 7, 0, 19, 64, 0]"
602.449616,Unknown Device,5,4,4,179,"[1, 0, 176, 220, 255, 255, 229, 38]"
602.449818,Unknown Device,2,5,30,737,"[0, 0, 0, 0, 0, 64, 0, 0]"
602.450166,Unknown Device,5,4,12,179,"[2, 0, 16, 208, 255, 127, 128, 38]"
602.451027,Unknown Device,2,5,32,736,"[0, 0, 16, 7, 0, 22, 64, 0]"
602.452083,Unknown Device,5,4,11,179,"[3, 0, 200, 201, 255, 191, 78, 38]"
602.45447,Unknown Device,5,4,10,179,"[1, 0, 216, 239, 255, 63, 127, 39]"
602.457761,Unknown Device,5,4,13,179,"[1, 0, 120, 207, 255, 255, 123, 38]"
602.45793,Unknown Device,2,5,31,736,"[0, 0, 11, 7, 0, 22, 64, 0]"
602.459606,Unknown Device,5,4,4,179,"[5, 0, 184, 220, 255, 191, 229, 38]"
602.459803,Unknown Device,2,5,30,736,"[0, 0, 12, 7, 0, 20, 64, 0]"
602.460312,Unknown Device,5,4,12,179,"[2, 0, 16, 208, 255, 127, 128, 38]"
602.460645,Unknown Device,2,5,32,736,"[0, 0, 17, 7, 0, 22, 64, 0]"
602.460792,Unknown Device,2,5,32,737,"[0, 0, 0, 0, 0, 64, 0, 0]"
602.462018,Unknown Device,5,4,11,179,"[3, 0, 200, 201, 255, 127, 78, 38]"
602.464601,Unknown Device,5,4,10,179,"[1, 0, 216, 239, 255, 63, 127, 39]"
602.467618,Unknown Device,5,4,13,179,"[1, 0, 120, 207, 255, 255, 123, 38]"
602.467762,Unknown Device,2,5,31,736,"[0, 0, 11, 7, 0, 22, 64, 0]"
602.46791,Unknown Device,2,5,31,737,"[0, 0, 0, 0, 0, 64, 0, 0]"
602.469326,Unknown Device,5,4,4,179,"[6, 0, 192, 220, 255, 63, 230, 38]"
602.469498,Unknown Device,2,5,30,736,"[0, 0, 12, 7, 0, 20, 64, 0]"
602.469643,Unknown Device,2,5,30,737,"[0, 0, 0, 0, 0, 64, 0, 0]"
602.470267,Unknown Device,5,4,12,179,"[2, 0, 16, 208, 255, 127, 128, 38]"
602.471076,Unknown Device,2,5,32,736,"[0, 0, 17, 7, 0, 22, 64, 0]"
602.472112,Unknown Device,5,4,11,179,"[3, 0, 200, 201, 255, 191, 78, 38]"
602.474507,Unknown Device,5,4,10,179,"[1, 0, 216, 239, 255, 63, 127, 39]"
602.47768,Unknown Device,2,5,31,736,"[0, 0, 11, 7, 0, 22, 64, 0]"
602.477813,Unknown Device,5,4,13,179,"[1, 0, 120, 207, 255, 255, 123, 38]"
602.479497,Unknown Device,2,5,30,736,"[0, 0, 13, 7, 0, 20, 64, 0]"
602.479626,Unknown Device,5,4,4,179,"[7, 0, 184, 220, 255, 191, 229, 38]"
602.480152,Unknown Device,5,4,12,179,"[2, 0, 8, 208, 255, 127, 128, 38]"
602.480624,Unknown Device,2,5,32,737,"[0, 0, 0, 0, 0, 64, 0, 0]"
602.480769,Unknown Device,2,5,32,736,"[0, 0, 17, 7, 0, 22, 64, 0]"
602.481959,Unknown Device,5,4,11,179,"[9, 0, 208, 201, 255, 191, 78, 38]"
602.484424,Unknown Device,5,4,10,179,"[1, 0, 224, 239, 255, 63, 127, 39]"
602.487645,Unknown Device,2,5,31,736,"[0, 0, 11, 7, 0, 22, 64, 0]"
602.487779,Unknown Device,2,5,31,737,"[0, 0, 0, 0, 0, 64, 0, 0]"
602.487916,Unknown Device,5,4,13,179,"[1, 0, 120, 207, 255, 255, 123, 38]"
602.489125,Unknown Device,5,4,4,179,"[1, 0, 176, 220, 255, 191, 229, 38]"
602.489454,Unknown Device,2,5,30,736,"[0, 0, 13, 7, 0, 20, 64, 0]"
602.489591,Unknown Device,2,5,30,737,"[0, 0, 0, 0, 0, 64, 0, 0]"
602.490136,Unknown Device,5,4,12,179,"[2, 0, 8, 208, 255, 127, 128, 38]"
602.490629,Unknown Device,2,5,32,736,"[0, 0, 16, 7, 0, 22, 64, 0]"
602.492106,Unknown Device,5,4,11,179,"[3, 0, 208, 201, 255, 191, 78, 38]"
602.494553,Unknown Device,5,4,10,179,"[1, 0, 224, 239, 255, 63, 127, 39]"
602.497634,Unknown Device,2,5,31,736,"[0, 0, 11, 7, 0, 22, 64, 0]"
602.497781,Unknown Device,5,4,13,179,"[1, 0, 120, 207, 255, 255, 123, 38]"
602.499453,Unknown Device,2,5,30,736,"[0, 0, 13, 7, 0, 20, 64, 0]"
602.499581,Unknown Device,5,4,4,179,"[1, 0, 176, 220, 255, 255, 229, 38]"
602.500229,Unknown Device,5,4,12,179,"[2, 0, 8, 208, 255, 127, 128, 38]"
602.500619,Unknown Device,2,5,32,736,"[0, 0, 16, 7, 0, 22, 64, 0]"
602.501061,Unknown Device,2,5,32,737,"[0, 0, 0, 0, 0, 64, 0, 0]"
602.502032,Unknown Device,5,4,11,179,"[3, 0, 208, 201, 255, 191, 78, 38]"
602.504519,Unknown Device,5,4,10,179,"[1, 0, 224, 239, 255, 63, 127, 39]"
602.507637,Unknown Device,2,5,31,736,"[0, 0, 11, 7, 0, 22, 64, 0]"
602.507766,Unknown Device,0,0,4,0,"[0, 0, 0, 0, 0, 0, 0, 0]"
602.507783,Unknown Device,2,5,31,737,"[0, 0, 0, 0, 0, 64, 0, 0]"
602.507912,Unknown Device,5,4,13,179,"[1, 0, 120, 207, 255, 255, 123, 38]"
602.509228,Unknown Device,5,4,4,179,"[6, 0, 184, 220, 255, 255, 229, 38]"
602.509442,Unknown Device,2,5,30,736,"[0, 0, 13, 7, 0, 20, 64, 0]"
602.509586,Unknown Device,2,5,30,737,"[0, 0, 0, 0, 0, 64, 0, 0]"
602.510269,Unknown Device,5,4,12,179,"[2, 0, 8, 208, 255, 127, 128, 38]"
602.510613,Unknown Device,2,5,32,736,"[0, 0, 16, 7, 0, 22, 64, 0]"
602.512102,Unknown Device,5,4,11,179,"[3, 0, 208, 201, 255, 191, 78, 38]"
602.51461,Unknown Device,5,4,10,179,"[1, 0, 224, 239, 255, 63, 127, 39]"
602.517645,Unknown Device,5,4,13,179,"[1, 0, 120, 207, 255, 255, 123, 38]"
602.517816,Unknown Device,2,5,31,736,"[0, 0, 11, 7, 0, 22, 64, 0]"
602.519436,Unknown Device,2,5,30,736,"[0, 0, 12, 7, 0, 20, 64, 0]"
602.519574,Unknown Device,5,4,4,179,"[0, 0, 176, 220, 255, 127, 229, 38]"
602.520318,Unknown Device,5,4,12,179,"[2, 0, 8, 208, 255, 191, 128, 38]"
602.520612,Unknown Device,2,5,32,736,"[0, 0, 16, 7, 0, 22, 64, 0]"
602.52076,Unknown Device,2,5,32,737,"[0, 0, 0, 0, 0, 64, 0, 0]"
602.521969,Unknown Device,5,4,11,179,"[6, 0, 200, 201, 255, 191, 78, 38]"
602.524546,Unknown Device,5,4,10,179,"[1, 0, 224, 239, 255, 63, 127, 39]"
602.52762,Unknown Device,2,5,31,736,"[0, 0, 11, 7, 0, 22, 64, 0]"
602.527768,Unknown Device,2,5,31,737,"[0, 0, 0, 0, 0, 64, 0, 0]"
602.527897,Unknown Device,5,4,13,179,"[1, 0, 120, 207, 255, 255, 123, 38]"
602.529213,Unknown Device,5,4,4,179,"[3, 0, 176, 220, 255, 191, 229, 38]"
602.52943,Unknown Device,2,5,30,736,"[0, 0, 13, 7, 0, 20, 64, 0]"
602.529574,Unknown Device,2,5,30,737,"[0, 0, 0, 0, 0, 64, 0, 0]"
602.530099,Unknown Device,5,4,12,179,"[2, 0, 8, 208, 255, 127, 128, 38]"
602.531036,Unknown Device,2,5,32,736,"[0, 0, 16, 7, 0, 22, 64, 0]"
602.532072,Unknown Device,5,4,11,179,"[52, 0, 216, 201, 255, 255, 78, 38]"
602.534481,Unknown Device,5,4,10,179,"[1, 0, 224, 239, 255, 63, 127, 39]"
602.537598,Unknown Device,5,4,13,179,"[1, 0, 120, 207, 255, 255, 123, 38]"
602.537742,Unknown Device,2,5,31,736,"[0, 0, 11, 7, 0, 22, 64, 0]"
602.53947,Unknown Device,5,4,4,179,"[5, 0, 176, 220, 255, 191, 229, 38]"
602.539669,Unknown Device,2,5,30,736,"[0, 0, 13, 7, 0, 20, 64, 0]"
602.540191,Unknown Device,5,4,12,179,"[1, 0, 8, 208, 255, 127, 128, 38]"
602.540588,Unknown Device,2,5,32,736,"[0, 0, 17, 7, 0, 22, 64, 0]"
602.540745,Unknown Device,2,5,32,737,"[0, 0, 0, 0, 0, 64, 0, 0]"
602.54201,Unknown Device,5,4,11,179,"[2, 0, 208, 201, 255, 255, 78, 38]"
602.544581,Unknown Device,5,4,10,179,"[1, 0, 224, 239, 255, 63, 127, 39]"
602.547606,Unknown Device,2,5,31,736,"[0, 0, 11, 7, 0, 22, 64, 0]"
602.547742,Unknown Device,2,5,31,737,"[0, 0, 0, 0, 0, 64, 0, 0]"
602.547889,Unknown Device,5,4,13,179,"[4, 0, 128, 207, 255, 255, 123, 38]"
602.549419,Unknown Device,2,5,30,736,"[0, 0, 12, 7, 0, 20, 64, 0]"
602.549561,Unknown Device,2,5,30,737,"[0, 0, 0, 0, 0, 64, 0, 0]"
602.549704,Unknown Device,5,4,4,179,"[4, 0, 176, 220, 255, 191, 229, 38]"
602.55016,Unknown Device,5,4,12,179,"[1, 0, 8, 208, 255, 127, 128, 38]"
602.550592,Unknown Device,2,5,32,736,"[0, 0, 16, 7, 0, 22, 64, 0]"
602.552071,Unknown Device,5,4,11,179,"[2, 0, 208, 201, 255, 191, 78, 38]"
602.554513,Unknown Device,5,4,10,179,"[1, 0, 224, 239, 255, 63, 127, 39]"
602.557593,Unknown Device,5,4,13,179,"[4, 0, 128, 207, 255, 255, 123, 38]"
602.557737,Unknown Device,2,5,31,736,"[0, 0, 11, 7, 0, 22, 64, 0]"
602.559271,Unknown Device,5,4,4,179,"[3, 0, 176, 220, 255, 191, 229, 38]"
602.559651,Unknown Device,2,5,30,736,"[0, 0, 13, 7, 0, 21, 64, 0]"
602.560283,Unknown Device,5,4,12,179,"[51, 0, 16, 208, 255, 127, 128, 38]"
602.56102,Unknown Device,2,5,32,736,"[0, 0, 16, 7, 0, 23, 64, 0]"
602.561158,Unknown Device,2,5,32,737,"[0, 0, 0, 0, 0, 64, 0, 0]"
602.561931,Unknown Device,5,4,11,179,"[2, 0, 208, 201, 255, 191, 78, 38]"
602.564581,Unknown Device,5,4,10,179,"[1, 0, 224, 239, 255, 63, 127, 39]"
602.567599,Unknown Device,2,5,31,736,"[0, 0, 12, 7, 0, 23, 64, 0]"
602.567747,Unknown Device,2,5,31,737,"[0, 0, 0, 0, 0, 64, 0, 0]"
602.567876,Unknown Device,5,4,13,179,"[4, 0, 128, 207, 255, 255, 123, 38]"
602.569439,Unknown Device,2,5,30,736,"[0, 0, 13, 7, 0, 21, 64, 0]"
602.569583,Unknown Device,2,5,30,737,"[0, 0, 0, 0, 0, 64, 0, 0]"
602.569727,Unknown Device,5,4,4,179,"[6, 0, 184, 220, 255, 63, 230, 38]"
602.57026,Unknown Device,5,4,12,179,"[11, 0, 8, 208, 255, 191, 128, 38]"
602.570575,Unknown Device,2,5,32,736,"[0, 0, 16, 7, 0, 23, 64, 0]"
602.572063,Unknown Device,5,4,11,179,"[8, 0, 216, 201, 255, 127, 78, 38]"
602.574463,Unknown Device,5,4,10,179,"[1, 0, 224, 239, 255, 63, 127, 39]"
602.577556,Unknown Device,5,4,13,179,"[4, 0, 128, 207, 255, 255, 123, 38]"
602.5777,Unknown Device,2,5,31,736,"[0, 0, 11, 7, 0, 23, 64, 0]"
602.579076,Unknown Device,5,4,4,179,"[0, 0, 176, 220, 255, 191, 229, 38]"
602.579405,Unknown Device,2,5,30,736,"[0, 0, 12, 7, 0, 21, 64, 0]"
602.580128,Unknown Device,5,4,12,179,"[1, 0, 8, 208, 255, 191, 128, 38]"
602.580607,Unknown Device,2,5,32,736,"[0, 0, 16, 7, 0, 23, 64, 0]"
602.580755,Unknown Device,2,5,32,737,"[0, 0, 0, 0, 0, 64, 0, 0]"
602.581993,Unknown Device,5,4,11,179,"[52, 0, 216, 201, 255, 191, 78, 38]"
602.584646,Unknown Device,5,4,10,179,"[1, 0, 224, 239, 255, 63, 127, 39]"
602.587586,Unknown Device,2,5,31,736,"[0, 0, 11, 7, 0, 23, 64, 0]"
602.587729,Unknown Device,2,5,31,737,"[0, 0, 0, 0, 0, 64, 0, 0]"
602.587875,Unknown Device,5,4,13,179,"[4, 0, 128, 207, 255, 255, 123, 38]"
602.589393,Unknown Device,2,5,30,736,"[0, 0, 12, 7, 0, 21, 64, 0]"
602.589536,Unknown Device,2,5,30,737,"[0, 0, 0, 0, 0, 64, 0, 0]"
602.589678,Unknown Device,5,4,4,179,"[255, 255, 175, 220, 255, 127, 229, 38]"
602.590128,Unknown Device,5,4,12,179,"[1, 0, 8, 208, 255, 191, 128, 38]"
602.591001,Unknown Device,2,5,32,736,"[0, 0, 16, 7, 0, 23, 64, 0]"
602.592071,Unknown Device,5,4,11,179,"[8, 0, 208, 201, 255, 191, 78, 38]"
602.594544,Unknown Device,5,4,10,179,"[0, 0, 224, 239, 255, 63, 127, 39]"
602.597612,Unknown Device,2,5,31,736,"[0, 0, 11, 7, 0, 23, 64, 0]"
602.59778,Unknown Device,5,4,13,179,"[4, 0, 128, 207, 255, 255, 123, 38]"
602.599173,Unknown Device,5,4,4,179,"[254, 255, 175, 220, 255, 191, 229, 38]"
602.599395,Unknown Device,2,5,30,736,"[0, 0, 12, 7, 0, 21, 64, 0]"
602.600293,Unknown Device,5,4,12,179,"[1, 0, 8, 208, 255, 191, 128, 38]"
602.600593,Unknown Device,2,5,32,736,"[0, 0, 15, 7, 0, 23, 64, 0]"
602.600741,Unknown Device,2,5,32,737,"[0, 0, 0, 0, 0, 64, 0, 0]"
602.601927,Unknown Device,5,4,11,179,"[2, 0, 208, 201, 255, 255, 78, 38]"
602.604408,Unknown Device,5,4,10,179,"[0, 0, 224, 239, 255, 63, 127, 39]"
602.607601,Unknown Device,2,5,31,736,"[0, 0, 9, 7, 0, 23, 64, 0]"
602.607743,Unknown Device,2,5,31,737,"[0, 0, 0, 0, 0, 64, 0, 0]"
602.607887,Unknown Device,5,4,13,179,"[4, 0, 128, 207, 255, 255, 123, 38]"
602.609415,Unknown Device,2,5,30,736,"[0, 0, 11, 7, 0, 21, 64, 0]"
602.609559,Unknown Device,2,5,30,737,"[0, 0, 0, 0, 0, 64, 0, 0]"
602.609688,Unknown Device,5,4,4,179,"[5, 0, 176, 220, 255, 191, 229, 38]"
602.610213,Unknown Device,5,4,12,179,"[1, 0, 8, 208, 255, 191, 128, 38]"
602.610599,Unknown Device,2,5,32,736,"[0, 0, 14, 7, 0, 23, 64, 0]"
602.612048,Unknown Device,5,4,11,179,"[2, 0, 208, 201, 255, 191, 78, 38]"
602.614497,Unknown Device,5,4,10,179,"[0, 0, 224, 239, 255, 63, 127, 39]"
602.617542,Unknown Device,5,4,4,209,"[0, 0, 0, 0, 0, 0, 0, 0]"
602.617686,Unknown Device,2,5,31,736,"[0, 0, 9, 7, 0, 23, 64, 0]"
602.61782,Unknown Device,5,4,13,179,"[3, 0, 128, 207, 255, 255, 123, 38]"
602.617964,Unknown Device,5,4,4,194,"[184, 192, 0, 0, 0, 0, 0, 0]"
602.618401,Unknown Device,5,4,4,431,"[0, 0, 0, 0, 1, 26, 19, 128]"
602.618702,Unknown Device,5,4,4,285,"[0, 0, 0, 0, 0, 0, 0, 0]"
602.619414,Unknown Device,2,5,30,736,"[0, 0, 10, 7, 0, 21, 64, 0]"
602.6196,Unknown Device,5,4,4,179,"[4, 0, 184, 220, 255, 191, 229, 38]"
602.62021,Unknown Device,5,4,12,179,"[1, 0, 8, 208, 255, 127, 128, 38]"
602.620991,Unknown Device,2,5,32,736,"[0, 0, 14, 7, 0, 23, 64, 0]"
602.621135,Unknown Device,2,5,32,737,"[0, 0, 0, 0, 0, 64, 0, 0]"
602.622072,Unknown Device,5,4,11,179,"[2, 0, 208, 201, 255, 191, 78, 38]"
602.624453,Unknown Device,5,4,10,179,"[0, 0, 224, 239, 255, 63, 127, 39]"
602.627598,Unknown Device,2,5,31,736,"[0, 0, 8, 7, 0, 23, 64, 0]"
602.627746,Unknown Device,2,5,31,737,"[0, 0, 0, 0, 0, 64, 0, 0]"
602.62789,Unknown Device,5,4,13,179,"[3, 0, 128, 207, 255, 255, 123, 38]"
602.629388,Unknown Device,5,4,4,179,"[252, 255, 167, 220, 255, 127, 229, 38]"
602.629531,Unknown Device,2,5,30,736,"[0, 0, 10, 7, 0, 21, 64, 0]"
602.629673,Unknown Device,2,5,30,737,"[0, 0, 0, 0, 0, 64, 0, 0]"
602.630153,Unknown Device,5,4,12,179,"[1, 0, 8, 208, 255, 127, 128, 38]"
602.630592,Unknown Device,2,5,32,736,"[0, 0, 13, 7, 0, 23, 64, 0]"
602.632138,Unknown Device,5,4,11,179,"[2, 0, 208, 201, 255, 191, 78, 38]"
602.634379,Unknown Device,5,4,10,179,"[0, 0, 224, 239, 255, 63, 127, 39]"
602.637594,Unknown Device,2,5,31,736,"[0, 0, 8, 7, 0, 23, 64, 0]"
602.637769,Unknown Device,5,4,13,179,"[3, 0, 128, 207, 255, 255, 123, 38]"
602.638033,Unknown Device,5,4,13,209,"[0, 0, 0, 0, 0, 0, 0, 0]"
602.638345,Unknown Device,5,4,13,194,"[176, 192, 0, 131, 24, 0, 0, 0]"
602.63853,Unknown Device,5,4,13,431,"[0, 0, 0, 1, 1, 26, 19, 0]"
602.63876,Unknown Device,5,4,13,285,"[0, 0, 0, 0, 24, 0, 0, 0]"
602.639404,Unknown Device,2,5,30,736,"[0, 0, 10, 7, 0, 21, 64, 0]"
602.639588,Unknown Device,5,4,4,179,"[6, 0, 176, 220, 255, 191, 229, 38]"
602.640179,Unknown Device,5,4,12,179,"[23, 0, 8, 208, 255, 191, 128, 38]"
602.640519,Unknown Device,5,4,12,209,"[0, 0, 255, 255, 255, 7, 0, 0]"
602.640656,Unknown Device,2,5,32,736,"[0, 0, 13, 7, 0, 23, 64, 0]"
602.640803,Unknown Device,2,5,32,737,"[0, 0, 0, 0, 0, 64, 0, 0]"
602.640946,Unknown Device,5,4,12,194,"[175, 192, 216, 123, 24, 0, 0, 0]"
602.641187,Unknown Device,5,4,12,431,"[0, 0, 0, 1, 1, 26, 19, 0]"
602.641452,Unknown Device,5,4,12,285,"[0, 0, 0, 0, 24, 0, 0, 0]"
602.642007,Unknown Device,5,4,11,179,"[0, 0, 200, 201, 255, 191, 78, 38]"
602.642299,Unknown Device,5,4,11,209,"[0, 0, 0, 0, 0, 0, 0, 0]"
602.642825,Unknown Device,5,4,11,194,"[175, 192, 96, 128, 24, 0, 0, 0]"
602.642996,Unknown Device,5,4,11,431,"[0, 0, 0, 1, 1, 26, 19, 0]"
602.643245,Unknown Device,5,4,11,285,"[0, 0, 0, 0, 24, 0, 0, 0]"
602.644527,Unknown Device,5,4,10,179,"[0, 0, 224, 239, 255, 63, 127, 39]"
602.64484,Unknown Device,5,4,10,209,"[0, 0, 1, 0, 0, 0, 0, 0]"
602.645183,Unknown Device,5,4,10,194,"[175, 192, 16, 131, 24, 0, 0, 0]"
602.645584,Unknown Device,5,4,10,431,"[0, 0, 0, 1, 1, 26, 19, 0]"
602.645783,Unknown Device,5,4,10,285,"[0, 0, 0, 0, 24, 0, 0, 0]"
602.647594,Unknown Device,2,5,31,736,"[0, 0, 8, 7, 0, 23, 64, 0]"
602.647742,Unknown Device,2,5,31,737,"[0, 0, 0, 0, 0, 64, 0, 0]"
602.647871,Unknown Device,5,4,13,179,"[3, 0, 128, 207, 255, 255, 123, 38]"
602.649402,Unknown Device,2,5,30,736,"[0, 0, 9, 7, 0, 21, 64, 0]"
602.649546,Unknown Device,2,5,30,737,"[0, 0, 0, 0, 0, 64, 0, 0]"
602.64969,Unknown Device,5,4,4,179,"[5, 0, 184, 220, 255, 191, 229, 38]"
602.650329,Unknown Device,5,4,12,179,"[4, 0, 8, 208, 255, 63, 128, 38]"
602.650615,Unknown Device,2,5,32,736,"[0, 0, 12, 7, 0, 23, 64, 0]"
602.651975,Unknown Device,5,4,11,179,"[2, 0, 200, 201, 255, 191, 78, 38]"
602.654398,Unknown Device,5,4,10,179,"[0, 0, 224, 239, 255, 63, 127, 39]"
602.657521,Unknown Device,5,4,13,179,"[3, 0, 128, 207, 255, 255, 123, 38]"
602.657665,Unknown Device,2,5,31,736,"[0, 0, 8, 7, 0, 23, 64, 0]"
602.659381,Unknown Device,5,4,4,179,"[1, 0, 176, 220, 255, 255, 229, 38]"
602.659519,Unknown Device,2,5,30,736,"[0, 0, 9, 7, 0, 21, 64, 0]"
602.660208,Unknown Device,5,4,12,179,"[4, 0, 0, 208, 255, 127, 128, 38]"
602.660574,Unknown Device,2,5,32,736,"[0, 0, 12, 7, 0, 23, 64, 0]"
602.660722,Unknown Device,2,5,32,737,"[0, 0, 0, 0, 0, 64, 0, 0]"
602.662121,Unknown Device,5,4,11,179,"[2, 0, 200, 201, 255, 191, 78, 38]"
602.664295,Unknown Device,5,4,10,179,"[0, 0, 224, 239, 255, 63, 127, 39]"
602.66758,Unknown Device,2,5,31,736,"[0, 0, 7, 7, 0, 23, 64, 0]"
602.667729,Unknown Device,2,5,31,737,"[0, 0, 0, 0, 0, 64, 0, 0]"
602.667859,Unknown Device,5,4,13,179,"[3, 0, 128, 207, 255, 255, 123, 38]"
602.668003,Unknown,Unknown,Unknown,Unknown,992,"[142, 74, 161, 149, 122, 78, 0, 0]"
602.669403,Unknown Device,2,5,30,736,"[0, 0, 9, 7, 0, 21, 64, 0]"
602.669547,Unknown Device,2,5,30,737,"[0, 0, 0, 0, 0, 64, 0, 0]"
602.669676,Unknown Device,5,4,4,179,"[8, 0, 184, 220, 255, 255, 229, 38]"
602.670173,Unknown Device,5,4,12,179,"[4, 0, 8, 208, 255, 191, 128, 38]"
602.670601,Unknown Device,2,5,32,736,"[0, 0, 12, 7, 0, 23, 64, 0]"
602.671994,Unknown Device,5,4,11,179,"[2, 0, 208, 201, 255, 191, 78, 38]"
602.67444,Unknown Device,5,4,10,179,"[0, 0, 224, 239, 255, 63, 127, 39]"
602.677572,Unknown Device,2,5,31,736,"[0, 0, 8, 7, 0, 23, 64, 0]"
602.677747,Unknown Device,5,4,13,179,"[3, 0, 128, 207, 255, 255, 123, 38]"
602.679235,Unknown Device,5,4,4,179,"[2, 0, 176, 220, 255, 191, 229, 38]"
602.679421,Unknown Device,2,5,30,736,"[0, 0, 8, 7, 0, 21, 64, 0]"
602.680068,Unknown Device,5,4,12,179,"[4, 0, 8, 208, 255, 191, 128, 38]"
602.680563,Unknown Device,2,5,32,736,"[0, 0, 12, 7, 0, 23, 64, 0]"
602.680999,Unknown Device,2,5,32,737,"[0, 0, 0, 0, 0, 64, 0, 0]"
602.682083,Unknown Device,5,4,11,179,"[2, 0, 208, 201, 255, 191, 78, 38]"
602.684569,Unknown Device,5,4,10,179,"[0, 0, 224, 239, 255, 63, 127, 39]"
602.687567,Unknown Device,2,5,31,736,"[0, 0, 8, 7, 0, 23, 64, 0]"
602.687713,Unknown Device,2,5,31,737,"[0, 0, 0, 0, 0, 64, 0, 0]"
602.68785,Unknown Device,5,4,13,179,"[3, 0, 128, 207, 255, 255, 123, 38]"
602.688034,Unknown,Unknown,Unknown,Unknown,992,"[222, 126, 99, 161, 232, 138, 0, 0]"
602.68909,Unknown Device,5,4,4,179,"[251, 255, 167, 220, 255, 191, 229, 38]"
602.689809,Unknown Device,2,5,30,736,"[0, 0, 9, 7, 0, 21, 64, 0]"
602.689954,Unknown Device,2,5,30,737,"[0, 0, 0, 0, 0, 64, 0, 0]"
602.690098,Unknown Device,5,4,12,179,"[4, 0, 8, 208, 255, 127, 128, 38]"
602.6903,Unknown,Unknown,Unknown,Unknown,992,"[137, 216, 37, 130, 41, 46, 0, 0]"
602.690552,Unknown Device,2,5,32,736,"[0, 0, 12, 7, 0, 23, 64, 0]"
602.692061,Unknown Device,5,4,11,179,"[2, 0, 208, 201, 255, 191, 78, 38]"
602.692269,Unknown,Unknown,Unknown,Unknown,992,"[7, 238, 11, 129, 14, 161, 0, 0]"
602.694557,Unknown Device,5,4,10,179,"[0, 0, 224, 239, 255, 63, 127, 39]"
602.694755,Unknown,Unknown,Unknown,Unknown,992,"[109, 50, 74, 30, 129, 252, 0, 0]"
602.697546,Unknown Device,5,4,13,179,"[3, 0, 128, 207, 255, 255, 123, 38]"
602.697694,Unknown Device,2,5,31,736,"[0, 0, 7, 7, 0, 23, 64, 0]"
602.699379,Unknown Device,2,5,30,736,"[0, 0, 9, 7, 0, 21, 64, 0]"
602.699509,Unknown Device,5,4,4,179,"[10, 0, 184, 220, 255, 191, 229, 38]"
602.700048,Unknown Device,5,4,12,179,"[4, 0, 8, 208, 255, 191, 128, 38]"
602.700541,Unknown Device,2,5,32,736,"[0, 0, 12, 7, 0, 23, 64, 0]"
602.700703,Unknown Device,2,5,32,737,"[0, 0, 0, 0, 0, 64, 0, 0]"
602.701942,Unknown Device,5,4,11,179,"[1, 0, 208, 201, 255, 191, 78, 38]"
602.704433,Unknown Device,5,4,10,179,"[0, 0, 224, 239, 255, 63, 127, 39]"
602.707549,Unknown Device,2,5,31,736,"[0, 0, 7, 7, 0, 23, 64, 0]"
602.707697,Unknown Device,2,5,31,737,"[0, 0, 0, 0, 0, 64, 0, 0]"
602.707841,Unknown Device,5,4,13,179,"[3, 0, 128, 207, 255, 255, 123, 38]"
602.709172,Unknown Device,5,4,4,179,"[4, 0, 176, 220, 255, 191, 229, 38]"
602.70936,Unknown Device,2,5,30,736,"[0, 0, 9, 7, 0, 21, 64, 0]"
602.709504,Unknown Device,2,5,30,737,"[0, 0, 0, 0, 0, 64, 0, 0]"
602.710227,Unknown Device,5,4,12,179,"[4, 0, 8, 208, 255, 127, 128, 38]"
602.710965,Unknown Device,2,5,32,736,"[0, 0, 12, 7, 0, 23, 64, 0]"
602.712088,Unknown Device,5,4,11,179,"[1, 0, 208, 201, 255, 191, 78, 38]"
602.714539,Unknown Device,5,4,10,179,"[0, 0, 224, 239, 255, 63, 127, 39]"
602.717549,Unknown Device,2,5,31,736,"[0, 0, 7, 7, 0, 23, 64, 0]"
602.717747,Unknown Device,5,4,13,179,"[3, 0, 128, 207, 255, 255, 123, 38]"
602.719359,Unknown Device,2,5,30,736,"[0, 0, 9, 7, 0, 21, 64, 0]"
602.719502,Unknown Device,5,4,4,179,"[0, 0, 168, 220, 255, 191, 229, 38]"
602.720151,Unknown Device,5,4,12,179,"[4, 0, 8, 208, 255, 191, 128, 38]"
602.720534,Unknown Device,2,5,32,736,"[0, 0, 12, 7, 0, 23, 64, 0]"
602.720681,Unknown Device,2,5,32,737,"[0, 0, 0, 0, 0, 64, 0, 0]"
602.72197,Unknown Device,5,4,11,179,"[1, 0, 208, 201, 255, 191, 78, 38]"
602.724407,Unknown Device,5,4,10,179,"[0, 0, 224, 239, 255, 63, 127, 39]"
602.727552,Unknown Device,2,5,31,736,"[0, 0, 7, 7, 0, 23, 64, 0]"
602.727685,Unknown Device,2,5,31,737,"[0, 0, 0, 0, 0, 64, 0, 0]"
602.727835,Unknown Device,5,4,13,179,"[3, 0, 128, 207, 255, 255, 123, 38]"
602.729356,Unknown Device,2,5,30,736,"[0, 0, 9, 7, 0, 21, 64, 0]"
602.729507,Unknown Device,2,5,30,737,"[0, 0, 0, 0, 0, 64, 0, 0]"
602.729649,Unknown Device,5,4,4,179,"[252, 255, 167, 220, 255, 255, 229, 38]"
602.730063,Unknown Device,5,4,12,179,"[4, 0, 8, 208, 255, 191, 128, 38]"
602.730524,Unknown Device,2,5,32,736,"[0, 0, 12, 7, 0, 23, 64, 0]"
602.732102,Unknown Device,5,4,11,179,"[1, 0, 208, 201, 255, 191, 78, 38]"
602.734601,Unknown Device,5,4,10,179,"[0, 0, 224, 239, 255, 63, 127, 39]"
602.737539,Unknown Device,2,5,31,736,"[0, 0, 7, 7, 0, 23, 64, 0]"
602.737687,Unknown Device,5,4,13,179,"[3, 0, 128, 207, 255, 255, 123, 38]"
602.739217,Unknown Device,5,4,4,179,"[5, 0, 184, 220, 255, 191, 229, 38]"
602.739362,Unknown Device,2,5,30,736,"[0, 0, 9, 7, 0, 21, 64, 0]"
602.740199,Unknown Device,5,4,12,179,"[239, 255, 15, 208, 255, 191, 128, 38]"
602.740528,Unknown Device,2,5,32,736,"[0, 0, 13, 7, 0, 23, 64, 0]"
602.740953,Unknown Device,2,5,32,737,"[0, 0, 0, 0, 0, 64, 0, 0]"
602.741948,Unknown Device,5,4,11,179,"[1, 0, 208, 201, 255, 191, 78, 38]"
602.743422,Unknown Device,2,4,22,114,"[131, 0, 192, 128, 0, 1, 26, 0]"
602.74358,Unknown Device,2,4,22,177,"[0, 0, 0, 96, 0, 0, 0, 0]"
602.743785,Unknown Device,2,4,22,183,"[0, 0, 0, 147, 0, 0, 0, 0]"
602.743928,Unknown Device,21,4,20,114,"[1, 0, 64, 128, 0, 1, 26, 33]"
602.744506,Unknown Device,2,4,22,177,"[0, 0, 0, 96, 0, 0, 0, 0]"
602.74465,Unknown Device,5,4,10,179,"[0, 0, 224, 239, 255, 63, 127, 39]"
602.747532,Unknown Device,2,5,31,736,"[0, 0, 7, 7, 0, 23, 64, 0]"
602.747674,Unknown Device,2,5,31,737,"[0, 0, 0, 0, 0, 64, 0, 0]"
602.747818,Unknown Device,5,4,13,179,"[3, 0, 128, 207, 255, 255, 123, 38]"
602.749346,Unknown Device,2,5,30,736,"[0, 0, 8, 7, 0, 21, 64, 0]"
602.74949,Unknown Device,5,4,4,179,"[4, 0, 176, 220, 255, 63, 229, 38]"
602.749681,Unknown Device,2,5,30,737,"[0, 0, 0, 0, 0, 64, 0, 0]"
602.750304,Unknown Device,5,4,12,179,"[3, 0, 8, 208, 255, 127, 128, 38]"
602.750519,Unknown Device,2,5,32,736,"[0, 0, 12, 7, 0, 23, 64, 0]"
602.752021,Unknown Device,5,4,11,179,"[1, 0, 208, 201, 255, 191, 78, 38]"
602.752817,Unknown Device,21,4,20,180,"[149, 241, 0, 176, 250, 190, 136, 0]"
602.75449,Unknown Device,5,4,10,179,"[0, 0, 224, 239, 255, 63, 127, 39]"
602.754634,Unknown Device,2,4,22,177,"[0, 0, 0, 100, 0, 32, 255, 255]"
602.75481,Unknown Device,2,4,22,183,"[0, 0, 0, 147, 0, 0, 0, 0]"
602.75753,Unknown Device,2,5,31,736,"[0, 0, 7, 7, 0, 23, 64, 0]"
602.757664,Unknown Device,5,4,13,179,"[3, 0, 128, 207, 255, 255, 123, 38]"
602.759335,Unknown Device,2,5,30,736,"[0, 0, 8, 7, 0, 21, 64, 0]"
602.759536,Unknown Device,5,4,4,179,"[8, 0, 184, 220, 255, 127, 229, 38]"
602.760074,Unknown Device,5,4,12,179,"[3, 0, 8, 208, 255, 191, 128, 38]"
602.760539,Unknown Device,2,5,32,736,"[0, 0, 12, 7, 0, 23, 64, 0]"
602.760688,Unknown Device,2,5,32,737,"[0, 0, 0, 0, 0, 64, 0, 0]"
602.761912,Unknown Device,5,4,11,179,"[1, 0, 208, 201, 255, 191, 78, 38]"
602.762806,Unknown Device,21,4,20,180,"[0, 0, 0, 112, 0, 7, 128, 0]"
602.762958,Unknown Device,21,4,20,195,"[241, 159, 5, 128, 1, 0, 0, 4]"
602.764462,Unknown Device,5,4,10,179,"[0, 0, 224, 239, 255, 63, 127, 39]"
602.764605,Unknown Device,2,4,22,177,"[0, 0, 0, 100, 0, 32, 201, 255]"
602.765676,Unknown Device,2,4,7,114,"[131, 0, 192, 128, 0, 1, 26, 0]"
602.76586,Unknown Device,2,4,7,177,"[0, 0, 0, 224, 0, 0, 0, 0]"
602.766101,Unknown Device,2,4,7,183,"[0, 0, 128, 28, 255, 255, 0, 0]"
602.76645,Unknown Device,2,4,8,114,"[131, 0, 192, 128, 0, 1, 26, 0]"
602.76662,Unknown Device,2,4,8,177,"[0, 0, 0, 96, 0, 0, 0, 0]"
602.766767,Unknown Device,2,4,4,114,"[131, 0, 192, 128, 0, 1, 26, 0]"
602.766909,Unknown Device,2,4,7,177,"[0, 0, 0, 224, 0, 0, 0, 0]"
602.767052,Unknown Device,2,4,2,114,"[131, 0, 192, 128, 0, 1, 26, 0]"
602.767194,Unknown Device,2,4,6,114,"[131, 0, 192, 128, 0, 1, 26, 0]"
602.767337,Unknown Device,2,4,1,114,"[131, 0, 192, 128, 0, 1, 26, 0]"
602.767474,Unknown Device,2,4,2,177,"[0, 0, 0, 96, 0, 0, 0, 0]"
602.76763,Unknown Device,2,4,1,177,"[0, 0, 0, 96, 0, 0, 0, 0]"
602.767763,Unknown Device,2,4,4,177,"[0, 0, 0, 96, 0, 0, 0, 0]"
602.767919,Unknown Device,2,4,6,177,"[0, 0, 0, 96, 0, 0, 0, 0]"
602.768062,Unknown Device,2,4,1,183,"[0, 0, 128, 189, 255, 255, 0, 0]"
602.768213,Unknown Device,2,4,3,114,"[131, 0, 192, 128, 0, 1, 26, 0]"
602.768342,Unknown Device,2,4,5,114,"[131, 0, 192, 128, 0, 1, 26, 0]"
602.768485,Unknown Device,2,4,26,114,"[131, 0, 192, 128, 0, 1, 26, 0]"
602.768628,Unknown Device,2,4,1,177,"[0, 0, 0, 96, 0, 0, 0, 0]"
602.768775,Unknown Device,2,4,3,177,"[0, 0, 0, 224, 0, 0, 0, 0]"
602.768918,Unknown Device,2,4,5,177,"[0, 0, 0, 96, 0, 0, 0, 0]"
602.76906,Unknown Device,2,4,26,177,"[0, 0, 0, 224, 0, 0, 0, 0]"
602.769197,Unknown Device,2,4,2,183,"[12, 0, 32, 64, 255, 255, 0, 0]"
602.769341,Unknown Device,2,4,3,183,"[0, 0, 128, 6, 0, 0, 0, 0]"
602.769498,Unknown Device,2,4,2,177,"[0, 0, 0, 96, 0, 0, 0, 0]"
602.76964,Unknown Device,2,4,3,177,"[0, 0, 0, 224, 0, 0, 0, 0]"
602.769773,Unknown Device,2,4,4,183,"[4, 0, 64, 39, 255, 255, 0, 0]"
602.769915,Unknown Device,2,4,5,183,"[0, 0, 128, 84, 0, 0, 0, 0]"
602.770066,Unknown Device,2,4,4,177,"[0, 0, 0, 96, 0, 0, 0, 0]"
602.770208,Unknown Device,2,4,6,183,"[0, 0, 128, 191, 255, 255, 0, 0]"
602.770351,Unknown Device,2,4,5,177,"[0, 0, 0, 96, 0, 0, 0, 0]"
602.770494,Unknown Device,2,4,8,183,"[12, 0, 0, 62, 255, 255, 0, 0]"
602.770636,Unknown Device,2,4,26,183,"[0, 0, 192, 162, 0, 0, 0, 0]"
602.770783,Unknown Device,2,4,8,177,"[0, 0, 0, 96, 0, 0, 0, 0]"
602.770933,Unknown Device,2,4,6,177,"[0, 0, 0, 96, 0, 0, 0, 0]"
602.771076,Unknown Device,2,5,30,736,"[0, 0, 7, 7, 0, 21, 64, 0]"
602.771218,Unknown Device,2,4,26,177,"[0, 0, 0, 224, 0, 0, 0, 0]"
602.771361,Unknown Device,2,5,31,736,"[0, 0, 6, 7, 0, 23, 64, 0]"
602.771504,Unknown Device,2,5,32,736,"[0, 0, 12, 7, 0, 23, 64, 0]"
602.771646,Unknown Device,2,5,30,737,"[0, 0, 0, 0, 0, 64, 0, 0]"
602.771801,Unknown Device,2,5,31,737,"[0, 0, 0, 0, 0, 64, 0, 0]"
602.771929,Unknown Device,5,4,4,179,"[0, 0, 168, 220, 255, 63, 229, 38]"
602.772072,Unknown Device,5,4,12,179,"[3, 0, 8, 208, 255, 191, 128, 38]"
602.772214,Unknown Device,5,4,13,179,"[3, 0, 128, 207, 255, 255, 123, 38]"
602.772358,Unknown Device,5,4,11,179,"[1, 0, 208, 201, 255, 191, 78, 38]"
602.772809,Unknown Device,21,4,20,180,"[0, 0, 0, 112, 0, 8, 128, 0]"
602.774282,Unknown Device,5,4,10,179,"[0, 0, 224, 239, 255, 63, 127, 39]"
602.774537,Unknown Device,2,4,22,177,"[0, 0, 0, 100, 0, 32, 223, 255]"
602.774782,Unknown Device,2,4,22,183,"[0, 0, 0, 147, 0, 0, 0, 0]"
602.776831,Unknown Device,2,4,7,177,"[0, 0, 0, 228, 0, 32, 1, 0]"
602.776988,Unknown Device,2,4,7,183,"[0, 0, 128, 28, 255, 255, 0, 0]"
602.777511,Unknown Device,2,5,31,736,"[0, 0, 7, 7, 0, 23, 64, 0]"
602.777665,Unknown Device,2,4,8,177,"[0, 0, 0, 100, 0, 32, 255, 255]"
602.777808,Unknown Device,2,4,4,177,"[0, 0, 0, 100, 0, 32, 0, 0]"
602.77795,Unknown Device,2,4,6,177,"[0, 0, 0, 100, 0, 32, 1, 0]"
602.778093,Unknown Device,2,4,4,183,"[4, 0, 64, 39, 255, 255, 0, 0]"
602.778235,Unknown Device,2,4,2,177,"[0, 0, 0, 100, 0, 32, 254, 255]"
602.778379,Unknown Device,2,4,1,177,"[0, 0, 0, 100, 0, 32, 0, 0]"
602.778515,Unknown Device,2,4,2,183,"[12, 0, 32, 64, 255, 255, 0, 0]"
602.778662,Unknown Device,2,4,1,183,"[0, 0, 128, 189, 255, 255, 0, 0]"
602.778804,Unknown Device,2,4,6,183,"[0, 0, 128, 191, 255, 255, 0, 0]"
602.778947,Unknown Device,2,4,8,183,"[12, 0, 0, 62, 255, 255, 0, 0]"
602.779089,Unknown Device,5,4,13,179,"[3, 0, 128, 207, 255, 255, 123, 38]"
602.779232,Unknown Device,2,4,3,177,"[0, 0, 0, 228, 0, 32, 1, 0]"
602.779383,Unknown Device,2,4,5,177,"[0, 0, 0, 100, 0, 32, 2, 0]"
602.779527,Unknown Device,2,4,26,177,"[0, 0, 0, 228, 0, 32, 0, 0]"
602.779661,Unknown Device,2,4,3,183,"[0, 0, 128, 6, 0, 0, 0, 0]"
602.779805,Unknown Device,2,4,5,183,"[0, 0, 128, 84, 0, 0, 0, 0]"
602.779949,Unknown Device,2,5,30,736,"[0, 0, 8, 7, 0, 21, 64, 0]"
602.780093,Unknown Device,2,4,26,183,"[0, 0, 192, 162, 0, 0, 0, 0]"
602.780231,Unknown Device,5,4,4,179,"[8, 0, 176, 220, 255, 255, 229, 38]"
602.780376,Unknown Device,5,4,12,179,"[3, 0, 8, 208, 255, 127, 128, 38]"
602.780534,Unknown Device,2,5,32,736,"[0, 0, 12, 7, 0, 23, 64, 0]"
602.780682,Unknown Device,2,5,32,737,"[0, 0, 0, 0, 0, 64, 0, 0]"
602.781982,Unknown Device,5,4,11,179,"[1, 0, 208, 201, 255, 191, 78, 38]"
602.782805,Unknown Device,21,4,20,180,"[0, 0, 0, 96, 0, 6, 128, 0]"
602.782949,Unknown Device,21,4,20,195,"[241, 95, 5, 80, 1, 0, 0, 4]"
602.784422,Unknown Device,5,4,10,179,"[0, 0, 224, 239, 255, 63, 127, 39]"
602.784565,Unknown Device,2,4,22,177,"[0, 0, 0, 100, 0, 32, 247, 255]"
602.78681,Unknown Device,2,4,7,177,"[0, 0, 0, 228, 0, 32, 63, 0]"
602.787502,Unknown Device,2,5,31,736,"[0, 0, 7, 7, 0, 23, 64, 0]"
602.78765,Unknown Device,2,4,8,177,"[0, 0, 0, 100, 0, 32, 175, 255]"
602.78778,Unknown Device,2,4,4,177,"[0, 0, 0, 100, 0, 32, 177, 255]"
602.787924,Unknown Device,2,4,6,177,"[0, 0, 0, 100, 0, 32, 178, 255]"
602.788069,Unknown Device,2,5,31,737,"[0, 0, 0, 0, 0, 64, 0, 0]"
602.788221,Unknown Device,2,4,2,177,"[0, 0, 0, 100, 0, 32, 192, 255]"
602.788365,Unknown Device,2,4,1,177,"[0, 0, 0, 100, 0, 32, 196, 255]"
602.788495,Unknown Device,5,4,13,179,"[3, 0, 128, 207, 255, 255, 123, 38]"
602.789091,Unknown Device,5,4,4,179,"[253, 255, 167, 220, 255, 63, 229, 38]"
602.78922,Unknown Device,2,4,3,177,"[0, 0, 0, 228, 0, 32, 68, 0]"
602.789365,Unknown Device,2,4,5,177,"[0, 0, 0, 100, 0, 32, 178, 255]"
602.789509,Unknown Device,2,4,26,177,"[0, 0, 0, 228, 0, 32, 106, 0]"
602.789657,Unknown Device,2,5,30,736,"[0, 0, 8, 7, 0, 21, 64, 0]"
602.789786,Unknown Device,2,5,30,737,"[0, 0, 0, 0, 0, 64, 0, 0]"
602.790165,Unknown Device,5,4,12,179,"[3, 0, 8, 208, 255, 127, 128, 38]"
602.79048,Unknown Device,2,5,32,736,"[0, 0, 12, 7, 0, 23, 64, 0]"
602.791927,Unknown Device,5,4,11,179,"[4, 0, 200, 201, 255, 191, 78, 38]"
602.792793,Unknown Device,21,4,20,180,"[1, 0, 0, 160, 0, 8, 128, 1]"
602.794391,Unknown Device,5,4,10,179,"[0, 0, 224, 239, 255, 63, 127, 39]"
602.794549,Unknown Device,2,4,22,177,"[0, 0, 0, 100, 0, 32, 255, 255]"
602.794697,Unknown Device,2,4,22,183,"[0, 0, 0, 147, 0, 0, 0, 0]"
602.796811,Unknown Device,2,4,7,177,"[0, 0, 0, 228, 0, 32, 37, 0]"
602.796963,Unknown Device,2,4,7,183,"[0, 0, 128, 28, 255, 255, 0, 0]"
602.797533,Unknown Device,2,4,8,177,"[0, 0, 0, 100, 0, 32, 213, 255]"
602.797667,Unknown Device,2,5,31,736,"[0, 0, 6, 7, 0, 23, 64, 0]"
602.797819,Unknown Device,2,4,4,177,"[0, 0, 0, 100, 0, 32, 221, 255]"
602.797963,Unknown Device,2,4,6,177,"[0, 0, 0, 100, 0, 32, 205, 255]"
602.798107,Unknown Device,2,4,4,183,"[16, 0, 32, 39, 255, 255, 0, 0]"
602.798236,Unknown Device,2,4,2,177,"[0, 0, 0, 100, 0, 32, 226, 255]"
602.798381,Unknown Device,2,4,6,183,"[0, 0, 128, 191, 255, 255, 0, 0]"
602.798525,Unknown Device,2,4,1,177,"[0, 0, 0, 100, 0, 32, 224, 255]"
602.798695,Unknown Device,2,4,2,183,"[12, 0, 32, 64, 255, 255, 0, 0]"
602.79881,Unknown Device,2,4,1,183,"[0, 0, 128, 189, 255, 255, 0, 0]"
602.798968,Unknown Device,2,4,8,183,"[12, 0, 0, 62, 255, 255, 0, 0]"
602.799098,Unknown Device,5,4,4,179,"[2, 0, 176, 220, 255, 63, 230, 38]"
602.799242,Unknown Device,2,4,26,177,"[0, 0, 0, 228, 0, 32, 63, 0]"
602.799387,Unknown Device,2,4,3,177,"[0, 0, 0, 228, 0, 32, 40, 0]"
602.799539,Unknown Device,2,4,5,177,"[0, 0, 0, 100, 0, 32, 213, 255]"
602.799673,Unknown Device,2,4,3,183,"[0, 0, 128, 6, 0, 0, 0, 0]"
602.799817,Unknown Device,2,4,26,183,"[0, 0, 192, 162, 0, 0, 0, 0]"
602.79996,Unknown Device,2,5,30,736,"[0, 0, 8, 7, 0, 21, 64, 0]"
602.80009,Unknown Device,5,4,12,179,"[3, 0, 8, 208, 255, 63, 128, 38]"
602.800234,Unknown Device,2,4,5,183,"[0, 0, 64, 84, 0, 0, 0, 0]"
602.800379,Unknown Device,5,4,13,179,"[3, 0, 128, 207, 255, 255, 123, 38]"
602.80063,Unknown Device,2,5,32,736,"[0, 0, 12, 7, 0, 23, 64, 0]"
602.800778,Unknown Device,2,5,32,737,"[0, 0, 0, 0, 0, 64, 0, 0]"
602.801842,Unknown Device,5,4,11,179,"[1, 0, 200, 201, 255, 191, 78, 38]"
602.802765,Unknown Device,21,4,20,180,"[1, 0, 0, 176, 0, 8, 128, 1]"
602.802917,Unknown Device,21,4,20,195,"[241, 31, 7, 80, 2, 0, 0, 5]"
602.804437,Unknown Device,5,4,10,179,"[0, 0, 224, 239, 255, 63, 127, 39]"
602.804581,Unknown Device,2,4,22,177,"[0, 0, 0, 100, 0, 32, 254, 255]"
602.805319,Unknown,Unknown,Unknown,Unknown,992,"[244, 192, 96, 78, 223, 205, 0, 0]"
602.806765,Unknown Device,2,4,7,177,"[0, 0, 0, 228, 0, 32, 11, 0]"
602.807528,Unknown Device,2,5,31,736,"[0, 0, 6, 7, 0, 23, 64, 0]"
602.807662,Unknown Device,2,4,8,177,"[0, 0, 0, 100, 0, 32, 230, 255]"
602.807805,Unknown Device,2,4,4,177,"[0, 0, 0, 100, 0, 32, 238, 255]"
602.807949,Unknown Device,2,4,6,177,"[0, 0, 0, 100, 0, 32, 236, 255]"
602.808101,Unknown Device,2,5,31,737,"[0, 0, 0, 0, 0, 64, 0, 0]"
602.808231,Unknown Device,2,4,2,177,"[0, 0, 0, 100, 0, 32, 239, 255]"
602.808375,Unknown Device,2,4,1,177,"[0, 0, 0, 100, 0, 32, 247, 255]"
602.808519,Unknown Device,5,4,13,179,"[3, 0, 128, 207, 255, 255, 123, 38]"
602.809058,Unknown Device,5,4,4,179,"[2, 0, 168, 220, 255, 127, 229, 38]"
602.809202,Unknown Device,2,4,3,177,"[0, 0, 0, 228, 0, 32, 22, 0]"
602.809332,Unknown Device,2,4,5,177,"[0, 0, 0, 100, 0, 32, 242, 255]"
602.809474,Unknown Device,2,4,26,177,"[0, 0, 0, 228, 0, 32, 27, 0]"
602.809617,Unknown Device,2,5,30,736,"[0, 0, 9, 7, 0, 21, 64, 0]"
602.809771,Unknown Device,2,5,30,737,"[0, 0, 0, 0, 0, 64, 0, 0]"
602.810153,Unknown Device,5,4,12,179,"[3, 0, 0, 208, 255, 191, 128, 38]"
602.810507,Unknown Device,2,5,32,736,"[0, 0, 12, 7, 0, 23, 64, 0]"
602.812081,Unknown Device,5,4,11,179,"[1, 0, 208, 201, 255, 191, 78, 38]"
602.812289,Unknown,Unknown,Unknown,Unknown,992,"[179, 245, 121, 30, 200, 115, 0, 0]"
602.812773,Unknown Device,21,4,20,180,"[1, 0, 0, 192, 0, 9, 128, 1]"
602.814413,Unknown Device,5,4,10,179,"[0, 0, 224, 239, 255, 63, 127, 39]"
602.814556,Unknown Device,2,4,22,177,"[0, 0, 0, 100, 0, 32, 255, 255]"
602.814795,Unknown Device,2,4,22,183,"[0, 0, 0, 147, 0, 0, 0, 0]"
602.816819,Unknown Device,2,4,7,177,"[0, 0, 0, 228, 0, 32, 255, 255]"
602.816962,Unknown Device,2,4,7,183,"[0, 0, 128, 28, 255, 255, 0, 0]"
602.817507,Unknown Device,2,5,31,736,"[0, 0, 6, 7, 0, 23, 64, 0]"
602.817654,Unknown Device,2,4,8,177,"[0, 0, 0, 100, 0, 32, 241, 255]"
602.817796,Unknown Device,2,4,4,177,"[0, 0, 0, 100, 0, 32, 241, 255]"
602.818141,Unknown Device,2,4,6,177,"[0, 0, 0, 100, 0, 32, 254, 255]"
602.818996,Unknown Device,2,4,2,177,"[0, 0, 0, 100, 0, 32, 255, 255]"
602.819858,Unknown Device,2,4,4,183,"[4, 0, 64, 39, 255, 255, 0, 0]"
602.820713,Unknown Device,2,4,8,183,"[12, 0, 0, 62, 255, 255, 0, 0]"
602.821585,Unknown Device,2,4,5,183,"[0, 0, 64, 84, 0, 0, 0, 0]"
602.822426,Unknown Device,2,5,32,737,"[0, 0, 0, 0, 0, 64, 0, 0]"
602.82321,Unknown Device,5,4,11,179,"[1, 0, 208, 201, 255, 191, 78, 38]"
602.824065,Unknown Device,21,4,20,180,"[0, 0, 0, 112, 0, 7, 128, 1]"
602.824906,Unknown Device,21,4,20,195,"[241, 159, 5, 144, 1, 0, 0, 5]"
602.825769,Unknown Device,5,4,10,179,"[0, 0, 224, 239, 255, 63, 127, 39]"
602.826681,Unknown Device,2,4,22,177,"[0, 0, 0, 100, 0, 32, 2, 0]"
602.827557,Unknown Device,2,4,7,177,"[0, 0, 0, 228, 0, 32, 11, 0]"
602.828455,Unknown Device,2,4,8,177,"[0, 0, 0, 100, 0, 32, 249, 255]"
602.829325,Unknown Device,2,5,31,736,"[0, 0, 6, 7, 0, 23, 64, 0]"
602.830186,Unknown Device,5,4,13,179,"[2, 0, 128, 207, 255, 255, 123, 38]"
602.831042,Unknown Device,2,4,5,177,"[0, 0, 0, 100, 0, 32, 247, 255]"
602.831904,Unknown Device,5,4,12,179,"[3, 0, 8, 208, 255, 127, 128, 38]"
602.833677,Unknown Device,2,5,32,736,"[0, 0, 12, 7, 0, 23, 64, 0]"
602.83921,Unknown Device,5,4,11,179,"[1, 0, 208, 201, 255, 191, 78, 38]"
602.840108,Unknown Device,21,4,20,180,"[0, 0, 0, 128, 0, 8, 128, 1]"
602.840978,Unknown Device,5,4,13,179,"[2, 0, 128, 207, 255, 255, 123, 38]"
602.841905,Unknown Device,5,4,4,179,"[7, 0, 176, 220, 255, 63, 229, 38]"
602.842768,Unknown Device,2,5,32,737,"[0, 0, 0, 0, 0, 64, 0, 0]"
602.843673,Unknown Device,5,4,11,179,"[1, 0, 208, 201, 255, 191, 78, 38]"
602.844546,Unknown Device,21,4,20,180,"[0, 0, 0, 112, 0, 7, 128, 1]"
602.845401,Unknown Device,21,4,20,200,"[164, 255, 100, 0, 176, 63, 0, 4]"
602.84627,Unknown Device,5,4,10,179,"[0, 0, 224, 239, 255, 63, 127, 39]"
602.847111,Unknown Device,2,4,22,177,"[0, 0, 0, 100, 0, 32, 7, 0]"
602.848024,Unknown Device,2,4,7,177,"[0, 0, 0, 228, 0, 32, 250, 255]"
602.849009,Unknown Device,2,5,31,736,"[0, 0, 7, 7, 0, 23, 64, 0]"
602.84985,Unknown Device,2,4,6,177,"[0, 0, 0, 100, 0, 32, 253, 255]"
602.850691,Unknown Device,5,4,13,179,"[2, 0, 128, 207, 255, 255, 123, 38]"
602.851564,Unknown Device,5,4,4,179,"[14, 0, 184, 220, 255, 127, 229, 38]"
602.852361,Unknown Device,2,5,32,736,"[0, 0, 12, 7, 0, 23, 64, 0]"
602.853151,Unknown Device,5,4,11,179,"[1, 0, 208, 201, 255, 191, 78, 38]"
602.854042,Unknown Device,21,4,20,180,"[0, 0, 0, 128, 0, 6, 128, 1]"
602.854948,Unknown Device,5,4,10,179,"[0, 0, 224, 239, 255, 63, 127, 39]"
602.855768,Unknown Device,2,4,22,177,"[0, 0, 0, 100, 0, 32, 3, 0]"
602.856701,Unknown Device,2,4,22,183,"[0, 0, 0, 147, 0, 0, 0, 0]"
602.857574,Unknown Device,2,4,7,177,"[0, 0, 0, 228, 0, 32, 247, 255]"
602.858422,Unknown Device,2,4,7,183,"[0, 0, 128, 28, 255, 255, 0, 0]"
602.859291,Unknown Device,2,5,31,736,"[0, 0, 6, 7, 0, 23, 64, 0]"
602.860082,Unknown Device,2,4,1,177,"[0, 0, 0, 100, 0, 32, 9, 0]"
602.860923,Unknown Device,2,4,26,177,"[0, 0, 0, 228, 0, 32, 253, 255]"
602.861771,Unknown Device,2,5,30,736,"[0, 0, 8, 7, 0, 21, 64, 0]"
602.862661,Unknown Device,2,5,32,737,"[0, 0, 0, 0, 0, 64, 0, 0]"
602.863548,Unknown Device,5,4,11,179,"[1, 0, 208, 201, 255, 191, 78, 38]"
602.864445,Unknown Device,21,4,20,180,"[0, 0, 0, 128, 0, 8, 128, 1]"
602.865314,Unknown Device,21,4,20,195,"[241, 95, 6, 192, 1, 0, 0, 5]"
602.866162,Unknown Device,5,4,10,179,"[0, 0, 224, 239, 255, 63, 127, 39]"
602.867031,Unknown Device,2,4,22,177,"[0, 0, 0, 100, 0, 32, 5, 0]"
602.867829,Unknown Device,2,4,7,177,"[0, 0, 0, 228, 0, 32, 248, 255]"
602.86872,Unknown,Unknown,Unknown,Unknown,992,"[97, 13, 63, 57, 17, 212, 0, 0]"
602.869557,Unknown Device,2,4,4,177,"[0, 0, 0, 100, 0, 32, 255, 255]"
602.87042,Unknown Device,5,4,4,209,"[0, 0, 0, 0, 0, 0, 0, 0]"
602.871267,Unknown Device,2,4,5,177,"[0, 0, 0, 100, 0, 32, 2, 0]"
602.872237,Unknown Device,5,4,12,179,"[3, 0, 8, 208, 255, 191, 128, 38]"
602.873057,Unknown Device,5,4,4,179,"[2, 0, 168, 220, 255, 63, 229, 38]"
602.874142,Unknown Device,5,4,11,179,"[19, 0, 216, 201, 255, 191, 78, 38]"
602.874983,Unknown Device,21,4,20,180,"[0, 0, 0, 128, 0, 8, 128, 1]"
602.875853,Unknown Device,5,4,10,179,"[0, 0, 224, 239, 255, 63, 127, 39]"
602.876694,Unknown Device,2,4,22,183,"[0, 0, 0, 147, 0, 0, 0, 0]"
602.877567,Unknown Device,2,4,7,177,"[0, 0, 0, 228, 0, 32, 247, 255]"
602.878444,Unknown Device,2,4,7,183,"[0, 0, 128, 28, 255, 255, 0, 0]"
602.879292,Unknown Device,2,5,31,736,"[0, 0, 6, 7, 0, 23, 64, 0]"
602.880132,Unknown Device,2,4,1,177,"[0, 0, 0, 100, 0, 32, 11, 0]"
602.881138,Unknown Device,5,4,13,179,"[2, 0, 128, 207, 255, 255, 123, 38]"
602.881972,Unknown Device,2,4,26,183,"[0, 0, 192, 162, 0, 0, 0, 0]"
602.882848,Unknown Device,2,5,32,737,"[0, 0, 0, 0, 0, 64, 0, 0]"
602.883682,Unknown Device,5,4,11,179,"[50, 0, 216, 201, 255, 191, 78, 38]"
602.884577,Unknown Device,21,4,20,180,"[1, 0, 0, 160, 0, 9, 128, 1]"
602.885468,Unknown Device,21,4,20,195,"[241, 95, 7, 16, 2, 0, 0, 5]"
602.886417,Unknown Device,2,4,22,177,"[0, 0, 0, 100, 0, 32, 6, 0]"
602.887263,Unknown Device,2,4,7,177,"[0, 0, 0, 228, 0, 32, 5, 0]"
602.888143,Unknown Device,2,4,8,177,"[0, 0, 0, 100, 0, 32, 248, 255]"
602.889063,Unknown Device,2,5,31,736,"[0, 0, 7, 7, 0, 23, 64, 0]"
602.889912,Unknown Device,2,5,31,737,"[0, 0, 0, 0, 0, 64, 0, 0]"
602.890774,Unknown Device,5,4,13,431,"[0, 0, 0, 1, 1, 26, 19, 0]"
602.891651,Unknown Device,5,4,4,179,"[2, 0, 168, 220, 255, 191, 229, 38]"
602.892574,Unknown Device,2,5,32,736,"[0, 0, 11, 7, 0, 23, 64, 0]"
602.893365,Unknown Device,5,4,12,285,"[0, 0, 0, 0, 24, 0, 0, 0]"
602.894306,Unknown Device,5,4,11,194,"[175, 192, 96, 128, 24, 0, 0, 0]"
602.895154,Unknown Device,5,4,11,285,"[0, 0, 0, 0, 24, 0, 0, 0]"
602.896052,Unknown Device,5,4,10,179,"[0, 0, 224, 239, 255, 63, 127, 39]"
602.896943,Unknown Device,5,4,10,431,"[0, 0, 0, 1, 1, 26, 19, 0]"
602.897799,Unknown Device,5,4,10,285,"[0, 0, 0, 0, 24, 0, 0, 0]"
602.898647,Unknown Device,2,4,7,183,"[0, 0, 128, 28, 255, 255, 0, 0]"
602.899516,Unknown Device,2,4,4,177,"[0, 0, 0, 100, 0, 32, 17, 0]"
602.900357,Unknown Device,2,4,6,183,"[0, 0, 128, 191, 255, 255, 0, 0]"
602.901225,Unknown Device,2,4,26,177,"[0, 0, 0, 228, 0, 32, 246, 255]"
602.902038,Unknown Device,5,4,12,179,"[6, 0, 0, 208, 255, 127, 128, 38]"
602.902921,Unknown Device,2,5,32,737,"[0, 0, 0, 0, 0, 64, 0, 0]"
602.903812,Unknown Device,5,4,11,179,"[3, 0, 208, 201, 255, 191, 78, 38]"
602.904766,Unknown Device,21,4,20,195,"[241, 31, 7, 160, 1, 0, 0, 5]"
602.905649,Unknown Device,5,4,10,179,"[0, 0, 224, 239, 255, 63, 127, 39]"
602.906479,Unknown Device,2,4,22,177,"[0, 0, 0, 100, 0, 32, 7, 0]"
602.907268,Unknown Device,2,4,7,177,"[0, 0, 0, 228, 0, 32, 7, 0]"
602.908121,Unknown Device,2,5,31,736,"[0, 0, 6, 7, 0, 23, 64, 0]"
602.90899,Unknown Device,2,4,8,177,"[0, 0, 0, 100, 0, 32, 5, 0]"
602.909803,Unknown Device,2,5,31,737,"[0, 0, 0, 0, 0, 64, 0, 0]"
602.910644,Unknown Device,5,4,13,179,"[2, 0, 128, 207, 255, 255, 123, 38]"
602.911473,Unknown Device,2,5,30,737,"[0, 0, 0, 0, 0, 64, 0, 0]"
602.912343,Unknown Device,2,5,32,736,"[0, 0, 11, 7, 0, 23, 64, 0]"
602.913183,Unknown Device,5,4,11,179,"[3, 0, 208, 201, 255, 191, 78, 38]"
602.914059,Unknown Device,21,4,20,180,"[0, 0, 0, 96, 0, 8, 128, 1]"
602.914898,Unknown Device,5,4,10,179,"[0, 0, 224, 239, 255, 63, 127, 39]"
602.915768,Unknown Device,2,4,22,177,"[0, 0, 0, 100, 0, 32, 4, 0]"
602.916645,Unknown Device,2,4,22,183,"[0, 0, 0, 147, 0, 0, 0, 0]"
602.917505,Unknown Device,2,4,7,177,"[0, 0, 0, 228, 0, 32, 254, 255]"
602.918382,Unknown Device,2,4,7,183,"[0, 0, 128, 28, 255, 255, 0, 0]"
602.919208,Unknown Device,2,5,31,736,"[0, 0, 6, 7, 0, 23, 64, 0]"
602.92007,Unknown Device,2,4,1,177,"[0, 0, 0, 100, 0, 32, 1, 0]"
602.920911,Unknown Device,5,4,13,179,"[2, 0, 128, 207, 255, 255, 123, 38]"
602.921724,Unknown Device,2,5,30,736,"[0, 0, 7, 7, 0, 21, 64, 0]"
602.922644,Unknown Device,2,5,32,737,"[0, 0, 0, 0, 0, 64, 0, 0]"
602.923517,Unknown Device,5,4,11,179,"[3, 0, 208, 201, 255, 191, 78, 38]"
602.924451,Unknown Device,21,4,20,180,"[0, 0, 0, 112, 0, 7, 128, 1]"
602.925313,Unknown Device,21,4,20,195,"[241, 95, 6, 128, 1, 0, 0, 5]"
602.92619,Unknown Device,2,4,22,177,"[0, 0, 0, 100, 0, 32, 0, 0]"
602.927093,Unknown Device,2,4,7,177,"[0, 0, 0, 228, 0, 32, 6, 0]"
602.927826,Unknown Device,2,4,8,177,"[0, 0, 0, 100, 0, 32, 6, 0]"
602.928703,Unknown Device,2,5,31,736,"[0, 0, 6, 7, 0, 23, 64, 0]"
602.929504,Unknown Device,2,4,4,177,"[0, 0, 0, 100, 0, 32, 6, 0]"
602.930366,Unknown Device,5,4,13,179,"[2, 0, 128, 207, 255, 255, 123, 38]"
602.931214,Unknown Device,2,4,26,177,"[0, 0, 0, 228, 0, 32, 248, 255]"
602.93204,Unknown Device,5,4,12,179,"[2, 0, 8, 208, 255, 127, 128, 38]"
602.93291,Unknown Device,2,5,32,736,"[0, 0, 10, 7, 0, 23, 64, 0]"
602.933751,Unknown Device,5,4,11,179,"[3, 0, 208, 201, 255, 191, 78, 38]"
602.934635,Unknown Device,21,4,20,180,"[0, 0, 0, 144, 0, 8, 128, 1]"
602.935515,Unknown Device,5,4,10,179,"[0, 0, 224, 239, 255, 63, 127, 39]"
602.936428,Unknown Device,2,4,22,177,"[0, 0, 0, 100, 0, 32, 1, 0]"
602.93721,Unknown Device,2,4,22,183,"[0, 0, 0, 147, 0, 0, 0, 0]"
602.938073,Unknown Device,2,4,7,177,"[0, 0, 0, 228, 0, 32, 4, 0]"
602.938957,Unknown Device,2,4,7,183,"[0, 0, 128, 28, 255, 255, 0, 0]"
602.939848,Unknown Device,2,4,6,177,"[0, 0, 0, 100, 0, 32, 255, 255]"
602.94071,Unknown Device,2,4,8,183,"[8, 0, 0, 62, 255, 255, 0, 0]"
602.941631,Unknown Device,2,4,26,183,"[0, 0, 192, 162, 0, 0, 0, 0]"
602.94251,Unknown Device,2,5,32,737,"[0, 0, 0, 0, 0, 64, 0, 0]"
602.94333,Unknown Device,5,4,11,179,"[3, 0, 208, 201, 255, 191, 78, 38]"
602.94417,Unknown Device,21,4,20,180,"[0, 0, 0, 144, 0, 7, 128, 1]"
602.944956,Unknown Device,21,4,20,200,"[136, 255, 92, 0, 152, 63, 0, 4]"
602.945818,Unknown Device,5,4,10,179,"[0, 0, 224, 239, 255, 63, 127, 39]"
602.946659,Unknown Device,2,4,22,193,"[212, 74, 40, 37, 0, 0, 0, 0]"
602.94751,Unknown Device,2,4,22,184,"[0, 0, 0, 0, 0, 0, 0, 128]"
602.948422,Unknown Device,2,4,22,187,"[0, 0, 0, 0, 0, 0, 0, 0]"
602.949277,Unknown Device,2,5,31,737,"[0, 0, 0, 0, 0, 64, 0, 0]"
602.950131,Unknown Device,2,4,1,177,"[0, 0, 0, 100, 0, 32, 0, 0]"
602.950958,Unknown Device,2,4,5,177,"[0, 0, 0, 100, 0, 32, 3, 0]"
602.951799,Unknown Device,5,4,12,179,"[2, 0, 8, 208, 255, 191, 128, 38]"
602.952725,Unknown Device,2,5,32,736,"[0, 0, 10, 7, 0, 23, 64, 0]"
602.953629,Unknown Device,5,4,11,179,"[3, 0, 208, 201, 255, 191, 78, 38]"
602.954445,Unknown Device,21,4,20,180,"[0, 0, 0, 128, 0, 9, 128, 1]"
602.9553,Unknown Device,5,4,10,179,"[0, 0, 224, 239, 255, 63, 127, 39]"
602.956119,Unknown Device,2,4,22,177,"[0, 0, 0, 100, 0, 32, 2, 0]"
602.956967,Unknown Device,2,4,22,183,"[0, 0, 0, 147, 0, 0, 0, 0]"
602.957744,Unknown Device,2,4,7,177,"[0, 0, 0, 228, 0, 32, 245, 255]"
602.958649,Unknown Device,2,4,7,183,"[0, 0, 128, 28, 255, 255, 0, 0]"
602.959549,Unknown Device,2,4,4,177,"[0, 0, 0, 100, 0, 32, 245, 255]"
602.960391,Unknown Device,2,4,1,183,"[0, 0, 128, 189, 255, 255, 0, 0]"
602.961224,Unknown Device,2,4,26,177,"[0, 0, 0, 228, 0, 32, 248, 255]"
602.962064,Unknown Device,5,4,12,179,"[2, 0, 8, 208, 255, 127, 128, 38]"
602.962862,Unknown Device,2,5,32,737,"[0, 0, 0, 0, 0, 64, 0, 0]"
602.963768,Unknown Device,5,4,11,179,"[3, 0, 208, 201, 255, 191, 78, 38]"
602.964623,Unknown Device,21,4,20,195,"[241, 223, 6, 32, 2, 0, 0, 5]"
602.96551,Unknown Device,5,4,10,179,"[0, 0, 224, 239, 255, 63, 127, 39]"
602.966387,Unknown Device,2,4,22,177,"[0, 0, 0, 100, 0, 32, 4, 0]"
602.967248,Unknown Device,2,4,7,431,"[0, 0, 0, 0, 1, 26, 19, 0]"
602.968104,Unknown Device,2,4,7,285,"[0, 0, 0, 0, 0, 3, 128, 0]"
602.968973,Unknown Device,2,4,7,193,"[0, 243, 199, 46, 0, 0, 0, 0]"
602.969821,Unknown Device,2,4,4,285,"[128, 0, 0, 0, 128, 11, 192, 0]"
602.970619,Unknown Device,2,4,4,177,"[0, 0, 0, 100, 0, 32, 7, 0]"
602.971514,Unknown Device,2,4,7,186,"[8, 0, 0, 0, 0, 0, 0, 0]"
602.972376,Unknown Device,2,4,2,182,"[0, 0, 128, 116, 0, 0, 0, 0]"
602.973231,Unknown Device,2,4,2,185,"[0, 0, 0, 0, 0, 0, 0, 128]"
602.974129,Unknown Device,2,4,1,182,"[0, 0, 128, 189, 255, 255, 0, 0]"
602.974948,Unknown Device,2,4,1,186,"[8, 0, 0, 0, 0, 0, 0, 0]"
602.975804,Unknown Device,2,4,3,182,"[0, 0, 128, 6, 0, 0, 0, 0]"
602.976666,Unknown Device,2,4,22,183,"[0, 0, 0, 147, 0, 0, 0, 0]"
602.977532,Unknown Device,2,4,5,184,"[0, 0, 0, 0, 0, 0, 0, 128]"
602.978409,Unknown Device,2,4,5,186,"[8, 0, 0, 0, 0, 0, 0, 0]"
602.979278,Unknown Device,2,4,8,181,"[6, 0, 0, 64, 92, 20, 21, 19]"
602.980133,Unknown Device,2,4,1,177,"[0, 0, 0, 100, 0, 32, 1, 0]"
602.980996,Unknown Device,2,4,3,177,"[0, 0, 0, 228, 0, 32, 255, 255]"
602.98188,Unknown Device,2,4,26,431,"[0, 0, 0, 0, 1, 26, 19, 128]"
602.982742,Unknown Device,2,4,8,187,"[0, 0, 0, 0, 0, 0, 0, 0]"
602.983619,Unknown Device,2,4,8,183,"[8, 0, 0, 62, 255, 255, 0, 0]"
602.984478,Unknown Device,2,5,31,737,"[0, 0, 0, 0, 0, 64, 0, 0]"
602.985312,Unknown Device,5,4,4,179,"[0, 0, 168, 220, 255, 63, 229, 38]"
602.986231,Unknown Device,2,4,26,187,"[0, 0, 0, 226, 3, 0, 0, 0]"
602.987208,Unknown,Unknown,Unknown,Unknown,992,"[159, 220, 163, 65, 225, 114, 0, 0]"
602.988157,Unknown Device,21,4,20,195,"[241, 223, 6, 32, 2, 0, 0, 5]"
602.988955,Unknown Device,2,4,7,177,"[0, 0, 0, 228, 0, 32, 255, 255]"
602.989808,Unknown Device,2,4,2,177,"[0, 0, 0, 100, 0, 32, 11, 0]"
602.990656,Unknown Device,5,4,13,179,"[2, 0, 128, 207, 255, 255, 123, 38]"
602.9915,Unknown Device,2,5,30,737,"[0, 0, 0, 0, 0, 64, 0, 0]"
602.992355,Unknown Device,2,5,32,736,"[0, 0, 10, 7, 0, 23, 64, 0]"
602.993188,Unknown Device,5,4,11,179,"[3, 0, 208, 201, 255, 191, 78, 38]"
602.99398,Unknown Device,21,4,20,431,"[0, 0, 0, 0, 1, 26, 19, 0]"
602.994842,Unknown Device,21,4,20,197,"[32, 21, 0, 6, 0, 0, 0, 0]"
602.995739,Unknown Device,21,4,20,206,"[201, 255, 93, 0, 96, 2, 0, 0]"
602.996609,Unknown,Unknown,Unknown,Unknown,992,"[236, 102, 167, 111, 154, 222, 0, 0]"
602.99746,Unknown Device,2,4,22,183,"[0, 0, 0, 147, 0, 0, 0, 0]"
602.998307,Unknown Device,2,4,7,177,"[0, 0, 0, 228, 0, 32, 251, 255]"
602.999154,Unknown Device,2,4,7,183,"[0, 0, 128, 28, 255, 255, 0, 0]"
602.999974,Unknown Device,2,4,4,183,"[12, 0, 64, 39, 255, 255, 0, 0]"
603.000815,Unknown Device,5,4,4,179,"[10, 0, 184, 220, 255, 127, 229, 38]"
603.001614,Unknown Device,2,5,30,736,"[0, 0, 7, 7, 0, 21, 64, 0]"
603.002514,Unknown Device,2,5,32,737,"[0, 0, 0, 0, 0, 64, 0, 0]"
603.003362,Unknown Device,5,4,11,179,"[3, 0, 208, 201, 255, 191, 78, 38]"
603.004216,Unknown Device,21,4,20,180,"[1, 0, 0, 160, 0, 8, 128, 1]"
603.005086,Unknown Device,21,4,20,195,"[241, 223, 6, 32, 2, 0, 0, 5]"
603.005927,Unknown Device,5,4,10,179,"[0, 0, 224, 239, 255, 63, 127, 39]"
603.006703,Unknown Device,2,4,22,177,"[0, 0, 0, 100, 0, 32, 4, 0]"
603.007609,Unknown Device,2,4,7,177,"[0, 0, 0, 228, 0, 32, 5, 0]"
603.008503,Unknown Device,2,5,31,736,"[0, 0, 6, 7, 0, 23, 64, 0]"
603.009351,Unknown Device,2,4,8,177,"[0, 0, 0, 100, 0, 32, 243, 255]"
603.010213,Unknown Device,5,4,13,179,"[2, 0, 128, 207, 255, 255, 123, 38]"
603.011061,Unknown Device,2,4,5,177,"[0, 0, 0, 100, 0, 32, 4, 0]"
603.011844,Unknown Device,5,4,12,179,"[2, 0, 8, 208, 255, 191, 128, 38]"
603.012707,Unknown Device,2,5,32,736,"[0, 0, 11, 7, 0, 23, 64, 0]"
603.013605,Unknown Device,5,4,11,179,"[3, 0, 208, 201, 255, 191, 78, 38]"
603.014457,Unknown Device,21,4,20,180,"[1, 0, 0, 160, 0, 8, 128, 1]"
603.015283,Unknown Device,5,4,10,179,"[0, 0, 224, 239, 255, 63, 127, 39]"
603.016131,Unknown Device,2,4,22,177,"[0, 0, 0, 100, 0, 32, 2, 0]"
603.016907,Unknown Device,2,4,22,183,"[0, 0, 0, 147, 0, 0, 0, 0]"
603.017762,Unknown Device,2,4,7,177,"[0, 0, 0, 228, 0, 32, 247, 255]"
603.01861,Unknown,Unknown,Unknown,Unknown,992,"[211, 207, 16, 83, 139, 228, 0, 0]"
603.019469,Unknown Device,2,4,4,177,"[0, 0, 0, 100, 0, 32, 1, 0]"
603.020295,Unknown,Unknown,Unknown,Unknown,992,"[189, 203, 195, 248, 104, 75, 0, 0]"
603.021143,Unknown Device,2,4,26,177,"[0, 0, 0, 228, 0, 32, 249, 255]"
603.021947,Unknown Device,2,4,3,183,"[0, 0, 128, 6, 0, 0, 0, 0]"
603.02281,Unknown Device,2,4,26,183,"[0, 0, 192, 162, 0, 0, 0, 0]"
603.023651,Unknown Device,5,4,13,179,"[2, 0, 128, 207, 255, 255, 123, 38]"
603.024495,Unknown Device,21,4,20,180,"[1, 0, 0, 160, 0, 8, 128, 1]"
603.025365,Unknown Device,21,4,20,195,"[241, 223, 6, 32, 2, 0, 0, 5]"
603.026233,Unknown Device,2,4,22,177,"[0, 0, 0, 100, 0, 32, 2, 0]"
603.027096,Unknown Device,5,4,10,179,"[0, 0, 224, 239, 255, 63, 127, 39]"
603.027973,Unknown Device,2,4,7,177,"[0, 0, 0, 228, 0, 32, 0, 0]"
603.028814,Unknown Device,2,4,8,177,"[0, 0, 0, 100, 0, 32, 9, 0]"
603.029605,Unknown Device,2,4,6,177,"[0, 0, 0, 100, 0, 32, 0, 0]"
603.030499,Unknown Device,5,4,13,179,"[2, 0, 128, 207, 255, 255, 123, 38]"
603.031347,Unknown Device,2,5,30,736,"[0, 0, 6, 7, 0, 21, 64, 0]"
603.032216,Unknown Device,2,5,32,736,"[0, 0, 11, 7, 0, 23, 64, 0]"
603.033093,Unknown Device,5,4,11,179,"[3, 0, 208, 201, 255, 191, 78, 38]"
603.033948,Unknown,Unknown,Unknown,Unknown,992,"[196, 202, 67, 24, 63, 89, 0, 0]"
603.03483,Unknown Device,21,4,20,180,"[0, 0, 0, 160, 0, 8, 128, 1]"
603.035692,Unknown Device,5,4,10,179,"[0, 0, 224, 239, 255, 63, 127, 39]"
603.036597,Unknown Device,2,4,22,183,"[0, 0, 0, 147, 0, 0, 0, 0]"
603.037352,Unknown Device,2,4,7,177,"[0, 0, 0, 228, 0, 32, 251, 255]"
603.038213,Unknown Device,2,4,7,183,"[0, 0, 128, 28, 255, 255, 0, 0]"
603.039061,Unknown Device,2,5,31,736,"[0, 0, 5, 7, 0, 23, 64, 0]"
603.039909,Unknown Device,2,4,4,183,"[12, 0, 64, 39, 255, 255, 0, 0]"
603.040778,Unknown Device,5,4,13,179,"[1, 0, 128, 207, 255, 255, 123, 38]"
603.04164,Unknown Device,5,4,4,179,"[0, 0, 176, 220, 255, 191, 229, 38]"
603.042484,Unknown Device,2,5,32,736,"[0, 0, 10, 7, 0, 23, 64, 0]"
603.043353,Unknown Device,2,5,32,737,"[0, 0, 0, 0, 0, 64, 0, 0]"
603.044194,Unknown Device,5,4,11,179,"[3, 0, 208, 201, 255, 191, 78, 38]"
603.044978,Unknown Device,21,4,20,199,"[47, 0, 16, 255, 255, 2, 0, 0]"
603.04584,Unknown Device,21,4,20,200,"[144, 255, 116, 0, 244, 63, 0, 4]"
603.046738,Unknown Device,2,4,22,177,"[0, 0, 0, 100, 0, 32, 3, 0]"
603.047593,Unknown Device,2,4,7,177,"[0, 0, 0, 228, 0, 32, 3, 0]"
603.048458,Unknown Device,5,4,13,179,"[1, 0, 128, 207, 255, 255, 123, 38]"
603.049299,Unknown Device,2,4,8,177,"[0, 0, 0, 100, 0, 32, 4, 0]"
603.050204,Unknown Device,2,5,31,737,"[0, 0, 0, 0, 0, 64, 0, 0]"
603.051117,Unknown Device,2,4,5,177,"[0, 0, 0, 100, 0, 32, 10, 0]"
603.051943,Unknown Device,5,4,12,179,"[2, 0, 8, 208, 255, 191, 128, 38]"
603.052799,Unknown Device,2,5,32,736,"[0, 0, 10, 7, 0, 23, 64, 0]"
603.053661,Unknown Device,5,4,11,179,"[3, 0, 208, 201, 255, 191, 78, 38]"
603.054588,Unknown Device,21,4,20,180,"[0, 0, 0, 160, 0, 8, 128, 1]"
603.055432,Unknown Device,5,4,10,179,"[0, 0, 224, 239, 255, 63, 127, 39]"
603.056302,Unknown Device,2,4,22,177,"[0, 0, 0, 100, 0, 32, 3, 0]"
603.057149,Unknown Device,2,4,22,183,"[0, 0, 0, 147, 0, 0, 0, 0]"
603.058012,Unknown Device,2,4,7,177,"[0, 0, 0, 228, 0, 32, 10, 0]"
603.058882,Unknown Device,2,4,7,183,"[0, 0, 128, 28, 255, 255, 0, 0]"
603.059722,Unknown Device,2,4,6,177,"[0, 0, 0, 100, 0, 32, 10, 0]"
603.060509,Unknown Device,2,4,6,183,"[0, 0, 128, 191, 255, 255, 0, 0]"
603.061407,Unknown Device,2,4,3,183,"[0, 0, 128, 6, 0, 0, 0, 0]"
603.062262,Unknown Device,2,5,32,736,"[0, 0, 10, 7, 0, 23, 64, 0]"
603.06311,Unknown,Unknown,Unknown,Unknown,992,"[211, 106, 58, 17, 195, 102, 0, 0]"
603.06398,Unknown Device,5,4,11,179,"[6, 0, 200, 201, 255, 191, 78, 38]"
603.064835,Unknown Device,21,4,20,195,"[241, 223, 6, 32, 2, 0, 0, 5]"
603.06569,Unknown Device,5,4,10,179,"[0, 0, 224, 239, 255, 63, 127, 39]"
603.066596,Unknown Device,2,4,22,177,"[0, 0, 0, 102, 0, 48, 192, 255]"
603.067398,Unknown Device,2,4,7,177,"[0, 0, 0, 228, 0, 32, 2, 0]"
603.06826,Unknown Device,2,4,8,177,"[0, 0, 0, 100, 0, 32, 8, 0]"
603.069101,Unknown Device,2,5,31,736,"[0, 0, 5, 7, 0, 23, 64, 0]"
603.069949,Unknown Device,2,4,1,177,"[0, 0, 0, 100, 0, 32, 2, 0]"
603.070812,Unknown Device,5,4,4,179,"[253, 255, 175, 220, 255, 191, 229, 38]"
603.071674,Unknown Device,2,5,30,737,"[0, 0, 0, 0, 0, 64, 0, 0]"
603.07258,Unknown Device,2,5,32,736,"[0, 0, 9, 7, 0, 23, 64, 0]"
603.073417,Unknown Device,5,4,11,179,"[3, 0, 200, 201, 255, 191, 78, 38]"
603.074257,Unknown Device,21,4,20,180,"[0, 0, 0, 160, 0, 8, 128, 1]"
603.075057,Unknown Device,2,4,22,177,"[0, 0, 0, 102, 0, 48, 215, 255]"
603.075919,Unknown Device,5,4,10,179,"[0, 0, 224, 239, 255, 63, 127, 39]"
603.076767,Unknown Device,2,4,22,183,"[0, 0, 0, 147, 0, 0, 0, 0]"
603.077615,Unknown Device,2,4,7,177,"[0, 0, 0, 228, 0, 32, 254, 255]"
603.078445,Unknown Device,2,4,7,183,"[0, 0, 128, 28, 255, 255, 0, 0]"
603.079286,Unknown Device,2,5,31,736,"[0, 0, 5, 7, 0, 23, 64, 0]"
603.08007,Unknown Device,2,4,1,177,"[0, 0, 0, 100, 0, 32, 3, 0]"
603.080932,Unknown Device,2,4,26,177,"[0, 0, 0, 228, 0, 32, 253, 255]"
603.081794,Unknown Device,5,4,4,179,"[2, 0, 176, 220, 255, 255, 229, 38]"
603.082621,Unknown Device,2,5,32,737,"[0, 0, 0, 0, 0, 64, 0, 0]"
603.083575,Unknown Device,5,4,11,179,"[3, 0, 200, 201, 255, 191, 78, 38]"
603.084433,Unknown Device,21,4,20,180,"[0, 0, 0, 160, 0, 8, 128, 1]"
603.085266,Unknown Device,21,4,20,195,"[241, 223, 6, 32, 2, 0, 0, 5]"
603.086093,Unknown Device,5,4,10,179,"[0, 0, 224, 239, 255, 63, 127, 39]"
603.086955,Unknown Device,2,4,22,177,"[0, 0, 0, 102, 0, 48, 237, 255]"
603.087817,Unknown Device,2,4,7,177,"[0, 0, 0, 230, 0, 48, 67, 0]"
603.088651,Unknown Device,2,4,8,177,"[0, 0, 0, 102, 0, 48, 183, 255]"
603.089495,Unknown Device,2,4,4,177,"[0, 0, 0, 102, 0, 48, 163, 255]"
603.090271,Unknown Device,5,4,13,179,"[1, 0, 128, 207, 255, 63, 124, 38]"
603.091141,Unknown Device,2,5,30,736,"[0, 0, 6, 7, 0, 21, 64, 0]"
603.091989,Unknown Device,5,4,12,179,"[2, 0, 8, 208, 255, 191, 128, 38]"
603.092837,Unknown,Unknown,Unknown,Unknown,992,"[119, 20, 241, 22, 191, 183, 0, 0]"
603.093706,Unknown Device,5,4,11,179,"[210, 255, 207, 201, 255, 127, 78, 38]"
603.094575,Unknown Device,21,4,20,180,"[0, 0, 0, 160, 0, 8, 128, 1]"
603.095455,Unknown Device,5,4,10,179,"[0, 0, 224, 239, 255, 63, 127, 39]"
603.096375,Unknown Device,2,4,22,183,"[0, 0, 0, 147, 0, 0, 0, 0]"
603.103456,Unknown Device,2,4,7,177,"[0, 0, 0, 230, 0, 48, 50, 0]"
603.104325,Unknown Device,2,4,7,183,"[0, 0, 128, 28, 255, 255, 0, 0]"
603.105094,Unknown Device,21,4,20,195,"[241, 223, 6, 32, 2, 0, 0, 5]"
603.105999,Unknown Device,5,4,10,179,"[0, 0, 224, 239, 255, 63, 127, 39]"
603.106912,Unknown Device,2,4,22,177,"[0, 0, 0, 102, 0, 48, 254, 255]"
603.107767,Unknown Device,2,4,7,177,"[0, 0, 0, 230, 0, 48, 15, 0]"
603.108623,Unknown Device,2,5,31,736,"[0, 0, 5, 7, 0, 23, 64, 0]"
603.109481,Unknown Device,2,4,8,177,"[0, 0, 0, 102, 0, 48, 237, 255]"
603.110249,Unknown Device,5,4,13,179,"[1, 0, 128, 207, 255, 255, 123, 38]"
603.111112,Unknown Device,2,5,30,736,"[0, 0, 6, 7, 0, 21, 64, 0]"
603.111953,Unknown Device,5,4,12,179,"[2, 0, 8, 208, 255, 127, 128, 38]"
603.112952,Unknown Device,2,5,32,736,"[0, 0, 10, 7, 0, 23, 64, 0]"
603.113778,Unknown Device,5,4,11,179,"[6, 0, 208, 201, 255, 191, 78, 38]"
603.11462,Unknown Device,21,4,20,180,"[0, 0, 0, 160, 0, 8, 128, 1]"
603.115399,Unknown Device,5,4,10,179,"[0, 0, 224, 239, 255, 63, 127, 39]"
603.116261,Unknown Device,2,4,22,183,"[0, 0, 0, 147, 0, 0, 0, 0]"
603.117111,Unknown Device,2,4,7,177,"[0, 0, 0, 230, 0, 48, 255, 255]"
603.117967,Unknown Device,2,4,7,183,"[0, 0, 128, 28, 255, 255, 0, 0]"
603.118786,Unknown Device,2,4,8,177,"[0, 0, 0, 102, 0, 48, 249, 255]"
603.119634,Unknown Device,2,4,6,177,"[0, 0, 0, 102, 0, 48, 248, 255]"
603.120414,Unknown Device,2,4,6,183,"[0, 0, 128, 191, 255, 255, 0, 0]"
603.121276,Unknown Device,2,4,3,183,"[0, 0, 128, 6, 0, 0, 0, 0]"
603.122188,Unknown Device,5,4,4,209,"[0, 0, 0, 0, 0, 0, 0, 0]"
603.122957,Unknown Device,5,4,4,431,"[0, 0, 0, 0, 1, 26, 19, 128]"
603.123863,Unknown Device,5,4,11,179,"[2, 0, 208, 201, 255, 191, 78, 38]"
603.124782,Unknown Device,21,4,20,195,"[241, 223, 6, 32, 2, 0, 0, 5]"
603.12558,Unknown Device,5,4,10,179,"[0, 0, 224, 239, 255, 63, 127, 39]"
603.126438,Unknown Device,2,4,22,177,"[0, 0, 0, 102, 0, 48, 3, 0]"
603.127284,Unknown Device,2,4,7,177,"[0, 0, 0, 230, 0, 48, 3, 0]"
603.128119,Unknown Device,2,4,8,177,"[0, 0, 0, 102, 0, 48, 248, 255]"
603.12891,Unknown Device,2,5,31,736,"[0, 0, 5, 7, 0, 23, 64, 0]"
603.129822,Unknown Device,2,4,6,177,"[0, 0, 0, 102, 0, 48, 3, 0]"
603.130557,Unknown Device,5,4,4,179,"[9, 0, 192, 220, 255, 127, 229, 38]"
603.131337,Unknown Device,2,5,30,737,"[0, 0, 0, 0, 0, 64, 0, 0]"
603.132206,Unknown Device,5,4,12,179,"[209, 255, 7, 208, 255, 63, 128, 38]"
603.133004,Unknown,Unknown,Unknown,Unknown,992,"[146, 224, 252, 94, 104, 69, 0, 0]"
603.133796,Unknown Device,5,4,11,179,"[2, 0, 208, 201, 255, 191, 78, 38]"
603.134623,Unknown Device,21,4,20,180,"[0, 0, 0, 160, 0, 8, 128, 1]"
603.135474,Unknown Device,5,4,10,179,"[0, 0, 224, 239, 255, 63, 127, 39]"
603.136243,Unknown Device,2,4,22,177,"[0, 0, 0, 102, 0, 48, 3, 0]"
603.137042,Unknown Device,2,4,22,183,"[0, 0, 0, 147, 0, 0, 0, 0]"
603.137911,Unknown Device,2,4,7,177,"[0, 0, 0, 230, 0, 48, 10, 0]"
603.138801,Unknown Device,2,4,7,183,"[0, 0, 128, 28, 255, 255, 0, 0]"
603.139557,Unknown Device,2,4,6,177,"[0, 0, 0, 102, 0, 48, 13, 0]"
603.140387,Unknown Device,2,4,6,183,"[0, 0, 128, 191, 255, 255, 0, 0]"
603.141228,Unknown Device,2,4,26,177,"[0, 0, 0, 230, 0, 48, 230, 255]"
603.142133,Unknown Device,5,4,4,179,"[9, 0, 184, 220, 255, 127, 229, 38]"
603.143017,Unknown Device,5,4,12,209,"[0, 0, 255, 255, 255, 7, 0, 0]"
603.143858,Unknown Device,5,4,12,285,"[0, 0, 0, 0, 24, 0, 0, 0]"
603.144706,Unknown Device,5,4,11,285,"[0, 0, 0, 0, 24, 0, 0, 0]"
603.145583,Unknown Device,21,4,20,200,"[152, 255, 88, 0, 168, 63, 0, 4]"
603.146477,Unknown Device,5,4,10,209,"[0, 0, 1, 0, 0, 0, 0, 0]"
603.147267,Unknown Device,5,4,10,285,"[0, 0, 0, 0, 24, 0, 0, 0]"
603.148094,Unknown Device,2,4,7,177,"[0, 0, 0, 230, 0, 48, 2, 0]"
603.148942,Unknown Device,2,4,8,177,"[0, 0, 0, 102, 0, 48, 2, 0]"
603.149719,Unknown Device,2,5,31,737,"[0, 0, 0, 0, 0, 64, 0, 0]"
603.150552,Unknown Device,5,4,13,179,"[1, 0, 128, 207, 255, 255, 123, 38]"
603.151259,Unknown Device,2,5,30,737,"[0, 0, 0, 0, 0, 64, 0, 0]"
603.152071,Unknown Device,2,5,32,736,"[0, 0, 9, 7, 0, 23, 64, 0]"
603.152948,Unknown Device,5,4,11,179,"[2, 0, 208, 201, 255, 191, 78, 38]"
603.153753,Unknown Device,21,4,20,180,"[0, 0, 0, 160, 0, 8, 128, 1]"
603.154553,Unknown Device,5,4,10,179,"[0, 0, 224, 239, 255, 63, 127, 39]"
603.155476,Unknown Device,2,4,22,177,"[0, 0, 0, 102, 0, 48, 4, 0]"
603.156251,Unknown Device,2,4,22,183,"[0, 0, 0, 147, 0, 0, 0, 0]"
603.157065,Unknown Device,2,4,7,177,"[0, 0, 0, 230, 0, 48, 246, 255]"
603.157849,Unknown Device,2,4,7,183,"[0, 0, 128, 28, 255, 255, 0, 0]"
603.158747,Unknown Device,2,5,31,736,"[0, 0, 5, 7, 0, 23, 64, 0]"
603.159624,Unknown Device,2,4,6,177,"[0, 0, 0, 102, 0, 48, 5, 0]"
603.160468,Unknown Device,2,4,6,183,"[0, 0, 128, 191, 255, 255, 0, 0]"
603.16125,Unknown Device,2,4,26,183,"[0, 0, 192, 162, 0, 0, 0, 0]"
603.162156,Unknown Device,5,4,12,179,"[5, 0, 16, 208, 255, 191, 128, 38]"
603.163004,Unknown Device,2,5,32,737,"[0, 0, 0, 0, 0, 64, 0, 0]"
603.16386,Unknown Device,5,4,11,179,"[2, 0, 208, 201, 255, 191, 78, 38]"
603.164686,Unknown Device,21,4,20,195,"[241, 223, 6, 16, 2, 0, 0, 5]"
603.165592,Unknown Device,2,4,22,177,"[0, 0, 0, 104, 0, 64, 195, 255]"
603.166464,Unknown Device,5,4,10,179,"[0, 0, 224, 239, 255, 63, 127, 39]"
603.167294,Unknown Device,2,4,7,177,"[0, 0, 0, 230, 0, 48, 254, 255]"
603.168194,Unknown Device,2,5,31,736,"[0, 0, 4, 7, 0, 23, 64, 0]"
603.16905,Unknown Device,2,4,8,177,"[0, 0, 0, 102, 0, 48, 0, 0]"
603.169937,Unknown Device,2,5,31,737,"[0, 0, 0, 0, 0, 64, 0, 0]"
603.170778,Unknown Device,2,4,26,177,"[0, 0, 0, 230, 0, 48, 63, 0]"
603.171647,Unknown Device,5,4,4,179,"[6, 0, 184, 220, 255, 191, 229, 38]"
603.172545,Unknown Device,2,5,32,736,"[0, 0, 9, 7, 0, 23, 64, 0]"
603.173417,Unknown Device,5,4,11,179,"[2, 0, 208, 201, 255, 191, 78, 38]"
603.174271,Unknown Device,21,4,20,180,"[0, 0, 0, 160, 0, 8, 128, 1]"
603.175218,Unknown Device,5,4,10,179,"[0, 0, 224, 239, 255, 63, 127, 39]"
603.176059,Unknown Device,2,4,22,177,"[0, 0, 0, 104, 0, 64, 212, 255]"
603.176836,Unknown Device,2,4,22,183,"[0, 0, 0, 147, 0, 0, 0, 0]"
603.177698,Unknown Device,2,4,7,177,"[0, 0, 0, 230, 0, 48, 1, 0]"
603.178546,Unknown Device,2,4,7,183,"[0, 0, 128, 28, 255, 255, 0, 0]"
603.17939,Unknown Device,2,4,4,177,"[0, 0, 0, 102, 0, 48, 2, 0]"
603.180259,Unknown Device,2,4,2,183,"[4, 0, 32, 64, 255, 255, 0, 0]"
603.181107,Unknown Device,2,4,3,177,"[0, 0, 0, 230, 0, 48, 253, 255]"
603.181884,Unknown Device,5,4,4,179,"[4, 0, 184, 220, 255, 255, 229, 38]"
603.182789,Unknown Device,2,5,32,737,"[0, 0, 0, 0, 0, 64, 0, 0]"
603.183644,Unknown Device,5,4,11,179,"[2, 0, 208, 201, 255, 191, 78, 38]"
603.184541,Unknown Device,21,4,20,180,"[0, 0, 0, 160, 0, 8, 128, 1]"
603.185371,Unknown Device,21,4,20,195,"[241, 223, 6, 16, 2, 0, 0, 5]"
603.186212,Unknown Device,5,4,10,179,"[0, 0, 216, 239, 255, 63, 127, 39]"
603.186997,Unknown Device,2,4,7,177,"[0, 0, 0, 232, 0, 64, 50, 0]"
603.187911,Unknown Device,2,4,8,177,"[0, 0, 0, 104, 0, 64, 180, 255]"
603.188788,Unknown Device,2,5,31,736,"[0, 0, 4, 7, 0, 23, 64, 0]"
603.189636,Unknown Device,2,4,6,177,"[0, 0, 0, 104, 0, 64, 156, 255]"
603.190458,Unknown Device,2,4,1,177,"[0, 0, 0, 104, 0, 64, 192, 255]"
603.191307,Unknown Device,2,5,30,736,"[0, 0, 5, 7, 0, 21, 64, 0]"
603.192089,Unknown Device,5,4,12,179,"[1, 0, 8, 208, 255, 191, 128, 38]"
603.192944,Unknown Device,2,5,32,736,"[0, 0, 10, 7, 0, 23, 64, 0]"
603.1938,Unknown Device,5,4,11,179,"[2, 0, 208, 201, 255, 191, 78, 38]"
603.194655,Unknown Device,21,4,20,180,"[0, 0, 0, 160, 0, 8, 128, 1]"
603.195539,Unknown Device,5,4,10,179,"[3, 0, 216, 239, 255, 63, 127, 39]"
603.196448,Unknown Device,2,4,22,285,"[0, 0, 0, 0, 0, 0, 128, 0]"
603.197304,Unknown Device,2,4,22,181,"[3, 0, 0, 192, 90, 20, 23, 0]"
603.198172,Unknown Device,2,4,22,184,"[0, 0, 0, 0, 0, 0, 0, 128]"
603.199028,Unknown Device,2,4,7,183,"[0, 0, 128, 28, 255, 255, 0, 0]"
603.199876,Unknown Device,2,4,2,177,"[0, 0, 0, 104, 0, 64, 199, 255]"
603.20071,Unknown Device,2,4,8,183,"[40, 0, 32, 62, 255, 255, 0, 0]"
603.201543,Unknown Device,2,5,30,736,"[0, 0, 6, 7, 0, 21, 64, 0]"
603.202352,Unknown Device,2,5,32,737,"[0, 0, 0, 0, 0, 64, 0, 0]"
603.203213,Unknown Device,5,4,11,179,"[2, 0, 208, 201, 255, 191, 78, 38]"
603.204061,Unknown Device,21,4,20,180,"[0, 0, 0, 160, 0, 8, 128, 1]"
603.20496,Unknown Device,21,4,20,195,"[241, 223, 6, 16, 2, 0, 0, 5]"
603.205808,Unknown Device,5,4,10,179,"[2, 0, 224, 239, 255, 63, 127, 39]"
603.206649,Unknown Device,2,4,22,177,"[0, 0, 0, 104, 0, 64, 254, 255]"
603.207429,Unknown Device,2,4,7,177,"[0, 0, 0, 232, 0, 64, 11, 0]"
603.208292,Unknown Device,2,4,8,177,"[0, 0, 0, 104, 0, 64, 234, 255]"
603.209132,Unknown Device,2,5,31,736,"[0, 0, 5, 7, 0, 23, 64, 0]"
603.20998,Unknown Device,5,4,13,179,"[1, 0, 136, 207, 255, 255, 123, 38]"
603.210799,Unknown Device,2,4,26,177,"[0, 0, 0, 232, 0, 64, 23, 0]"
603.21164,Unknown Device,5,4,12,179,"[1, 0, 8, 208, 255, 191, 128, 38]"
603.212419,Unknown Device,2,5,32,736,"[0, 0, 9, 7, 0, 23, 64, 0]"
603.213325,Unknown Device,5,4,11,179,"[2, 0, 208, 201, 255, 255, 78, 38]"
603.214165,Unknown Device,21,4,20,180,"[0, 0, 0, 160, 0, 8, 128, 1]"
603.215018,Unknown Device,5,4,10,179,"[2, 0, 224, 239, 255, 63, 127, 39]"
603.215838,Unknown Device,2,4,22,177,"[0, 0, 0, 104, 0, 64, 3, 0]"
603.216679,Unknown Device,2,4,22,183,"[0, 0, 0, 147, 0, 0, 0, 0]"
603.217534,Unknown Device,2,4,7,431,"[0, 0, 0, 0, 1, 26, 19, 0]"
603.218392,Unknown Device,2,4,7,285,"[0, 0, 0, 0, 0, 3, 128, 0]"
603.219282,Unknown Device,2,4,7,177,"[0, 0, 0, 232, 0, 64, 245, 255]"
603.220122,Unknown Device,2,4,8,193,"[0, 243, 199, 46, 0, 0, 0, 0]"
603.221083,Unknown Device,2,4,1,193,"[0, 243, 199, 46, 0, 0, 0, 0]"
603.222002,Unknown Device,2,4,1,181,"[1, 0, 0, 64, 92, 18, 22, 20]"
603.22285,Unknown Device,2,4,2,285,"[128, 0, 0, 0, 128, 11, 192, 0]"
603.223705,Unknown Device,2,4,3,431,"[0, 0, 0, 0, 1, 26, 19, 0]"
603.224532,Unknown Device,2,4,3,285,"[0, 0, 0, 0, 0, 3, 128, 0]"
603.225376,Unknown Device,2,4,2,184,"[0, 0, 0, 0, 0, 0, 0, 128]"
603.226159,Unknown Device,2,4,22,177,"[0, 0, 0, 104, 0, 64, 3, 0]"
603.227022,Unknown Device,2,4,3,184,"[0, 0, 0, 0, 0, 0, 0, 128]"
603.22787,Unknown Device,2,4,4,185,"[0, 0, 0, 0, 0, 0, 0, 128]"
603.228711,Unknown Device,2,4,4,187,"[0, 0, 0, 0, 0, 0, 0, 0]"
603.229587,Unknown Device,2,4,5,181,"[3, 0, 0, 0, 92, 19, 23, 20]"
603.230431,Unknown Device,2,4,6,193,"[0, 243, 199, 46, 0, 0, 0, 0]"
603.231214,Unknown Device,2,4,26,193,"[104, 198, 41, 41, 0, 0, 0, 0]"
603.232148,Unknown Device,2,4,5,185,"[0, 0, 0, 0, 0, 0, 0, 128]"
603.233097,Unknown Device,2,4,6,185,"[0, 0, 0, 0, 0, 0, 0, 128]"
603.233902,Unknown Device,2,4,5,187,"[0, 0, 0, 0, 0, 0, 0, 0]"
603.234807,Unknown Device,2,4,26,184,"[0, 0, 0, 0, 0, 31, 0, 128]"
603.235648,Unknown Device,5,4,4,179,"[248, 255, 167, 220, 255, 63, 229, 38]"
603.236554,Unknown Device,2,4,22,183,"[0, 0, 0, 147, 0, 0, 0, 0]"
603.237412,Unknown Device,21,4,20,180,"[0, 0, 0, 160, 0, 8, 128, 1]"
603.238275,Unknown Device,21,4,20,180,"[0, 0, 0, 160, 0, 8, 128, 1]"
603.239151,Unknown Device,2,5,31,736,"[0, 0, 4, 7, 0, 23, 64, 0]"
603.240056,Unknown Device,2,4,2,183,"[4, 0, 32, 64, 255, 255, 0, 0]"
603.240912,Unknown Device,5,4,13,179,"[0, 0, 144, 207, 255, 255, 123, 38]"
603.241753,Unknown Device,2,4,26,183,"[0, 0, 192, 162, 0, 0, 0, 0]"
603.242601,Unknown Device,2,5,32,737,"[0, 0, 0, 0, 0, 64, 0, 0]"
603.24338,Unknown Device,5,4,11,179,"[2, 0, 208, 201, 255, 191, 78, 38]"
603.244249,Unknown Device,21,4,20,431,"[0, 0, 0, 0, 1, 26, 19, 0]"
603.245097,Unknown Device,21,4,20,197,"[57, 21, 0, 6, 0, 0, 0, 0]"
603.245945,Unknown Device,21,4,20,202,"[244, 105, 0, 0, 0, 0, 0, 0]"
603.246815,Unknown Device,21,4,20,206,"[203, 255, 93, 0, 101, 2, 0, 0]"
603.247678,Unknown Device,2,4,7,177,"[0, 0, 0, 232, 0, 64, 250, 255]"
603.248533,Unknown Device,2,4,8,177,"[0, 0, 0, 104, 0, 64, 1, 0]"
603.249355,Unknown Device,2,4,4,177,"[0, 0, 0, 104, 0, 64, 6, 0]"
603.250195,Unknown Device,5,4,13,179,"[10, 0, 152, 207, 255, 63, 124, 38]"
603.250993,Unknown Device,2,4,26,177,"[0, 0, 0, 232, 0, 64, 5, 0]"
603.251892,Unknown Device,5,4,12,179,"[1, 0, 8, 208, 255, 191, 128, 38]"
603.252747,Unknown Device,2,5,32,736,"[0, 0, 9, 7, 0, 23, 64, 0]"
603.253588,Unknown Device,5,4,11,179,"[2, 0, 208, 201, 255, 191, 78, 38]"
603.254515,Unknown Device,21,4,20,180,"[0, 0, 0, 160, 0, 8, 128, 1]"
603.255374,Unknown Device,5,4,10,179,"[2, 0, 224, 239, 255, 63, 127, 39]"
603.256235,Unknown Device,2,4,22,183,"[0, 0, 0, 147, 0, 0, 0, 0]"
603.257112,Unknown Device,2,5,32,752,"[0, 0, 0, 0, 56, 220, 7, 176]"
603.258011,Unknown Device,2,4,7,177,"[0, 0, 0, 232, 0, 64, 243, 255]"
603.258866,Unknown Device,2,4,7,183,"[0, 0, 128, 28, 255, 255, 0, 0]"
603.259693,Unknown Device,2,4,4,183,"[8, 0, 64, 39, 255, 255, 0, 0]"
603.260534,Unknown Device,2,4,8,183,"[40, 0, 96, 62, 255, 255, 0, 0]"
603.261314,Unknown Device,2,4,3,183,"[0, 0, 128, 6, 0, 0, 0, 0]"
603.262169,Unknown Device,2,5,32,737,"[0, 0, 0, 0, 0, 64, 0, 0]"
603.263109,Unknown Device,5,4,12,179,"[1, 0, 8, 208, 255, 127, 128, 38]"
603.263907,Unknown Device,5,4,11,179,"[2, 0, 208, 201, 255, 191, 78, 38]"
603.264769,Unknown Device,21,4,20,195,"[241, 223, 6, 16, 2, 0, 0, 5]"
603.26561,Unknown Device,5,4,10,179,"[244, 255, 223, 239, 255, 63, 127, 39]"
603.266515,Unknown Device,2,4,22,177,"[0, 0, 0, 104, 0, 64, 7, 0]"
603.271386,Unknown Device,2,4,7,177,"[0, 0, 0, 232, 0, 64, 252, 255]"
603.272276,Unknown Device,2,5,31,736,"[0, 0, 4, 7, 0, 23, 64, 0]"
603.273145,Unknown Device,2,5,32,736,"[0, 0, 9, 7, 0, 23, 64, 0]"
603.274007,Unknown Device,5,4,11,179,"[2, 0, 208, 201, 255, 191, 78, 38]"
603.274855,Unknown,Unknown,Unknown,Unknown,992,"[242, 213, 126, 219, 209, 171, 0, 0]"
603.275689,Unknown Device,5,4,10,179,"[2, 0, 216, 239, 255, 63, 127, 39]"
603.276537,Unknown Device,2,4,22,183,"[0, 0, 0, 147, 0, 0, 0, 0]"
603.277317,Unknown,Unknown,Unknown,Unknown,992,"[198, 236, 81, 105, 25, 85, 0, 0]"
603.278178,Unknown Device,2,4,7,177,"[0, 0, 0, 232, 0, 64, 248, 255]"
603.279019,Unknown Device,2,4,7,183,"[0, 0, 128, 28, 255, 255, 0, 0]"
603.279882,Unknown Device,2,4,2,177,"[0, 0, 0, 104, 0, 64, 15, 0]"
603.280744,Unknown Device,5,4,13,179,"[3, 0, 152, 207, 255, 255, 123, 38]"
603.281585,Unknown Device,2,5,30,736,"[0, 0, 6, 7, 0, 21, 64, 0]"
603.282364,Unknown Device,2,5,32,737,"[0, 0, 0, 0, 0, 64, 0, 0]"
603.283269,Unknown Device,5,4,11,179,"[2, 0, 208, 201, 255, 191, 78, 38]"
603.28411,Unknown Device,21,4,20,180,"[0, 0, 0, 160, 0, 8, 128, 1]"
603.284958,Unknown Device,21,4,20,195,"[241, 223, 6, 16, 2, 0, 0, 5]"
603.285785,Unknown Device,5,4,10,179,"[2, 0, 224, 239, 255, 63, 127, 39]"
603.286633,Unknown Device,2,4,22,177,"[0, 0, 0, 104, 0, 64, 10, 0]"
603.287413,Unknown Device,2,4,7,177,"[0, 0, 0, 232, 0, 64, 250, 255]"
603.288275,Unknown Device,2,5,31,736,"[0, 0, 4, 7, 0, 23, 64, 0]"
603.289122,Unknown Device,2,4,8,177,"[0, 0, 0, 104, 0, 64, 5, 0]"
603.28997,Unknown Device,2,4,1,177,"[0, 0, 0, 104, 0, 64, 253, 255]"
603.290797,Unknown Device,2,4,3,177,"[0, 0, 0, 232, 0, 64, 241, 255]"
603.291631,Unknown Device,5,4,4,179,"[0, 0, 168, 220, 255, 127, 229, 38]"
603.292501,Unknown Device,2,5,32,736,"[0, 0, 9, 7, 0, 23, 64, 0]"
603.293345,Unknown Device,5,4,11,179,"[2, 0, 208, 201, 255, 191, 78, 38]"
603.294206,Unknown Device,21,4,20,180,"[0, 0, 0, 160, 0, 8, 128, 1]"
603.295054,Unknown Device,5,4,10,179,"[2, 0, 224, 239, 255, 63, 127, 39]"
603.295881,Unknown Device,2,4,22,177,"[0, 0, 0, 104, 0, 64, 6, 0]"
603.296722,Unknown Device,2,4,22,183,"[0, 0, 0, 147, 0, 0, 0, 0]"
603.297505,Unknown Device,2,4,7,177,"[0, 0, 0, 232, 0, 64, 6, 0]"
603.298407,Unknown Device,2,4,7,183,"[0, 0, 128, 28, 255, 255, 0, 0]"
603.299261,Unknown Device,2,4,8,177,"[0, 0, 0, 104, 0, 64, 16, 0]"
603.300124,Unknown Device,2,4,2,183,"[28, 0, 32, 64, 255, 255, 0, 0]"
603.30095,Unknown Device,2,4,3,177,"[0, 0, 0, 232, 0, 64, 233, 255]"
603.301791,Unknown Device,2,4,26,183,"[0, 0, 192, 162, 0, 0, 0, 0]"
603.302575,Unknown Device,5,4,12,179,"[1, 0, 0, 208, 255, 127, 128, 38]"
603.303495,Unknown Device,5,4,11,179,"[2, 0, 208, 201, 255, 191, 78, 38]"
603.304374,Unknown Device,21,4,20,180,"[0, 0, 0, 160, 0, 8, 128, 1]"
603.305214,Unknown Device,21,4,20,195,"[241, 223, 6, 16, 2, 0, 0, 5]"
603.306118,Unknown Device,2,4,22,177,"[0, 0, 0, 104, 0, 64, 8, 0]"
603.306967,Unknown,Unknown,Unknown,Unknown,992,"[147, 91, 163, 30, 178, 136, 0, 0]"
603.307751,Unknown Device,2,4,7,177,"[0, 0, 0, 232, 0, 64, 2, 0]"
603.308606,Unknown Device,2,5,31,736,"[0, 0, 4, 7, 0, 23, 64, 0]"
603.309496,Unknown Device,2,4,4,177,"[0, 0, 0, 104, 0, 64, 253, 255]"
603.310376,Unknown Device,5,4,13,179,"[3, 0, 152, 207, 255, 255, 123, 38]"
603.311202,Unknown Device,2,5,30,736,"[0, 0, 6, 7, 0, 21, 64, 0]"
603.312036,Unknown Device,2,5,32,736,"[0, 0, 9, 7, 0, 23, 64, 0]"
603.31282,Unknown Device,5,4,11,179,"[2, 0, 208, 201, 255, 191, 78, 38]"
603.313718,Unknown Device,21,4,20,180,"[0, 0, 0, 160, 0, 8, 128, 1]"
603.314569,Unknown Device,5,4,10,179,"[2, 0, 224, 239, 255, 63, 127, 39]"
603.315494,Unknown Device,2,4,22,177,"[0, 0, 0, 104, 0, 64, 0, 0]"
603.316303,Unknown Device,2,4,22,183,"[0, 0, 0, 147, 0, 0, 0, 0]"
603.317143,Unknown Device,2,4,7,177,"[0, 0, 0, 232, 0, 64, 248, 255]"
603.317934,Unknown Device,2,4,7,183,"[0, 0, 128, 28, 255, 255, 0, 0]"
603.318797,Unknown Device,2,5,31,736,"[0, 0, 4, 7, 0, 23, 64, 0]"
603.319638,Unknown Device,2,4,6,177,"[0, 0, 0, 104, 0, 64, 2, 0]"
603.320493,Unknown Device,2,4,6,183,"[8, 0, 128, 191, 255, 255, 0, 0]"
603.321323,Unknown Device,2,4,3,183,"[0, 0, 128, 6, 0, 0, 0, 0]"
603.322156,Unknown Device,2,5,32,737,"[0, 0, 0, 0, 0, 64, 0, 0]"
603.323083,Unknown Device,5,4,12,179,"[4, 0, 8, 208, 255, 191, 128, 38]"
603.323946,Unknown Device,5,4,11,179,"[255, 255, 207, 201, 255, 191, 78, 38]"
603.324736,Unknown Device,21,4,20,195,"[241, 223, 6, 16, 2, 0, 0, 5]"
603.325599,Unknown Device,5,4,10,179,"[2, 0, 224, 239, 255, 63, 127, 39]"
603.32649,Unknown Device,2,4,22,177,"[0, 0, 0, 104, 0, 64, 3, 0]"
603.327344,Unknown Device,2,4,7,177,"[0, 0, 0, 232, 0, 64, 251, 255]"
603.328213,Unknown Device,2,5,31,736,"[0, 0, 3, 7, 0, 23, 64, 0]"
603.329118,Unknown Device,2,4,8,177,"[0, 0, 0, 104, 0, 64, 7, 0]"
603.329974,Unknown Device,2,4,1,177,"[0, 0, 0, 104, 0, 64, 0, 0]"
603.3308,Unknown Device,2,4,3,177,"[0, 0, 0, 232, 0, 64, 245, 255]"
603.331641,Unknown Device,2,5,30,737,"[0, 0, 0, 0, 0, 64, 0, 0]"
603.332482,Unknown Device,2,5,32,736,"[0, 0, 9, 7, 0, 23, 64, 0]"
603.333347,Unknown Device,5,4,11,179,"[1, 0, 200, 201, 255, 191, 78, 38]"
603.334224,Unknown Device,21,4,20,180,"[1, 0, 0, 160, 0, 8, 128, 1]"
603.335086,Unknown,Unknown,Unknown,Unknown,992,"[114, 190, 153, 191, 39, 119, 0, 0]"
603.335949,Unknown Device,5,4,10,179,"[2, 0, 224, 239, 255, 63, 127, 39]"
603.336739,Unknown,Unknown,Unknown,Unknown,992,"[151, 193, 203, 199, 248, 9, 0, 0]"
603.337609,Unknown Device,2,4,7,177,"[0, 0, 0, 232, 0, 64, 5, 0]"
603.338601,Unknown Device,2,4,7,183,"[0, 0, 128, 28, 255, 255, 0, 0]"
603.339387,Unknown Device,2,4,8,177,"[0, 0, 0, 104, 0, 64, 7, 0]"
603.340293,Unknown Device,2,4,1,183,"[0, 0, 128, 189, 255, 255, 0, 0]"
603.34114,Unknown Device,2,4,26,177,"[0, 0, 0, 232, 0, 64, 234, 255]"
603.34201,Unknown Device,5,4,12,179,"[1, 0, 8, 208, 255, 127, 128, 38]"
603.342837,Unknown Device,2,5,32,737,"[0, 0, 0, 0, 0, 64, 0, 0]"
603.34367,Unknown Device,5,4,11,179,"[1, 0, 208, 201, 255, 191, 78, 38]"
603.344483,Unknown Device,21,4,20,195,"[241, 223, 6, 16, 2, 0, 0, 5]"
603.345377,Unknown Device,21,4,20,200,"[160, 255, 92, 0, 164, 63, 0, 4]"
603.346231,Unknown Device,2,4,22,177,"[0, 0, 0, 104, 0, 64, 1, 0]"
603.347074,Unknown Device,2,4,7,177,"[0, 0, 0, 232, 0, 64, 5, 0]"
603.347905,Unknown Device,2,5,31,736,"[0, 0, 3, 7, 0, 23, 64, 0]"
603.348739,Unknown Device,2,4,8,177,"[0, 0, 0, 104, 0, 64, 6, 0]"
603.349618,Unknown Device,2,5,31,737,"[0, 0, 0, 0, 0, 64, 0, 0]"
603.35048,Unknown Device,2,4,1,177,"[0, 0, 0, 104, 0, 64, 8, 0]"
603.351317,Unknown Device,2,5,30,737,"[0, 0, 0, 0, 0, 64, 0, 0]"
603.352206,Unknown Device,2,5,32,736,"[0, 0, 9, 7, 0, 23, 64, 0]"
603.353076,Unknown Device,5,4,11,179,"[1, 0, 208, 201, 255, 191, 78, 38]"
603.353924,Unknown,Unknown,Unknown,Unknown,992,"[226, 71, 251, 21, 126, 22, 0, 0]"
603.354779,Unknown Device,21,4,20,180,"[0, 0, 0, 160, 0, 8, 128, 1]"
603.355606,Unknown Device,5,4,10,179,"[2, 0, 224, 239, 255, 63, 127, 39]"
603.356475,Unknown Device,2,4,22,183,"[0, 0, 0, 147, 0, 0, 0, 0]"
603.357229,Unknown Device,2,4,7,177,"[0, 0, 0, 232, 0, 64, 255, 255]"
603.358091,Unknown Device,2,4,7,183,"[0, 0, 128, 28, 255, 255, 0, 0]"
603.358939,Unknown Device,2,5,31,736,"[0, 0, 4, 7, 0, 23, 64, 0]"
603.359787,Unknown Device,2,4,2,177,"[0, 0, 0, 104, 0, 64, 249, 255]"
603.360621,Unknown Device,2,4,8,183,"[12, 0, 96, 62, 255, 255, 0, 0]"
603.361476,Unknown Device,2,4,5,183,"[0, 0, 64, 84, 0, 0, 0, 0]"
603.362248,Unknown Device,2,5,32,737,"[0, 0, 0, 0, 0, 64, 0, 0]"
603.363132,Unknown Device,5,4,11,179,"[1, 0, 208, 201, 255, 191, 78, 38]"
603.36398,Unknown Device,21,4,20,180,"[0, 0, 0, 160, 0, 8, 128, 1]"
603.370938,Unknown Device,21,4,20,195,"[241, 223, 6, 16, 2, 0, 0, 5]"
603.371844,Unknown Device,5,4,10,179,"[2, 0, 224, 239, 255, 63, 127, 39]"
603.372757,Unknown Device,2,5,32,736,"[0, 0, 8, 7, 0, 23, 64, 0]"
603.373626,Unknown Device,5,4,11,179,"[1, 0, 208, 201, 255, 191, 78, 38]"
603.374525,Unknown Device,21,4,20,180,"[0, 0, 0, 160, 0, 8, 128, 1]"
603.375304,Unknown Device,5,4,10,179,"[2, 0, 224, 239, 255, 63, 127, 39]"
603.376166,Unknown Device,2,4,22,177,"[0, 0, 0, 96, 0, 0, 255, 255]"
603.377007,Unknown Device,2,4,22,183,"[0, 0, 0, 147, 0, 0, 0, 0]"
603.377869,Unknown Device,2,4,7,177,"[0, 0, 0, 232, 0, 64, 239, 255]"
603.378746,Unknown Device,2,4,7,183,"[0, 0, 128, 28, 255, 255, 0, 0]"
603.379601,Unknown Device,2,4,6,177,"[0, 0, 0, 104, 0, 64, 5, 0]"
603.380478,Unknown Device,2,4,8,183,"[12, 0, 96, 62, 255, 255, 0, 0]"
603.3813,Unknown Device,2,4,5,183,"[0, 0, 64, 84, 0, 0, 0, 0]"
603.382148,Unknown Device,2,5,32,737,"[0, 0, 0, 0, 0, 64, 0, 0]"
603.382946,Unknown Device,5,4,11,179,"[1, 0, 208, 201, 255, 191, 78, 38]"
603.383851,Unknown Device,21,4,20,180,"[0, 0, 0, 160, 0, 8, 128, 1]"
603.384692,Unknown Device,21,4,20,195,"[241, 223, 6, 16, 2, 0, 0, 5]"
603.385548,Unknown Device,5,4,10,179,"[1, 0, 224, 239, 255, 63, 127, 39]"
603.386461,Unknown Device,2,4,22,177,"[0, 0, 0, 96, 0, 0, 255, 255]"
603.38733,Unknown Device,2,4,7,177,"[0, 0, 0, 224, 0, 0, 251, 255]"
603.388127,Unknown Device,2,5,31,736,"[0, 0, 4, 7, 0, 23, 64, 0]"
603.388968,Unknown Device,2,4,8,177,"[0, 0, 0, 96, 0, 0, 254, 255]"
603.38988,Unknown Device,2,4,6,177,"[0, 0, 0, 96, 0, 0, 3, 0]"
603.390721,Unknown Device,5,4,13,431,"[0, 0, 0, 1, 1, 26, 19, 0]"
603.391649,Unknown Device,5,4,4,179,"[7, 0, 184, 220, 255, 63, 230, 38]"
603.392504,Unknown Device,5,4,12,209,"[0, 0, 255, 255, 255, 7, 0, 0]"
603.393362,Unknown Device,5,4,12,285,"[0, 0, 0, 0, 24, 0, 0, 0]"
603.394188,Unknown Device,5,4,11,194,"[174, 192, 96, 128, 24, 0, 0, 0]"
603.395029,Unknown Device,5,4,11,285,"[0, 0, 0, 0, 24, 0, 0, 0]"
603.395949,Unknown Device,5,4,10,179,"[1, 0, 224, 239, 255, 63, 127, 39]"
603.396797,Unknown Device,5,4,10,431,"[0, 0, 0, 1, 1, 26, 19, 0]"
603.397595,Unknown Device,5,4,10,285,"[0, 0, 0, 0, 24, 0, 0, 0]"
603.3985,Unknown Device,2,4,7,177,"[0, 0, 0, 224, 0, 0, 255, 255]"
603.399456,Unknown Device,2,4,8,177,"[0, 0, 0, 96, 0, 0, 255, 255]"
603.400256,Unknown Device,2,4,2,183,"[0, 0, 32, 64, 255, 255, 0, 0]"
603.401083,Unknown Device,2,4,5,177,"[0, 0, 0, 96, 0, 0, 255, 255]"
603.401924,Unknown Device,2,4,5,183,"[0, 0, 64, 84, 0, 0, 0, 0]"
603.402716,Unknown Device,2,5,32,737,"[0, 0, 0, 0, 0, 64, 0, 0]"
603.403613,Unknown Device,5,4,11,179,"[1, 0, 208, 201, 255, 191, 78, 38]"
603.404461,Unknown Device,21,4,20,180,"[0, 0, 0, 160, 0, 8, 128, 1]"
603.405458,Unknown Device,21,4,20,195,"[241, 223, 6, 16, 2, 0, 0, 5]"
603.406454,Unknown Device,2,4,22,177,"[0, 0, 0, 96, 0, 0, 0, 0]"
603.407456,Unknown Device,2,4,7,177,"[0, 0, 0, 224, 0, 0, 0, 0]"
603.408328,Unknown Device,2,5,31,736,"[0, 0, 3, 7, 0, 23, 64, 0]"
603.409196,Unknown Device,2,4,8,177,"[0, 0, 0, 96, 0, 0, 255, 255]"
603.410037,Unknown Device,2,4,1,177,"[0, 0, 0, 96, 0, 0, 0, 0]"
603.410836,Unknown Device,2,5,30,736,"[0, 0, 5, 7, 0, 21, 64, 0]"
603.411733,Unknown Device,5,4,12,179,"[3, 0, 0, 208, 255, 191, 128, 38]"
603.412596,Unknown Device,2,5,32,736,"[0, 0, 9, 7, 0, 23, 64, 0]"
603.413451,Unknown Device,5,4,11,179,"[1, 0, 208, 201, 255, 191, 78, 38]"
603.414323,Unknown Device,21,4,20,180,"[0, 0, 0, 160, 0, 8, 128, 1]"
603.415135,Unknown Device,5,4,10,179,"[1, 0, 224, 239, 255, 63, 127, 39]"
603.416025,Unknown Device,2,4,22,177,"[0, 0, 0, 96, 0, 0, 0, 0]"
603.417025,Unknown Device,2,4,22,183,"[0, 0, 0, 147, 0, 0, 0, 0]"
603.41788,Unknown Device,2,4,7,177,"[0, 0, 0, 224, 0, 0, 0, 0]"
603.418735,Unknown Device,2,4,7,183,"[0, 0, 128, 28, 255, 255, 0, 0]"
603.419562,Unknown Device,2,4,4,177,"[0, 0, 0, 96, 0, 0, 0, 0]"
603.420446,Unknown Device,2,4,4,183,"[4, 0, 64, 39, 255, 255, 0, 0]"
603.421217,Unknown Device,2,4,26,177,"[0, 0, 0, 224, 0, 0, 0, 0]"
603.422044,Unknown Device,2,5,32,737,"[0, 0, 0, 0, 0, 64, 0, 0]"
603.422885,Unknown Device,5,4,12,179,"[3, 0, 8, 208, 255, 191, 128, 38]"
603.423733,Unknown Device,5,4,11,179,"[1, 0, 208, 201, 255, 191, 78, 38]"
603.424574,Unknown Device,21,4,20,195,"[241, 223, 6, 16, 2, 0, 0, 5]"
603.425473,Unknown Device,5,4,10,179,"[1, 0, 224, 239, 255, 63, 127, 39]"
603.426331,Unknown Device,2,4,22,177,"[0, 0, 0, 96, 0, 0, 0, 0]"
603.427158,Unknown Device,2,4,7,177,"[0, 0, 0, 224, 0, 0, 0, 0]"
603.427994,Unknown Device,2,5,31,736,"[0, 0, 4, 7, 0, 23, 64, 0]"
603.428778,Unknown Device,2,4,8,177,"[0, 0, 0, 96, 0, 0, 255, 255]"
603.429676,Unknown Device,2,4,6,177,"[0, 0, 0, 96, 0, 0, 0, 0]"
603.430524,Unknown Device,2,4,1,177,"[0, 0, 0, 96, 0, 0, 0, 0]"
603.431444,Unknown Device,2,5,30,737,"[0, 0, 0, 0, 0, 64, 0, 0]"
603.432303,Unknown Device,5,4,12,179,"[3, 0, 8, 208, 255, 127, 128, 38]"
603.433157,Unknown,Unknown,Unknown,Unknown,992,"[26, 238, 170, 159, 8, 246, 0, 0]"
603.434012,Unknown Device,5,4,11,179,"[1, 0, 208, 201, 255, 191, 78, 38]"
603.434932,Unknown Device,21,4,20,180,"[1, 0, 0, 160, 0, 8, 128, 1]"
603.43578,Unknown Device,5,4,10,179,"[1, 0, 224, 239, 255, 63, 127, 39]"
603.436578,Unknown Device,2,4,22,183,"[0, 0, 0, 147, 0, 0, 0, 0]"
603.437484,Unknown Device,2,4,7,177,"[0, 0, 0, 224, 0, 0, 0, 0]"
603.43844,Unknown Device,2,4,7,183,"[0, 0, 128, 28, 255, 255, 0, 0]"
603.439233,Unknown Device,2,4,8,177,"[0, 0, 0, 96, 0, 0, 0, 0]"
603.440088,Unknown Device,2,4,2,183,"[12, 0, 32, 64, 255, 255, 0, 0]"
603.440944,Unknown Device,5,4,4,179,"[8, 0, 184, 220, 255, 255, 229, 38]"
603.441806,Unknown Device,2,4,3,183,"[0, 0, 128, 6, 0, 0, 0, 0]"
603.442647,Unknown Device,2,5,32,737,"[0, 0, 0, 0, 0, 64, 0, 0]"
603.443445,Unknown Device,5,4,11,179,"[1, 0, 208, 201, 255, 191, 78, 38]"
603.444339,Unknown Device,21,4,20,180,"[1, 0, 0, 160, 0, 8, 128, 1]"
603.445187,Unknown Device,21,4,20,200,"[176, 255, 96, 0, 176, 63, 0, 4]"
603.446036,Unknown Device,5,4,10,179,"[1, 0, 224, 239, 255, 63, 127, 39]"
603.44687,Unknown Device,2,4,22,193,"[212, 74, 40, 37, 0, 0, 0, 0]"
603.447711,Unknown Device,2,4,22,184,"[0, 0, 0, 0, 0, 0, 0, 128]"
603.448496,Unknown Device,2,4,22,187,"[0, 0, 2, 0, 0, 0, 0, 0]"
603.449346,Unknown Device,2,4,4,177,"[0, 0, 0, 96, 0, 0, 0, 0]"
603.450194,Unknown Device,2,4,1,177,"[0, 0, 0, 96, 0, 0, 0, 0]"
603.451049,Unknown Device,2,4,26,177,"[0, 0, 0, 224, 0, 0, 0, 0]"
603.451918,Unknown Device,5,4,12,179,"[3, 0, 8, 208, 255, 191, 128, 38]"
603.452773,Unknown Device,2,5,32,736,"[0, 0, 8, 7, 0, 23, 64, 0]"
603.453628,Unknown Device,5,4,11,179,"[1, 0, 208, 201, 255, 191, 78, 38]"
603.454455,Unknown Device,21,4,20,180,"[1, 0, 0, 160, 0, 8, 128, 1]"
603.455437,Unknown Device,5,4,10,179,"[1, 0, 224, 239, 255, 63, 127, 39]"
603.45631,Unknown Device,2,4,22,177,"[0, 0, 0, 96, 0, 0, 0, 0]"
603.457135,Unknown Device,2,4,22,183,"[0, 0, 0, 147, 0, 0, 0, 0]"
603.457977,Unknown Device,2,4,7,177,"[0, 0, 0, 224, 0, 0, 0, 0]"
603.458768,Unknown Device,2,4,7,183,"[0, 0, 128, 28, 255, 255, 0, 0]"
603.459623,Unknown Device,2,4,6,177,"[0, 0, 0, 96, 0, 0, 0, 0]"
603.460464,Unknown Device,2,4,8,183,"[8, 0, 96, 62, 255, 255, 0, 0]"
603.461316,Unknown Device,2,4,3,183,"[0, 0, 128, 6, 0, 0, 0, 0]"
603.462163,Unknown Device,5,4,12,179,"[3, 0, 8, 208, 255, 63, 128, 38]"
603.462997,Unknown Device,2,5,32,737,"[0, 0, 0, 0, 0, 64, 0, 0]"
603.463788,Unknown Device,5,4,11,179,"[1, 0, 208, 201, 255, 191, 78, 38]"
603.464686,Unknown Device,21,4,20,195,"[241, 223, 6, 16, 2, 0, 0, 5]"
603.465534,Unknown Device,5,4,10,179,"[1, 0, 224, 239, 255, 63, 127, 39]"
603.466433,Unknown Device,2,4,22,177,"[0, 0, 0, 96, 0, 0, 0, 0]"
603.467258,Unknown Device,2,4,7,431,"[0, 0, 0, 0, 1, 26, 19, 0]"
603.468106,Unknown Device,2,4,7,285,"[0, 0, 0, 0, 0, 3, 128, 0]"
603.468882,Unknown Device,2,4,7,193,"[0, 243, 199, 46, 0, 0, 0, 0]"
603.469752,Unknown Device,2,4,6,431,"[0, 0, 0, 0, 1, 26, 19, 0]"
603.470614,Unknown Device,2,4,4,177,"[0, 0, 0, 96, 0, 0, 0, 0]"
603.471463,Unknown Device,2,4,7,185,"[0, 0, 0, 0, 0, 0, 0, 128]"
603.472426,Unknown Device,2,4,7,187,"[0, 0, 2, 0, 0, 0, 0, 0]"
603.473277,Unknown Device,2,4,2,193,"[0, 243, 199, 46, 0, 0, 0, 0]"
603.474131,Unknown Device,2,4,6,193,"[0, 243, 199, 46, 0, 0, 0, 0]"
603.475001,Unknown Device,2,4,2,182,"[0, 0, 128, 116, 0, 0, 0, 0]"
603.475864,Unknown Device,2,4,3,177,"[0, 0, 0, 224, 0, 0, 0, 0]"
603.476719,Unknown Device,2,4,6,185,"[0, 0, 0, 0, 0, 0, 0, 128]"
603.477589,Unknown Device,2,4,6,187,"[0, 0, 2, 0, 0, 0, 0, 0]"
603.478437,Unknown Device,2,4,8,193,"[0, 243, 199, 46, 0, 0, 0, 0]"
603.479215,Unknown Device,2,4,5,182,"[0, 0, 64, 84, 0, 0, 0, 0]"
603.480078,Unknown Device,2,4,1,177,"[0, 0, 0, 96, 0, 0, 0, 0]"
603.480926,Unknown Device,2,4,1,183,"[0, 0, 128, 189, 255, 255, 0, 0]"
603.481767,Unknown Device,2,4,3,177,"[0, 0, 0, 224, 0, 0, 0, 0]"
603.482594,Unknown Device,2,4,8,177,"[0, 0, 0, 96, 0, 0, 0, 0]"
603.483442,Unknown Device,2,5,31,736,"[0, 0, 3, 7, 0, 23, 64, 0]"
603.48422,Unknown Device,2,4,26,181,"[0, 0, 0, 0, 92, 20, 21, 20]"
603.485083,Unknown Device,2,4,26,184,"[0, 0, 0, 0, 0, 31, 0, 128]"
603.485974,Unknown Device,2,4,26,185,"[0, 0, 0, 0, 0, 0, 0, 128]"
603.486837,Unknown Device,2,4,26,187,"[0, 0, 2, 139, 11, 0, 0, 0]"
603.48767,Unknown Device,21,4,20,195,"[241, 223, 6, 16, 2, 0, 0, 5]"
603.488562,Unknown Device,2,4,7,177,"[0, 0, 0, 224, 0, 0, 0, 0]"
603.489439,Unknown Device,2,4,8,177,"[0, 0, 0, 96, 0, 0, 0, 0]"
603.490304,Unknown Device,2,4,1,177,"[0, 0, 0, 96, 0, 0, 0, 0]"
603.491158,Unknown Device,2,4,5,177,"[0, 0, 0, 96, 0, 0, 0, 0]"
603.492021,Unknown Device,2,5,32,736,"[0, 0, 8, 7, 0, 23, 64, 0]"
603.49289,Unknown Device,5,4,11,179,"[1, 0, 208, 201, 255, 191, 78, 38]"
603.493724,Unknown Device,21,4,20,431,"[0, 0, 0, 0, 1, 26, 19, 0]"
603.494508,Unknown Device,21,4,20,180,"[1, 0, 0, 160, 0, 8, 128, 1]"
603.495427,Unknown Device,21,4,20,205,"[0, 0, 0, 0, 0, 0, 0, 0]"
603.49632,Unknown Device,2,4,22,177,"[0, 0, 0, 96, 0, 0, 0, 0]"
603.497153,Unknown Device,2,4,22,183,"[0, 0, 0, 147, 0, 0, 0, 0]"
603.498015,Unknown Device,2,4,7,177,"[0, 0, 0, 224, 0, 0, 0, 0]"
603.498927,Unknown Device,2,4,7,183,"[0, 0, 128, 28, 255, 255, 0, 0]"
603.499782,Unknown Device,2,4,6,177,"[0, 0, 0, 96, 0, 0, 0, 0]"
603.500616,Unknown Device,2,4,8,183,"[8, 0, 96, 62, 255, 255, 0, 0]"
603.501457,Unknown Device,5,4,4,179,"[4, 0, 176, 220, 255, 63, 229, 38]"
603.502418,Unknown Device,5,4,12,179,"[3, 0, 8, 208, 255, 191, 128, 38]"
603.503421,Unknown Device,5,4,11,179,"[1, 0, 208, 201, 255, 191, 78, 38]"
603.504417,Unknown Device,21,4,20,180,"[1, 0, 0, 160, 0, 8, 128, 1]"
603.505414,Unknown Device,21,4,20,195,"[241, 223, 6, 16, 2, 0, 0, 5]"
603.506243,Unknown Device,2,4,22,177,"[0, 0, 0, 96, 0, 0, 0, 0]"
603.507077,Unknown,Unknown,Unknown,Unknown,992,"[90, 75, 242, 93, 66, 19, 0, 0]"
603.507918,Unknown Device,2,4,7,177,"[0, 0, 0, 224, 0, 0, 0, 0]"
603.508708,Unknown Device,2,5,31,736,"[0, 0, 3, 7, 0, 23, 64, 0]"
603.509571,Unknown Device,2,4,4,177,"[0, 0, 0, 96, 0, 0, 0, 0]"
603.510419,Unknown Device,2,4,1,177,"[0, 0, 0, 96, 0, 0, 0, 0]"
603.511292,Unknown Device,2,5,30,736,"[0, 0, 4, 7, 0, 21, 64, 0]"
603.512161,Unknown Device,2,5,32,736,"[0, 0, 7, 7, 0, 23, 64, 0]"
603.512995,Unknown Device,5,4,11,179,"[1, 0, 208, 201, 255, 191, 78, 38]"
603.513785,Unknown Device,21,4,20,180,"[2, 0, 0, 160, 0, 8, 128, 1]"
603.514683,Unknown Device,5,4,10,179,"[1, 0, 224, 239, 255, 63, 127, 39]"
603.515531,Unknown Device,2,4,22,177,"[0, 0, 0, 96, 0, 0, 0, 0]"
603.516415,Unknown Device,2,4,22,183,"[0, 0, 0, 147, 0, 0, 0, 0]"
603.517258,Unknown,Unknown,Unknown,Unknown,992,"[234, 108, 109, 246, 92, 226, 0, 0]"
603.518099,Unknown Device,2,4,7,177,"[0, 0, 0, 224, 0, 0, 0, 0]"
603.518883,Unknown Device,2,5,31,736,"[0, 0, 3, 7, 0, 23, 64, 0]"
603.519738,Unknown Device,2,4,2,177,"[0, 0, 0, 96, 0, 0, 0, 0]"
603.520586,Unknown Device,2,4,6,183,"[4, 0, 128, 191, 255, 255, 0, 0]"
603.521535,Unknown Device,5,4,4,179,"[8, 0, 192, 220, 255, 127, 229, 38]"
603.522433,Unknown Device,5,4,12,179,"[53, 0, 16, 208, 255, 127, 128, 38]"
603.52332,Unknown Device,5,4,11,179,"[1, 0, 208, 201, 255, 191, 78, 38]"
603.524189,Unknown Device,21,4,20,180,"[2, 0, 0, 160, 0, 8, 128, 1]"
603.525117,Unknown Device,21,4,20,195,"[241, 223, 6, 16, 2, 0, 0, 5]"
603.526029,Unknown Device,5,4,10,179,"[1, 0, 224, 239, 255, 63, 127, 39]"
603.526892,Unknown,Unknown,Unknown,Unknown,992,"[54, 16, 26, 22, 241, 123, 0, 0]"
603.527805,Unknown Device,2,4,7,177,"[0, 0, 0, 224, 0, 0, 0, 0]"
603.52871,Unknown,Unknown,Unknown,Unknown,992,"[102, 36, 63, 167, 5, 86, 0, 0]"
603.529559,Unknown Device,2,5,31,737,"[0, 0, 0, 0, 0, 64, 0, 0]"
603.530428,Unknown Device,5,4,13,179,"[2, 0, 152, 207, 255, 255, 123, 38]"
603.531272,Unknown Device,2,4,26,177,"[0, 0, 0, 224, 0, 0, 0, 0]"
603.532206,Unknown Device,2,5,32,736,"[0, 0, 8, 7, 0, 23, 64, 0]"
603.533183,Unknown Device,5,4,11,179,"[1, 0, 208, 201, 255, 191, 78, 38]"
603.534039,Unknown Device,21,4,20,180,"[2, 0, 0, 160, 0, 8, 128, 1]"
603.534939,Unknown Device,5,4,10,179,"[1, 0, 224, 239, 255, 63, 127, 39]"
603.535941,Unknown Device,2,4,22,177,"[0, 0, 0, 96, 0, 0, 0, 0]"
603.53674,Unknown Device,2,4,22,183,"[0, 0, 0, 147, 0, 0, 0, 0]"
603.537602,Unknown Device,2,4,7,177,"[0, 0, 0, 224, 0, 0, 0, 0]"
603.538492,Unknown Device,2,4,7,183,"[0, 0, 128, 28, 255, 255, 0, 0]"
603.539404,Unknown Device,5,4,13,179,"[2, 0, 152, 207, 255, 255, 123, 38]"
603.540226,Unknown Device,2,4,1,177,"[0, 0, 0, 96, 0, 0, 0, 0]"
603.541123,Unknown Device,2,4,5,177,"[0, 0, 0, 96, 0, 0, 0, 0]"
603.541986,Unknown Device,2,4,5,183,"[0, 0, 64, 84, 0, 0, 0, 0]"
603.542812,Unknown,Unknown,Unknown,Unknown,992,"[35, 99, 104, 70, 89, 183, 0, 0]"
603.54366,Unknown Device,5,4,11,179,"[0, 0, 208, 201, 255, 191, 78, 38]"
603.544445,Unknown Device,21,4,20,195,"[241, 223, 6, 0, 2, 0, 0, 5]"
603.545303,Unknown Device,21,4,20,200,"[104, 255, 96, 0, 204, 63, 0, 4]"
603.54615,Unknown Device,2,4,22,177,"[0, 0, 0, 96, 0, 0, 0, 0]"
603.546994,Unknown Device,2,4,7,177,"[0, 0, 0, 224, 0, 0, 0, 0]"
603.547826,Unknown Device,2,5,31,736,"[0, 0, 2, 7, 0, 23, 64, 0]"
603.54866,Unknown Device,2,5,31,737,"[0, 0, 0, 0, 0, 64, 0, 0]"
603.549445,Unknown Device,2,4,4,177,"[0, 0, 0, 96, 0, 0, 0, 0]"
603.55031,Unknown Device,2,4,1,177,"[0, 0, 0, 96, 0, 0, 0, 0]"
603.551157,Unknown Device,2,4,26,177,"[0, 0, 0, 224, 0, 0, 0, 0]"
603.552006,Unknown Device,2,5,32,736,"[0, 0, 8, 7, 0, 23, 64, 0]"
603.552832,Unknown Device,5,4,11,179,"[0, 0, 208, 201, 255, 191, 78, 38]"
603.553673,Unknown Device,21,4,20,180,"[2, 0, 0, 160, 0, 8, 128, 1]"
603.554452,Unknown Device,5,4,10,179,"[1, 0, 224, 239, 255, 63, 127, 39]"
603.555401,Unknown Device,2,4,22,177,"[0, 0, 0, 96, 0, 0, 0, 0]"
603.556258,Unknown Device,2,4,22,183,"[0, 0, 0, 147, 0, 0, 0, 0]"
603.557099,Unknown Device,2,4,7,177,"[0, 0, 0, 224, 0, 0, 0, 0]"
603.557926,Unknown Device,2,4,7,183,"[0, 0, 128, 28, 255, 255, 0, 0]"
603.558759,Unknown Device,2,5,31,736,"[0, 0, 2, 7, 0, 23, 64, 0]"
603.559572,Unknown Device,2,4,6,177,"[0, 0, 0, 96, 0, 0, 0, 0]"
603.560427,Unknown Device,2,4,8,183,"[8, 0, 96, 62, 255, 255, 0, 0]"
603.561278,Unknown Device,2,4,3,183,"[0, 0, 128, 6, 0, 0, 0, 0]"
603.562147,Unknown Device,2,5,32,737,"[0, 0, 0, 0, 0, 64, 0, 0]"
603.562974,Unknown Device,5,4,12,179,"[244, 255, 7, 208, 255, 127, 128, 38]"
603.563807,Unknown Device,5,4,11,179,"[0, 0, 208, 201, 255, 191, 78, 38]"
603.564591,Unknown Device,21,4,20,195,"[241, 223, 6, 0, 2, 0, 0, 5]"
603.565446,Unknown Device,5,4,10,179,"[1, 0, 224, 239, 255, 63, 127, 39]"
603.56629,Unknown Device,2,4,22,177,"[0, 0, 0, 96, 0, 0, 0, 0]"
603.567152,Unknown Device,2,4,7,177,"[0, 0, 0, 224, 0, 0, 0, 0]"
603.568023,Unknown Device,2,5,31,736,"[0, 0, 2, 7, 0, 23, 64, 0]"
603.568879,Unknown Device,2,4,8,177,"[0, 0, 0, 96, 0, 0, 0, 0]"
603.569741,Unknown Device,5,4,13,179,"[2, 0, 152, 207, 255, 255, 123, 38]"
603.570611,Unknown Device,5,4,4,179,"[2, 0, 176, 220, 255, 63, 229, 38]"
603.571473,Unknown Device,2,5,30,737,"[0, 0, 0, 0, 0, 64, 0, 0]"
603.572393,Unknown Device,2,5,32,736,"[0, 0, 7, 7, 0, 23, 64, 0]"
603.573215,Unknown Device,5,4,11,179,"[0, 0, 208, 201, 255, 191, 78, 38]"
603.574063,Unknown Device,21,4,20,180,"[2, 0, 0, 160, 0, 8, 128, 1]"
603.574836,Unknown Device,2,4,22,177,"[0, 0, 0, 96, 0, 0, 0, 0]"
603.575698,Unknown Device,5,4,10,179,"[1, 0, 224, 239, 255, 63, 127, 39]"
603.576553,Unknown Device,2,4,22,183,"[0, 0, 0, 147, 0, 0, 0, 0]"
603.577404,Unknown Device,2,4,7,177,"[0, 0, 0, 224, 0, 0, 0, 0]"
603.578269,Unknown Device,2,4,7,183,"[0, 0, 128, 28, 255, 255, 0, 0]"
603.579059,Unknown Device,2,5,31,736,"[0, 0, 2, 7, 0, 23, 64, 0]"
603.579929,Unknown Device,2,4,4,183,"[0, 0, 64, 39, 255, 255, 0, 0]"
603.580776,Unknown Device,2,5,30,736,"[0, 0, 4, 7, 0, 21, 64, 0]"
603.581638,Unknown Device,5,4,12,179,"[2, 0, 8, 208, 255, 191, 128, 38]"
603.5825,Unknown Device,2,5,32,737,"[0, 0, 0, 0, 0, 64, 0, 0]"
603.583383,Unknown Device,5,4,11,179,"[0, 0, 208, 201, 255, 191, 78, 38]"
603.584156,Unknown Device,21,4,20,180,"[2, 0, 0, 160, 0, 8, 128, 1]"
603.585018,Unknown Device,21,4,20,195,"[241, 223, 6, 0, 2, 0, 0, 5]"
603.585873,Unknown Device,5,4,10,179,"[1, 0, 224, 239, 255, 63, 127, 39]"
603.586728,Unknown Device,2,4,22,177,"[0, 0, 0, 96, 0, 0, 0, 0]"
603.587555,Unknown Device,2,4,7,177,"[0, 0, 0, 224, 0, 0, 0, 0]"
603.588396,Unknown Device,2,5,31,736,"[0, 0, 2, 7, 0, 23, 64, 0]"
603.589182,Unknown Device,2,4,8,177,"[0, 0, 0, 96, 0, 0, 0, 0]"
603.590087,Unknown Device,2,4,1,177,"[0, 0, 0, 96, 0, 0, 0, 0]"
603.590942,Unknown Device,2,4,5,177,"[0, 0, 0, 96, 0, 0, 0, 0]"
603.591797,Unknown Device,5,4,12,179,"[2, 0, 8, 208, 255, 127, 128, 38]"
603.592645,Unknown Device,2,5,32,736,"[0, 0, 7, 7, 0, 23, 64, 0]"
603.593536,Unknown Device,5,4,11,179,"[0, 0, 208, 201, 255, 191, 78, 38]"
603.594405,Unknown Device,21,4,20,180,"[2, 0, 0, 160, 0, 8, 128, 1]"
603.595234,Unknown Device,5,4,10,179,"[1, 0, 224, 239, 255, 63, 127, 39]"
603.596075,Unknown Device,2,4,22,177,"[0, 0, 0, 96, 0, 0, 0, 0]"
603.596858,Unknown Device,2,4,22,183,"[0, 0, 0, 147, 0, 0, 0, 0]"
603.597757,Unknown Device,2,4,7,177,"[0, 0, 0, 224, 0, 0, 0, 0]"
603.598605,Unknown Device,2,4,7,183,"[0, 0, 128, 28, 255, 255, 0, 0]"
603.59946,Unknown Device,2,4,4,177,"[0, 0, 0, 96, 0, 0, 0, 0]"
603.60038,Unknown Device,2,4,6,183,"[4, 0, 128, 191, 255, 255, 0, 0]"
603.60118,Unknown Device,2,4,5,177,"[0, 0, 0, 96, 0, 0, 0, 0]"
603.60205,Unknown Device,2,5,32,736,"[0, 0, 7, 7, 0, 23, 64, 0]"
603.602906,Unknown Device,5,4,12,179,"[2, 0, 8, 208, 255, 127, 128, 38]"
603.603768,Unknown Device,5,4,11,179,"[0, 0, 208, 201, 255, 191, 78, 38]"
603.604631,Unknown Device,21,4,20,195,"[241, 223, 6, 0, 2, 0, 0, 5]"
603.605536,Unknown Device,5,4,10,179,"[1, 0, 224, 239, 255, 63, 127, 39]"
603.606391,Unknown Device,2,4,22,177,"[0, 0, 0, 96, 0, 0, 0, 0]"
603.607253,Unknown Device,2,4,7,177,"[0, 0, 0, 224, 0, 0, 0, 0]"
603.608087,Unknown Device,2,5,31,736,"[0, 0, 3, 7, 0, 23, 64, 0]"
603.608928,Unknown Device,2,5,31,737,"[0, 0, 0, 0, 0, 64, 0, 0]"
603.609711,Unknown Device,2,4,2,177,"[0, 0, 0, 96, 0, 0, 0, 0]"
603.610567,Unknown Device,2,4,1,177,"[0, 0, 0, 96, 0, 0, 0, 0]"
603.611415,Unknown Device,5,4,4,179,"[3, 0, 184, 220, 255, 191, 229, 38]"
603.612273,Unknown Device,2,5,32,736,"[0, 0, 7, 7, 0, 23, 64, 0]"
603.613142,Unknown Device,5,4,11,179,"[0, 0, 208, 201, 255, 191, 78, 38]"
603.613947,Unknown Device,21,4,20,180,"[2, 0, 0, 160, 0, 8, 128, 1]"
603.614734,Unknown Device,5,4,10,179,"[0, 0, 224, 239, 255, 63, 127, 39]"
603.615589,Unknown Device,2,4,22,177,"[0, 0, 0, 96, 0, 0, 0, 0]"
603.61643,Unknown Device,2,4,22,183,"[0, 0, 0, 147, 0, 0, 0, 0]"
603.617285,Unknown Device,2,4,7,177,"[0, 0, 0, 224, 0, 0, 0, 0]"
603.61811,Unknown Device,2,4,7,183,"[0, 0, 128, 28, 255, 255, 0, 0]"
603.61898,Unknown Device,2,5,31,736,"[0, 0, 2, 7, 0, 23, 64, 0]"
603.619835,Unknown Device,2,4,2,177,"[0, 0, 0, 96, 0, 0, 0, 0]"
603.620662,Unknown Device,2,4,1,183,"[0, 0, 128, 189, 255, 255, 0, 0]"
603.621503,Unknown Device,5,4,4,194,"[183, 192, 0, 0, 0, 0, 0, 0]"
603.622365,Unknown Device,5,4,4,431,"[0, 0, 0, 0, 1, 26, 19, 128]"
603.623223,Unknown Device,5,4,4,179,"[0, 0, 168, 220, 255, 255, 228, 38]"
603.624121,Unknown Device,5,4,11,179,"[0, 0, 208, 201, 255, 191, 78, 38]"
603.624955,Unknown Device,21,4,20,195,"[241, 223, 6, 0, 2, 0, 0, 5]"
603.625781,Unknown Device,5,4,10,179,"[0, 0, 224, 239, 255, 63, 127, 39]"
603.626621,Unknown Device,2,4,22,177,"[36, 0, 0, 112, 7, 128, 155, 250]"
603.627406,Unknown Device,2,4,7,177,"[0, 0, 0, 224, 0, 0, 0, 0]"
603.628367,Unknown Device,2,5,31,737,"[0, 0, 0, 0, 0, 64, 0, 0]"
603.630745,Unknown Device,2,5,31,736,"[0, 0, 252, 6, 0, 23, 64, 0]"
603.636246,Unknown Device,2,4,1,177,"[0, 0, 0, 96, 0, 0, 0, 0]"
603.637151,Unknown Device,2,5,32,736,"[0, 0, 1, 7, 0, 23, 64, 0]"
603.638062,Unknown Device,2,4,22,183,"[0, 0, 0, 147, 0, 0, 0, 0]"
603.638868,Unknown Device,2,4,7,183,"[0, 0, 128, 28, 255, 255, 0, 0]"
603.63968,Unknown Device,2,4,2,177,"[0, 0, 0, 96, 0, 0, 0, 0]"
603.640592,Unknown Device,2,4,8,183,"[8, 0, 96, 62, 255, 255, 0, 0]"
603.641441,Unknown Device,5,4,4,179,"[1, 0, 176, 220, 255, 191, 229, 38]"
603.642361,Unknown Device,2,5,32,737,"[0, 0, 0, 0, 0, 64, 0, 0]"
603.643175,Unknown Device,5,4,12,194,"[173, 192, 224, 123, 24, 0, 0, 0]"
603.644016,Unknown Device,5,4,11,209,"[0, 0, 0, 0, 0, 0, 0, 0]"
603.644943,Unknown Device,5,4,11,285,"[0, 0, 0, 0, 24, 0, 0, 0]"
603.645799,Unknown Device,21,4,20,200,"[176, 255, 80, 0, 4, 64, 0, 4]"
603.646596,Unknown Device,5,4,10,431,"[0, 0, 0, 1, 1, 26, 19, 0]"
603.647452,Unknown Device,5,4,10,285,"[0, 0, 0, 0, 24, 0, 0, 0]"
603.648357,Unknown Device,2,4,7,177,"[220, 127, 0, 240, 248, 143, 221, 2]"
603.649208,Unknown Device,2,4,4,177,"[36, 0, 0, 112, 7, 128, 29, 255]"
603.650034,Unknown Device,5,4,13,179,"[2, 0, 152, 207, 255, 255, 123, 38]"
603.650875,Unknown Device,2,5,30,736,"[0, 0, 210, 6, 0, 21, 64, 0]"
603.651766,Unknown Device,5,4,12,179,"[2, 0, 8, 208, 255, 191, 128, 38]"
603.652622,Unknown Device,2,5,32,736,"[0, 0, 217, 6, 0, 23, 64, 0]"
603.65347,Unknown Device,5,4,11,179,"[0, 0, 208, 201, 255, 191, 78, 38]"
603.654383,Unknown Device,21,4,20,180,"[3, 0, 0, 160, 0, 8, 128, 1]"
603.655367,Unknown Device,2,4,22,177,"[36, 0, 0, 112, 7, 128, 225, 253]"
603.656203,Unknown Device,2,4,22,183,"[0, 0, 0, 147, 0, 0, 0, 0]"
603.657133,Unknown Device,2,4,7,177,"[220, 127, 0, 240, 248, 143, 242, 9]"
603.657974,Unknown Device,2,4,7,183,"[228, 251, 31, 26, 255, 255, 242, 63]"
603.65893,Unknown Device,2,4,8,177,"[36, 0, 0, 112, 7, 128, 229, 10]"
603.659778,Unknown Device,2,4,1,177,"[36, 0, 0, 112, 7, 128, 97, 5]"
603.660605,Unknown Device,2,4,5,177,"[36, 0, 0, 112, 7, 128, 15, 11]"
603.661374,Unknown Device,5,4,4,179,"[251, 255, 175, 220, 255, 63, 229, 38]"
603.662152,Unknown Device,2,5,32,737,"[0, 0, 0, 0, 0, 64, 0, 0]"
603.662979,Unknown Device,5,4,11,179,"[0, 0, 208, 201, 255, 127, 78, 38]"
603.663755,Unknown Device,21,4,20,180,"[3, 0, 0, 160, 0, 8, 128, 1]"
603.664546,Unknown Device,21,4,20,195,"[241, 223, 6, 0, 2, 0, 0, 5]"
603.666271,Unknown Device,5,4,10,179,"[0, 0, 216, 239, 255, 255, 126, 39]"
603.66709,Unknown Device,2,4,22,177,"[32, 0, 0, 112, 7, 128, 210, 252]"
603.667938,Unknown Device,2,4,7,177,"[220, 127, 0, 240, 248, 143, 213, 11]"
603.668722,Unknown Device,2,4,8,177,"[36, 0, 0, 112, 7, 128, 233, 11]"
603.669584,Unknown Device,2,4,1,177,"[36, 0, 0, 112, 7, 128, 189, 9]"
603.670487,Unknown Device,2,4,26,177,"[220, 127, 0, 240, 248, 143, 123, 248]"
603.671391,Unknown Device,5,4,4,179,"[0, 0, 168, 220, 255, 255, 228, 38]"
603.672157,Unknown Device,5,4,12,179,"[52, 0, 24, 208, 255, 255, 128, 38]"
603.672969,Unknown Device,2,5,32,736,"[0, 0, 209, 6, 0, 24, 64, 0]"
603.673853,Unknown Device,5,4,11,179,"[213, 255, 199, 201, 255, 63, 78, 38]"
603.674736,Unknown Device,21,4,20,180,"[4, 0, 0, 160, 0, 8, 128, 1]"
603.675541,Unknown Device,2,4,22,177,"[32, 0, 0, 112, 7, 128, 210, 250]"
603.676347,Unknown Device,2,4,22,183,"[0, 0, 0, 147, 0, 0, 0, 0]"
603.677098,Unknown Device,2,4,7,177,"[220, 127, 0, 240, 248, 143, 121, 12]"
603.677855,Unknown Device,2,4,7,183,"[156, 255, 95, 23, 255, 255, 14, 0]"
603.678611,Unknown Device,2,4,8,177,"[36, 0, 0, 112, 7, 128, 58, 12]"
603.679346,Unknown Device,2,4,2,177,"[36, 0, 0, 112, 7, 128, 144, 12]"
603.680111,Unknown Device,2,5,31,736,"[0, 0, 200, 6, 0, 23, 64, 0]"
603.680903,Unknown Device,2,4,26,183,"[0, 0, 192, 162, 0, 0, 0, 0]"
603.681722,Unknown Device,5,4,12,179,"[2, 0, 16, 208, 255, 255, 128, 38]"
603.6825,Unknown Device,2,5,32,737,"[0, 0, 0, 0, 0, 64, 0, 0]"
603.683348,Unknown Device,2,5,30,752,"[0, 0, 0, 0, 183, 16, 215, 120]"
603.684141,Unknown Device,5,4,11,179,"[3, 0, 192, 201, 255, 127, 78, 38]"
603.684919,Unknown Device,21,4,20,195,"[241, 223, 6, 0, 2, 4, 0, 5]"
603.685746,Unknown Device,2,4,22,177,"[32, 0, 0, 112, 7, 128, 146, 252]"
603.686666,Unknown Device,5,4,10,179,"[7, 0, 200, 239, 255, 127, 126, 39]"
603.6875,Unknown Device,2,4,7,177,"[220, 127, 0, 240, 248, 143, 135, 12]"
603.688377,Unknown Device,2,4,8,177,"[36, 0, 0, 112, 7, 128, 98, 12]"
603.689234,Unknown Device,2,4,6,177,"[36, 0, 0, 112, 7, 128, 235, 12]"
603.690061,Unknown Device,5,4,13,179,"[243, 255, 135, 207, 255, 63, 123, 38]"
603.690909,Unknown Device,2,5,30,737,"[0, 0, 0, 0, 0, 64, 0, 0]"
603.691685,Unknown Device,5,4,12,179,"[2, 0, 16, 208, 255, 191, 128, 38]"
603.692591,Unknown Device,2,5,32,736,"[0, 0, 206, 6, 0, 24, 64, 0]"
603.693439,Unknown Device,5,4,11,179,"[3, 0, 192, 201, 255, 127, 78, 38]"
603.694338,Unknown Device,21,4,20,180,"[7, 0, 0, 160, 0, 8, 128, 1]"
603.695166,Unknown Device,5,4,10,179,"[3, 0, 200, 239, 255, 127, 126, 39]"
603.696,Unknown Device,2,4,22,431,"[0, 0, 0, 0, 1, 26, 19, 0]"
603.696934,Unknown Device,2,4,22,181,"[74, 253, 253, 191, 73, 19, 23, 0]"
603.697912,Unknown Device,2,4,22,185,"[0, 0, 0, 0, 0, 0, 0, 128]"
603.698767,Unknown Device,2,4,7,183,"[0, 0, 0, 23, 255, 255, 3, 0]"
603.699608,Unknown Device,2,4,1,177,"[36, 0, 0, 112, 7, 128, 137, 12]"
603.700464,Unknown Device,2,4,3,177,"[220, 127, 0, 240, 248, 143, 29, 12]"
603.701333,Unknown Device,2,5,30,736,"[0, 0, 202, 6, 0, 21, 64, 0]"
603.702205,Unknown Device,2,5,32,736,"[0, 0, 203, 6, 0, 24, 64, 0]"
603.703054,Unknown Device,2,5,32,737,"[0, 0, 0, 0, 0, 64, 0, 0]"
603.703981,Unknown Device,5,4,11,179,"[3, 0, 192, 201, 255, 63, 78, 38]"
603.704764,Unknown Device,21,4,20,195,"[241, 223, 6, 0, 2, 4, 0, 5]"
603.705569,Unknown Device,5,4,10,179,"[3, 0, 200, 239, 255, 127, 126, 39]"
603.706468,Unknown Device,2,4,22,177,"[32, 0, 0, 112, 7, 128, 26, 250]"
603.707366,Unknown,Unknown,Unknown,Unknown,992,"[193, 252, 179, 167, 220, 81, 0, 0]"
603.708224,Unknown Device,2,4,7,177,"[220, 127, 0, 240, 248, 143, 167, 12]"
603.709115,Unknown Device,2,4,4,177,"[36, 0, 0, 112, 7, 128, 142, 255]"
603.709913,Unknown Device,5,4,13,179,"[255, 255, 127, 207, 255, 255, 122, 38]"
603.710818,Unknown Device,2,5,30,736,"[0, 0, 199, 6, 0, 21, 64, 0]"
603.71171,Unknown Device,2,5,30,737,"[0, 0, 0, 0, 0, 64, 0, 0]"
603.712637,Unknown Device,2,5,32,736,"[0, 0, 203, 6, 0, 24, 64, 0]"
603.713571,Unknown Device,5,4,11,179,"[3, 0, 192, 201, 255, 63, 78, 38]"
603.714477,Unknown Device,21,4,20,180,"[8, 0, 0, 160, 0, 8, 128, 1]"
603.715346,Unknown Device,2,4,22,177,"[32, 0, 0, 112, 7, 128, 244, 247]"
603.71621,Unknown Device,2,4,22,183,"[0, 0, 64, 147, 0, 0, 0, 0]"
603.717045,Unknown Device,2,4,7,431,"[0, 0, 0, 0, 1, 26, 19, 0]"
603.717829,Unknown Device,2,4,7,285,"[0, 0, 0, 0, 0, 3, 128, 0]"
603.718684,Unknown Device,2,4,8,431,"[0, 0, 0, 0, 1, 26, 19, 0]"
603.719532,Unknown Device,2,4,8,193,"[0, 243, 199, 46, 0, 0, 0, 0]"
603.720387,Unknown Device,2,4,8,182,"[212, 255, 95, 79, 0, 0, 0, 0]"
603.721223,Unknown Device,2,4,8,184,"[0, 0, 0, 0, 0, 0, 0, 128]"
603.722057,Unknown Device,2,4,8,187,"[0, 0, 6, 0, 0, 0, 0, 0]"
603.722905,Unknown Device,2,4,2,193,"[0, 243, 199, 46, 0, 0, 0, 0]"
603.723795,Unknown Device,2,4,2,181,"[102, 134, 5, 64, 84, 19, 23, 21]"
603.724587,Unknown Device,2,4,2,184,"[0, 0, 0, 0, 0, 0, 0, 128]"
603.725449,Unknown Device,2,4,4,177,"[36, 0, 0, 112, 7, 128, 149, 255]"
603.726332,Unknown Device,2,4,22,177,"[0, 0, 0, 96, 0, 0, 44, 253]"
603.727189,Unknown Device,2,4,4,184,"[0, 0, 0, 0, 0, 0, 0, 128]"
603.72803,Unknown Device,2,4,3,185,"[0, 0, 0, 0, 0, 0, 0, 128]"
603.728864,Unknown Device,2,4,3,186,"[8, 0, 0, 0, 0, 0, 0, 0]"
603.729649,Unknown Device,2,4,5,186,"[8, 0, 0, 0, 0, 0, 0, 0]"
603.730511,Unknown Device,2,4,26,285,"[0, 0, 0, 0, 0, 8, 192, 0]"
603.731359,Unknown Device,2,4,26,177,"[220, 127, 0, 240, 248, 143, 20, 250]"
603.732203,Unknown,Unknown,Unknown,Unknown,992,"[167, 132, 134, 194, 173, 156, 0, 0]"
603.733022,Unknown,Unknown,Unknown,Unknown,992,"[255, 142, 146, 243, 42, 143, 0, 0]"
603.733863,Unknown Device,2,4,26,187,"[0, 0, 6, 80, 15, 0, 0, 0]"
603.734639,Unknown Device,2,5,30,737,"[0, 0, 0, 0, 0, 64, 0, 0]"
603.735502,Unknown Device,5,4,11,179,"[3, 0, 192, 201, 255, 63, 78, 38]"
603.736393,Unknown Device,5,4,10,179,"[3, 0, 200, 239, 255, 63, 126, 39]"
603.737244,Unknown Device,21,4,20,180,"[7, 0, 0, 160, 0, 8, 128, 1]"
603.73807,Unknown Device,2,4,7,177,"[220, 127, 0, 240, 248, 143, 144, 7]"
603.738904,Unknown Device,2,5,31,736,"[0, 0, 208, 6, 0, 23, 64, 0]"
603.739687,Unknown Device,2,4,2,183,"[8, 0, 32, 64, 255, 255, 0, 0]"
603.740586,Unknown Device,2,4,5,177,"[32, 0, 0, 112, 7, 128, 234, 12]"
603.741441,Unknown Device,5,4,4,179,"[252, 255, 167, 220, 255, 127, 229, 38]"
603.742318,Unknown Device,2,5,32,737,"[0, 0, 0, 0, 0, 64, 0, 0]"
603.743218,Unknown Device,5,4,11,179,"[18, 0, 200, 201, 255, 127, 78, 38]"
603.744074,Unknown,Unknown,Unknown,Unknown,992,"[2, 174, 98, 159, 20, 225, 0, 0]"
603.744922,Unknown Device,21,4,20,180,"[7, 0, 0, 160, 0, 8, 128, 1]"
603.745784,Unknown Device,5,4,10,179,"[210, 255, 199, 239, 255, 63, 126, 39]"
603.74664,Unknown Device,21,4,20,205,"[0, 0, 0, 0, 0, 0, 0, 0]"
603.747488,Unknown Device,21,4,20,206,"[203, 255, 96, 0, 99, 2, 0, 0]"
603.748314,Unknown Device,8,5,1,100,"[0, 0, 144, 128, 0, 28, 0, 0]"
603.749208,Unknown Device,2,4,8,177,"[0, 0, 0, 96, 0, 0, 95, 4]"
603.75007,Unknown Device,2,4,1,177,"[0, 0, 0, 96, 0, 0, 88, 4]"
603.75094,Unknown Device,2,4,3,177,"[0, 0, 0, 226, 0, 16, 239, 255]"
603.751853,Unknown Device,5,4,12,179,"[2, 0, 16, 208, 255, 191, 128, 38]"
603.752715,Unknown Device,2,5,32,736,"[0, 0, 249, 6, 0, 24, 64, 0]"
603.753585,Unknown Device,5,4,11,179,"[3, 0, 200, 201, 255, 127, 78, 38]"
603.75444,Unknown Device,21,4,20,180,"[6, 0, 0, 160, 0, 8, 128, 1]"
603.75531,Unknown Device,5,4,10,179,"[3, 0, 192, 239, 255, 255, 125, 39]"
603.756174,Unknown Device,2,4,22,177,"[0, 0, 0, 96, 0, 0, 242, 255]"
603.757008,Unknown Device,2,4,22,183,"[0, 0, 0, 147, 0, 0, 0, 0]"
603.757799,Unknown Device,2,4,7,177,"[0, 0, 0, 224, 0, 0, 130, 0]"
603.758661,Unknown Device,2,4,7,183,"[252, 1, 64, 27, 255, 255, 247, 63]"
603.759502,Unknown Device,2,4,6,177,"[0, 0, 0, 96, 0, 0, 42, 1]"
603.76035,Unknown Device,2,4,6,183,"[12, 0, 0, 191, 255, 255, 0, 0]"
603.761172,Unknown Device,2,4,26,177,"[0, 0, 0, 224, 0, 0, 65, 255]"
603.762012,Unknown Device,2,5,32,736,"[0, 0, 251, 6, 0, 24, 64, 0]"
603.76279,Unknown Device,2,5,32,737,"[0, 0, 0, 0, 0, 64, 0, 0]"
603.763652,Unknown,Unknown,Unknown,Unknown,992,"[103, 121, 75, 57, 99, 53, 0, 0]"
603.764493,Unknown Device,21,4,20,180,"[4, 0, 0, 160, 0, 8, 128, 1]"
603.765341,Unknown Device,21,4,20,195,"[241, 223, 6, 240, 1, 0, 0, 5]"
603.766198,Unknown Device,2,4,22,177,"[0, 0, 0, 96, 0, 0, 252, 255]"
603.767053,Unknown Device,8,5,1,96,"[0, 0, 0, 0, 0, 0, 0, 0]"
603.767901,Unknown Device,8,5,1,97,"[0, 0, 0, 0, 0, 0, 0, 0]"
603.768728,Unknown Device,8,5,1,99,"[0, 0, 0, 0, 0, 0, 0, 0]"
603.76959,Unknown Device,5,4,13,179,"[1, 0, 112, 207, 255, 63, 123, 38]"
603.770453,Unknown Device,2,4,1,177,"[0, 0, 0, 96, 0, 0, 76, 0]"
603.771308,Unknown Device,2,5,30,737,"[0, 0, 0, 0, 0, 64, 0, 0]"
603.772193,Unknown Device,2,5,32,736,"[0, 0, 253, 6, 0, 24, 64, 0]"
603.773055,Unknown Device,5,4,11,179,"[2, 0, 200, 201, 255, 191, 78, 38]"
603.773974,Unknown Device,21,4,20,180,"[3, 0, 0, 144, 0, 8, 128, 1]"
603.774871,Unknown Device,5,4,10,179,"[6, 0, 208, 239, 255, 191, 126, 39]"
603.775734,Unknown Device,2,4,22,177,"[0, 0, 0, 96, 0, 0, 255, 255]"
603.776647,Unknown Device,2,4,22,183,"[0, 0, 0, 147, 0, 0, 0, 0]"
603.777509,Unknown Device,2,4,7,177,"[0, 0, 0, 224, 0, 0, 9, 0]"
603.778358,Unknown Device,2,4,7,183,"[20, 255, 159, 27, 255, 255, 246, 63]"
603.77923,Unknown Device,2,4,8,177,"[0, 0, 0, 96, 0, 0, 20, 0]"
603.780121,Unknown Device,2,4,2,183,"[8, 0, 32, 64, 255, 255, 0, 0]"
603.780976,Unknown Device,2,4,5,177,"[0, 0, 0, 96, 0, 0, 20, 0]"
603.781839,Unknown Device,5,4,4,179,"[5, 0, 176, 220, 255, 255, 229, 38]"
603.78268,Unknown Device,5,4,12,179,"[1, 0, 8, 208, 255, 191, 128, 38]"
603.7836,Unknown Device,5,4,11,179,"[5, 0, 216, 201, 255, 191, 78, 38]"
603.784584,Unknown Device,21,4,20,180,"[3, 0, 0, 144, 0, 8, 128, 1]"
603.785425,Unknown Device,21,4,20,195,"[241, 223, 6, 240, 1, 0, 0, 5]"
603.786302,Unknown Device,5,4,10,179,"[3, 0, 208, 239, 255, 191, 126, 39]"
603.787131,Unknown Device,8,5,1,96,"[0, 0, 0, 0, 0, 0, 0, 0]"
603.788015,Unknown Device,8,5,1,98,"[0, 0, 0, 0, 0, 0, 0, 0]"
603.788921,Unknown Device,8,5,1,99,"[0, 0, 0, 0, 0, 0, 0, 0]"
603.789762,Unknown Device,2,4,2,177,"[0, 0, 0, 96, 0, 0, 253, 255]"
603.790596,Unknown Device,2,4,1,177,"[0, 0, 0, 96, 0, 0, 5, 0]"
603.791372,Unknown Device,5,4,4,179,"[2, 0, 176, 220, 255, 255, 229, 38]"
603.792299,Unknown Device,2,5,32,736,"[0, 0, 254, 6, 0, 24, 64, 0]"
603.793171,Unknown Device,5,4,11,179,"[244, 255, 207, 201, 255, 191, 78, 38]"
603.794012,Unknown Device,21,4,20,180,"[3, 0, 0, 144, 0, 8, 128, 1]"
603.794831,Unknown Device,5,4,10,179,"[3, 0, 208, 239, 255, 191, 126, 39]"
603.795687,Unknown Device,2,4,22,177,"[0, 0, 0, 96, 0, 0, 255, 255]"
603.796599,Unknown Device,2,4,22,183,"[0, 0, 0, 147, 0, 0, 0, 0]"
603.797455,Unknown Device,2,4,7,177,"[0, 0, 0, 224, 0, 0, 1, 0]"
603.798296,Unknown Device,2,4,7,183,"[0, 0, 64, 26, 255, 255, 4, 0]"
603.799168,Unknown Device,5,4,13,179,"[1, 0, 120, 207, 255, 127, 123, 38]"
603.800052,Unknown Device,2,4,6,183,"[12, 0, 64, 191, 255, 255, 0, 0]"
603.8009,Unknown Device,2,4,1,183,"[0, 0, 64, 189, 255, 255, 0, 0]"
603.801798,Unknown Device,2,4,26,183,"[0, 0, 192, 162, 0, 0, 0, 0]"
603.802654,Unknown Device,5,4,12,179,"[1, 0, 8, 208, 255, 127, 128, 38]"
603.803502,Unknown Device,5,4,11,179,"[2, 0, 200, 201, 255, 191, 78, 38]"
603.804328,Unknown Device,21,4,20,180,"[4, 0, 0, 160, 0, 8, 128, 1]"
603.805164,Unknown Device,21,4,20,195,"[241, 223, 6, 240, 1, 0, 0, 5]"
603.805958,Unknown Device,2,4,22,177,"[0, 0, 0, 96, 0, 0, 255, 255]"
603.806855,Unknown,Unknown,Unknown,Unknown,992,"[244, 77, 59, 25, 207, 228, 0, 0]"
603.807696,Unknown Device,8,5,1,96,"[0, 0, 0, 0, 0, 0, 0, 0]"
603.808551,Unknown Device,8,5,1,100,"[0, 0, 144, 128, 0, 28, 0, 0]"
603.809413,Unknown Device,2,4,4,177,"[0, 0, 0, 96, 0, 0, 255, 255]"
603.81029,Unknown Device,2,4,1,177,"[0, 0, 0, 96, 0, 0, 0, 0]"
603.811041,Unknown Device,2,5,30,737,"[0, 0, 0, 0, 0, 64, 0, 0]"
603.811938,Unknown Device,2,5,32,736,"[0, 0, 255, 6, 0, 24, 64, 0]"
603.812794,Unknown Device,5,4,11,179,"[2, 0, 200, 201, 255, 191, 78, 38]"
603.813636,Unknown Device,21,4,20,180,"[4, 0, 0, 160, 0, 8, 128, 1]"
603.814488,Unknown Device,5,4,10,179,"[3, 0, 200, 239, 255, 191, 126, 39]"
603.815286,Unknown Device,2,4,22,177,"[0, 0, 0, 96, 0, 0, 0, 0]"
603.816165,Unknown Device,2,4,22,183,"[0, 0, 0, 147, 0, 0, 0, 0]"
603.816995,Unknown Device,2,4,7,177,"[0, 0, 0, 224, 0, 0, 1, 0]"
603.817836,Unknown Device,2,4,7,183,"[24, 0, 128, 26, 255, 255, 255, 63]"
603.818663,Unknown Device,2,5,31,736,"[0, 0, 249, 6, 0, 23, 64, 0]"
603.819504,Unknown Device,2,4,4,177,"[0, 0, 0, 96, 0, 0, 0, 0]"
603.820288,Unknown Device,2,4,6,183,"[12, 0, 32, 191, 255, 255, 0, 0]"
603.821189,Unknown Device,2,4,26,177,"[0, 0, 0, 224, 0, 0, 0, 0]"
603.82203,Unknown Device,2,5,32,736,"[0, 0, 250, 6, 0, 24, 64, 0]"
603.822886,Unknown Device,5,4,12,179,"[1, 0, 8, 208, 255, 127, 128, 38]"
603.823691,Unknown Device,5,4,11,179,"[2, 0, 208, 201, 255, 191, 78, 38]"
603.824603,Unknown Device,21,4,20,180,"[5, 0, 0, 160, 0, 8, 128, 1]"
603.825451,Unknown Device,21,4,20,195,"[241, 223, 6, 240, 1, 0, 0, 5]"
603.8263,Unknown,Unknown,Unknown,Unknown,992,"[164, 158, 203, 131, 22, 168, 0, 0]"
603.827164,Unknown Device,8,5,1,96,"[0, 0, 0, 0, 0, 0, 0, 0]"
603.827998,Unknown Device,8,5,1,97,"[0, 0, 0, 0, 0, 0, 0, 0]"
603.828789,Unknown Device,2,5,31,736,"[0, 0, 246, 6, 0, 23, 64, 0]"
603.829637,Unknown Device,2,4,2,177,"[0, 0, 0, 96, 0, 0, 255, 255]"
603.830485,Unknown Device,5,4,4,179,"[255, 255, 183, 220, 255, 127, 229, 38]"
603.831477,Unknown,Unknown,Unknown,Unknown,992,"[67, 42, 63, 49, 133, 67, 0, 0]"
603.832397,Unknown Device,2,5,32,736,"[0, 0, 250, 6, 0, 24, 64, 0]"
603.833274,Unknown Device,5,4,11,179,"[2, 0, 208, 201, 255, 191, 78, 38]"
603.834146,Unknown Device,21,4,20,180,"[5, 0, 0, 160, 0, 8, 128, 1]"
603.834958,Unknown Device,2,4,22,177,"[36, 0, 0, 112, 7, 128, 55, 253]"
603.835799,Unknown Device,5,4,10,179,"[3, 0, 208, 239, 255, 191, 126, 39]"
603.836583,Unknown Device,2,4,22,183,"[0, 0, 0, 147, 0, 0, 0, 0]"
603.837438,Unknown Device,2,4,7,177,"[0, 0, 0, 224, 0, 0, 0, 0]"
603.838286,Unknown Device,2,4,7,183,"[20, 0, 128, 26, 255, 255, 0, 0]"
603.83913,Unknown Device,2,4,8,177,"[0, 0, 0, 96, 0, 0, 0, 0]"
603.839992,Unknown Device,2,4,4,183,"[8, 0, 64, 39, 255, 255, 0, 0]"
603.840833,Unknown Device,2,5,30,736,"[0, 0, 246, 6, 0, 21, 64, 0]"
603.841616,Unknown Device,2,4,5,183,"[0, 0, 0, 81, 0, 0, 0, 0]"
603.842515,Unknown Device,5,4,12,179,"[214, 255, 15, 208, 255, 127, 128, 38]"
603.843363,Unknown Device,5,4,11,179,"[2, 0, 208, 201, 255, 191, 78, 38]"
603.844268,Unknown Device,21,4,20,180,"[5, 0, 0, 144, 0, 8, 128, 1]"
603.845126,Unknown Device,21,4,20,199,"[2, 0, 128, 255, 255, 6, 0, 0]"
603.845981,Unknown Device,5,4,10,179,"[3, 0, 208, 239, 255, 255, 126, 39]"
603.84688,Unknown Device,8,5,1,96,"[0, 0, 0, 0, 0, 0, 0, 0]"
603.84775,Unknown Device,8,5,1,97,"[0, 0, 0, 0, 0, 0, 0, 0]"
603.848619,Unknown Device,2,4,7,177,"[220, 127, 0, 240, 248, 143, 201, 4]"
603.849475,Unknown Device,2,4,2,177,"[36, 0, 0, 112, 7, 128, 211, 6]"
603.850315,Unknown Device,2,4,26,177,"[220, 127, 0, 240, 248, 143, 197, 250]"
603.851268,Unknown Device,5,4,4,179,"[242, 255, 159, 220, 255, 191, 229, 38]"
603.852112,Unknown Device,2,5,32,736,"[0, 0, 216, 6, 0, 24, 64, 0]"
603.852939,Unknown Device,5,4,11,179,"[0, 0, 200, 201, 255, 127, 78, 38]"
603.853773,Unknown Device,21,4,20,180,"[4, 0, 0, 144, 0, 8, 128, 1]"
603.854562,Unknown Device,5,4,10,179,"[3, 0, 208, 239, 255, 191, 126, 39]"
603.855424,Unknown Device,2,4,22,177,"[32, 0, 0, 112, 7, 128, 215, 255]"
603.856271,Unknown Device,2,4,22,183,"[0, 0, 0, 147, 0, 0, 0, 0]"
603.857108,Unknown Device,2,4,7,177,"[220, 127, 0, 240, 248, 143, 143, 10]"
603.857977,Unknown Device,2,4,7,183,"[204, 253, 95, 24, 255, 255, 0, 0]"
603.858832,Unknown Device,2,4,8,177,"[36, 0, 0, 112, 7, 128, 240, 10]"
603.85968,Unknown Device,2,4,1,177,"[36, 0, 0, 112, 7, 128, 49, 7]"
603.860549,Unknown Device,2,4,5,177,"[36, 0, 0, 112, 7, 128, 144, 11]"
603.861383,Unknown Device,5,4,4,179,"[6, 0, 176, 220, 255, 255, 229, 38]"
603.862337,Unknown,Unknown,Unknown,Unknown,992,"[54, 211, 73, 15, 149, 66, 0, 0]"
603.863262,Unknown Device,5,4,11,179,"[247, 255, 199, 201, 255, 63, 78, 38]"
603.864099,Unknown,Unknown,Unknown,Unknown,992,"[44, 225, 133, 125, 201, 173, 0, 0]"
603.864961,Unknown Device,21,4,20,195,"[241, 223, 6, 240, 1, 0, 0, 5]"
603.86583,Unknown Device,2,4,22,177,"[32, 0, 0, 112, 7, 128, 118, 255]"
603.866686,Unknown,Unknown,Unknown,Unknown,992,"[77, 66, 88, 5, 141, 151, 0, 0]"
603.867548,Unknown Device,8,5,1,96,"[0, 0, 0, 0, 0, 0, 0, 0]"
603.868411,Unknown Device,2,4,7,177,"[220, 127, 0, 240, 248, 143, 52, 12]"
603.869265,Unknown Device,2,4,6,177,"[36, 0, 0, 112, 7, 128, 130, 12]"
603.87003,Unknown Device,8,5,1,99,"[0, 0, 0, 3, 0, 0, 1, 0]"
603.870893,Unknown Device,2,5,30,737,"[0, 0, 0, 0, 0, 64, 0, 0]"
603.871734,Unknown Device,5,4,12,179,"[1, 0, 16, 208, 255, 191, 128, 38]"
603.872596,Unknown Device,5,4,4,179,"[15, 0, 184, 220, 255, 63, 229, 38]"
603.873466,Unknown Device,5,4,11,179,"[2, 0, 192, 201, 255, 63, 78, 38]"
603.874314,Unknown Device,21,4,20,180,"[5, 0, 0, 144, 0, 8, 128, 1]"
603.875172,Unknown Device,5,4,10,179,"[6, 0, 200, 239, 255, 127, 126, 39]"
603.876034,Unknown Device,2,4,22,183,"[0, 0, 0, 147, 0, 0, 0, 0]"
603.876879,Unknown Device,2,4,7,177,"[220, 127, 0, 240, 248, 143, 158, 12]"
603.877748,Unknown Device,2,4,7,183,"[0, 0, 64, 23, 255, 255, 5, 0]"
603.878611,Unknown Device,2,4,8,177,"[36, 0, 0, 112, 7, 128, 139, 12]"
603.879401,Unknown Device,2,4,2,177,"[36, 0, 0, 112, 7, 128, 173, 12]"
603.880256,Unknown Device,5,4,13,179,"[4, 0, 144, 207, 255, 127, 123, 38]"
603.8811,Unknown Device,2,5,30,736,"[0, 0, 207, 6, 0, 21, 64, 0]"
603.881948,Unknown Device,2,5,32,736,"[0, 0, 211, 6, 0, 24, 64, 0]"
603.882775,Unknown Device,2,5,32,737,"[0, 0, 0, 0, 0, 64, 0, 0]"
603.883616,Unknown Device,5,4,11,179,"[2, 0, 192, 201, 255, 63, 78, 38]"
603.884399,Unknown Device,21,4,20,180,"[5, 0, 0, 144, 0, 8, 128, 1]"
603.885298,Unknown Device,21,4,20,195,"[241, 223, 6, 240, 1, 4, 0, 5]"
603.886141,Unknown Device,2,4,22,177,"[32, 0, 0, 112, 7, 128, 221, 250]"
603.886989,Unknown Device,8,5,1,96,"[0, 0, 0, 0, 0, 0, 0, 0]"
603.887808,Unknown Device,8,5,1,97,"[0, 0, 0, 0, 0, 0, 0, 0]"
603.888642,Unknown Device,2,4,8,177,"[36, 0, 0, 112, 7, 128, 198, 12]"
603.889426,Unknown Device,2,5,31,737,"[0, 0, 0, 0, 0, 64, 0, 0]"
603.890324,Unknown Device,2,4,26,177,"[220, 127, 0, 240, 248, 143, 65, 247]"
603.891167,Unknown Device,2,5,30,737,"[0, 0, 0, 0, 0, 64, 0, 0]"
603.892023,Unknown Device,5,4,13,431,"[0, 0, 0, 1, 1, 26, 19, 0]"
603.899023,Unknown Device,5,4,12,285,"[0, 0, 0, 0, 24, 0, 0, 0]"
603.899935,Unknown Device,5,4,11,209,"[0, 0, 0, 0, 0, 0, 0, 0]"
603.900804,Unknown Device,2,4,5,183,"[152, 0, 0, 84, 0, 0, 255, 63]"
603.901645,Unknown Device,2,4,3,183,"[0, 0, 192, 245, 255, 255, 0, 0]"
603.902437,Unknown Device,2,5,32,737,"[0, 0, 0, 0, 0, 64, 0, 0]"
603.903292,Unknown Device,5,4,11,179,"[2, 0, 192, 201, 255, 63, 78, 38]"
603.904142,Unknown Device,21,4,20,180,"[6, 0, 0, 144, 0, 8, 128, 1]"
603.904948,Unknown Device,21,4,20,195,"[241, 223, 6, 240, 1, 4, 0, 5]"
603.905845,Unknown Device,5,4,10,179,"[2, 0, 192, 239, 255, 63, 126, 39]"
603.906724,Unknown Device,8,5,1,96,"[0, 0, 0, 0, 0, 0, 0, 0]"
603.907572,Unknown Device,8,5,1,97,"[0, 0, 0, 0, 0, 0, 0, 0]"
603.90837,Unknown Device,2,4,7,177,"[220, 127, 0, 240, 248, 143, 200, 12]"
603.909238,Unknown Device,2,5,31,737,"[0, 0, 0, 0, 0, 64, 0, 0]"
603.910132,Unknown Device,8,5,1,100,"[143, 6, 144, 128, 0, 28, 0, 0]"
603.91098,Unknown Device,2,5,30,737,"[0, 0, 0, 0, 0, 64, 0, 0]"
603.911807,Unknown Device,2,5,32,736,"[0, 0, 209, 6, 0, 24, 64, 0]"
603.91264,Unknown Device,5,4,11,179,"[2, 0, 192, 201, 255, 63, 78, 38]"
603.913441,Unknown Device,21,4,20,180,"[6, 0, 0, 144, 0, 8, 128, 1]"
603.914301,Unknown Device,5,4,10,179,"[2, 0, 192, 239, 255, 63, 126, 39]"
603.915144,Unknown Device,2,4,22,177,"[32, 0, 0, 112, 7, 128, 114, 249]"
603.915992,Unknown Device,2,4,22,183,"[20, 0, 64, 147, 0, 0, 255, 63]"
603.916817,Unknown Device,2,4,7,177,"[220, 127, 0, 240, 248, 143, 195, 12]"
603.917651,Unknown Device,2,4,7,183,"[0, 1, 64, 23, 255, 255, 7, 0]"
603.918442,Unknown Device,2,4,8,177,"[36, 0, 0, 112, 7, 128, 5, 13]"
603.919304,Unknown Device,2,4,2,177,"[32, 0, 0, 112, 7, 128, 5, 13]"
603.920231,Unknown Device,2,4,8,183,"[28, 0, 0, 62, 255, 255, 0, 0]"
603.921075,Unknown Device,2,4,5,183,"[0, 0, 64, 84, 0, 0, 254, 63]"
603.921915,Unknown Device,2,5,32,737,"[0, 0, 0, 0, 0, 64, 0, 0]"
603.922742,Unknown,Unknown,Unknown,Unknown,992,"[84, 222, 55, 179, 141, 40, 0, 0]"
603.923777,Unknown Device,5,4,11,179,"[2, 0, 192, 201, 255, 63, 78, 38]"
603.924733,Unknown Device,21,4,20,180,"[5, 0, 0, 144, 0, 8, 128, 1]"
603.925538,Unknown Device,21,4,20,195,"[241, 223, 6, 240, 1, 0, 0, 5]"
603.926436,Unknown Device,2,4,22,177,"[0, 0, 0, 96, 0, 0, 12, 255]"
603.927277,Unknown Device,8,5,1,96,"[0, 4, 0, 0, 0, 0, 0, 0]"
603.928121,Unknown Device,2,4,7,177,"[220, 127, 0, 240, 248, 143, 240, 249]"
603.928947,Unknown Device,2,4,4,177,"[36, 0, 0, 112, 7, 128, 70, 255]"
603.929788,Unknown Device,8,5,1,98,"[0, 8, 32, 0, 15, 36, 176, 0]"
603.930564,Unknown Device,5,4,4,179,"[4, 0, 168, 220, 255, 191, 229, 38]"
603.931477,Unknown Device,5,4,12,179,"[1, 0, 8, 208, 255, 191, 128, 38]"
603.932325,Unknown Device,2,5,32,736,"[0, 0, 215, 6, 0, 24, 64, 0]"
603.933223,Unknown Device,5,4,11,179,"[2, 0, 192, 201, 255, 63, 78, 38]"
603.934053,Unknown Device,21,4,20,180,"[4, 0, 0, 144, 0, 8, 128, 1]"
603.934894,Unknown Device,5,4,10,179,"[2, 0, 184, 239, 255, 255, 125, 39]"
603.935671,Unknown Device,2,4,22,177,"[0, 0, 0, 96, 0, 0, 192, 255]"
603.936526,Unknown Device,2,4,22,183,"[0, 0, 0, 147, 0, 0, 1, 0]"
603.937367,Unknown Device,2,4,7,177,"[220, 127, 0, 240, 248, 143, 237, 250]"
603.938221,Unknown Device,2,4,7,183,"[32, 0, 192, 24, 255, 255, 250, 63]"
603.93913,Unknown Device,2,4,4,177,"[36, 0, 0, 112, 7, 128, 86, 255]"
603.939978,Unknown Device,2,4,1,183,"[0, 0, 128, 190, 255, 255, 0, 0]"
603.940768,Unknown Device,2,4,3,177,"[0, 0, 0, 226, 0, 16, 207, 255]"
603.941538,Unknown Device,5,4,12,179,"[4, 0, 16, 208, 255, 191, 128, 38]"
603.942386,Unknown Device,2,5,32,737,"[0, 0, 0, 0, 0, 64, 0, 0]"
603.943319,Unknown Device,5,4,11,179,"[2, 0, 192, 201, 255, 63, 78, 38]"
603.944134,Unknown Device,21,4,20,180,"[3, 0, 0, 144, 0, 8, 128, 1]"
603.94489,Unknown Device,21,4,20,199,"[4, 0, 192, 3, 0, 169, 255, 15]"
603.945646,Unknown Device,5,4,10,179,"[2, 0, 176, 239, 255, 191, 125, 39]"
603.946515,Unknown Device,2,4,22,193,"[212, 74, 40, 37, 0, 0, 0, 0]"
603.9473,Unknown Device,2,4,22,184,"[0, 0, 0, 0, 0, 0, 0, 128]"
603.948058,Unknown Device,2,4,22,186,"[4, 0, 0, 0, 0, 0, 0, 0]"
603.948857,Unknown Device,2,5,31,737,"[0, 0, 0, 0, 0, 64, 0, 0]"
603.949818,Unknown Device,2,4,2,177,"[0, 0, 0, 96, 0, 0, 45, 255]"
603.950828,Unknown Device,8,5,1,100,"[104, 6, 144, 128, 6, 28, 0, 0]"
603.951789,Unknown Device,5,4,4,179,"[11, 0, 184, 220, 255, 63, 229, 38]"
603.952757,Unknown Device,2,5,32,736,"[0, 0, 248, 6, 0, 24, 64, 0]"
603.953605,Unknown Device,5,4,11,179,"[2, 0, 192, 201, 255, 63, 78, 38]"
603.954474,Unknown Device,21,4,20,180,"[1, 0, 0, 144, 0, 8, 128, 1]"
603.955323,Unknown Device,5,4,10,179,"[2, 0, 176, 239, 255, 191, 125, 39]"
603.956116,Unknown Device,2,4,22,183,"[0, 0, 0, 147, 0, 0, 0, 0]"
603.956987,Unknown Device,2,4,7,177,"[0, 0, 0, 224, 0, 0, 134, 255]"
603.957842,Unknown Device,2,4,7,183,"[16, 2, 64, 26, 255, 255, 8, 0]"
603.958705,Unknown Device,2,5,31,736,"[0, 0, 244, 6, 0, 23, 64, 0]"
603.959531,Unknown Device,2,4,4,183,"[8, 0, 0, 39, 255, 255, 0, 0]"
603.96043,Unknown Device,2,4,8,183,"[12, 0, 192, 61, 255, 255, 0, 0]"
603.961292,Unknown Device,2,4,26,177,"[0, 0, 0, 224, 0, 0, 53, 255]"
603.962114,Unknown Device,5,4,12,179,"[0, 0, 16, 208, 255, 191, 128, 38]"
603.963012,Unknown Device,5,4,11,179,"[2, 0, 192, 201, 255, 127, 78, 38]"
603.96386,Unknown,Unknown,Unknown,Unknown,992,"[79, 144, 122, 123, 250, 117, 0, 0]"
603.96473,Unknown Device,21,4,20,195,"[241, 223, 6, 240, 1, 0, 0, 5]"
603.965585,Unknown Device,5,4,10,179,"[2, 0, 176, 239, 255, 191, 125, 39]"
603.966434,Unknown Device,2,4,22,177,"[0, 0, 0, 96, 0, 0, 254, 255]"
603.967259,Unknown Device,8,5,1,96,"[0, 4, 0, 0, 0, 0, 0, 0]"
603.968125,Unknown Device,8,5,1,97,"[0, 44, 160, 0, 10, 0, 0, 0]"
603.96898,Unknown Device,2,5,31,737,"[0, 0, 0, 0, 0, 64, 0, 0]"
603.969807,Unknown Device,2,4,2,431,"[0, 0, 0, 0, 1, 26, 19, 0]"
603.970641,Unknown Device,2,4,1,285,"[0, 0, 0, 0, 0, 3, 128, 0]"
603.971431,Unknown Device,2,4,7,187,"[0, 0, 2, 0, 0, 0, 0, 0]"
603.972294,Unknown Device,2,4,3,431,"[0, 0, 0, 0, 1, 26, 19, 0]"
603.973206,Unknown Device,2,4,4,186,"[8, 0, 0, 0, 0, 0, 0, 0]"
603.974042,Unknown Device,2,4,1,186,"[8, 0, 0, 0, 0, 0, 0, 0]"
603.974912,Unknown Device,2,4,3,181,"[233, 127, 0, 192, 90, 20, 24, 20]"
603.97576,Unknown Device,2,4,2,187,"[0, 0, 2, 0, 0, 0, 0, 0]"
603.976616,Unknown Device,2,4,3,185,"[0, 0, 0, 0, 0, 0, 0, 128]"
603.977478,Unknown Device,2,4,8,285,"[128, 0, 0, 0, 128, 11, 192, 0]"
603.978319,Unknown Device,2,4,7,177,"[0, 0, 0, 224, 0, 0, 248, 255]"
603.979098,Unknown Device,2,4,8,182,"[140, 7, 0, 87, 0, 0, 0, 0]"
603.979996,Unknown Device,2,4,8,184,"[0, 0, 0, 0, 0, 0, 0, 128]"
603.980837,Unknown Device,2,4,3,177,"[0, 0, 0, 226, 0, 16, 206, 255]"
603.981685,Unknown Device,2,4,5,177,"[0, 0, 0, 96, 0, 0, 20, 0]"
603.982577,Unknown Device,2,4,6,183,"[8, 0, 192, 190, 255, 255, 0, 0]"
603.983367,Unknown Device,2,5,32,736,"[0, 0, 250, 6, 0, 24, 64, 0]"
603.984265,Unknown Device,5,4,4,179,"[5, 0, 176, 220, 255, 191, 229, 38]"
603.985116,Unknown Device,5,4,4,179,"[4, 0, 176, 220, 255, 63, 229, 38]"
603.986023,Unknown Device,2,4,26,185,"[0, 0, 0, 0, 0, 0, 0, 128]"
603.986885,Unknown Device,2,4,26,187,"[0, 0, 2, 44, 19, 0, 0, 0]"
603.987741,Unknown Device,8,5,1,96,"[0, 4, 0, 0, 0, 0, 0, 0]"
603.988589,Unknown Device,2,4,7,177,"[0, 0, 0, 224, 0, 0, 254, 255]"
603.989408,Unknown Device,2,4,4,177,"[0, 0, 0, 96, 0, 0, 255, 255]"
603.990249,Unknown Device,8,5,1,100,"[104, 6, 144, 128, 6, 28, 0, 0]"
603.991036,Unknown Device,2,5,30,737,"[0, 0, 0, 0, 0, 64, 0, 0]"
603.991948,Unknown Device,2,5,32,736,"[0, 0, 251, 6, 0, 24, 64, 0]"
603.992796,Unknown Device,5,4,11,179,"[1, 0, 208, 201, 255, 191, 78, 38]"
603.993644,Unknown,Unknown,Unknown,Unknown,992,"[201, 184, 242, 163, 222, 181, 0, 0]"
603.994506,Unknown Device,21,4,20,431,"[0, 0, 0, 0, 1, 26, 19, 0]"
603.995354,Unknown Device,21,4,20,203,"[0, 0, 3, 0, 0, 0, 0, 0]"
603.996187,Unknown Device,2,4,22,183,"[0, 0, 0, 147, 0, 0, 0, 0]"
603.997045,Unknown Device,2,4,7,177,"[0, 0, 0, 224, 0, 0, 0, 0]"
603.9979,Unknown Device,2,4,7,183,"[0, 0, 64, 26, 255, 255, 0, 0]"
603.998748,Unknown Device,2,5,31,736,"[0, 0, 247, 6, 0, 23, 64, 0]"
603.999568,Unknown Device,2,4,6,177,"[0, 0, 0, 96, 0, 0, 1, 0]"
604.000465,Unknown Device,2,4,6,183,"[8, 0, 192, 190, 255, 255, 0, 0]"
604.001314,Unknown Device,2,5,30,736,"[0, 0, 249, 6, 0, 21, 64, 0]"
604.00219,Unknown Device,2,5,32,737,"[0, 0, 0, 0, 0, 64, 0, 0]"
604.003084,Unknown Device,5,4,12,179,"[0, 0, 8, 208, 255, 191, 128, 38]"
604.003932,Unknown Device,5,4,11,179,"[246, 255, 207, 201, 255, 191, 78, 38]"
604.004809,Unknown Device,21,4,20,195,"[241, 223, 6, 240, 1, 0, 0, 5]"
604.005708,Unknown,Unknown,Unknown,Unknown,992,"[195, 238, 137, 87, 183, 100, 0, 0]"
604.006556,Unknown Device,2,4,22,177,"[0, 0, 0, 96, 0, 0, 0, 0]"
604.007425,Unknown Device,8,5,1,96,"[1, 8, 0, 0, 0, 0, 0, 0]"
604.008266,Unknown Device,2,4,7,177,"[0, 0, 0, 224, 0, 0, 0, 0]"
604.009045,Unknown Device,2,4,8,177,"[0, 0, 0, 96, 0, 0, 0, 0]"
604.0099,Unknown Device,8,5,1,99,"[0, 4, 0, 2, 0, 0, 2, 0]"
604.01077,Unknown Device,2,4,5,177,"[0, 0, 0, 96, 0, 0, 0, 0]"
604.011618,Unknown Device,5,4,12,179,"[9, 0, 24, 208, 255, 191, 128, 38]"
604.01256,Unknown Device,2,5,32,736,"[0, 0, 252, 6, 0, 24, 64, 0]"
604.01343,Unknown Device,5,4,11,179,"[1, 0, 200, 201, 255, 191, 78, 38]"
604.014278,Unknown Device,21,4,20,180,"[253, 255, 255, 159, 0, 8, 128, 1]"
604.015183,Unknown Device,5,4,10,179,"[2, 0, 176, 239, 255, 127, 126, 39]"
604.016063,Unknown Device,2,4,22,183,"[0, 0, 0, 147, 0, 0, 0, 0]"
604.016933,Unknown Device,2,4,7,177,"[0, 0, 0, 224, 0, 0, 0, 0]"
604.017759,Unknown Device,2,4,7,183,"[0, 0, 64, 26, 255, 255, 0, 0]"
604.018593,Unknown Device,2,5,31,736,"[0, 0, 246, 6, 0, 23, 64, 0]"
604.019527,Unknown Device,2,4,8,183,"[12, 0, 64, 62, 255, 255, 0, 0]"
604.020498,Unknown Device,2,4,6,183,"[8, 0, 192, 190, 255, 255, 0, 0]"
604.021353,Unknown Device,2,4,26,177,"[0, 0, 0, 224, 0, 0, 0, 0]"
604.022207,Unknown Device,2,5,32,737,"[0, 0, 0, 0, 0, 64, 0, 0]"
604.023178,Unknown Device,5,4,11,179,"[1, 0, 200, 201, 255, 191, 78, 38]"
604.023964,Unknown Device,21,4,20,180,"[254, 255, 255, 159, 0, 8, 128, 1]"
604.024863,Unknown Device,21,4,20,195,"[241, 223, 6, 240, 1, 0, 0, 5]"
604.025682,Unknown Device,2,4,22,177,"[36, 0, 0, 112, 7, 128, 191, 249]"
604.026523,Unknown Device,5,4,10,179,"[2, 0, 176, 239, 255, 127, 126, 39]"
604.0273,Unknown Device,8,5,1,96,"[1, 8, 0, 0, 0, 0, 0, 0]"
604.028176,Unknown Device,2,4,7,177,"[0, 0, 0, 224, 0, 0, 0, 0]"
604.029056,Unknown Device,2,5,31,737,"[0, 0, 0, 0, 0, 64, 0, 0]"
604.029904,Unknown Device,8,5,1,99,"[0, 4, 0, 2, 0, 0, 2, 0]"
604.030772,Unknown Device,2,4,5,177,"[0, 0, 0, 96, 0, 0, 0, 0]"
604.031627,Unknown Device,5,4,12,179,"[3, 0, 16, 208, 255, 255, 128, 38]"
604.032567,Unknown Device,2,5,32,736,"[0, 0, 247, 6, 0, 24, 64, 0]"
604.033436,Unknown Device,5,4,11,179,"[51, 0, 208, 201, 255, 191, 78, 38]"
604.034277,Unknown Device,21,4,20,180,"[254, 255, 255, 159, 0, 8, 128, 1]"
604.035195,Unknown Device,2,4,22,177,"[36, 0, 0, 112, 7, 128, 8, 254]"
604.036046,Unknown Device,2,4,22,183,"[0, 0, 0, 147, 0, 0, 0, 0]"
604.036845,Unknown,Unknown,Unknown,Unknown,992,"[147, 15, 120, 63, 241, 49, 0, 0]"
604.037742,Unknown Device,2,4,7,177,"[0, 0, 0, 224, 0, 0, 0, 0]"
604.03859,Unknown Device,2,4,7,183,"[0, 0, 64, 26, 255, 255, 0, 0]"
604.039431,Unknown Device,2,4,4,183,"[204, 0, 64, 39, 255, 255, 0, 0]"
604.040307,Unknown Device,2,4,8,183,"[12, 0, 64, 62, 255, 255, 0, 0]"
604.041169,Unknown Device,2,4,5,183,"[0, 0, 0, 83, 0, 0, 0, 0]"
604.042076,Unknown Device,5,4,4,179,"[250, 255, 167, 220, 255, 191, 229, 38]"
604.043051,Unknown Device,5,4,12,179,"[3, 0, 16, 208, 255, 191, 128, 38]"
604.043907,Unknown Device,5,4,11,179,"[1, 0, 208, 201, 255, 191, 78, 38]"
604.044755,Unknown Device,21,4,20,195,"[241, 223, 6, 240, 1, 0, 0, 5]"
604.045617,Unknown Device,21,4,20,200,"[212, 255, 192, 0, 168, 63, 0, 4]"
604.046386,Unknown Device,5,4,10,179,"[2, 0, 200, 239, 255, 127, 126, 39]"
604.047255,Unknown Device,8,5,1,96,"[1, 8, 0, 0, 0, 0, 0, 0]"
604.048161,Unknown Device,2,4,7,177,"[220, 127, 0, 240, 248, 143, 187, 4]"
604.049034,Unknown Device,2,4,4,177,"[36, 0, 0, 112, 6, 128, 15, 255]"
604.049903,Unknown Device,8,5,1,99,"[0, 4, 0, 2, 0, 0, 2, 0]"
604.050766,Unknown Device,2,5,30,737,"[0, 0, 0, 0, 0, 64, 0, 0]"
604.051607,Unknown Device,5,4,12,179,"[3, 0, 16, 208, 255, 255, 128, 38]"
604.052484,Unknown Device,2,5,32,736,"[0, 0, 214, 6, 0, 24, 64, 0]"
604.053325,Unknown Device,5,4,11,179,"[1, 0, 208, 201, 255, 127, 78, 38]"
604.054172,Unknown Device,21,4,20,180,"[254, 255, 255, 159, 0, 8, 128, 1]"
604.055045,Unknown Device,2,4,22,177,"[32, 0, 0, 112, 7, 128, 150, 253]"
604.0559,Unknown Device,5,4,10,179,"[209, 255, 199, 239, 255, 63, 126, 39]"
604.056748,Unknown Device,2,4,22,183,"[0, 0, 0, 147, 0, 0, 0, 0]"
604.057618,Unknown Device,2,4,7,177,"[220, 127, 0, 240, 248, 143, 198, 10]"
604.058451,Unknown Device,2,4,7,183,"[192, 253, 223, 23, 255, 255, 255, 63]"
604.059227,Unknown Device,2,4,2,177,"[36, 0, 0, 112, 6, 128, 136, 11]"
604.060154,Unknown Device,2,4,8,183,"[12, 0, 64, 62, 255, 255, 0, 0]"
604.060991,Unknown Device,2,5,30,736,"[0, 0, 210, 6, 0, 21, 64, 0]"
604.061846,Unknown Device,2,5,32,736,"[0, 0, 212, 6, 0, 24, 64, 0]"
604.062709,Unknown Device,2,5,32,737,"[0, 0, 0, 0, 0, 64, 0, 0]"
604.063571,Unknown Device,5,4,11,179,"[208, 255, 199, 201, 255, 63, 78, 38]"
604.064419,Unknown Device,21,4,20,180,"[254, 255, 255, 159, 0, 8, 128, 1]"
604.06526,Unknown Device,21,4,20,195,"[241, 223, 6, 240, 1, 0, 0, 5]"
604.066151,Unknown Device,5,4,10,179,"[2, 0, 192, 239, 255, 63, 126, 39]"
604.066909,Unknown,Unknown,Unknown,Unknown,992,"[150, 138, 4, 120, 164, 240, 0, 0]"
604.0678,Unknown Device,8,5,1,96,"[1, 8, 0, 0, 0, 0, 0, 0]"
604.06867,Unknown Device,8,5,1,98,"[0, 4, 32, 0, 2, 28, 16, 0]"
604.069525,Unknown Device,2,4,1,177,"[36, 0, 0, 112, 7, 128, 163, 12]"
604.07038,Unknown Device,2,4,5,177,"[36, 0, 0, 112, 7, 128, 139, 12]"
604.071191,Unknown Device,5,4,4,179,"[252, 255, 167, 220, 255, 127, 229, 38]"
604.07205,Unknown Device,2,5,32,736,"[0, 0, 209, 6, 0, 24, 64, 0]"
604.072869,Unknown Device,5,4,11,179,"[1, 0, 192, 201, 255, 63, 78, 38]"
604.073703,Unknown Device,21,4,20,180,"[255, 255, 255, 159, 0, 8, 128, 1]"
604.074497,Unknown Device,5,4,10,179,"[0, 0, 184, 239, 255, 255, 125, 39]"
604.075358,Unknown Device,2,4,22,177,"[32, 0, 0, 112, 7, 128, 247, 251]"
604.076198,Unknown Device,2,4,22,183,"[0, 0, 0, 147, 0, 0, 0, 0]"
604.077145,Unknown Device,2,4,7,177,"[220, 127, 0, 240, 248, 143, 202, 12]"
604.078024,Unknown Device,2,4,7,183,"[0, 0, 64, 23, 255, 255, 3, 0]"
604.078872,Unknown Device,2,4,4,177,"[36, 0, 0, 112, 7, 128, 2, 255]"
604.079727,Unknown Device,2,4,1,183,"[28, 0, 0, 189, 255, 255, 253, 63]"
604.080554,Unknown Device,2,4,26,183,"[0, 0, 192, 162, 0, 0, 0, 0]"
604.081395,Unknown Device,2,4,3,183,"[0, 0, 192, 245, 255, 255, 0, 0]"
604.082179,Unknown Device,2,5,32,737,"[0, 0, 0, 0, 0, 64, 0, 0]"
604.083037,Unknown Device,5,4,11,179,"[1, 0, 192, 201, 255, 63, 78, 38]"
604.083878,Unknown Device,21,4,20,180,"[255, 255, 255, 159, 0, 8, 128, 1]"
604.084775,Unknown Device,21,4,20,195,"[241, 223, 6, 240, 1, 0, 0, 5]"
604.085595,Unknown Device,5,4,10,179,"[2, 0, 184, 239, 255, 255, 125, 39]"
604.086436,Unknown Device,2,4,22,177,"[32, 0, 0, 112, 7, 128, 116, 255]"
604.087227,Unknown Device,8,5,1,96,"[0, 0, 0, 0, 0, 0, 0, 0]"
604.088138,Unknown Device,2,4,7,177,"[220, 127, 0, 240, 248, 143, 228, 12]"
604.089003,Unknown Device,2,4,4,177,"[36, 0, 0, 112, 7, 128, 22, 255]"
604.089844,Unknown Device,8,5,1,99,"[0, 0, 0, 3, 0, 0, 1, 0]"
604.090664,Unknown Device,2,4,3,177,"[0, 0, 0, 226, 0, 16, 214, 255]"
604.091505,Unknown Device,5,4,12,179,"[3, 0, 24, 208, 255, 191, 128, 38]"
604.092281,Unknown Device,2,5,32,736,"[0, 0, 209, 6, 0, 24, 64, 0]"
604.093179,Unknown Device,5,4,11,179,"[1, 0, 192, 201, 255, 63, 78, 38]"
604.094023,Unknown Device,21,4,20,180,"[0, 0, 0, 144, 0, 8, 128, 1]"
604.094871,Unknown Device,5,4,10,179,"[2, 0, 184, 239, 255, 63, 126, 39]"
604.095691,Unknown Device,2,4,22,177,"[32, 0, 0, 112, 7, 128, 135, 0]"
604.096582,Unknown Device,2,4,22,183,"[0, 0, 0, 147, 0, 0, 0, 0]"
604.097423,Unknown Device,2,4,7,177,"[220, 127, 0, 240, 248, 143, 32, 251]"
604.098241,Unknown Device,2,4,7,183,"[136, 0, 128, 24, 255, 255, 251, 63]"
604.099133,Unknown Device,2,4,6,177,"[32, 0, 0, 112, 7, 128, 26, 255]"
604.099883,Unknown Device,2,4,6,183,"[8, 0, 224, 190, 255, 255, 0, 0]"
604.100796,Unknown Device,2,4,5,183,"[0, 0, 128, 81, 0, 0, 2, 0]"
604.101687,Unknown Device,5,4,12,179,"[3, 0, 24, 208, 255, 191, 128, 38]"
604.102535,Unknown Device,2,5,32,737,"[0, 0, 0, 0, 0, 64, 0, 0]"
604.103398,Unknown Device,5,4,11,179,"[1, 0, 192, 201, 255, 63, 78, 38]"
604.10426,Unknown Device,21,4,20,180,"[0, 0, 0, 144, 0, 8, 128, 1]"
604.105129,Unknown Device,21,4,20,195,"[241, 223, 6, 240, 1, 0, 0, 5]"
604.105988,Unknown Device,5,4,10,179,"[20, 0, 200, 239, 255, 127, 126, 39]"
604.106822,Unknown Device,8,5,1,96,"[0, 0, 0, 0, 0, 0, 0, 0]"
604.107612,Unknown Device,8,5,1,97,"[0, 0, 0, 0, 0, 0, 0, 0]"
604.108475,Unknown Device,2,4,7,177,"[220, 127, 0, 240, 248, 143, 250, 253]"
604.109359,Unknown Device,2,4,2,177,"[32, 0, 0, 112, 7, 128, 244, 6]"
604.110206,Unknown Device,2,4,26,177,"[220, 127, 0, 240, 248, 143, 34, 247]"
604.111126,Unknown Device,5,4,4,179,"[253, 255, 167, 220, 255, 127, 229, 38]"
604.111913,Unknown Device,2,5,32,736,"[0, 0, 209, 6, 0, 24, 64, 0]"
604.112775,Unknown Device,5,4,11,179,"[1, 0, 192, 201, 255, 63, 78, 38]"
604.113609,Unknown Device,21,4,20,180,"[0, 0, 0, 144, 0, 8, 128, 1]"
604.114457,Unknown Device,2,4,22,177,"[32, 0, 0, 112, 7, 128, 32, 253]"
604.115232,Unknown Device,5,4,10,179,"[1, 0, 192, 239, 255, 63, 126, 39]"
604.116124,Unknown Device,2,4,22,183,"[0, 0, 0, 147, 0, 0, 0, 0]"
604.116989,Unknown,Unknown,Unknown,Unknown,992,"[228, 238, 54, 79, 96, 119, 0, 0]"
604.117845,Unknown Device,2,4,7,177,"[220, 127, 0, 240, 248, 143, 227, 8]"
604.118664,Unknown Device,2,5,31,736,"[0, 0, 207, 6, 0, 23, 64, 0]"
604.119505,Unknown Device,2,4,2,183,"[12, 0, 96, 64, 255, 255, 0, 0]"
604.120303,Unknown Device,5,4,4,209,"[0, 0, 0, 0, 0, 0, 0, 0]"
604.121157,Unknown Device,2,5,30,736,"[0, 0, 210, 6, 0, 21, 64, 0]"
604.122015,Unknown Device,5,4,4,431,"[0, 0, 0, 0, 1, 26, 19, 128]"
604.122877,Unknown Device,5,4,4,179,"[254, 255, 167, 220, 255, 255, 228, 38]"
604.123704,Unknown Device,5,4,11,179,"[1, 0, 192, 201, 255, 63, 78, 38]"
604.124538,Unknown Device,21,4,20,195,"[241, 223, 6, 224, 1, 0, 0, 5]"
604.125322,Unknown Device,5,4,10,179,"[1, 0, 192, 239, 255, 127, 126, 39]"
604.126219,Unknown Device,2,4,22,177,"[0, 0, 0, 98, 0, 16, 128, 254]"
604.127117,Unknown Device,8,5,1,96,"[0, 0, 0, 0, 0, 0, 0, 0]"
604.12796,Unknown Device,2,4,7,177,"[220, 127, 0, 240, 248, 143, 228, 11]"
604.128823,Unknown Device,2,4,4,177,"[36, 0, 0, 112, 7, 128, 0, 255]"
604.129664,Unknown Device,2,5,31,737,"[0, 0, 0, 0, 0, 64, 0, 0]"
604.130441,Unknown Device,2,4,3,177,"[0, 0, 0, 226, 0, 16, 193, 255]"
604.131367,Unknown Device,5,4,4,179,"[4, 0, 168, 220, 255, 63, 229, 38]"
604.132214,Unknown Device,2,5,32,736,"[0, 0, 214, 6, 0, 24, 64, 0]"
604.133118,Unknown Device,5,4,11,179,"[1, 0, 192, 201, 255, 63, 78, 38]"
604.133976,Unknown Device,21,4,20,180,"[0, 0, 0, 144, 0, 8, 128, 1]"
604.134768,Unknown Device,5,4,10,179,"[51, 0, 200, 239, 255, 127, 126, 39]"
604.135623,Unknown Device,2,4,22,177,"[0, 0, 0, 98, 0, 16, 155, 255]"
604.136478,Unknown Device,2,4,22,183,"[0, 0, 0, 147, 0, 0, 0, 0]"
604.137348,Unknown,Unknown,Unknown,Unknown,992,"[247, 99, 245, 70, 77, 229, 0, 0]"
604.138203,Unknown Device,2,4,7,183,"[0, 0, 64, 23, 255, 255, 4, 0]"
604.138946,Unknown Device,2,4,6,177,"[32, 0, 0, 112, 7, 128, 149, 249]"
604.139773,Unknown Device,2,4,6,183,"[204, 0, 32, 191, 255, 255, 0, 0]"
604.140607,Unknown Device,2,4,5,183,"[0, 0, 64, 81, 0, 0, 0, 0]"
604.141469,Unknown Device,2,4,3,183,"[0, 0, 192, 245, 255, 255, 0, 0]"
604.142296,Unknown Device,5,4,12,209,"[0, 0, 0, 0, 0, 0, 0, 0]"
604.143136,Unknown Device,5,4,12,431,"[0, 0, 0, 1, 1, 26, 19, 0]"
604.143915,Unknown Device,5,4,11,431,"[0, 0, 0, 1, 1, 26, 19, 0]"
604.144814,Unknown Device,21,4,20,196,"[10, 255, 219, 0, 33, 127, 0, 0]"
604.145655,Unknown Device,5,4,10,179,"[1, 0, 192, 239, 255, 63, 126, 39]"
604.146503,Unknown Device,5,4,10,431,"[0, 0, 0, 1, 1, 26, 19, 0]"
604.147322,Unknown Device,5,4,10,285,"[0, 0, 0, 0, 24, 0, 0, 0]"
604.148162,Unknown Device,2,4,7,177,"[0, 0, 0, 226, 0, 16, 55, 3]"
604.148956,Unknown Device,2,4,8,177,"[0, 0, 0, 98, 0, 16, 102, 4]"
604.149854,Unknown Device,2,4,1,177,"[0, 0, 0, 98, 0, 16, 151, 4]"
604.150746,Unknown Device,2,4,3,177,"[0, 0, 0, 226, 0, 16, 201, 255]"
604.151587,Unknown Device,5,4,12,179,"[210, 255, 23, 208, 255, 127, 128, 38]"
604.152449,Unknown Device,2,5,32,736,"[0, 0, 243, 6, 0, 24, 64, 0]"
604.153297,Unknown Device,5,4,11,179,"[1, 0, 192, 201, 255, 63, 78, 38]"
604.154109,Unknown Device,21,4,20,180,"[0, 0, 0, 144, 0, 8, 128, 1]"
604.156321,Unknown Device,5,4,10,179,"[1, 0, 192, 239, 255, 127, 126, 39]"
604.157161,Unknown Device,2,4,22,177,"[0, 0, 0, 98, 0, 16, 239, 255]"
604.157998,Unknown Device,2,4,22,183,"[0, 0, 0, 147, 0, 0, 0, 0]"
604.158832,Unknown Device,5,4,13,179,"[2, 0, 120, 207, 255, 255, 122, 38]"
604.159644,Unknown Device,2,4,2,177,"[0, 0, 0, 98, 0, 16, 131, 0]"
604.160492,Unknown Device,2,5,30,736,"[0, 0, 242, 6, 0, 21, 64, 0]"
604.161333,Unknown Device,5,4,12,179,"[241, 255, 15, 208, 255, 127, 128, 38]"
604.162166,Unknown Device,2,5,32,737,"[0, 0, 0, 0, 0, 64, 0, 0]"
604.162988,Unknown Device,5,4,11,179,"[1, 0, 192, 201, 255, 127, 78, 38]"
604.165376,Unknown Device,21,4,20,180,"[255, 255, 255, 159, 0, 8, 128, 1]"
604.166295,Unknown Device,21,4,20,195,"[241, 223, 6, 240, 1, 0, 0, 5]"
604.167149,Unknown Device,2,4,22,177,"[0, 0, 0, 98, 0, 16, 253, 255]"
604.168007,Unknown Device,8,5,1,97,"[0, 24, 160, 0, 10, 0, 0, 0]"
604.168883,Unknown Device,2,5,31,737,"[0, 0, 0, 0, 0, 64, 0, 0]"
604.16983,Unknown Device,2,4,1,177,"[0, 0, 0, 98, 0, 16, 152, 0]"
604.170629,Unknown Device,2,4,3,177,"[0, 0, 0, 226, 0, 16, 209, 255]"
604.171646,Unknown Device,5,4,12,179,"[52, 0, 16, 208, 255, 255, 128, 38]"
604.172685,Unknown Device,2,5,32,736,"[0, 0, 247, 6, 0, 24, 64, 0]"
604.173547,Unknown Device,5,4,11,179,"[50, 0, 200, 201, 255, 127, 78, 38]"
604.174395,Unknown Device,21,4,20,180,"[254, 255, 255, 159, 0, 8, 128, 1]"
604.175242,Unknown Device,5,4,10,179,"[4, 0, 200, 239, 255, 191, 126, 39]"
604.176104,Unknown Device,2,4,22,183,"[0, 0, 0, 147, 0, 0, 0, 0]"
604.17696,Unknown Device,2,4,7,177,"[0, 0, 0, 226, 0, 16, 30, 0]"
604.177808,Unknown Device,2,4,7,183,"[156, 254, 31, 28, 255, 255, 244, 63]"
604.178635,Unknown Device,2,5,31,736,"[0, 0, 242, 6, 0, 23, 64, 0]"
604.179469,Unknown Device,2,4,4,183,"[200, 0, 32, 39, 255, 255, 0, 0]"
604.180252,Unknown Device,2,4,2,183,"[208, 0, 64, 64, 255, 255, 0, 0]"
604.181121,Unknown Device,2,5,30,736,"[0, 0, 241, 6, 0, 21, 64, 0]"
604.181973,Unknown Device,2,5,32,736,"[0, 0, 248, 6, 0, 24, 64, 0]"
604.182828,Unknown Device,5,4,12,179,"[2, 0, 16, 208, 255, 255, 128, 38]"
604.183655,Unknown Device,5,4,11,179,"[4, 0, 200, 201, 255, 127, 78, 38]"
604.184496,Unknown Device,21,4,20,180,"[254, 255, 255, 159, 0, 8, 128, 1]"
604.185423,Unknown Device,21,4,20,195,"[241, 223, 6, 224, 1, 0, 0, 5]"
604.186278,Unknown,Unknown,Unknown,Unknown,992,"[35, 254, 23, 128, 51, 36, 0, 0]"
604.18709,Unknown Device,8,5,1,96,"[0, 8, 0, 0, 0, 0, 0, 0]"
604.187912,Unknown,Unknown,Unknown,Unknown,992,"[130, 191, 197, 89, 163, 227, 0, 0]"
604.188732,Unknown Device,2,5,31,736,"[0, 0, 240, 6, 0, 23, 64, 0]"
604.189637,Unknown Device,2,4,2,177,"[0, 0, 0, 98, 0, 16, 240, 255]"
604.19055,Unknown Device,8,5,1,100,"[135, 6, 144, 128, 7, 28, 0, 0]"
604.191413,Unknown Device,5,4,4,179,"[253, 255, 167, 220, 255, 63, 229, 38]"
604.192333,Unknown Device,2,5,32,736,"[0, 0, 248, 6, 0, 24, 64, 0]"
604.193151,Unknown Device,5,4,11,179,"[4, 0, 200, 201, 255, 127, 78, 38]"
604.193988,Unknown Device,21,4,20,180,"[254, 255, 255, 159, 0, 8, 128, 1]"
604.194772,Unknown Device,5,4,10,179,"[1, 0, 200, 239, 255, 127, 126, 39]"
604.195634,Unknown Device,2,4,22,431,"[0, 0, 0, 0, 1, 26, 19, 0]"
604.196468,Unknown Device,2,4,22,193,"[212, 74, 40, 37, 0, 0, 0, 0]"
604.197323,Unknown Device,2,4,22,182,"[0, 0, 0, 147, 0, 0, 0, 0]"
604.198192,Unknown Device,2,4,7,177,"[0, 0, 0, 226, 0, 16, 16, 0]"
604.199091,Unknown Device,2,4,8,177,"[0, 0, 0, 98, 0, 16, 29, 0]"
604.199964,Unknown Device,2,4,2,183,"[72, 255, 95, 64, 255, 255, 0, 0]"
604.200812,Unknown Device,2,4,3,177,"[0, 0, 0, 226, 0, 16, 176, 255]"
604.201645,Unknown Device,2,4,5,183,"[0, 0, 128, 82, 0, 0, 1, 0]"
604.202494,Unknown Device,2,5,32,737,"[0, 0, 0, 0, 0, 64, 0, 0]"
604.203313,Unknown Device,5,4,11,179,"[4, 0, 200, 201, 255, 127, 78, 38]"
604.204182,Unknown Device,21,4,20,180,"[254, 255, 255, 159, 0, 8, 128, 1]"
604.205087,Unknown Device,21,4,20,195,"[241, 223, 6, 224, 1, 0, 0, 5]"
604.205917,Unknown Device,2,4,22,177,"[0, 0, 0, 98, 0, 16, 4, 0]"
604.206758,Unknown Device,8,5,1,96,"[0, 8, 0, 0, 0, 0, 0, 0]"
604.207563,Unknown Device,8,5,1,97,"[0, 24, 160, 0, 10, 0, 0, 0]"
604.208347,Unknown Device,2,4,7,177,"[0, 0, 0, 226, 0, 16, 255, 255]"
604.209172,Unknown Device,5,4,13,179,"[5, 0, 152, 207, 255, 127, 123, 38]"
604.210085,Unknown Device,8,5,1,100,"[135, 6, 144, 128, 7, 28, 0, 0]"
604.210812,Unknown Device,2,4,26,177,"[0, 0, 0, 226, 0, 16, 38, 0]"
604.211668,Unknown Device,5,4,12,179,"[2, 0, 16, 208, 255, 191, 128, 38]"
604.212544,Unknown Device,2,5,32,736,"[0, 0, 250, 6, 0, 24, 64, 0]"
604.213356,Unknown Device,5,4,11,179,"[3, 0, 200, 201, 255, 127, 78, 38]"
604.214225,Unknown Device,21,4,20,180,"[255, 255, 255, 159, 0, 8, 128, 1]"
604.21508,Unknown Device,5,4,10,179,"[1, 0, 200, 239, 255, 63, 126, 39]"
604.215846,Unknown Device,2,4,22,183,"[0, 0, 0, 147, 0, 0, 0, 0]"
604.216719,Unknown Device,2,4,7,431,"[0, 0, 0, 0, 1, 26, 19, 0]"
604.217511,Unknown Device,2,4,7,285,"[0, 0, 0, 0, 0, 3, 128, 0]"
604.21833,Unknown Device,2,4,7,193,"[0, 243, 199, 46, 0, 0, 0, 0]"
604.219206,Unknown Device,2,4,8,285,"[128, 0, 0, 0, 128, 11, 192, 0]"
604.219986,Unknown Device,2,4,8,177,"[0, 0, 0, 98, 0, 16, 6, 0]"
604.220778,Unknown Device,2,4,2,181,"[253, 127, 0, 192, 90, 19, 24, 20]"
604.22171,Unknown Device,2,4,2,183,"[8, 0, 64, 64, 255, 255, 0, 0]"
604.222495,Unknown Device,2,4,2,185,"[0, 0, 0, 0, 0, 0, 0, 128]"
604.223271,Unknown Device,2,4,2,187,"[0, 0, 4, 0, 0, 0, 0, 0]"
604.224119,Unknown Device,2,4,5,431,"[0, 0, 0, 0, 1, 26, 19, 0]"
604.225073,Unknown Device,2,4,1,177,"[0, 0, 0, 98, 0, 16, 14, 0]"
604.225854,Unknown Device,2,4,3,177,"[0, 0, 0, 226, 0, 16, 180, 255]"
604.226681,Unknown Device,2,4,3,182,"[0, 0, 192, 245, 255, 255, 0, 0]"
604.2275,Unknown Device,2,4,5,181,"[249, 127, 0, 192, 90, 19, 23, 20]"
604.228132,Unknown Device,2,4,7,177,"[0, 0, 0, 226, 0, 16, 9, 0]"
604.228739,Unknown Device,2,4,4,177,"[0, 0, 0, 98, 0, 16, 24, 0]"
604.229357,Unknown Device,2,4,6,177,"[0, 0, 0, 98, 0, 16, 2, 0]"
604.229948,Unknown Device,2,4,1,187,"[0, 0, 4, 0, 0, 0, 0, 0]"
604.230646,Unknown Device,2,4,5,187,"[0, 0, 4, 0, 0, 0, 0, 0]"
604.231336,Unknown Device,2,4,5,177,"[0, 0, 0, 98, 0, 16, 246, 255]"
604.232075,Unknown Device,2,5,30,736,"[0, 0, 248, 6, 0, 21, 64, 0]"
604.232732,Unknown Device,2,5,32,736,"[0, 0, 251, 6, 0, 24, 64, 0]"
604.23343,Unknown Device,2,5,32,737,"[0, 0, 0, 0, 0, 64, 0, 0]"
604.234112,Unknown Device,5,4,11,179,"[3, 0, 200, 201, 255, 127, 78, 38]"
604.234812,Unknown Device,5,4,11,179,"[0, 0, 200, 201, 255, 127, 78, 38]"
604.235495,Unknown Device,5,4,10,179,"[1, 0, 200, 239, 255, 127, 126, 39]"
604.236198,Unknown Device,8,5,1,98,"[0, 8, 32, 0, 16, 64, 224, 0]"
604.236877,Unknown Device,8,5,1,100,"[135, 6, 144, 128, 7, 28, 0, 0]"
604.237574,Unknown Device,2,4,26,177,"[0, 0, 0, 226, 0, 16, 1, 0]"
604.238199,Unknown Device,2,4,7,177,"[0, 0, 0, 226, 0, 16, 21, 0]"
604.238899,Unknown Device,2,4,4,177,"[0, 0, 0, 98, 0, 16, 20, 0]"
604.239589,Unknown Device,2,4,1,177,"[0, 0, 0, 98, 0, 16, 1, 0]"
604.240286,Unknown Device,2,4,1,183,"[0, 0, 64, 188, 255, 255, 0, 0]"
604.240964,Unknown Device,5,4,12,179,"[5, 0, 16, 208, 255, 255, 128, 38]"
604.241661,Unknown Device,2,5,32,736,"[0, 0, 251, 6, 0, 24, 64, 0]"
604.242344,Unknown Device,2,5,32,737,"[0, 0, 0, 0, 0, 64, 0, 0]"
604.243069,Unknown Device,5,4,11,179,"[0, 0, 200, 201, 255, 127, 78, 38]"
604.243733,Unknown Device,21,4,20,431,"[0, 0, 0, 0, 1, 26, 19, 0]"
604.24443,Unknown Device,21,4,20,180,"[254, 255, 255, 159, 0, 8, 128, 1]"
604.245112,Unknown Device,21,4,20,199,"[0, 0, 96, 255, 255, 238, 255, 15]"
604.245813,Unknown Device,21,4,20,202,"[137, 104, 0, 0, 0, 0, 0, 0]"
604.246488,Unknown Device,21,4,20,206,"[201, 255, 95, 0, 101, 2, 0, 0]"
604.247235,Unknown Device,8,5,1,96,"[1, 0, 0, 0, 0, 0, 0, 192]"
604.247942,Unknown Device,2,4,7,177,"[0, 0, 0, 226, 0, 16, 10, 0]"
604.248654,Unknown Device,2,4,8,177,"[0, 0, 0, 98, 0, 16, 238, 255]"
604.249344,Unknown Device,2,4,1,177,"[0, 0, 0, 98, 0, 16, 252, 255]"
604.250069,Unknown Device,8,5,1,100,"[139, 6, 144, 128, 1, 28, 0, 0]"
604.250734,Unknown Device,2,5,30,737,"[0, 0, 0, 0, 0, 64, 0, 0]"
604.251452,Unknown Device,2,5,32,736,"[0, 0, 251, 6, 0, 24, 64, 0]"
604.252134,Unknown,Unknown,Unknown,Unknown,992,"[243, 197, 112, 24, 100, 247, 0, 0]"
604.252827,Unknown Device,5,4,11,179,"[0, 0, 200, 201, 255, 127, 78, 38]"
604.253517,Unknown Device,21,4,20,180,"[254, 255, 255, 159, 0, 8, 128, 1]"
604.254223,Unknown Device,5,4,10,179,"[7, 0, 192, 239, 255, 127, 126, 39]"
604.254844,Unknown Device,2,4,22,177,"[0, 0, 0, 98, 0, 16, 251, 255]"
604.255552,Unknown Device,2,4,22,183,"[0, 0, 0, 147, 0, 0, 0, 0]"
604.256236,Unknown Device,2,5,32,752,"[0, 0, 0, 0, 56, 220, 7, 176]"
604.256929,Unknown Device,2,4,7,177,"[0, 0, 0, 226, 0, 16, 3, 0]"
604.257622,Unknown Device,2,4,7,183,"[0, 0, 192, 26, 255, 255, 0, 0]"
604.258314,Unknown Device,2,5,31,736,"[0, 0, 247, 6, 0, 23, 64, 0]"
604.259063,Unknown Device,2,4,6,177,"[0, 0, 0, 98, 0, 16, 236, 255]"
604.259695,Unknown Device,2,4,1,183,"[0, 0, 64, 188, 255, 255, 0, 0]"
604.26038,Unknown Device,2,4,3,177,"[0, 0, 0, 226, 0, 16, 199, 255]"
604.261079,Unknown Device,2,4,3,183,"[0, 0, 192, 245, 255, 255, 0, 0]"
604.261761,Unknown,Unknown,Unknown,Unknown,992,"[13, 194, 41, 85, 225, 60, 0, 0]"
604.26246,Unknown Device,5,4,11,179,"[0, 0, 200, 201, 255, 127, 78, 38]"
604.263142,Unknown Device,21,4,20,180,"[254, 255, 255, 159, 0, 8, 128, 1]"
604.263838,Unknown Device,21,4,20,195,"[241, 223, 6, 240, 1, 0, 0, 5]"
604.264523,Unknown Device,5,4,10,179,"[1, 0, 192, 239, 255, 127, 126, 39]"
604.265222,Unknown Device,2,4,22,177,"[0, 0, 0, 98, 0, 16, 245, 255]"
604.265902,Unknown Device,8,5,1,96,"[1, 0, 0, 0, 0, 0, 0, 192]"
604.269471,Unknown Device,8,5,1,97,"[0, 0, 0, 64, 0, 0, 0, 0]"
604.270198,Unknown Device,2,4,7,177,"[0, 0, 0, 226, 0, 16, 1, 0]"
604.270809,Unknown Device,5,4,4,179,"[2, 0, 176, 220, 255, 127, 229, 38]"
604.271507,Unknown Device,2,5,32,736,"[0, 0, 252, 6, 0, 24, 64, 0]"
604.272138,Unknown Device,5,4,11,179,"[0, 0, 200, 201, 255, 127, 78, 38]"
604.272828,Unknown Device,21,4,20,180,"[254, 255, 255, 159, 0, 8, 128, 1]"
604.273885,Unknown Device,5,4,10,179,"[1, 0, 192, 239, 255, 127, 126, 39]"
604.274161,Unknown Device,2,4,22,177,"[0, 0, 0, 98, 0, 16, 252, 255]"
604.274776,Unknown Device,2,4,22,183,"[0, 0, 0, 147, 0, 0, 0, 0]"
604.276359,Unknown Device,2,4,7,177,"[0, 0, 0, 226, 0, 16, 2, 0]"
604.276531,Unknown Device,2,4,7,183,"[0, 0, 192, 26, 255, 255, 0, 0]"
604.276875,Unknown Device,2,5,31,736,"[0, 0, 247, 6, 0, 23, 64, 0]"
604.277425,Unknown Device,5,4,13,179,"[1, 0, 144, 207, 255, 127, 123, 38]"
604.278114,Unknown Device,2,4,8,177,"[0, 0, 0, 98, 0, 16, 254, 255]"
604.278743,Unknown Device,2,4,4,177,"[0, 0, 0, 98, 0, 16, 37, 0]"
604.27944,Unknown Device,2,4,1,177,"[0, 0, 0, 98, 0, 16, 2, 0]"
604.280079,Unknown Device,2,4,8,183,"[4, 0, 64, 62, 255, 255, 0, 0]"
604.280678,Unknown Device,5,4,4,179,"[0, 0, 176, 220, 255, 127, 229, 38]"
604.281318,Unknown Device,2,5,32,736,"[0, 0, 252, 6, 0, 24, 64, 0]"
604.28205,Unknown Device,5,4,12,179,"[2, 0, 16, 208, 255, 191, 128, 38]"
604.282643,Unknown Device,5,4,11,179,"[0, 0, 200, 201, 255, 127, 78, 38]"
604.28334,Unknown Device,21,4,20,180,"[254, 255, 255, 159, 0, 8, 128, 1]"
604.283975,Unknown Device,21,4,20,195,"[241, 223, 6, 240, 1, 0, 0, 5]"
604.284665,Unknown Device,5,4,10,179,"[4, 0, 200, 239, 255, 127, 126, 39]"
604.28529,Unknown Device,2,4,22,177,"[0, 0, 0, 98, 0, 16, 248, 255]"
604.286051,Unknown,Unknown,Unknown,Unknown,992,"[251, 191, 122, 63, 227, 11, 0, 0]"
604.286608,Unknown Device,8,5,1,96,"[1, 0, 0, 0, 0, 0, 0, 192]"
604.287298,Unknown Device,8,5,1,97,"[0, 0, 0, 64, 0, 0, 0, 0]"
604.287932,Unknown Device,2,4,7,177,"[0, 0, 0, 226, 0, 16, 6, 0]"
604.288637,Unknown Device,2,4,8,177,"[0, 0, 0, 98, 0, 16, 241, 255]"
604.289247,Unknown Device,8,5,1,99,"[0, 0, 0, 3, 0, 0, 1, 0]"
604.28994,Unknown,Unknown,Unknown,Unknown,992,"[207, 240, 177, 228, 39, 154, 0, 0]"
604.290565,Unknown Device,2,4,5,177,"[0, 0, 0, 98, 0, 16, 3, 0]"
604.291262,Unknown Device,2,5,32,736,"[0, 0, 252, 6, 0, 24, 64, 0]"
604.291889,Unknown Device,5,4,11,179,"[0, 0, 200, 201, 255, 127, 78, 38]"
604.292586,Unknown Device,21,4,20,180,"[254, 255, 255, 159, 0, 8, 128, 1]"
604.293716,Unknown Device,5,4,10,179,"[3, 0, 200, 239, 255, 127, 126, 39]"
604.294112,Unknown Device,2,4,22,177,"[0, 0, 0, 98, 0, 16, 252, 255]"
604.294636,Unknown Device,2,4,22,183,"[0, 0, 0, 147, 0, 0, 0, 0]"
604.296324,Unknown Device,2,4,7,177,"[0, 0, 0, 226, 0, 16, 13, 0]"
604.296511,Unknown Device,2,4,7,183,"[0, 0, 192, 26, 255, 255, 0, 0]"
604.296895,Unknown Device,2,5,31,736,"[0, 0, 247, 6, 0, 23, 64, 0]"
604.297416,Unknown Device,5,4,13,179,"[1, 0, 144, 207, 255, 191, 123, 38]"
604.298098,Unknown Device,2,4,8,177,"[0, 0, 0, 98, 0, 16, 252, 255]"
604.298791,Unknown Device,2,4,4,177,"[0, 0, 0, 98, 0, 16, 17, 0]"
604.299481,Unknown Device,2,4,1,177,"[0, 0, 0, 98, 0, 16, 253, 255]"
604.300185,Unknown Device,2,4,1,183,"[0, 0, 64, 188, 255, 255, 0, 0]"
604.300868,Unknown,Unknown,Unknown,Unknown,992,"[163, 206, 29, 18, 185, 37, 0, 0]"
604.301568,Unknown Device,2,5,32,736,"[0, 0, 252, 6, 0, 24, 64, 0]"
604.302245,Unknown Device,5,4,12,179,"[52, 0, 16, 208, 255, 255, 128, 38]"
604.302948,Unknown Device,5,4,11,179,"[0, 0, 200, 201, 255, 127, 78, 38]"
604.303626,Unknown Device,21,4,20,180,"[254, 255, 255, 159, 0, 8, 128, 1]"
604.304326,Unknown Device,21,4,20,195,"[241, 223, 6, 224, 1, 0, 0, 5]"
604.305046,Unknown Device,5,4,10,179,"[7, 0, 192, 239, 255, 127, 126, 39]"
604.305714,Unknown Device,2,4,22,177,"[0, 0, 0, 98, 0, 16, 5, 0]"
604.3064,Unknown Device,8,5,1,96,"[1, 0, 0, 0, 0, 0, 0, 192]"
604.307106,Unknown Device,8,5,1,97,"[0, 0, 0, 64, 0, 0, 0, 0]"
604.307787,Unknown Device,2,4,7,177,"[0, 0, 0, 226, 0, 16, 252, 255]"
604.308494,Unknown Device,2,4,8,177,"[0, 0, 0, 98, 0, 16, 232, 255]"
604.309186,Unknown Device,8,5,1,99,"[0, 0, 0, 3, 0, 0, 1, 0]"
604.309881,Unknown Device,8,5,1,100,"[139, 6, 144, 128, 1, 28, 0, 0]"
604.310567,Unknown Device,2,4,26,177,"[0, 0, 0, 226, 0, 16, 62, 0]"
604.311288,Unknown Device,2,5,32,736,"[0, 0, 252, 6, 0, 24, 64, 0]"
604.312038,Unknown Device,5,4,11,179,"[0, 0, 200, 201, 255, 127, 78, 38]"
604.312676,Unknown Device,21,4,20,180,"[254, 255, 255, 159, 0, 8, 128, 1]"
604.313848,Unknown Device,5,4,10,179,"[3, 0, 200, 239, 255, 191, 126, 39]"
604.314069,Unknown Device,2,4,22,177,"[0, 0, 0, 98, 0, 16, 2, 0]"
604.314759,Unknown Device,2,4,22,183,"[0, 0, 0, 147, 0, 0, 0, 0]"
604.316281,Unknown Device,2,4,7,177,"[0, 0, 0, 226, 0, 16, 4, 0]"
604.316468,Unknown Device,2,4,7,183,"[0, 0, 192, 26, 255, 255, 0, 0]"
604.31688,Unknown Device,2,5,31,736,"[0, 0, 247, 6, 0, 23, 64, 0]"
604.317516,Unknown Device,2,4,8,177,"[0, 0, 0, 98, 0, 16, 228, 255]"
604.318212,Unknown Device,5,4,13,179,"[1, 0, 144, 207, 255, 127, 123, 38]"
604.318905,Unknown Device,2,4,6,177,"[0, 0, 0, 98, 0, 16, 0, 0]"
604.319603,Unknown Device,2,4,1,183,"[0, 0, 64, 188, 255, 255, 0, 0]"
604.320293,Unknown Device,2,4,3,177,"[0, 0, 0, 226, 0, 16, 199, 255]"
604.321039,Unknown Device,2,4,3,183,"[0, 0, 192, 245, 255, 255, 0, 0]"
604.321689,Unknown Device,5,4,12,179,"[2, 0, 16, 208, 255, 255, 128, 38]"
604.322386,Unknown,Unknown,Unknown,Unknown,992,"[67, 53, 202, 247, 178, 41, 0, 0]"
604.323068,Unknown Device,5,4,11,179,"[0, 0, 200, 201, 255, 127, 78, 38]"
604.323776,Unknown Device,21,4,20,180,"[255, 255, 255, 159, 0, 8, 128, 1]"
604.324459,Unknown Device,21,4,20,195,"[241, 223, 6, 224, 1, 0, 0, 5]"
604.325162,Unknown Device,5,4,10,179,"[3, 0, 200, 239, 255, 127, 126, 39]"
604.325848,Unknown Device,2,4,22,177,"[0, 0, 0, 98, 0, 16, 3, 0]"
604.326545,Unknown Device,8,5,1,96,"[0, 0, 0, 0, 0, 0, 0, 192]"
604.327227,Unknown Device,8,5,1,97,"[0, 0, 0, 64, 0, 0, 0, 0]"
604.327935,Unknown Device,2,4,7,177,"[0, 0, 0, 226, 0, 16, 12, 0]"
604.328625,Unknown Device,2,4,8,177,"[0, 0, 0, 98, 0, 16, 240, 255]"
604.329322,Unknown Device,2,4,1,177,"[0, 0, 0, 98, 0, 16, 5, 0]"
604.330033,Unknown Device,8,5,1,100,"[140, 6, 144, 128, 0, 28, 0, 0]"
604.330712,Unknown Device,2,5,30,737,"[0, 0, 0, 0, 0, 64, 0, 0]"
604.331402,Unknown Device,2,5,32,736,"[0, 0, 253, 6, 0, 24, 64, 0]"
604.332098,Unknown Device,5,4,11,179,"[0, 0, 200, 201, 255, 127, 78, 38]"
604.332787,Unknown Device,21,4,20,180,"[255, 255, 255, 159, 0, 8, 128, 1]"
604.333917,Unknown Device,5,4,10,179,"[3, 0, 200, 239, 255, 127, 126, 39]"
604.334163,Unknown Device,2,4,22,177,"[0, 0, 0, 98, 0, 16, 253, 255]"
604.334858,Unknown Device,2,4,22,183,"[0, 0, 0, 147, 0, 0, 0, 0]"
604.336341,Unknown Device,2,4,7,177,"[0, 0, 0, 226, 0, 16, 9, 0]"
604.336541,Unknown Device,2,4,7,183,"[0, 0, 192, 26, 255, 255, 0, 0]"
604.336924,Unknown Device,2,5,31,736,"[0, 0, 248, 6, 0, 23, 64, 0]"
604.337618,Unknown Device,2,4,8,177,"[0, 0, 0, 98, 0, 16, 253, 255]"
604.338315,Unknown Device,5,4,13,179,"[1, 0, 144, 207, 255, 127, 123, 38]"
604.339033,Unknown Device,2,4,6,177,"[0, 0, 0, 98, 0, 16, 239, 255]"
604.339697,Unknown Device,2,4,1,183,"[0, 0, 64, 188, 255, 255, 0, 0]"
604.340409,Unknown Device,2,4,5,177,"[0, 0, 0, 98, 0, 16, 9, 0]"
604.341098,Unknown Device,2,4,3,183,"[0, 0, 192, 245, 255, 255, 0, 0]"
604.341813,Unknown Device,5,4,12,179,"[2, 0, 16, 208, 255, 191, 128, 38]"
604.342496,Unknown Device,5,4,11,179,"[0, 0, 200, 201, 255, 127, 78, 38]"
604.3432,Unknown Device,21,4,20,180,"[0, 0, 0, 144, 0, 8, 128, 1]"
604.343879,Unknown Device,21,4,20,195,"[241, 223, 6, 224, 1, 0, 0, 5]"
604.344591,Unknown Device,21,4,20,200,"[116, 255, 100, 0, 160, 64, 0, 4]"
604.345281,Unknown Device,5,4,10,179,"[3, 0, 200, 239, 255, 127, 126, 39]"
604.346027,Unknown Device,2,4,22,177,"[0, 0, 0, 98, 0, 16, 4, 0]"
604.346664,Unknown Device,8,5,1,96,"[0, 0, 0, 0, 0, 0, 0, 192]"
604.347363,Unknown Device,8,5,1,97,"[0, 0, 0, 64, 0, 0, 0, 0]"
604.348048,Unknown Device,2,4,7,177,"[0, 0, 0, 226, 0, 16, 0, 0]"
604.348744,Unknown Device,2,4,4,177,"[0, 0, 0, 98, 0, 16, 4, 0]"
604.349429,Unknown Device,8,5,1,99,"[0, 0, 0, 3, 0, 0, 1, 0]"
604.350128,Unknown Device,2,5,30,736,"[0, 0, 249, 6, 0, 21, 64, 0]"
604.35081,Unknown Device,5,4,4,179,"[9, 0, 176, 220, 255, 127, 229, 38]"
604.351509,Unknown Device,2,5,32,736,"[0, 0, 253, 6, 0, 24, 64, 0]"
604.352187,Unknown Device,5,4,11,179,"[0, 0, 200, 201, 255, 127, 78, 38]"
604.352884,Unknown Device,21,4,20,180,"[0, 0, 0, 144, 0, 8, 128, 1]"
604.353569,Unknown,Unknown,Unknown,Unknown,992,"[76, 185, 184, 146, 26, 166, 0, 0]"
604.354276,Unknown Device,5,4,10,179,"[238, 255, 199, 239, 255, 63, 126, 39]"
604.355025,Unknown Device,2,4,22,177,"[0, 0, 0, 98, 0, 16, 1, 0]"
604.355664,Unknown Device,2,4,22,183,"[0, 0, 0, 147, 0, 0, 0, 0]"
604.356349,Unknown,Unknown,Unknown,Unknown,992,"[73, 24, 166, 51, 76, 217, 0, 0]"
604.357048,Unknown Device,2,4,7,177,"[0, 0, 0, 226, 0, 16, 2, 0]"
604.357737,Unknown Device,2,4,7,183,"[0, 0, 192, 26, 255, 255, 0, 0]"
604.358436,Unknown Device,5,4,13,179,"[1, 0, 144, 207, 255, 127, 123, 38]"
604.359121,Unknown Device,2,4,4,183,"[0, 0, 32, 39, 255, 255, 0, 0]"
604.35981,Unknown Device,2,4,6,183,"[184, 255, 31, 191, 255, 255, 0, 0]"
604.360495,Unknown Device,2,4,5,177,"[0, 0, 0, 98, 0, 16, 14, 0]"
604.361201,Unknown Device,2,4,5,183,"[0, 0, 128, 82, 0, 0, 0, 0]"
604.361883,Unknown Device,5,4,12,179,"[2, 0, 16, 208, 255, 191, 128, 38]"
604.362587,Unknown Device,5,4,11,179,"[0, 0, 200, 201, 255, 127, 78, 38]"
604.363269,Unknown Device,21,4,20,180,"[0, 0, 0, 144, 0, 8, 128, 1]"
604.364017,Unknown Device,21,4,20,195,"[241, 223, 6, 224, 1, 0, 0, 5]"
604.36466,Unknown Device,5,4,10,179,"[6, 0, 192, 239, 255, 127, 126, 39]"
604.365357,Unknown Device,2,4,22,177,"[0, 0, 0, 98, 0, 16, 4, 0]"
604.366047,Unknown Device,8,5,1,96,"[0, 0, 0, 0, 0, 0, 0, 192]"
604.366755,Unknown Device,8,5,1,97,"[0, 0, 0, 64, 0, 0, 0, 0]"
604.367438,Unknown Device,2,4,7,177,"[0, 0, 0, 226, 0, 16, 5, 0]"
604.368134,Unknown Device,8,5,1,98,"[0, 8, 32, 0, 0, 0, 0, 0]"
604.368813,Unknown Device,5,4,13,179,"[1, 0, 144, 207, 255, 127, 123, 38]"
604.36951,Unknown Device,2,4,1,177,"[0, 0, 0, 98, 0, 16, 8, 0]"
604.370192,Unknown Device,2,5,30,736,"[0, 0, 249, 6, 0, 21, 64, 0]"
604.370814,Unknown Device,5,4,4,285,"[0, 0, 0, 0, 0, 0, 0, 0]"
604.37154,Unknown Device,5,4,4,179,"[0, 0, 168, 220, 255, 255, 228, 38]"
604.372193,Unknown Device,5,4,11,179,"[0, 0, 200, 201, 255, 127, 78, 38]"
604.372879,Unknown,Unknown,Unknown,Unknown,992,"[90, 95, 177, 228, 101, 91, 0, 0]"
604.373569,Unknown Device,21,4,20,180,"[0, 0, 0, 144, 0, 8, 128, 1]"
604.374208,Unknown,Unknown,Unknown,Unknown,992,"[84, 221, 154, 237, 7, 47, 0, 0]"
604.374893,Unknown Device,5,4,10,179,"[6, 0, 208, 239, 255, 191, 126, 39]"
604.375583,Unknown Device,2,4,22,177,"[0, 0, 0, 98, 0, 16, 14, 0]"
604.376215,Unknown Device,2,4,22,183,"[0, 0, 0, 147, 0, 0, 0, 0]"
604.376903,Unknown Device,2,4,7,177,"[0, 0, 0, 226, 0, 16, 249, 255]"
604.377601,Unknown Device,2,4,7,183,"[0, 0, 192, 26, 255, 255, 0, 0]"
604.378218,Unknown Device,2,4,8,177,"[0, 0, 0, 98, 0, 16, 239, 255]"
604.378911,Unknown Device,2,4,6,177,"[0, 0, 0, 98, 0, 16, 251, 255]"
604.379601,Unknown Device,2,4,2,183,"[204, 255, 63, 64, 255, 255, 0, 0]"
604.38024,Unknown Device,2,4,3,177,"[0, 0, 0, 226, 0, 16, 215, 255]"
604.380926,Unknown Device,2,4,3,183,"[0, 0, 192, 245, 255, 255, 0, 0]"
604.381623,Unknown Device,2,5,32,737,"[0, 0, 0, 0, 0, 64, 0, 0]"
604.382248,Unknown Device,5,4,12,179,"[2, 0, 8, 208, 255, 127, 128, 38]"
604.38301,Unknown Device,5,4,11,179,"[0, 0, 200, 201, 255, 127, 78, 38]"
604.383631,Unknown Device,21,4,20,180,"[0, 0, 0, 144, 0, 8, 128, 1]"
604.384263,Unknown Device,21,4,20,195,"[241, 223, 6, 224, 1, 0, 0, 5]"
604.38501,Unknown Device,5,4,10,179,"[3, 0, 200, 239, 255, 63, 126, 39]"
604.385631,Unknown Device,2,4,22,177,"[0, 0, 0, 98, 0, 16, 249, 255]"
604.386273,Unknown Device,8,5,1,96,"[0, 0, 0, 0, 0, 0, 0, 192]"
604.387005,Unknown Device,8,5,1,97,"[0, 0, 0, 64, 0, 0, 0, 0]"
604.387648,Unknown Device,2,4,7,177,"[0, 0, 0, 226, 0, 16, 253, 255]"
604.388273,Unknown Device,2,5,31,736,"[0, 0, 248, 6, 0, 23, 64, 0]"
604.389006,Unknown Device,2,4,6,177,"[0, 0, 0, 98, 0, 16, 5, 0]"
604.389648,Unknown Device,5,4,13,209,"[0, 0, 253, 255, 255, 7, 0, 0]"
604.390288,Unknown Device,2,4,3,177,"[0, 0, 0, 226, 0, 16, 208, 255]"
604.391006,Unknown Device,5,4,12,179,"[2, 0, 8, 208, 255, 127, 128, 38]"
604.391664,Unknown Device,5,4,12,194,"[171, 192, 224, 123, 24, 0, 0, 0]"
604.392279,Unknown Device,5,4,12,285,"[0, 0, 0, 0, 24, 0, 0, 0]"
604.393006,Unknown Device,5,4,11,179,"[0, 0, 200, 201, 255, 127, 78, 38]"
604.393666,Unknown Device,5,4,11,194,"[172, 192, 96, 128, 24, 0, 0, 0]"
604.394303,Unknown Device,5,4,11,431,"[0, 0, 0, 1, 1, 26, 19, 0]"
604.395001,Unknown Device,5,4,11,285,"[0, 0, 0, 0, 24, 0, 0, 0]"
604.395676,Unknown Device,2,4,22,183,"[0, 0, 0, 147, 0, 0, 0, 0]"
604.396298,Unknown Device,5,4,10,285,"[0, 0, 0, 0, 24, 0, 0, 0]"
604.397005,Unknown Device,2,4,7,177,"[0, 0, 0, 226, 0, 16, 248, 255]"
604.397672,Unknown Device,2,4,7,183,"[0, 0, 192, 26, 255, 255, 0, 0]"
604.398294,Unknown Device,2,5,31,736,"[0, 0, 248, 6, 0, 23, 64, 0]"
604.399,Unknown Device,2,4,4,183,"[0, 0, 32, 39, 255, 255, 0, 0]"
604.399668,Unknown Device,2,4,1,183,"[0, 0, 64, 188, 255, 255, 0, 0]"
604.400304,Unknown Device,2,4,3,177,"[0, 0, 0, 226, 0, 16, 220, 255]"
604.401003,Unknown Device,2,4,3,183,"[0, 0, 192, 245, 255, 255, 0, 0]"
604.401699,Unknown Device,2,5,32,737,"[0, 0, 0, 0, 0, 64, 0, 0]"
604.402328,Unknown Device,5,4,12,179,"[1, 0, 8, 208, 255, 191, 128, 38]"
604.403019,Unknown Device,5,4,11,179,"[0, 0, 200, 201, 255, 127, 78, 38]"
604.403701,Unknown Device,21,4,20,180,"[0, 0, 0, 144, 0, 8, 128, 1]"
604.404323,Unknown Device,21,4,20,195,"[241, 223, 6, 224, 1, 0, 0, 5]"
604.405029,Unknown Device,5,4,10,179,"[3, 0, 200, 239, 255, 191, 126, 39]"
604.405717,Unknown Device,2,4,22,177,"[0, 0, 0, 98, 0, 16, 0, 0]"
604.406346,Unknown Device,8,5,1,96,"[0, 0, 0, 0, 0, 0, 0, 192]"
604.407036,Unknown Device,8,5,1,97,"[0, 0, 0, 64, 0, 0, 0, 0]"
604.407722,Unknown Device,2,4,7,177,"[0, 0, 0, 226, 0, 16, 1, 0]"
604.40834,Unknown Device,2,5,31,737,"[0, 0, 0, 0, 0, 64, 0, 0]"
604.409022,Unknown Device,2,4,2,177,"[0, 0, 0, 98, 0, 16, 3, 0]"
604.409715,Unknown Device,8,5,1,100,"[141, 6, 144, 128, 0, 28, 0, 0]"
604.410333,Unknown Device,2,4,5,177,"[0, 0, 0, 98, 0, 16, 236, 255]"
604.411022,Unknown Device,5,4,12,179,"[1, 0, 8, 208, 255, 191, 128, 38]"
604.411715,Unknown Device,2,5,32,736,"[0, 0, 253, 6, 0, 24, 64, 0]"
604.412334,Unknown Device,5,4,11,179,"[0, 0, 200, 201, 255, 127, 78, 38]"
604.413019,Unknown Device,21,4,20,180,"[0, 0, 0, 144, 0, 8, 128, 1]"
604.413798,Unknown Device,5,4,10,179,"[3, 0, 200, 239, 255, 127, 126, 39]"
604.414349,Unknown Device,2,4,22,177,"[0, 0, 0, 98, 0, 16, 8, 0]"
604.415031,Unknown Device,2,4,22,183,"[0, 0, 0, 147, 0, 0, 0, 0]"
604.415753,Unknown,Unknown,Unknown,Unknown,992,"[115, 126, 246, 184, 70, 73, 0, 0]"
604.416339,Unknown Device,2,4,7,177,"[0, 0, 0, 226, 0, 16, 10, 0]"
604.417031,Unknown Device,2,4,7,183,"[0, 0, 192, 26, 255, 255, 0, 0]"
604.417724,Unknown Device,2,5,31,736,"[0, 0, 248, 6, 0, 23, 64, 0]"
604.418371,Unknown Device,2,4,8,177,"[0, 0, 0, 98, 0, 16, 234, 255]"
604.419773,Unknown Device,2,4,4,183,"[0, 0, 32, 39, 255, 255, 0, 0]"
604.423712,Unknown Device,2,4,6,183,"[12, 0, 32, 191, 255, 255, 0, 0]"
604.424445,Unknown Device,2,4,5,183,"[0, 0, 128, 82, 0, 0, 0, 0]"
604.425069,Unknown Device,5,4,10,179,"[3, 0, 200, 239, 255, 127, 126, 39]"
604.425762,Unknown Device,2,4,22,177,"[0, 0, 0, 98, 0, 16, 255, 255]"
604.426395,Unknown,Unknown,Unknown,Unknown,992,"[58, 197, 213, 135, 60, 231, 0, 0]"
604.427091,Unknown Device,8,5,1,96,"[0, 0, 0, 0, 0, 0, 0, 192]"
604.427698,Unknown Device,2,4,7,177,"[0, 0, 0, 226, 0, 16, 15, 0]"
604.428395,Unknown Device,2,5,31,737,"[0, 0, 0, 0, 0, 64, 0, 0]"
604.429027,Unknown Device,2,4,6,177,"[0, 0, 0, 98, 0, 16, 6, 0]"
604.42972,Unknown Device,8,5,1,100,"[141, 6, 144, 128, 0, 28, 0, 0]"
604.430346,Unknown Device,2,4,5,177,"[0, 0, 0, 98, 0, 16, 19, 0]"
604.431049,Unknown Device,5,4,12,179,"[1, 0, 8, 208, 255, 191, 128, 38]"
604.431785,Unknown Device,2,5,32,736,"[0, 0, 253, 6, 0, 24, 64, 0]"
604.432468,Unknown Device,5,4,11,179,"[0, 0, 200, 201, 255, 127, 78, 38]"
604.433158,Unknown Device,21,4,20,180,"[0, 0, 0, 144, 0, 8, 128, 1]"
604.433933,Unknown Device,5,4,10,179,"[3, 0, 200, 239, 255, 127, 126, 39]"
604.434514,Unknown Device,2,4,22,177,"[0, 0, 0, 98, 0, 16, 1, 0]"
604.435081,Unknown Device,2,4,22,183,"[0, 0, 0, 147, 0, 0, 0, 0]"
604.436254,Unknown Device,2,4,7,177,"[0, 0, 0, 226, 0, 16, 6, 0]"
604.436467,Unknown Device,2,4,7,183,"[0, 0, 192, 26, 255, 255, 0, 0]"
604.437159,Unknown Device,2,5,31,736,"[0, 0, 248, 6, 0, 23, 64, 0]"
604.43777,Unknown,Unknown,Unknown,Unknown,992,"[13, 133, 46, 182, 58, 235, 0, 0]"
604.438491,Unknown Device,2,4,8,177,"[0, 0, 0, 98, 0, 16, 251, 255]"
604.439289,Unknown Device,2,4,4,183,"[0, 0, 32, 39, 255, 255, 0, 0]"
604.439988,Unknown Device,5,4,13,179,"[1, 0, 144, 207, 255, 127, 123, 38]"
604.440684,Unknown Device,2,4,26,177,"[0, 0, 0, 226, 0, 16, 252, 255]"
604.441391,Unknown Device,2,5,32,736,"[0, 0, 253, 6, 0, 24, 64, 0]"
604.442075,Unknown Device,5,4,12,179,"[17, 0, 16, 208, 255, 191, 128, 38]"
604.442771,Unknown Device,5,4,11,179,"[0, 0, 200, 201, 255, 127, 78, 38]"
604.443456,Unknown Device,21,4,20,180,"[0, 0, 0, 144, 0, 8, 128, 1]"
604.444155,Unknown Device,21,4,20,195,"[241, 223, 6, 224, 1, 0, 0, 5]"
604.444837,Unknown Device,21,4,20,200,"[144, 255, 124, 0, 172, 63, 0, 4]"
604.445551,Unknown Device,2,4,22,431,"[0, 0, 0, 0, 1, 26, 19, 0]"
604.446235,Unknown Device,2,4,22,177,"[0, 0, 0, 98, 0, 16, 252, 255]"
604.446978,Unknown Device,2,4,22,184,"[0, 0, 0, 0, 0, 0, 0, 128]"
604.447617,Unknown Device,2,4,22,186,"[4, 0, 0, 0, 0, 0, 0, 0]"
604.448316,Unknown Device,2,5,31,736,"[0, 0, 248, 6, 0, 23, 64, 0]"
604.448994,Unknown Device,2,4,6,177,"[0, 0, 0, 98, 0, 16, 3, 0]"
604.449683,Unknown Device,8,5,1,100,"[141, 6, 144, 128, 0, 28, 0, 0]"
604.450375,Unknown Device,2,4,5,177,"[0, 0, 0, 98, 0, 16, 251, 255]"
604.451074,Unknown Device,5,4,12,179,"[4, 0, 16, 208, 255, 255, 128, 38]"
604.451756,Unknown Device,2,5,32,736,"[0, 0, 254, 6, 0, 24, 64, 0]"
604.452453,Unknown Device,5,4,11,179,"[0, 0, 200, 201, 255, 127, 78, 38]"
604.453136,Unknown Device,21,4,20,180,"[0, 0, 0, 144, 0, 8, 128, 1]"
604.453837,Unknown Device,5,4,10,179,"[3, 0, 192, 239, 255, 127, 126, 39]"
604.454486,Unknown Device,2,4,22,177,"[0, 0, 0, 98, 0, 16, 252, 255]"
604.455096,Unknown Device,2,4,22,183,"[0, 0, 0, 147, 0, 0, 0, 0]"
604.456238,Unknown Device,2,4,7,177,"[0, 0, 0, 226, 0, 16, 250, 255]"
604.45646,Unknown Device,2,4,7,183,"[0, 0, 192, 26, 255, 255, 0, 0]"
604.457156,Unknown Device,2,5,31,736,"[0, 0, 249, 6, 0, 23, 64, 0]"
604.457849,Unknown Device,5,4,13,179,"[1, 0, 144, 207, 255, 127, 123, 38]"
604.458539,Unknown Device,2,4,8,177,"[0, 0, 0, 98, 0, 16, 253, 255]"
604.459236,Unknown Device,2,4,4,183,"[0, 0, 32, 39, 255, 255, 0, 0]"
604.459976,Unknown Device,2,4,6,183,"[12, 0, 0, 191, 255, 255, 0, 0]"
604.460633,Unknown Device,2,4,26,177,"[0, 0, 0, 226, 0, 16, 235, 255]"
604.461316,Unknown Device,2,4,26,183,"[0, 0, 192, 162, 0, 0, 0, 0]"
604.462034,Unknown Device,2,5,32,737,"[0, 0, 0, 0, 0, 64, 0, 0]"
604.46272,Unknown,Unknown,Unknown,Unknown,992,"[152, 83, 30, 241, 154, 171, 0, 0]"
604.463417,Unknown Device,5,4,11,179,"[0, 0, 200, 201, 255, 127, 78, 38]"
604.464107,Unknown Device,21,4,20,195,"[241, 223, 6, 224, 1, 0, 0, 5]"
604.464792,Unknown Device,5,4,10,179,"[3, 0, 192, 239, 255, 127, 126, 39]"
604.465396,Unknown Device,2,4,22,177,"[0, 0, 0, 98, 0, 16, 8, 0]"
604.466099,Unknown Device,8,5,1,96,"[0, 0, 0, 0, 0, 0, 0, 192]"
604.466778,Unknown Device,8,5,1,97,"[0, 0, 0, 64, 0, 0, 0, 0]"
604.467475,Unknown Device,2,4,7,431,"[0, 0, 0, 0, 1, 26, 19, 0]"
604.468157,Unknown Device,8,5,1,98,"[0, 4, 32, 0, 0, 0, 0, 0]"
604.46885,Unknown Device,2,4,8,285,"[128, 0, 0, 0, 128, 11, 192, 0]"
604.469533,Unknown Device,2,4,2,285,"[128, 0, 0, 0, 128, 11, 192, 0]"
604.47023,Unknown Device,2,4,2,177,"[0, 0, 0, 98, 0, 16, 248, 255]"
604.47097,Unknown Device,2,4,2,182,"[0, 0, 192, 116, 0, 0, 0, 0]"
604.471677,Unknown Device,2,4,2,185,"[0, 0, 0, 0, 0, 0, 0, 128]"
604.472367,Unknown Device,2,4,8,186,"[8, 0, 0, 0, 0, 0, 0, 0]"
604.473064,Unknown Device,2,4,4,177,"[0, 0, 0, 98, 0, 16, 21, 0]"
604.47375,Unknown Device,2,4,5,431,"[0, 0, 0, 0, 1, 26, 19, 0]"
604.474447,Unknown Device,2,4,1,181,"[248, 127, 0, 64, 91, 18, 23, 20]"
604.475136,Unknown Device,2,4,1,182,"[0, 0, 64, 188, 255, 255, 0, 0]"
604.475836,Unknown Device,2,4,22,183,"[0, 0, 0, 147, 0, 0, 0, 0]"
604.476519,Unknown Device,2,4,5,193,"[0, 243, 199, 46, 0, 0, 0, 0]"
604.477216,Unknown Device,2,4,5,177,"[0, 0, 0, 98, 0, 16, 242, 255]"
604.477963,Unknown Device,2,4,7,177,"[0, 0, 0, 226, 0, 16, 10, 0]"
604.478599,Unknown Device,2,4,5,184,"[0, 0, 0, 0, 0, 0, 0, 128]"
604.479281,Unknown Device,2,4,3,185,"[0, 0, 0, 0, 0, 0, 0, 128]"
604.479964,Unknown Device,2,4,6,185,"[0, 0, 0, 0, 0, 0, 0, 128]"
604.480707,Unknown Device,2,4,3,187,"[0, 0, 4, 0, 0, 0, 0, 0]"
604.481402,Unknown Device,2,4,3,183,"[0, 0, 192, 245, 255, 255, 0, 0]"
604.482087,Unknown Device,2,4,6,177,"[0, 0, 0, 98, 0, 16, 244, 255]"
604.482783,Unknown Device,2,4,6,183,"[12, 0, 0, 191, 255, 255, 0, 0]"
604.483461,Unknown Device,2,5,30,736,"[0, 0, 250, 6, 0, 21, 64, 0]"
604.484153,Unknown Device,2,4,26,181,"[253, 127, 0, 64, 91, 19, 22, 20]"
604.484856,Unknown Device,5,4,13,179,"[1, 0, 144, 207, 255, 127, 123, 38]"
604.485555,Unknown Device,2,4,22,177,"[0, 0, 0, 98, 0, 16, 251, 255]"
604.486233,Unknown Device,2,4,26,186,"[12, 0, 0, 0, 0, 0, 0, 0]"
604.486961,Unknown Device,21,4,20,195,"[241, 223, 6, 224, 1, 0, 0, 5]"
604.487621,Unknown Device,2,4,26,183,"[0, 0, 192, 162, 0, 0, 0, 0]"
604.488321,Unknown Device,2,5,31,736,"[0, 0, 248, 6, 0, 23, 64, 0]"
604.489013,Unknown Device,2,4,6,177,"[0, 0, 0, 98, 0, 16, 242, 255]"
604.489708,Unknown Device,8,5,1,100,"[141, 6, 144, 128, 0, 28, 0, 0]"
604.490387,Unknown Device,2,4,26,177,"[0, 0, 0, 226, 0, 16, 9, 0]"
604.491043,Unknown Device,5,4,12,179,"[1, 0, 16, 208, 255, 127, 128, 38]"
604.491725,Unknown Device,2,5,32,736,"[0, 0, 253, 6, 0, 24, 64, 0]"
604.492432,Unknown Device,5,4,11,179,"[0, 0, 200, 201, 255, 127, 78, 38]"
604.493116,Unknown Device,21,4,20,431,"[0, 0, 0, 0, 1, 26, 19, 0]"
604.493812,Unknown Device,21,4,20,285,"[0, 0, 0, 0, 0, 96, 4, 0]"
604.494498,Unknown Device,21,4,20,198,"[0, 0, 0, 0, 0, 0, 0, 144]"
604.495218,Unknown Device,5,4,10,179,"[2, 0, 200, 239, 255, 191, 126, 39]"
604.495843,Unknown Device,2,4,22,183,"[0, 0, 0, 147, 0, 0, 0, 0]"
604.4965,Unknown,Unknown,Unknown,Unknown,992,"[119, 55, 12, 226, 49, 216, 0, 0]"
604.497182,Unknown Device,2,4,7,177,"[0, 0, 0, 226, 0, 16, 252, 255]"
604.497959,Unknown Device,2,4,7,183,"[0, 0, 192, 26, 255, 255, 0, 0]"
604.49858,Unknown Device,2,4,8,177,"[0, 0, 0, 98, 0, 16, 242, 255]"
604.499277,Unknown Device,2,4,6,183,"[8, 0, 32, 191, 255, 255, 0, 0]"
604.499974,Unknown Device,2,4,8,183,"[0, 0, 96, 62, 255, 255, 0, 0]"
604.500674,Unknown Device,2,4,26,177,"[0, 0, 0, 226, 0, 16, 3, 0]"
604.501364,Unknown Device,2,4,26,183,"[0, 0, 192, 162, 0, 0, 0, 0]"
604.502053,Unknown Device,2,5,32,737,"[0, 0, 0, 0, 0, 64, 0, 0]"
604.502739,Unknown Device,5,4,11,179,"[0, 0, 200, 201, 255, 127, 78, 38]"
604.503436,Unknown Device,21,4,20,180,"[0, 0, 0, 144, 0, 8, 128, 1]"
604.504126,Unknown Device,21,4,20,195,"[241, 223, 6, 224, 1, 0, 0, 5]"
604.504761,Unknown Device,5,4,10,179,"[2, 0, 200, 239, 255, 191, 126, 39]"
604.505444,Unknown Device,2,4,22,177,"[0, 0, 0, 98, 0, 16, 0, 0]"
604.506145,Unknown Device,8,5,1,96,"[0, 0, 0, 0, 0, 0, 0, 192]"
604.506831,Unknown Device,8,5,1,97,"[0, 0, 0, 64, 0, 0, 0, 0]"
604.507529,Unknown Device,2,4,7,177,"[0, 0, 0, 226, 0, 16, 15, 0]"
604.50821,Unknown Device,2,5,31,736,"[0, 0, 247, 6, 0, 23, 64, 0]"
604.508951,Unknown Device,2,4,6,177,"[0, 0, 0, 98, 0, 16, 249, 255]"
604.509594,Unknown Device,8,5,1,100,"[141, 6, 144, 128, 0, 28, 0, 0]"
604.510298,Unknown Device,2,4,5,177,"[0, 0, 0, 98, 0, 16, 10, 0]"
604.51098,Unknown Device,5,4,12,179,"[7, 0, 16, 208, 255, 191, 128, 38]"
604.511767,Unknown Device,2,5,32,736,"[0, 0, 253, 6, 0, 24, 64, 0]"
604.512449,Unknown Device,5,4,11,179,"[0, 0, 200, 201, 255, 127, 78, 38]"
604.513153,Unknown Device,21,4,20,180,"[0, 0, 0, 144, 0, 8, 128, 1]"
604.513845,Unknown Device,5,4,10,179,"[2, 0, 200, 239, 255, 127, 126, 39]"
604.514536,Unknown Device,2,4,22,177,"[0, 0, 0, 98, 0, 16, 251, 255]"
604.515232,Unknown Device,2,4,22,183,"[0, 0, 0, 147, 0, 0, 0, 0]"
604.516221,Unknown Device,2,4,7,177,"[0, 0, 0, 226, 0, 16, 247, 255]"
604.516616,Unknown Device,2,4,7,183,"[0, 0, 192, 26, 255, 255, 0, 0]"
604.517317,Unknown Device,2,5,31,736,"[0, 0, 248, 6, 0, 23, 64, 0]"
604.517999,Unknown Device,5,4,13,179,"[0, 0, 152, 207, 255, 127, 123, 38]"
604.5187,Unknown Device,2,4,4,177,"[0, 0, 0, 98, 0, 16, 23, 0]"
604.519397,Unknown Device,2,4,1,177,"[0, 0, 0, 98, 0, 16, 1, 0]"
604.520093,Unknown Device,2,4,1,183,"[0, 0, 64, 188, 255, 255, 0, 0]"
604.520779,Unknown Device,2,5,30,736,"[0, 0, 250, 6, 0, 21, 64, 0]"
604.521447,Unknown Device,2,5,32,737,"[0, 0, 0, 0, 0, 64, 0, 0]"
604.522129,Unknown Device,5,4,12,179,"[4, 0, 16, 208, 255, 255, 128, 38]"
604.52283,Unknown Device,5,4,11,179,"[0, 0, 200, 201, 255, 127, 78, 38]"
604.523512,Unknown Device,21,4,20,180,"[0, 0, 0, 144, 0, 8, 128, 1]"
604.524209,Unknown Device,21,4,20,195,"[241, 223, 6, 224, 1, 0, 0, 5]"
604.524949,Unknown Device,5,4,10,179,"[2, 0, 200, 239, 255, 127, 126, 39]"
604.525592,Unknown Device,2,4,22,177,"[0, 0, 0, 98, 0, 16, 251, 255]"
604.526276,Unknown Device,8,5,1,96,"[0, 0, 0, 0, 0, 0, 0, 192]"
604.526975,Unknown Device,8,5,1,97,"[0, 0, 0, 64, 0, 0, 0, 0]"
604.527657,Unknown Device,2,4,7,177,"[0, 0, 0, 226, 0, 16, 11, 0]"
604.528356,Unknown Device,2,5,31,737,"[0, 0, 0, 0, 0, 64, 0, 0]"
604.529055,Unknown Device,5,4,13,179,"[0, 0, 152, 207, 255, 127, 123, 38]"
604.529751,Unknown Device,8,5,1,100,"[141, 6, 144, 128, 0, 28, 0, 0]"
604.530436,Unknown Device,2,4,26,177,"[0, 0, 0, 226, 0, 16, 48, 0]"
604.531128,Unknown Device,5,4,12,179,"[1, 0, 16, 208, 255, 191, 128, 38]"
604.53181,Unknown Device,2,5,32,736,"[0, 0, 253, 6, 0, 24, 64, 0]"
604.532509,Unknown Device,5,4,11,179,"[0, 0, 200, 201, 255, 127, 78, 38]"
604.533201,Unknown Device,21,4,20,180,"[255, 255, 255, 159, 0, 8, 128, 1]"
604.533943,Unknown,Unknown,Unknown,Unknown,992,"[155, 182, 116, 34, 43, 211, 0, 0]"
604.534575,Unknown Device,5,4,10,179,"[2, 0, 200, 239, 255, 127, 126, 39]"
604.535282,Unknown Device,2,4,22,177,"[0, 0, 0, 98, 0, 16, 0, 0]"
604.53596,Unknown Device,2,4,22,183,"[0, 0, 0, 147, 0, 0, 0, 0]"
604.536656,Unknown Device,2,4,7,177,"[0, 0, 0, 226, 0, 16, 5, 0]"
604.537341,Unknown Device,2,4,7,183,"[0, 0, 192, 26, 255, 255, 0, 0]"
604.53804,Unknown Device,2,5,31,736,"[0, 0, 248, 6, 0, 23, 64, 0]"
604.538743,Unknown Device,2,4,8,183,"[0, 0, 96, 62, 255, 255, 0, 0]"
604.539436,Unknown Device,2,4,2,183,"[4, 0, 64, 64, 255, 255, 0, 0]"
604.54012,Unknown Device,2,4,3,177,"[0, 0, 0, 226, 0, 16, 226, 255]"
604.540816,Unknown Device,2,4,3,183,"[0, 0, 192, 245, 255, 255, 0, 0]"
604.541502,Unknown Device,2,5,32,736,"[0, 0, 253, 6, 0, 24, 64, 0]"
604.542249,Unknown Device,2,5,32,737,"[0, 0, 0, 0, 0, 64, 0, 0]"
604.542946,Unknown Device,5,4,11,179,"[0, 0, 200, 201, 255, 127, 78, 38]"
604.543639,Unknown Device,21,4,20,180,"[255, 255, 255, 159, 0, 8, 128, 1]"
604.544315,Unknown Device,21,4,20,199,"[30, 0, 128, 255, 255, 239, 255, 15]"
604.545018,Unknown Device,21,4,20,200,"[112, 255, 88, 0, 160, 63, 0, 4]"
604.545704,Unknown Device,2,4,22,177,"[0, 0, 0, 98, 0, 16, 255, 255]"
604.546401,Unknown Device,8,5,1,96,"[0, 0, 0, 0, 0, 0, 0, 192]"
604.547091,Unknown Device,8,5,1,97,"[0, 0, 0, 64, 0, 0, 0, 0]"
604.547791,Unknown Device,2,4,7,177,"[0, 0, 0, 226, 0, 16, 255, 255]"
604.548474,Unknown Device,2,4,8,177,"[0, 0, 0, 98, 0, 16, 2, 0]"
604.54917,Unknown Device,2,4,2,177,"[0, 0, 0, 98, 0, 16, 255, 255]"
604.549856,Unknown Device,8,5,1,100,"[141, 6, 144, 128, 0, 28, 0, 0]"
604.55056,Unknown Device,2,5,30,737,"[0, 0, 0, 0, 0, 64, 0, 0]"
604.551242,Unknown Device,2,5,32,736,"[0, 0, 253, 6, 0, 24, 64, 0]"
604.551956,Unknown Device,5,4,11,179,"[0, 0, 200, 201, 255, 127, 78, 38]"
604.552644,Unknown Device,21,4,20,180,"[255, 255, 255, 159, 0, 8, 128, 1]"
604.553654,Unknown Device,5,4,10,179,"[2, 0, 200, 239, 255, 127, 126, 39]"
604.554034,Unknown Device,2,4,22,177,"[0, 0, 0, 98, 0, 16, 2, 0]"
604.554731,Unknown Device,2,4,22,183,"[0, 0, 0, 147, 0, 0, 0, 0]"
604.556292,Unknown Device,2,4,7,177,"[0, 0, 0, 226, 0, 16, 22, 0]"
604.55645,Unknown Device,2,4,7,183,"[0, 0, 192, 26, 255, 255, 0, 0]"
604.556797,Unknown Device,2,5,31,736,"[0, 0, 248, 6, 0, 23, 64, 0]"
604.55752,Unknown Device,5,4,13,179,"[0, 0, 152, 207, 255, 191, 123, 38]"
604.558209,Unknown Device,2,4,8,177,"[0, 0, 0, 98, 0, 16, 253, 255]"
604.558935,Unknown Device,2,4,4,177,"[0, 0, 0, 98, 0, 16, 250, 255]"
604.559606,Unknown Device,2,4,6,183,"[8, 0, 32, 191, 255, 255, 0, 0]"
604.560303,Unknown Device,2,4,3,177,"[0, 0, 0, 226, 0, 16, 213, 255]"
604.560985,Unknown Device,2,4,3,183,"[0, 0, 192, 245, 255, 255, 0, 0]"
604.561685,Unknown Device,5,4,12,179,"[4, 0, 8, 208, 255, 255, 128, 38]"
604.562368,Unknown Device,5,4,11,179,"[0, 0, 200, 201, 255, 127, 78, 38]"
604.563065,Unknown Device,21,4,20,180,"[255, 255, 255, 159, 0, 8, 128, 1]"
604.563751,Unknown Device,21,4,20,195,"[241, 223, 6, 224, 1, 0, 0, 5]"
604.564449,Unknown Device,5,4,10,179,"[2, 0, 200, 239, 255, 127, 126, 39]"
604.565131,Unknown Device,2,4,22,177,"[0, 0, 0, 98, 0, 16, 253, 255]"
604.565829,Unknown Device,8,5,1,96,"[0, 0, 0, 0, 0, 0, 0, 192]"
604.566511,Unknown Device,8,5,1,97,"[0, 0, 0, 64, 0, 0, 0, 0]"
604.567208,Unknown Device,2,4,7,177,"[0, 0, 0, 226, 0, 16, 18, 0]"
604.567934,Unknown Device,8,5,1,98,"[0, 8, 32, 0, 0, 0, 0, 0]"
604.568598,Unknown Device,2,4,8,177,"[0, 0, 0, 98, 0, 16, 241, 255]"
604.569281,Unknown Device,8,5,1,99,"[0, 0, 0, 3, 0, 0, 1, 0]"
604.56997,Unknown Device,2,5,30,736,"[0, 0, 250, 6, 0, 21, 64, 0]"
604.570656,Unknown Device,2,5,30,737,"[0, 0, 0, 0, 0, 64, 0, 0]"
604.571359,Unknown Device,5,4,12,179,"[4, 0, 16, 208, 255, 255, 128, 38]"
604.572037,Unknown Device,2,5,32,736,"[0, 0, 253, 6, 0, 24, 64, 0]"
604.572669,Unknown Device,5,4,11,179,"[0, 0, 200, 201, 255, 127, 78, 38]"
604.573355,Unknown Device,21,4,20,180,"[0, 0, 0, 144, 0, 8, 128, 1]"
604.574055,Unknown Device,5,4,10,179,"[2, 0, 200, 239, 255, 191, 126, 39]"
604.574744,Unknown Device,2,4,22,177,"[0, 0, 0, 98, 0, 16, 1, 0]"
604.575443,Unknown Device,2,4,22,183,"[0, 0, 0, 147, 0, 0, 0, 0]"
604.576199,Unknown Device,2,4,7,177,"[0, 0, 0, 226, 0, 16, 6, 0]"
604.576821,Unknown Device,2,4,7,183,"[0, 0, 192, 26, 255, 255, 0, 0]"
604.577513,Unknown Device,2,5,31,736,"[0, 0, 249, 6, 0, 23, 64, 0]"
604.578219,Unknown Device,2,4,8,177,"[0, 0, 0, 98, 0, 16, 255, 255]"
604.578926,Unknown Device,2,4,4,177,"[0, 0, 0, 98, 0, 16, 254, 255]"
604.5796,Unknown Device,2,4,2,183,"[16, 0, 64, 64, 255, 255, 0, 0]"
604.580293,Unknown Device,2,4,3,177,"[0, 0, 0, 226, 0, 16, 219, 255]"
604.580957,Unknown Device,2,4,3,183,"[0, 0, 192, 245, 255, 255, 0, 0]"
604.581638,Unknown Device,5,4,12,179,"[4, 0, 16, 208, 255, 191, 128, 38]"
604.582338,Unknown Device,5,4,11,179,"[0, 0, 200, 201, 255, 127, 78, 38]"
604.583024,Unknown Device,21,4,20,180,"[0, 0, 0, 144, 0, 8, 128, 1]"
604.583719,Unknown Device,21,4,20,195,"[241, 223, 6, 224, 1, 0, 0, 5]"
604.584405,Unknown Device,5,4,10,179,"[2, 0, 200, 239, 255, 63, 126, 39]"
604.585111,Unknown Device,2,4,22,177,"[0, 0, 0, 98, 0, 16, 5, 0]"
604.585797,Unknown Device,8,5,1,96,"[0, 0, 0, 0, 0, 0, 0, 192]"
604.586497,Unknown Device,8,5,1,97,"[0, 0, 0, 64, 0, 0, 0, 0]"
604.587179,Unknown Device,2,4,7,177,"[0, 0, 0, 226, 0, 16, 21, 0]"
604.587927,Unknown Device,8,5,1,98,"[0, 8, 32, 0, 0, 0, 0, 0]"
604.588577,Unknown Device,2,4,8,177,"[0, 0, 0, 98, 0, 16, 1, 0]"
604.589281,Unknown Device,2,4,2,177,"[0, 0, 0, 98, 0, 16, 241, 255]"
604.589963,Unknown Device,2,5,30,736,"[0, 0, 251, 6, 0, 22, 64, 0]"
604.590663,Unknown Device,2,5,30,737,"[0, 0, 0, 0, 0, 64, 0, 0]"
604.591346,Unknown Device,2,5,32,736,"[0, 0, 254, 6, 0, 24, 64, 0]"
604.59205,Unknown,Unknown,Unknown,Unknown,992,"[52, 95, 53, 108, 195, 152, 0, 0]"
604.592736,Unknown Device,5,4,11,179,"[0, 0, 200, 201, 255, 127, 78, 38]"
604.593433,Unknown Device,21,4,20,180,"[0, 0, 0, 144, 0, 8, 128, 1]"
604.594122,Unknown,Unknown,Unknown,Unknown,992,"[171, 108, 139, 21, 92, 201, 0, 0]"
604.594815,Unknown Device,5,4,10,179,"[2, 0, 200, 239, 255, 127, 126, 39]"
604.595505,Unknown Device,2,4,22,183,"[0, 0, 0, 147, 0, 0, 0, 0]"
604.596295,Unknown Device,2,4,7,177,"[0, 0, 0, 226, 0, 16, 254, 255]"
604.596923,Unknown Device,2,4,7,183,"[0, 0, 192, 26, 255, 255, 0, 0]"
604.597601,Unknown Device,2,5,31,736,"[0, 0, 249, 6, 0, 24, 64, 0]"
604.598284,Unknown Device,2,4,8,177,"[0, 0, 0, 98, 0, 16, 254, 255]"
604.598988,Unknown Device,2,4,4,183,"[0, 0, 32, 39, 255, 255, 0, 0]"
604.599667,Unknown Device,2,4,1,183,"[0, 0, 64, 188, 255, 255, 0, 0]"
604.600364,Unknown Device,2,4,3,177,"[0, 0, 0, 226, 0, 16, 223, 255]"
604.601046,Unknown Device,2,4,5,183,"[0, 0, 128, 82, 0, 0, 0, 0]"
604.601739,Unknown Device,2,5,32,737,"[0, 0, 0, 0, 0, 64, 0, 0]"
604.602429,Unknown Device,5,4,11,179,"[0, 0, 200, 201, 255, 127, 78, 38]"
604.603132,Unknown,Unknown,Unknown,Unknown,992,"[183, 199, 152, 212, 109, 62, 0, 0]"
604.603818,Unknown Device,21,4,20,180,"[0, 0, 0, 144, 0, 8, 128, 1]"
604.604516,Unknown Device,21,4,20,195,"[241, 223, 6, 224, 1, 0, 0, 5]"
604.605198,Unknown Device,5,4,10,179,"[2, 0, 200, 239, 255, 127, 126, 39]"
604.605917,Unknown Device,2,4,22,177,"[0, 0, 0, 98, 0, 16, 244, 255]"
604.606588,Unknown Device,8,5,1,96,"[0, 0, 0, 0, 0, 0, 0, 192]"
604.607285,Unknown Device,8,5,1,97,"[0, 0, 0, 64, 0, 0, 0, 0]"
604.607974,Unknown Device,2,4,7,177,"[0, 0, 0, 226, 0, 16, 251, 255]"
604.608668,Unknown Device,2,4,4,177,"[0, 0, 0, 98, 0, 16, 254, 255]"
604.609358,Unknown Device,2,4,2,177,"[0, 0, 0, 98, 0, 16, 255, 255]"
604.610047,Unknown Device,2,5,30,736,"[0, 0, 251, 6, 0, 22, 64, 0]"
604.61074,Unknown Device,5,4,4,179,"[3, 0, 176, 220, 255, 127, 229, 38]"
604.611452,Unknown,Unknown,Unknown,Unknown,992,"[8, 8, 10, 71, 32, 173, 0, 0]"
604.612134,Unknown Device,5,4,11,179,"[0, 0, 200, 201, 255, 127, 78, 38]"
604.612832,Unknown Device,21,4,20,180,"[0, 0, 0, 144, 0, 8, 128, 1]"
604.613756,Unknown Device,5,4,10,179,"[2, 0, 200, 239, 255, 127, 126, 39]"
604.614218,Unknown Device,2,4,22,177,"[0, 0, 0, 98, 0, 16, 254, 255]"
604.614915,Unknown,Unknown,Unknown,Unknown,992,"[51, 35, 93, 16, 65, 8, 0, 0]"
604.615608,Unknown Device,2,4,22,183,"[0, 0, 0, 147, 0, 0, 0, 0]"
604.61629,Unknown Device,2,4,7,177,"[0, 0, 0, 226, 0, 16, 14, 0]"
604.617006,Unknown Device,2,4,7,183,"[0, 0, 192, 26, 255, 255, 0, 0]"
604.617694,Unknown Device,2,5,31,736,"[0, 0, 249, 6, 0, 24, 64, 0]"
604.618394,Unknown Device,2,4,8,177,"[0, 0, 0, 98, 0, 16, 1, 0]"
604.619079,Unknown Device,2,4,2,177,"[0, 0, 0, 98, 0, 16, 11, 0]"
604.619781,Unknown Device,5,4,4,209,"[0, 0, 0, 0, 0, 0, 0, 0]"
604.620467,Unknown Device,2,4,5,177,"[0, 0, 0, 98, 0, 16, 249, 255]"
604.621166,Unknown Device,2,4,5,183,"[0, 0, 128, 82, 0, 0, 0, 0]"
604.621915,Unknown Device,5,4,4,431,"[0, 0, 0, 0, 1, 26, 19, 128]"
604.622561,Unknown Device,5,4,11,179,"[0, 0, 200, 201, 255, 127, 78, 38]"
604.623246,Unknown Device,5,4,4,179,"[4, 0, 176, 220, 255, 63, 229, 38]"
604.623946,Unknown Device,21,4,20,195,"[241, 223, 6, 224, 1, 0, 0, 5]"
604.624627,Unknown Device,5,4,10,179,"[2, 0, 200, 239, 255, 127, 126, 39]"
604.625327,Unknown Device,2,4,22,177,"[0, 0, 0, 98, 0, 16, 244, 255]"
604.626011,Unknown Device,8,5,1,96,"[0, 0, 0, 0, 0, 0, 0, 192]"
604.626707,Unknown Device,8,5,1,97,"[0, 0, 0, 64, 0, 0, 0, 0]"
604.627392,Unknown Device,2,4,7,177,"[0, 0, 0, 226, 0, 16, 5, 0]"
604.628091,Unknown Device,8,5,1,98,"[0, 8, 32, 0, 0, 0, 0, 0]"
604.628773,Unknown Device,2,4,4,177,"[0, 0, 0, 98, 0, 16, 10, 0]"
604.629465,Unknown Device,8,5,1,99,"[0, 0, 0, 3, 0, 0, 1, 0]"
604.63015,Unknown Device,2,5,30,737,"[0, 0, 0, 0, 0, 64, 0, 0]"
604.630913,Unknown Device,5,4,4,179,"[254, 255, 167, 220, 255, 63, 229, 38]"
604.631538,Unknown Device,5,4,12,179,"[6, 0, 16, 208, 255, 255, 128, 38]"
604.632228,Unknown Device,2,5,32,736,"[0, 0, 254, 6, 0, 24, 64, 0]"
604.632918,Unknown Device,5,4,11,179,"[0, 0, 200, 201, 255, 127, 78, 38]"
604.633604,Unknown Device,21,4,20,180,"[0, 0, 0, 144, 0, 8, 128, 1]"
604.634289,Unknown Device,5,4,10,179,"[2, 0, 200, 239, 255, 127, 126, 39]"
604.634971,Unknown Device,2,4,22,177,"[0, 0, 0, 98, 0, 16, 253, 255]"
604.635657,Unknown,Unknown,Unknown,Unknown,992,"[105, 120, 45, 20, 156, 69, 0, 0]"
604.636359,Unknown Device,2,4,7,177,"[0, 0, 0, 226, 0, 16, 13, 0]"
604.637063,Unknown,Unknown,Unknown,Unknown,992,"[217, 118, 182, 35, 248, 18, 0, 0]"
604.637763,Unknown Device,2,4,7,183,"[0, 0, 192, 26, 255, 255, 0, 0]"
604.638446,Unknown Device,5,4,13,179,"[0, 0, 152, 207, 255, 191, 123, 38]"
604.639142,Unknown Device,2,4,2,177,"[0, 0, 0, 98, 0, 16, 253, 255]"
604.639828,Unknown Device,2,4,6,183,"[8, 0, 32, 191, 255, 255, 0, 0]"
604.640532,Unknown Device,2,4,26,177,"[0, 0, 0, 226, 0, 16, 8, 0]"
604.641214,Unknown Device,2,4,26,183,"[0, 0, 192, 162, 0, 0, 0, 0]"
604.641926,Unknown Device,5,4,12,209,"[0, 0, 0, 0, 0, 0, 0, 0]"
604.642612,Unknown Device,5,4,12,431,"[0, 0, 0, 1, 1, 26, 19, 0]"
604.643309,Unknown Device,5,4,11,209,"[0, 0, 0, 0, 0, 0, 0, 0]"
604.643998,Unknown Device,5,4,11,285,"[0, 0, 0, 0, 24, 0, 0, 0]"
604.644692,Unknown Device,21,4,20,200,"[140, 255, 92, 0, 244, 63, 0, 4]"
604.645374,Unknown Device,2,4,22,177,"[0, 0, 0, 98, 0, 16, 252, 255]"
604.646078,Unknown Device,5,4,10,431,"[0, 0, 0, 1, 1, 26, 19, 0]"
604.646756,Unknown Device,5,4,10,285,"[0, 0, 0, 0, 24, 0, 0, 0]"
604.647454,Unknown Device,8,5,1,97,"[0, 0, 0, 64, 0, 0, 0, 0]"
604.648143,Unknown Device,8,5,1,98,"[0, 4, 32, 0, 0, 0, 0, 0]"
604.648905,Unknown Device,2,4,4,177,"[0, 0, 0, 98, 0, 16, 1, 0]"
604.649526,Unknown Device,8,5,1,100,"[143, 6, 144, 128, 0, 28, 0, 0]"
604.650229,Unknown Device,2,4,5,177,"[0, 0, 0, 98, 0, 16, 248, 255]"
604.650912,Unknown Device,5,4,12,179,"[3, 0, 16, 208, 255, 191, 128, 38]"
604.651605,Unknown Device,2,5,32,736,"[0, 0, 253, 6, 0, 24, 64, 0]"
604.652295,Unknown Device,5,4,11,179,"[0, 0, 200, 201, 255, 127, 78, 38]"
604.652992,Unknown Device,21,4,20,180,"[255, 255, 255, 159, 0, 8, 128, 1]"
604.653677,Unknown Device,5,4,10,179,"[2, 0, 200, 239, 255, 127, 126, 39]"
604.654374,Unknown Device,2,4,22,177,"[0, 0, 0, 98, 0, 16, 251, 255]"
604.655056,Unknown Device,2,4,22,183,"[0, 0, 0, 147, 0, 0, 0, 0]"
604.655755,Unknown,Unknown,Unknown,Unknown,992,"[73, 127, 55, 38, 94, 127, 0, 0]"
604.656447,Unknown Device,2,4,7,177,"[0, 0, 0, 226, 0, 16, 12, 0]"
604.657151,Unknown Device,2,4,7,183,"[0, 0, 192, 26, 255, 255, 0, 0]"
604.657906,Unknown Device,2,5,31,736,"[0, 0, 248, 6, 0, 24, 64, 0]"
604.658541,Unknown Device,2,4,8,177,"[0, 0, 0, 98, 0, 16, 243, 255]"
604.65923,Unknown Device,2,4,4,183,"[0, 0, 32, 39, 255, 255, 0, 0]"
604.659927,Unknown Device,2,5,30,736,"[0, 0, 250, 6, 0, 22, 64, 0]"
604.660613,Unknown Device,2,4,1,183,"[0, 0, 64, 188, 255, 255, 0, 0]"
604.661318,Unknown Device,2,5,32,736,"[0, 0, 254, 6, 0, 24, 64, 0]"
604.662002,Unknown Device,5,4,12,179,"[3, 0, 16, 208, 255, 191, 128, 38]"
604.662691,Unknown Device,5,4,11,179,"[0, 0, 200, 201, 255, 127, 78, 38]"
604.663376,Unknown Device,21,4,20,180,"[255, 255, 255, 159, 0, 8, 128, 1]"
604.664082,Unknown Device,21,4,20,195,"[241, 223, 6, 224, 1, 0, 0, 5]"
604.664764,Unknown Device,5,4,10,179,"[2, 0, 200, 239, 255, 127, 126, 39]"
604.665471,Unknown Device,2,4,22,177,"[0, 0, 0, 98, 0, 16, 250, 255]"
604.666166,Unknown Device,8,5,1,96,"[0, 0, 0, 0, 0, 0, 0, 192]"
604.666901,Unknown Device,8,5,1,97,"[0, 0, 0, 64, 0, 0, 0, 0]"
604.667547,Unknown Device,2,4,7,177,"[0, 0, 0, 226, 0, 16, 16, 0]"
604.668246,Unknown Device,2,5,31,736,"[0, 0, 248, 6, 0, 24, 64, 0]"
604.668932,Unknown Device,2,4,6,177,"[0, 0, 0, 98, 0, 16, 0, 0]"
604.669627,Unknown Device,8,5,1,100,"[143, 6, 144, 128, 0, 28, 0, 0]"
604.670313,Unknown Device,2,4,26,177,"[0, 0, 0, 226, 0, 16, 249, 255]"
604.670969,Unknown Device,5,4,12,179,"[3, 0, 16, 208, 255, 191, 128, 38]"
604.671658,Unknown Device,2,5,32,736,"[0, 0, 253, 6, 0, 24, 64, 0]"
604.672358,Unknown Device,5,4,11,179,"[0, 0, 200, 201, 255, 127, 78, 38]"
604.673042,Unknown Device,21,4,20,180,"[0, 0, 0, 144, 0, 8, 128, 1]"
604.673738,Unknown Device,5,4,10,179,"[2, 0, 200, 239, 255, 127, 126, 39]"
604.674427,Unknown Device,2,4,22,177,"[0, 0, 0, 98, 0, 16, 238, 255]"
604.675126,Unknown Device,2,4,22,183,"[0, 0, 0, 147, 0, 0, 0, 0]"
604.676159,Unknown Device,2,4,7,177,"[0, 0, 0, 226, 0, 16, 247, 255]"
604.676534,Unknown Device,2,4,7,183,"[0, 0, 192, 26, 255, 255, 0, 0]"
604.677213,Unknown Device,2,5,31,736,"[0, 0, 249, 6, 0, 24, 64, 0]"
604.67791,Unknown Device,5,4,13,179,"[0, 0, 152, 207, 255, 127, 123, 38]"
604.678596,Unknown Device,2,4,8,177,"[0, 0, 0, 98, 0, 16, 245, 255]"
604.683597,Unknown Device,2,4,1,177,"[0, 0, 0, 98, 0, 16, 13, 0]"
604.684344,Unknown Device,2,5,30,736,"[0, 0, 250, 6, 0, 22, 64, 0]"
604.685033,Unknown Device,21,4,20,195,"[241, 223, 6, 208, 1, 0, 0, 5]"
604.685719,Unknown,Unknown,Unknown,Unknown,992,"[225, 172, 112, 81, 198, 224, 0, 0]"
604.686409,Unknown Device,8,5,1,96,"[0, 0, 0, 0, 0, 0, 0, 192]"
604.687098,Unknown Device,8,5,1,97,"[0, 0, 0, 64, 0, 0, 0, 0]"
604.687691,Unknown Device,2,4,7,177,"[0, 0, 0, 226, 0, 16, 5, 0]"
604.688366,Unknown Device,2,4,8,177,"[0, 0, 0, 98, 0, 16, 237, 255]"
604.688998,Unknown Device,2,4,2,177,"[0, 0, 0, 98, 0, 16, 1, 0]"
604.689691,Unknown Device,8,5,1,100,"[143, 6, 144, 128, 0, 28, 0, 0]"
604.690374,Unknown Device,2,4,26,177,"[0, 0, 0, 226, 0, 16, 8, 0]"
604.691063,Unknown Device,5,4,12,179,"[3, 0, 16, 208, 255, 191, 128, 38]"
604.691742,Unknown Device,2,5,32,736,"[0, 0, 254, 6, 0, 24, 64, 0]"
604.692432,Unknown Device,5,4,11,179,"[0, 0, 200, 201, 255, 127, 78, 38]"
604.693128,Unknown Device,21,4,20,180,"[255, 255, 255, 159, 0, 8, 128, 1]"
604.69389,Unknown Device,5,4,10,179,"[2, 0, 200, 239, 255, 191, 126, 39]"
604.694511,Unknown Device,2,4,22,431,"[0, 0, 0, 0, 1, 26, 19, 0]"
604.695215,Unknown Device,2,4,22,285,"[0, 0, 0, 0, 0, 0, 128, 0]"
604.695897,Unknown Device,2,4,22,193,"[212, 74, 40, 37, 0, 0, 0, 0]"
604.696583,Unknown Device,2,4,22,182,"[0, 0, 0, 147, 0, 0, 0, 0]"
604.697201,Unknown Device,2,4,22,184,"[0, 0, 0, 0, 0, 0, 0, 128]"
604.697891,Unknown Device,2,4,7,183,"[0, 0, 192, 26, 255, 255, 0, 0]"
604.698569,Unknown Device,2,4,8,177,"[0, 0, 0, 98, 0, 16, 243, 255]"
604.699266,Unknown Device,2,4,1,177,"[0, 0, 0, 98, 0, 16, 8, 0]"
604.699948,Unknown Device,2,4,2,183,"[12, 0, 64, 64, 255, 255, 0, 0]"
604.700634,Unknown Device,2,4,26,177,"[0, 0, 0, 226, 0, 16, 236, 255]"
604.701346,Unknown Device,2,5,32,736,"[0, 0, 254, 6, 0, 24, 64, 0]"
604.702042,Unknown Device,5,4,12,179,"[3, 0, 16, 208, 255, 255, 128, 38]"
604.702735,Unknown Device,5,4,11,179,"[0, 0, 200, 201, 255, 191, 78, 38]"
604.703433,Unknown Device,21,4,20,180,"[255, 255, 255, 159, 0, 8, 128, 1]"
604.704136,Unknown Device,21,4,20,195,"[241, 223, 6, 208, 1, 0, 0, 5]"
604.704757,Unknown Device,5,4,10,179,"[2, 0, 200, 239, 255, 127, 126, 39]"
604.705383,Unknown Device,2,4,22,177,"[0, 0, 0, 98, 0, 16, 3, 0]"
604.706098,Unknown Device,8,5,1,96,"[0, 0, 0, 0, 0, 0, 0, 192]"
604.706733,Unknown Device,8,5,1,97,"[0, 0, 0, 64, 0, 0, 0, 0]"
604.707433,Unknown Device,2,4,7,177,"[0, 0, 0, 226, 0, 16, 241, 255]"
604.708125,Unknown Device,8,5,1,98,"[0, 4, 32, 0, 0, 0, 0, 0]"
604.708881,Unknown Device,2,4,4,177,"[0, 0, 0, 98, 0, 16, 2, 0]"
604.709457,Unknown Device,8,5,1,100,"[143, 6, 144, 128, 0, 28, 0, 0]"
604.710141,Unknown Device,2,4,5,177,"[0, 0, 0, 98, 0, 16, 5, 0]"
604.710883,Unknown Device,5,4,12,179,"[3, 0, 16, 208, 255, 191, 128, 38]"
604.711466,Unknown Device,2,5,32,736,"[0, 0, 254, 6, 0, 24, 64, 0]"
604.712151,Unknown Device,5,4,11,179,"[0, 0, 200, 201, 255, 127, 78, 38]"
604.712882,Unknown Device,21,4,20,180,"[255, 255, 255, 159, 0, 8, 128, 1]"
604.713653,Unknown Device,5,4,10,179,"[209, 255, 199, 239, 255, 63, 126, 39]"
604.714159,Unknown Device,2,4,22,177,"[0, 0, 0, 98, 0, 16, 4, 0]"
604.714879,Unknown Device,2,4,22,183,"[0, 0, 0, 147, 0, 0, 0, 0]"
604.716275,Unknown Device,2,4,7,431,"[0, 0, 0, 0, 1, 26, 19, 0]"
604.71646,Unknown Device,2,4,7,285,"[0, 0, 0, 0, 0, 3, 128, 0]"
604.716875,Unknown Device,2,5,31,736,"[0, 0, 249, 6, 0, 24, 64, 0]"
604.717479,Unknown Device,5,4,13,179,"[2, 0, 160, 207, 255, 191, 123, 38]"
604.718163,Unknown Device,2,4,8,431,"[0, 0, 0, 0, 1, 26, 19, 0]"
604.718877,Unknown Device,2,4,7,177,"[0, 0, 0, 226, 0, 16, 5, 0]"
604.719488,Unknown Device,2,4,8,177,"[0, 0, 0, 98, 0, 16, 251, 255]"
604.720173,Unknown Device,2,4,8,181,"[253, 127, 0, 64, 91, 20, 22, 20]"
604.720879,Unknown Device,2,4,7,183,"[0, 0, 192, 26, 255, 255, 0, 0]"
604.72154,Unknown Device,2,4,4,183,"[0, 0, 32, 39, 255, 255, 0, 0]"
604.722229,Unknown Device,2,4,8,184,"[0, 0, 0, 0, 0, 0, 0, 128]"
604.722912,Unknown Device,2,4,8,185,"[0, 0, 0, 0, 0, 0, 0, 128]"
604.723562,Unknown Device,2,4,8,186,"[8, 0, 0, 0, 0, 0, 0, 0]"
604.724244,Unknown Device,2,4,8,187,"[0, 0, 4, 0, 0, 0, 0, 0]"
604.724941,Unknown Device,2,4,3,285,"[0, 0, 0, 0, 0, 3, 128, 0]"
604.725562,Unknown Device,2,4,1,177,"[0, 0, 0, 98, 0, 16, 32, 0]"
604.726259,Unknown Device,2,4,1,181,"[240, 127, 0, 64, 91, 18, 23, 20]"
604.727013,Unknown Device,2,4,6,285,"[128, 0, 0, 0, 128, 11, 192, 0]"
604.727721,Unknown Device,2,4,5,183,"[0, 0, 128, 82, 0, 0, 0, 0]"
604.728411,Unknown Device,2,4,1,185,"[0, 0, 0, 0, 0, 0, 0, 128]"
604.7291,Unknown Device,2,4,1,186,"[8, 0, 0, 0, 0, 0, 0, 0]"
604.729714,Unknown Device,2,4,6,193,"[0, 243, 199, 46, 0, 0, 0, 0]"
604.730404,Unknown Device,2,4,3,187,"[0, 0, 4, 0, 0, 0, 0, 0]"
604.731108,Unknown Device,2,4,26,285,"[0, 0, 0, 0, 0, 8, 192, 0]"
604.731671,Unknown Device,2,4,6,183,"[68, 255, 31, 191, 255, 255, 0, 0]"
604.732347,Unknown Device,2,5,30,737,"[0, 0, 0, 0, 0, 64, 0, 0]"
604.732972,Unknown Device,2,5,32,737,"[0, 0, 0, 0, 0, 64, 0, 0]"
604.733571,Unknown Device,2,4,6,187,"[0, 0, 4, 0, 0, 0, 0, 0]"
604.734181,Unknown Device,2,4,26,183,"[0, 0, 192, 162, 0, 0, 0, 0]"
604.734738,Unknown Device,5,4,13,179,"[2, 0, 160, 207, 255, 191, 123, 38]"
604.735284,Unknown Device,2,4,26,185,"[0, 0, 0, 0, 0, 0, 0, 128]"
604.735873,Unknown Device,8,5,1,97,"[0, 0, 0, 64, 0, 0, 0, 0]"
604.736415,Unknown Device,8,5,1,99,"[0, 0, 0, 3, 0, 0, 1, 0]"
604.737003,Unknown Device,2,4,26,177,"[0, 0, 0, 226, 0, 16, 239, 255]"
604.737596,Unknown Device,2,4,7,177,"[0, 0, 0, 226, 0, 16, 22, 0]"
604.738249,Unknown Device,5,4,13,179,"[2, 0, 160, 207, 255, 191, 123, 38]"
604.738867,Unknown Device,2,4,6,177,"[0, 0, 0, 98, 0, 16, 252, 255]"
604.739467,Unknown Device,2,4,4,183,"[0, 0, 32, 39, 255, 255, 0, 0]"
604.740106,Unknown Device,2,4,3,177,"[0, 0, 0, 226, 0, 16, 197, 255]"
604.740727,Unknown Device,2,4,3,183,"[0, 0, 192, 245, 255, 255, 0, 0]"
604.741324,Unknown Device,2,5,32,736,"[0, 0, 254, 6, 0, 24, 64, 0]"
604.741941,Unknown Device,2,5,32,737,"[0, 0, 0, 0, 0, 64, 0, 0]"
604.742562,Unknown Device,5,4,11,179,"[0, 0, 200, 201, 255, 127, 78, 38]"
604.743187,Unknown Device,21,4,20,431,"[0, 0, 0, 0, 1, 26, 19, 0]"
604.74387,Unknown Device,21,4,20,180,"[255, 255, 255, 159, 0, 8, 128, 1]"
604.744448,Unknown Device,21,4,20,198,"[1, 0, 0, 0, 0, 0, 0, 144]"
604.745058,Unknown Device,5,4,10,179,"[1, 0, 200, 239, 255, 127, 126, 39]"
604.745643,Unknown Device,21,4,20,205,"[0, 0, 0, 0, 0, 0, 0, 0]"
604.746246,Unknown Device,21,4,20,206,"[205, 255, 95, 0, 106, 2, 0, 0]"
604.746864,Unknown Device,8,5,1,96,"[0, 0, 0, 0, 0, 0, 0, 192]"
604.747464,Unknown Device,2,4,7,177,"[0, 0, 0, 226, 0, 16, 24, 0]"
604.748088,Unknown Device,2,5,31,736,"[0, 0, 248, 6, 0, 24, 64, 0]"
604.74871,Unknown Device,5,4,13,179,"[2, 0, 160, 207, 255, 191, 123, 38]"
604.749328,Unknown Device,8,5,1,100,"[141, 6, 144, 128, 0, 28, 0, 0]"
604.749945,Unknown Device,2,4,3,177,"[0, 0, 0, 226, 0, 16, 191, 255]"
604.750552,Unknown Device,5,4,4,179,"[1, 0, 168, 220, 255, 255, 229, 38]"
604.751162,Unknown Device,2,5,32,736,"[0, 0, 254, 6, 0, 24, 64, 0]"
604.751756,Unknown Device,5,4,11,179,"[0, 0, 200, 201, 255, 127, 78, 38]"
604.752397,Unknown Device,21,4,20,180,"[255, 255, 255, 159, 0, 8, 128, 1]"
604.75361,Unknown Device,5,4,10,179,"[1, 0, 200, 239, 255, 127, 126, 39]"
604.753902,Unknown Device,2,4,22,177,"[0, 0, 0, 98, 0, 16, 243, 255]"
604.754461,Unknown Device,2,4,22,183,"[0, 0, 0, 147, 0, 0, 0, 0]"
604.756144,Unknown Device,2,4,7,177,"[0, 0, 0, 226, 0, 16, 12, 0]"
604.756316,Unknown Device,2,4,7,183,"[0, 0, 192, 26, 255, 255, 0, 0]"
604.756711,Unknown Device,2,5,31,736,"[0, 0, 249, 6, 0, 24, 64, 0]"
604.757225,Unknown Device,2,4,8,177,"[0, 0, 0, 98, 0, 16, 3, 0]"
604.757925,Unknown Device,5,4,13,179,"[241, 255, 159, 207, 255, 127, 123, 38]"
604.758599,Unknown Device,2,4,4,177,"[0, 0, 0, 98, 0, 16, 22, 0]"
604.759299,Unknown Device,2,4,6,183,"[4, 0, 32, 191, 255, 255, 0, 0]"
604.759983,Unknown Device,2,5,30,736,"[0, 0, 249, 6, 0, 22, 64, 0]"
604.760672,Unknown Device,5,4,4,179,"[249, 255, 167, 220, 255, 127, 229, 38]"
604.761358,Unknown,Unknown,Unknown,Unknown,992,"[95, 117, 208, 15, 17, 67, 0, 0]"
604.76207,Unknown Device,5,4,12,179,"[3, 0, 16, 208, 255, 191, 128, 38]"
604.762759,Unknown Device,5,4,11,179,"[0, 0, 200, 201, 255, 127, 78, 38]"
604.763459,Unknown Device,21,4,20,180,"[255, 255, 255, 159, 0, 8, 128, 1]"
604.764136,Unknown Device,21,4,20,195,"[241, 223, 6, 208, 1, 0, 0, 5]"
604.764857,Unknown Device,5,4,10,179,"[1, 0, 200, 239, 255, 127, 126, 39]"
604.765517,Unknown Device,2,4,22,177,"[0, 0, 0, 98, 0, 16, 243, 255]"
604.766218,Unknown Device,8,5,1,96,"[0, 0, 0, 0, 0, 0, 0, 192]"
604.766896,Unknown Device,8,5,1,97,"[0, 0, 0, 64, 0, 0, 0, 0]"
604.76759,Unknown Device,2,4,7,177,"[0, 0, 0, 226, 0, 16, 17, 0]"
604.768287,Unknown Device,2,5,31,737,"[0, 0, 0, 0, 0, 64, 0, 0]"
604.768991,Unknown Device,2,4,2,177,"[0, 0, 0, 98, 0, 16, 245, 255]"
604.769676,Unknown Device,8,5,1,100,"[141, 6, 144, 128, 0, 28, 0, 0]"
604.770374,Unknown Device,2,4,26,177,"[0, 0, 0, 226, 0, 16, 254, 255]"
604.771077,Unknown Device,2,5,32,736,"[0, 0, 254, 6, 0, 24, 64, 0]"
604.771776,Unknown Device,5,4,11,179,"[0, 0, 200, 201, 255, 127, 78, 38]"
604.772454,Unknown Device,21,4,20,180,"[255, 255, 255, 159, 0, 8, 128, 1]"
604.773678,Unknown Device,5,4,10,179,"[1, 0, 200, 239, 255, 127, 126, 39]"
604.773931,Unknown Device,2,4,22,177,"[0, 0, 0, 98, 0, 16, 251, 255]"
604.774565,Unknown Device,2,4,22,183,"[0, 0, 0, 147, 0, 0, 0, 0]"
604.776168,Unknown Device,2,4,7,177,"[0, 0, 0, 226, 0, 16, 18, 0]"
604.776355,Unknown Device,2,4,7,183,"[0, 0, 192, 26, 255, 255, 0, 0]"
604.7767,Unknown Device,2,5,31,736,"[0, 0, 249, 6, 0, 24, 64, 0]"
604.777328,Unknown Device,5,4,13,179,"[2, 0, 152, 207, 255, 191, 123, 38]"
604.77801,Unknown Device,2,4,8,177,"[0, 0, 0, 98, 0, 16, 255, 255]"
604.77871,Unknown Device,2,4,4,177,"[0, 0, 0, 98, 0, 16, 20, 0]"
604.779393,Unknown Device,2,4,2,183,"[12, 0, 64, 64, 255, 255, 0, 0]"
604.780097,Unknown Device,2,5,30,736,"[0, 0, 250, 6, 0, 22, 64, 0]"
604.780852,Unknown Device,2,4,5,183,"[0, 0, 128, 82, 0, 0, 0, 0]"
604.781487,Unknown Device,2,5,32,737,"[0, 0, 0, 0, 0, 64, 0, 0]"
604.782176,Unknown Device,5,4,12,179,"[3, 0, 16, 208, 255, 255, 128, 38]"
604.782874,Unknown Device,5,4,11,179,"[0, 0, 200, 201, 255, 127, 78, 38]"
604.78356,Unknown Device,21,4,20,180,"[255, 255, 255, 159, 0, 8, 128, 1]"
604.784263,Unknown Device,21,4,20,195,"[241, 223, 6, 208, 1, 0, 0, 5]"
604.784946,Unknown Device,5,4,10,179,"[1, 0, 200, 239, 255, 127, 126, 39]"
604.785646,Unknown Device,2,4,22,177,"[0, 0, 0, 98, 0, 16, 251, 255]"
604.786329,Unknown Device,8,5,1,96,"[0, 0, 0, 0, 0, 0, 0, 192]"
604.78704,Unknown Device,8,5,1,97,"[0, 0, 0, 64, 0, 0, 0, 0]"
604.787733,Unknown Device,2,4,7,177,"[0, 0, 0, 226, 0, 16, 16, 0]"
604.788444,Unknown Device,2,4,8,177,"[0, 0, 0, 98, 0, 16, 255, 255]"
604.789126,Unknown Device,2,4,2,177,"[0, 0, 0, 98, 0, 16, 250, 255]"
604.789845,Unknown Device,8,5,1,100,"[141, 6, 144, 128, 0, 28, 0, 0]"
604.790517,Unknown Device,2,5,30,736,"[0, 0, 250, 6, 0, 22, 64, 0]"
604.791234,Unknown Device,2,5,32,736,"[0, 0, 254, 6, 0, 24, 64, 0]"
604.79191,Unknown Device,5,4,11,179,"[0, 0, 200, 201, 255, 127, 78, 38]"
604.792603,Unknown Device,21,4,20,180,"[255, 255, 255, 159, 0, 8, 128, 1]"
604.793548,Unknown Device,5,4,10,179,"[1, 0, 200, 239, 255, 191, 126, 39]"
604.793987,Unknown Device,2,4,22,177,"[0, 0, 0, 98, 0, 16, 2, 0]"
604.79467,Unknown Device,2,4,22,183,"[0, 0, 0, 147, 0, 0, 0, 0]"
604.796188,Unknown Device,2,4,7,177,"[0, 0, 0, 226, 0, 16, 10, 0]"
604.796347,Unknown Device,2,4,7,183,"[0, 0, 192, 26, 255, 255, 0, 0]"
604.79676,Unknown Device,2,5,31,736,"[0, 0, 249, 6, 0, 24, 64, 0]"
604.797441,Unknown Device,5,4,13,179,"[2, 0, 152, 207, 255, 191, 123, 38]"
604.79814,Unknown Device,2,4,8,177,"[0, 0, 0, 98, 0, 16, 9, 0]"
604.79884,Unknown Device,2,4,6,177,"[0, 0, 0, 98, 0, 16, 3, 0]"
604.799528,Unknown Device,2,4,8,183,"[8, 0, 96, 62, 255, 255, 0, 0]"
604.800213,Unknown Device,2,4,3,177,"[0, 0, 0, 226, 0, 16, 206, 255]"
604.800913,Unknown Device,5,4,12,179,"[2, 0, 16, 208, 255, 255, 128, 38]"
604.801594,Unknown Device,2,5,32,737,"[0, 0, 0, 0, 0, 64, 0, 0]"
604.802294,Unknown Device,5,4,11,179,"[0, 0, 200, 201, 255, 127, 78, 38]"
604.802979,Unknown Device,21,4,20,180,"[255, 255, 255, 159, 0, 8, 128, 1]"
604.803653,Unknown Device,21,4,20,195,"[241, 223, 6, 208, 1, 0, 0, 5]"
604.804339,Unknown Device,5,4,10,179,"[1, 0, 200, 239, 255, 127, 126, 39]"
604.805038,Unknown Device,2,4,22,177,"[0, 0, 0, 98, 0, 16, 0, 0]"
604.805717,Unknown Device,8,5,1,96,"[0, 0, 0, 0, 0, 0, 0, 192]"
604.806417,Unknown Device,8,5,1,97,"[0, 0, 0, 64, 0, 0, 0, 0]"
604.807102,Unknown Device,2,4,7,177,"[0, 0, 0, 226, 0, 16, 17, 0]"
604.807837,Unknown Device,8,5,1,98,"[0, 4, 32, 0, 0, 0, 0, 0]"
604.808497,Unknown Device,2,4,8,177,"[0, 0, 0, 98, 0, 16, 248, 255]"
604.809196,Unknown Device,2,4,2,177,"[0, 0, 0, 98, 0, 16, 1, 0]"
604.809881,Unknown Device,2,5,30,736,"[0, 0, 251, 6, 0, 22, 64, 0]"
604.81057,Unknown Device,5,4,4,179,"[7, 0, 176, 220, 255, 127, 229, 38]"
604.811255,Unknown Device,5,4,12,179,"[2, 0, 16, 208, 255, 191, 128, 38]"
604.811954,Unknown Device,2,5,32,736,"[0, 0, 254, 6, 0, 24, 64, 0]"
604.81264,Unknown Device,5,4,11,179,"[0, 0, 200, 201, 255, 127, 78, 38]"
604.813345,Unknown Device,21,4,20,180,"[255, 255, 255, 159, 0, 8, 128, 1]"
604.814026,Unknown Device,5,4,10,179,"[1, 0, 200, 239, 255, 191, 126, 39]"
604.814733,Unknown Device,2,4,22,177,"[0, 0, 0, 98, 0, 16, 2, 0]"
604.815423,Unknown,Unknown,Unknown,Unknown,992,"[229, 59, 96, 241, 253, 41, 0, 0]"
604.816119,Unknown Device,2,4,22,183,"[0, 0, 0, 147, 0, 0, 0, 0]"
604.816832,Unknown Device,2,4,7,177,"[0, 0, 0, 226, 0, 16, 18, 0]"
604.817503,Unknown Device,2,4,7,183,"[0, 0, 192, 26, 255, 255, 0, 0]"
604.818193,Unknown Device,2,5,31,736,"[0, 0, 249, 6, 0, 24, 64, 0]"
604.81889,Unknown Device,2,4,8,183,"[8, 0, 96, 62, 255, 255, 0, 0]"
604.819583,Unknown Device,2,4,2,183,"[8, 0, 64, 64, 255, 255, 0, 0]"
604.82028,Unknown Device,2,4,3,177,"[0, 0, 0, 226, 0, 16, 220, 255]"
604.820962,Unknown Device,2,4,3,183,"[0, 0, 192, 245, 255, 255, 0, 0]"
604.821677,Unknown Device,2,5,32,737,"[0, 0, 0, 0, 0, 64, 0, 0]"
604.822367,Unknown Device,5,4,11,179,"[0, 0, 200, 201, 255, 127, 78, 38]"
604.823063,Unknown Device,21,4,20,180,"[255, 255, 255, 159, 0, 8, 128, 1]"
604.823756,Unknown Device,21,4,20,195,"[241, 223, 6, 208, 1, 0, 0, 5]"
604.824453,Unknown Device,5,4,10,179,"[1, 0, 200, 239, 255, 127, 126, 39]"
604.825143,Unknown Device,2,5,31,752,"[0, 0, 0, 0, 209, 234, 141, 42]"
604.825847,Unknown Device,2,4,22,177,"[0, 0, 0, 98, 0, 16, 2, 0]"
604.826526,Unknown Device,8,5,1,96,"[0, 0, 0, 0, 0, 0, 0, 192]"
604.827237,Unknown Device,8,5,1,97,"[0, 0, 0, 64, 0, 0, 0, 0]"
604.827919,Unknown Device,2,4,7,177,"[0, 0, 0, 226, 0, 16, 21, 0]"
604.82862,Unknown Device,2,4,4,177,"[0, 0, 0, 98, 0, 16, 253, 255]"
604.829302,Unknown Device,2,4,1,177,"[0, 0, 0, 98, 0, 16, 22, 0]"
604.829999,Unknown Device,2,5,30,736,"[0, 0, 250, 6, 0, 22, 64, 0]"
604.830685,Unknown Device,2,5,30,737,"[0, 0, 0, 0, 0, 64, 0, 0]"
604.831396,Unknown Device,2,5,32,736,"[0, 0, 254, 6, 0, 24, 64, 0]"
604.832078,Unknown Device,5,4,11,179,"[0, 0, 200, 201, 255, 127, 78, 38]"
604.832828,Unknown Device,21,4,20,180,"[0, 0, 0, 144, 0, 8, 128, 1]"
604.833604,Unknown Device,5,4,10,179,"[242, 255, 199, 239, 255, 191, 126, 39]"
604.834154,Unknown Device,2,4,22,177,"[0, 0, 0, 98, 0, 16, 244, 255]"
604.834844,Unknown Device,2,4,22,183,"[0, 0, 0, 147, 0, 0, 0, 0]"
604.836187,Unknown Device,2,4,7,177,"[0, 0, 0, 226, 0, 16, 21, 0]"
604.836361,Unknown Device,2,4,7,183,"[0, 0, 192, 26, 255, 255, 0, 0]"
604.836935,Unknown Device,2,5,31,736,"[0, 0, 250, 6, 0, 24, 64, 0]"
604.837613,Unknown Device,2,4,8,177,"[0, 0, 0, 98, 0, 16, 233, 255]"
604.838318,Unknown Device,5,4,13,179,"[2, 0, 152, 207, 255, 127, 123, 38]"
604.839,Unknown Device,2,4,4,183,"[0, 0, 32, 39, 255, 255, 0, 0]"
604.8397,Unknown Device,2,4,6,183,"[200, 255, 31, 191, 255, 255, 0, 0]"
604.84039,Unknown Device,2,4,5,177,"[0, 0, 0, 98, 0, 16, 13, 0]"
604.841087,Unknown Device,2,4,26,183,"[0, 0, 192, 162, 0, 0, 0, 0]"
604.841825,Unknown Device,5,4,12,179,"[2, 0, 16, 208, 255, 255, 128, 38]"
604.842471,Unknown Device,5,4,11,179,"[0, 0, 200, 201, 255, 127, 78, 38]"
604.843156,Unknown Device,21,4,20,180,"[255, 255, 255, 159, 0, 8, 128, 1]"
604.843849,Unknown Device,21,4,20,195,"[241, 223, 6, 208, 1, 0, 0, 5]"
604.84453,Unknown Device,21,4,20,200,"[176, 255, 76, 0, 204, 63, 0, 4]"
604.845229,Unknown Device,5,4,10,179,"[1, 0, 200, 239, 255, 63, 126, 39]"
604.845907,Unknown Device,2,4,22,177,"[0, 0, 0, 98, 0, 16, 247, 255]"
604.846617,Unknown Device,8,5,1,96,"[0, 0, 0, 0, 0, 0, 0, 192]"
604.847303,Unknown Device,8,5,1,97,"[0, 0, 0, 64, 0, 0, 0, 0]"
604.847995,Unknown Device,8,5,1,98,"[0, 4, 32, 0, 0, 0, 0, 0]"
604.848676,Unknown Device,5,4,13,179,"[2, 0, 152, 207, 255, 191, 123, 38]"
604.849376,Unknown Device,8,5,1,100,"[141, 6, 144, 128, 0, 28, 0, 0]"
604.850061,Unknown Device,2,4,3,177,"[0, 0, 0, 226, 0, 16, 231, 255]"
604.850714,Unknown Device,5,4,4,179,"[6, 0, 184, 220, 255, 255, 229, 38]"
604.851406,Unknown Device,2,5,32,736,"[0, 0, 254, 6, 0, 24, 64, 0]"
604.852105,Unknown Device,5,4,11,179,"[0, 0, 200, 201, 255, 127, 78, 38]"
604.852813,Unknown Device,21,4,20,180,"[255, 255, 255, 159, 0, 8, 128, 1]"
604.853692,Unknown Device,5,4,10,179,"[4, 0, 192, 239, 255, 63, 126, 39]"
604.854182,Unknown Device,2,4,22,177,"[0, 0, 0, 98, 0, 16, 4, 0]"
604.854881,Unknown Device,2,4,22,183,"[0, 0, 0, 147, 0, 0, 0, 0]"
604.856237,Unknown Device,2,4,7,177,"[0, 0, 0, 226, 0, 16, 10, 0]"
604.856394,Unknown Device,2,4,7,183,"[0, 0, 192, 26, 255, 255, 0, 0]"
604.856938,Unknown Device,2,5,31,736,"[0, 0, 249, 6, 0, 24, 64, 0]"
604.857631,Unknown Device,5,4,13,179,"[24, 0, 160, 207, 255, 191, 123, 38]"
604.858321,Unknown Device,2,4,8,177,"[0, 0, 0, 98, 0, 16, 5, 0]"
604.859025,Unknown Device,2,4,4,183,"[0, 0, 32, 39, 255, 255, 0, 0]"
604.859711,Unknown Device,2,4,6,183,"[16, 0, 0, 191, 255, 255, 0, 0]"
604.860408,Unknown Device,2,4,26,177,"[0, 0, 0, 226, 0, 16, 243, 255]"
604.861097,Unknown Device,2,4,26,183,"[0, 0, 192, 162, 0, 0, 0, 0]"
604.861808,Unknown Device,5,4,12,179,"[2, 0, 16, 208, 255, 255, 128, 38]"
604.86248,Unknown Device,5,4,11,179,"[0, 0, 200, 201, 255, 127, 78, 38]"
604.863176,Unknown Device,21,4,20,180,"[255, 255, 255, 159, 0, 8, 128, 1]"
604.863859,Unknown Device,21,4,20,195,"[241, 223, 6, 208, 1, 0, 0, 5]"
604.864552,Unknown Device,5,4,10,179,"[7, 0, 192, 239, 255, 127, 126, 39]"
604.865234,Unknown Device,2,4,22,177,"[0, 0, 0, 98, 0, 16, 0, 0]"
604.865939,Unknown Device,8,5,1,96,"[0, 0, 0, 0, 0, 0, 0, 192]"
604.866632,Unknown Device,8,5,1,97,"[0, 0, 0, 64, 0, 0, 0, 0]"
604.867322,Unknown,Unknown,Unknown,Unknown,992,"[213, 102, 202, 164, 4, 221, 0, 0]"
604.868004,Unknown Device,8,5,1,98,"[0, 4, 32, 0, 0, 0, 0, 0]"
604.868704,Unknown Device,2,4,4,177,"[0, 0, 0, 98, 0, 16, 8, 0]"
604.86938,Unknown Device,5,4,4,194,"[182, 192, 0, 0, 0, 0, 0, 0]"
604.870076,Unknown Device,2,4,3,177,"[0, 0, 0, 226, 0, 16, 227, 255]"
604.870809,Unknown Device,5,4,4,431,"[0, 0, 0, 0, 1, 26, 19, 128]"
604.871459,Unknown Device,2,5,32,736,"[0, 0, 254, 6, 0, 24, 64, 0]"
604.872141,Unknown Device,5,4,4,179,"[3, 0, 176, 220, 255, 191, 229, 38]"
604.87286,Unknown Device,5,4,11,179,"[0, 0, 200, 201, 255, 127, 78, 38]"
604.873546,Unknown Device,21,4,20,180,"[255, 255, 255, 159, 0, 8, 128, 1]"
604.874244,Unknown Device,5,4,10,179,"[4, 0, 200, 239, 255, 127, 126, 39]"
604.874926,Unknown Device,2,4,22,177,"[0, 0, 0, 98, 0, 16, 254, 255]"
604.875634,Unknown Device,2,4,22,183,"[0, 0, 0, 147, 0, 0, 0, 0]"
604.876321,Unknown Device,2,4,7,177,"[0, 0, 0, 226, 0, 16, 249, 255]"
604.877017,Unknown Device,2,4,7,183,"[0, 0, 192, 26, 255, 255, 0, 0]"
604.877696,Unknown Device,2,5,31,736,"[0, 0, 249, 6, 0, 24, 64, 0]"
604.878408,Unknown Device,2,4,8,177,"[0, 0, 0, 98, 0, 16, 238, 255]"
604.879097,Unknown Device,2,4,4,183,"[0, 0, 32, 39, 255, 255, 0, 0]"
604.879801,Unknown Device,2,4,2,183,"[8, 0, 64, 64, 255, 255, 0, 0]"
604.88048,Unknown Device,2,4,3,183,"[0, 0, 192, 245, 255, 255, 0, 0]"
604.881198,Unknown Device,2,4,26,183,"[0, 0, 192, 162, 0, 0, 0, 0]"
604.881873,Unknown Device,5,4,12,179,"[2, 0, 16, 208, 255, 191, 128, 38]"
604.882574,Unknown Device,5,4,11,179,"[0, 0, 200, 201, 255, 127, 78, 38]"
604.883248,Unknown Device,21,4,20,180,"[255, 255, 255, 159, 0, 8, 128, 1]"
604.883946,Unknown Device,21,4,20,195,"[241, 223, 6, 208, 1, 0, 0, 5]"
604.884624,Unknown Device,5,4,10,179,"[1, 0, 200, 239, 255, 127, 126, 39]"
604.885322,Unknown Device,2,4,22,177,"[0, 0, 0, 98, 0, 16, 248, 255]"
604.886008,Unknown Device,8,5,1,96,"[0, 0, 0, 0, 0, 0, 0, 192]"
604.886708,Unknown Device,8,5,1,97,"[0, 0, 0, 64, 0, 0, 0, 0]"
604.887394,Unknown Device,2,4,7,177,"[0, 0, 0, 226, 0, 16, 13, 0]"
604.888093,Unknown Device,2,5,31,736,"[0, 0, 249, 6, 0, 24, 64, 0]"
604.888799,Unknown Device,2,4,6,177,"[0, 0, 0, 98, 0, 16, 252, 255]"
604.889481,Unknown Device,8,5,1,99,"[0, 0, 0, 3, 0, 0, 1, 0]"
604.890158,Unknown Device,2,4,3,177,"[0, 0, 0, 226, 0, 16, 196, 255]"
604.890858,Unknown Device,5,4,12,179,"[2, 0, 16, 208, 255, 191, 128, 38]"
604.891547,Unknown Device,5,4,12,194,"[173, 192, 216, 123, 24, 0, 0, 0]"
604.892246,Unknown Device,5,4,12,285,"[0, 0, 0, 0, 24, 0, 0, 0]"
604.892924,Unknown Device,5,4,11,209,"[0, 0, 0, 0, 0, 0, 0, 0]"
604.89362,Unknown Device,21,4,20,180,"[255, 255, 255, 159, 0, 8, 128, 1]"
604.894298,Unknown Device,5,4,11,285,"[0, 0, 0, 0, 24, 0, 0, 0]"
604.894997,Unknown Device,5,4,10,179,"[0, 0, 200, 239, 255, 191, 126, 39]"
604.895679,Unknown Device,2,4,22,183,"[0, 0, 0, 147, 0, 0, 0, 0]"
604.896378,Unknown Device,5,4,10,285,"[0, 0, 0, 0, 24, 0, 0, 0]"
604.897063,Unknown Device,2,4,7,177,"[0, 0, 0, 226, 0, 16, 13, 0]"
604.897798,Unknown Device,2,4,7,183,"[0, 0, 192, 26, 255, 255, 0, 0]"
604.898444,Unknown Device,5,4,13,179,"[2, 0, 160, 207, 255, 191, 123, 38]"
604.899136,Unknown Device,2,4,1,177,"[0, 0, 0, 98, 0, 16, 248, 255]"
604.899821,Unknown Device,2,5,30,736,"[0, 0, 250, 6, 0, 22, 64, 0]"
604.900524,Unknown Device,5,4,4,179,"[4, 0, 176, 220, 255, 191, 229, 38]"
604.901202,Unknown Device,2,4,26,183,"[0, 0, 192, 162, 0, 0, 0, 0]"
604.901923,Unknown Device,5,4,12,179,"[2, 0, 16, 208, 255, 255, 128, 38]"
604.902609,Unknown Device,5,4,11,179,"[0, 0, 200, 201, 255, 191, 78, 38]"
604.903321,Unknown Device,21,4,20,180,"[255, 255, 255, 159, 0, 8, 128, 1]"
604.904003,Unknown Device,21,4,20,195,"[241, 223, 6, 208, 1, 0, 0, 5]"
604.904703,Unknown Device,5,4,10,179,"[208, 255, 199, 239, 255, 63, 126, 39]"
604.905393,Unknown Device,2,4,22,177,"[0, 0, 0, 98, 0, 16, 255, 255]"
604.906092,Unknown Device,8,5,1,96,"[0, 0, 0, 0, 0, 0, 0, 192]"
604.906789,Unknown Device,8,5,1,97,"[0, 0, 0, 64, 0, 0, 0, 0]"
604.907475,Unknown Device,2,4,7,177,"[0, 0, 0, 226, 0, 16, 249, 255]"
604.908164,Unknown Device,2,5,31,736,"[0, 0, 248, 6, 0, 24, 64, 0]"
604.908854,Unknown Device,2,4,6,177,"[0, 0, 0, 98, 0, 16, 14, 0]"
604.90954,Unknown Device,8,5,1,100,"[142, 6, 144, 128, 0, 28, 0, 0]"
604.910265,Unknown Device,2,4,26,177,"[0, 0, 0, 226, 0, 16, 13, 0]"
604.910955,Unknown Device,5,4,12,179,"[2, 0, 16, 208, 255, 191, 128, 38]"
604.91167,Unknown Device,2,5,32,736,"[0, 0, 254, 6, 0, 24, 64, 0]"
604.91236,Unknown,Unknown,Unknown,Unknown,992,"[59, 201, 168, 217, 3, 106, 0, 0]"
604.913056,Unknown Device,5,4,11,179,"[0, 0, 200, 201, 255, 127, 78, 38]"
604.91379,Unknown Device,21,4,20,180,"[0, 0, 0, 144, 0, 8, 128, 1]"
604.914439,Unknown Device,5,4,10,179,"[4, 0, 192, 239, 255, 127, 126, 39]"
604.915121,Unknown Device,2,4,22,177,"[0, 0, 0, 98, 0, 16, 9, 0]"
604.915819,Unknown Device,2,4,22,183,"[0, 0, 0, 147, 0, 0, 0, 0]"
604.916503,Unknown Device,2,4,7,177,"[0, 0, 0, 226, 0, 16, 9, 0]"
604.917199,Unknown Device,2,4,7,183,"[0, 0, 192, 26, 255, 255, 0, 0]"
604.917882,Unknown Device,2,5,31,736,"[0, 0, 249, 6, 0, 24, 64, 0]"
604.918575,Unknown Device,2,4,4,177,"[0, 0, 0, 98, 0, 16, 5, 0]"
604.91928,Unknown Device,2,4,6,183,"[16, 0, 0, 191, 255, 255, 0, 0]"
604.919983,Unknown Device,2,4,1,183,"[0, 0, 64, 188, 255, 255, 0, 0]"
604.920669,Unknown Device,5,4,4,179,"[2, 0, 176, 220, 255, 63, 229, 38]"
604.921366,Unknown Device,2,5,32,736,"[0, 0, 254, 6, 0, 24, 64, 0]"
604.922048,Unknown Device,2,5,32,737,"[0, 0, 0, 0, 0, 64, 0, 0]"
604.922781,Unknown Device,5,4,11,179,"[0, 0, 200, 201, 255, 127, 78, 38]"
604.923438,Unknown Device,21,4,20,180,"[0, 0, 0, 144, 0, 8, 128, 1]"
604.924142,Unknown Device,21,4,20,195,"[241, 223, 6, 208, 1, 0, 0, 5]"
604.924839,Unknown Device,5,4,10,179,"[7, 0, 200, 239, 255, 191, 126, 39]"
604.925532,Unknown Device,2,4,22,177,"[0, 0, 0, 98, 0, 16, 254, 255]"
604.926221,Unknown Device,8,5,1,96,"[0, 0, 0, 0, 0, 0, 0, 192]"
604.926919,Unknown Device,8,5,1,97,"[0, 0, 0, 64, 0, 0, 0, 0]"
604.927605,Unknown Device,2,4,7,177,"[0, 0, 0, 226, 0, 16, 246, 255]"
604.928302,Unknown Device,2,5,31,737,"[0, 0, 0, 0, 0, 64, 0, 0]"
604.928984,Unknown Device,2,4,2,177,"[0, 0, 0, 98, 0, 16, 237, 255]"
604.933952,Unknown Device,8,5,1,100,"[142, 6, 144, 128, 0, 28, 0, 0]"
604.934705,Unknown Device,2,4,26,177,"[0, 0, 0, 226, 0, 16, 23, 0]"
604.935404,Unknown Device,2,4,22,177,"[0, 0, 0, 98, 0, 16, 254, 255]"
604.936089,Unknown Device,2,4,22,183,"[0, 0, 0, 147, 0, 0, 0, 0]"
604.936782,Unknown Device,2,4,7,177,"[0, 0, 0, 226, 0, 16, 242, 255]"
604.93747,Unknown Device,2,4,7,183,"[0, 0, 192, 26, 255, 255, 0, 0]"
604.93807,Unknown Device,5,4,13,179,"[1, 0, 152, 207, 255, 191, 123, 38]"
604.938854,Unknown Device,2,4,2,177,"[0, 0, 0, 98, 0, 16, 254, 255]"
604.939621,Unknown Device,2,4,6,183,"[12, 0, 32, 191, 255, 255, 0, 0]"
604.940313,Unknown Device,2,4,5,177,"[0, 0, 0, 98, 0, 16, 254, 255]"
604.940998,Unknown Device,2,4,5,183,"[0, 0, 128, 82, 0, 0, 0, 0]"
604.941775,Unknown Device,5,4,12,179,"[2, 0, 16, 208, 255, 191, 128, 38]"
604.942287,Unknown,Unknown,Unknown,Unknown,992,"[194, 151, 67, 207, 117, 181, 0, 0]"
604.942979,Unknown Device,5,4,11,179,"[0, 0, 200, 201, 255, 127, 78, 38]"
604.943604,Unknown Device,21,4,20,195,"[241, 223, 6, 208, 1, 0, 0, 5]"
604.94429,Unknown Device,21,4,20,200,"[120, 255, 80, 0, 212, 63, 0, 4]"
604.944982,Unknown Device,5,4,10,179,"[3, 0, 208, 239, 255, 191, 126, 39]"
604.94567,Unknown Device,2,4,22,193,"[212, 74, 40, 37, 0, 0, 0, 0]"
604.946363,Unknown Device,2,4,22,182,"[0, 0, 0, 147, 0, 0, 0, 0]"
604.947053,Unknown Device,8,5,1,97,"[0, 0, 0, 64, 0, 0, 0, 0]"
604.947771,Unknown Device,2,4,7,177,"[0, 0, 0, 226, 0, 16, 255, 255]"
604.948429,Unknown Device,2,4,8,177,"[0, 0, 0, 98, 0, 16, 245, 255]"
604.949118,Unknown Device,2,4,1,177,"[0, 0, 0, 98, 0, 16, 21, 0]"
604.949808,Unknown Device,2,5,30,736,"[0, 0, 250, 6, 0, 22, 64, 0]"
604.950494,Unknown Device,2,5,30,737,"[0, 0, 0, 0, 0, 64, 0, 0]"
604.951183,Unknown Device,2,5,32,736,"[0, 0, 254, 6, 0, 24, 64, 0]"
604.951873,Unknown Device,5,4,11,179,"[0, 0, 200, 201, 255, 127, 78, 38]"
604.952556,Unknown Device,21,4,20,180,"[0, 0, 0, 144, 0, 8, 128, 1]"
604.953538,Unknown Device,5,4,10,179,"[3, 0, 208, 239, 255, 191, 126, 39]"
604.953939,Unknown Device,2,4,22,177,"[0, 0, 0, 98, 0, 16, 1, 0]"
604.954542,Unknown Device,2,4,22,183,"[0, 0, 0, 147, 0, 0, 0, 0]"
604.955633,Unknown,Unknown,Unknown,Unknown,992,"[233, 55, 199, 7, 43, 174, 0, 0]"
604.95612,Unknown Device,2,4,7,177,"[0, 0, 0, 226, 0, 16, 253, 255]"
604.95677,Unknown Device,2,4,7,183,"[0, 0, 192, 26, 255, 255, 0, 0]"
604.957327,Unknown Device,2,5,31,736,"[0, 0, 249, 6, 0, 24, 64, 0]"
604.95788,Unknown Device,5,4,13,179,"[1, 0, 152, 207, 255, 191, 123, 38]"
604.958566,Unknown Device,2,4,6,177,"[0, 0, 0, 98, 0, 16, 2, 0]"
604.959255,Unknown Device,2,4,2,183,"[8, 0, 64, 64, 255, 255, 0, 0]"
604.959938,Unknown Device,2,5,30,736,"[0, 0, 250, 6, 0, 22, 64, 0]"
604.960645,Unknown Device,5,4,4,179,"[0, 0, 168, 220, 255, 127, 229, 38]"
604.961328,Unknown Device,2,5,32,736,"[0, 0, 254, 6, 0, 24, 64, 0]"
604.962039,Unknown Device,2,5,32,737,"[0, 0, 0, 0, 0, 64, 0, 0]"
604.962765,Unknown Device,5,4,11,179,"[0, 0, 200, 201, 255, 127, 78, 38]"
604.963422,Unknown Device,21,4,20,180,"[0, 0, 0, 144, 0, 8, 128, 1]"
604.964104,Unknown Device,21,4,20,195,"[241, 223, 6, 208, 1, 0, 0, 5]"
604.964808,Unknown Device,5,4,10,179,"[3, 0, 208, 239, 255, 127, 126, 39]"
604.965494,Unknown Device,2,4,22,177,"[0, 0, 0, 98, 0, 16, 4, 0]"
604.96619,Unknown Device,8,5,1,96,"[0, 0, 0, 0, 0, 0, 0, 192]"
604.966873,Unknown Device,8,5,1,97,"[0, 0, 0, 64, 0, 0, 0, 0]"
604.967581,Unknown Device,2,4,7,431,"[0, 0, 0, 0, 1, 26, 19, 0]"
604.968263,Unknown Device,2,5,31,737,"[0, 0, 0, 0, 0, 64, 0, 0]"
604.968967,Unknown Device,2,4,2,431,"[0, 0, 0, 0, 1, 26, 19, 0]"
604.969646,Unknown Device,2,4,8,181,"[252, 127, 0, 128, 91, 20, 22, 20]"
604.970343,Unknown Device,2,4,1,193,"[0, 243, 199, 46, 0, 0, 0, 0]"
604.970996,Unknown Device,2,4,1,177,"[0, 0, 0, 98, 0, 16, 2, 0]"
604.971758,Unknown Device,2,4,8,187,"[0, 0, 4, 0, 0, 0, 0, 0]"
604.972408,Unknown Device,2,4,1,184,"[0, 0, 0, 0, 0, 0, 0, 128]"
604.973105,Unknown Device,2,4,4,177,"[0, 0, 0, 98, 0, 16, 8, 0]"
604.973759,Unknown Device,2,4,2,182,"[0, 0, 192, 116, 0, 0, 0, 0]"
604.974409,Unknown Device,2,4,2,184,"[0, 0, 0, 0, 0, 0, 0, 128]"
604.975105,Unknown Device,2,4,4,185,"[0, 0, 0, 0, 0, 0, 0, 128]"
604.975759,Unknown Device,2,4,22,183,"[0, 0, 0, 147, 0, 0, 0, 0]"
604.976407,Unknown Device,2,4,2,187,"[0, 0, 4, 0, 0, 0, 0, 0]"
604.977106,Unknown Device,2,4,5,285,"[0, 0, 0, 0, 0, 3, 128, 0]"
604.977756,Unknown Device,2,4,7,177,"[0, 0, 0, 226, 0, 16, 14, 0]"
604.978424,Unknown Device,2,4,8,177,"[0, 0, 0, 98, 0, 16, 251, 255]"
604.979108,Unknown Device,2,4,2,177,"[0, 0, 0, 98, 0, 16, 255, 255]"
604.979759,Unknown Device,2,4,2,183,"[8, 0, 64, 64, 255, 255, 0, 0]"
604.980419,Unknown Device,2,4,26,193,"[104, 198, 41, 41, 0, 0, 0, 0]"
604.981111,Unknown Device,2,4,3,177,"[0, 0, 0, 226, 0, 16, 196, 255]"
604.981754,Unknown Device,2,4,6,187,"[0, 0, 4, 0, 0, 0, 0, 0]"
604.982435,Unknown Device,2,4,6,177,"[0, 0, 0, 98, 0, 16, 247, 255]"
604.98312,Unknown Device,2,4,26,184,"[0, 0, 0, 0, 0, 31, 0, 128]"
604.983756,Unknown Device,2,5,30,736,"[0, 0, 250, 6, 0, 22, 64, 0]"
604.984431,Unknown Device,5,4,10,179,"[6, 0, 200, 239, 255, 127, 126, 39]"
604.98513,Unknown Device,5,4,10,179,"[3, 0, 200, 239, 255, 127, 126, 39]"
604.985752,Unknown,Unknown,Unknown,Unknown,992,"[12, 170, 224, 162, 135, 211, 0, 0]"
604.986433,Unknown Device,5,4,11,179,"[0, 0, 200, 201, 255, 127, 78, 38]"
604.987118,Unknown Device,8,5,1,100,"[142, 6, 144, 128, 0, 28, 0, 0]"
604.987796,Unknown Device,2,4,7,177,"[0, 0, 0, 226, 0, 16, 17, 0]"
604.988478,Unknown Device,2,4,8,177,"[0, 0, 0, 98, 0, 16, 247, 255]"
604.989184,Unknown Device,2,4,1,177,"[0, 0, 0, 98, 0, 16, 8, 0]"
604.989799,Unknown Device,2,5,30,736,"[0, 0, 250, 6, 0, 22, 64, 0]"
604.990487,Unknown Device,5,4,4,179,"[2, 0, 168, 220, 255, 255, 229, 38]"
604.991165,Unknown Device,2,5,32,736,"[0, 0, 254, 6, 0, 24, 64, 0]"
604.99178,Unknown Device,5,4,11,179,"[0, 0, 200, 201, 255, 127, 78, 38]"
604.992465,Unknown Device,21,4,20,431,"[0, 0, 0, 0, 1, 26, 19, 0]"
604.993161,Unknown Device,21,4,20,285,"[0, 0, 0, 0, 0, 96, 4, 0]"
604.993772,Unknown Device,21,4,20,180,"[0, 0, 0, 144, 0, 8, 128, 1]"
604.994458,Unknown Device,21,4,20,205,"[0, 0, 0, 0, 0, 0, 0, 0]"
604.99514,Unknown Device,5,4,10,179,"[3, 0, 200, 239, 255, 127, 126, 39]"
604.995759,Unknown Device,2,4,22,183,"[0, 0, 0, 147, 0, 0, 0, 0]"
604.996444,Unknown Device,2,4,7,177,"[0, 0, 0, 226, 0, 16, 1, 0]"
604.997126,Unknown Device,2,4,7,183,"[0, 0, 192, 26, 255, 255, 0, 0]"
604.997752,Unknown Device,2,5,31,736,"[0, 0, 249, 6, 0, 24, 64, 0]"
604.99843,Unknown Device,2,4,8,177,"[0, 0, 0, 98, 0, 16, 245, 255]"
604.99912,Unknown Device,2,4,1,177,"[0, 0, 0, 98, 0, 16, 11, 0]"
604.999745,Unknown Device,2,4,2,183,"[8, 0, 64, 64, 255, 255, 0, 0]"
605.000431,Unknown Device,2,4,5,183,"[0, 0, 128, 82, 0, 0, 0, 0]"
605.001127,Unknown Device,2,5,32,736,"[0, 0, 254, 6, 0, 24, 64, 0]"
605.001745,Unknown Device,2,5,32,737,"[0, 0, 0, 0, 0, 64, 0, 0]"
605.002431,Unknown Device,5,4,11,179,"[0, 0, 200, 201, 255, 127, 78, 38]"
605.003121,Unknown Device,21,4,20,180,"[0, 0, 0, 144, 0, 8, 128, 1]"
605.003753,Unknown Device,21,4,20,195,"[241, 223, 6, 208, 1, 0, 0, 5]"
605.004482,Unknown Device,5,4,10,179,"[3, 0, 200, 239, 255, 127, 126, 39]"
605.005171,Unknown Device,2,4,22,177,"[0, 0, 0, 98, 0, 16, 252, 255]"
605.005875,Unknown Device,8,5,1,96,"[0, 0, 0, 0, 0, 0, 0, 192]"
605.006568,Unknown Device,8,5,1,97,"[0, 0, 0, 64, 0, 0, 0, 0]"
605.00725,Unknown Device,2,4,7,177,"[0, 0, 0, 226, 0, 16, 8, 0]"
605.007868,Unknown Device,8,5,1,98,"[0, 4, 32, 0, 0, 0, 0, 0]"
605.008547,Unknown Device,2,4,4,177,"[0, 0, 0, 98, 0, 16, 33, 0]"
605.009243,Unknown Device,2,4,1,177,"[0, 0, 0, 98, 0, 16, 6, 0]"
605.009854,Unknown Device,2,4,3,177,"[0, 0, 0, 226, 0, 16, 207, 255]"
605.010547,Unknown Device,5,4,4,179,"[247, 255, 167, 220, 255, 191, 229, 38]"
605.011222,Unknown Device,2,5,32,736,"[0, 0, 254, 6, 0, 24, 64, 0]"
605.01184,Unknown Device,5,4,11,179,"[0, 0, 200, 201, 255, 127, 78, 38]"
605.012524,Unknown Device,21,4,20,180,"[0, 0, 0, 144, 0, 8, 128, 1]"
605.013505,Unknown Device,5,4,10,179,"[3, 0, 200, 239, 255, 63, 126, 39]"
605.013855,Unknown Device,2,4,22,177,"[0, 0, 0, 98, 0, 16, 255, 255]"
605.014543,Unknown Device,2,4,22,183,"[0, 0, 0, 147, 0, 0, 0, 0]"
605.016054,Unknown Device,2,4,7,177,"[0, 0, 0, 226, 0, 16, 13, 0]"
605.016226,Unknown Device,2,4,7,183,"[0, 0, 192, 26, 255, 255, 0, 0]"
605.016587,Unknown Device,2,5,31,736,"[0, 0, 249, 6, 0, 24, 64, 0]"
605.017239,Unknown Device,5,4,13,179,"[4, 0, 152, 207, 255, 191, 123, 38]"
605.017871,Unknown Device,2,4,8,177,"[0, 0, 0, 98, 0, 16, 245, 255]"
605.018557,Unknown Device,2,4,4,177,"[0, 0, 0, 98, 0, 16, 26, 0]"
605.019261,Unknown Device,2,4,1,177,"[0, 0, 0, 98, 0, 16, 7, 0]"
605.019879,Unknown Device,2,4,1,183,"[0, 0, 64, 188, 255, 255, 0, 0]"
605.020565,Unknown Device,5,4,4,179,"[255, 255, 175, 220, 255, 127, 229, 38]"
605.021225,Unknown Device,2,5,32,736,"[0, 0, 254, 6, 0, 24, 64, 0]"
605.021862,Unknown Device,5,4,12,179,"[1, 0, 16, 208, 255, 191, 128, 38]"
605.022544,Unknown Device,5,4,11,179,"[0, 0, 200, 201, 255, 127, 78, 38]"
605.023229,Unknown Device,21,4,20,180,"[0, 0, 0, 144, 0, 8, 128, 1]"
605.023843,Unknown Device,21,4,20,195,"[241, 223, 6, 208, 1, 0, 0, 5]"
605.024532,Unknown Device,5,4,10,179,"[6, 0, 192, 239, 255, 127, 126, 39]"
605.025808,Unknown Device,2,4,22,177,"[0, 0, 0, 98, 0, 16, 249, 255]"
605.026496,Unknown Device,8,5,1,96,"[0, 0, 0, 0, 0, 0, 0, 192]"
605.027132,Unknown Device,8,5,1,97,"[0, 0, 0, 64, 0, 0, 0, 0]"
605.027831,Unknown Device,8,5,1,98,"[0, 4, 32, 0, 0, 0, 0, 0]"
605.028456,Unknown Device,5,4,13,179,"[4, 0, 160, 207, 255, 191, 123, 38]"
605.029155,Unknown Device,2,4,1,177,"[0, 0, 0, 98, 0, 16, 5, 0]"
605.029777,Unknown Device,8,5,1,100,"[142, 6, 144, 128, 0, 28, 0, 0]"
605.03048,Unknown Device,2,5,30,737,"[0, 0, 0, 0, 0, 64, 0, 0]"
605.031122,Unknown Device,2,5,32,736,"[0, 0, 254, 6, 0, 24, 64, 0]"
605.031794,Unknown Device,5,4,11,179,"[0, 0, 200, 201, 255, 127, 78, 38]"
605.032488,Unknown Device,21,4,20,180,"[0, 0, 0, 144, 0, 8, 128, 1]"
605.03361,Unknown Device,5,4,10,179,"[3, 0, 192, 239, 255, 191, 126, 39]"
605.033867,Unknown Device,2,4,22,177,"[0, 0, 0, 98, 0, 16, 251, 255]"
605.034557,Unknown Device,2,4,22,183,"[0, 0, 0, 147, 0, 0, 0, 0]"
605.036035,Unknown Device,2,4,7,177,"[0, 0, 0, 226, 0, 16, 255, 255]"
605.036205,Unknown Device,2,4,7,183,"[0, 0, 192, 26, 255, 255, 0, 0]"
605.036576,Unknown Device,2,5,31,736,"[0, 0, 249, 6, 0, 24, 64, 0]"
605.037235,Unknown Device,2,4,8,177,"[0, 0, 0, 98, 0, 16, 242, 255]"
605.037925,Unknown Device,5,4,13,179,"[1, 0, 160, 207, 255, 191, 123, 38]"
605.038618,Unknown Device,2,4,8,183,"[16, 0, 128, 62, 255, 255, 0, 0]"
605.039301,Unknown Device,2,4,1,177,"[0, 0, 0, 98, 0, 16, 250, 255]"
605.03999,Unknown Device,2,4,1,183,"[0, 0, 64, 188, 255, 255, 0, 0]"
605.04073,Unknown Device,5,4,4,179,"[0, 0, 168, 220, 255, 127, 229, 38]"
605.041366,Unknown Device,2,5,32,737,"[0, 0, 0, 0, 0, 64, 0, 0]"
605.042048,Unknown Device,5,4,12,179,"[4, 0, 16, 208, 255, 191, 128, 38]"
605.042738,Unknown Device,5,4,11,179,"[0, 0, 200, 201, 255, 127, 78, 38]"
605.043424,Unknown Device,21,4,20,180,"[0, 0, 0, 144, 0, 8, 128, 1]"
605.044113,Unknown Device,21,4,20,200,"[132, 255, 92, 0, 156, 63, 0, 4]"
605.044795,Unknown Device,5,4,10,179,"[3, 0, 200, 239, 255, 63, 126, 39]"
605.045481,Unknown Device,2,4,22,177,"[0, 0, 0, 98, 0, 16, 248, 255]"
605.046178,Unknown Device,8,5,1,96,"[0, 0, 0, 0, 0, 0, 0, 192]"
605.046853,Unknown Device,8,5,1,97,"[0, 0, 0, 64, 0, 0, 0, 0]"
605.047554,Unknown Device,2,4,7,177,"[0, 0, 0, 226, 0, 16, 9, 0]"
605.048236,Unknown Device,2,5,31,736,"[0, 0, 249, 6, 0, 24, 64, 0]"
605.048926,Unknown Device,2,4,2,177,"[0, 0, 0, 98, 0, 16, 250, 255]"
605.049611,Unknown,Unknown,Unknown,Unknown,992,"[225, 160, 165, 107, 46, 30, 0, 0]"
605.050302,Unknown Device,2,4,5,177,"[0, 0, 0, 98, 0, 16, 246, 255]"
605.051077,Unknown Device,5,4,12,179,"[7, 0, 16, 208, 255, 191, 128, 38]"
605.051774,Unknown Device,2,5,32,736,"[0, 0, 254, 6, 0, 24, 64, 0]"
605.05246,Unknown Device,5,4,11,179,"[0, 0, 200, 201, 255, 127, 78, 38]"
605.053156,Unknown Device,21,4,20,180,"[0, 0, 0, 144, 0, 8, 128, 1]"
605.05384,Unknown Device,5,4,10,179,"[3, 0, 200, 239, 255, 191, 126, 39]"
605.054533,Unknown Device,2,4,22,177,"[0, 0, 0, 98, 0, 16, 0, 0]"
605.055215,Unknown Device,2,4,22,183,"[0, 0, 0, 147, 0, 0, 0, 0]"
605.056089,Unknown Device,2,4,7,177,"[0, 0, 0, 226, 0, 16, 255, 255]"
605.056599,Unknown Device,2,4,7,183,"[0, 0, 192, 26, 255, 255, 0, 0]"
605.057289,Unknown Device,2,5,31,736,"[0, 0, 249, 6, 0, 24, 64, 0]"
605.057971,Unknown Device,2,4,8,177,"[0, 0, 0, 98, 0, 16, 253, 255]"
605.058719,Unknown Device,2,4,4,177,"[0, 0, 0, 98, 0, 16, 26, 0]"
605.059354,Unknown Device,2,4,4,183,"[0, 0, 32, 39, 255, 255, 0, 0]"
605.060036,Unknown Device,2,4,3,177,"[0, 0, 0, 226, 0, 16, 194, 255]"
605.060726,Unknown Device,5,4,12,179,"[1, 0, 16, 208, 255, 191, 128, 38]"
605.061434,Unknown Device,2,5,32,737,"[0, 0, 0, 0, 0, 64, 0, 0]"
605.062116,Unknown,Unknown,Unknown,Unknown,992,"[153, 33, 23, 45, 255, 204, 0, 0]"
605.062806,Unknown Device,5,4,11,179,"[0, 0, 200, 201, 255, 127, 78, 38]"
605.063492,Unknown Device,21,4,20,180,"[0, 0, 0, 144, 0, 8, 128, 1]"
605.064181,Unknown Device,21,4,20,195,"[241, 223, 6, 208, 1, 0, 0, 5]"
605.064864,Unknown Device,5,4,10,179,"[3, 0, 200, 239, 255, 191, 126, 39]"
605.065557,Unknown Device,2,4,22,177,"[0, 0, 0, 98, 0, 16, 252, 255]"
605.06626,Unknown Device,8,5,1,96,"[0, 0, 0, 0, 0, 0, 0, 192]"
605.066904,Unknown Device,8,5,1,97,"[0, 0, 0, 64, 0, 0, 0, 0]"
605.067592,Unknown Device,2,4,7,177,"[0, 0, 0, 226, 0, 16, 6, 0]"
605.068292,Unknown Device,2,4,8,177,"[0, 0, 0, 98, 0, 16, 239, 255]"
605.068977,Unknown Device,8,5,1,99,"[0, 0, 0, 3, 0, 0, 1, 0]"
605.069719,Unknown Device,5,4,4,179,"[6, 0, 176, 220, 255, 127, 229, 38]"
605.070372,Unknown Device,2,4,26,177,"[0, 0, 0, 226, 0, 16, 244, 255]"
605.071071,Unknown Device,2,5,32,736,"[0, 0, 254, 6, 0, 24, 64, 0]"
605.071766,Unknown Device,5,4,11,179,"[0, 0, 200, 201, 255, 127, 78, 38]"
605.072467,Unknown Device,21,4,20,180,"[0, 0, 0, 144, 0, 8, 128, 1]"
605.073455,Unknown Device,5,4,10,179,"[0, 0, 200, 239, 255, 127, 126, 39]"
605.073843,Unknown Device,2,4,22,177,"[0, 0, 0, 98, 0, 16, 247, 255]"
605.074525,Unknown Device,2,4,22,183,"[0, 0, 0, 147, 0, 0, 0, 0]"
605.076075,Unknown Device,2,4,7,177,"[0, 0, 0, 226, 0, 16, 245, 255]"
605.07626,Unknown Device,2,4,7,183,"[0, 0, 192, 26, 255, 255, 0, 0]"
605.076622,Unknown Device,2,5,31,736,"[0, 0, 249, 6, 0, 24, 64, 0]"
605.07731,Unknown Device,5,4,13,179,"[1, 0, 160, 207, 255, 191, 123, 38]"
605.078023,Unknown Device,2,4,8,177,"[0, 0, 0, 98, 0, 16, 248, 255]"
605.078709,Unknown Device,2,4,4,177,"[0, 0, 0, 98, 0, 16, 9, 0]"
605.079405,Unknown Device,2,4,6,183,"[0, 0, 32, 191, 255, 255, 0, 0]"
605.080096,Unknown Device,2,4,5,177,"[0, 0, 0, 98, 0, 16, 249, 255]"
605.080796,Unknown Device,2,5,30,736,"[0, 0, 251, 6, 0, 22, 64, 0]"
605.081485,Unknown Device,2,5,32,737,"[0, 0, 0, 0, 0, 64, 0, 0]"
605.082182,Unknown,Unknown,Unknown,Unknown,992,"[116, 129, 251, 53, 253, 35, 0, 0]"
605.082872,Unknown Device,5,4,11,179,"[0, 0, 200, 201, 255, 127, 78, 38]"
605.083586,Unknown Device,21,4,20,195,"[241, 223, 6, 208, 1, 0, 0, 5]"
605.08427,Unknown Device,5,4,10,179,"[3, 0, 200, 239, 255, 127, 126, 39]"
605.084967,Unknown Device,2,4,22,177,"[0, 0, 0, 98, 0, 16, 239, 255]"
605.085704,Unknown Device,8,5,1,96,"[0, 0, 0, 0, 0, 0, 0, 192]"
605.086361,Unknown Device,8,5,1,97,"[0, 0, 0, 64, 0, 0, 0, 0]"
605.087043,Unknown,Unknown,Unknown,Unknown,992,"[9, 194, 192, 140, 109, 231, 0, 0]"
605.087747,Unknown Device,2,4,7,177,"[0, 0, 0, 226, 0, 16, 249, 255]"
605.088455,Unknown Device,5,4,13,179,"[1, 0, 160, 207, 255, 191, 123, 38]"
605.089158,Unknown Device,2,4,1,177,"[0, 0, 0, 98, 0, 16, 6, 0]"
605.089841,Unknown Device,2,5,30,736,"[0, 0, 251, 6, 0, 22, 64, 0]"
605.090541,Unknown Device,5,4,4,179,"[8, 0, 184, 220, 255, 255, 229, 38]"
605.091209,Unknown Device,2,5,32,736,"[0, 0, 254, 6, 0, 24, 64, 0]"
605.091921,Unknown Device,5,4,11,179,"[0, 0, 200, 201, 255, 127, 78, 38]"
605.092608,Unknown Device,21,4,20,180,"[0, 0, 0, 144, 0, 8, 128, 1]"
605.093526,Unknown Device,5,4,10,179,"[3, 0, 200, 239, 255, 127, 126, 39]"
605.093998,Unknown Device,2,4,22,177,"[0, 0, 0, 98, 0, 16, 5, 0]"
605.094703,Unknown Device,2,4,22,183,"[0, 0, 0, 147, 0, 0, 0, 0]"
605.096111,Unknown Device,2,4,7,177,"[0, 0, 0, 226, 0, 16, 7, 0]"
605.096298,Unknown Device,2,4,7,183,"[0, 0, 192, 26, 255, 255, 0, 0]"
605.096776,Unknown Device,2,5,31,736,"[0, 0, 249, 6, 0, 24, 64, 0]"
605.097492,Unknown Device,2,4,8,177,"[0, 0, 0, 98, 0, 16, 238, 255]"
605.098181,Unknown Device,5,4,13,179,"[1, 0, 160, 207, 255, 191, 123, 38]"
605.0989,Unknown Device,2,4,6,177,"[0, 0, 0, 98, 0, 16, 249, 255]"
605.099586,Unknown Device,2,4,6,183,"[12, 0, 32, 191, 255, 255, 0, 0]"
605.10029,Unknown Device,2,4,3,177,"[0, 0, 0, 226, 0, 16, 219, 255]"
605.100972,Unknown Device,2,4,5,183,"[0, 0, 128, 82, 0, 0, 0, 0]"
605.101698,Unknown Device,2,5,32,737,"[0, 0, 0, 0, 0, 64, 0, 0]"
605.102377,Unknown,Unknown,Unknown,Unknown,992,"[196, 245, 166, 52, 153, 215, 0, 0]"
605.10308,Unknown Device,5,4,11,179,"[0, 0, 200, 201, 255, 127, 78, 38]"
605.103763,Unknown Device,21,4,20,195,"[241, 223, 6, 208, 1, 0, 0, 5]"
605.104463,Unknown Device,5,4,10,179,"[3, 0, 200, 239, 255, 127, 126, 39]"
605.105145,Unknown Device,2,4,22,177,"[0, 0, 0, 98, 0, 16, 255, 255]"
605.105849,Unknown Device,8,5,1,96,"[0, 0, 0, 0, 0, 0, 0, 192]"
605.106542,Unknown Device,8,5,1,97,"[0, 0, 0, 64, 0, 0, 0, 0]"
605.107246,Unknown Device,2,4,7,177,"[0, 0, 0, 226, 0, 16, 16, 0]"
605.107928,Unknown Device,8,5,1,98,"[0, 4, 32, 0, 0, 0, 0, 0]"
605.108697,Unknown Device,2,4,4,177,"[0, 0, 0, 98, 0, 16, 7, 0]"
605.109326,Unknown Device,8,5,1,100,"[142, 6, 144, 128, 0, 28, 0, 0]"
605.110036,Unknown Device,2,4,5,177,"[0, 0, 0, 98, 0, 16, 248, 255]"
605.110719,Unknown Device,5,4,12,179,"[1, 0, 8, 208, 255, 191, 128, 38]"
605.11146,Unknown Device,2,5,32,736,"[0, 0, 254, 6, 0, 24, 64, 0]"
605.112116,Unknown Device,5,4,11,179,"[0, 0, 200, 201, 255, 127, 78, 38]"
605.112823,Unknown Device,21,4,20,180,"[0, 0, 0, 144, 0, 8, 128, 1]"
605.113504,Unknown Device,5,4,10,179,"[2, 0, 200, 239, 255, 127, 126, 39]"
605.1142,Unknown Device,2,4,22,177,"[0, 0, 0, 98, 0, 16, 4, 0]"
605.114886,Unknown Device,2,4,22,183,"[0, 0, 0, 147, 0, 0, 0, 0]"
605.116107,Unknown Device,2,4,7,177,"[0, 0, 0, 226, 0, 16, 15, 0]"
605.116297,Unknown Device,2,4,7,183,"[0, 0, 192, 26, 255, 255, 0, 0]"
605.116974,Unknown Device,2,5,31,736,"[0, 0, 249, 6, 0, 24, 64, 0]"
605.117695,Unknown Device,5,4,4,209,"[0, 0, 0, 0, 0, 0, 0, 0]"
605.118362,Unknown Device,2,4,8,177,"[0, 0, 0, 98, 0, 16, 245, 255]"
605.119047,Unknown Device,2,4,4,183,"[0, 0, 32, 39, 255, 255, 0, 0]"
605.119747,Unknown Device,5,4,4,194,"[182, 192, 0, 0, 0, 0, 0, 0]"
605.120428,Unknown Device,2,5,30,736,"[0, 0, 250, 6, 0, 22, 64, 0]"
605.121148,Unknown Device,2,4,26,183,"[0, 0, 192, 162, 0, 0, 0, 0]"
605.121834,Unknown Device,5,4,4,285,"[0, 0, 0, 0, 0, 0, 0, 0]"
605.122536,Unknown Device,5,4,11,179,"[0, 0, 200, 201, 255, 127, 78, 38]"
605.123221,Unknown Device,21,4,20,180,"[0, 0, 0, 144, 0, 8, 128, 1]"
605.123914,Unknown Device,21,4,20,195,"[241, 223, 6, 208, 1, 0, 0, 5]"
605.124595,Unknown Device,5,4,10,179,"[2, 0, 200, 239, 255, 127, 126, 39]"
605.125288,Unknown Device,2,4,22,177,"[0, 0, 0, 98, 0, 16, 255, 255]"
605.125976,Unknown Device,8,5,1,96,"[0, 0, 0, 0, 0, 0, 0, 192]"
605.126696,Unknown Device,8,5,1,97,"[0, 0, 0, 64, 0, 0, 0, 0]"
605.127304,Unknown Device,2,4,7,177,"[0, 0, 0, 226, 0, 16, 242, 255]"
605.128,Unknown Device,8,5,1,99,"[0, 0, 0, 3, 0, 0, 1, 0]"
605.12869,Unknown Device,2,4,6,177,"[0, 0, 0, 98, 0, 16, 252, 255]"
605.129383,Unknown Device,8,5,1,100,"[140, 6, 144, 128, 0, 28, 0, 0]"
605.130072,Unknown Device,2,4,3,177,"[0, 0, 0, 226, 0, 16, 219, 255]"
605.13077,Unknown Device,5,4,12,179,"[1, 0, 16, 208, 255, 191, 128, 38]"
605.131448,Unknown,Unknown,Unknown,Unknown,992,"[112, 150, 23, 32, 97, 206, 0, 0]"
605.132152,Unknown Device,5,4,11,179,"[0, 0, 200, 201, 255, 127, 78, 38]"
605.132835,Unknown Device,21,4,20,180,"[0, 0, 0, 144, 0, 8, 128, 1]"
605.133627,Unknown Device,5,4,10,179,"[2, 0, 200, 239, 255, 191, 126, 39]"
605.134219,Unknown Device,2,4,22,177,"[0, 0, 0, 98, 0, 16, 254, 255]"
605.134916,Unknown Device,2,4,22,183,"[0, 0, 0, 147, 0, 0, 0, 0]"
605.136067,Unknown Device,2,4,7,177,"[0, 0, 0, 226, 0, 16, 242, 255]"
605.136311,Unknown Device,2,4,7,183,"[0, 0, 192, 26, 255, 255, 0, 0]"
605.137014,Unknown Device,2,5,31,736,"[0, 0, 249, 6, 0, 24, 64, 0]"
605.137711,Unknown Device,5,4,13,179,"[4, 0, 152, 207, 255, 191, 123, 38]"
605.13839,Unknown Device,5,4,13,209,"[0, 0, 253, 255, 255, 7, 0, 0]"
605.139093,Unknown Device,2,4,1,177,"[0, 0, 0, 98, 0, 16, 254, 255]"
605.139776,Unknown Device,5,4,13,194,"[173, 192, 0, 131, 24, 0, 0, 0]"
605.140476,Unknown Device,2,5,30,736,"[0, 0, 250, 6, 0, 22, 64, 0]"
605.141158,Unknown Device,2,5,32,736,"[0, 0, 254, 6, 0, 24, 64, 0]"
605.141827,Unknown Device,5,4,13,285,"[0, 0, 0, 0, 24, 0, 0, 0]"
605.14252,Unknown Device,5,4,12,431,"[0, 0, 0, 1, 1, 26, 19, 0]"
605.143224,Unknown Device,5,4,11,209,"[0, 0, 0, 0, 0, 0, 0, 0]"
605.143906,Unknown Device,5,4,11,285,"[0, 0, 0, 0, 24, 0, 0, 0]"
605.144607,Unknown Device,21,4,20,200,"[168, 255, 116, 0, 192, 63, 0, 4]"
605.14529,Unknown Device,5,4,10,209,"[0, 0, 253, 255, 255, 7, 0, 0]"
605.145993,Unknown Device,5,4,10,285,"[0, 0, 0, 0, 24, 0, 0, 0]"
605.146683,Unknown Device,8,5,1,96,"[0, 0, 0, 0, 0, 0, 0, 192]"
605.147376,Unknown Device,8,5,1,97,"[0, 0, 0, 64, 0, 0, 0, 0]"
605.148065,Unknown Device,8,5,1,99,"[0, 0, 0, 3, 0, 0, 1, 0]"
605.148763,Unknown Device,2,4,6,177,"[0, 0, 0, 98, 0, 16, 7, 0]"
605.149448,Unknown Device,8,5,1,100,"[140, 6, 144, 128, 0, 28, 0, 0]"
605.150152,Unknown Device,2,4,26,177,"[0, 0, 0, 226, 0, 16, 43, 0]"
605.150835,Unknown Device,5,4,12,179,"[1, 0, 16, 208, 255, 191, 128, 38]"
605.151542,Unknown Device,2,5,32,736,"[0, 0, 254, 6, 0, 24, 64, 0]"
605.152224,Unknown Device,5,4,11,179,"[0, 0, 200, 201, 255, 127, 78, 38]"
605.152922,Unknown Device,21,4,20,180,"[0, 0, 0, 144, 0, 8, 128, 1]"
605.153678,Unknown Device,5,4,10,179,"[2, 0, 200, 239, 255, 191, 126, 39]"
605.154315,Unknown Device,2,4,22,177,"[0, 0, 0, 98, 0, 16, 1, 0]"
605.15499,Unknown Device,2,4,22,183,"[0, 0, 0, 147, 0, 0, 0, 0]"
605.156099,Unknown Device,2,4,7,177,"[0, 0, 0, 226, 0, 16, 7, 0]"
605.156384,Unknown Device,2,4,7,183,"[0, 0, 192, 26, 255, 255, 0, 0]"
605.157066,Unknown Device,2,5,31,736,"[0, 0, 249, 6, 0, 24, 64, 0]"
605.157759,Unknown Device,2,4,8,177,"[0, 0, 0, 98, 0, 16, 244, 255]"
605.158454,Unknown Device,2,4,8,183,"[12, 0, 96, 62, 255, 255, 0, 0]"
605.159139,Unknown Device,2,4,1,177,"[0, 0, 0, 98, 0, 16, 7, 0]"
605.159831,Unknown Device,2,5,30,736,"[0, 0, 251, 6, 0, 22, 64, 0]"
605.160442,Unknown Device,2,4,3,183,"[0, 0, 192, 245, 255, 255, 0, 0]"
605.161113,Unknown Device,2,5,32,737,"[0, 0, 0, 0, 0, 64, 0, 0]"
605.161806,Unknown Device,5,4,12,179,"[7, 0, 8, 208, 255, 127, 128, 38]"
605.162501,Unknown Device,5,4,11,179,"[0, 0, 200, 201, 255, 127, 78, 38]"
605.163193,Unknown,Unknown,Unknown,Unknown,992,"[236, 194, 195, 189, 150, 234, 0, 0]"
605.163773,Unknown Device,21,4,20,195,"[241, 223, 6, 192, 1, 0, 0, 5]"
605.16449,Unknown,Unknown,Unknown,Unknown,992,"[183, 184, 227, 8, 217, 141, 0, 0]"
605.165132,Unknown Device,2,4,22,177,"[0, 0, 0, 98, 0, 16, 7, 0]"
605.165817,Unknown Device,8,5,1,96,"[0, 0, 0, 0, 0, 0, 0, 192]"
605.166456,Unknown Device,8,5,1,97,"[0, 0, 0, 64, 0, 0, 0, 0]"
605.167148,Unknown Device,2,4,7,177,"[0, 0, 0, 226, 0, 16, 8, 0]"
605.167784,Unknown Device,8,5,1,98,"[0, 8, 32, 0, 0, 0, 0, 0]"
605.168473,Unknown Device,2,4,4,177,"[0, 0, 0, 98, 0, 16, 6, 0]"
605.169115,Unknown Device,2,4,1,177,"[0, 0, 0, 98, 0, 16, 251, 255]"
605.169801,Unknown Device,2,5,30,736,"[0, 0, 251, 6, 0, 22, 64, 0]"
605.170447,Unknown Device,2,5,30,737,"[0, 0, 0, 0, 0, 64, 0, 0]"
605.171139,Unknown Device,2,5,32,736,"[0, 0, 254, 6, 0, 24, 64, 0]"
605.171831,Unknown Device,5,4,11,179,"[0, 0, 200, 201, 255, 127, 78, 38]"
605.172527,Unknown Device,21,4,20,180,"[0, 0, 0, 144, 0, 8, 128, 1]"
605.173522,Unknown Device,5,4,10,179,"[2, 0, 200, 239, 255, 127, 126, 39]"
605.173891,Unknown Device,2,4,22,177,"[0, 0, 0, 98, 0, 16, 255, 255]"
605.174498,Unknown Device,2,4,22,183,"[0, 0, 0, 147, 0, 0, 0, 0]"
605.176002,Unknown Device,2,4,7,177,"[0, 0, 0, 226, 0, 16, 3, 0]"
605.176673,Unknown Device,2,4,7,183,"[0, 0, 192, 26, 255, 255, 0, 0]"
605.177236,Unknown Device,2,5,31,736,"[0, 0, 249, 6, 0, 24, 64, 0]"
605.177854,Unknown Device,5,4,13,179,"[3, 0, 160, 207, 255, 127, 123, 38]"
605.17849,Unknown Device,2,4,4,177,"[0, 0, 0, 98, 0, 16, 249, 255]"
605.181526,Unknown Device,2,4,1,177,"[0, 0, 0, 98, 0, 16, 251, 255]"
605.182244,Unknown Device,2,4,1,183,"[0, 0, 64, 188, 255, 255, 0, 0]"
605.182941,Unknown Device,5,4,11,179,"[0, 0, 200, 201, 255, 127, 78, 38]"
605.183667,Unknown Device,21,4,20,195,"[241, 223, 6, 192, 1, 0, 0, 5]"
605.184324,Unknown Device,5,4,10,179,"[2, 0, 200, 239, 255, 127, 126, 39]"
605.185006,Unknown Device,2,4,22,177,"[0, 0, 0, 98, 0, 16, 253, 255]"
605.185697,Unknown Device,8,5,1,96,"[0, 0, 0, 0, 0, 0, 0, 192]"
605.186383,Unknown Device,8,5,1,97,"[0, 0, 0, 64, 0, 0, 0, 0]"
605.187073,Unknown Device,2,4,7,177,"[0, 0, 0, 226, 0, 16, 1, 0]"
605.188043,Unknown Device,8,5,1,98,"[0, 8, 32, 0, 0, 0, 0, 0]"
605.188704,Unknown Device,2,5,31,737,"[0, 0, 0, 0, 0, 64, 0, 0]"
605.189354,Unknown Device,8,5,1,100,"[140, 6, 144, 128, 0, 28, 0, 0]"
605.19,Unknown Device,2,4,5,177,"[0, 0, 0, 98, 0, 16, 7, 0]"
605.190676,Unknown Device,5,4,4,179,"[0, 0, 168, 220, 255, 191, 229, 38]"
605.191369,Unknown Device,2,5,32,736,"[0, 0, 254, 6, 0, 24, 64, 0]"
605.192001,Unknown Device,5,4,11,179,"[0, 0, 200, 201, 255, 127, 78, 38]"
605.19269,Unknown Device,21,4,20,180,"[1, 0, 0, 144, 0, 8, 128, 1]"
605.193384,Unknown,Unknown,Unknown,Unknown,992,"[100, 180, 81, 176, 215, 20, 0, 0]"
605.194015,Unknown Device,5,4,10,179,"[2, 0, 200, 239, 255, 63, 126, 39]"
605.194698,Unknown Device,2,4,22,431,"[0, 0, 0, 0, 1, 26, 19, 0]"
605.195384,Unknown Device,2,4,22,285,"[0, 0, 0, 0, 0, 0, 128, 0]"
605.196001,Unknown Device,2,4,22,181,"[255, 127, 0, 192, 89, 20, 24, 0]"
605.196684,Unknown Device,2,4,22,183,"[0, 0, 0, 147, 0, 0, 0, 0]"
605.197377,Unknown Device,2,4,22,185,"[0, 0, 0, 0, 0, 0, 0, 128]"
605.197994,Unknown Device,2,5,31,736,"[0, 0, 249, 6, 0, 24, 64, 0]"
605.198677,Unknown Device,2,4,6,177,"[0, 0, 0, 98, 0, 16, 4, 0]"
605.19937,Unknown Device,2,4,4,183,"[0, 0, 32, 39, 255, 255, 0, 0]"
605.199995,Unknown Device,5,4,13,179,"[3, 0, 152, 207, 255, 191, 123, 38]"
605.200678,Unknown Device,2,4,3,183,"[0, 0, 192, 245, 255, 255, 0, 0]"
605.20137,Unknown Device,5,4,12,179,"[4, 0, 16, 208, 255, 191, 128, 38]"
605.201977,Unknown Device,5,4,11,179,"[0, 0, 200, 201, 255, 127, 78, 38]"
605.202662,Unknown Device,21,4,20,180,"[1, 0, 0, 144, 0, 8, 128, 1]"
605.203358,Unknown Device,21,4,20,195,"[241, 223, 6, 192, 1, 0, 0, 5]"
605.204082,Unknown Device,5,4,10,179,"[2, 0, 200, 239, 255, 127, 126, 39]"
605.204655,Unknown Device,2,4,22,177,"[0, 0, 0, 98, 0, 16, 245, 255]"
605.205558,Unknown Device,8,5,1,96,"[0, 0, 0, 0, 0, 0, 0, 192]"
605.206221,Unknown Device,8,5,1,97,"[0, 0, 0, 64, 0, 0, 0, 0]"
605.206914,Unknown Device,2,4,7,177,"[0, 0, 0, 226, 0, 16, 16, 0]"
605.207546,Unknown Device,8,5,1,98,"[0, 8, 32, 0, 0, 0, 0, 0]"
605.208238,Unknown Device,2,5,31,737,"[0, 0, 0, 0, 0, 64, 0, 0]"
605.20893,Unknown Device,5,4,13,179,"[53, 0, 160, 207, 255, 191, 123, 38]"
605.209548,Unknown Device,8,5,1,100,"[141, 6, 144, 128, 0, 28, 0, 0]"
605.210233,Unknown Device,2,4,26,177,"[0, 0, 0, 226, 0, 16, 25, 0]"
605.210947,Unknown Device,2,5,32,736,"[0, 0, 254, 6, 0, 24, 64, 0]"
605.211565,Unknown Device,5,4,11,179,"[0, 0, 200, 201, 255, 127, 78, 38]"
605.212257,Unknown Device,21,4,20,180,"[1, 0, 0, 144, 0, 8, 128, 1]"
605.213458,Unknown Device,5,4,10,179,"[2, 0, 200, 239, 255, 191, 126, 39]"
605.21368,Unknown Device,2,4,22,177,"[0, 0, 0, 98, 0, 16, 255, 255]"
605.214279,Unknown Device,2,4,22,183,"[0, 0, 0, 147, 0, 0, 0, 0]"
605.216061,Unknown Device,2,4,7,431,"[0, 0, 0, 0, 1, 26, 19, 0]"
605.216231,Unknown Device,2,4,7,285,"[0, 0, 0, 0, 0, 3, 128, 0]"
605.216558,Unknown Device,2,5,31,736,"[0, 0, 249, 6, 0, 24, 64, 0]"
605.216966,Unknown Device,2,4,7,193,"[0, 243, 199, 46, 0, 0, 0, 0]"
605.217649,Unknown Device,2,4,8,431,"[0, 0, 0, 0, 1, 26, 19, 0]"
605.218292,Unknown Device,2,4,7,177,"[0, 0, 0, 226, 0, 16, 20, 0]"
605.218988,Unknown Device,2,4,8,285,"[128, 0, 0, 0, 128, 11, 192, 0]"
605.21965,Unknown Device,2,4,7,183,"[0, 0, 192, 26, 255, 255, 0, 0]"
605.220314,Unknown Device,2,4,8,182,"[0, 0, 0, 92, 0, 0, 0, 0]"
605.220996,Unknown Device,2,4,2,181,"[254, 127, 0, 64, 91, 19, 24, 21]"
605.22165,Unknown Device,2,4,7,187,"[0, 0, 4, 0, 0, 0, 0, 0]"
605.222336,Unknown Device,2,4,4,177,"[0, 0, 0, 98, 0, 16, 22, 0]"
605.223032,Unknown Device,2,4,2,185,"[0, 0, 0, 0, 0, 0, 0, 128]"
605.223722,Unknown Device,2,4,3,285,"[0, 0, 0, 0, 0, 3, 128, 0]"
605.224416,Unknown Device,2,4,4,185,"[0, 0, 0, 0, 0, 0, 0, 128]"
605.225105,Unknown Device,2,4,1,193,"[0, 243, 199, 46, 0, 0, 0, 0]"
605.225737,Unknown Device,2,4,3,182,"[0, 0, 192, 245, 255, 255, 0, 0]"
605.226423,Unknown Device,2,4,1,182,"[0, 0, 64, 188, 255, 255, 0, 0]"
605.227112,Unknown Device,2,4,5,181,"[255, 127, 0, 0, 91, 19, 24, 20]"
605.227723,Unknown Device,2,4,7,177,"[0, 0, 0, 226, 0, 16, 0, 0]"
605.228409,Unknown Device,2,4,8,177,"[0, 0, 0, 98, 0, 16, 249, 255]"
605.229106,Unknown Device,2,4,2,177,"[0, 0, 0, 98, 0, 16, 240, 255]"
605.229724,Unknown Device,2,4,5,186,"[8, 0, 0, 0, 0, 0, 0, 0]"
605.230417,Unknown Device,2,4,26,431,"[0, 0, 0, 0, 1, 26, 19, 128]"
605.231106,Unknown Device,2,4,26,285,"[0, 0, 0, 0, 0, 8, 192, 0]"
605.231732,Unknown Device,2,5,31,736,"[0, 0, 249, 6, 0, 24, 64, 0]"
605.232417,Unknown Device,2,4,6,185,"[0, 0, 0, 0, 0, 0, 0, 128]"
605.233106,Unknown Device,2,4,26,181,"[233, 127, 0, 64, 91, 19, 22, 20]"
605.233725,Unknown Device,5,4,4,179,"[8, 0, 184, 220, 255, 191, 229, 38]"
605.23441,Unknown Device,5,4,11,179,"[0, 0, 200, 201, 255, 127, 78, 38]"
605.235114,Unknown Device,2,4,26,185,"[0, 0, 0, 0, 0, 0, 0, 128]"
605.235747,Unknown Device,2,4,26,186,"[12, 0, 0, 0, 0, 0, 0, 0]"
605.23644,Unknown Device,8,5,1,96,"[0, 0, 0, 0, 0, 0, 0, 192]"
605.237129,Unknown Device,8,5,1,99,"[0, 0, 0, 3, 0, 0, 1, 0]"
605.237804,Unknown Device,21,4,20,180,"[1, 0, 0, 144, 0, 8, 128, 1]"
605.23849,Unknown Device,2,4,7,183,"[0, 0, 192, 26, 255, 255, 0, 0]"
605.239179,Unknown Device,2,4,1,177,"[0, 0, 0, 98, 0, 16, 6, 0]"
605.239805,Unknown Device,2,4,1,183,"[0, 0, 64, 188, 255, 255, 0, 0]"
605.240498,Unknown Device,5,4,4,179,"[0, 0, 168, 220, 255, 127, 229, 38]"
605.241216,Unknown Device,2,4,26,183,"[0, 0, 192, 162, 0, 0, 0, 0]"
605.241913,Unknown Device,2,5,32,737,"[0, 0, 0, 0, 0, 64, 0, 0]"
605.242639,Unknown Device,5,4,11,179,"[0, 0, 200, 201, 255, 127, 78, 38]"
605.243289,Unknown Device,21,4,20,431,"[0, 0, 0, 0, 1, 26, 19, 0]"
605.243899,Unknown Device,21,4,20,197,"[96, 21, 0, 6, 0, 0, 0, 2]"
605.244639,Unknown Device,21,4,20,200,"[144, 255, 132, 0, 112, 64, 0, 4]"
605.245275,Unknown Device,2,4,22,177,"[0, 0, 0, 98, 0, 16, 252, 255]"
605.245964,Unknown Device,21,4,20,206,"[201, 255, 95, 0, 109, 2, 0, 0]"
605.246648,Unknown Device,8,5,1,96,"[0, 0, 0, 0, 0, 0, 0, 192]"
605.247337,Unknown Device,2,4,7,177,"[0, 0, 0, 226, 0, 16, 234, 255]"
605.248029,Unknown Device,8,5,1,99,"[0, 0, 0, 3, 0, 0, 1, 0]"
605.248728,Unknown Device,2,4,6,177,"[0, 0, 0, 98, 0, 16, 232, 255]"
605.249417,Unknown Device,8,5,1,100,"[141, 6, 144, 128, 0, 28, 0, 0]"
605.250109,Unknown Device,2,4,5,177,"[0, 0, 0, 98, 0, 16, 12, 0]"
605.250794,Unknown Device,5,4,12,179,"[3, 0, 16, 208, 255, 191, 128, 38]"
605.251497,Unknown Device,2,5,32,736,"[0, 0, 254, 6, 0, 24, 64, 0]"
605.252153,Unknown Device,5,4,11,179,"[0, 0, 200, 201, 255, 127, 78, 38]"
605.252839,Unknown Device,21,4,20,180,"[1, 0, 0, 144, 0, 8, 128, 1]"
605.253589,Unknown Device,5,4,10,179,"[2, 0, 208, 239, 255, 191, 126, 39]"
605.254166,Unknown Device,2,4,22,177,"[0, 0, 0, 98, 0, 16, 255, 255]"
605.254852,Unknown Device,2,4,22,183,"[0, 0, 0, 147, 0, 0, 0, 0]"
605.256045,Unknown Device,2,4,7,177,"[0, 0, 0, 226, 0, 16, 10, 0]"
605.256247,Unknown Device,2,4,7,183,"[0, 0, 192, 26, 255, 255, 0, 0]"
605.256854,Unknown Device,2,5,31,736,"[0, 0, 249, 6, 0, 24, 64, 0]"
605.257543,Unknown Device,5,4,13,179,"[3, 0, 160, 207, 255, 191, 123, 38]"
605.258234,Unknown Device,2,4,8,177,"[0, 0, 0, 98, 0, 16, 233, 255]"
605.25892,Unknown Device,2,4,4,183,"[0, 0, 32, 39, 255, 255, 0, 0]"
605.259634,Unknown Device,2,4,6,183,"[8, 0, 64, 191, 255, 255, 0, 0]"
605.26023,Unknown Device,2,4,26,177,"[0, 0, 0, 226, 0, 16, 32, 0]"
605.260922,Unknown Device,2,4,26,183,"[0, 0, 192, 162, 0, 0, 0, 0]"
605.261679,Unknown Device,5,4,12,179,"[3, 0, 16, 208, 255, 191, 128, 38]"
605.262379,Unknown Device,5,4,11,179,"[0, 0, 200, 201, 255, 127, 78, 38]"
605.263069,Unknown Device,21,4,20,180,"[1, 0, 0, 144, 0, 8, 128, 1]"
605.263773,Unknown Device,21,4,20,195,"[241, 223, 6, 192, 1, 0, 0, 5]"
605.26438,Unknown,Unknown,Unknown,Unknown,992,"[83, 197, 37, 200, 96, 79, 0, 0]"
605.265069,Unknown Device,2,4,22,177,"[0, 0, 0, 98, 0, 16, 255, 255]"
605.265752,Unknown,Unknown,Unknown,Unknown,992,"[58, 219, 219, 178, 108, 183, 0, 0]"
605.266431,Unknown Device,8,5,1,96,"[0, 0, 0, 0, 0, 0, 0, 192]"
605.267062,Unknown Device,8,5,1,97,"[0, 0, 0, 64, 0, 0, 0, 0]"
605.26763,Unknown Device,8,5,1,98,"[0, 8, 32, 0, 0, 0, 0, 0]"
605.268064,Unknown Device,2,5,31,737,"[0, 0, 0, 0, 0, 64, 0, 0]"
605.268624,Unknown Device,2,4,2,177,"[0, 0, 0, 98, 0, 16, 246, 255]"
605.269072,Unknown Device,2,4,1,177,"[0, 0, 0, 98, 0, 16, 16, 0]"
605.269626,Unknown Device,2,4,5,177,"[0, 0, 0, 98, 0, 16, 17, 0]"
605.270102,Unknown Device,5,4,4,179,"[1, 0, 176, 220, 255, 127, 229, 38]"
605.270684,Unknown Device,2,5,32,736,"[0, 0, 254, 6, 0, 24, 64, 0]"
605.271248,Unknown Device,5,4,11,179,"[0, 0, 200, 201, 255, 127, 78, 38]"
605.271917,Unknown Device,21,4,20,180,"[2, 0, 0, 144, 0, 8, 128, 1]"
605.272771,Unknown,Unknown,Unknown,Unknown,992,"[83, 242, 40, 85, 149, 179, 0, 0]"
605.273477,Unknown Device,5,4,10,179,"[2, 0, 200, 239, 255, 127, 126, 39]"
605.273653,Unknown Device,2,4,22,177,"[0, 0, 0, 98, 0, 16, 252, 255]"
605.273853,Unknown Device,2,4,22,183,"[0, 0, 0, 147, 0, 0, 0, 0]"
605.275943,Unknown Device,2,4,7,177,"[0, 0, 0, 226, 0, 16, 253, 255]"
605.276144,Unknown Device,2,4,7,183,"[0, 0, 192, 26, 255, 255, 0, 0]"
605.276552,Unknown Device,2,5,31,736,"[0, 0, 249, 6, 0, 24, 64, 0]"
605.276756,Unknown Device,2,4,8,177,"[0, 0, 0, 98, 0, 16, 249, 255]"
605.27689,Unknown Device,5,4,13,179,"[3, 0, 160, 207, 255, 191, 123, 38]"
605.277463,Unknown Device,2,4,4,177,"[0, 0, 0, 98, 0, 16, 2, 0]"
605.278009,Unknown Device,2,4,6,177,"[0, 0, 0, 98, 0, 16, 10, 0]"
605.27862,Unknown Device,2,4,2,177,"[0, 0, 0, 98, 0, 16, 2, 0]"
605.279075,Unknown Device,2,4,6,183,"[8, 0, 32, 191, 255, 255, 0, 0]"
605.279664,Unknown Device,2,4,3,177,"[0, 0, 0, 226, 0, 16, 197, 255]"
605.280307,Unknown Device,5,4,4,179,"[252, 255, 167, 220, 255, 191, 229, 38]"
605.28091,Unknown Device,2,5,32,736,"[0, 0, 254, 6, 0, 24, 64, 0]"
605.281474,Unknown Device,5,4,12,179,"[3, 0, 16, 208, 255, 191, 128, 38]"
605.282062,Unknown Device,5,4,11,179,"[0, 0, 200, 201, 255, 191, 78, 38]"
605.282623,Unknown Device,21,4,20,180,"[2, 0, 0, 144, 0, 8, 128, 1]"
605.28315,Unknown Device,21,4,20,195,"[241, 223, 6, 192, 1, 0, 0, 5]"
605.283717,Unknown,Unknown,Unknown,Unknown,992,"[44, 234, 104, 105, 138, 87, 0, 0]"
605.284339,Unknown Device,5,4,10,179,"[2, 0, 200, 239, 255, 127, 126, 39]"
605.285028,Unknown Device,2,4,22,177,"[0, 0, 0, 98, 0, 16, 249, 255]"
605.285646,Unknown,Unknown,Unknown,Unknown,992,"[181, 189, 143, 200, 51, 188, 0, 0]"
605.286325,Unknown Device,8,5,1,96,"[0, 0, 0, 0, 0, 0, 0, 192]"
605.287014,Unknown Device,8,5,1,97,"[0, 0, 0, 64, 0, 0, 0, 0]"
605.287704,Unknown Device,2,4,7,177,"[0, 0, 0, 226, 0, 16, 14, 0]"
605.28839,Unknown Device,2,5,31,737,"[0, 0, 0, 0, 0, 64, 0, 0]"
605.289072,Unknown Device,2,4,1,177,"[0, 0, 0, 98, 0, 16, 18, 0]"
605.289769,Unknown Device,2,5,30,736,"[0, 0, 251, 6, 0, 22, 64, 0]"
605.290462,Unknown Device,5,4,4,179,"[11, 0, 184, 220, 255, 191, 229, 38]"
605.291151,Unknown Device,5,4,12,179,"[241, 255, 15, 208, 255, 191, 128, 38]"
605.291846,Unknown Device,2,5,32,736,"[0, 0, 254, 6, 0, 24, 64, 0]"
605.292535,Unknown Device,5,4,11,179,"[0, 0, 200, 201, 255, 191, 78, 38]"
605.293233,Unknown Device,21,4,20,180,"[2, 0, 0, 144, 0, 8, 128, 1]"
605.293844,Unknown Device,5,4,10,179,"[2, 0, 200, 239, 255, 127, 126, 39]"
605.294525,Unknown Device,2,4,22,177,"[0, 0, 0, 98, 0, 16, 255, 255]"
605.295196,Unknown Device,2,4,22,183,"[0, 0, 0, 147, 0, 0, 0, 0]"
605.295981,Unknown Device,2,4,7,177,"[0, 0, 0, 226, 0, 16, 240, 255]"
605.296614,Unknown Device,2,4,7,183,"[0, 0, 192, 26, 255, 255, 0, 0]"
605.297274,Unknown Device,2,5,31,736,"[0, 0, 249, 6, 0, 24, 64, 0]"
605.297973,Unknown Device,2,4,8,177,"[0, 0, 0, 98, 0, 16, 249, 255]"
605.298666,Unknown Device,2,4,4,177,"[0, 0, 0, 98, 0, 16, 19, 0]"
605.299354,Unknown Device,2,4,2,183,"[196, 255, 63, 64, 255, 255, 0, 0]"
605.300046,Unknown Device,2,4,3,177,"[0, 0, 0, 226, 0, 16, 228, 255]"
605.30076,Unknown Device,2,4,3,183,"[0, 0, 192, 245, 255, 255, 0, 0]"
605.301455,Unknown Device,5,4,12,179,"[0, 0, 8, 208, 255, 191, 128, 38]"
605.30207,Unknown Device,5,4,11,179,"[0, 0, 200, 201, 255, 127, 78, 38]"
605.302755,Unknown Device,21,4,20,180,"[2, 0, 0, 144, 0, 8, 128, 1]"
605.303444,Unknown Device,21,4,20,195,"[241, 223, 6, 192, 1, 0, 0, 5]"
605.304093,Unknown,Unknown,Unknown,Unknown,992,"[62, 11, 124, 16, 173, 32, 0, 0]"
605.304772,Unknown Device,5,4,10,179,"[2, 0, 200, 239, 255, 127, 126, 39]"
605.30546,Unknown Device,2,4,22,177,"[0, 0, 0, 98, 0, 16, 3, 0]"
605.306088,Unknown Device,8,5,1,96,"[0, 0, 0, 0, 0, 0, 0, 192]"
605.306781,Unknown Device,8,5,1,97,"[0, 0, 0, 64, 0, 0, 0, 0]"
605.30746,Unknown Device,2,4,7,177,"[0, 0, 0, 226, 0, 16, 6, 0]"
605.308085,Unknown Device,2,4,8,177,"[0, 0, 0, 98, 0, 16, 231, 255]"
605.308775,Unknown Device,5,4,13,179,"[3, 0, 160, 207, 255, 191, 123, 38]"
605.309461,Unknown Device,8,5,1,100,"[141, 6, 144, 128, 0, 28, 0, 0]"
605.310085,Unknown Device,2,4,26,177,"[0, 0, 0, 226, 0, 16, 231, 255]"
605.310775,Unknown Device,2,5,32,736,"[0, 0, 254, 6, 0, 24, 64, 0]"
605.311605,Unknown Device,5,4,11,179,"[0, 0, 200, 201, 255, 127, 78, 38]"
605.312239,Unknown Device,21,4,20,180,"[2, 0, 0, 144, 0, 8, 128, 1]"
605.313427,Unknown Device,5,4,10,179,"[2, 0, 200, 239, 255, 127, 126, 39]"
605.313616,Unknown Device,2,4,22,177,"[0, 0, 0, 98, 0, 16, 3, 0]"
605.314247,Unknown Device,2,4,22,183,"[0, 0, 0, 147, 0, 0, 0, 0]"
605.31595,Unknown Device,2,4,7,177,"[0, 0, 0, 226, 0, 16, 6, 0]"
605.316136,Unknown Device,2,4,7,183,"[0, 0, 192, 26, 255, 255, 0, 0]"
605.316485,Unknown Device,2,5,31,736,"[0, 0, 249, 6, 0, 24, 64, 0]"
605.316985,Unknown Device,2,4,8,177,"[0, 0, 0, 98, 0, 16, 254, 255]"
605.317675,Unknown Device,5,4,13,179,"[3, 0, 160, 207, 255, 191, 123, 38]"
605.318368,Unknown Device,2,4,8,183,"[12, 0, 128, 62, 255, 255, 0, 0]"
605.319064,Unknown Device,2,4,4,183,"[0, 0, 32, 39, 255, 255, 0, 0]"
605.319747,Unknown Device,2,5,30,736,"[0, 0, 250, 6, 0, 22, 64, 0]"
605.32044,Unknown Device,5,4,4,179,"[0, 0, 168, 220, 255, 191, 229, 38]"
605.321129,Unknown Device,2,4,26,183,"[0, 0, 192, 162, 0, 0, 0, 0]"
605.321819,Unknown Device,2,5,32,737,"[0, 0, 0, 0, 0, 64, 0, 0]"
605.32244,Unknown Device,5,4,11,179,"[0, 0, 200, 201, 255, 127, 78, 38]"
605.32313,Unknown Device,21,4,20,180,"[2, 0, 0, 144, 0, 8, 128, 1]"
605.323798,Unknown Device,21,4,20,195,"[241, 223, 6, 192, 1, 0, 0, 5]"
605.324491,Unknown,Unknown,Unknown,Unknown,992,"[103, 176, 90, 52, 126, 193, 0, 0]"
605.325173,Unknown Device,2,4,22,177,"[0, 0, 0, 98, 0, 16, 4, 0]"
605.325867,Unknown Device,8,5,1,96,"[0, 0, 0, 0, 0, 0, 0, 192]"
605.3266,Unknown Device,8,5,1,97,"[0, 0, 0, 64, 0, 0, 0, 0]"
605.327256,Unknown Device,2,4,7,177,"[0, 0, 0, 226, 0, 16, 1, 0]"
605.327932,Unknown Device,8,5,1,99,"[0, 0, 0, 3, 0, 0, 1, 0]"
605.328629,Unknown Device,2,4,6,177,"[0, 0, 0, 98, 0, 16, 14, 0]"
605.329329,Unknown Device,2,4,1,177,"[0, 0, 0, 98, 0, 16, 248, 255]"
605.330025,Unknown Device,2,4,5,177,"[0, 0, 0, 98, 0, 16, 0, 0]"
605.330651,Unknown Device,5,4,12,179,"[0, 0, 8, 208, 255, 191, 128, 38]"
605.331344,Unknown Device,2,5,32,736,"[0, 0, 255, 6, 0, 24, 64, 0]"
605.332033,Unknown Device,5,4,11,179,"[0, 0, 200, 201, 255, 127, 78, 38]"
605.332665,Unknown Device,21,4,20,180,"[2, 0, 0, 144, 0, 8, 128, 1]"
605.333359,Unknown Device,5,4,10,179,"[8, 0, 216, 239, 255, 191, 126, 39]"
605.33404,Unknown Device,2,4,22,177,"[0, 0, 0, 98, 0, 16, 248, 255]"
605.334665,Unknown Device,2,4,22,183,"[0, 0, 0, 147, 0, 0, 0, 0]"
605.335959,Unknown Device,2,4,7,177,"[0, 0, 0, 226, 0, 16, 6, 0]"
605.336136,Unknown Device,2,4,7,183,"[0, 0, 192, 26, 255, 255, 0, 0]"
605.336818,Unknown Device,2,5,31,736,"[0, 0, 249, 6, 0, 24, 64, 0]"
605.337513,Unknown Device,5,4,13,179,"[2, 0, 160, 207, 255, 191, 123, 38]"
605.338198,Unknown Device,2,4,8,177,"[0, 0, 0, 98, 0, 16, 248, 255]"
605.338813,Unknown Device,2,4,2,177,"[0, 0, 0, 98, 0, 16, 249, 255]"
605.339508,Unknown Device,2,4,6,183,"[32, 0, 96, 191, 255, 255, 0, 0]"
605.340179,Unknown Device,2,4,5,177,"[0, 0, 0, 98, 0, 16, 11, 0]"
605.340872,Unknown Device,2,4,5,183,"[0, 0, 128, 82, 0, 0, 0, 0]"
605.341593,Unknown Device,2,5,32,737,"[0, 0, 0, 0, 0, 64, 0, 0]"
605.342245,Unknown Device,5,4,11,179,"[0, 0, 200, 201, 255, 127, 78, 38]"
605.342945,Unknown Device,21,4,20,180,"[2, 0, 0, 144, 0, 8, 128, 1]"
605.343637,Unknown Device,21,4,20,196,"[29, 255, 215, 0, 33, 127, 0, 0]"
605.344261,Unknown Device,21,4,20,200,"[164, 255, 120, 0, 224, 63, 0, 4]"
605.344961,Unknown Device,5,4,10,179,"[1, 0, 208, 239, 255, 191, 126, 39]"
605.345661,Unknown,Unknown,Unknown,Unknown,992,"[40, 73, 246, 162, 185, 115, 0, 0]"
605.346342,Unknown Device,8,5,1,96,"[0, 0, 0, 0, 0, 0, 0, 192]"
605.346971,Unknown Device,8,5,1,97,"[0, 0, 0, 64, 0, 0, 0, 0]"
605.347649,Unknown Device,8,5,1,98,"[0, 4, 32, 0, 0, 0, 0, 0]"
605.348324,Unknown Device,2,4,8,177,"[0, 0, 0, 98, 0, 16, 237, 255]"
605.349015,Unknown Device,2,4,1,177,"[0, 0, 0, 98, 0, 16, 14, 0]"
605.349708,Unknown Device,2,5,30,736,"[0, 0, 251, 6, 0, 22, 64, 0]"
605.350397,Unknown Device,5,4,4,179,"[252, 255, 175, 220, 255, 191, 229, 38]"
605.351088,Unknown Device,2,5,32,736,"[0, 0, 254, 6, 0, 24, 64, 0]"
605.351781,Unknown Device,5,4,11,179,"[0, 0, 200, 201, 255, 127, 78, 38]"
605.352462,Unknown Device,21,4,20,180,"[2, 0, 0, 144, 0, 8, 128, 1]"
605.353514,Unknown Device,5,4,10,179,"[1, 0, 208, 239, 255, 191, 126, 39]"
605.353854,Unknown Device,2,4,22,177,"[0, 0, 0, 98, 0, 16, 251, 255]"
605.354588,Unknown Device,2,4,22,183,"[0, 0, 0, 147, 0, 0, 0, 0]"
605.356028,Unknown Device,2,4,7,177,"[0, 0, 0, 226, 0, 16, 19, 0]"
605.356214,Unknown Device,2,4,7,183,"[0, 0, 192, 26, 255, 255, 0, 0]"
605.356586,Unknown Device,2,5,31,736,"[0, 0, 249, 6, 0, 24, 64, 0]"
605.35723,Unknown Device,2,4,8,177,"[0, 0, 0, 98, 0, 16, 251, 255]"
605.357905,Unknown Device,5,4,13,179,"[2, 0, 160, 207, 255, 191, 123, 38]"
605.358603,Unknown Device,2,4,4,177,"[0, 0, 0, 98, 0, 16, 5, 0]"
605.359296,Unknown Device,2,4,2,183,"[12, 0, 64, 64, 255, 255, 0, 0]"
605.359992,Unknown Device,2,4,5,177,"[0, 0, 0, 98, 0, 16, 244, 255]"
605.360675,Unknown Device,2,4,5,183,"[0, 0, 128, 82, 0, 0, 0, 0]"
605.36139,Unknown Device,5,4,12,179,"[3, 0, 16, 208, 255, 191, 128, 38]"
605.362079,Unknown Device,5,4,11,179,"[3, 0, 192, 201, 255, 127, 78, 38]"
605.362762,Unknown Device,21,4,20,180,"[2, 0, 0, 144, 0, 8, 128, 1]"
605.363383,Unknown Device,21,4,20,195,"[241, 223, 6, 192, 1, 0, 0, 5]"
605.364072,Unknown Device,5,4,10,179,"[1, 0, 208, 239, 255, 191, 126, 39]"
605.364748,Unknown Device,2,4,22,177,"[0, 0, 0, 98, 0, 16, 242, 255]"
605.365439,Unknown Device,8,5,1,96,"[0, 0, 0, 0, 0, 0, 0, 192]"
605.366129,Unknown Device,8,5,1,97,"[0, 0, 0, 64, 0, 0, 0, 0]"
605.366812,Unknown,Unknown,Unknown,Unknown,992,"[74, 189, 116, 215, 178, 101, 0, 0]"
605.367498,Unknown Device,2,4,7,177,"[0, 0, 0, 226, 0, 16, 7, 0]"
605.368194,Unknown Device,2,4,8,177,"[0, 0, 0, 98, 0, 16, 245, 255]"
605.368877,Unknown Device,2,4,2,177,"[0, 0, 0, 98, 0, 16, 9, 0]"
605.369581,Unknown Device,8,5,1,100,"[141, 6, 144, 128, 0, 28, 0, 0]"
605.370266,Unknown Device,2,5,30,737,"[0, 0, 0, 0, 0, 64, 0, 0]"
605.370956,Unknown Device,2,5,32,736,"[0, 0, 254, 6, 0, 24, 64, 0]"
605.371581,Unknown Device,5,4,4,179,"[1, 0, 176, 220, 255, 127, 229, 38]"
605.372259,Unknown Device,5,4,11,179,"[3, 0, 200, 201, 255, 127, 78, 38]"
605.372935,Unknown Device,21,4,20,180,"[2, 0, 0, 144, 0, 8, 128, 1]"
605.37363,Unknown Device,5,4,10,179,"[1, 0, 208, 239, 255, 191, 126, 39]"
605.374308,Unknown Device,2,4,22,177,"[0, 0, 0, 98, 0, 16, 0, 0]"
605.375005,Unknown Device,2,4,22,183,"[0, 0, 0, 147, 0, 0, 0, 0]"
605.375695,Unknown,Unknown,Unknown,Unknown,992,"[66, 78, 118, 193, 140, 124, 0, 0]"
605.376388,Unknown Device,2,4,7,177,"[0, 0, 0, 226, 0, 16, 9, 0]"
605.37707,Unknown Device,2,4,7,183,"[0, 0, 192, 26, 255, 255, 0, 0]"
605.377767,Unknown Device,2,5,31,736,"[0, 0, 248, 6, 0, 24, 64, 0]"
605.37846,Unknown Device,2,4,4,177,"[0, 0, 0, 98, 0, 16, 248, 255]"
605.379149,Unknown Device,2,4,2,183,"[208, 255, 63, 64, 255, 255, 0, 0]"
605.379768,Unknown Device,2,4,1,183,"[0, 0, 128, 188, 255, 255, 0, 0]"
605.380475,Unknown Device,5,4,4,179,"[254, 255, 175, 220, 255, 63, 230, 38]"
605.381157,Unknown Device,2,5,32,737,"[0, 0, 0, 0, 0, 64, 0, 0]"
605.381838,Unknown Device,5,4,12,179,"[3, 0, 8, 208, 255, 127, 128, 38]"
605.382573,Unknown Device,5,4,11,179,"[2, 0, 200, 201, 255, 127, 78, 38]"
605.383218,Unknown Device,21,4,20,180,"[2, 0, 0, 128, 0, 8, 128, 1]"
605.383911,Unknown Device,21,4,20,195,"[241, 223, 6, 192, 1, 0, 0, 5]"
605.384603,Unknown Device,5,4,10,179,"[1, 0, 208, 239, 255, 191, 126, 39]"
605.385292,Unknown Device,2,4,22,177,"[0, 0, 0, 98, 0, 16, 253, 255]"
605.385984,Unknown,Unknown,Unknown,Unknown,992,"[172, 216, 30, 183, 196, 33, 0, 0]"
605.386669,Unknown Device,8,5,1,96,"[0, 0, 0, 0, 0, 0, 0, 192]"
605.387358,Unknown Device,8,5,1,97,"[0, 0, 0, 64, 0, 0, 0, 0]"
605.387972,Unknown Device,8,5,1,99,"[0, 0, 0, 3, 0, 0, 2, 0]"
605.388665,Unknown Device,2,4,2,177,"[0, 0, 0, 98, 0, 16, 9, 0]"
605.389332,Unknown Device,5,4,13,209,"[0, 0, 253, 255, 255, 7, 0, 0]"
605.390031,Unknown Device,2,4,5,177,"[0, 0, 0, 98, 0, 16, 12, 0]"
605.390709,Unknown Device,5,4,13,194,"[173, 192, 0, 131, 24, 0, 0, 0]"
605.391483,Unknown Device,5,4,13,285,"[0, 0, 0, 0, 24, 0, 0, 0]"
605.392167,Unknown Device,5,4,12,285,"[0, 0, 0, 0, 24, 0, 0, 0]"
605.392867,Unknown Device,5,4,11,179,"[2, 0, 200, 201, 255, 127, 78, 38]"
605.393567,Unknown Device,5,4,11,431,"[0, 0, 0, 1, 1, 26, 19, 0]"
605.394248,Unknown Device,5,4,11,285,"[0, 0, 0, 0, 24, 0, 0, 0]"
605.394891,Unknown Device,5,4,10,179,"[1, 0, 208, 239, 255, 191, 126, 39]"
605.395576,Unknown Device,5,4,10,194,"[172, 192, 8, 131, 24, 0, 0, 0]"
605.396264,Unknown Device,5,4,10,285,"[0, 0, 0, 0, 24, 0, 0, 0]"
605.396943,Unknown Device,2,4,7,177,"[0, 0, 0, 226, 0, 16, 17, 0]"
605.397597,Unknown,Unknown,Unknown,Unknown,992,"[178, 222, 93, 135, 128, 125, 0, 0]"
605.398298,Unknown Device,2,4,8,177,"[0, 0, 0, 98, 0, 16, 254, 255]"
605.39898,Unknown Device,2,4,4,183,"[8, 0, 32, 39, 255, 255, 0, 0]"
605.399662,Unknown Device,2,4,1,183,"[0, 0, 128, 188, 255, 255, 0, 0]"
605.400355,Unknown Device,5,4,4,179,"[1, 0, 176, 220, 255, 191, 229, 38]"
605.400973,Unknown Device,2,5,32,736,"[0, 0, 253, 6, 0, 24, 64, 0]"
605.401663,Unknown Device,5,4,12,179,"[2, 0, 16, 208, 255, 191, 128, 38]"
605.402356,Unknown Device,5,4,11,179,"[2, 0, 200, 201, 255, 127, 78, 38]"
605.402973,Unknown Device,21,4,20,180,"[3, 0, 0, 128, 0, 8, 128, 1]"
605.403656,Unknown Device,21,4,20,195,"[241, 223, 6, 192, 1, 0, 0, 5]"
605.404349,Unknown Device,5,4,10,179,"[1, 0, 208, 239, 255, 191, 126, 39]"
605.404967,Unknown Device,2,4,22,177,"[0, 0, 0, 98, 0, 16, 254, 255]"
605.405649,Unknown Device,8,5,1,96,"[0, 0, 0, 0, 0, 0, 0, 192]"
605.4064,Unknown Device,8,5,1,97,"[0, 0, 0, 64, 0, 0, 0, 0]"
605.407024,Unknown Device,2,4,7,177,"[0, 0, 0, 226, 0, 16, 14, 0]"
605.407714,Unknown Device,8,5,1,98,"[0, 4, 32, 0, 0, 0, 0, 0]"
605.408386,Unknown Device,2,4,4,177,"[0, 0, 0, 98, 0, 16, 23, 0]"
605.409082,Unknown Device,8,5,1,100,"[141, 6, 144, 128, 0, 28, 0, 0]"
605.409772,Unknown Device,2,5,30,737,"[0, 0, 0, 0, 0, 64, 0, 0]"
605.410465,Unknown Device,5,4,4,179,"[0, 0, 176, 220, 255, 63, 229, 38]"
605.411162,Unknown Device,2,5,32,736,"[0, 0, 254, 6, 0, 24, 64, 0]"
605.411859,Unknown Device,5,4,11,179,"[2, 0, 200, 201, 255, 127, 78, 38]"
605.412556,Unknown Device,21,4,20,180,"[3, 0, 0, 128, 0, 8, 128, 1]"
605.41332,Unknown Device,5,4,10,179,"[1, 0, 208, 239, 255, 191, 126, 39]"
605.413929,Unknown Device,2,4,22,177,"[0, 0, 0, 98, 0, 16, 251, 255]"
605.414619,Unknown Device,2,4,22,183,"[0, 0, 0, 147, 0, 0, 0, 0]"
605.415932,Unknown Device,2,4,7,177,"[0, 0, 0, 226, 0, 16, 23, 0]"
605.41609,Unknown Device,2,4,7,183,"[0, 0, 192, 26, 255, 255, 0, 0]"
605.416608,Unknown Device,2,5,31,736,"[0, 0, 249, 6, 0, 24, 64, 0]"
605.417309,Unknown Device,2,4,8,177,"[0, 0, 0, 98, 0, 16, 255, 255]"
605.417991,Unknown Device,5,4,13,179,"[2, 0, 160, 207, 255, 191, 123, 38]"
605.418688,Unknown Device,2,4,6,177,"[0, 0, 0, 98, 0, 16, 253, 255]"
605.419381,Unknown Device,2,4,6,183,"[4, 0, 64, 191, 255, 255, 0, 0]"
605.42007,Unknown Device,2,4,5,177,"[0, 0, 0, 98, 0, 16, 255, 255]"
605.420753,Unknown Device,2,4,5,183,"[0, 0, 128, 82, 0, 0, 0, 0]"
605.421439,Unknown Device,5,4,12,179,"[2, 0, 8, 208, 255, 191, 128, 38]"
605.421984,Unknown Device,5,4,11,179,"[2, 0, 200, 201, 255, 127, 78, 38]"
605.422588,Unknown Device,21,4,20,180,"[3, 0, 0, 128, 0, 8, 128, 1]"
605.423303,Unknown Device,21,4,20,195,"[241, 223, 6, 192, 1, 0, 0, 5]"
605.423992,Unknown Device,5,4,10,179,"[1, 0, 208, 239, 255, 191, 126, 39]"
605.424675,Unknown Device,2,4,22,177,"[0, 0, 0, 98, 0, 16, 242, 255]"
605.425374,Unknown Device,8,5,1,96,"[0, 0, 0, 0, 0, 0, 0, 192]"
605.42605,Unknown Device,8,5,1,97,"[0, 0, 0, 64, 0, 0, 0, 0]"
605.426746,Unknown Device,2,4,7,177,"[0, 0, 0, 226, 0, 16, 2, 0]"
605.427435,Unknown Device,8,5,1,98,"[0, 4, 32, 0, 0, 0, 0, 0]"
605.428127,Unknown Device,2,4,8,177,"[0, 0, 0, 98, 0, 16, 251, 255]"
605.428812,Unknown Device,2,4,2,177,"[0, 0, 0, 98, 0, 16, 233, 255]"
605.429547,Unknown Device,8,5,1,100,"[141, 6, 144, 128, 0, 28, 0, 0]"
605.430192,Unknown Device,2,4,26,177,"[0, 0, 0, 226, 0, 16, 6, 0]"
605.430892,Unknown Device,2,5,32,736,"[0, 0, 254, 6, 0, 24, 64, 0]"
605.431575,Unknown Device,5,4,11,179,"[2, 0, 200, 201, 255, 127, 78, 38]"
605.432276,Unknown Device,21,4,20,180,"[3, 0, 0, 128, 0, 8, 128, 1]"
605.433385,Unknown Device,5,4,10,179,"[7, 0, 200, 239, 255, 191, 126, 39]"
605.433658,Unknown Device,2,4,22,177,"[0, 0, 0, 98, 0, 16, 5, 0]"
605.434343,Unknown Device,2,4,22,183,"[0, 0, 0, 147, 0, 0, 0, 0]"
605.4359,Unknown Device,2,4,7,177,"[0, 0, 0, 226, 0, 16, 251, 255]"
605.43607,Unknown Device,2,4,7,183,"[0, 0, 192, 26, 255, 255, 0, 0]"
605.436406,Unknown Device,2,5,31,736,"[0, 0, 249, 6, 0, 24, 64, 0]"
605.437631,Unknown Device,2,4,8,177,"[0, 0, 0, 98, 0, 16, 248, 255]"
605.441594,Unknown Device,5,4,13,179,"[2, 0, 160, 207, 255, 191, 123, 38]"
605.442331,Unknown Device,2,4,4,183,"[8, 0, 32, 39, 255, 255, 0, 0]"
605.442948,Unknown Device,5,4,11,179,"[2, 0, 200, 201, 255, 127, 78, 38]"
605.443645,Unknown Device,21,4,20,199,"[247, 255, 31, 1, 0, 28, 0, 0]"
605.444274,Unknown Device,21,4,20,200,"[172, 255, 72, 0, 8, 64, 0, 4]"
605.444963,Unknown Device,2,4,22,431,"[0, 0, 0, 0, 1, 26, 19, 0]"
605.445595,Unknown Device,2,4,22,193,"[212, 74, 40, 37, 0, 0, 0, 0]"
605.446289,Unknown Device,2,4,22,184,"[0, 0, 0, 0, 0, 0, 1, 128]"
605.44692,Unknown Device,2,4,22,185,"[0, 0, 0, 0, 0, 0, 0, 128]"
605.44761,Unknown Device,2,4,22,187,"[0, 0, 4, 0, 0, 0, 0, 0]"
605.448238,Unknown Device,2,4,8,177,"[0, 0, 0, 98, 0, 16, 244, 255]"
605.448935,Unknown Device,5,4,13,179,"[2, 0, 160, 207, 255, 191, 123, 38]"
605.449546,Unknown Device,2,5,30,736,"[0, 0, 251, 6, 0, 22, 64, 0]"
605.450246,Unknown Device,5,4,4,179,"[3, 0, 184, 220, 255, 127, 229, 38]"
605.450986,Unknown Device,2,5,32,736,"[0, 0, 253, 6, 0, 24, 64, 0]"
605.451669,Unknown,Unknown,Unknown,Unknown,992,"[192, 251, 156, 33, 251, 8, 0, 0]"
605.452326,Unknown Device,5,4,11,179,"[2, 0, 200, 201, 255, 127, 78, 38]"
605.453008,Unknown Device,21,4,20,180,"[3, 0, 0, 128, 0, 8, 128, 1]"
605.453648,Unknown,Unknown,Unknown,Unknown,992,"[132, 20, 54, 181, 43, 75, 0, 0]"
605.454539,Unknown Device,5,4,10,179,"[4, 0, 200, 239, 255, 191, 126, 39]"
605.455232,Unknown Device,2,4,22,177,"[0, 0, 0, 98, 0, 16, 4, 0]"
605.455936,Unknown Device,2,4,22,183,"[0, 0, 0, 147, 0, 0, 0, 0]"
605.456619,Unknown Device,2,4,7,177,"[0, 0, 0, 226, 0, 16, 13, 0]"
605.457326,Unknown Device,2,4,7,183,"[0, 0, 192, 26, 255, 255, 0, 0]"
605.457937,Unknown Device,5,4,13,179,"[2, 0, 160, 207, 255, 191, 123, 38]"
605.458627,Unknown Device,2,4,4,183,"[8, 0, 32, 39, 255, 255, 0, 0]"
605.459305,Unknown Device,2,4,1,183,"[0, 0, 128, 188, 255, 255, 0, 0]"
605.459937,Unknown Device,2,4,5,177,"[0, 0, 0, 98, 0, 16, 5, 0]"
605.46062,Unknown Device,2,4,5,183,"[0, 0, 128, 82, 0, 0, 0, 0]"
605.46132,Unknown Device,5,4,12,179,"[2, 0, 8, 208, 255, 191, 128, 38]"
605.461944,Unknown Device,5,4,11,179,"[2, 0, 200, 201, 255, 127, 78, 38]"
605.462634,Unknown Device,21,4,20,180,"[3, 0, 0, 128, 0, 8, 128, 1]"
605.463328,Unknown Device,21,4,20,195,"[241, 223, 6, 192, 1, 0, 0, 5]"
605.464017,Unknown Device,5,4,10,179,"[1, 0, 200, 239, 255, 127, 126, 39]"
605.4647,Unknown Device,2,4,22,177,"[0, 0, 0, 98, 0, 16, 0, 0]"
605.465399,Unknown Device,8,5,1,96,"[0, 0, 0, 0, 0, 0, 0, 192]"
605.466009,Unknown Device,8,5,1,97,"[0, 0, 0, 64, 0, 0, 0, 0]"
605.466706,Unknown Device,2,4,7,431,"[0, 0, 0, 0, 1, 26, 19, 0]"
605.467399,Unknown Device,2,4,7,285,"[0, 0, 0, 0, 0, 3, 128, 0]"
605.468103,Unknown Device,2,4,8,431,"[0, 0, 0, 0, 1, 26, 19, 0]"
605.468786,Unknown Device,2,4,6,431,"[0, 0, 0, 0, 1, 26, 19, 0]"
605.469533,Unknown Device,2,4,7,182,"[0, 0, 192, 26, 255, 255, 0, 0]"
605.470111,Unknown Device,2,4,4,285,"[128, 0, 0, 0, 128, 11, 192, 0]"
605.470772,Unknown Device,2,4,2,181,"[245, 127, 0, 0, 91, 19, 24, 21]"
605.471335,Unknown Device,2,4,8,185,"[0, 0, 0, 0, 0, 0, 0, 128]"
605.472006,Unknown Device,2,4,8,186,"[8, 0, 0, 0, 0, 0, 0, 0]"
605.472818,Unknown Device,2,4,4,184,"[0, 0, 0, 0, 0, 0, 0, 128]"
605.473532,Unknown Device,2,4,1,431,"[0, 0, 0, 0, 1, 26, 19, 0]"
605.47422,Unknown Device,2,4,3,431,"[0, 0, 0, 0, 1, 26, 19, 0]"
605.474927,Unknown Device,2,4,1,193,"[0, 243, 199, 46, 0, 0, 0, 0]"
605.475619,Unknown Device,2,4,22,183,"[0, 0, 0, 147, 0, 0, 0, 0]"
605.476301,Unknown Device,2,4,26,285,"[0, 0, 0, 0, 0, 8, 192, 0]"
605.476993,Unknown Device,2,4,3,181,"[234, 127, 0, 0, 91, 20, 25, 20]"
605.477699,Unknown Device,2,4,3,182,"[0, 0, 192, 245, 255, 255, 0, 0]"
605.478388,Unknown Device,2,4,8,177,"[0, 0, 0, 98, 0, 16, 237, 255]"
605.479087,Unknown Device,2,4,8,183,"[8, 0, 128, 62, 255, 255, 0, 0]"
605.479787,Unknown Device,2,4,1,186,"[8, 0, 0, 0, 0, 0, 0, 0]"
605.480529,Unknown Device,2,4,5,285,"[0, 0, 0, 0, 0, 3, 128, 0]"
605.481174,Unknown Device,2,4,26,186,"[12, 0, 0, 0, 0, 0, 0, 0]"
605.481874,Unknown Device,2,4,5,177,"[0, 0, 0, 98, 0, 16, 254, 255]"
605.482566,Unknown Device,2,5,32,736,"[0, 0, 255, 6, 0, 24, 64, 0]"
605.483254,Unknown Device,2,5,32,736,"[0, 0, 254, 6, 0, 24, 64, 0]"
605.483975,Unknown Device,2,5,32,737,"[0, 0, 0, 0, 0, 64, 0, 0]"
605.484675,Unknown Device,5,4,12,179,"[2, 0, 8, 208, 255, 191, 128, 38]"
605.485356,Unknown Device,2,4,5,177,"[0, 0, 0, 98, 0, 16, 255, 255]"
605.486062,Unknown Device,8,5,1,99,"[0, 0, 0, 2, 0, 0, 1, 0]"
605.486748,Unknown Device,8,5,1,96,"[0, 0, 0, 0, 0, 0, 0, 192]"
605.487412,Unknown Device,2,4,7,177,"[0, 0, 0, 226, 0, 16, 6, 0]"
605.488101,Unknown Device,2,4,8,177,"[0, 0, 0, 98, 0, 16, 10, 0]"
605.488813,Unknown Device,2,4,6,177,"[0, 0, 0, 98, 0, 16, 4, 0]"
605.489524,Unknown Device,8,5,1,100,"[141, 6, 144, 128, 0, 28, 0, 0]"
605.49021,Unknown Device,2,5,30,736,"[0, 0, 250, 6, 0, 22, 64, 0]"
605.490892,Unknown Device,2,5,32,736,"[0, 0, 254, 6, 0, 24, 64, 0]"
605.491599,Unknown Device,5,4,11,179,"[2, 0, 200, 201, 255, 127, 78, 38]"
605.492287,Unknown,Unknown,Unknown,Unknown,992,"[173, 8, 145, 137, 63, 19, 0, 0]"
605.492983,Unknown Device,21,4,20,431,"[0, 0, 0, 0, 1, 26, 19, 0]"
605.493759,Unknown Device,21,4,20,197,"[108, 21, 0, 22, 0, 0, 0, 2]"
605.494521,Unknown Device,21,4,20,205,"[0, 0, 0, 0, 0, 0, 0, 0]"
605.495156,Unknown Device,2,4,22,177,"[0, 0, 0, 98, 0, 16, 252, 255]"
605.495875,Unknown Device,2,4,22,183,"[0, 0, 0, 147, 0, 0, 0, 0]"
605.496558,Unknown Device,2,4,7,177,"[0, 0, 0, 226, 0, 16, 11, 0]"
605.497271,Unknown Device,2,4,7,183,"[0, 0, 192, 26, 255, 255, 0, 0]"
605.497947,Unknown Device,2,5,31,736,"[0, 0, 249, 6, 0, 24, 64, 0]"
605.498651,Unknown Device,2,4,4,183,"[8, 0, 32, 39, 255, 255, 0, 0]"
605.499337,Unknown Device,5,4,13,179,"[2, 0, 160, 207, 255, 191, 123, 38]"
605.500041,Unknown Device,2,4,3,177,"[0, 0, 0, 226, 0, 16, 203, 255]"
605.500731,Unknown Device,2,4,3,183,"[0, 0, 192, 245, 255, 255, 0, 0]"
605.501438,Unknown Device,5,4,12,179,"[2, 0, 16, 208, 255, 191, 128, 38]"
605.502128,Unknown Device,5,4,11,179,"[2, 0, 200, 201, 255, 127, 78, 38]"
605.502832,Unknown Device,21,4,20,180,"[3, 0, 0, 128, 0, 8, 128, 1]"
605.503515,Unknown Device,21,4,20,195,"[241, 223, 6, 192, 1, 0, 0, 5]"
605.504229,Unknown Device,5,4,10,179,"[16, 0, 216, 239, 255, 191, 126, 39]"
605.504911,Unknown Device,2,4,22,177,"[0, 0, 0, 98, 0, 16, 255, 255]"
605.505616,Unknown Device,8,5,1,96,"[0, 0, 0, 0, 0, 0, 0, 192]"
605.506302,Unknown Device,8,5,1,97,"[0, 0, 0, 64, 0, 0, 0, 0]"
605.506998,Unknown Device,2,4,7,177,"[0, 0, 0, 226, 0, 16, 11, 0]"
605.507681,Unknown Device,8,5,1,98,"[0, 8, 32, 0, 0, 0, 0, 0]"
605.508381,Unknown Device,8,5,1,99,"[0, 0, 0, 2, 0, 0, 1, 0]"
605.509063,Unknown Device,2,4,1,177,"[0, 0, 0, 98, 0, 16, 248, 255]"
605.509775,Unknown Device,2,4,5,177,"[0, 0, 0, 98, 0, 16, 252, 255]"
605.510515,Unknown Device,5,4,4,179,"[2, 0, 176, 220, 255, 255, 229, 38]"
605.511193,Unknown Device,2,5,32,736,"[0, 0, 254, 6, 0, 24, 64, 0]"
605.511876,Unknown Device,5,4,11,179,"[2, 0, 200, 201, 255, 127, 78, 38]"
605.512573,Unknown Device,21,4,20,180,"[3, 0, 0, 128, 0, 8, 128, 1]"
605.513266,Unknown Device,5,4,10,179,"[1, 0, 208, 239, 255, 191, 126, 39]"
605.513978,Unknown Device,2,4,22,177,"[0, 0, 0, 98, 0, 16, 2, 0]"
605.514661,Unknown Device,2,4,22,183,"[0, 0, 0, 147, 0, 0, 0, 0]"
605.515841,Unknown Device,2,4,7,177,"[0, 0, 0, 226, 0, 16, 12, 0]"
605.516041,Unknown Device,2,4,7,183,"[0, 0, 192, 26, 255, 255, 0, 0]"
605.516737,Unknown Device,2,5,31,736,"[0, 0, 249, 6, 0, 24, 64, 0]"
605.517418,Unknown Device,5,4,13,179,"[2, 0, 160, 207, 255, 191, 123, 38]"
605.518117,Unknown Device,2,4,8,177,"[0, 0, 0, 98, 0, 16, 242, 255]"
605.518803,Unknown Device,2,4,4,183,"[8, 0, 32, 39, 255, 255, 0, 0]"
605.519509,Unknown Device,2,4,6,183,"[4, 0, 64, 191, 255, 255, 0, 0]"
605.52019,Unknown Device,2,4,3,183,"[0, 0, 192, 245, 255, 255, 0, 0]"
605.520883,Unknown Device,2,4,5,183,"[0, 0, 128, 82, 0, 0, 0, 0]"
605.521568,Unknown Device,2,5,32,737,"[0, 0, 0, 0, 0, 64, 0, 0]"
605.52227,Unknown Device,5,4,11,179,"[2, 0, 200, 201, 255, 127, 78, 38]"
605.522949,Unknown Device,21,4,20,180,"[3, 0, 0, 128, 0, 8, 128, 1]"
605.523641,Unknown Device,21,4,20,195,"[241, 223, 6, 192, 1, 0, 0, 5]"
605.52433,Unknown Device,5,4,10,179,"[208, 255, 207, 239, 255, 127, 126, 39]"
605.525022,Unknown Device,2,4,22,177,"[0, 0, 0, 98, 0, 16, 0, 0]"
605.525712,Unknown Device,8,5,1,96,"[0, 0, 0, 0, 0, 0, 0, 192]"
605.526407,Unknown Device,8,5,1,97,"[0, 0, 0, 64, 0, 0, 0, 0]"
605.527092,Unknown Device,2,4,7,177,"[0, 0, 0, 226, 0, 16, 1, 0]"
605.527785,Unknown Device,2,5,31,736,"[0, 0, 248, 6, 0, 24, 64, 0]"
605.528506,Unknown Device,2,4,6,177,"[0, 0, 0, 98, 0, 16, 13, 0]"
605.529179,Unknown Device,8,5,1,100,"[142, 6, 144, 128, 0, 28, 0, 0]"
605.529865,Unknown Device,2,4,3,177,"[0, 0, 0, 226, 0, 16, 231, 255]"
605.530565,Unknown Device,5,4,12,179,"[2, 0, 8, 208, 255, 191, 128, 38]"
605.531252,Unknown Device,2,5,32,736,"[0, 0, 254, 6, 0, 24, 64, 0]"
605.531952,Unknown Device,5,4,11,179,"[2, 0, 200, 201, 255, 127, 78, 38]"
605.532635,Unknown Device,21,4,20,180,"[3, 0, 0, 128, 0, 8, 128, 1]"
605.533343,Unknown Device,5,4,10,179,"[4, 0, 200, 239, 255, 127, 126, 39]"
605.534031,Unknown Device,2,4,22,177,"[0, 0, 0, 98, 0, 16, 255, 255]"
605.534728,Unknown Device,2,4,22,183,"[0, 0, 0, 147, 0, 0, 0, 0]"
605.535582,Unknown,Unknown,Unknown,Unknown,992,"[84, 71, 67, 113, 161, 149, 0, 0]"
605.536102,Unknown Device,2,4,7,177,"[0, 0, 0, 226, 0, 16, 243, 255]"
605.536792,Unknown Device,2,4,7,183,"[0, 0, 192, 26, 255, 255, 0, 0]"
605.537504,Unknown Device,2,5,31,736,"[0, 0, 249, 6, 0, 24, 64, 0]"
605.53811,Unknown Device,2,4,8,177,"[0, 0, 0, 98, 0, 16, 252, 255]"
605.5388,Unknown Device,2,4,4,183,"[8, 0, 32, 39, 255, 255, 0, 0]"
605.539497,Unknown,Unknown,Unknown,Unknown,992,"[6, 24, 115, 211, 251, 77, 0, 0]"
605.540182,Unknown Device,2,4,26,177,"[0, 0, 0, 226, 0, 16, 0, 0]"
605.540865,Unknown Device,2,4,26,183,"[0, 0, 192, 162, 0, 0, 0, 0]"
605.541584,Unknown Device,5,4,12,179,"[24, 0, 16, 208, 255, 191, 128, 38]"
605.542269,Unknown Device,5,4,11,179,"[2, 0, 200, 201, 255, 191, 78, 38]"
605.542959,Unknown Device,21,4,20,180,"[3, 0, 0, 128, 0, 8, 128, 1]"
605.543649,Unknown Device,21,4,20,199,"[22, 0, 192, 0, 0, 16, 0, 0]"
605.544342,Unknown Device,21,4,20,200,"[100, 255, 124, 0, 120, 64, 0, 4]"
605.545031,Unknown Device,2,4,22,177,"[0, 0, 0, 98, 0, 16, 2, 0]"
605.545747,Unknown Device,8,5,1,96,"[0, 0, 0, 0, 0, 0, 0, 192]"
605.546495,Unknown Device,8,5,1,97,"[0, 0, 0, 64, 0, 0, 0, 0]"
605.547137,Unknown Device,2,4,7,177,"[0, 0, 0, 226, 0, 16, 15, 0]"
605.54782,Unknown Device,2,5,31,736,"[0, 0, 249, 6, 0, 24, 64, 0]"
605.548517,Unknown Device,8,5,1,99,"[0, 0, 0, 3, 0, 0, 1, 0]"
605.549195,Unknown Device,8,5,1,100,"[142, 6, 144, 128, 0, 28, 0, 0]"
605.549899,Unknown Device,2,4,3,177,"[0, 0, 0, 226, 0, 16, 227, 255]"
605.550582,Unknown Device,5,4,12,179,"[2, 0, 16, 208, 255, 191, 128, 38]"
605.551282,Unknown Device,2,5,32,736,"[0, 0, 254, 6, 0, 24, 64, 0]"
605.551964,Unknown Device,5,4,11,179,"[5, 0, 208, 201, 255, 127, 78, 38]"
605.552661,Unknown Device,21,4,20,180,"[4, 0, 0, 128, 0, 8, 128, 1]"
605.553353,Unknown Device,5,4,10,179,"[0, 0, 200, 239, 255, 191, 126, 39]"
605.554055,Unknown Device,2,4,22,177,"[0, 0, 0, 98, 0, 16, 255, 255]"
605.554738,Unknown Device,2,4,22,183,"[0, 0, 0, 147, 0, 0, 0, 0]"
605.555863,Unknown Device,2,4,7,177,"[0, 0, 0, 226, 0, 16, 1, 0]"
605.55612,Unknown Device,2,4,7,183,"[0, 0, 192, 26, 255, 255, 0, 0]"
605.556814,Unknown Device,2,5,31,736,"[0, 0, 248, 6, 0, 24, 64, 0]"
605.557497,Unknown Device,5,4,13,179,"[1, 0, 160, 207, 255, 191, 123, 38]"
605.558196,Unknown Device,2,4,8,177,"[0, 0, 0, 98, 0, 16, 247, 255]"
605.558879,Unknown Device,2,4,4,183,"[20, 0, 64, 39, 255, 255, 0, 0]"
605.559569,Unknown Device,2,5,30,736,"[0, 0, 250, 6, 0, 22, 64, 0]"
605.560254,Unknown Device,5,4,4,179,"[3, 0, 176, 220, 255, 191, 229, 38]"
605.560959,Unknown Device,2,4,26,183,"[0, 0, 192, 162, 0, 0, 0, 0]"
605.561636,Unknown Device,5,4,12,179,"[2, 0, 16, 208, 255, 191, 128, 38]"
605.562331,Unknown Device,5,4,11,179,"[2, 0, 200, 201, 255, 191, 78, 38]"
605.563023,Unknown Device,21,4,20,180,"[4, 0, 0, 128, 0, 8, 128, 1]"
605.563716,Unknown Device,21,4,20,195,"[241, 223, 6, 192, 1, 0, 0, 5]"
605.564397,Unknown Device,5,4,10,179,"[0, 0, 200, 239, 255, 127, 126, 39]"
605.565089,Unknown Device,2,4,22,177,"[0, 0, 0, 98, 0, 16, 255, 255]"
605.565771,Unknown Device,8,5,1,96,"[0, 0, 0, 0, 0, 0, 0, 192]"
605.566485,Unknown Device,8,5,1,97,"[0, 0, 0, 64, 0, 0, 0, 0]"
605.567158,Unknown Device,2,4,7,177,"[0, 0, 0, 226, 0, 16, 253, 255]"
605.567858,Unknown Device,2,5,31,736,"[0, 0, 249, 6, 0, 24, 64, 0]"
605.568537,Unknown Device,2,4,6,177,"[0, 0, 0, 98, 0, 16, 0, 0]"
605.569232,Unknown Device,8,5,1,100,"[142, 6, 144, 128, 0, 28, 0, 0]"
605.56991,Unknown Device,2,4,5,177,"[0, 0, 0, 98, 0, 16, 254, 255]"
605.570581,Unknown Device,5,4,12,179,"[2, 0, 16, 208, 255, 191, 128, 38]"
605.571262,Unknown Device,2,5,32,736,"[0, 0, 254, 6, 0, 24, 64, 0]"
605.571969,Unknown Device,5,4,11,179,"[2, 0, 200, 201, 255, 191, 78, 38]"
605.572661,Unknown Device,21,4,20,180,"[4, 0, 0, 128, 0, 8, 128, 1]"
605.573364,Unknown,Unknown,Unknown,Unknown,992,"[13, 122, 48, 111, 57, 92, 0, 0]"
605.57405,Unknown Device,5,4,10,179,"[0, 0, 200, 239, 255, 127, 126, 39]"
605.574742,Unknown Device,2,4,22,177,"[0, 0, 0, 98, 0, 16, 5, 0]"
605.575485,Unknown Device,2,4,22,183,"[0, 0, 0, 147, 0, 0, 0, 0]"
605.576123,Unknown,Unknown,Unknown,Unknown,992,"[92, 119, 212, 65, 209, 15, 0, 0]"
605.576808,Unknown Device,2,4,7,177,"[0, 0, 0, 226, 0, 16, 5, 0]"
605.577506,Unknown Device,2,4,7,183,"[0, 0, 192, 26, 255, 255, 0, 0]"
605.578184,Unknown Device,5,4,13,179,"[1, 0, 160, 207, 255, 191, 123, 38]"
605.578881,Unknown Device,2,4,4,183,"[8, 0, 32, 39, 255, 255, 0, 0]"
605.579571,Unknown Device,2,5,30,736,"[0, 0, 250, 6, 0, 22, 64, 0]"
605.580271,Unknown Device,5,4,4,179,"[252, 255, 175, 220, 255, 191, 229, 38]"
605.580946,Unknown Device,2,5,32,736,"[0, 0, 254, 6, 0, 24, 64, 0]"
605.581644,Unknown Device,5,4,12,179,"[2, 0, 16, 208, 255, 191, 128, 38]"
605.58233,Unknown Device,5,4,11,179,"[2, 0, 200, 201, 255, 127, 78, 38]"
605.583026,Unknown Device,21,4,20,180,"[3, 0, 0, 128, 0, 8, 128, 1]"
605.583709,Unknown Device,21,4,20,195,"[241, 223, 6, 192, 1, 0, 0, 5]"
605.584402,Unknown Device,5,4,10,179,"[0, 0, 200, 239, 255, 127, 126, 39]"
605.585091,Unknown Device,2,4,22,177,"[0, 0, 0, 98, 0, 16, 9, 0]"
605.585791,Unknown Device,8,5,1,96,"[0, 0, 0, 0, 0, 0, 0, 192]"
605.586481,Unknown Device,8,5,1,97,"[0, 0, 0, 64, 0, 0, 0, 0]"
605.587173,Unknown Device,2,4,7,177,"[0, 0, 0, 226, 0, 16, 16, 0]"
605.587856,Unknown Device,2,5,31,736,"[0, 0, 248, 6, 0, 24, 64, 0]"
605.588553,Unknown Device,2,4,4,177,"[0, 0, 0, 98, 0, 16, 12, 0]"
605.589238,Unknown Device,2,4,1,177,"[0, 0, 0, 98, 0, 16, 247, 255]"
605.589928,Unknown Device,2,4,3,177,"[0, 0, 0, 226, 0, 16, 210, 255]"
605.590611,Unknown Device,5,4,12,179,"[1, 0, 16, 208, 255, 191, 128, 38]"
605.591304,Unknown Device,2,5,32,736,"[0, 0, 254, 6, 0, 24, 64, 0]"
605.592,Unknown Device,5,4,11,179,"[1, 0, 200, 201, 255, 127, 78, 38]"
605.592697,Unknown Device,21,4,20,180,"[4, 0, 0, 128, 0, 8, 128, 1]"
605.593382,Unknown Device,5,4,10,179,"[0, 0, 200, 239, 255, 191, 126, 39]"
605.594076,Unknown Device,2,4,22,177,"[0, 0, 0, 98, 0, 16, 248, 255]"
605.594759,Unknown Device,2,4,22,183,"[0, 0, 0, 147, 0, 0, 0, 0]"
605.595776,Unknown,Unknown,Unknown,Unknown,992,"[178, 146, 115, 18, 111, 235, 0, 0]"
605.596141,Unknown Device,2,4,7,177,"[0, 0, 0, 226, 0, 16, 25, 0]"
605.596838,Unknown Device,2,4,7,183,"[0, 0, 192, 26, 255, 255, 0, 0]"
605.597514,Unknown Device,2,5,31,736,"[0, 0, 249, 6, 0, 24, 64, 0]"
605.598213,Unknown Device,5,4,13,179,"[1, 0, 160, 207, 255, 191, 123, 38]"
605.598903,Unknown Device,2,4,1,177,"[0, 0, 0, 98, 0, 16, 255, 255]"
605.5996,Unknown Device,2,4,6,183,"[0, 0, 32, 191, 255, 255, 0, 0]"
605.600279,Unknown Device,2,4,5,183,"[0, 0, 128, 82, 0, 0, 0, 0]"
605.60099,Unknown Device,2,5,32,736,"[0, 0, 254, 6, 0, 24, 64, 0]"
605.60168,Unknown Device,5,4,12,179,"[255, 255, 15, 208, 255, 191, 128, 38]"
605.60238,Unknown Device,5,4,11,179,"[1, 0, 200, 201, 255, 127, 78, 38]"
605.603062,Unknown Device,21,4,20,180,"[4, 0, 0, 128, 0, 8, 128, 1]"
605.603759,Unknown Device,21,4,20,195,"[241, 223, 6, 192, 1, 0, 0, 5]"
605.604471,Unknown Device,5,4,10,179,"[0, 0, 200, 239, 255, 127, 126, 39]"
605.605163,Unknown Device,2,4,22,177,"[0, 0, 0, 98, 0, 16, 249, 255]"
605.605854,Unknown Device,8,5,1,96,"[0, 0, 0, 0, 0, 0, 0, 192]"
605.606554,Unknown Device,8,5,1,97,"[0, 0, 0, 64, 0, 0, 0, 0]"
605.607235,Unknown Device,2,4,7,177,"[0, 0, 0, 226, 0, 16, 4, 0]"
605.607934,Unknown Device,2,5,31,737,"[0, 0, 0, 0, 0, 64, 0, 0]"
605.60862,Unknown Device,2,4,6,177,"[0, 0, 0, 98, 0, 16, 2, 0]"
605.609316,Unknown Device,2,4,1,177,"[0, 0, 0, 98, 0, 16, 11, 0]"
605.609993,Unknown Device,2,4,26,177,"[0, 0, 0, 226, 0, 16, 14, 0]"
605.610693,Unknown Device,2,5,32,736,"[0, 0, 255, 6, 0, 24, 64, 0]"
605.611389,Unknown,Unknown,Unknown,Unknown,992,"[101, 183, 86, 138, 71, 177, 0, 0]"
605.612087,Unknown Device,5,4,11,179,"[1, 0, 200, 201, 255, 127, 78, 38]"
605.612766,Unknown Device,21,4,20,180,"[4, 0, 0, 128, 0, 8, 128, 1]"
605.613467,Unknown Device,5,4,10,179,"[0, 0, 200, 239, 255, 191, 126, 39]"
605.614157,Unknown Device,2,4,22,177,"[0, 0, 0, 98, 0, 16, 248, 255]"
605.614864,Unknown Device,2,4,22,183,"[0, 0, 0, 147, 0, 0, 0, 0]"
605.61588,Unknown Device,2,4,7,177,"[0, 0, 0, 226, 0, 16, 252, 255]"
605.616261,Unknown Device,2,4,7,183,"[0, 0, 192, 26, 255, 255, 0, 0]"
605.616947,Unknown Device,2,5,31,736,"[0, 0, 249, 6, 0, 24, 64, 0]"
605.61764,Unknown Device,5,4,4,209,"[0, 0, 0, 0, 0, 0, 0, 0]"
605.618322,Unknown Device,5,4,13,179,"[1, 0, 152, 207, 255, 191, 123, 38]"
605.61902,Unknown Device,2,4,2,183,"[4, 0, 32, 64, 255, 255, 0, 0]"
605.619706,Unknown Device,2,5,30,736,"[0, 0, 249, 6, 0, 22, 64, 0]"
605.620462,Unknown Device,5,4,4,194,"[182, 192, 0, 0, 0, 0, 0, 0]"
605.621093,Unknown Device,2,5,32,736,"[0, 0, 254, 6, 0, 24, 64, 0]"
605.621793,Unknown Device,5,4,4,285,"[0, 0, 0, 0, 0, 0, 0, 0]"
605.622476,Unknown Device,5,4,11,179,"[1, 0, 200, 201, 255, 191, 78, 38]"
605.623176,Unknown Device,21,4,20,180,"[4, 0, 0, 128, 0, 8, 128, 1]"
605.623858,Unknown Device,21,4,20,195,"[241, 223, 6, 176, 1, 0, 0, 5]"
605.624556,Unknown,Unknown,Unknown,Unknown,992,"[76, 181, 53, 197, 120, 239, 0, 0]"
605.625248,Unknown Device,2,4,22,177,"[0, 0, 0, 98, 0, 16, 249, 255]"
605.625945,Unknown Device,8,5,1,96,"[0, 0, 0, 0, 0, 0, 0, 192]"
605.626628,Unknown Device,8,5,1,97,"[0, 0, 0, 64, 0, 0, 0, 0]"
605.627328,Unknown Device,2,4,7,177,"[0, 0, 0, 226, 0, 16, 255, 255]"
605.628017,Unknown Device,5,4,13,179,"[4, 0, 160, 207, 255, 191, 123, 38]"
605.628714,Unknown Device,2,4,6,177,"[0, 0, 0, 98, 0, 16, 8, 0]"
605.629462,Unknown Device,2,4,1,177,"[0, 0, 0, 98, 0, 16, 8, 0]"
605.630104,Unknown Device,2,4,26,177,"[0, 0, 0, 226, 0, 16, 8, 0]"
605.630787,Unknown Device,2,5,32,736,"[0, 0, 254, 6, 0, 24, 64, 0]"
605.63152,Unknown,Unknown,Unknown,Unknown,992,"[153, 143, 190, 47, 178, 181, 0, 0]"
605.632212,Unknown Device,5,4,11,179,"[51, 0, 208, 201, 255, 191, 78, 38]"
605.632902,Unknown Device,21,4,20,180,"[4, 0, 0, 128, 0, 8, 128, 1]"
605.633587,Unknown Device,5,4,10,179,"[210, 255, 207, 239, 255, 127, 126, 39]"
605.634287,Unknown Device,2,4,22,177,"[0, 0, 0, 98, 0, 16, 255, 255]"
605.634969,Unknown Device,2,4,22,183,"[0, 0, 0, 147, 0, 0, 0, 0]"
605.635844,Unknown Device,2,4,7,177,"[0, 0, 0, 226, 0, 16, 2, 0]"
605.636354,Unknown Device,2,4,7,183,"[0, 0, 192, 26, 255, 255, 0, 0]"
605.63705,Unknown Device,2,5,31,736,"[0, 0, 248, 6, 0, 24, 64, 0]"
605.637741,Unknown Device,5,4,13,179,"[4, 0, 160, 207, 255, 191, 123, 38]"
605.638459,Unknown Device,2,4,4,177,"[0, 0, 0, 98, 0, 16, 17, 0]"
605.63913,Unknown Device,2,4,1,177,"[0, 0, 0, 98, 0, 16, 244, 255]"
605.63982,Unknown Device,2,4,3,177,"[0, 0, 0, 226, 0, 16, 215, 255]"
605.640503,Unknown Device,2,4,3,183,"[0, 0, 192, 245, 255, 255, 0, 0]"
605.641203,Unknown Device,5,4,12,179,"[1, 0, 8, 208, 255, 127, 128, 38]"
605.641893,Unknown Device,5,4,13,285,"[0, 0, 0, 0, 24, 0, 0, 0]"
605.64259,Unknown Device,5,4,12,285,"[0, 0, 0, 0, 24, 0, 0, 0]"
605.643283,Unknown Device,21,4,20,180,"[4, 0, 0, 128, 0, 8, 128, 1]"
605.643979,Unknown Device,21,4,20,199,"[239, 255, 95, 2, 0, 253, 255, 15]"
605.644662,Unknown Device,21,4,20,200,"[116, 255, 88, 0, 212, 63, 0, 4]"
605.645362,Unknown,Unknown,Unknown,Unknown,992,"[70, 230, 189, 110, 242, 79, 0, 0]"
605.646044,Unknown Device,5,4,10,431,"[0, 0, 0, 1, 1, 26, 19, 0]"
605.646741,Unknown Device,8,5,1,97,"[0, 0, 0, 64, 0, 0, 0, 0]"
605.647453,Unknown Device,2,4,7,177,"[0, 0, 0, 226, 0, 16, 6, 0]"
605.648124,Unknown Device,2,4,8,177,"[0, 0, 0, 98, 0, 16, 241, 255]"
605.648828,Unknown Device,2,4,2,177,"[0, 0, 0, 98, 0, 16, 231, 255]"
605.649532,Unknown Device,2,5,30,736,"[0, 0, 250, 6, 0, 22, 64, 0]"
605.65021,Unknown Device,5,4,4,179,"[2, 0, 176, 220, 255, 255, 229, 38]"
605.650915,Unknown Device,2,5,32,736,"[0, 0, 254, 6, 0, 24, 64, 0]"
605.651607,Unknown Device,5,4,11,179,"[1, 0, 200, 201, 255, 127, 78, 38]"
605.652305,Unknown Device,21,4,20,180,"[4, 0, 0, 128, 0, 8, 128, 1]"
605.652987,Unknown,Unknown,Unknown,Unknown,992,"[125, 149, 84, 56, 199, 182, 0, 0]"
605.653688,Unknown Device,5,4,10,179,"[3, 0, 200, 239, 255, 127, 126, 39]"
605.654451,Unknown Device,2,4,22,177,"[0, 0, 0, 98, 0, 16, 5, 0]"
605.655082,Unknown Device,2,4,22,183,"[0, 0, 0, 147, 0, 0, 0, 0]"
605.655818,Unknown Device,2,4,7,177,"[0, 0, 0, 226, 0, 16, 2, 0]"
605.656458,Unknown Device,2,4,7,183,"[0, 0, 192, 26, 255, 255, 0, 0]"
605.657145,Unknown Device,2,5,31,736,"[0, 0, 248, 6, 0, 24, 64, 0]"
605.657845,Unknown Device,5,4,13,179,"[1, 0, 160, 207, 255, 191, 123, 38]"
605.658538,Unknown Device,2,4,6,177,"[0, 0, 0, 98, 0, 16, 251, 255]"
605.65924,Unknown Device,2,4,2,183,"[4, 0, 32, 64, 255, 255, 0, 0]"
605.659925,Unknown Device,2,4,3,177,"[0, 0, 0, 226, 0, 16, 195, 255]"
605.660589,Unknown Device,2,4,5,183,"[0, 0, 128, 82, 0, 0, 0, 0]"
605.661278,Unknown Device,5,4,12,179,"[1, 0, 8, 208, 255, 191, 128, 38]"
605.661977,Unknown Device,5,4,11,179,"[1, 0, 200, 201, 255, 127, 78, 38]"
605.662662,Unknown,Unknown,Unknown,Unknown,992,"[229, 54, 237, 159, 75, 80, 0, 0]"
605.663358,Unknown Device,21,4,20,195,"[241, 223, 6, 176, 1, 0, 0, 5]"
605.664043,Unknown Device,5,4,10,179,"[3, 0, 200, 239, 255, 127, 126, 39]"
605.664742,Unknown Device,2,4,22,177,"[0, 0, 0, 98, 0, 16, 246, 255]"
605.665445,Unknown Device,8,5,1,96,"[0, 0, 0, 0, 0, 0, 0, 192]"
605.666126,Unknown Device,8,5,1,97,"[0, 0, 0, 64, 0, 0, 0, 0]"
605.666812,Unknown Device,2,4,7,177,"[0, 0, 0, 226, 0, 16, 14, 0]"
605.667509,Unknown Device,8,5,1,98,"[0, 4, 32, 0, 0, 0, 0, 0]"
605.668194,Unknown Device,5,4,13,179,"[1, 0, 160, 207, 255, 191, 123, 38]"
605.668892,Unknown Device,2,4,6,177,"[0, 0, 0, 98, 0, 16, 10, 0]"
605.669574,Unknown Device,2,5,30,736,"[0, 0, 250, 6, 0, 22, 64, 0]"
605.670282,Unknown Device,5,4,4,179,"[248, 255, 175, 220, 255, 191, 229, 38]"
605.670964,Unknown Device,2,5,32,736,"[0, 0, 253, 6, 0, 24, 64, 0]"
605.671661,Unknown Device,5,4,11,179,"[1, 0, 200, 201, 255, 127, 78, 38]"
605.672341,Unknown Device,21,4,20,180,"[4, 0, 0, 128, 0, 8, 128, 1]"
605.673236,Unknown Device,5,4,10,179,"[3, 0, 200, 239, 255, 191, 126, 39]"
605.673725,Unknown Device,2,4,22,177,"[0, 0, 0, 98, 0, 16, 247, 255]"
605.674444,Unknown Device,2,4,22,183,"[0, 0, 0, 147, 0, 0, 0, 0]"
605.675801,Unknown Device,2,4,7,177,"[0, 0, 0, 226, 0, 16, 23, 0]"
605.675973,Unknown Device,2,4,7,183,"[0, 0, 192, 26, 255, 255, 0, 0]"
605.676484,Unknown Device,2,5,31,736,"[0, 0, 248, 6, 0, 24, 64, 0]"
605.67719,Unknown Device,5,4,13,179,"[1, 0, 160, 207, 255, 191, 123, 38]"
605.677881,Unknown Device,2,4,8,177,"[0, 0, 0, 98, 0, 16, 249, 255]"
605.678578,Unknown Device,2,4,6,177,"[0, 0, 0, 98, 0, 16, 239, 255]"
605.679256,Unknown Device,2,4,6,183,"[12, 0, 32, 191, 255, 255, 0, 0]"
605.679953,Unknown Device,2,4,5,177,"[0, 0, 0, 98, 0, 16, 253, 255]"
605.680643,Unknown Device,2,4,5,183,"[0, 0, 128, 82, 0, 0, 0, 0]"
605.681343,Unknown Device,5,4,12,179,"[1, 0, 16, 208, 255, 191, 128, 38]"
605.682025,Unknown Device,5,4,11,179,"[1, 0, 200, 201, 255, 127, 78, 38]"
605.682722,Unknown Device,21,4,20,180,"[4, 0, 0, 128, 0, 8, 128, 1]"
605.683434,Unknown Device,21,4,20,195,"[241, 223, 6, 176, 1, 0, 0, 5]"
605.684105,Unknown Device,5,4,10,179,"[3, 0, 200, 239, 255, 63, 126, 39]"
605.684795,Unknown Device,2,4,22,177,"[0, 0, 0, 98, 0, 16, 1, 0]"
605.685493,Unknown Device,8,5,1,96,"[0, 0, 0, 0, 0, 0, 0, 192]"
605.686185,Unknown Device,8,5,1,97,"[0, 0, 0, 64, 0, 0, 0, 0]"
605.686875,Unknown Device,2,4,7,177,"[0, 0, 0, 226, 0, 16, 25, 0]"
605.687558,Unknown Device,8,5,1,98,"[0, 4, 32, 0, 0, 0, 0, 0]"
605.688258,Unknown Device,2,4,8,177,"[0, 0, 0, 98, 0, 16, 254, 255]"
605.688941,Unknown Device,2,4,1,177,"[0, 0, 0, 98, 0, 16, 254, 255]"
605.689645,Unknown Device,2,4,3,177,"[0, 0, 0, 226, 0, 16, 213, 255]"
605.690331,Unknown Device,5,4,4,179,"[5, 0, 192, 220, 255, 127, 229, 38]"
605.691049,Unknown Device,2,5,32,736,"[0, 0, 254, 6, 0, 24, 64, 0]"
605.691732,Unknown,Unknown,Unknown,Unknown,992,"[222, 80, 209, 132, 105, 61, 0, 0]"
605.692436,Unknown,Unknown,Unknown,Unknown,992,"[102, 218, 167, 163, 55, 196, 0, 0]"
605.693128,Unknown Device,21,4,20,180,"[4, 0, 0, 128, 0, 8, 128, 1]"
605.693823,Unknown Device,5,4,10,179,"[241, 255, 199, 239, 255, 127, 126, 39]"
605.694513,Unknown Device,2,4,22,431,"[0, 0, 0, 0, 1, 26, 19, 0]"
605.695213,Unknown Device,2,4,22,285,"[0, 0, 0, 0, 0, 0, 128, 0]"
605.695896,Unknown Device,2,4,22,177,"[0, 0, 0, 98, 0, 16, 10, 0]"
605.696588,Unknown Device,2,4,22,183,"[0, 0, 0, 147, 0, 0, 0, 0]"
605.697276,Unknown Device,2,4,22,185,"[0, 0, 0, 0, 0, 0, 0, 128]"
605.702297,Unknown Device,2,4,22,187,"[0, 0, 4, 0, 0, 0, 0, 0]"
605.703052,Unknown Device,2,4,6,177,"[0, 0, 0, 98, 0, 16, 6, 0]"
605.703752,Unknown Device,21,4,20,195,"[241, 223, 6, 176, 1, 0, 0, 5]"
605.704437,Unknown Device,5,4,10,179,"[6, 0, 208, 239, 255, 127, 126, 39]"
605.705324,Unknown Device,2,4,22,177,"[0, 0, 0, 98, 0, 16, 5, 0]"
605.705959,Unknown Device,8,5,1,96,"[0, 0, 0, 0, 0, 0, 0, 192]"
605.706652,Unknown Device,8,5,1,97,"[0, 0, 0, 64, 0, 0, 0, 0]"
605.70734,Unknown Device,2,4,7,177,"[0, 0, 0, 226, 0, 16, 14, 0]"
605.708032,Unknown Device,2,4,8,177,"[0, 0, 0, 98, 0, 16, 241, 255]"
605.708717,Unknown Device,2,4,2,177,"[0, 0, 0, 98, 0, 16, 7, 0]"
605.709424,Unknown Device,8,5,1,100,"[142, 6, 144, 128, 0, 28, 0, 0]"
605.710098,Unknown Device,2,4,26,177,"[0, 0, 0, 226, 0, 16, 17, 0]"
605.710804,Unknown Device,5,4,12,179,"[4, 0, 16, 208, 255, 191, 128, 38]"
605.711483,Unknown Device,2,5,32,736,"[0, 0, 254, 6, 0, 24, 64, 0]"
605.712183,Unknown Device,5,4,11,179,"[1, 0, 200, 201, 255, 127, 78, 38]"
605.712859,Unknown Device,21,4,20,180,"[4, 0, 0, 128, 0, 8, 128, 1]"
605.713564,Unknown Device,5,4,10,179,"[24, 0, 200, 239, 255, 191, 126, 39]"
605.714249,Unknown Device,2,4,22,177,"[0, 0, 0, 98, 0, 16, 0, 0]"
605.714946,Unknown Device,2,4,22,183,"[0, 0, 0, 147, 0, 0, 0, 0]"
605.715842,Unknown Device,2,4,7,431,"[0, 0, 0, 0, 1, 26, 19, 0]"
605.716323,Unknown Device,2,4,7,285,"[0, 0, 0, 0, 0, 3, 128, 0]"
605.717005,Unknown Device,2,5,31,736,"[0, 0, 248, 6, 0, 24, 64, 0]"
605.717702,Unknown Device,2,4,8,431,"[0, 0, 0, 0, 1, 26, 19, 0]"
605.718421,Unknown Device,2,4,8,285,"[128, 0, 0, 0, 128, 11, 192, 0]"
605.719091,Unknown Device,2,4,2,285,"[128, 0, 0, 0, 128, 11, 192, 0]"
605.719774,Unknown Device,2,4,2,177,"[0, 0, 0, 98, 0, 16, 254, 255]"
605.720486,Unknown Device,2,4,2,182,"[0, 0, 192, 116, 0, 0, 0, 0]"
605.721063,Unknown Device,2,4,2,184,"[0, 0, 0, 0, 0, 0, 0, 128]"
605.721695,Unknown Device,2,4,2,186,"[8, 0, 0, 0, 0, 0, 0, 0]"
605.722421,Unknown Device,2,4,8,187,"[0, 0, 4, 0, 0, 0, 0, 0]"
605.723063,Unknown Device,2,4,1,285,"[0, 0, 0, 0, 0, 3, 128, 0]"
605.723753,Unknown Device,2,4,4,177,"[0, 0, 0, 98, 0, 16, 30, 0]"
605.724458,Unknown Device,2,4,6,285,"[128, 0, 0, 0, 128, 11, 192, 0]"
605.725143,Unknown Device,2,4,22,177,"[0, 0, 0, 98, 0, 16, 245, 255]"
605.725833,Unknown Device,2,4,5,177,"[0, 0, 0, 98, 0, 16, 247, 255]"
605.726516,Unknown Device,2,4,6,193,"[0, 243, 199, 46, 0, 0, 0, 0]"
605.727215,Unknown Device,2,4,3,184,"[0, 0, 0, 0, 0, 0, 0, 128]"
605.727905,Unknown Device,2,4,6,182,"[0, 0, 192, 61, 0, 0, 0, 0]"
605.728602,Unknown Device,2,4,3,185,"[0, 0, 0, 0, 0, 0, 0, 128]"
605.729244,Unknown Device,2,4,6,185,"[0, 0, 0, 0, 0, 0, 0, 128]"
605.729941,Unknown Device,2,4,6,186,"[8, 0, 0, 0, 0, 0, 0, 0]"
605.730624,Unknown Device,2,4,3,177,"[0, 0, 0, 226, 0, 16, 210, 255]"
605.731325,Unknown Device,2,4,6,177,"[0, 0, 0, 98, 0, 16, 5, 0]"
605.732007,Unknown Device,2,4,26,193,"[104, 198, 41, 41, 0, 0, 0, 0]"
605.732704,Unknown Device,2,4,26,177,"[0, 0, 0, 226, 0, 16, 5, 0]"
605.733415,Unknown Device,5,4,4,179,"[254, 255, 175, 220, 255, 191, 229, 38]"
605.734086,Unknown Device,5,4,11,179,"[13, 0, 208, 201, 255, 191, 78, 38]"
605.734776,Unknown Device,2,4,26,182,"[0, 0, 192, 162, 0, 0, 0, 0]"
605.735473,Unknown Device,5,4,10,179,"[52, 0, 200, 239, 255, 191, 126, 39]"
605.736158,Unknown Device,8,5,1,100,"[142, 6, 144, 128, 0, 28, 0, 0]"
605.736848,Unknown Device,2,4,26,186,"[12, 0, 0, 0, 0, 0, 0, 0]"
605.737509,Unknown Device,2,4,7,183,"[0, 0, 192, 26, 255, 255, 0, 0]"
605.738209,Unknown Device,5,4,13,179,"[1, 0, 160, 207, 255, 191, 123, 38]"
605.738849,Unknown Device,2,4,4,183,"[52, 0, 64, 39, 255, 255, 0, 0]"
605.739546,Unknown Device,2,5,30,736,"[0, 0, 250, 6, 0, 22, 64, 0]"
605.740231,Unknown Device,5,4,4,179,"[6, 0, 184, 220, 255, 255, 229, 38]"
605.740921,Unknown Device,2,5,32,736,"[0, 0, 254, 6, 0, 24, 64, 0]"
605.741605,Unknown Device,5,4,12,179,"[1, 0, 8, 208, 255, 191, 128, 38]"
605.742301,Unknown Device,5,4,11,179,"[1, 0, 200, 201, 255, 191, 78, 38]"
605.742986,Unknown Device,21,4,20,431,"[0, 0, 0, 0, 1, 26, 19, 0]"
605.743678,Unknown Device,21,4,20,196,"[36, 255, 217, 0, 33, 127, 0, 0]"
605.744406,Unknown Device,21,4,20,203,"[0, 0, 0, 0, 1, 0, 0, 0]"
605.74508,Unknown Device,2,4,22,177,"[0, 0, 0, 98, 0, 16, 5, 0]"
605.745766,Unknown Device,21,4,20,206,"[200, 255, 95, 0, 108, 2, 0, 0]"
605.746472,Unknown Device,8,5,1,96,"[0, 0, 0, 0, 0, 0, 0, 192]"
605.747174,Unknown Device,2,4,7,177,"[0, 0, 0, 226, 0, 16, 255, 255]"
605.747874,Unknown Device,2,5,31,737,"[0, 0, 0, 0, 0, 64, 0, 0]"
605.748553,Unknown Device,8,5,1,99,"[0, 0, 0, 3, 0, 0, 2, 0]"
605.749247,Unknown Device,2,4,1,177,"[0, 0, 0, 98, 0, 16, 9, 0]"
605.749933,Unknown Device,2,4,26,177,"[0, 0, 0, 226, 0, 16, 249, 255]"
605.750597,Unknown Device,2,5,32,736,"[0, 0, 254, 6, 0, 24, 64, 0]"
605.751279,Unknown Device,5,4,11,179,"[1, 0, 200, 201, 255, 191, 78, 38]"
605.751986,Unknown Device,21,4,20,180,"[4, 0, 0, 128, 0, 8, 128, 1]"
605.753256,Unknown Device,5,4,10,179,"[210, 255, 199, 239, 255, 63, 126, 39]"
605.753506,Unknown Device,2,4,22,177,"[0, 0, 0, 98, 0, 16, 8, 0]"
605.754057,Unknown Device,2,4,22,183,"[0, 0, 0, 147, 0, 0, 0, 0]"
605.755861,Unknown Device,2,4,7,177,"[0, 0, 0, 226, 0, 16, 20, 0]"
605.756031,Unknown Device,2,4,7,183,"[0, 0, 192, 26, 255, 255, 0, 0]"
605.75624,Unknown Device,2,5,31,736,"[0, 0, 248, 6, 0, 24, 64, 0]"
605.756811,Unknown Device,5,4,13,179,"[0, 0, 160, 207, 255, 191, 123, 38]"
605.757516,Unknown Device,2,4,8,177,"[0, 0, 0, 98, 0, 16, 240, 255]"
605.758194,Unknown Device,2,4,4,177,"[0, 0, 0, 98, 0, 16, 17, 0]"
605.758891,Unknown Device,2,4,4,183,"[4, 0, 32, 39, 255, 255, 0, 0]"
605.759574,Unknown Device,2,5,30,736,"[0, 0, 250, 6, 0, 22, 64, 0]"
605.760274,Unknown Device,5,4,4,179,"[247, 255, 167, 220, 255, 127, 229, 38]"
605.760964,Unknown Device,2,5,32,736,"[0, 0, 254, 6, 0, 24, 64, 0]"
605.761654,Unknown,Unknown,Unknown,Unknown,992,"[141, 37, 111, 157, 110, 93, 0, 0]"
605.762401,Unknown Device,5,4,11,179,"[1, 0, 200, 201, 255, 127, 78, 38]"
605.763043,Unknown Device,21,4,20,180,"[4, 0, 0, 128, 0, 8, 128, 1]"
605.763726,Unknown Device,21,4,20,195,"[241, 223, 6, 176, 1, 0, 0, 5]"
605.764423,Unknown Device,5,4,10,179,"[18, 0, 200, 239, 255, 191, 126, 39]"
605.765108,Unknown Device,2,4,22,177,"[0, 0, 0, 98, 0, 16, 14, 0]"
605.765799,Unknown Device,8,5,1,96,"[0, 0, 0, 0, 0, 0, 0, 192]"
605.766496,Unknown Device,8,5,1,97,"[0, 0, 0, 64, 0, 0, 0, 0]"
605.767203,Unknown Device,2,4,7,177,"[0, 0, 0, 226, 0, 16, 21, 0]"
605.767885,Unknown Device,2,5,31,737,"[0, 0, 0, 0, 0, 64, 0, 0]"
605.768583,Unknown Device,8,5,1,99,"[0, 0, 0, 3, 0, 0, 2, 0]"
605.769268,Unknown Device,2,4,1,177,"[0, 0, 0, 98, 0, 16, 8, 0]"
605.769965,Unknown Device,2,4,26,177,"[0, 0, 0, 226, 0, 16, 21, 0]"
605.770662,Unknown Device,5,4,12,179,"[1, 0, 16, 208, 255, 191, 128, 38]"
605.771395,Unknown Device,2,5,32,736,"[0, 0, 254, 6, 0, 24, 64, 0]"
605.772044,Unknown Device,5,4,11,179,"[1, 0, 200, 201, 255, 127, 78, 38]"
605.772741,Unknown Device,21,4,20,180,"[5, 0, 0, 128, 0, 8, 128, 1]"
605.773418,Unknown Device,5,4,10,179,"[2, 0, 200, 239, 255, 191, 126, 39]"
605.774119,Unknown Device,2,4,22,177,"[0, 0, 0, 98, 0, 16, 9, 0]"
605.774802,Unknown Device,2,4,22,183,"[0, 0, 0, 147, 0, 0, 0, 0]"
605.775839,Unknown Device,2,4,7,177,"[0, 0, 0, 226, 0, 16, 20, 0]"
605.776161,Unknown Device,2,4,7,183,"[0, 0, 192, 26, 255, 255, 0, 0]"
605.77686,Unknown Device,2,5,31,736,"[0, 0, 248, 6, 0, 24, 64, 0]"
605.777542,Unknown Device,2,4,8,177,"[0, 0, 0, 98, 0, 16, 246, 255]"
605.778256,Unknown Device,5,4,13,179,"[0, 0, 160, 207, 255, 191, 123, 38]"
605.778939,Unknown Device,2,4,6,183,"[8, 0, 32, 191, 255, 255, 0, 0]"
605.779636,Unknown Device,2,4,1,183,"[232, 0, 0, 189, 255, 255, 6, 0]"
605.780391,Unknown Device,5,4,4,179,"[255, 255, 175, 220, 255, 255, 228, 38]"
605.781047,Unknown Device,2,5,32,737,"[0, 0, 0, 0, 0, 64, 0, 0]"
605.78173,Unknown Device,5,4,12,179,"[4, 0, 16, 208, 255, 191, 128, 38]"
605.782434,Unknown Device,5,4,11,179,"[1, 0, 200, 201, 255, 191, 78, 38]"
605.78312,Unknown Device,21,4,20,180,"[5, 0, 0, 128, 0, 8, 128, 1]"
605.783817,Unknown Device,21,4,20,195,"[241, 223, 6, 176, 1, 0, 0, 5]"
605.784514,Unknown Device,5,4,10,179,"[5, 0, 200, 239, 255, 63, 126, 39]"
605.785214,Unknown Device,2,4,22,177,"[0, 0, 0, 98, 0, 16, 252, 255]"
605.785911,Unknown Device,8,5,1,96,"[0, 0, 0, 0, 0, 0, 0, 192]"
605.786603,Unknown Device,8,5,1,97,"[0, 0, 0, 64, 0, 0, 0, 0]"
605.787306,Unknown Device,2,4,7,177,"[0, 0, 0, 226, 0, 16, 10, 0]"
605.788012,Unknown Device,5,4,13,179,"[3, 0, 152, 207, 255, 191, 123, 38]"
605.78869,Unknown Device,2,4,2,177,"[0, 0, 0, 98, 0, 16, 8, 0]"
605.789383,Unknown Device,8,5,1,100,"[142, 6, 144, 128, 0, 28, 0, 0]"
605.79007,Unknown Device,2,5,30,737,"[0, 0, 0, 0, 0, 64, 0, 0]"
605.790721,Unknown Device,2,5,32,736,"[0, 0, 254, 6, 0, 24, 64, 0]"
605.791385,Unknown,Unknown,Unknown,Unknown,992,"[23, 113, 36, 49, 217, 219, 0, 0]"
605.791939,Unknown Device,5,4,11,179,"[0, 0, 200, 201, 255, 127, 78, 38]"
605.792561,Unknown Device,21,4,20,180,"[5, 0, 0, 128, 0, 8, 128, 1]"
605.793206,Unknown Device,5,4,10,179,"[2, 0, 200, 239, 255, 63, 126, 39]"
605.793813,Unknown Device,2,4,22,177,"[0, 0, 0, 98, 0, 16, 5, 0]"
605.794414,Unknown Device,2,4,22,183,"[0, 0, 0, 147, 0, 0, 0, 0]"
605.795796,Unknown Device,2,4,7,177,"[0, 0, 0, 226, 0, 16, 5, 0]"
605.795966,Unknown Device,2,4,7,183,"[0, 0, 192, 26, 255, 255, 0, 0]"
605.796249,Unknown Device,2,5,31,736,"[0, 0, 248, 6, 0, 24, 64, 0]"
605.796813,Unknown Device,2,4,8,177,"[0, 0, 0, 98, 0, 16, 245, 255]"
605.797379,Unknown Device,5,4,13,179,"[3, 0, 152, 207, 255, 191, 123, 38]"
605.797975,Unknown Device,2,4,4,177,"[0, 0, 0, 98, 0, 16, 18, 0]"
605.798554,Unknown Device,2,4,1,177,"[0, 0, 0, 98, 0, 16, 14, 0]"
605.799193,Unknown Device,2,4,8,183,"[12, 0, 96, 62, 255, 255, 0, 0]"
605.799801,Unknown Device,2,4,3,177,"[0, 0, 0, 226, 0, 16, 222, 255]"
605.800394,Unknown Device,5,4,12,179,"[4, 0, 16, 208, 255, 127, 128, 38]"
605.80104,Unknown Device,2,5,32,737,"[0, 0, 0, 0, 0, 64, 0, 0]"
605.801676,Unknown,Unknown,Unknown,Unknown,992,"[36, 182, 56, 63, 247, 96, 0, 0]"
605.80229,Unknown Device,5,4,11,179,"[0, 0, 200, 201, 255, 127, 78, 38]"
605.802922,Unknown Device,21,4,20,180,"[5, 0, 0, 128, 0, 8, 128, 1]"
605.803562,Unknown Device,21,4,20,195,"[241, 223, 6, 176, 1, 4, 0, 5]"
605.804168,Unknown Device,5,4,10,179,"[2, 0, 200, 239, 255, 191, 126, 39]"
605.804786,Unknown Device,2,4,22,177,"[0, 0, 0, 98, 0, 16, 4, 0]"
605.805397,Unknown Device,8,5,1,96,"[0, 0, 0, 0, 0, 0, 0, 192]"
605.806003,Unknown Device,8,5,1,97,"[0, 0, 0, 64, 0, 0, 0, 0]"
605.806592,Unknown Device,2,4,7,177,"[0, 0, 0, 226, 0, 16, 253, 255]"
605.807176,Unknown Device,8,5,1,98,"[0, 8, 32, 0, 0, 0, 0, 0]"
605.80778,Unknown Device,5,4,13,179,"[3, 0, 160, 207, 255, 191, 123, 38]"
605.808391,Unknown Device,2,4,6,177,"[0, 0, 0, 98, 0, 16, 10, 0]"
605.809004,Unknown Device,2,4,1,177,"[0, 0, 0, 98, 0, 16, 4, 0]"
605.809608,Unknown Device,2,4,5,177,"[0, 0, 0, 98, 0, 16, 14, 0]"
605.810229,Unknown Device,5,4,4,179,"[10, 0, 192, 220, 255, 191, 229, 38]"
605.810832,Unknown Device,2,5,32,736,"[0, 0, 253, 6, 0, 24, 64, 0]"
605.811408,Unknown Device,5,4,11,179,"[0, 0, 200, 201, 255, 127, 78, 38]"
605.812005,Unknown Device,21,4,20,180,"[5, 0, 0, 128, 0, 8, 128, 1]"
605.81332,Unknown Device,5,4,10,179,"[2, 0, 200, 239, 255, 127, 126, 39]"
605.813515,Unknown Device,2,4,22,177,"[0, 0, 0, 98, 0, 16, 255, 255]"
605.814002,Unknown Device,2,4,22,183,"[0, 0, 0, 147, 0, 0, 0, 0]"
605.815762,Unknown Device,2,4,7,177,"[0, 0, 0, 226, 0, 16, 10, 0]"
605.815934,Unknown Device,2,4,7,183,"[0, 0, 192, 26, 255, 255, 0, 0]"
605.816229,Unknown Device,2,5,31,736,"[0, 0, 248, 6, 0, 24, 64, 0]"
605.816702,Unknown Device,2,4,8,177,"[0, 0, 0, 98, 0, 16, 7, 0]"
605.817392,Unknown Device,5,4,13,179,"[3, 0, 160, 207, 255, 191, 123, 38]"
605.818006,Unknown Device,2,4,8,183,"[12, 0, 128, 62, 255, 255, 0, 0]"
605.818696,Unknown Device,2,4,1,177,"[0, 0, 0, 98, 0, 16, 2, 0]"
605.8194,Unknown Device,2,4,6,183,"[8, 0, 32, 191, 255, 255, 0, 0]"
605.820035,Unknown Device,5,4,4,179,"[8, 0, 176, 220, 255, 191, 229, 38]"
605.820725,Unknown Device,2,5,32,736,"[0, 0, 254, 6, 0, 24, 64, 0]"
605.821415,Unknown Device,5,4,12,179,"[0, 0, 8, 208, 255, 191, 128, 38]"
605.822049,Unknown,Unknown,Unknown,Unknown,992,"[161, 88, 239, 86, 83, 222, 0, 0]"
605.822732,Unknown Device,5,4,11,179,"[0, 0, 200, 201, 255, 127, 78, 38]"
605.823429,Unknown Device,21,4,20,195,"[241, 223, 6, 176, 1, 4, 0, 5]"
605.824043,Unknown,Unknown,Unknown,Unknown,992,"[176, 147, 48, 165, 215, 211, 0, 0]"
605.824733,Unknown Device,5,4,10,179,"[2, 0, 200, 239, 255, 191, 126, 39]"
605.825415,Unknown Device,2,4,22,177,"[0, 0, 0, 98, 0, 16, 255, 255]"
605.826036,Unknown Device,8,5,1,96,"[0, 0, 0, 0, 0, 0, 0, 192]"
605.826719,Unknown Device,8,5,1,97,"[0, 0, 0, 64, 0, 0, 0, 0]"
605.827409,Unknown Device,2,4,7,177,"[0, 0, 0, 226, 0, 16, 3, 0]"
605.828022,Unknown Device,5,4,13,179,"[3, 0, 160, 207, 255, 191, 123, 38]"
605.828712,Unknown Device,2,4,1,177,"[0, 0, 0, 98, 0, 16, 11, 0]"
605.829402,Unknown Device,8,5,1,100,"[142, 6, 144, 128, 0, 28, 0, 0]"
605.830022,Unknown Device,2,4,26,177,"[0, 0, 0, 226, 0, 16, 40, 0]"
605.830712,Unknown Device,2,5,32,736,"[0, 0, 254, 6, 0, 24, 64, 0]"
605.831401,Unknown Device,5,4,11,179,"[0, 0, 200, 201, 255, 127, 78, 38]"
605.832023,Unknown Device,21,4,20,180,"[6, 0, 0, 128, 0, 8, 128, 1]"
605.833166,Unknown Device,5,4,10,179,"[2, 0, 200, 239, 255, 127, 126, 39]"
605.833396,Unknown,Unknown,Unknown,Unknown,992,"[124, 202, 98, 154, 213, 199, 0, 0]"
605.834007,Unknown Device,2,4,22,177,"[0, 0, 0, 98, 0, 16, 255, 255]"
605.834692,Unknown Device,2,4,22,183,"[0, 0, 0, 147, 0, 0, 0, 0]"
605.835772,Unknown Device,2,4,7,177,"[0, 0, 0, 226, 0, 16, 18, 0]"
605.835998,Unknown Device,2,4,7,183,"[0, 0, 192, 26, 255, 255, 0, 0]"
605.836681,Unknown Device,2,5,31,736,"[0, 0, 248, 6, 0, 24, 64, 0]"
605.837374,Unknown Device,2,4,8,177,"[0, 0, 0, 98, 0, 16, 237, 255]"
605.838012,Unknown Device,5,4,13,179,"[3, 0, 160, 207, 255, 191, 123, 38]"
605.838627,Unknown Device,2,4,2,177,"[0, 0, 0, 98, 0, 16, 254, 255]"
605.839355,Unknown Device,2,4,8,183,"[12, 0, 128, 62, 255, 255, 0, 0]"
605.839951,Unknown Device,2,4,26,177,"[0, 0, 0, 226, 0, 16, 27, 0]"
605.840651,Unknown Device,2,5,32,736,"[0, 0, 254, 6, 0, 24, 64, 0]"
605.841358,Unknown Device,5,4,12,179,"[0, 0, 8, 208, 255, 191, 128, 38]"
605.841975,Unknown Device,5,4,11,179,"[0, 0, 200, 201, 255, 127, 78, 38]"
605.84266,Unknown Device,21,4,20,180,"[5, 0, 0, 128, 0, 8, 128, 1]"
605.84336,Unknown Device,21,4,20,196,"[37, 255, 217, 0, 33, 127, 0, 0]"
605.843977,Unknown Device,21,4,20,200,"[4, 255, 72, 255, 168, 64, 0, 4]"
605.844663,Unknown Device,5,4,10,179,"[2, 0, 200, 239, 255, 191, 126, 39]"
605.845356,Unknown Device,2,4,22,177,"[0, 0, 0, 98, 0, 16, 253, 255]"
605.845966,Unknown Device,8,5,1,96,"[0, 0, 0, 0, 0, 0, 0, 192]"
605.846651,Unknown Device,8,5,1,97,"[0, 0, 0, 64, 0, 0, 0, 0]"
605.847356,Unknown Device,2,4,7,177,"[0, 0, 0, 226, 0, 16, 254, 255]"
605.847969,Unknown Device,5,4,13,179,"[3, 0, 160, 207, 255, 191, 123, 38]"
605.848652,Unknown Device,2,4,2,177,"[0, 0, 0, 98, 0, 16, 224, 255]"
605.849356,Unknown Device,2,4,1,177,"[0, 0, 0, 98, 0, 16, 17, 0]"
605.849969,Unknown Device,2,5,30,737,"[0, 0, 0, 0, 0, 64, 0, 0]"
605.85066,Unknown Device,2,5,32,736,"[0, 0, 254, 6, 0, 24, 64, 0]"
605.851366,Unknown Device,5,4,11,179,"[0, 0, 200, 201, 255, 127, 78, 38]"
605.851984,Unknown Device,21,4,20,180,"[5, 0, 0, 128, 0, 8, 128, 1]"
605.852667,Unknown,Unknown,Unknown,Unknown,992,"[135, 66, 118, 223, 208, 2, 0, 0]"
605.85336,Unknown Device,5,4,10,179,"[2, 0, 200, 239, 255, 63, 126, 39]"
605.853988,Unknown Device,2,4,22,177,"[0, 0, 0, 98, 0, 16, 0, 0]"
605.854679,Unknown Device,2,4,22,183,"[0, 0, 0, 147, 0, 0, 0, 0]"
605.855816,Unknown Device,2,4,7,177,"[0, 0, 0, 226, 0, 16, 6, 0]"
605.855994,Unknown Device,2,4,7,183,"[0, 0, 192, 26, 255, 255, 0, 0]"
605.856682,Unknown Device,2,5,31,736,"[0, 0, 248, 6, 0, 24, 64, 0]"
605.857372,Unknown Device,5,4,13,179,"[3, 0, 160, 207, 255, 191, 123, 38]"
605.857992,Unknown Device,2,4,8,177,"[0, 0, 0, 98, 0, 16, 237, 255]"
605.858675,Unknown Device,2,4,2,177,"[0, 0, 0, 98, 0, 16, 231, 255]"
605.859372,Unknown Device,2,4,6,183,"[8, 0, 32, 191, 255, 255, 0, 0]"
605.859993,Unknown Device,2,4,26,177,"[0, 0, 0, 226, 0, 16, 38, 0]"
605.860676,Unknown Device,2,4,26,183,"[0, 0, 192, 162, 0, 0, 0, 0]"
605.861366,Unknown Device,5,4,12,179,"[0, 0, 8, 208, 255, 191, 128, 38]"
605.862,Unknown Device,5,4,11,179,"[0, 0, 200, 201, 255, 127, 78, 38]"
605.862683,Unknown Device,21,4,20,180,"[6, 0, 0, 128, 0, 8, 128, 1]"
605.863373,Unknown Device,21,4,20,195,"[241, 223, 6, 176, 1, 4, 0, 5]"
605.863994,Unknown Device,5,4,10,179,"[5, 0, 192, 239, 255, 191, 126, 39]"
605.864684,Unknown Device,2,4,22,177,"[0, 0, 0, 98, 0, 16, 1, 0]"
605.865369,Unknown Device,8,5,1,96,"[0, 0, 0, 0, 0, 0, 0, 192]"
605.865982,Unknown Device,8,5,1,97,"[0, 0, 0, 64, 0, 0, 0, 0]"
605.866672,Unknown Device,2,4,7,177,"[0, 0, 0, 226, 0, 16, 14, 0]"
605.867362,Unknown Device,8,5,1,98,"[0, 8, 32, 0, 0, 0, 0, 0]"
605.867975,Unknown Device,2,4,8,177,"[0, 0, 0, 98, 0, 16, 242, 255]"
605.868665,Unknown Device,2,4,2,177,"[0, 0, 0, 98, 0, 16, 225, 255]"
605.869355,Unknown Device,8,5,1,100,"[142, 6, 144, 128, 0, 28, 0, 0]"
605.869975,Unknown Device,2,4,26,177,"[0, 0, 0, 226, 0, 16, 8, 0]"
605.870651,Unknown Device,5,4,4,179,"[5, 0, 184, 220, 255, 127, 229, 38]"
605.871367,Unknown Device,5,4,11,179,"[0, 0, 200, 201, 255, 127, 78, 38]"
605.871988,Unknown,Unknown,Unknown,Unknown,992,"[161, 94, 19, 19, 126, 197, 0, 0]"
605.872678,Unknown Device,21,4,20,180,"[6, 0, 0, 128, 0, 8, 128, 1]"
605.873371,Unknown Device,5,4,10,179,"[21, 0, 208, 239, 255, 127, 126, 39]"
605.873986,Unknown Device,2,4,22,177,"[0, 0, 0, 98, 0, 16, 3, 0]"
605.874676,Unknown Device,2,4,22,183,"[0, 0, 0, 147, 0, 0, 0, 0]"
605.875785,Unknown Device,2,4,7,177,"[0, 0, 0, 226, 0, 16, 6, 0]"
605.876007,Unknown Device,2,4,7,183,"[0, 0, 192, 26, 255, 255, 0, 0]"
605.876687,Unknown Device,2,5,31,736,"[0, 0, 248, 6, 0, 24, 64, 0]"
605.877379,Unknown Device,5,4,13,179,"[3, 0, 160, 207, 255, 191, 123, 38]"
605.877996,Unknown Device,2,4,8,177,"[0, 0, 0, 98, 0, 16, 244, 255]"
605.878696,Unknown Device,2,4,6,183,"[84, 0, 64, 191, 255, 255, 0, 0]"
605.879389,Unknown,Unknown,Unknown,Unknown,992,"[174, 192, 45, 233, 75, 88, 0, 0]"
605.880084,Unknown Device,2,4,26,177,"[0, 0, 0, 226, 0, 16, 20, 0]"
605.880762,Unknown Device,2,4,26,183,"[0, 0, 192, 162, 0, 0, 0, 0]"
605.881448,Unknown Device,5,4,12,179,"[0, 0, 8, 208, 255, 191, 128, 38]"
605.882065,Unknown Device,5,4,11,179,"[0, 0, 200, 201, 255, 127, 78, 38]"
605.882758,Unknown Device,21,4,20,180,"[7, 0, 0, 128, 0, 8, 128, 1]"
605.883521,Unknown Device,21,4,20,195,"[241, 223, 6, 176, 1, 4, 0, 5]"
605.884216,Unknown Device,5,4,10,179,"[2, 0, 200, 239, 255, 127, 126, 39]"
605.884908,Unknown Device,2,4,22,177,"[0, 0, 0, 98, 0, 16, 253, 255]"
605.88559,Unknown Device,8,5,1,96,"[0, 0, 0, 0, 0, 0, 0, 192]"
605.886207,Unknown Device,8,5,1,97,"[0, 0, 0, 64, 0, 0, 0, 0]"
605.886893,Unknown Device,2,4,7,177,"[0, 0, 0, 226, 0, 16, 8, 0]"
605.887571,Unknown Device,8,5,1,98,"[0, 8, 32, 0, 0, 0, 0, 0]"
605.888335,Unknown Device,2,4,4,177,"[0, 0, 0, 98, 0, 16, 24, 0]"
605.888959,Unknown Device,2,4,1,177,"[0, 0, 0, 98, 0, 16, 13, 0]"
605.889652,Unknown Device,2,4,5,177,"[0, 0, 0, 98, 0, 16, 235, 255]"
605.890337,Unknown Device,5,4,13,431,"[0, 0, 0, 1, 1, 26, 19, 0]"
605.891032,Unknown Device,5,4,12,209,"[0, 0, 0, 0, 0, 0, 0, 0]"
605.891718,Unknown Device,5,4,12,431,"[0, 0, 0, 1, 1, 26, 19, 0]"
605.892422,Unknown Device,5,4,11,179,"[0, 0, 200, 201, 255, 127, 78, 38]"
605.893107,Unknown Device,21,4,20,180,"[6, 0, 0, 128, 0, 8, 128, 1]"
605.893805,Unknown Device,5,4,11,285,"[0, 0, 0, 0, 24, 0, 0, 0]"
605.894415,Unknown Device,5,4,10,179,"[243, 255, 199, 239, 255, 63, 126, 39]"
605.895108,Unknown Device,2,4,22,183,"[0, 0, 0, 147, 0, 0, 0, 0]"
605.895783,Unknown Device,5,4,10,285,"[0, 0, 0, 0, 24, 0, 0, 0]"
605.896481,Unknown Device,2,4,7,177,"[0, 0, 0, 226, 0, 16, 30, 0]"
605.897166,Unknown Device,2,4,7,183,"[0, 0, 192, 26, 255, 255, 0, 0]"
605.89787,Unknown Device,2,4,8,177,"[0, 0, 0, 98, 0, 16, 250, 255]"
605.89856,Unknown Device,2,4,2,177,"[0, 0, 0, 98, 0, 16, 7, 0]"
605.899252,Unknown Device,2,4,6,183,"[204, 255, 31, 191, 255, 255, 0, 0]"
605.899935,Unknown Device,2,4,5,177,"[0, 0, 0, 98, 0, 16, 233, 255]"
605.900654,Unknown Device,2,4,3,183,"[0, 0, 192, 245, 255, 255, 0, 0]"
605.901344,Unknown Device,2,5,32,737,"[0, 0, 0, 0, 0, 64, 0, 0]"
605.902036,Unknown Device,5,4,11,179,"[0, 0, 200, 201, 255, 127, 78, 38]"
605.902719,Unknown Device,21,4,20,180,"[6, 0, 0, 128, 0, 8, 128, 1]"
605.903416,Unknown Device,21,4,20,195,"[241, 223, 6, 176, 1, 4, 0, 5]"
605.904101,Unknown Device,5,4,10,179,"[2, 0, 192, 239, 255, 127, 126, 39]"
605.904799,Unknown Device,2,4,22,177,"[0, 0, 0, 98, 0, 16, 250, 255]"
605.905429,Unknown Device,8,5,1,96,"[0, 0, 0, 0, 0, 0, 0, 192]"
605.906122,Unknown Device,8,5,1,97,"[0, 0, 0, 64, 0, 0, 0, 0]"
605.906876,Unknown Device,2,4,7,177,"[0, 0, 0, 226, 0, 16, 15, 0]"
605.907573,Unknown Device,8,5,1,98,"[0, 8, 32, 0, 0, 0, 0, 0]"
605.908328,Unknown Device,2,4,4,177,"[0, 0, 0, 98, 0, 16, 23, 0]"
605.908962,Unknown Device,8,5,1,100,"[142, 6, 144, 128, 0, 28, 0, 0]"
605.909573,Unknown Device,2,4,3,177,"[0, 0, 0, 226, 0, 16, 231, 255]"
605.910328,Unknown Device,5,4,12,179,"[3, 0, 16, 208, 255, 127, 128, 38]"
605.910941,Unknown Device,2,5,32,736,"[0, 0, 254, 6, 0, 24, 64, 0]"
605.911638,Unknown Device,5,4,11,179,"[0, 0, 200, 201, 255, 127, 78, 38]"
605.912329,Unknown Device,21,4,20,180,"[6, 0, 0, 128, 0, 8, 128, 1]"
605.913013,Unknown,Unknown,Unknown,Unknown,992,"[58, 68, 86, 232, 238, 187, 0, 0]"
605.913698,Unknown Device,5,4,10,179,"[2, 0, 192, 239, 255, 63, 126, 39]"
605.914396,Unknown Device,2,4,22,177,"[0, 0, 0, 98, 0, 16, 255, 255]"
605.915081,Unknown Device,2,4,22,183,"[0, 0, 0, 147, 0, 0, 0, 0]"
605.915778,Unknown Device,2,4,7,177,"[0, 0, 0, 226, 0, 16, 6, 0]"
605.916463,Unknown Device,2,4,7,183,"[0, 0, 192, 26, 255, 255, 0, 0]"
605.917162,Unknown Device,2,5,31,736,"[0, 0, 248, 6, 0, 24, 64, 0]"
605.917766,Unknown Device,5,4,13,179,"[3, 0, 160, 207, 255, 191, 123, 38]"
605.918463,Unknown Device,2,4,6,177,"[0, 0, 0, 98, 0, 16, 25, 0]"
605.919141,Unknown Device,2,4,1,183,"[0, 0, 0, 189, 255, 255, 0, 0]"
605.919838,Unknown Device,2,4,3,177,"[0, 0, 0, 226, 0, 16, 229, 255]"
605.920528,Unknown Device,2,4,5,183,"[0, 0, 128, 82, 0, 0, 0, 0]"
605.921213,Unknown Device,5,4,12,179,"[6, 0, 16, 208, 255, 127, 128, 38]"
605.921907,Unknown Device,5,4,11,179,"[0, 0, 200, 201, 255, 127, 78, 38]"
605.9226,Unknown Device,21,4,20,180,"[6, 0, 0, 128, 0, 8, 128, 1]"
605.923321,Unknown Device,21,4,20,195,"[241, 223, 6, 176, 1, 4, 0, 5]"
605.92398,Unknown Device,5,4,10,179,"[2, 0, 192, 239, 255, 191, 126, 39]"
605.924666,Unknown Device,2,4,22,177,"[0, 0, 0, 98, 0, 16, 254, 255]"
605.92536,Unknown Device,8,5,1,96,"[0, 0, 0, 0, 0, 0, 0, 192]"
605.92597,Unknown Device,8,5,1,97,"[0, 0, 0, 64, 0, 0, 0, 0]"
605.926663,Unknown Device,2,4,7,177,"[0, 0, 0, 226, 0, 16, 3, 0]"
605.927341,Unknown Device,8,5,1,98,"[0, 8, 32, 0, 0, 0, 0, 0]"
605.928036,Unknown Device,5,4,13,179,"[3, 0, 160, 207, 255, 191, 123, 38]"
605.928722,Unknown Device,2,4,1,177,"[0, 0, 0, 98, 0, 16, 7, 0]"
605.929414,Unknown Device,8,5,1,100,"[141, 6, 144, 128, 0, 28, 0, 0]"
605.930102,Unknown Device,2,5,30,737,"[0, 0, 0, 0, 0, 64, 0, 0]"
605.930816,Unknown Device,2,5,32,736,"[0, 0, 253, 6, 0, 24, 64, 0]"
605.931501,Unknown Device,5,4,11,179,"[0, 0, 200, 201, 255, 127, 78, 38]"
605.932198,Unknown Device,21,4,20,180,"[5, 0, 0, 128, 0, 8, 128, 1]"
605.933236,Unknown Device,5,4,10,179,"[8, 0, 200, 239, 255, 63, 126, 39]"
605.933573,Unknown Device,2,4,22,177,"[0, 0, 0, 98, 0, 16, 255, 255]"
605.934193,Unknown Device,2,4,22,183,"[0, 0, 0, 147, 0, 0, 0, 0]"
605.935708,Unknown Device,2,4,7,177,"[0, 0, 0, 226, 0, 16, 14, 0]"
605.935879,Unknown Device,2,4,7,183,"[0, 0, 192, 26, 255, 255, 0, 0]"
605.936316,Unknown Device,2,5,31,736,"[0, 0, 248, 6, 0, 24, 64, 0]"
605.936947,Unknown Device,5,4,13,179,"[0, 0, 152, 207, 255, 191, 123, 38]"
605.937651,Unknown Device,2,4,8,177,"[0, 0, 0, 98, 0, 16, 250, 255]"
605.938334,Unknown Device,2,4,4,177,"[0, 0, 0, 98, 0, 16, 18, 0]"
605.939026,Unknown Device,2,4,6,183,"[32, 0, 32, 191, 255, 255, 0, 0]"
605.939709,Unknown Device,2,4,1,183,"[0, 0, 0, 189, 255, 255, 0, 0]"
605.940407,Unknown Device,2,4,3,183,"[0, 0, 192, 245, 255, 255, 0, 0]"
605.941092,Unknown Device,5,4,12,179,"[3, 0, 8, 208, 255, 191, 128, 38]"
605.941782,Unknown Device,5,4,11,179,"[0, 0, 200, 201, 255, 127, 78, 38]"
605.942393,Unknown Device,21,4,20,180,"[6, 0, 0, 128, 0, 8, 128, 1]"
605.943085,Unknown Device,21,4,20,195,"[241, 223, 6, 176, 1, 4, 0, 5]"
605.94376,Unknown Device,21,4,20,200,"[176, 255, 176, 255, 0, 63, 0, 4]"
605.944458,Unknown Device,5,4,10,179,"[0, 0, 192, 239, 255, 127, 126, 39]"
605.945143,Unknown Device,2,4,22,285,"[0, 0, 0, 0, 0, 0, 128, 0]"
605.945833,Unknown Device,2,4,22,181,"[254, 127, 0, 192, 89, 20, 24, 0]"
605.946415,Unknown Device,8,5,1,96,"[0, 0, 0, 0, 0, 0, 0, 192]"
605.947007,Unknown Device,2,4,7,177,"[0, 0, 0, 226, 0, 16, 18, 0]"
605.94751,Unknown Device,2,5,31,737,"[0, 0, 0, 0, 0, 64, 0, 0]"
605.948044,Unknown Device,8,5,1,99,"[0, 0, 0, 3, 0, 0, 1, 0]"
605.948734,Unknown Device,8,5,1,100,"[141, 6, 144, 128, 0, 28, 0, 0]"
605.949431,Unknown Device,2,5,30,736,"[0, 0, 250, 6, 0, 22, 64, 0]"
605.950116,Unknown Device,5,4,4,179,"[252, 255, 175, 220, 255, 127, 229, 38]"
605.950806,Unknown Device,2,5,32,736,"[0, 0, 253, 6, 0, 24, 64, 0]"
605.95149,Unknown Device,5,4,11,179,"[0, 0, 200, 201, 255, 127, 78, 38]"
605.952184,Unknown Device,21,4,20,180,"[7, 0, 0, 128, 0, 8, 128, 1]"
605.952869,Unknown,Unknown,Unknown,Unknown,992,"[53, 136, 11, 111, 5, 106, 0, 0]"
605.953566,Unknown Device,5,4,10,179,"[2, 0, 192, 239, 255, 63, 126, 39]"
605.954306,Unknown Device,2,4,22,177,"[0, 0, 0, 98, 0, 16, 251, 255]"
605.954948,Unknown Device,2,4,22,183,"[0, 0, 0, 147, 0, 0, 0, 0]"
605.955717,Unknown Device,2,4,7,177,"[0, 0, 0, 226, 0, 16, 247, 255]"
605.956345,Unknown Device,2,4,7,183,"[0, 0, 192, 26, 255, 255, 0, 0]"
605.95703,Unknown Device,2,5,31,736,"[0, 0, 248, 6, 0, 24, 64, 0]"
605.957735,Unknown Device,5,4,13,179,"[3, 0, 160, 207, 255, 191, 123, 38]"
605.958417,Unknown Device,2,4,6,177,"[0, 0, 0, 98, 0, 16, 2, 0]"
605.95911,Unknown Device,2,4,6,183,"[8, 0, 0, 191, 255, 255, 0, 0]"
605.959792,Unknown Device,2,5,30,736,"[0, 0, 250, 6, 0, 22, 64, 0]"
605.960454,Unknown Device,2,4,5,183,"[0, 0, 128, 82, 0, 0, 0, 0]"
605.961139,Unknown Device,5,4,12,179,"[3, 0, 8, 208, 255, 191, 128, 38]"
605.961829,Unknown Device,5,4,11,179,"[0, 0, 200, 201, 255, 127, 78, 38]"
605.963029,Unknown Device,21,4,20,180,"[7, 0, 0, 128, 0, 8, 128, 1]"
605.963647,Unknown Device,21,4,20,195,"[241, 223, 6, 176, 1, 4, 0, 5]"
605.964301,Unknown Device,5,4,10,179,"[215, 255, 199, 239, 255, 127, 126, 39]"
605.967524,Unknown Device,2,4,22,177,"[0, 0, 0, 98, 0, 16, 6, 0]"
605.968301,Unknown Device,8,5,1,96,"[0, 0, 0, 0, 0, 0, 0, 192]"
605.968869,Unknown Device,2,4,1,431,"[0, 0, 0, 0, 1, 26, 19, 0]"
605.969568,Unknown Device,2,4,1,285,"[0, 0, 0, 0, 0, 3, 128, 0]"
605.970185,Unknown Device,2,4,4,184,"[0, 0, 0, 0, 0, 0, 0, 128]"
605.970991,Unknown Device,2,4,1,177,"[0, 0, 0, 98, 0, 16, 252, 255]"
605.971797,Unknown Device,2,4,1,181,"[250, 127, 0, 64, 91, 18, 24, 20]"
605.972454,Unknown Device,2,4,2,182,"[0, 0, 192, 116, 0, 0, 0, 0]"
605.973142,Unknown Device,2,4,1,186,"[8, 0, 0, 0, 0, 0, 0, 0]"
605.973841,Unknown Device,2,4,3,182,"[0, 0, 192, 245, 255, 255, 0, 0]"
605.974478,Unknown Device,2,4,3,184,"[0, 0, 0, 0, 0, 0, 0, 128]"
605.975172,Unknown Device,2,4,22,183,"[0, 0, 0, 147, 0, 0, 0, 0]"
605.975808,Unknown Device,2,4,5,181,"[250, 127, 0, 0, 91, 19, 24, 20]"
605.976487,Unknown Device,2,4,5,182,"[0, 0, 128, 82, 0, 0, 0, 0]"
605.977175,Unknown Device,2,4,6,184,"[0, 0, 0, 0, 0, 0, 0, 128]"
605.977853,Unknown Device,2,4,6,185,"[0, 0, 0, 0, 0, 0, 0, 128]"
605.978567,Unknown Device,2,4,5,186,"[8, 0, 0, 0, 0, 0, 0, 0]"
605.979295,Unknown Device,2,4,4,183,"[0, 0, 32, 39, 255, 255, 0, 0]"
605.979884,Unknown Device,2,4,8,186,"[8, 0, 0, 0, 0, 0, 0, 0]"
605.980569,Unknown Device,2,4,6,177,"[0, 0, 0, 98, 0, 16, 2, 0]"
605.98129,Unknown Device,2,4,8,177,"[0, 0, 0, 98, 0, 16, 250, 255]"
605.981954,Unknown Device,2,4,26,193,"[104, 198, 41, 41, 0, 0, 0, 0]"
605.982644,Unknown Device,2,5,30,737,"[0, 0, 0, 0, 0, 64, 0, 0]"
605.983334,Unknown Device,5,4,10,179,"[4, 0, 208, 239, 255, 191, 126, 39]"
605.983962,Unknown Device,5,4,4,179,"[1, 0, 176, 220, 255, 191, 229, 38]"
605.984666,Unknown Device,5,4,10,179,"[1, 0, 200, 239, 255, 127, 126, 39]"
605.985413,Unknown,Unknown,Unknown,Unknown,992,"[252, 178, 160, 184, 22, 160, 0, 0]"
605.986113,Unknown Device,2,4,26,177,"[0, 0, 0, 226, 0, 16, 39, 0]"
605.98681,Unknown Device,2,4,26,183,"[0, 0, 192, 162, 0, 0, 0, 0]"
605.987522,Unknown Device,8,5,1,98,"[0, 8, 32, 0, 0, 0, 0, 0]"
605.988114,Unknown Device,2,4,4,177,"[0, 0, 0, 98, 0, 16, 30, 0]"
605.988847,Unknown,Unknown,Unknown,Unknown,992,"[254, 88, 45, 154, 225, 207, 0, 0]"
605.989508,Unknown Device,8,5,1,100,"[141, 6, 144, 128, 0, 28, 0, 0]"
605.990207,Unknown Device,5,4,4,179,"[254, 255, 175, 220, 255, 127, 229, 38]"
605.99089,Unknown Device,2,5,32,736,"[0, 0, 253, 6, 0, 24, 64, 0]"
605.991681,Unknown Device,5,4,11,179,"[0, 0, 200, 201, 255, 127, 78, 38]"
605.992371,Unknown Device,21,4,20,431,"[0, 0, 0, 0, 1, 26, 19, 0]"
605.993063,Unknown Device,21,4,20,285,"[0, 0, 0, 0, 0, 96, 4, 0]"
605.993753,Unknown Device,21,4,20,203,"[2, 0, 245, 255, 255, 255, 0, 0]"
605.99445,Unknown Device,21,4,20,206,"[201, 255, 93, 0, 103, 2, 0, 0]"
605.995078,Unknown Device,2,4,22,183,"[0, 0, 0, 147, 0, 0, 0, 0]"
605.995775,Unknown,Unknown,Unknown,Unknown,992,"[58, 175, 195, 233, 91, 96, 0, 0]"
605.996458,Unknown Device,2,4,7,177,"[0, 0, 0, 226, 0, 16, 16, 0]"
605.997157,Unknown Device,2,4,7,183,"[0, 0, 192, 26, 255, 255, 0, 0]"
605.99784,Unknown Device,5,4,13,179,"[2, 0, 160, 207, 255, 191, 123, 38]"
605.99853,Unknown Device,2,4,4,183,"[0, 0, 32, 39, 255, 255, 0, 0]"
605.999165,Unknown Device,2,4,6,183,"[204, 0, 64, 191, 255, 255, 0, 0]"
605.999855,Unknown Device,2,4,5,177,"[0, 0, 0, 98, 0, 16, 20, 0]"
606.000545,Unknown Device,2,4,5,183,"[0, 0, 128, 82, 0, 0, 0, 0]"
606.00118,Unknown Device,5,4,12,179,"[3, 0, 8, 208, 255, 191, 128, 38]"
606.001855,Unknown Device,5,4,11,179,"[0, 0, 200, 201, 255, 127, 78, 38]"
606.002553,Unknown Device,21,4,20,180,"[7, 0, 0, 128, 0, 8, 128, 1]"
606.003279,Unknown Device,21,4,20,195,"[241, 223, 6, 176, 1, 4, 0, 5]"
606.003906,Unknown Device,5,4,10,179,"[1, 0, 200, 239, 255, 127, 126, 39]"
606.004582,Unknown Device,2,4,22,177,"[0, 0, 0, 98, 0, 16, 2, 0]"
606.005289,Unknown Device,8,5,1,96,"[0, 0, 0, 0, 0, 0, 0, 192]"
606.005974,Unknown Device,8,5,1,97,"[0, 0, 0, 64, 0, 0, 0, 0]"
606.006671,Unknown Device,2,4,7,177,"[0, 0, 0, 226, 0, 16, 14, 0]"
606.007282,Unknown Device,8,5,1,98,"[0, 8, 32, 0, 0, 0, 0, 0]"
606.007967,Unknown Device,5,4,13,179,"[2, 0, 160, 207, 255, 191, 123, 38]"
606.008643,Unknown Device,2,4,2,177,"[0, 0, 0, 98, 0, 16, 227, 255]"
606.009347,Unknown Device,2,5,30,736,"[0, 0, 250, 6, 0, 22, 64, 0]"
606.010032,Unknown Device,2,4,26,177,"[0, 0, 0, 226, 0, 16, 22, 0]"
606.010736,Unknown Device,2,5,32,736,"[0, 0, 253, 6, 0, 24, 64, 0]"
606.011424,Unknown Device,5,4,11,179,"[0, 0, 200, 201, 255, 127, 78, 38]"
606.012122,Unknown Device,21,4,20,180,"[7, 0, 0, 128, 0, 8, 128, 1]"
606.013083,Unknown Device,5,4,10,179,"[1, 0, 200, 239, 255, 127, 126, 39]"
606.013493,Unknown Device,2,4,22,177,"[0, 0, 0, 98, 0, 16, 254, 255]"
606.014184,Unknown Device,2,4,22,183,"[0, 0, 0, 147, 0, 0, 0, 0]"
606.015657,Unknown Device,2,4,7,177,"[0, 0, 0, 226, 0, 16, 2, 0]"
606.015856,Unknown Device,2,4,7,183,"[0, 0, 192, 26, 255, 255, 0, 0]"
606.016175,Unknown Device,2,5,31,736,"[0, 0, 248, 6, 0, 24, 64, 0]"
606.016854,Unknown Device,2,4,8,177,"[0, 0, 0, 98, 0, 16, 250, 255]"
606.017553,Unknown Device,5,4,13,179,"[2, 0, 160, 207, 255, 191, 123, 38]"
606.018274,Unknown Device,2,4,4,177,"[0, 0, 0, 98, 0, 16, 8, 0]"
606.018927,Unknown Device,2,4,2,183,"[12, 0, 32, 64, 255, 255, 0, 0]"
606.019626,Unknown Device,2,4,3,177,"[0, 0, 0, 226, 0, 16, 211, 255]"
606.020284,Unknown Device,5,4,12,179,"[3, 0, 8, 208, 255, 191, 128, 38]"
606.020936,Unknown Device,2,5,32,737,"[0, 0, 0, 0, 0, 64, 0, 0]"
606.021636,Unknown Device,5,4,11,179,"[0, 0, 200, 201, 255, 127, 78, 38]"
606.022321,Unknown Device,21,4,20,180,"[7, 0, 0, 128, 0, 8, 128, 1]"
606.023009,Unknown Device,21,4,20,195,"[241, 223, 6, 176, 1, 4, 0, 5]"
606.023625,Unknown Device,5,4,10,179,"[1, 0, 200, 239, 255, 191, 126, 39]"
606.02431,Unknown Device,2,4,22,177,"[0, 0, 0, 98, 0, 16, 252, 255]"
606.025013,Unknown Device,8,5,1,96,"[0, 0, 0, 0, 0, 0, 0, 192]"
606.02568,Unknown Device,8,5,1,97,"[0, 0, 0, 64, 0, 0, 0, 0]"
606.026366,Unknown Device,2,4,7,177,"[0, 0, 0, 226, 0, 16, 17, 0]"
606.027065,Unknown,Unknown,Unknown,Unknown,992,"[62, 172, 29, 40, 32, 131, 0, 0]"
606.027748,Unknown Device,2,5,31,737,"[0, 0, 0, 0, 0, 64, 0, 0]"
606.028445,Unknown Device,2,4,6,177,"[0, 0, 0, 98, 0, 16, 10, 0]"
606.029416,Unknown Device,8,5,1,100,"[143, 6, 144, 128, 0, 28, 0, 0]"
606.03013,Unknown Device,2,4,5,177,"[0, 0, 0, 98, 0, 16, 249, 255]"
606.030762,Unknown Device,2,5,32,736,"[0, 0, 254, 6, 0, 24, 64, 0]"
606.031452,Unknown Device,5,4,11,179,"[0, 0, 200, 201, 255, 127, 78, 38]"
606.032154,Unknown Device,21,4,20,180,"[7, 0, 0, 128, 0, 8, 128, 1]"
606.033192,Unknown Device,5,4,10,179,"[1, 0, 200, 239, 255, 127, 126, 39]"
606.033478,Unknown Device,2,4,22,177,"[0, 0, 0, 98, 0, 16, 249, 255]"
606.034168,Unknown,Unknown,Unknown,Unknown,992,"[77, 155, 14, 66, 142, 152, 0, 0]"
606.034797,Unknown Device,2,4,22,183,"[0, 0, 0, 147, 0, 0, 0, 0]"
606.035672,Unknown Device,2,4,7,177,"[0, 0, 0, 226, 0, 16, 24, 0]"
606.036116,Unknown Device,2,4,7,183,"[0, 0, 192, 26, 255, 255, 0, 0]"
606.036813,Unknown Device,2,5,31,736,"[0, 0, 249, 6, 0, 24, 64, 0]"
606.03746,Unknown Device,5,4,13,179,"[2, 0, 160, 207, 255, 191, 123, 38]"
606.038152,Unknown Device,2,4,8,183,"[8, 0, 128, 62, 255, 255, 0, 0]"
606.038814,Unknown Device,2,4,2,183,"[12, 0, 32, 64, 255, 255, 0, 0]"
606.039518,Unknown Device,2,5,30,736,"[0, 0, 250, 6, 0, 22, 64, 0]"
606.040265,Unknown Device,5,4,4,179,"[3, 0, 176, 220, 255, 127, 229, 38]"
606.040893,Unknown Device,2,5,32,737,"[0, 0, 0, 0, 0, 64, 0, 0]"
606.041511,Unknown Device,5,4,11,179,"[0, 0, 200, 201, 255, 127, 78, 38]"
606.042259,Unknown Device,21,4,20,180,"[7, 0, 0, 128, 0, 8, 128, 1]"
606.042823,Unknown Device,21,4,20,195,"[241, 223, 6, 176, 1, 4, 0, 5]"
606.04352,Unknown Device,21,4,20,200,"[208, 255, 84, 0, 180, 60, 0, 4]"
606.04414,Unknown Device,5,4,10,179,"[1, 0, 192, 239, 255, 127, 126, 39]"
606.044837,Unknown Device,2,4,22,177,"[0, 0, 0, 98, 0, 16, 8, 0]"
606.045459,Unknown Device,8,5,1,96,"[0, 0, 0, 0, 0, 0, 0, 192]"
606.046151,Unknown Device,8,5,1,97,"[0, 0, 0, 64, 0, 0, 0, 0]"
606.046784,Unknown Device,2,4,7,177,"[0, 0, 0, 226, 0, 16, 19, 0]"
606.047481,Unknown Device,2,5,31,736,"[0, 0, 248, 6, 0, 24, 64, 0]"
606.048094,Unknown Device,8,5,1,99,"[0, 0, 0, 3, 0, 0, 2, 0]"
606.048792,Unknown Device,8,5,1,100,"[143, 6, 144, 128, 0, 28, 0, 0]"
606.04941,Unknown Device,2,5,30,737,"[0, 0, 0, 0, 0, 64, 0, 0]"
606.050109,Unknown Device,5,4,4,179,"[255, 255, 175, 220, 255, 127, 229, 38]"
606.050828,Unknown Device,2,5,32,736,"[0, 0, 254, 6, 0, 24, 64, 0]"
606.051518,Unknown Device,5,4,11,179,"[0, 0, 200, 201, 255, 127, 78, 38]"
606.052258,Unknown Device,21,4,20,180,"[7, 0, 0, 128, 0, 8, 128, 1]"
606.053176,Unknown Device,5,4,10,179,"[4, 0, 200, 239, 255, 63, 126, 39]"
606.053584,Unknown Device,2,4,22,177,"[0, 0, 0, 98, 0, 16, 5, 0]"
606.054267,Unknown Device,2,4,22,183,"[0, 0, 0, 147, 0, 0, 0, 0]"
606.055669,Unknown Device,2,4,7,177,"[0, 0, 0, 226, 0, 16, 19, 0]"
606.055855,Unknown Device,2,4,7,183,"[0, 0, 192, 26, 255, 255, 0, 0]"
606.056356,Unknown Device,2,5,31,736,"[0, 0, 249, 6, 0, 24, 64, 0]"
606.057037,Unknown Device,5,4,13,179,"[2, 0, 160, 207, 255, 191, 123, 38]"
606.057729,Unknown Device,2,4,8,177,"[0, 0, 0, 98, 0, 16, 243, 255]"
606.058415,Unknown Device,2,4,6,177,"[0, 0, 0, 98, 0, 16, 3, 0]"
606.05911,Unknown Device,2,4,6,183,"[16, 0, 32, 191, 255, 255, 0, 0]"
606.059788,Unknown Device,2,4,5,177,"[0, 0, 0, 98, 0, 16, 22, 0]"
606.060488,Unknown Device,5,4,12,179,"[2, 0, 16, 208, 255, 191, 128, 38]"
606.061176,Unknown Device,2,5,32,737,"[0, 0, 0, 0, 0, 64, 0, 0]"
606.061875,Unknown Device,5,4,11,179,"[0, 0, 200, 201, 255, 127, 78, 38]"
606.062554,Unknown Device,21,4,20,180,"[7, 0, 0, 128, 0, 8, 128, 1]"
606.063253,Unknown Device,21,4,20,195,"[241, 223, 6, 160, 1, 4, 0, 5]"
606.063934,Unknown Device,5,4,10,179,"[1, 0, 200, 239, 255, 63, 126, 39]"
606.064634,Unknown Device,2,4,22,177,"[0, 0, 0, 98, 0, 16, 251, 255]"
606.065319,Unknown,Unknown,Unknown,Unknown,992,"[216, 194, 92, 253, 185, 213, 0, 0]"
606.066021,Unknown Device,8,5,1,96,"[0, 0, 0, 0, 0, 0, 0, 192]"
606.0667,Unknown Device,8,5,1,97,"[0, 0, 0, 64, 0, 0, 0, 0]"
606.0674,Unknown Device,8,5,1,98,"[0, 8, 32, 0, 0, 0, 0, 0]"
606.068087,Unknown Device,2,4,8,177,"[0, 0, 0, 98, 0, 16, 246, 255]"
606.068801,Unknown Device,2,4,1,177,"[0, 0, 0, 98, 0, 16, 2, 0]"
606.06948,Unknown Device,2,5,30,736,"[0, 0, 250, 6, 0, 22, 64, 0]"
606.070249,Unknown Device,5,4,4,179,"[250, 255, 167, 220, 255, 127, 229, 38]"
606.070874,Unknown Device,2,5,32,736,"[0, 0, 254, 6, 0, 24, 64, 0]"
606.071574,Unknown Device,5,4,11,179,"[0, 0, 200, 201, 255, 127, 78, 38]"
606.072256,Unknown Device,21,4,20,180,"[7, 0, 0, 128, 0, 8, 128, 1]"
606.073177,Unknown Device,5,4,10,179,"[57, 0, 208, 239, 255, 127, 126, 39]"
606.073642,Unknown Device,2,4,22,177,"[0, 0, 0, 98, 0, 16, 243, 255]"
606.074339,Unknown Device,2,4,22,183,"[0, 0, 0, 147, 0, 0, 0, 0]"
606.07564,Unknown Device,2,4,7,177,"[0, 0, 0, 226, 0, 16, 19, 0]"
606.075814,Unknown Device,2,4,7,183,"[0, 0, 192, 26, 255, 255, 0, 0]"
606.076411,Unknown Device,2,5,31,736,"[0, 0, 249, 6, 0, 24, 64, 0]"
606.07711,Unknown Device,2,4,8,177,"[0, 0, 0, 98, 0, 16, 254, 255]"
606.077786,Unknown Device,5,4,13,179,"[2, 0, 160, 207, 255, 191, 123, 38]"
606.078483,Unknown Device,2,4,2,177,"[0, 0, 0, 98, 0, 16, 244, 255]"
606.079168,Unknown Device,2,4,8,183,"[8, 0, 128, 62, 255, 255, 0, 0]"
606.079872,Unknown Device,2,4,5,177,"[0, 0, 0, 98, 0, 16, 247, 255]"
606.080548,Unknown Device,2,4,3,183,"[0, 0, 192, 245, 255, 255, 0, 0]"
606.081274,Unknown Device,2,5,32,737,"[0, 0, 0, 0, 0, 64, 0, 0]"
606.081959,Unknown Device,5,4,11,179,"[0, 0, 200, 201, 255, 127, 78, 38]"
606.082663,Unknown Device,21,4,20,180,"[7, 0, 0, 128, 0, 8, 128, 1]"
606.083346,Unknown Device,21,4,20,195,"[241, 223, 6, 176, 1, 4, 0, 5]"
606.084045,Unknown Device,5,4,10,179,"[1, 0, 200, 239, 255, 63, 126, 39]"
606.084728,Unknown Device,2,4,22,177,"[0, 0, 0, 98, 0, 16, 247, 255]"
606.085431,Unknown Device,8,5,1,96,"[0, 0, 0, 0, 0, 0, 0, 192]"
606.086116,Unknown Device,8,5,1,97,"[0, 0, 0, 64, 0, 0, 0, 0]"
606.086806,Unknown Device,2,4,7,177,"[0, 0, 0, 226, 0, 16, 22, 0]"
606.087503,Unknown Device,8,5,1,98,"[0, 4, 32, 0, 0, 0, 0, 0]"
606.088243,Unknown Device,2,4,4,177,"[0, 0, 0, 98, 0, 16, 10, 0]"
606.088914,Unknown Device,2,4,2,177,"[0, 0, 0, 98, 0, 16, 239, 255]"
606.089611,Unknown Device,2,4,3,177,"[0, 0, 0, 226, 0, 16, 215, 255]"
606.090301,Unknown Device,5,4,12,179,"[244, 255, 15, 208, 255, 127, 128, 38]"
606.091001,Unknown Device,2,5,32,736,"[0, 0, 253, 6, 0, 24, 64, 0]"
606.091691,Unknown Device,5,4,11,179,"[0, 0, 200, 201, 255, 127, 78, 38]"
606.092388,Unknown,Unknown,Unknown,Unknown,992,"[45, 231, 26, 235, 27, 7, 0, 0]"
606.093073,Unknown Device,21,4,20,180,"[7, 0, 0, 128, 0, 8, 128, 1]"
606.09377,Unknown Device,5,4,10,179,"[1, 0, 200, 239, 255, 191, 126, 39]"
606.094453,Unknown Device,2,4,22,177,"[0, 0, 0, 98, 0, 16, 251, 255]"
606.095146,Unknown Device,2,4,22,183,"[0, 0, 0, 147, 0, 0, 0, 0]"
606.095831,Unknown Device,2,4,7,177,"[0, 0, 0, 226, 0, 16, 9, 0]"
606.096528,Unknown Device,2,4,7,183,"[0, 0, 192, 26, 255, 255, 0, 0]"
606.097239,Unknown Device,2,5,31,736,"[0, 0, 248, 6, 0, 24, 64, 0]"
606.097918,Unknown Device,5,4,13,179,"[2, 0, 160, 207, 255, 191, 123, 38]"
606.0986,Unknown Device,2,4,1,177,"[0, 0, 0, 98, 0, 16, 255, 255]"
606.099291,Unknown Device,2,4,2,183,"[208, 255, 63, 64, 255, 255, 0, 0]"
606.099968,Unknown Device,5,4,4,179,"[2, 0, 176, 220, 255, 127, 229, 38]"
606.100666,Unknown Device,2,4,26,183,"[0, 0, 192, 162, 0, 0, 0, 0]"
606.101355,Unknown Device,2,5,32,737,"[0, 0, 0, 0, 0, 64, 0, 0]"
606.102056,Unknown,Unknown,Unknown,Unknown,992,"[197, 213, 234, 103, 153, 9, 0, 0]"
606.102742,Unknown Device,5,4,11,179,"[0, 0, 200, 201, 255, 127, 78, 38]"
606.103442,Unknown Device,21,4,20,195,"[241, 223, 6, 176, 1, 4, 0, 5]"
606.104122,Unknown Device,5,4,10,179,"[1, 0, 200, 239, 255, 191, 126, 39]"
606.104822,Unknown Device,2,4,22,177,"[0, 0, 0, 98, 0, 16, 246, 255]"
606.105504,Unknown Device,8,5,1,96,"[0, 0, 0, 0, 0, 0, 0, 192]"
606.106231,Unknown Device,8,5,1,97,"[0, 0, 0, 64, 0, 0, 0, 0]"
606.106898,Unknown Device,2,4,7,177,"[0, 0, 0, 226, 0, 16, 14, 0]"
606.107605,Unknown Device,2,5,31,736,"[0, 0, 249, 6, 0, 24, 64, 0]"
606.108291,Unknown Device,5,4,13,179,"[2, 0, 160, 207, 255, 191, 123, 38]"
606.109,Unknown,Unknown,Unknown,Unknown,992,"[6, 29, 30, 93, 245, 72, 0, 0]"
606.109685,Unknown Device,2,4,5,177,"[0, 0, 0, 98, 0, 16, 8, 0]"
606.110342,Unknown Device,5,4,12,179,"[2, 0, 8, 208, 255, 127, 128, 38]"
606.11103,Unknown Device,2,5,32,736,"[0, 0, 253, 6, 0, 24, 64, 0]"
606.11173,Unknown Device,5,4,11,179,"[0, 0, 200, 201, 255, 127, 78, 38]"
606.112416,Unknown Device,21,4,20,180,"[7, 0, 0, 128, 0, 8, 128, 1]"
606.113111,Unknown Device,5,4,10,179,"[1, 0, 200, 239, 255, 191, 126, 39]"
606.113795,Unknown Device,2,4,22,177,"[0, 0, 0, 98, 0, 16, 250, 255]"
606.114495,Unknown Device,2,4,22,183,"[0, 0, 0, 147, 0, 0, 0, 0]"
606.115717,Unknown Device,2,4,7,177,"[0, 0, 0, 226, 0, 16, 11, 0]"
606.115899,Unknown Device,2,4,7,183,"[0, 0, 192, 26, 255, 255, 0, 0]"
606.116455,Unknown Device,2,5,31,736,"[0, 0, 248, 6, 0, 24, 64, 0]"
606.117097,Unknown Device,5,4,4,209,"[0, 0, 0, 0, 0, 0, 0, 0]"
606.117787,Unknown Device,2,4,8,177,"[0, 0, 0, 98, 0, 16, 7, 0]"
606.118484,Unknown Device,2,4,2,177,"[0, 0, 0, 98, 0, 16, 7, 0]"
606.119224,Unknown Device,2,4,6,183,"[4, 0, 32, 191, 255, 255, 0, 0]"
606.119881,Unknown Device,2,4,5,177,"[0, 0, 0, 98, 0, 16, 20, 0]"
606.120564,Unknown Device,2,4,26,177,"[0, 0, 0, 226, 0, 16, 35, 0]"
606.12126,Unknown Device,2,5,32,737,"[0, 0, 0, 0, 0, 64, 0, 0]"
606.121946,Unknown Device,5,4,4,179,"[250, 255, 167, 220, 255, 127, 229, 38]"
606.122643,Unknown Device,5,4,11,179,"[0, 0, 200, 201, 255, 127, 78, 38]"
606.123326,Unknown Device,21,4,20,195,"[241, 223, 6, 160, 1, 4, 0, 5]"
606.124018,Unknown Device,5,4,10,179,"[1, 0, 200, 239, 255, 191, 126, 39]"
606.124701,Unknown Device,2,4,22,177,"[0, 0, 0, 98, 0, 16, 249, 255]"
606.125397,Unknown Device,8,5,1,96,"[0, 0, 0, 0, 0, 0, 0, 192]"
606.126082,Unknown Device,8,5,1,97,"[0, 0, 0, 64, 0, 0, 0, 0]"
606.126779,Unknown Device,2,4,7,177,"[0, 0, 0, 226, 0, 16, 6, 0]"
606.127476,Unknown Device,8,5,1,98,"[0, 4, 32, 0, 0, 0, 0, 0]"
606.128223,Unknown Device,8,5,1,99,"[0, 0, 0, 3, 0, 0, 2, 0]"
606.128859,Unknown Device,2,4,1,177,"[0, 0, 0, 98, 0, 16, 0, 0]"
606.129556,Unknown Device,2,4,3,177,"[0, 0, 0, 226, 0, 16, 228, 255]"
606.130238,Unknown,Unknown,Unknown,Unknown,992,"[232, 255, 132, 200, 56, 223, 0, 0]"
606.130938,Unknown Device,2,5,32,736,"[0, 0, 253, 6, 0, 24, 64, 0]"
606.131635,Unknown Device,5,4,11,179,"[0, 0, 200, 201, 255, 127, 78, 38]"
606.132376,Unknown Device,21,4,20,180,"[7, 0, 0, 128, 0, 8, 128, 1]"
606.133097,Unknown Device,5,4,10,179,"[1, 0, 200, 239, 255, 127, 126, 39]"
606.133771,Unknown Device,2,4,22,177,"[0, 0, 0, 98, 0, 16, 4, 0]"
606.134454,Unknown Device,2,4,22,183,"[0, 0, 0, 147, 0, 0, 0, 0]"
606.135729,Unknown Device,2,4,7,177,"[0, 0, 0, 226, 0, 16, 1, 0]"
606.135897,Unknown Device,2,4,7,183,"[0, 0, 192, 26, 255, 255, 0, 0]"
606.13654,Unknown Device,2,5,31,736,"[0, 0, 248, 6, 0, 24, 64, 0]"
606.137222,Unknown Device,5,4,13,179,"[2, 0, 160, 207, 255, 191, 123, 38]"
606.137923,Unknown Device,2,4,8,177,"[0, 0, 0, 98, 0, 16, 246, 255]"
606.138606,Unknown Device,2,4,2,177,"[0, 0, 0, 98, 0, 16, 252, 255]"
606.13931,Unknown Device,2,4,8,183,"[8, 0, 128, 62, 255, 255, 0, 0]"
606.139995,Unknown Device,2,5,30,736,"[0, 0, 250, 6, 0, 22, 64, 0]"
606.140706,Unknown Device,2,4,5,183,"[0, 0, 128, 82, 0, 0, 0, 0]"
606.141396,Unknown Device,5,4,13,431,"[0, 0, 0, 1, 1, 26, 19, 0]"
606.142089,Unknown Device,5,4,12,431,"[0, 0, 0, 1, 1, 26, 19, 0]"
606.142772,Unknown,Unknown,Unknown,Unknown,992,"[181, 7, 90, 116, 83, 145, 0, 0]"
606.143469,Unknown Device,21,4,20,196,"[43, 255, 219, 0, 33, 127, 0, 0]"
606.144215,Unknown Device,21,4,20,200,"[92, 255, 124, 0, 92, 63, 0, 4]"
606.144858,Unknown Device,2,4,22,177,"[0, 0, 0, 98, 0, 16, 1, 0]"
606.145541,Unknown Device,5,4,10,285,"[0, 0, 0, 0, 24, 0, 0, 0]"
606.146237,Unknown Device,8,5,1,96,"[0, 0, 0, 0, 0, 0, 0, 192]"
606.146934,Unknown Device,8,5,1,97,"[0, 0, 0, 64, 0, 0, 0, 0]"
606.14764,Unknown Device,2,5,31,736,"[0, 0, 248, 6, 0, 24, 64, 0]"
606.148319,Unknown Device,2,4,6,177,"[0, 0, 0, 98, 0, 16, 15, 0]"
606.149021,Unknown Device,8,5,1,100,"[142, 6, 144, 128, 0, 28, 0, 0]"
606.149706,Unknown Device,2,4,5,177,"[0, 0, 0, 98, 0, 16, 13, 0]"
606.150406,Unknown Device,5,4,12,179,"[2, 0, 8, 208, 255, 127, 128, 38]"
606.151086,Unknown Device,2,5,32,736,"[0, 0, 253, 6, 0, 24, 64, 0]"
606.151786,Unknown Device,5,4,11,179,"[0, 0, 200, 201, 255, 127, 78, 38]"
606.152472,Unknown Device,21,4,20,180,"[6, 0, 0, 128, 0, 8, 128, 1]"
606.153211,Unknown Device,5,4,10,179,"[4, 0, 192, 239, 255, 127, 126, 39]"
606.153866,Unknown Device,2,4,22,177,"[0, 0, 0, 98, 0, 16, 5, 0]"
606.154566,Unknown Device,2,4,22,183,"[0, 0, 0, 147, 0, 0, 0, 0]"
606.15559,Unknown Device,2,4,7,177,"[0, 0, 0, 226, 0, 16, 8, 0]"
606.155949,Unknown Device,2,4,7,183,"[0, 0, 192, 26, 255, 255, 0, 0]"
606.15663,Unknown Device,2,5,31,736,"[0, 0, 248, 6, 0, 24, 64, 0]"
606.15733,Unknown Device,5,4,13,179,"[2, 0, 160, 207, 255, 191, 123, 38]"
606.15801,Unknown Device,2,4,4,177,"[0, 0, 0, 98, 0, 16, 24, 0]"
606.15871,Unknown Device,2,4,1,177,"[0, 0, 0, 98, 0, 16, 253, 255]"
606.159396,Unknown Device,2,4,1,183,"[0, 0, 0, 189, 255, 255, 0, 0]"
606.16009,Unknown Device,2,4,5,183,"[0, 0, 128, 82, 0, 0, 0, 0]"
606.160776,Unknown Device,2,5,32,736,"[0, 0, 253, 6, 0, 24, 64, 0]"
606.161469,Unknown Device,5,4,12,179,"[2, 0, 8, 208, 255, 191, 128, 38]"
606.162201,Unknown Device,5,4,11,179,"[0, 0, 200, 201, 255, 127, 78, 38]"
606.162858,Unknown Device,21,4,20,180,"[7, 0, 0, 128, 0, 8, 128, 1]"
606.163556,Unknown Device,21,4,20,195,"[241, 223, 6, 160, 1, 4, 0, 5]"
606.164252,Unknown Device,5,4,10,179,"[3, 0, 200, 239, 255, 127, 126, 39]"
606.164931,Unknown Device,2,4,22,177,"[0, 0, 0, 98, 0, 16, 255, 255]"
606.165621,Unknown Device,8,5,1,96,"[0, 0, 0, 0, 0, 0, 0, 192]"
606.166318,Unknown Device,8,5,1,97,"[0, 0, 0, 64, 0, 0, 0, 0]"
606.167018,Unknown Device,2,4,7,177,"[0, 0, 0, 226, 0, 16, 253, 255]"
606.1677,Unknown Device,2,5,31,737,"[0, 0, 0, 0, 0, 64, 0, 0]"
606.16839,Unknown Device,8,5,1,99,"[0, 0, 0, 3, 0, 0, 1, 0]"
606.169076,Unknown Device,8,5,1,100,"[141, 6, 144, 128, 0, 28, 0, 0]"
606.169773,Unknown Device,2,4,26,177,"[0, 0, 0, 226, 0, 16, 249, 255]"
606.170456,Unknown Device,2,5,32,736,"[0, 0, 253, 6, 0, 24, 64, 0]"
606.1712,Unknown Device,5,4,11,179,"[0, 0, 200, 201, 255, 127, 78, 38]"
606.171864,Unknown Device,21,4,20,180,"[7, 0, 0, 128, 0, 8, 128, 1]"
606.173115,Unknown Device,5,4,10,179,"[3, 0, 200, 239, 255, 127, 126, 39]"
606.173374,Unknown Device,2,4,22,177,"[0, 0, 0, 98, 0, 16, 254, 255]"
606.173947,Unknown Device,2,4,22,183,"[0, 0, 0, 147, 0, 0, 0, 0]"
606.175635,Unknown Device,2,4,7,177,"[0, 0, 0, 226, 0, 16, 8, 0]"
606.175836,Unknown Device,2,4,7,183,"[0, 0, 192, 26, 255, 255, 0, 0]"
606.176043,Unknown Device,2,5,31,736,"[0, 0, 248, 6, 0, 24, 64, 0]"
606.176724,Unknown Device,5,4,13,179,"[2, 0, 160, 207, 255, 191, 123, 38]"
606.177407,Unknown Device,2,4,8,177,"[0, 0, 0, 98, 0, 16, 249, 255]"
606.178106,Unknown Device,2,4,8,183,"[8, 0, 128, 62, 255, 255, 0, 0]"
606.178789,Unknown Device,2,4,1,177,"[0, 0, 0, 98, 0, 16, 248, 255]"
606.179479,Unknown Device,2,4,1,183,"[0, 0, 0, 189, 255, 255, 0, 0]"
606.180197,Unknown Device,5,4,12,179,"[2, 0, 8, 208, 255, 191, 128, 38]"
606.180861,Unknown Device,2,5,32,736,"[0, 0, 254, 6, 0, 24, 64, 0]"
606.181544,Unknown Device,2,5,32,737,"[0, 0, 0, 0, 0, 64, 0, 0]"
606.182241,Unknown Device,5,4,11,179,"[0, 0, 200, 201, 255, 127, 78, 38]"
606.182926,Unknown Device,21,4,20,180,"[7, 0, 0, 128, 0, 8, 128, 1]"
606.183631,Unknown Device,21,4,20,195,"[241, 223, 6, 160, 1, 4, 0, 5]"
606.184314,Unknown Device,5,4,10,179,"[3, 0, 200, 239, 255, 191, 126, 39]"
606.185006,Unknown Device,2,4,22,177,"[0, 0, 0, 98, 0, 16, 249, 255]"
606.185703,Unknown Device,8,5,1,96,"[0, 0, 0, 0, 0, 0, 0, 192]"
606.1864,Unknown Device,8,5,1,97,"[0, 0, 0, 64, 0, 0, 0, 0]"
606.187085,Unknown Device,2,4,7,177,"[0, 0, 0, 226, 0, 16, 22, 0]"
606.187775,Unknown Device,5,4,13,179,"[2, 0, 160, 207, 255, 191, 123, 38]"
606.188465,Unknown Device,2,4,2,177,"[0, 0, 0, 98, 0, 16, 1, 0]"
606.18919,Unknown Device,2,4,1,177,"[0, 0, 0, 98, 0, 16, 244, 255]"
606.189848,Unknown Device,2,4,26,177,"[0, 0, 0, 226, 0, 16, 13, 0]"
606.190545,Unknown Device,2,5,32,736,"[0, 0, 253, 6, 0, 24, 64, 0]"
606.191227,Unknown,Unknown,Unknown,Unknown,992,"[12, 81, 86, 152, 167, 232, 0, 0]"
606.191923,Unknown Device,5,4,11,179,"[0, 0, 200, 201, 255, 127, 78, 38]"
606.192609,Unknown Device,21,4,20,180,"[7, 0, 0, 128, 0, 8, 128, 1]"
606.193288,Unknown Device,5,4,10,179,"[3, 0, 200, 239, 255, 63, 126, 39]"
606.193983,Unknown Device,2,4,22,431,"[0, 0, 0, 0, 1, 26, 19, 0]"
606.194683,Unknown Device,2,4,22,285,"[0, 0, 0, 0, 0, 0, 128, 0]"
606.195361,Unknown,Unknown,Unknown,Unknown,992,"[53, 114, 217, 39, 140, 108, 0, 0]"
606.196056,Unknown Device,2,4,22,183,"[0, 0, 0, 147, 0, 0, 0, 0]"
606.196749,Unknown Device,2,4,22,184,"[0, 0, 0, 0, 0, 0, 0, 128]"
606.197449,Unknown Device,2,5,31,736,"[0, 0, 249, 6, 0, 24, 64, 0]"
606.19819,Unknown Device,2,4,4,177,"[0, 0, 0, 98, 0, 16, 10, 0]"
606.198829,Unknown Device,2,4,6,183,"[12, 0, 32, 191, 255, 255, 0, 0]"
606.199515,Unknown Device,2,4,1,183,"[0, 0, 0, 189, 255, 255, 0, 0]"
606.200185,Unknown Device,5,4,4,179,"[252, 255, 175, 220, 255, 63, 229, 38]"
606.20086,Unknown Device,2,5,32,737,"[0, 0, 0, 0, 0, 64, 0, 0]"
606.201552,Unknown Device,5,4,12,179,"[2, 0, 8, 208, 255, 191, 128, 38]"
606.202237,Unknown Device,5,4,11,179,"[0, 0, 200, 201, 255, 127, 78, 38]"
606.202926,Unknown Device,21,4,20,180,"[7, 0, 0, 128, 0, 8, 128, 1]"
606.203611,Unknown Device,21,4,20,195,"[241, 223, 6, 160, 1, 4, 0, 5]"
606.204311,Unknown Device,5,4,10,179,"[210, 255, 199, 239, 255, 63, 126, 39]"
606.204999,Unknown Device,2,4,22,177,"[0, 0, 0, 98, 0, 16, 1, 0]"
606.205705,Unknown Device,8,5,1,96,"[0, 0, 0, 0, 0, 0, 0, 192]"
606.206391,Unknown,Unknown,Unknown,Unknown,992,"[18, 226, 204, 225, 50, 74, 0, 0]"
606.207091,Unknown Device,2,4,7,177,"[0, 0, 0, 226, 0, 16, 10, 0]"
606.207788,Unknown Device,5,4,13,179,"[1, 0, 160, 207, 255, 191, 123, 38]"
606.208521,Unknown Device,8,5,1,100,"[141, 6, 144, 128, 0, 28, 0, 0]"
606.209203,Unknown Device,2,4,1,177,"[0, 0, 0, 98, 0, 16, 7, 0]"
606.209896,Unknown Device,2,4,26,177,"[0, 0, 0, 226, 0, 16, 59, 0]"
606.210579,Unknown,Unknown,Unknown,Unknown,992,"[116, 42, 64, 110, 12, 80, 0, 0]"
606.211276,Unknown Device,5,4,11,179,"[0, 0, 200, 201, 255, 127, 78, 38]"
606.211959,Unknown Device,21,4,20,180,"[7, 0, 0, 128, 0, 8, 128, 1]"
606.21315,Unknown Device,5,4,10,179,"[3, 0, 200, 239, 255, 191, 126, 39]"
606.213335,Unknown Device,2,4,22,177,"[0, 0, 0, 98, 0, 16, 7, 0]"
606.21403,Unknown Device,2,4,22,183,"[0, 0, 0, 147, 0, 0, 0, 0]"
606.215591,Unknown Device,2,4,7,431,"[0, 0, 0, 0, 1, 26, 19, 0]"
606.215777,Unknown Device,2,4,7,285,"[0, 0, 0, 0, 0, 3, 128, 0]"
606.216094,Unknown Device,2,5,31,736,"[0, 0, 248, 6, 0, 24, 64, 0]"
606.216797,Unknown Device,2,4,8,431,"[0, 0, 0, 0, 1, 26, 19, 0]"
606.21748,Unknown Device,2,4,7,193,"[0, 243, 199, 46, 0, 0, 0, 0]"
606.218176,Unknown Device,2,4,7,177,"[0, 0, 0, 226, 0, 16, 32, 0]"
606.218855,Unknown Device,2,4,2,285,"[128, 0, 0, 0, 128, 11, 192, 0]"
606.219552,Unknown Device,2,4,2,177,"[0, 0, 0, 98, 0, 16, 254, 255]"
606.220249,Unknown Device,2,4,7,183,"[0, 0, 192, 26, 255, 255, 0, 0]"
606.220949,Unknown Device,2,4,4,193,"[0, 243, 199, 46, 0, 0, 0, 0]"
606.221624,Unknown Device,2,4,7,185,"[0, 0, 0, 0, 0, 0, 0, 128]"
606.222322,Unknown Device,2,4,4,183,"[0, 0, 32, 39, 255, 255, 0, 0]"
606.222999,Unknown Device,2,4,4,184,"[0, 0, 0, 0, 0, 0, 4, 128]"
606.228,Unknown Device,2,4,1,431,"[0, 0, 0, 0, 1, 26, 19, 0]"
606.228748,Unknown Device,2,4,4,187,"[0, 0, 4, 0, 0, 0, 0, 0]"
606.229445,Unknown Device,2,4,26,285,"[0, 0, 0, 0, 0, 8, 192, 0]"
606.23017,Unknown Device,2,4,6,186,"[8, 0, 0, 0, 0, 0, 0, 0]"
606.230842,Unknown Device,2,4,1,187,"[0, 0, 4, 0, 0, 0, 0, 0]"
606.231525,Unknown Device,2,4,1,177,"[0, 0, 0, 98, 0, 16, 29, 0]"
606.232214,Unknown Device,2,5,32,736,"[0, 0, 254, 6, 0, 24, 64, 0]"
606.2329,Unknown Device,2,4,26,182,"[0, 0, 192, 162, 0, 0, 0, 0]"
606.23359,Unknown Device,2,4,26,183,"[0, 0, 192, 162, 0, 0, 0, 0]"
606.234272,Unknown Device,5,4,11,179,"[0, 0, 200, 201, 255, 127, 78, 38]"
606.234965,Unknown Device,2,4,26,185,"[0, 0, 0, 0, 0, 0, 0, 128]"
606.235655,Unknown Device,8,5,1,97,"[0, 0, 0, 64, 0, 0, 0, 0]"
606.236344,Unknown Device,21,4,20,180,"[6, 0, 0, 128, 0, 8, 128, 1]"
606.236947,Unknown Device,21,4,20,180,"[6, 0, 0, 128, 0, 8, 128, 1]"
606.237611,Unknown Device,5,4,13,179,"[1, 0, 160, 207, 255, 191, 123, 38]"
606.238325,Unknown Device,2,4,4,183,"[0, 0, 32, 39, 255, 255, 0, 0]"
606.239165,Unknown Device,2,4,6,183,"[12, 0, 32, 191, 255, 255, 0, 0]"
606.239847,Unknown Device,2,4,5,177,"[0, 0, 0, 98, 0, 16, 254, 255]"
606.240525,Unknown Device,2,4,26,183,"[0, 0, 192, 162, 0, 0, 0, 0]"
606.241224,Unknown,Unknown,Unknown,Unknown,992,"[153, 41, 39, 18, 245, 113, 0, 0]"
606.241913,Unknown Device,5,4,11,179,"[0, 0, 200, 201, 255, 127, 78, 38]"
606.242605,Unknown Device,21,4,20,431,"[0, 0, 0, 0, 1, 26, 19, 0]"
606.243305,Unknown Device,21,4,20,180,"[6, 0, 0, 128, 0, 8, 128, 1]"
606.244,Unknown Device,21,4,20,199,"[223, 255, 31, 0, 0, 10, 0, 0]"
606.244685,Unknown Device,5,4,10,179,"[3, 0, 200, 239, 255, 127, 126, 39]"
606.245385,Unknown Device,21,4,20,206,"[205, 255, 93, 0, 109, 2, 0, 0]"
606.246066,Unknown Device,8,5,1,96,"[0, 0, 0, 0, 0, 0, 0, 192]"
606.246758,Unknown Device,8,5,1,97,"[0, 0, 0, 64, 0, 0, 0, 0]"
606.247444,Unknown Device,2,5,31,736,"[0, 0, 248, 6, 0, 24, 64, 0]"
606.248164,Unknown Device,8,5,1,99,"[0, 0, 0, 3, 0, 0, 2, 0]"
606.248824,Unknown Device,2,4,1,177,"[0, 0, 0, 98, 0, 16, 6, 0]"
606.249545,Unknown Device,2,4,3,177,"[0, 0, 0, 226, 0, 16, 204, 255]"
606.25023,Unknown Device,5,4,12,179,"[2, 0, 8, 208, 255, 63, 128, 38]"
606.250925,Unknown Device,2,5,32,736,"[0, 0, 253, 6, 0, 24, 64, 0]"
606.251611,Unknown Device,5,4,11,179,"[0, 0, 200, 201, 255, 127, 78, 38]"
606.252301,Unknown Device,21,4,20,180,"[7, 0, 0, 128, 0, 8, 128, 1]"
606.252986,Unknown Device,5,4,10,179,"[210, 255, 199, 239, 255, 63, 126, 39]"
606.253612,Unknown Device,2,4,22,177,"[0, 0, 0, 98, 0, 16, 243, 255]"
606.254187,Unknown Device,2,4,22,183,"[0, 0, 0, 147, 0, 0, 0, 0]"
606.2556,Unknown Device,2,4,7,177,"[0, 0, 0, 226, 0, 16, 5, 0]"
606.255744,Unknown Device,2,4,7,183,"[0, 0, 192, 26, 255, 255, 0, 0]"
606.256382,Unknown Device,2,5,31,736,"[0, 0, 248, 6, 0, 24, 64, 0]"
606.257082,Unknown Device,2,4,8,177,"[0, 0, 0, 98, 0, 16, 231, 255]"
606.257722,Unknown Device,5,4,13,179,"[1, 0, 160, 207, 255, 191, 123, 38]"
606.258404,Unknown Device,2,4,4,183,"[0, 0, 32, 39, 255, 255, 0, 0]"
606.259158,Unknown Device,2,4,6,183,"[72, 255, 31, 191, 255, 255, 0, 0]"
606.259736,Unknown Device,2,4,5,177,"[0, 0, 0, 98, 0, 16, 23, 0]"
606.260434,Unknown Device,2,4,26,183,"[0, 0, 192, 162, 0, 0, 0, 0]"
606.261159,Unknown Device,5,4,12,179,"[1, 0, 8, 208, 255, 191, 128, 38]"
606.261765,Unknown Device,5,4,11,179,"[0, 0, 200, 201, 255, 127, 78, 38]"
606.262463,Unknown Device,21,4,20,180,"[7, 0, 0, 128, 0, 8, 128, 1]"
606.263159,Unknown Device,21,4,20,195,"[241, 223, 6, 160, 1, 4, 0, 5]"
606.263773,Unknown Device,5,4,10,179,"[3, 0, 192, 239, 255, 191, 126, 39]"
606.264463,Unknown Device,2,4,22,177,"[0, 0, 0, 98, 0, 16, 252, 255]"
606.265155,Unknown Device,8,5,1,96,"[0, 0, 0, 0, 0, 0, 0, 192]"
606.265784,Unknown Device,8,5,1,97,"[0, 0, 0, 64, 0, 0, 0, 0]"
606.267175,Unknown Device,2,4,7,177,"[0, 0, 0, 226, 0, 16, 15, 0]"
606.267753,Unknown Device,8,5,1,98,"[0, 4, 32, 0, 0, 0, 0, 0]"
606.268314,Unknown Device,8,5,1,100,"[141, 6, 144, 128, 0, 28, 0, 0]"
606.268833,Unknown Device,2,4,2,177,"[0, 0, 0, 98, 0, 16, 240, 255]"
606.269387,Unknown Device,2,4,5,177,"[0, 0, 0, 98, 0, 16, 18, 0]"
606.269935,Unknown Device,5,4,4,179,"[8, 0, 176, 220, 255, 127, 229, 38]"
606.270654,Unknown Device,2,5,32,736,"[0, 0, 253, 6, 0, 24, 64, 0]"
606.271164,Unknown Device,5,4,11,179,"[0, 0, 200, 201, 255, 127, 78, 38]"
606.27167,Unknown Device,21,4,20,180,"[7, 0, 0, 128, 0, 8, 128, 1]"
606.273129,Unknown Device,5,4,10,179,"[3, 0, 200, 239, 255, 191, 126, 39]"
606.273359,Unknown Device,2,4,22,177,"[0, 0, 0, 98, 0, 16, 3, 0]"
606.273603,Unknown Device,2,4,22,183,"[0, 0, 0, 147, 0, 0, 0, 0]"
606.275605,Unknown Device,2,4,7,177,"[0, 0, 0, 226, 0, 16, 14, 0]"
606.275777,Unknown Device,2,4,7,183,"[0, 0, 192, 26, 255, 255, 0, 0]"
606.276021,Unknown Device,2,5,31,736,"[0, 0, 248, 6, 0, 24, 64, 0]"
606.276284,Unknown Device,5,4,13,179,"[51, 0, 160, 207, 255, 191, 123, 38]"
606.276965,Unknown Device,2,4,8,177,"[0, 0, 0, 98, 0, 16, 242, 255]"
606.277583,Unknown Device,2,4,4,177,"[0, 0, 0, 98, 0, 16, 21, 0]"
606.278273,Unknown Device,2,4,6,177,"[0, 0, 0, 98, 0, 16, 2, 0]"
606.278965,Unknown Device,2,4,1,183,"[0, 0, 0, 189, 255, 255, 0, 0]"
606.279583,Unknown Device,2,4,3,177,"[0, 0, 0, 226, 0, 16, 204, 255]"
606.280273,Unknown Device,2,4,5,183,"[0, 0, 128, 82, 0, 0, 0, 0]"
606.280966,Unknown Device,5,4,12,179,"[1, 0, 8, 208, 255, 191, 128, 38]"
606.281579,Unknown Device,5,4,11,179,"[0, 0, 200, 201, 255, 127, 78, 38]"
606.282264,Unknown Device,21,4,20,180,"[7, 0, 0, 128, 0, 8, 128, 1]"
606.282952,Unknown Device,21,4,20,195,"[241, 223, 6, 160, 1, 4, 0, 5]"
606.283575,Unknown Device,5,4,10,179,"[3, 0, 200, 239, 255, 127, 126, 39]"
606.284267,Unknown Device,2,4,22,177,"[0, 0, 0, 98, 0, 16, 0, 0]"
606.284956,Unknown Device,8,5,1,96,"[0, 0, 0, 0, 0, 0, 0, 192]"
606.285565,Unknown Device,8,5,1,97,"[0, 0, 0, 64, 0, 0, 0, 0]"
606.286252,Unknown Device,2,4,7,177,"[0, 0, 0, 226, 0, 16, 12, 0]"
606.286933,Unknown Device,8,5,1,98,"[0, 4, 32, 0, 0, 0, 0, 0]"
606.287548,Unknown Device,2,5,31,737,"[0, 0, 0, 0, 0, 64, 0, 0]"
606.288233,Unknown Device,2,4,6,177,"[0, 0, 0, 98, 0, 16, 0, 0]"
606.288914,Unknown Device,2,4,1,177,"[0, 0, 0, 98, 0, 16, 10, 0]"
606.289536,Unknown Device,2,4,3,177,"[0, 0, 0, 226, 0, 16, 204, 255]"
606.290221,Unknown Device,5,4,12,179,"[1, 0, 16, 208, 255, 191, 128, 38]"
606.290924,Unknown Device,2,5,32,736,"[0, 0, 253, 6, 0, 24, 64, 0]"
606.291546,Unknown Device,5,4,11,179,"[0, 0, 200, 201, 255, 127, 78, 38]"
606.292231,Unknown Device,21,4,20,180,"[7, 0, 0, 128, 0, 8, 128, 1]"
606.292969,Unknown Device,5,4,10,179,"[3, 0, 200, 239, 255, 191, 126, 39]"
606.293523,Unknown,Unknown,Unknown,Unknown,992,"[72, 244, 203, 238, 211, 99, 0, 0]"
606.294208,Unknown Device,2,4,22,177,"[0, 0, 0, 98, 0, 16, 254, 255]"
606.294896,Unknown Device,2,4,22,183,"[0, 0, 0, 147, 0, 0, 0, 0]"
606.295511,Unknown,Unknown,Unknown,Unknown,992,"[48, 240, 112, 88, 6, 238, 0, 0]"
606.29619,Unknown Device,2,4,7,177,"[0, 0, 0, 226, 0, 16, 19, 0]"
606.296886,Unknown Device,2,4,7,183,"[0, 0, 192, 26, 255, 255, 0, 0]"
606.297504,Unknown Device,2,5,31,736,"[0, 0, 248, 6, 0, 24, 64, 0]"
606.298186,Unknown Device,2,4,6,177,"[0, 0, 0, 98, 0, 16, 250, 255]"
606.298894,Unknown Device,2,4,2,183,"[4, 0, 64, 64, 255, 255, 0, 0]"
606.299526,Unknown Device,2,4,3,177,"[0, 0, 0, 226, 0, 16, 209, 255]"
606.300223,Unknown Device,2,4,3,183,"[0, 0, 192, 245, 255, 255, 0, 0]"
606.300916,Unknown Device,5,4,12,179,"[4, 0, 8, 208, 255, 191, 128, 38]"
606.301563,Unknown Device,5,4,11,179,"[0, 0, 200, 201, 255, 127, 78, 38]"
606.302259,Unknown Device,21,4,20,180,"[7, 0, 0, 128, 0, 8, 128, 1]"
606.302945,Unknown Device,21,4,20,195,"[241, 223, 6, 160, 1, 4, 0, 5]"
606.303603,Unknown Device,5,4,10,179,"[6, 0, 216, 239, 255, 191, 126, 39]"
606.304286,Unknown Device,2,4,22,177,"[0, 0, 0, 98, 0, 16, 255, 255]"
606.30497,Unknown Device,8,5,1,96,"[0, 0, 0, 0, 0, 0, 0, 192]"
606.305589,Unknown Device,8,5,1,97,"[0, 0, 0, 64, 0, 0, 0, 0]"
606.306286,Unknown Device,2,4,7,177,"[0, 0, 0, 226, 0, 16, 12, 0]"
606.30705,Unknown Device,8,5,1,98,"[0, 4, 32, 0, 0, 0, 0, 0]"
606.307748,Unknown Device,2,5,31,737,"[0, 0, 0, 0, 0, 64, 0, 0]"
606.308438,Unknown Device,2,4,2,177,"[0, 0, 0, 98, 0, 16, 251, 255]"
606.309141,Unknown Device,8,5,1,100,"[141, 6, 144, 128, 0, 28, 0, 0]"
606.309741,Unknown Device,2,4,26,177,"[0, 0, 0, 226, 0, 16, 55, 0]"
606.310431,Unknown Device,2,5,32,736,"[0, 0, 253, 6, 0, 24, 64, 0]"
606.311138,Unknown Device,5,4,11,179,"[0, 0, 200, 201, 255, 127, 78, 38]"
606.311795,Unknown Device,21,4,20,180,"[7, 0, 0, 128, 0, 8, 128, 1]"
606.313073,Unknown Device,5,4,10,179,"[6, 0, 200, 239, 255, 191, 126, 39]"
606.313288,Unknown Device,2,4,22,177,"[0, 0, 0, 98, 0, 16, 3, 0]"
606.313861,Unknown Device,2,4,22,183,"[0, 0, 0, 147, 0, 0, 0, 0]"
606.315572,Unknown Device,2,4,7,177,"[0, 0, 0, 226, 0, 16, 20, 0]"
606.315758,Unknown Device,2,4,7,183,"[0, 0, 192, 26, 255, 255, 0, 0]"
606.315993,Unknown Device,2,5,31,736,"[0, 0, 248, 6, 0, 24, 64, 0]"
606.316633,Unknown Device,5,4,13,179,"[1, 0, 160, 207, 255, 191, 123, 38]"
606.317243,Unknown Device,2,4,8,177,"[0, 0, 0, 98, 0, 16, 242, 255]"
606.317843,Unknown Device,2,4,4,177,"[0, 0, 0, 98, 0, 16, 10, 0]"
606.318468,Unknown Device,2,4,4,183,"[0, 0, 32, 39, 255, 255, 0, 0]"
606.319135,Unknown Device,2,4,6,183,"[24, 0, 32, 191, 255, 255, 0, 0]"
606.319713,Unknown Device,2,4,26,177,"[0, 0, 0, 226, 0, 16, 47, 0]"
606.320353,Unknown Device,2,4,26,183,"[0, 0, 192, 162, 0, 0, 0, 0]"
606.321017,Unknown Device,5,4,12,179,"[1, 0, 8, 208, 255, 63, 128, 38]"
606.321613,Unknown Device,5,4,11,179,"[0, 0, 200, 201, 255, 127, 78, 38]"
606.322173,Unknown Device,21,4,20,180,"[7, 0, 0, 128, 0, 8, 128, 1]"
606.322744,Unknown Device,21,4,20,195,"[241, 223, 6, 160, 1, 4, 0, 5]"
606.323329,Unknown Device,5,4,10,179,"[52, 0, 208, 239, 255, 191, 126, 39]"
606.323885,Unknown Device,2,4,22,177,"[0, 0, 0, 98, 0, 16, 3, 0]"
606.324884,Unknown Device,8,5,1,96,"[0, 0, 0, 0, 0, 0, 0, 192]"
606.32513,Unknown Device,8,5,1,97,"[0, 0, 0, 64, 0, 0, 0, 0]"
606.325747,Unknown Device,2,4,7,177,"[0, 0, 0, 226, 0, 16, 15, 0]"
606.326388,Unknown Device,8,5,1,98,"[0, 4, 32, 0, 0, 0, 0, 0]"
606.327041,Unknown Device,2,5,31,736,"[0, 0, 248, 6, 0, 24, 64, 0]"
606.327649,Unknown Device,8,5,1,99,"[0, 0, 0, 3, 0, 0, 1, 0]"
606.328285,Unknown Device,2,4,2,177,"[0, 0, 0, 98, 0, 16, 3, 0]"
606.328923,Unknown Device,2,4,1,177,"[0, 0, 0, 98, 0, 16, 9, 0]"
606.329566,Unknown Device,2,4,5,177,"[0, 0, 0, 98, 0, 16, 236, 255]"
606.330173,Unknown Device,5,4,12,179,"[1, 0, 8, 208, 255, 127, 128, 38]"
606.330798,Unknown Device,2,5,32,736,"[0, 0, 253, 6, 0, 24, 64, 0]"
606.331392,Unknown Device,5,4,11,179,"[0, 0, 200, 201, 255, 191, 78, 38]"
606.331996,Unknown Device,21,4,20,180,"[7, 0, 0, 128, 0, 8, 128, 1]"
606.33287,Unknown Device,5,4,10,179,"[6, 0, 200, 239, 255, 191, 126, 39]"
606.333287,Unknown Device,2,4,22,177,"[0, 0, 0, 98, 0, 16, 1, 0]"
606.333837,Unknown Device,2,4,22,183,"[0, 0, 0, 147, 0, 0, 0, 0]"
606.335603,Unknown Device,2,4,7,177,"[0, 0, 0, 226, 0, 16, 15, 0]"
606.335768,Unknown Device,2,4,7,183,"[0, 0, 192, 26, 255, 255, 0, 0]"
606.33598,Unknown Device,2,5,31,736,"[0, 0, 248, 6, 0, 24, 64, 0]"
606.336296,Unknown Device,5,4,13,179,"[1, 0, 160, 207, 255, 191, 123, 38]"
606.336879,Unknown Device,2,4,8,177,"[0, 0, 0, 98, 0, 16, 254, 255]"
606.33748,Unknown Device,2,4,8,183,"[4, 0, 128, 62, 255, 255, 0, 0]"
606.338129,Unknown Device,2,4,6,177,"[0, 0, 0, 98, 0, 16, 22, 0]"
606.338782,Unknown Device,2,4,2,183,"[4, 0, 32, 64, 255, 255, 0, 0]"
606.339489,Unknown Device,2,4,5,177,"[0, 0, 0, 98, 0, 16, 239, 255]"
606.340174,Unknown Device,5,4,4,179,"[0, 0, 168, 220, 255, 191, 229, 38]"
606.340876,Unknown Device,2,5,32,737,"[0, 0, 0, 0, 0, 64, 0, 0]"
606.341555,Unknown Device,5,4,12,179,"[1, 0, 8, 208, 255, 127, 128, 38]"
606.342259,Unknown Device,5,4,11,179,"[0, 0, 200, 201, 255, 191, 78, 38]"
606.342945,Unknown Device,21,4,20,180,"[7, 0, 0, 128, 0, 8, 128, 1]"
606.343642,Unknown Device,21,4,20,200,"[112, 255, 144, 0, 128, 63, 0, 4]"
606.344325,Unknown Device,5,4,10,179,"[2, 0, 200, 239, 255, 191, 126, 39]"
606.345017,Unknown Device,2,4,22,177,"[0, 0, 0, 98, 0, 16, 1, 0]"
606.3457,Unknown Device,8,5,1,96,"[0, 0, 0, 0, 0, 0, 0, 192]"
606.34639,Unknown Device,8,5,1,97,"[0, 0, 0, 64, 0, 0, 0, 0]"
606.347122,Unknown Device,2,4,7,177,"[0, 0, 0, 226, 0, 16, 4, 0]"
606.347916,Unknown Device,5,4,13,179,"[4, 0, 152, 207, 255, 191, 123, 38]"
606.348599,Unknown Device,2,4,2,177,"[0, 0, 0, 98, 0, 16, 13, 0]"
606.349296,Unknown Device,2,5,30,736,"[0, 0, 249, 6, 0, 22, 64, 0]"
606.349974,Unknown Device,5,4,4,179,"[5, 0, 176, 220, 255, 191, 229, 38]"
606.350686,Unknown Device,2,5,32,736,"[0, 0, 253, 6, 0, 24, 64, 0]"
606.351368,Unknown Device,5,4,11,179,"[0, 0, 200, 201, 255, 191, 78, 38]"
606.352123,Unknown Device,21,4,20,180,"[7, 0, 0, 128, 0, 8, 128, 1]"
606.353088,Unknown Device,5,4,10,179,"[2, 0, 200, 239, 255, 191, 126, 39]"
606.353439,Unknown Device,2,4,22,177,"[0, 0, 0, 98, 0, 16, 254, 255]"
606.354121,Unknown Device,2,4,22,183,"[0, 0, 0, 147, 0, 0, 0, 0]"
606.35558,Unknown Device,2,4,7,177,"[0, 0, 0, 226, 0, 16, 3, 0]"
606.355738,Unknown Device,2,4,7,183,"[0, 0, 192, 26, 255, 255, 0, 0]"
606.356202,Unknown Device,2,5,31,736,"[0, 0, 247, 6, 0, 24, 64, 0]"
606.356891,Unknown Device,2,4,8,177,"[0, 0, 0, 98, 0, 16, 244, 255]"
606.357581,Unknown Device,5,4,13,179,"[4, 0, 152, 207, 255, 191, 123, 38]"
606.358263,Unknown Device,2,4,6,177,"[0, 0, 0, 98, 0, 16, 10, 0]"
606.358956,Unknown Device,2,4,6,183,"[8, 0, 32, 191, 255, 255, 0, 0]"
606.359646,Unknown Device,2,4,5,177,"[0, 0, 0, 98, 0, 16, 253, 255]"
606.360343,Unknown Device,2,4,3,183,"[0, 0, 192, 245, 255, 255, 0, 0]"
606.361028,Unknown Device,2,5,32,737,"[0, 0, 0, 0, 0, 64, 0, 0]"
606.361718,Unknown Device,5,4,11,179,"[3, 0, 208, 201, 255, 127, 78, 38]"
606.362408,Unknown Device,21,4,20,180,"[7, 0, 0, 128, 0, 8, 128, 1]"
606.363111,Unknown Device,21,4,20,195,"[241, 223, 6, 160, 1, 4, 0, 5]"
606.363747,Unknown Device,5,4,10,179,"[2, 0, 200, 239, 255, 191, 126, 39]"
606.36443,Unknown Device,2,4,22,177,"[0, 0, 0, 98, 0, 16, 1, 0]"
606.365122,Unknown Device,8,5,1,96,"[0, 0, 0, 0, 0, 0, 0, 192]"
606.365808,Unknown Device,8,5,1,97,"[0, 0, 0, 64, 0, 0, 0, 0]"
606.36649,Unknown Device,2,4,7,177,"[0, 0, 0, 226, 0, 16, 17, 0]"
606.36718,Unknown Device,8,5,1,98,"[0, 4, 32, 0, 0, 0, 0, 0]"
606.367865,Unknown Device,2,4,8,177,"[0, 0, 0, 98, 0, 16, 227, 255]"
606.368563,Unknown Device,2,4,1,177,"[0, 0, 0, 98, 0, 16, 11, 0]"
606.369252,Unknown Device,2,5,30,736,"[0, 0, 249, 6, 0, 22, 64, 0]"
606.369945,Unknown Device,5,4,4,209,"[0, 0, 0, 0, 0, 0, 0, 0]"
606.37062,Unknown Device,5,4,4,194,"[181, 192, 0, 0, 0, 0, 0, 0]"
606.371318,Unknown Device,5,4,4,285,"[0, 0, 0, 0, 0, 0, 0, 0]"
606.372005,Unknown Device,5,4,4,179,"[2, 0, 176, 220, 255, 127, 229, 38]"
606.372698,Unknown,Unknown,Unknown,Unknown,992,"[73, 180, 5, 85, 253, 111, 0, 0]"
606.37339,Unknown Device,21,4,20,180,"[6, 0, 0, 128, 0, 8, 128, 1]"
606.374111,Unknown Device,5,4,10,179,"[2, 0, 208, 239, 255, 191, 126, 39]"
606.374757,Unknown Device,2,4,22,177,"[0, 0, 0, 98, 0, 16, 251, 255]"
606.375456,Unknown Device,2,4,22,183,"[0, 0, 0, 147, 0, 0, 0, 0]"
606.376142,Unknown Device,2,4,7,177,"[0, 0, 0, 226, 0, 16, 6, 0]"
606.376831,Unknown Device,2,4,7,183,"[0, 0, 192, 26, 255, 255, 0, 0]"
606.377523,Unknown Device,2,5,31,736,"[0, 0, 248, 6, 0, 24, 64, 0]"
606.378208,Unknown Device,2,4,4,177,"[0, 0, 0, 98, 0, 16, 6, 0]"
606.378918,Unknown Device,2,4,4,183,"[8, 0, 32, 39, 255, 255, 0, 0]"
606.379554,Unknown Device,2,4,3,177,"[0, 0, 0, 226, 0, 16, 212, 255]"
606.380239,Unknown Device,2,4,3,183,"[0, 0, 192, 245, 255, 255, 0, 0]"
606.380955,Unknown Device,5,4,12,179,"[1, 0, 16, 208, 255, 191, 128, 38]"
606.381641,Unknown Device,5,4,4,179,"[8, 0, 176, 220, 255, 127, 229, 38]"
606.382334,Unknown Device,5,4,11,179,"[2, 0, 200, 201, 255, 191, 78, 38]"
606.383021,Unknown Device,21,4,20,195,"[241, 223, 6, 160, 1, 4, 0, 5]"
606.383709,Unknown Device,5,4,10,179,"[5, 0, 200, 239, 255, 191, 126, 39]"
606.384394,Unknown Device,2,4,22,177,"[0, 0, 0, 98, 0, 16, 250, 255]"
606.385103,Unknown Device,8,5,1,96,"[0, 0, 0, 0, 0, 0, 0, 192]"
606.385785,Unknown Device,8,5,1,97,"[0, 0, 0, 64, 0, 0, 0, 0]"
606.38647,Unknown Device,2,4,7,177,"[0, 0, 0, 226, 0, 16, 10, 0]"
606.387153,Unknown Device,8,5,1,98,"[0, 4, 32, 0, 0, 0, 0, 0]"
606.387839,Unknown Device,8,5,1,99,"[0, 0, 0, 3, 0, 0, 1, 0]"
606.388529,Unknown Device,8,5,1,100,"[140, 6, 144, 128, 0, 28, 0, 0]"
606.389225,Unknown Device,2,5,30,736,"[0, 0, 250, 6, 0, 22, 64, 0]"
606.389911,Unknown Device,5,4,13,194,"[172, 192, 248, 130, 24, 0, 0, 0]"
606.390601,Unknown Device,5,4,13,285,"[0, 0, 0, 0, 24, 0, 0, 0]"
606.391284,Unknown Device,5,4,12,179,"[1, 0, 16, 208, 255, 191, 128, 38]"
606.391976,Unknown Device,5,4,12,194,"[171, 192, 216, 123, 24, 0, 0, 0]"
606.392659,Unknown Device,5,4,12,285,"[0, 0, 0, 0, 24, 0, 0, 0]"
606.393349,Unknown Device,5,4,11,209,"[0, 0, 0, 0, 0, 0, 0, 0]"
606.394096,Unknown Device,5,4,11,431,"[0, 0, 0, 1, 1, 26, 19, 0]"
606.394732,Unknown Device,2,4,22,177,"[0, 0, 0, 98, 0, 16, 255, 255]"
606.395422,Unknown Device,5,4,10,179,"[2, 0, 200, 239, 255, 191, 126, 39]"
606.396183,Unknown Device,5,4,10,194,"[171, 192, 8, 131, 24, 0, 0, 0]"
606.396869,Unknown Device,5,4,10,285,"[0, 0, 0, 0, 24, 0, 0, 0]"
606.397559,Unknown Device,2,4,7,183,"[0, 0, 192, 26, 255, 255, 0, 0]"
606.398248,Unknown Device,2,5,31,736,"[0, 0, 248, 6, 0, 24, 64, 0]"
606.398934,Unknown Device,2,4,6,183,"[8, 0, 32, 191, 255, 255, 0, 0]"
606.399624,Unknown Device,2,4,3,177,"[0, 0, 0, 226, 0, 16, 205, 255]"
606.400314,Unknown Device,2,4,5,183,"[0, 0, 128, 82, 0, 0, 0, 0]"
606.400999,Unknown Device,5,4,12,179,"[1, 0, 16, 208, 255, 191, 128, 38]"
606.401689,Unknown Device,5,4,4,179,"[2, 0, 168, 220, 255, 191, 229, 38]"
606.402372,Unknown Device,5,4,11,179,"[3, 0, 200, 201, 255, 191, 78, 38]"
606.403097,Unknown Device,21,4,20,195,"[241, 223, 6, 160, 1, 4, 0, 5]"
606.403747,Unknown Device,5,4,10,179,"[2, 0, 208, 239, 255, 191, 126, 39]"
606.404444,Unknown Device,2,4,22,177,"[0, 0, 0, 98, 0, 16, 252, 255]"
606.405128,Unknown Device,8,5,1,96,"[0, 0, 0, 0, 0, 0, 0, 192]"
606.405821,Unknown Device,8,5,1,97,"[0, 0, 0, 64, 0, 0, 0, 0]"
606.406497,Unknown Device,2,4,7,177,"[0, 0, 0, 226, 0, 16, 5, 0]"
606.407186,Unknown Device,8,5,1,98,"[0, 8, 32, 0, 0, 0, 0, 0]"
606.407879,Unknown Device,5,4,13,179,"[0, 0, 160, 207, 255, 191, 123, 38]"
606.408569,Unknown Device,8,5,1,100,"[139, 6, 144, 128, 0, 28, 0, 0]"
606.409265,Unknown Device,2,4,3,177,"[0, 0, 0, 226, 0, 16, 223, 255]"
606.409951,Unknown Device,2,5,30,737,"[0, 0, 0, 0, 0, 64, 0, 0]"
606.410728,Unknown Device,2,5,32,736,"[0, 0, 252, 6, 0, 24, 64, 0]"
606.411425,Unknown,Unknown,Unknown,Unknown,992,"[102, 173, 107, 122, 196, 110, 0, 0]"
606.412121,Unknown Device,5,4,11,179,"[6, 0, 208, 201, 255, 191, 78, 38]"
606.412807,Unknown Device,21,4,20,180,"[7, 0, 0, 128, 0, 8, 128, 1]"
606.413494,Unknown Device,5,4,10,179,"[6, 0, 200, 239, 255, 127, 126, 39]"
606.414184,Unknown Device,2,4,22,177,"[0, 0, 0, 98, 0, 16, 3, 0]"
606.414869,Unknown Device,2,4,22,183,"[0, 0, 0, 147, 0, 0, 0, 0]"
606.415602,Unknown Device,2,4,7,177,"[0, 0, 0, 226, 0, 16, 250, 255]"
606.416245,Unknown Device,2,4,7,183,"[0, 0, 192, 26, 255, 255, 0, 0]"
606.416934,Unknown Device,2,5,31,736,"[0, 0, 248, 6, 0, 24, 64, 0]"
606.417619,Unknown Device,5,4,13,179,"[0, 0, 160, 207, 255, 191, 123, 38]"
606.418312,Unknown Device,2,4,2,177,"[0, 0, 0, 98, 0, 16, 253, 255]"
606.419,Unknown Device,2,4,6,183,"[24, 0, 32, 191, 255, 255, 0, 0]"
606.419685,Unknown Device,2,4,5,177,"[0, 0, 0, 98, 0, 16, 7, 0]"
606.420378,Unknown Device,2,4,5,183,"[0, 0, 128, 82, 0, 0, 0, 0]"
606.421084,Unknown Device,5,4,12,179,"[4, 0, 8, 208, 255, 191, 128, 38]"
606.421751,Unknown Device,5,4,4,179,"[0, 0, 168, 220, 255, 255, 229, 38]"
606.422444,Unknown Device,5,4,11,179,"[3, 0, 208, 201, 255, 191, 78, 38]"
606.423135,Unknown Device,21,4,20,195,"[241, 223, 6, 160, 1, 4, 0, 5]"
606.423824,Unknown Device,5,4,10,179,"[2, 0, 200, 239, 255, 191, 126, 39]"
606.424573,Unknown Device,2,4,22,177,"[0, 0, 0, 98, 0, 16, 2, 0]"
606.425271,Unknown Device,8,5,1,96,"[0, 0, 0, 0, 0, 0, 0, 192]"
606.425959,Unknown Device,8,5,1,97,"[0, 0, 0, 64, 0, 0, 0, 0]"
606.426659,Unknown Device,2,4,7,177,"[0, 0, 0, 226, 0, 16, 30, 0]"
606.427337,Unknown Device,8,5,1,98,"[0, 8, 32, 0, 0, 0, 0, 0]"
606.428086,Unknown Device,8,5,1,99,"[0, 0, 0, 3, 0, 0, 2, 0]"
606.428718,Unknown Device,2,4,1,177,"[0, 0, 0, 98, 0, 16, 8, 0]"
606.429417,Unknown Device,2,4,3,177,"[0, 0, 0, 226, 0, 16, 232, 255]"
606.430102,Unknown Device,5,4,12,179,"[10, 0, 24, 208, 255, 191, 128, 38]"
606.430791,Unknown Device,2,5,32,736,"[0, 0, 252, 6, 0, 24, 64, 0]"
606.431476,Unknown Device,5,4,4,179,"[6, 0, 184, 220, 255, 191, 229, 38]"
606.432173,Unknown Device,5,4,11,179,"[3, 0, 208, 201, 255, 191, 78, 38]"
606.432852,Unknown Device,21,4,20,180,"[6, 0, 0, 128, 0, 8, 128, 1]"
606.433566,Unknown Device,5,4,10,179,"[2, 0, 200, 239, 255, 191, 126, 39]"
606.434248,Unknown Device,2,4,22,177,"[0, 0, 0, 98, 0, 16, 248, 255]"
606.434956,Unknown Device,2,4,22,183,"[0, 0, 0, 147, 0, 0, 0, 0]"
606.435636,Unknown Device,2,4,7,177,"[0, 0, 0, 226, 0, 16, 0, 0]"
606.436326,Unknown Device,2,4,7,183,"[0, 0, 192, 26, 255, 255, 0, 0]"
606.43708,Unknown Device,2,5,31,736,"[0, 0, 247, 6, 0, 24, 64, 0]"
606.437715,Unknown Device,5,4,13,179,"[3, 0, 152, 207, 255, 191, 123, 38]"
606.438398,Unknown Device,2,4,2,177,"[0, 0, 0, 98, 0, 16, 233, 255]"
606.439095,Unknown Device,2,4,8,183,"[248, 255, 127, 62, 255, 255, 0, 0]"
606.439781,Unknown Device,2,4,26,177,"[0, 0, 0, 226, 0, 16, 3, 0]"
606.440499,Unknown Device,2,4,26,183,"[0, 0, 192, 162, 0, 0, 0, 0]"
606.441188,Unknown Device,5,4,12,179,"[4, 0, 8, 208, 255, 191, 128, 38]"
606.441889,Unknown Device,5,4,4,179,"[5, 0, 176, 220, 255, 127, 229, 38]"
606.442572,Unknown Device,5,4,11,179,"[3, 0, 208, 201, 255, 191, 78, 38]"
606.443268,Unknown Device,21,4,20,199,"[2, 0, 128, 0, 0, 8, 0, 0]"
606.443954,Unknown Device,21,4,20,200,"[132, 255, 128, 0, 232, 63, 0, 4]"
606.444644,Unknown Device,2,4,22,431,"[0, 0, 0, 0, 1, 26, 19, 0]"
606.445334,Unknown Device,2,4,22,193,"[212, 74, 40, 37, 0, 0, 0, 0]"
606.446073,Unknown Device,2,4,22,184,"[0, 0, 0, 0, 0, 0, 0, 128]"
606.446723,Unknown Device,2,4,22,185,"[0, 0, 0, 0, 0, 0, 0, 128]"
606.447421,Unknown Device,2,5,31,736,"[0, 0, 248, 6, 0, 24, 64, 0]"
606.448095,Unknown Device,2,4,4,177,"[0, 0, 0, 98, 0, 16, 15, 0]"
606.448788,Unknown Device,8,5,1,100,"[139, 6, 144, 128, 0, 28, 0, 0]"
606.449471,Unknown Device,2,4,3,177,"[0, 0, 0, 226, 0, 16, 220, 255]"
606.450168,Unknown Device,5,4,12,179,"[4, 0, 8, 208, 255, 127, 128, 38]"
606.450853,Unknown Device,2,5,32,736,"[0, 0, 253, 6, 0, 24, 64, 0]"
606.451551,Unknown Device,5,4,4,179,"[0, 0, 168, 220, 255, 127, 229, 38]"
606.45224,Unknown Device,5,4,11,179,"[3, 0, 208, 201, 255, 191, 78, 38]"
606.452933,Unknown Device,21,4,20,180,"[6, 0, 0, 128, 0, 8, 128, 1]"
606.453645,Unknown Device,5,4,10,179,"[0, 0, 192, 239, 255, 191, 126, 39]"
606.454342,Unknown Device,2,4,22,177,"[0, 0, 0, 98, 0, 16, 2, 0]"
606.455067,Unknown Device,2,4,22,183,"[0, 0, 0, 147, 0, 0, 0, 0]"
606.455734,Unknown Device,2,4,7,177,"[0, 0, 0, 226, 0, 16, 5, 0]"
606.456431,Unknown Device,2,4,7,183,"[0, 0, 192, 26, 255, 255, 0, 0]"
606.457127,Unknown Device,2,5,31,736,"[0, 0, 248, 6, 0, 24, 64, 0]"
606.457813,Unknown Device,2,4,8,177,"[0, 0, 0, 98, 0, 16, 253, 255]"
606.45851,Unknown Device,2,4,2,177,"[0, 0, 0, 98, 0, 16, 2, 0]"
606.4592,Unknown Device,2,5,30,736,"[0, 0, 249, 6, 0, 22, 64, 0]"
606.459893,Unknown Device,2,4,26,177,"[0, 0, 0, 226, 0, 16, 65, 0]"
606.460576,Unknown Device,2,4,26,183,"[0, 0, 192, 162, 0, 0, 0, 0]"
606.461273,Unknown Device,2,5,32,737,"[0, 0, 0, 0, 0, 64, 0, 0]"
606.461961,Unknown Device,5,4,4,179,"[0, 0, 168, 220, 255, 127, 229, 38]"
606.462653,Unknown Device,5,4,11,179,"[3, 0, 208, 201, 255, 191, 78, 38]"
606.463346,Unknown Device,21,4,20,195,"[241, 223, 6, 160, 1, 4, 0, 5]"
606.464066,Unknown Device,5,4,10,179,"[2, 0, 200, 239, 255, 191, 126, 39]"
606.464747,Unknown Device,2,4,22,177,"[0, 0, 0, 98, 0, 16, 249, 255]"
606.465448,Unknown Device,8,5,1,96,"[0, 0, 0, 0, 0, 0, 0, 192]"
606.466126,Unknown Device,8,5,1,97,"[0, 0, 0, 64, 0, 0, 0, 0]"
606.466822,Unknown Device,2,4,7,431,"[0, 0, 0, 0, 1, 26, 19, 0]"
606.467507,Unknown Device,2,5,31,736,"[0, 0, 248, 6, 0, 24, 64, 0]"
606.468206,Unknown Device,2,4,7,177,"[0, 0, 0, 226, 0, 16, 3, 0]"
606.468888,Unknown Device,2,4,8,177,"[0, 0, 0, 98, 0, 16, 252, 255]"
606.469587,Unknown Device,2,4,8,182,"[0, 0, 0, 92, 0, 0, 0, 0]"
606.470273,Unknown Device,2,4,7,185,"[0, 0, 0, 0, 0, 0, 0, 128]"
606.471064,Unknown Device,2,4,7,186,"[8, 0, 0, 0, 0, 0, 0, 0]"
606.471689,Unknown Device,2,4,8,187,"[0, 0, 4, 0, 0, 0, 0, 0]"
606.472381,Unknown Device,2,4,2,187,"[0, 0, 4, 0, 0, 0, 0, 0]"
606.473073,Unknown Device,2,4,6,431,"[0, 0, 0, 0, 1, 26, 19, 0]"
606.473769,Unknown Device,2,4,5,285,"[0, 0, 0, 0, 0, 3, 128, 0]"
606.474454,Unknown Device,2,4,3,181,"[228, 127, 0, 0, 91, 20, 25, 20]"
606.475146,Unknown Device,2,4,4,186,"[8, 0, 0, 0, 0, 0, 0, 0]"
606.475828,Unknown Device,2,4,1,185,"[0, 0, 0, 0, 0, 0, 0, 128]"
606.476527,Unknown Device,2,4,5,177,"[0, 0, 0, 98, 0, 16, 243, 255]"
606.477217,Unknown Device,2,4,7,177,"[0, 0, 0, 226, 0, 16, 8, 0]"
606.47791,Unknown Device,2,4,7,183,"[0, 0, 192, 26, 255, 255, 0, 0]"
606.478593,Unknown Device,2,4,5,184,"[0, 0, 0, 0, 0, 0, 0, 128]"
606.479297,Unknown Device,2,4,2,183,"[16, 0, 32, 64, 255, 255, 0, 0]"
606.479982,Unknown Device,2,4,3,187,"[0, 0, 4, 0, 0, 0, 0, 0]"
606.480687,Unknown Device,2,4,26,431,"[0, 0, 0, 0, 1, 26, 19, 128]"
606.481362,Unknown Device,2,4,3,177,"[0, 0, 0, 226, 0, 16, 195, 255]"
606.482059,Unknown Device,2,5,31,736,"[0, 0, 248, 6, 0, 24, 64, 0]"
606.482745,Unknown Device,2,4,26,177,"[0, 0, 0, 226, 0, 16, 50, 0]"
606.483442,Unknown Device,2,4,26,181,"[231, 127, 0, 64, 91, 19, 22, 20]"
606.484124,Unknown Device,5,4,13,179,"[3, 0, 160, 207, 255, 191, 123, 38]"
606.484817,Unknown Device,2,4,26,185,"[0, 0, 0, 0, 0, 0, 0, 128]"
606.485507,Unknown Device,2,4,26,186,"[12, 0, 0, 0, 0, 0, 0, 0]"
606.490522,Unknown Device,21,4,20,180,"[7, 0, 0, 128, 0, 8, 128, 1]"
606.491268,Unknown Device,21,4,20,180,"[7, 0, 0, 128, 0, 8, 128, 1]"
606.491962,Unknown Device,5,4,4,179,"[6, 0, 184, 220, 255, 127, 229, 38]"
606.492644,Unknown,Unknown,Unknown,Unknown,992,"[154, 148, 207, 18, 174, 41, 0, 0]"
606.493334,Unknown Device,21,4,20,180,"[7, 0, 0, 128, 0, 8, 128, 1]"
606.494052,Unknown Device,21,4,20,205,"[0, 0, 0, 0, 0, 0, 0, 0]"
606.49471,Unknown Device,2,4,22,177,"[0, 0, 0, 98, 0, 16, 9, 0]"
606.4954,Unknown Device,2,4,22,183,"[0, 0, 0, 147, 0, 0, 0, 0]"
606.496085,Unknown Device,2,4,7,177,"[0, 0, 0, 226, 0, 16, 3, 0]"
606.496771,Unknown Device,2,4,7,183,"[0, 0, 192, 26, 255, 255, 0, 0]"
606.497461,Unknown Device,2,5,31,736,"[0, 0, 247, 6, 0, 24, 64, 0]"
606.498143,Unknown Device,2,4,4,177,"[0, 0, 0, 98, 0, 16, 2, 0]"
606.498836,Unknown Device,2,4,4,183,"[12, 0, 64, 39, 255, 255, 0, 0]"
606.499519,Unknown Device,2,4,5,177,"[0, 0, 0, 98, 0, 16, 232, 255]"
606.50023,Unknown Device,2,4,5,183,"[0, 0, 128, 82, 0, 0, 0, 0]"
606.500923,Unknown Device,5,4,12,179,"[3, 0, 8, 208, 255, 191, 128, 38]"
606.50157,Unknown Device,5,4,4,179,"[15, 0, 184, 220, 255, 127, 229, 38]"
606.50223,Unknown Device,5,4,11,179,"[3, 0, 208, 201, 255, 191, 78, 38]"
606.502931,Unknown Device,21,4,20,195,"[241, 223, 6, 160, 1, 4, 0, 5]"
606.503563,Unknown Device,5,4,10,179,"[2, 0, 208, 239, 255, 191, 126, 39]"
606.50439,Unknown Device,2,4,22,177,"[0, 0, 0, 98, 0, 16, 5, 0]"
606.505045,Unknown Device,8,5,1,96,"[0, 0, 0, 0, 0, 0, 0, 192]"
606.505731,Unknown Device,8,5,1,97,"[0, 0, 0, 64, 0, 0, 0, 0]"
606.506432,Unknown Device,2,4,7,177,"[0, 0, 0, 226, 0, 16, 13, 0]"
606.507054,Unknown Device,8,5,1,98,"[0, 4, 32, 0, 0, 0, 0, 0]"
606.507742,Unknown Device,2,4,8,177,"[0, 0, 0, 98, 0, 16, 248, 255]"
606.508435,Unknown Device,2,4,2,177,"[0, 0, 0, 98, 0, 16, 249, 255]"
606.509127,Unknown Device,2,5,30,736,"[0, 0, 249, 6, 0, 22, 64, 0]"
606.509815,Unknown Device,2,4,26,177,"[0, 0, 0, 226, 0, 16, 49, 0]"
606.510529,Unknown Device,2,5,32,736,"[0, 0, 253, 6, 0, 24, 64, 0]"
606.511136,Unknown Device,5,4,4,179,"[6, 0, 184, 220, 255, 127, 229, 38]"
606.511825,Unknown Device,5,4,11,179,"[3, 0, 208, 201, 255, 191, 78, 38]"
606.512525,Unknown Device,21,4,20,180,"[7, 0, 0, 128, 0, 8, 128, 1]"
606.513212,Unknown Device,5,4,10,179,"[243, 255, 207, 239, 255, 127, 126, 39]"
606.5139,Unknown Device,2,4,22,177,"[0, 0, 0, 98, 0, 16, 251, 255]"
606.5146,Unknown Device,2,4,22,183,"[0, 0, 0, 147, 0, 0, 0, 0]"
606.515488,Unknown Device,2,4,7,177,"[0, 0, 0, 226, 0, 16, 3, 0]"
606.515905,Unknown Device,2,4,7,183,"[0, 0, 192, 26, 255, 255, 0, 0]"
606.51659,Unknown Device,2,5,31,736,"[0, 0, 248, 6, 0, 24, 64, 0]"
606.517297,Unknown Device,5,4,13,179,"[3, 0, 160, 207, 255, 191, 123, 38]"
606.518038,Unknown Device,2,4,4,177,"[0, 0, 0, 98, 0, 16, 0, 0]"
606.518684,Unknown Device,2,4,1,177,"[0, 0, 0, 98, 0, 16, 12, 0]"
606.519307,Unknown Device,2,4,1,183,"[0, 0, 0, 189, 255, 255, 0, 0]"
606.520041,Unknown Device,5,4,12,179,"[3, 0, 8, 208, 255, 191, 128, 38]"
606.520539,Unknown Device,2,5,32,736,"[0, 0, 253, 6, 0, 24, 64, 0]"
606.521146,Unknown Device,2,5,32,737,"[0, 0, 0, 0, 0, 64, 0, 0]"
606.521919,Unknown Device,5,4,4,179,"[0, 0, 168, 220, 255, 127, 229, 38]"
606.522667,Unknown Device,5,4,11,179,"[3, 0, 208, 201, 255, 191, 78, 38]"
606.523379,Unknown Device,21,4,20,195,"[241, 223, 6, 160, 1, 4, 0, 5]"
606.524068,Unknown Device,5,4,10,179,"[2, 0, 200, 239, 255, 191, 126, 39]"
606.524768,Unknown Device,2,4,22,177,"[0, 0, 0, 98, 0, 16, 251, 255]"
606.525458,Unknown Device,8,5,1,96,"[0, 0, 0, 0, 0, 0, 0, 192]"
606.526154,Unknown Device,8,5,1,97,"[0, 0, 0, 64, 0, 0, 0, 0]"
606.526848,Unknown Device,2,4,7,177,"[0, 0, 0, 226, 0, 16, 14, 0]"
606.527545,Unknown Device,2,5,31,737,"[0, 0, 0, 0, 0, 64, 0, 0]"
606.528227,Unknown Device,8,5,1,99,"[0, 0, 0, 3, 0, 0, 2, 0]"
606.528927,Unknown Device,2,4,2,177,"[0, 0, 0, 98, 0, 16, 253, 255]"
606.529624,Unknown Device,2,4,26,177,"[0, 0, 0, 226, 0, 16, 46, 0]"
606.53035,Unknown Device,2,5,32,736,"[0, 0, 253, 6, 0, 24, 64, 0]"
606.531039,Unknown Device,5,4,4,179,"[2, 0, 176, 220, 255, 191, 229, 38]"
606.53174,Unknown Device,5,4,11,179,"[3, 0, 208, 201, 255, 191, 78, 38]"
606.532423,Unknown Device,21,4,20,180,"[7, 0, 0, 128, 0, 8, 128, 1]"
606.533139,Unknown Device,5,4,10,179,"[2, 0, 200, 239, 255, 191, 126, 39]"
606.533826,Unknown Device,2,4,22,177,"[0, 0, 0, 98, 0, 16, 245, 255]"
606.53453,Unknown Device,2,4,22,183,"[0, 0, 0, 147, 0, 0, 0, 0]"
606.535511,Unknown Device,2,4,7,177,"[0, 0, 0, 226, 0, 16, 22, 0]"
606.535912,Unknown Device,2,4,7,183,"[0, 0, 192, 26, 255, 255, 0, 0]"
606.536602,Unknown Device,2,5,31,736,"[0, 0, 248, 6, 0, 24, 64, 0]"
606.537278,Unknown Device,5,4,13,179,"[3, 0, 160, 207, 255, 191, 123, 38]"
606.538025,Unknown Device,2,4,4,177,"[0, 0, 0, 98, 0, 16, 32, 0]"
606.538711,Unknown Device,2,4,1,177,"[0, 0, 0, 98, 0, 16, 9, 0]"
606.539394,Unknown Device,2,4,3,177,"[0, 0, 0, 226, 0, 16, 238, 255]"
606.540097,Unknown Device,2,4,3,183,"[0, 0, 192, 245, 255, 255, 0, 0]"
606.540783,Unknown Device,2,5,32,737,"[0, 0, 0, 0, 0, 64, 0, 0]"
606.54148,Unknown Device,5,4,4,179,"[1, 0, 168, 220, 255, 127, 229, 38]"
606.542169,Unknown Device,5,4,11,179,"[3, 0, 208, 201, 255, 191, 78, 38]"
606.54287,Unknown Device,21,4,20,180,"[7, 0, 0, 128, 0, 8, 128, 1]"
606.54356,Unknown Device,21,4,20,200,"[136, 255, 116, 0, 164, 63, 0, 4]"
606.54427,Unknown Device,5,4,10,179,"[2, 0, 200, 239, 255, 191, 126, 39]"
606.545025,Unknown Device,2,4,22,177,"[0, 0, 0, 98, 0, 16, 254, 255]"
606.545661,Unknown Device,8,5,1,96,"[0, 0, 0, 0, 0, 0, 0, 192]"
606.546343,Unknown Device,8,5,1,97,"[0, 0, 0, 64, 0, 0, 0, 0]"
606.547047,Unknown Device,2,4,7,177,"[0, 0, 0, 226, 0, 16, 14, 0]"
606.547733,Unknown Device,5,4,13,179,"[241, 255, 159, 207, 255, 127, 123, 38]"
606.548358,Unknown Device,8,5,1,100,"[141, 6, 144, 128, 0, 28, 0, 0]"
606.54904,Unknown Device,2,5,30,736,"[0, 0, 250, 6, 0, 22, 64, 0]"
606.549755,Unknown Device,2,4,26,177,"[0, 0, 0, 226, 0, 16, 5, 0]"
606.550459,Unknown,Unknown,Unknown,Unknown,992,"[194, 196, 101, 75, 58, 186, 0, 0]"
606.551163,Unknown Device,5,4,4,179,"[1, 0, 168, 220, 255, 127, 229, 38]"
606.551853,Unknown Device,5,4,11,179,"[3, 0, 208, 201, 255, 127, 78, 38]"
606.55256,Unknown Device,21,4,20,180,"[7, 0, 0, 128, 0, 8, 128, 1]"
606.553246,Unknown Device,5,4,10,179,"[2, 0, 208, 239, 255, 127, 126, 39]"
606.554024,Unknown Device,2,4,22,177,"[0, 0, 0, 98, 0, 16, 246, 255]"
606.554663,Unknown Device,2,4,22,183,"[0, 0, 0, 147, 0, 0, 0, 0]"
606.555504,Unknown Device,2,4,7,177,"[0, 0, 0, 226, 0, 16, 24, 0]"
606.556051,Unknown Device,2,4,7,183,"[0, 0, 192, 26, 255, 255, 0, 0]"
606.556747,Unknown Device,2,5,31,736,"[0, 0, 248, 6, 0, 24, 64, 0]"
606.557432,Unknown Device,5,4,13,179,"[3, 0, 152, 207, 255, 191, 123, 38]"
606.558124,Unknown Device,2,4,6,177,"[0, 0, 0, 98, 0, 16, 0, 0]"
606.558813,Unknown Device,2,4,2,183,"[12, 0, 64, 64, 255, 255, 0, 0]"
606.559519,Unknown Device,2,4,3,177,"[0, 0, 0, 226, 0, 16, 206, 255]"
606.560197,Unknown Device,2,4,3,183,"[0, 0, 192, 245, 255, 255, 0, 0]"
606.560921,Unknown Device,5,4,12,179,"[6, 0, 8, 208, 255, 191, 128, 38]"
606.561599,Unknown Device,5,4,4,179,"[15, 0, 184, 220, 255, 63, 229, 38]"
606.562299,Unknown Device,5,4,11,179,"[6, 0, 208, 201, 255, 127, 78, 38]"
606.563019,Unknown Device,21,4,20,195,"[241, 223, 6, 160, 1, 4, 0, 5]"
606.563679,Unknown Device,5,4,10,179,"[2, 0, 200, 239, 255, 127, 126, 39]"
606.564365,Unknown Device,2,4,22,177,"[0, 0, 0, 98, 0, 16, 0, 0]"
606.565073,Unknown Device,8,5,1,96,"[0, 0, 0, 0, 0, 0, 0, 192]"
606.565762,Unknown Device,8,5,1,97,"[0, 0, 0, 64, 0, 0, 0, 0]"
606.566461,Unknown Device,2,4,7,177,"[0, 0, 0, 226, 0, 16, 2, 0]"
606.567144,Unknown Device,8,5,1,98,"[0, 4, 32, 0, 0, 0, 0, 0]"
606.567844,Unknown Device,5,4,13,179,"[3, 0, 152, 207, 255, 191, 123, 38]"
606.568541,Unknown Device,2,4,2,177,"[0, 0, 0, 98, 0, 16, 5, 0]"
606.569245,Unknown Device,2,5,30,737,"[0, 0, 0, 0, 0, 64, 0, 0]"
606.569938,Unknown,Unknown,Unknown,Unknown,992,"[60, 152, 134, 16, 3, 12, 0, 0]"
606.570585,Unknown Device,2,5,32,736,"[0, 0, 253, 6, 0, 24, 64, 0]"
606.571275,Unknown Device,5,4,4,179,"[3, 0, 168, 220, 255, 191, 229, 38]"
606.572014,Unknown Device,5,4,11,179,"[3, 0, 200, 201, 255, 191, 78, 38]"
606.572672,Unknown Device,21,4,20,180,"[7, 0, 0, 128, 0, 8, 128, 1]"
606.573365,Unknown Device,5,4,10,179,"[2, 0, 200, 239, 255, 127, 126, 39]"
606.574047,Unknown Device,2,4,22,177,"[0, 0, 0, 98, 0, 16, 5, 0]"
606.574747,Unknown Device,2,4,22,183,"[0, 0, 0, 147, 0, 0, 0, 0]"
606.57543,Unknown Device,2,4,7,177,"[0, 0, 0, 226, 0, 16, 11, 0]"
606.576122,Unknown Device,2,4,7,183,"[0, 0, 192, 26, 255, 255, 0, 0]"
606.576801,Unknown Device,2,5,31,736,"[0, 0, 248, 6, 0, 24, 64, 0]"
606.577491,Unknown Device,5,4,13,179,"[3, 0, 160, 207, 255, 191, 123, 38]"
606.57818,Unknown Device,2,4,4,183,"[12, 0, 32, 39, 255, 255, 0, 0]"
606.578887,Unknown Device,2,4,2,183,"[212, 0, 96, 64, 255, 255, 0, 0]"
606.579563,Unknown Device,2,4,3,177,"[0, 0, 0, 226, 0, 16, 213, 255]"
606.58026,Unknown Device,5,4,12,179,"[3, 0, 16, 208, 255, 191, 128, 38]"
606.581007,Unknown Device,2,5,32,737,"[0, 0, 0, 0, 0, 64, 0, 0]"
606.58165,Unknown Device,5,4,4,179,"[12, 0, 192, 220, 255, 191, 229, 38]"
606.582333,Unknown Device,5,4,11,179,"[3, 0, 200, 201, 255, 127, 78, 38]"
606.583036,Unknown Device,21,4,20,195,"[241, 223, 6, 160, 1, 4, 0, 5]"
606.583722,Unknown Device,5,4,10,179,"[2, 0, 200, 239, 255, 127, 126, 39]"
606.584419,Unknown Device,2,4,22,177,"[0, 0, 0, 98, 0, 16, 4, 0]"
606.585109,Unknown Device,8,5,1,96,"[0, 0, 0, 0, 0, 0, 0, 192]"
606.585823,Unknown Device,8,5,1,97,"[0, 0, 0, 64, 0, 0, 0, 0]"
606.586513,Unknown Device,2,4,7,177,"[0, 0, 0, 226, 0, 16, 13, 0]"
606.587188,Unknown Device,8,5,1,98,"[0, 4, 32, 0, 0, 0, 0, 0]"
606.587881,Unknown Device,8,5,1,99,"[0, 0, 0, 3, 0, 0, 1, 0]"
606.588585,Unknown Device,2,4,1,177,"[0, 0, 0, 98, 0, 16, 250, 255]"
606.589203,Unknown Device,2,4,3,177,"[0, 0, 0, 226, 0, 16, 199, 255]"
606.589896,Unknown Device,2,5,30,737,"[0, 0, 0, 0, 0, 64, 0, 0]"
606.590593,Unknown Device,2,5,32,736,"[0, 0, 253, 6, 0, 24, 64, 0]"
606.591211,Unknown Device,5,4,4,179,"[254, 255, 167, 220, 255, 127, 229, 38]"
606.591896,Unknown Device,5,4,11,179,"[2, 0, 200, 201, 255, 191, 78, 38]"
606.592594,Unknown,Unknown,Unknown,Unknown,992,"[175, 68, 144, 114, 133, 89, 0, 0]"
606.593211,Unknown Device,21,4,20,180,"[7, 0, 0, 128, 0, 8, 128, 1]"
606.593897,Unknown Device,5,4,10,179,"[2, 0, 200, 239, 255, 127, 126, 39]"
606.594594,Unknown Device,2,4,22,177,"[0, 0, 0, 98, 0, 16, 254, 255]"
606.595226,Unknown Device,2,4,22,183,"[0, 0, 0, 147, 0, 0, 0, 0]"
606.595909,Unknown Device,2,4,7,177,"[0, 0, 0, 226, 0, 16, 12, 0]"
606.596601,Unknown Device,2,4,7,183,"[0, 0, 192, 26, 255, 255, 0, 0]"
606.597222,Unknown Device,2,5,31,736,"[0, 0, 247, 6, 0, 24, 64, 0]"
606.597911,Unknown Device,2,4,4,177,"[0, 0, 0, 98, 0, 16, 31, 0]"
606.598604,Unknown Device,2,4,1,177,"[0, 0, 0, 98, 0, 16, 8, 0]"
606.599225,Unknown,Unknown,Unknown,Unknown,992,"[59, 240, 46, 114, 23, 167, 0, 0]"
606.599906,Unknown Device,2,4,26,177,"[0, 0, 0, 226, 0, 16, 56, 0]"
606.600599,Unknown Device,2,5,32,736,"[0, 0, 253, 6, 0, 24, 64, 0]"
606.60122,Unknown Device,2,5,32,737,"[0, 0, 0, 0, 0, 64, 0, 0]"
606.601909,Unknown Device,5,4,11,179,"[2, 0, 208, 201, 255, 191, 78, 38]"
606.602594,Unknown Device,21,4,20,180,"[7, 0, 0, 128, 0, 8, 128, 1]"
606.603215,Unknown Device,21,4,20,195,"[241, 223, 6, 160, 1, 4, 0, 5]"
606.603897,Unknown Device,5,4,10,179,"[1, 0, 200, 239, 255, 191, 126, 39]"
606.60459,Unknown Device,2,4,22,177,"[0, 0, 0, 98, 0, 16, 255, 255]"
606.6052,Unknown Device,8,5,1,96,"[0, 0, 0, 0, 0, 0, 0, 192]"
606.605895,Unknown Device,8,5,1,97,"[0, 0, 0, 64, 0, 0, 0, 0]"
606.606581,Unknown Device,2,4,7,177,"[0, 0, 0, 226, 0, 16, 14, 0]"
606.607216,Unknown Device,2,5,31,736,"[0, 0, 247, 6, 0, 24, 64, 0]"
606.607905,Unknown Device,5,4,13,179,"[2, 0, 160, 207, 255, 191, 123, 38]"
606.608605,Unknown Device,2,4,1,177,"[0, 0, 0, 98, 0, 16, 254, 255]"
606.609226,Unknown Device,2,5,30,737,"[0, 0, 0, 0, 0, 64, 0, 0]"
606.609915,Unknown Device,2,4,26,177,"[0, 0, 0, 226, 0, 16, 47, 0]"
606.610607,Unknown Device,5,4,12,179,"[3, 0, 16, 208, 255, 191, 128, 38]"
606.611235,Unknown Device,2,5,32,736,"[0, 0, 254, 6, 0, 24, 64, 0]"
606.611992,Unknown Device,5,4,11,179,"[5, 0, 200, 201, 255, 191, 78, 38]"
606.612613,Unknown,Unknown,Unknown,Unknown,992,"[241, 66, 152, 169, 56, 186, 0, 0]"
606.61323,Unknown Device,21,4,20,180,"[7, 0, 0, 128, 0, 8, 128, 1]"
606.613916,Unknown Device,5,4,10,179,"[8, 0, 216, 239, 255, 191, 126, 39]"
606.614606,Unknown Device,2,4,22,177,"[0, 0, 0, 98, 0, 16, 254, 255]"
606.615224,Unknown Device,2,4,22,183,"[0, 0, 0, 147, 0, 0, 0, 0]"
606.615907,Unknown Device,2,4,7,177,"[0, 0, 0, 226, 0, 16, 1, 0]"
606.616597,Unknown Device,2,4,7,183,"[0, 0, 192, 26, 255, 255, 0, 0]"
606.617214,Unknown Device,2,5,31,736,"[0, 0, 247, 6, 0, 24, 64, 0]"
606.6179,Unknown Device,2,4,4,177,"[0, 0, 0, 98, 0, 16, 13, 0]"
606.61859,Unknown Device,2,4,2,177,"[0, 0, 0, 98, 0, 16, 2, 0]"
606.619207,Unknown Device,2,5,30,736,"[0, 0, 248, 6, 0, 22, 64, 0]"
606.619893,Unknown Device,5,4,4,194,"[182, 192, 0, 0, 0, 0, 0, 0]"
606.620619,Unknown Device,2,5,32,736,"[0, 0, 253, 6, 0, 24, 64, 0]"
606.621229,Unknown Device,5,4,4,431,"[0, 0, 0, 0, 1, 26, 19, 128]"
606.621991,Unknown Device,5,4,11,179,"[2, 0, 200, 201, 255, 127, 78, 38]"
606.622612,Unknown Device,21,4,20,180,"[7, 0, 0, 128, 0, 8, 128, 1]"
606.623222,Unknown Device,21,4,20,195,"[241, 223, 6, 160, 1, 4, 0, 5]"
606.623908,Unknown Device,5,4,10,179,"[1, 0, 208, 239, 255, 191, 126, 39]"
606.624613,Unknown Device,2,4,22,177,"[0, 0, 0, 98, 0, 16, 2, 0]"
606.625218,Unknown Device,8,5,1,96,"[0, 0, 0, 0, 0, 0, 0, 192]"
606.625904,Unknown Device,8,5,1,97,"[0, 0, 0, 64, 0, 0, 0, 0]"
606.626616,Unknown Device,2,4,7,177,"[0, 0, 0, 226, 0, 16, 241, 255]"
606.62724,Unknown Device,2,5,31,736,"[0, 0, 248, 6, 0, 24, 64, 0]"
606.627987,Unknown Device,8,5,1,99,"[0, 0, 0, 3, 0, 0, 1, 0]"
606.628623,Unknown Device,2,4,1,177,"[0, 0, 0, 98, 0, 16, 7, 0]"
606.62924,Unknown Device,2,4,3,177,"[0, 0, 0, 226, 0, 16, 220, 255]"
606.629981,Unknown Device,2,4,26,177,"[0, 0, 0, 226, 0, 16, 24, 0]"
606.630624,Unknown Device,2,5,32,736,"[0, 0, 253, 6, 0, 24, 64, 0]"
606.631248,Unknown Device,5,4,4,179,"[10, 0, 184, 220, 255, 127, 229, 38]"
606.631981,Unknown Device,5,4,11,179,"[2, 0, 200, 201, 255, 191, 78, 38]"
606.632638,Unknown Device,21,4,20,180,"[7, 0, 0, 128, 0, 8, 128, 1]"
606.633262,Unknown Device,5,4,10,179,"[4, 0, 208, 239, 255, 191, 126, 39]"
606.633981,Unknown Device,2,4,22,177,"[0, 0, 0, 98, 0, 16, 254, 255]"
606.634631,Unknown Device,2,4,22,183,"[0, 0, 0, 147, 0, 0, 0, 0]"
606.635474,Unknown Device,2,4,7,177,"[0, 0, 0, 226, 0, 16, 12, 0]"
606.635981,Unknown Device,2,4,7,183,"[0, 0, 192, 26, 255, 255, 0, 0]"
606.636638,Unknown Device,2,5,31,736,"[0, 0, 248, 6, 0, 24, 64, 0]"
606.637255,Unknown Device,5,4,13,179,"[2, 0, 160, 207, 255, 191, 123, 38]"
606.637981,Unknown Device,2,4,4,177,"[0, 0, 0, 98, 0, 16, 31, 0]"
606.638631,Unknown Device,2,4,1,177,"[0, 0, 0, 98, 0, 16, 249, 255]"
606.639248,Unknown Device,2,4,1,183,"[0, 0, 0, 189, 255, 255, 0, 0]"
606.639982,Unknown Device,5,4,12,179,"[6, 0, 8, 208, 255, 191, 128, 38]"
606.640632,Unknown Device,2,4,26,183,"[0, 0, 192, 162, 0, 0, 0, 0]"
606.641263,Unknown Device,5,4,13,285,"[0, 0, 0, 0, 24, 0, 0, 0]"
606.641977,Unknown Device,5,4,11,179,"[2, 0, 200, 201, 255, 191, 78, 38]"
606.642638,Unknown Device,5,4,11,194,"[172, 192, 88, 128, 24, 0, 0, 0]"
606.643259,Unknown Device,21,4,20,195,"[241, 223, 6, 160, 1, 4, 0, 5]"
606.64398,Unknown Device,21,4,20,200,"[180, 255, 72, 0, 156, 63, 0, 4]"
606.64464,Unknown Device,2,4,22,177,"[0, 0, 0, 98, 0, 16, 6, 0]"
606.645268,Unknown Device,5,4,10,285,"[0, 0, 0, 0, 24, 0, 0, 0]"
606.645975,Unknown Device,8,5,1,96,"[0, 0, 0, 0, 0, 0, 0, 192]"
606.646642,Unknown Device,8,5,1,97,"[0, 0, 0, 64, 0, 0, 0, 0]"
606.647256,Unknown Device,2,5,31,736,"[0, 0, 248, 6, 0, 24, 64, 0]"
606.647977,Unknown Device,2,4,6,177,"[0, 0, 0, 98, 0, 16, 11, 0]"
606.648631,Unknown Device,2,4,1,177,"[0, 0, 0, 98, 0, 16, 244, 255]"
606.649252,Unknown Device,2,4,5,177,"[0, 0, 0, 98, 0, 16, 10, 0]"
606.649973,Unknown Device,2,5,30,737,"[0, 0, 0, 0, 0, 64, 0, 0]"
606.650647,Unknown Device,2,5,32,736,"[0, 0, 253, 6, 0, 24, 64, 0]"
606.651276,Unknown Device,5,4,4,179,"[4, 0, 184, 220, 255, 191, 229, 38]"
606.651975,Unknown Device,5,4,11,179,"[2, 0, 200, 201, 255, 191, 78, 38]"
606.652656,Unknown Device,21,4,20,180,"[7, 0, 0, 128, 0, 8, 128, 1]"
606.653277,Unknown Device,5,4,10,179,"[1, 0, 200, 239, 255, 191, 126, 39]"
606.653969,Unknown Device,2,4,22,177,"[0, 0, 0, 98, 0, 16, 248, 255]"
606.654651,Unknown Device,2,4,22,183,"[0, 0, 0, 147, 0, 0, 0, 0]"
606.655273,Unknown,Unknown,Unknown,Unknown,992,"[129, 116, 51, 186, 102, 9, 0, 0]"
606.655967,Unknown Device,2,4,7,177,"[0, 0, 0, 226, 0, 16, 24, 0]"
606.656656,Unknown Device,2,4,7,183,"[0, 0, 192, 26, 255, 255, 0, 0]"
606.657274,Unknown Device,2,5,31,736,"[0, 0, 247, 6, 0, 24, 64, 0]"
606.657971,Unknown Device,2,4,6,177,"[0, 0, 0, 98, 0, 16, 0, 0]"
606.6587,Unknown Device,2,4,1,177,"[0, 0, 0, 98, 0, 16, 244, 255]"
606.659311,Unknown Device,2,4,3,177,"[0, 0, 0, 226, 0, 16, 226, 255]"
606.66,Unknown Device,2,4,3,183,"[0, 0, 192, 245, 255, 255, 0, 0]"
606.660671,Unknown Device,2,5,32,737,"[0, 0, 0, 0, 0, 64, 0, 0]"
606.661369,Unknown,Unknown,Unknown,Unknown,992,"[240, 6, 22, 251, 183, 182, 0, 0]"
606.662051,Unknown Device,5,4,11,179,"[2, 0, 208, 201, 255, 191, 78, 38]"
606.662744,Unknown Device,21,4,20,180,"[7, 0, 0, 128, 0, 8, 128, 1]"
606.663441,Unknown,Unknown,Unknown,Unknown,992,"[221, 113, 230, 148, 162, 179, 0, 0]"
606.664145,Unknown Device,5,4,10,179,"[1, 0, 200, 239, 255, 191, 126, 39]"
606.664823,Unknown Device,2,4,22,177,"[0, 0, 0, 98, 0, 16, 253, 255]"
606.66552,Unknown Device,8,5,1,96,"[0, 0, 0, 0, 0, 0, 0, 192]"
606.666217,Unknown Device,8,5,1,97,"[0, 0, 0, 64, 0, 0, 0, 0]"
606.666964,Unknown Device,2,4,7,177,"[0, 0, 0, 226, 0, 16, 34, 0]"
606.667514,Unknown Device,5,4,13,179,"[2, 0, 160, 207, 255, 191, 123, 38]"
606.668217,Unknown Device,2,4,2,177,"[0, 0, 0, 98, 0, 16, 234, 255]"
606.668889,Unknown Device,2,4,1,177,"[0, 0, 0, 98, 0, 16, 2, 0]"
606.669593,Unknown Device,2,4,26,177,"[0, 0, 0, 226, 0, 16, 41, 0]"
606.670268,Unknown Device,5,4,12,179,"[2, 0, 16, 208, 255, 191, 128, 38]"
606.670965,Unknown Device,2,5,32,736,"[0, 0, 252, 6, 0, 24, 64, 0]"
606.671651,Unknown Device,5,4,4,179,"[4, 0, 176, 220, 255, 191, 229, 38]"
606.672341,Unknown Device,5,4,11,179,"[2, 0, 208, 201, 255, 191, 78, 38]"
606.673023,Unknown Device,21,4,20,180,"[7, 0, 0, 128, 0, 8, 128, 1]"
606.673723,Unknown Device,5,4,10,179,"[1, 0, 200, 239, 255, 127, 126, 39]"
606.674413,Unknown Device,2,4,22,177,"[0, 0, 0, 98, 0, 16, 9, 0]"
606.675102,Unknown Device,2,4,22,183,"[0, 0, 0, 147, 0, 0, 0, 0]"
606.675716,Unknown Device,2,4,7,177,"[0, 0, 0, 226, 0, 16, 38, 0]"
606.676406,Unknown Device,2,4,7,183,"[0, 0, 192, 26, 255, 255, 0, 0]"
606.677088,Unknown Device,2,5,31,736,"[0, 0, 247, 6, 0, 24, 64, 0]"
606.677781,Unknown Device,2,4,4,177,"[0, 0, 0, 98, 0, 16, 23, 0]"
606.678464,Unknown Device,2,4,2,177,"[0, 0, 0, 98, 0, 16, 6, 0]"
606.679146,Unknown Device,2,5,30,736,"[0, 0, 248, 6, 0, 22, 64, 0]"
606.679846,Unknown Device,2,4,26,177,"[0, 0, 0, 226, 0, 16, 54, 0]"
606.680558,Unknown Device,2,5,32,736,"[0, 0, 252, 6, 0, 24, 64, 0]"
606.681247,Unknown Device,2,5,32,737,"[0, 0, 0, 0, 0, 64, 0, 0]"
606.681958,Unknown Device,5,4,11,179,"[2, 0, 208, 201, 255, 191, 78, 38]"
606.682594,Unknown Device,21,4,20,180,"[7, 0, 0, 128, 0, 8, 128, 1]"
606.683306,Unknown Device,21,4,20,195,"[241, 223, 6, 160, 1, 4, 0, 5]"
606.683995,Unknown Device,5,4,10,179,"[1, 0, 200, 239, 255, 127, 126, 39]"
606.684688,Unknown Device,2,4,22,177,"[0, 0, 0, 98, 0, 16, 3, 0]"
606.685371,Unknown Device,8,5,1,96,"[0, 0, 0, 0, 0, 0, 0, 192]"
606.686067,Unknown Device,8,5,1,97,"[0, 0, 0, 64, 0, 0, 0, 0]"
606.686703,Unknown Device,2,4,7,177,"[0, 0, 0, 226, 0, 16, 2, 0]"
606.687402,Unknown Device,2,5,31,737,"[0, 0, 0, 0, 0, 64, 0, 0]"
606.688087,Unknown Device,8,5,1,99,"[0, 0, 0, 3, 0, 0, 2, 0]"
606.688783,Unknown Device,2,4,1,177,"[0, 0, 0, 98, 0, 16, 242, 255]"
606.689461,Unknown Device,2,4,5,177,"[0, 0, 0, 98, 0, 16, 247, 255]"
606.690153,Unknown Device,5,4,12,179,"[5, 0, 8, 208, 255, 191, 128, 38]"
606.690778,Unknown Device,2,5,32,736,"[0, 0, 253, 6, 0, 24, 64, 0]"
606.691464,Unknown Device,5,4,4,179,"[0, 0, 168, 220, 255, 191, 229, 38]"
606.692226,Unknown Device,5,4,11,179,"[2, 0, 208, 201, 255, 191, 78, 38]"
606.692947,Unknown Device,21,4,20,180,"[7, 0, 0, 128, 0, 8, 128, 1]"
606.693615,Unknown Device,5,4,10,179,"[1, 0, 200, 239, 255, 191, 126, 39]"
606.694307,Unknown Device,2,4,22,431,"[0, 0, 0, 0, 1, 26, 19, 0]"
606.69495,Unknown Device,2,4,22,193,"[212, 74, 40, 37, 0, 0, 0, 0]"
606.695631,Unknown Device,2,4,22,181,"[0, 0, 0, 192, 89, 20, 24, 0]"
606.69631,Unknown Device,2,4,22,183,"[0, 0, 0, 147, 0, 0, 0, 0]"
606.696952,Unknown Device,2,4,7,177,"[0, 0, 0, 226, 0, 16, 25, 0]"
606.697633,Unknown Device,2,4,8,177,"[0, 0, 0, 98, 0, 16, 247, 255]"
606.698326,Unknown Device,2,4,4,183,"[8, 0, 64, 39, 255, 255, 0, 0]"
606.698947,Unknown Device,2,4,8,183,"[8, 0, 128, 62, 255, 255, 0, 0]"
606.699629,Unknown Device,2,4,26,177,"[0, 0, 0, 226, 0, 16, 54, 0]"
606.700385,Unknown Device,2,4,26,183,"[0, 0, 192, 162, 0, 0, 0, 0]"
606.701084,Unknown Device,5,4,12,179,"[52, 0, 24, 208, 255, 191, 128, 38]"
606.701772,Unknown Device,5,4,4,179,"[10, 0, 192, 220, 255, 191, 229, 38]"
606.70247,Unknown Device,5,4,11,179,"[209, 255, 207, 201, 255, 191, 78, 38]"
606.703087,Unknown Device,21,4,20,195,"[241, 223, 6, 160, 1, 4, 0, 5]"
606.70378,Unknown Device,5,4,10,179,"[23, 0, 208, 239, 255, 191, 126, 39]"
606.704463,Unknown Device,2,4,22,177,"[0, 0, 0, 98, 0, 16, 251, 255]"
606.70515,Unknown Device,8,5,1,96,"[0, 0, 0, 0, 0, 0, 0, 192]"
606.705836,Unknown Device,8,5,1,97,"[0, 0, 0, 64, 0, 0, 0, 0]"
606.706433,Unknown Device,2,4,7,177,"[0, 0, 0, 226, 0, 16, 6, 0]"
606.706957,Unknown Device,2,5,31,736,"[0, 0, 248, 6, 0, 24, 64, 0]"
606.70765,Unknown Device,8,5,1,99,"[0, 0, 0, 3, 0, 0, 2, 0]"
606.708332,Unknown Device,2,4,2,177,"[0, 0, 0, 98, 0, 16, 253, 255]"
606.709036,Unknown Device,2,4,1,177,"[0, 0, 0, 98, 0, 16, 1, 0]"
606.709715,Unknown Device,2,5,30,736,"[0, 0, 249, 6, 0, 22, 64, 0]"
606.710434,Unknown Device,2,5,32,736,"[0, 0, 253, 6, 0, 24, 64, 0]"
606.711123,Unknown Device,5,4,4,179,"[2, 0, 176, 220, 255, 127, 229, 38]"
606.711823,Unknown Device,5,4,11,179,"[2, 0, 200, 201, 255, 127, 78, 38]"
606.712506,Unknown Device,21,4,20,180,"[7, 0, 0, 128, 0, 8, 128, 1]"
606.713209,Unknown Device,5,4,10,179,"[7, 0, 200, 239, 255, 191, 126, 39]"
606.713942,Unknown Device,2,4,22,177,"[0, 0, 0, 98, 0, 16, 251, 255]"
606.714599,Unknown Device,2,4,22,183,"[0, 0, 0, 147, 0, 0, 0, 0]"
606.715594,Unknown Device,2,4,7,431,"[0, 0, 0, 0, 1, 26, 19, 0]"
606.715979,Unknown Device,2,5,31,736,"[0, 0, 248, 6, 0, 24, 64, 0]"
606.716666,Unknown Device,5,4,13,179,"[2, 0, 160, 207, 255, 191, 123, 38]"
606.717363,Unknown Device,2,4,7,285,"[0, 0, 0, 0, 0, 3, 128, 0]"
606.718052,Unknown Device,2,4,4,431,"[0, 0, 0, 0, 1, 26, 19, 0]"
606.718753,Unknown Device,2,4,7,181,"[255, 127, 0, 0, 91, 19, 24, 20]"
606.719436,Unknown Device,2,4,8,193,"[0, 243, 199, 46, 0, 0, 0, 0]"
606.720132,Unknown Device,2,4,4,182,"[0, 0, 192, 81, 255, 255, 0, 0]"
606.720818,Unknown Device,2,4,4,183,"[8, 0, 32, 39, 255, 255, 0, 0]"
606.721479,Unknown Device,2,4,7,185,"[0, 0, 0, 0, 0, 0, 0, 128]"
606.722175,Unknown Device,2,4,6,183,"[28, 0, 32, 191, 255, 255, 0, 0]"
606.722937,Unknown Device,2,4,4,187,"[0, 0, 4, 0, 0, 0, 0, 0]"
606.72358,Unknown Device,2,4,2,431,"[0, 0, 0, 0, 1, 26, 19, 0]"
606.724277,Unknown Device,2,4,1,193,"[0, 243, 199, 46, 0, 0, 0, 0]"
606.724966,Unknown Device,2,4,26,431,"[0, 0, 0, 0, 1, 26, 19, 128]"
606.725667,Unknown Device,2,4,5,177,"[0, 0, 0, 98, 0, 16, 15, 0]"
606.726349,Unknown Device,2,4,5,181,"[248, 127, 0, 0, 91, 19, 24, 21]"
606.727046,Unknown Device,2,4,26,193,"[104, 198, 41, 41, 0, 0, 0, 0]"
606.727732,Unknown Device,2,4,8,177,"[0, 0, 0, 98, 0, 16, 254, 255]"
606.728436,Unknown Device,2,4,1,184,"[0, 0, 0, 0, 0, 0, 0, 128]"
606.729118,Unknown Device,2,4,2,185,"[0, 0, 0, 0, 0, 0, 0, 128]"
606.729811,Unknown Device,2,4,5,186,"[8, 0, 0, 0, 0, 0, 0, 0]"
606.730494,Unknown Device,2,4,26,186,"[12, 0, 0, 0, 0, 0, 0, 0]"
606.73119,Unknown Device,2,4,2,177,"[0, 0, 0, 98, 0, 16, 4, 0]"
606.731934,Unknown Device,2,5,30,736,"[0, 0, 249, 6, 0, 22, 64, 0]"
606.73258,Unknown Device,2,4,3,181,"[232, 127, 0, 0, 91, 20, 25, 20]"
606.733258,Unknown Device,2,5,32,736,"[0, 0, 253, 6, 0, 24, 64, 0]"
606.73395,Unknown Device,5,4,4,179,"[253, 255, 167, 220, 255, 127, 229, 38]"
606.734639,Unknown Device,2,4,22,177,"[0, 0, 0, 98, 0, 16, 249, 255]"
606.735339,Unknown Device,5,4,11,179,"[2, 0, 200, 201, 255, 191, 78, 38]"
606.736023,Unknown Device,8,5,1,97,"[0, 0, 0, 64, 0, 0, 0, 0]"
606.736719,Unknown Device,21,4,20,180,"[7, 0, 0, 128, 0, 8, 128, 1]"
606.737398,Unknown Device,2,5,31,736,"[0, 0, 248, 6, 0, 24, 64, 0]"
606.738103,Unknown Device,2,4,6,177,"[0, 0, 0, 98, 0, 16, 241, 255]"
606.738785,Unknown Device,2,4,6,183,"[4, 0, 64, 191, 255, 255, 0, 0]"
606.739478,Unknown Device,2,4,3,177,"[0, 0, 0, 226, 0, 16, 217, 255]"
606.740162,Unknown Device,2,4,3,183,"[0, 0, 192, 245, 255, 255, 0, 0]"
606.740926,Unknown Device,5,4,12,179,"[2, 0, 8, 208, 255, 127, 128, 38]"
606.741579,Unknown Device,5,4,4,179,"[6, 0, 184, 220, 255, 63, 229, 38]"
606.742279,Unknown Device,5,4,11,179,"[2, 0, 200, 201, 255, 191, 78, 38]"
606.742963,Unknown Device,21,4,20,180,"[7, 0, 0, 128, 0, 8, 128, 1]"
606.743659,Unknown Device,21,4,20,198,"[1, 0, 240, 255, 255, 0, 0, 144]"
606.744344,Unknown Device,21,4,20,205,"[0, 0, 0, 0, 0, 0, 0, 0]"
606.745043,Unknown Device,21,4,20,206,"[201, 255, 96, 0, 106, 2, 0, 0]"
606.745732,Unknown Device,8,5,1,96,"[0, 0, 0, 0, 0, 0, 0, 192]"
606.746431,Unknown Device,8,5,1,97,"[0, 0, 0, 64, 0, 0, 0, 0]"
606.747114,Unknown Device,8,5,1,98,"[0, 4, 32, 0, 0, 0, 0, 0]"
606.747807,Unknown Device,8,5,1,99,"[0, 0, 0, 3, 0, 0, 2, 0]"
606.748497,Unknown Device,2,4,1,177,"[0, 0, 0, 98, 0, 16, 15, 0]"
606.749193,Unknown Device,2,5,30,737,"[0, 0, 0, 0, 0, 64, 0, 0]"
606.749926,Unknown Device,2,4,26,177,"[0, 0, 0, 226, 0, 16, 2, 0]"
606.751191,Unknown Device,2,5,32,736,"[0, 0, 252, 6, 0, 24, 64, 0]"
606.751834,Unknown Device,5,4,4,179,"[5, 0, 176, 220, 255, 191, 229, 38]"
606.752395,Unknown Device,5,4,11,179,"[2, 0, 200, 201, 255, 191, 78, 38]"
606.752983,Unknown Device,21,4,20,180,"[7, 0, 0, 128, 0, 8, 128, 1]"
606.75349,Unknown Device,5,4,10,179,"[1, 0, 208, 239, 255, 191, 126, 39]"
606.754021,Unknown Device,2,4,22,177,"[0, 0, 0, 98, 0, 16, 2, 0]"
606.754577,Unknown Device,2,4,22,183,"[0, 0, 0, 147, 0, 0, 0, 0]"
606.755363,Unknown Device,2,4,7,177,"[0, 0, 0, 226, 0, 16, 1, 0]"
606.755728,Unknown Device,2,4,7,183,"[0, 0, 192, 26, 255, 255, 0, 0]"
606.756267,Unknown Device,2,5,31,736,"[0, 0, 248, 6, 0, 24, 64, 0]"
606.756802,Unknown Device,5,4,13,179,"[2, 0, 160, 207, 255, 191, 123, 38]"
606.757334,Unknown Device,2,4,8,177,"[0, 0, 0, 98, 0, 16, 247, 255]"
606.757915,Unknown Device,2,4,4,183,"[8, 0, 32, 39, 255, 255, 0, 0]"
606.75868,Unknown Device,2,4,1,177,"[0, 0, 0, 98, 0, 16, 8, 0]"
606.75932,Unknown Device,2,4,3,177,"[0, 0, 0, 226, 0, 16, 222, 255]"
606.760103,Unknown Device,5,4,12,179,"[2, 0, 8, 208, 255, 191, 128, 38]"
606.760796,Unknown Device,2,5,32,737,"[0, 0, 0, 0, 0, 64, 0, 0]"
606.761471,Unknown Device,5,4,4,179,"[4, 0, 184, 220, 255, 127, 229, 38]"
606.762168,Unknown Device,5,4,11,179,"[2, 0, 208, 201, 255, 191, 78, 38]"
606.762915,Unknown Device,21,4,20,195,"[241, 223, 6, 160, 1, 4, 0, 5]"
606.763558,Unknown,Unknown,Unknown,Unknown,992,"[58, 224, 179, 187, 176, 143, 0, 0]"
606.764247,Unknown Device,5,4,10,179,"[239, 255, 207, 239, 255, 191, 126, 39]"
606.764937,Unknown Device,2,4,22,177,"[0, 0, 0, 98, 0, 16, 245, 255]"
606.76563,Unknown Device,8,5,1,96,"[0, 0, 0, 0, 0, 0, 0, 192]"
606.766269,Unknown Device,8,5,1,97,"[0, 0, 0, 64, 0, 0, 0, 0]"
606.766952,Unknown Device,2,4,7,177,"[0, 0, 0, 226, 0, 16, 17, 0]"
606.767638,Unknown Device,2,4,8,177,"[0, 0, 0, 98, 0, 16, 247, 255]"
606.768278,Unknown Device,8,5,1,100,"[139, 6, 144, 128, 0, 28, 0, 0]"
606.768952,Unknown Device,2,4,1,177,"[0, 0, 0, 98, 0, 16, 2, 0]"
606.769638,Unknown Device,2,5,30,736,"[0, 0, 249, 6, 0, 22, 64, 0]"
606.770357,Unknown Device,2,5,32,736,"[0, 0, 253, 6, 0, 24, 64, 0]"
606.771053,Unknown Device,5,4,4,179,"[5, 0, 184, 220, 255, 63, 229, 38]"
606.771746,Unknown Device,5,4,11,179,"[243, 255, 207, 201, 255, 191, 78, 38]"
606.772444,Unknown Device,21,4,20,180,"[7, 0, 0, 128, 0, 8, 128, 1]"
606.773132,Unknown Device,5,4,10,179,"[4, 0, 200, 239, 255, 191, 126, 39]"
606.773832,Unknown Device,2,4,22,177,"[0, 0, 0, 98, 0, 16, 249, 255]"
606.774479,Unknown Device,2,4,22,183,"[0, 0, 0, 147, 0, 0, 0, 0]"
606.775403,Unknown Device,2,4,7,177,"[0, 0, 0, 226, 0, 16, 24, 0]"
606.77591,Unknown Device,2,4,7,183,"[0, 0, 192, 26, 255, 255, 0, 0]"
606.776555,Unknown Device,2,5,31,736,"[0, 0, 247, 6, 0, 24, 64, 0]"
606.777183,Unknown Device,5,4,13,179,"[2, 0, 160, 207, 255, 191, 123, 38]"
606.777911,Unknown Device,2,4,4,177,"[0, 0, 0, 98, 0, 16, 25, 0]"
606.778501,Unknown Device,2,4,6,183,"[16, 0, 32, 191, 255, 255, 0, 0]"
606.7792,Unknown Device,2,5,30,736,"[0, 0, 249, 6, 0, 22, 64, 0]"
606.779825,Unknown Device,2,4,8,183,"[8, 0, 128, 62, 255, 255, 0, 0]"
606.780525,Unknown Device,2,5,32,737,"[0, 0, 0, 0, 0, 64, 0, 0]"
606.78116,Unknown Device,5,4,12,179,"[2, 0, 8, 208, 255, 191, 128, 38]"
606.781923,Unknown Device,5,4,11,179,"[1, 0, 200, 201, 255, 191, 78, 38]"
606.782562,Unknown Device,21,4,20,180,"[8, 0, 0, 128, 0, 8, 128, 1]"
606.783247,Unknown Device,21,4,20,195,"[241, 223, 6, 160, 1, 4, 0, 5]"
606.78394,Unknown Device,5,4,10,179,"[1, 0, 200, 239, 255, 191, 126, 39]"
606.784628,Unknown Device,2,4,22,177,"[0, 0, 0, 98, 0, 16, 3, 0]"
606.785321,Unknown Device,8,5,1,96,"[0, 0, 0, 0, 0, 0, 0, 192]"
606.786013,Unknown Device,8,5,1,97,"[0, 0, 0, 64, 0, 0, 0, 0]"
606.786694,Unknown Device,2,4,7,177,"[0, 0, 0, 226, 0, 16, 25, 0]"
606.787288,Unknown Device,2,5,31,737,"[0, 0, 0, 0, 0, 64, 0, 0]"
606.787916,Unknown Device,2,4,6,177,"[0, 0, 0, 98, 0, 16, 248, 255]"
606.788619,Unknown Device,2,4,1,177,"[0, 0, 0, 98, 0, 16, 5, 0]"
606.789254,Unknown Device,2,4,3,177,"[0, 0, 0, 226, 0, 16, 209, 255]"
606.789947,Unknown Device,5,4,12,179,"[23, 0, 24, 208, 255, 191, 128, 38]"
606.790579,Unknown Device,2,5,32,736,"[0, 0, 252, 6, 0, 24, 64, 0]"
606.791271,Unknown Device,5,4,4,179,"[2, 0, 176, 220, 255, 127, 229, 38]"
606.791904,Unknown Device,5,4,11,179,"[1, 0, 208, 201, 255, 191, 78, 38]"
606.79259,Unknown Device,21,4,20,180,"[8, 0, 0, 128, 0, 8, 128, 1]"
606.793284,Unknown Device,5,4,10,179,"[1, 0, 200, 239, 255, 191, 126, 39]"
606.793966,Unknown Device,2,4,22,177,"[0, 0, 0, 98, 0, 16, 247, 255]"
606.794666,Unknown Device,2,4,22,183,"[0, 0, 0, 147, 0, 0, 0, 0]"
606.795349,Unknown Device,2,4,7,177,"[0, 0, 0, 226, 0, 16, 253, 255]"
606.796041,Unknown Device,2,4,7,183,"[0, 0, 192, 26, 255, 255, 0, 0]"
606.796727,Unknown Device,2,5,31,736,"[0, 0, 248, 6, 0, 24, 64, 0]"
606.797366,Unknown Device,5,4,13,179,"[2, 0, 160, 207, 255, 191, 123, 38]"
606.797984,Unknown Device,2,4,4,183,"[4, 0, 64, 39, 255, 255, 0, 0]"
606.798605,Unknown Device,2,4,8,183,"[8, 0, 128, 62, 255, 255, 0, 0]"
606.799302,Unknown Device,2,4,5,177,"[0, 0, 0, 98, 0, 16, 246, 255]"
606.80002,Unknown Device,2,4,3,183,"[0, 0, 192, 245, 255, 255, 0, 0]"
606.800706,Unknown Device,2,5,32,737,"[0, 0, 0, 0, 0, 64, 0, 0]"
606.801403,Unknown Device,5,4,4,179,"[2, 0, 176, 220, 255, 191, 229, 38]"
606.802092,Unknown Device,5,4,11,179,"[1, 0, 208, 201, 255, 191, 78, 38]"
606.8028,Unknown Device,21,4,20,195,"[241, 223, 6, 160, 1, 4, 0, 5]"
606.803382,Unknown Device,5,4,10,179,"[4, 0, 200, 239, 255, 191, 126, 39]"
606.804057,Unknown Device,2,4,22,177,"[0, 0, 0, 98, 0, 16, 252, 255]"
606.804749,Unknown Device,8,5,1,96,"[0, 0, 0, 0, 0, 0, 0, 192]"
606.805447,Unknown Device,8,5,1,97,"[0, 0, 0, 64, 0, 0, 0, 0]"
606.80615,Unknown Device,2,4,7,177,"[0, 0, 0, 226, 0, 16, 22, 0]"
606.806898,Unknown Device,8,5,1,98,"[0, 8, 32, 0, 0, 0, 0, 0]"
606.807526,Unknown Device,5,4,13,179,"[2, 0, 160, 207, 255, 191, 123, 38]"
606.808222,Unknown Device,2,4,2,177,"[0, 0, 0, 98, 0, 16, 17, 0]"
606.80892,Unknown Device,2,4,1,177,"[0, 0, 0, 98, 0, 16, 240, 255]"
606.809613,Unknown Device,2,4,26,177,"[0, 0, 0, 226, 0, 16, 23, 0]"
606.81031,Unknown Device,2,5,32,736,"[0, 0, 252, 6, 0, 24, 64, 0]"
606.810999,Unknown Device,5,4,4,179,"[6, 0, 184, 220, 255, 63, 229, 38]"
606.811692,Unknown Device,5,4,11,179,"[1, 0, 208, 201, 255, 191, 78, 38]"
606.812404,Unknown Device,21,4,20,180,"[8, 0, 0, 128, 0, 8, 128, 1]"
606.813118,Unknown Device,5,4,10,179,"[4, 0, 200, 239, 255, 127, 126, 39]"
606.813746,Unknown Device,2,4,22,177,"[0, 0, 0, 98, 0, 16, 1, 0]"
606.814443,Unknown Device,2,4,22,183,"[0, 0, 0, 147, 0, 0, 0, 0]"
606.815133,Unknown,Unknown,Unknown,Unknown,992,"[21, 46, 19, 107, 57, 193, 0, 0]"
606.815893,Unknown Device,2,4,7,177,"[0, 0, 0, 226, 0, 16, 13, 0]"
606.816543,Unknown Device,2,4,7,183,"[0, 0, 192, 26, 255, 255, 0, 0]"
606.817232,Unknown Device,2,5,31,736,"[0, 0, 247, 6, 0, 24, 64, 0]"
606.817929,Unknown Device,2,4,4,177,"[0, 0, 0, 98, 0, 16, 5, 0]"
606.818629,Unknown Device,2,4,4,183,"[4, 0, 64, 39, 255, 255, 0, 0]"
606.819312,Unknown Device,2,4,3,177,"[0, 0, 0, 226, 0, 16, 210, 255]"
606.820016,Unknown Device,5,4,12,179,"[5, 0, 8, 208, 255, 191, 128, 38]"
606.820716,Unknown Device,2,5,32,737,"[0, 0, 0, 0, 0, 64, 0, 0]"
606.821411,Unknown Device,5,4,4,179,"[253, 255, 175, 220, 255, 191, 229, 38]"
606.822103,Unknown Device,5,4,11,179,"[1, 0, 208, 201, 255, 191, 78, 38]"
606.822798,Unknown Device,21,4,20,180,"[8, 0, 0, 128, 0, 8, 128, 1]"
606.823484,Unknown Device,21,4,20,195,"[241, 223, 6, 160, 1, 4, 0, 5]"
606.824176,Unknown Device,5,4,10,179,"[4, 0, 200, 239, 255, 191, 126, 39]"
606.824889,Unknown Device,2,4,22,177,"[0, 0, 0, 98, 0, 16, 250, 255]"
606.825585,Unknown Device,8,5,1,96,"[0, 0, 0, 0, 0, 0, 0, 192]"
606.82627,Unknown Device,8,5,1,97,"[0, 0, 0, 64, 0, 0, 0, 0]"
606.82697,Unknown Device,2,4,7,177,"[0, 0, 0, 226, 0, 16, 244, 255]"
606.827658,Unknown Device,2,4,8,177,"[0, 0, 0, 98, 0, 16, 236, 255]"
606.828351,Unknown Device,8,5,1,100,"[139, 6, 144, 128, 0, 28, 0, 0]"
606.82905,Unknown Device,2,4,1,177,"[0, 0, 0, 98, 0, 16, 253, 255]"
606.829774,Unknown Device,2,5,30,736,"[0, 0, 249, 6, 0, 22, 64, 0]"
606.830459,Unknown Device,5,4,12,179,"[1, 0, 8, 208, 255, 191, 128, 38]"
606.831158,Unknown Device,5,4,4,179,"[1, 0, 176, 220, 255, 63, 229, 38]"
606.831886,Unknown Device,5,4,11,179,"[208, 255, 207, 201, 255, 127, 78, 38]"
606.832539,Unknown Device,21,4,20,180,"[8, 0, 0, 128, 0, 8, 128, 1]"
606.833245,Unknown Device,5,4,10,179,"[22, 0, 208, 239, 255, 191, 126, 39]"
606.833937,Unknown Device,2,4,22,177,"[0, 0, 0, 98, 0, 16, 248, 255]"
606.834626,Unknown Device,2,4,22,183,"[0, 0, 0, 147, 0, 0, 0, 0]"
606.835376,Unknown Device,2,4,7,177,"[0, 0, 0, 226, 0, 16, 254, 255]"
606.836,Unknown Device,2,4,7,183,"[0, 0, 192, 26, 255, 255, 0, 0]"
606.836682,Unknown Device,2,5,31,736,"[0, 0, 248, 6, 0, 24, 64, 0]"
606.837315,Unknown Device,2,4,8,177,"[0, 0, 0, 98, 0, 16, 247, 255]"
606.838004,Unknown Device,2,4,6,177,"[0, 0, 0, 98, 0, 16, 5, 0]"
606.838697,Unknown Device,2,4,6,183,"[88, 0, 64, 191, 255, 255, 0, 0]"
606.839401,Unknown Device,2,4,3,177,"[0, 0, 0, 226, 0, 16, 208, 255]"
606.840083,Unknown Device,5,4,12,179,"[1, 0, 8, 208, 255, 191, 128, 38]"
606.840777,Unknown Device,2,5,32,737,"[0, 0, 0, 0, 0, 64, 0, 0]"
606.841488,Unknown Device,5,4,4,179,"[3, 0, 176, 220, 255, 127, 229, 38]"
606.842185,Unknown Device,5,4,11,179,"[4, 0, 200, 201, 255, 191, 78, 38]"
606.842882,Unknown Device,21,4,20,195,"[241, 223, 6, 160, 1, 4, 0, 5]"
606.843568,Unknown Device,21,4,20,200,"[140, 255, 100, 0, 176, 63, 0, 4]"
606.844257,Unknown Device,5,4,10,179,"[3, 0, 208, 239, 255, 191, 126, 39]"
606.844882,Unknown Device,2,4,22,177,"[0, 0, 0, 98, 0, 16, 253, 255]"
606.845381,Unknown Device,8,5,1,96,"[0, 0, 0, 0, 0, 0, 0, 192]"
606.845927,Unknown Device,8,5,1,97,"[0, 0, 0, 64, 0, 0, 0, 0]"
606.846497,Unknown Device,2,4,7,177,"[0, 0, 0, 226, 0, 16, 250, 255]"
606.847079,Unknown Device,2,5,31,737,"[0, 0, 0, 0, 0, 64, 0, 0]"
606.84765,Unknown Device,2,4,4,177,"[0, 0, 0, 98, 0, 16, 10, 0]"
606.848224,Unknown Device,2,4,2,177,"[0, 0, 0, 98, 0, 16, 1, 0]"
606.848885,Unknown Device,2,5,30,736,"[0, 0, 248, 6, 0, 22, 64, 0]"
606.849334,Unknown Device,2,4,26,177,"[0, 0, 0, 226, 0, 16, 243, 255]"
606.84993,Unknown Device,5,4,12,179,"[4, 0, 24, 208, 255, 191, 128, 38]"
606.850486,Unknown Device,2,5,32,736,"[0, 0, 253, 6, 0, 24, 64, 0]"
606.85106,Unknown Device,5,4,4,179,"[12, 0, 184, 220, 255, 255, 229, 38]"
606.851638,Unknown Device,5,4,11,179,"[7, 0, 208, 201, 255, 191, 78, 38]"
606.852241,Unknown Device,21,4,20,180,"[8, 0, 0, 128, 0, 8, 128, 1]"
606.852849,Unknown Device,5,4,10,179,"[3, 0, 208, 239, 255, 191, 126, 39]"
606.853425,Unknown Device,2,4,22,177,"[0, 0, 0, 98, 0, 16, 244, 255]"
606.854006,Unknown Device,2,4,22,183,"[0, 0, 0, 147, 0, 0, 0, 0]"
606.85538,Unknown Device,2,4,7,177,"[0, 0, 0, 226, 0, 16, 17, 0]"
606.855566,Unknown Device,2,4,7,183,"[0, 0, 192, 26, 255, 255, 0, 0]"
606.855769,Unknown Device,2,5,31,736,"[0, 0, 248, 6, 0, 24, 64, 0]"
606.856191,Unknown Device,5,4,13,179,"[1, 0, 160, 207, 255, 191, 123, 38]"
606.856769,Unknown Device,2,4,8,177,"[0, 0, 0, 98, 0, 16, 247, 255]"
606.857323,Unknown Device,2,4,4,177,"[0, 0, 0, 98, 0, 16, 54, 0]"
606.857875,Unknown Device,2,4,6,177,"[0, 0, 0, 98, 0, 16, 242, 255]"
606.85841,Unknown Device,2,4,2,183,"[16, 0, 96, 64, 255, 255, 0, 0]"
606.858999,Unknown Device,2,4,1,183,"[0, 0, 0, 189, 255, 255, 0, 0]"
606.859563,Unknown Device,2,4,26,177,"[0, 0, 0, 226, 0, 16, 18, 0]"
606.860173,Unknown Device,2,4,26,183,"[0, 0, 192, 162, 0, 0, 0, 0]"
606.860877,Unknown Device,2,5,31,752,"[0, 0, 0, 0, 209, 234, 141, 42]"
606.861563,Unknown Device,5,4,4,179,"[1, 0, 168, 220, 255, 63, 229, 38]"
606.862252,Unknown Device,5,4,11,179,"[1, 0, 208, 201, 255, 191, 78, 38]"
606.862942,Unknown Device,21,4,20,195,"[241, 223, 6, 160, 1, 4, 0, 5]"
606.863628,Unknown Device,5,4,10,179,"[245, 255, 207, 239, 255, 191, 126, 39]"
606.864333,Unknown Device,2,4,22,177,"[0, 0, 0, 98, 0, 16, 250, 255]"
606.865014,Unknown Device,8,5,1,96,"[0, 0, 0, 0, 0, 0, 0, 192]"
606.865707,Unknown Device,8,5,1,97,"[0, 0, 0, 64, 0, 0, 0, 0]"
606.866396,Unknown Device,2,4,7,177,"[0, 0, 0, 226, 0, 16, 18, 0]"
606.867088,Unknown Device,8,5,1,98,"[0, 8, 32, 0, 0, 0, 0, 0]"
606.86779,Unknown Device,2,4,4,177,"[0, 0, 0, 98, 0, 16, 30, 0]"
606.868483,Unknown Device,2,4,1,177,"[0, 0, 0, 98, 0, 16, 255, 255]"
606.869168,Unknown Device,2,5,30,737,"[0, 0, 0, 0, 0, 64, 0, 0]"
606.869882,Unknown Device,5,4,4,431,"[0, 0, 0, 0, 1, 26, 19, 128]"
606.870556,Unknown Device,5,4,12,179,"[1, 0, 16, 208, 255, 191, 128, 38]"
606.871255,Unknown Device,5,4,4,179,"[5, 0, 176, 220, 255, 127, 229, 38]"
606.871934,Unknown Device,5,4,11,179,"[1, 0, 208, 201, 255, 191, 78, 38]"
606.872636,Unknown Device,21,4,20,180,"[8, 0, 0, 128, 0, 8, 128, 1]"
606.873318,Unknown Device,5,4,10,179,"[3, 0, 200, 239, 255, 127, 126, 39]"
606.874017,Unknown Device,2,4,22,177,"[0, 0, 0, 98, 0, 16, 249, 255]"
606.874698,Unknown Device,2,4,22,183,"[0, 0, 0, 147, 0, 0, 0, 0]"
606.875392,Unknown Device,2,4,7,177,"[0, 0, 0, 226, 0, 16, 21, 0]"
606.876073,Unknown Device,2,4,7,183,"[0, 0, 192, 26, 255, 255, 0, 0]"
606.876769,Unknown Device,2,5,31,736,"[0, 0, 248, 6, 0, 24, 64, 0]"
606.877454,Unknown Device,5,4,13,179,"[1, 0, 160, 207, 255, 191, 123, 38]"
606.878153,Unknown Device,2,4,6,177,"[0, 0, 0, 98, 0, 16, 251, 255]"
606.878874,Unknown Device,2,4,4,183,"[4, 0, 64, 39, 255, 255, 0, 0]"
606.879548,Unknown Device,2,4,5,177,"[0, 0, 0, 98, 0, 16, 240, 255]"
606.880226,Unknown Device,2,4,26,183,"[0, 0, 192, 162, 0, 0, 0, 0]"
606.880918,Unknown Device,5,4,12,179,"[1, 0, 16, 208, 255, 191, 128, 38]"
606.881621,Unknown Device,5,4,4,179,"[9, 0, 184, 220, 255, 191, 229, 38]"
606.882319,Unknown Device,5,4,11,179,"[1, 0, 200, 201, 255, 191, 78, 38]"
606.883001,Unknown Device,21,4,20,195,"[241, 223, 6, 160, 1, 4, 0, 5]"
606.883701,Unknown Device,5,4,10,179,"[3, 0, 200, 239, 255, 191, 126, 39]"
606.884384,Unknown Device,2,4,22,177,"[0, 0, 0, 98, 0, 16, 3, 0]"
606.885085,Unknown Device,8,5,1,96,"[0, 0, 0, 0, 0, 0, 0, 192]"
606.885771,Unknown Device,8,5,1,97,"[0, 0, 0, 64, 0, 0, 0, 0]"
606.886461,Unknown,Unknown,Unknown,Unknown,992,"[83, 14, 89, 145, 11, 245, 0, 0]"
606.88715,Unknown Device,2,5,31,736,"[0, 0, 248, 6, 0, 24, 64, 0]"
606.887883,Unknown Device,5,4,13,179,"[1, 0, 160, 207, 255, 191, 123, 38]"
606.888569,Unknown Device,2,4,2,177,"[0, 0, 0, 98, 0, 16, 245, 255]"
606.889266,Unknown Device,2,4,3,177,"[0, 0, 0, 226, 0, 16, 194, 255]"
606.889948,Unknown Device,5,4,12,179,"[1, 0, 16, 208, 255, 191, 128, 38]"
606.89067,Unknown Device,5,4,12,431,"[0, 0, 0, 1, 1, 26, 19, 0]"
606.891353,Unknown,Unknown,Unknown,Unknown,992,"[180, 225, 72, 142, 134, 10, 0, 0]"
606.892057,Unknown Device,5,4,11,179,"[1, 0, 200, 201, 255, 127, 78, 38]"
606.892742,Unknown Device,5,4,11,431,"[0, 0, 0, 1, 1, 26, 19, 0]"
606.893411,Unknown Device,5,4,11,285,"[0, 0, 0, 0, 24, 0, 0, 0]"
606.894093,Unknown Device,5,4,10,179,"[19, 0, 216, 239, 255, 127, 126, 39]"
606.894862,Unknown Device,2,4,22,183,"[0, 0, 0, 147, 0, 0, 0, 0]"
606.89549,Unknown Device,5,4,10,285,"[0, 0, 0, 0, 24, 0, 0, 0]"
606.896187,Unknown Device,2,4,7,177,"[0, 0, 0, 226, 0, 16, 18, 0]"
606.896862,Unknown Device,2,4,7,183,"[0, 0, 192, 26, 255, 255, 0, 0]"
606.897563,Unknown Device,5,4,13,179,"[1, 0, 160, 207, 255, 191, 123, 38]"
606.898245,Unknown Device,2,4,2,177,"[0, 0, 0, 98, 0, 16, 244, 255]"
606.898942,Unknown Device,2,5,30,736,"[0, 0, 248, 6, 0, 22, 64, 0]"
606.89962,Unknown Device,2,4,26,177,"[0, 0, 0, 226, 0, 16, 33, 0]"
606.900318,Unknown Device,2,4,26,183,"[0, 0, 192, 162, 0, 0, 0, 0]"
606.901,Unknown Device,5,4,12,179,"[1, 0, 16, 208, 255, 191, 128, 38]"
606.901693,Unknown Device,5,4,4,179,"[0, 0, 168, 220, 255, 127, 229, 38]"
606.902383,Unknown Device,5,4,11,179,"[1, 0, 200, 201, 255, 191, 78, 38]"
606.903079,Unknown Device,21,4,20,195,"[241, 223, 6, 160, 1, 4, 0, 5]"
606.903765,Unknown Device,5,4,10,179,"[6, 0, 200, 239, 255, 191, 126, 39]"
606.904455,Unknown Device,2,4,22,177,"[0, 0, 0, 98, 0, 16, 1, 0]"
606.905144,Unknown,Unknown,Unknown,Unknown,992,"[229, 99, 27, 107, 106, 98, 0, 0]"
606.905863,Unknown Device,8,5,1,96,"[0, 0, 0, 0, 0, 0, 0, 192]"
606.906556,Unknown Device,8,5,1,97,"[0, 0, 0, 64, 0, 0, 0, 0]"
606.907259,Unknown Device,2,5,31,736,"[0, 0, 247, 6, 0, 24, 64, 0]"
606.907942,Unknown Device,2,4,6,177,"[0, 0, 0, 98, 0, 16, 255, 255]"
606.908643,Unknown Device,2,4,1,177,"[0, 0, 0, 98, 0, 16, 254, 255]"
606.909325,Unknown Device,2,4,3,177,"[0, 0, 0, 226, 0, 16, 218, 255]"
606.910015,Unknown Device,5,4,12,179,"[255, 255, 15, 208, 255, 191, 128, 38]"
606.910708,Unknown Device,2,5,32,736,"[0, 0, 252, 6, 0, 24, 64, 0]"
606.911403,Unknown Device,5,4,4,179,"[6, 0, 184, 220, 255, 191, 229, 38]"
606.912088,Unknown Device,5,4,11,179,"[16, 0, 216, 201, 255, 191, 78, 38]"
606.912783,Unknown Device,21,4,20,180,"[8, 0, 0, 128, 0, 8, 128, 1]"
606.91347,Unknown Device,5,4,10,179,"[25, 0, 216, 239, 255, 191, 126, 39]"
606.914168,Unknown Device,2,4,22,177,"[0, 0, 0, 98, 0, 16, 252, 255]"
606.914861,Unknown Device,2,4,22,183,"[0, 0, 0, 147, 0, 0, 0, 0]"
606.915554,Unknown Device,2,4,7,177,"[0, 0, 0, 226, 0, 16, 19, 0]"
606.916239,Unknown Device,2,4,7,183,"[0, 0, 192, 26, 255, 255, 0, 0]"
606.916932,Unknown Device,2,5,31,736,"[0, 0, 247, 6, 0, 24, 64, 0]"
606.91762,Unknown Device,5,4,13,179,"[1, 0, 160, 207, 255, 191, 123, 38]"
606.918313,Unknown Device,2,4,2,177,"[0, 0, 0, 98, 0, 16, 7, 0]"
606.918998,Unknown Device,2,4,6,183,"[100, 0, 96, 191, 255, 255, 0, 0]"
606.919693,Unknown Device,2,4,26,177,"[0, 0, 0, 226, 0, 16, 10, 0]"
606.920379,Unknown Device,2,5,32,736,"[0, 0, 252, 6, 0, 24, 64, 0]"
606.921099,Unknown Device,5,4,12,179,"[1, 0, 8, 208, 255, 191, 128, 38]"
606.92178,Unknown Device,5,4,11,179,"[1, 0, 208, 201, 255, 191, 78, 38]"
606.92248,Unknown Device,21,4,20,180,"[8, 0, 0, 128, 0, 8, 128, 1]"
606.923158,Unknown Device,21,4,20,195,"[241, 223, 6, 160, 1, 4, 0, 5]"
606.923858,Unknown Device,5,4,10,179,"[6, 0, 200, 239, 255, 191, 126, 39]"
606.924532,Unknown Device,2,4,22,177,"[0, 0, 0, 98, 0, 16, 2, 0]"
606.925232,Unknown Device,8,5,1,96,"[0, 0, 0, 0, 0, 0, 0, 192]"
606.925932,Unknown Device,8,5,1,97,"[0, 0, 0, 64, 0, 0, 0, 0]"
606.926635,Unknown Device,2,4,7,177,"[0, 0, 0, 226, 0, 16, 19, 0]"
606.927318,Unknown Device,2,5,31,737,"[0, 0, 0, 0, 0, 64, 0, 0]"
606.928014,Unknown Device,2,4,6,177,"[0, 0, 0, 98, 0, 16, 30, 0]"
606.928714,Unknown Device,8,5,1,100,"[139, 6, 144, 128, 0, 28, 0, 0]"
606.929404,Unknown Device,2,4,5,177,"[0, 0, 0, 98, 0, 16, 234, 255]"
606.930086,Unknown Device,2,5,32,736,"[0, 0, 253, 6, 0, 24, 64, 0]"
606.930848,Unknown Device,5,4,4,179,"[255, 255, 175, 220, 255, 127, 229, 38]"
606.931477,Unknown Device,5,4,11,179,"[4, 0, 200, 201, 255, 127, 78, 38]"
606.93218,Unknown Device,21,4,20,180,"[8, 0, 0, 128, 0, 8, 128, 1]"
606.932913,Unknown Device,5,4,10,179,"[3, 0, 200, 239, 255, 191, 126, 39]"
606.93353,Unknown Device,2,4,22,177,"[0, 0, 0, 98, 0, 16, 247, 255]"
606.934212,Unknown Device,2,4,22,183,"[0, 0, 0, 147, 0, 0, 0, 0]"
606.935273,Unknown Device,2,4,7,177,"[0, 0, 0, 226, 0, 16, 19, 0]"
606.935602,Unknown Device,2,4,7,183,"[0, 0, 192, 26, 255, 255, 0, 0]"
606.936294,Unknown Device,2,5,31,736,"[0, 0, 248, 6, 0, 24, 64, 0]"
606.936976,Unknown Device,2,4,8,177,"[0, 0, 0, 98, 0, 16, 241, 255]"
606.937676,Unknown Device,5,4,13,179,"[1, 0, 152, 207, 255, 191, 123, 38]"
606.938359,Unknown Device,2,4,2,177,"[0, 0, 0, 98, 0, 16, 0, 0]"
606.939063,Unknown Device,2,5,30,736,"[0, 0, 248, 6, 0, 22, 64, 0]"
606.939749,Unknown Device,2,4,26,177,"[0, 0, 0, 226, 0, 16, 92, 0]"
606.940446,Unknown Device,2,5,32,736,"[0, 0, 252, 6, 0, 24, 64, 0]"
606.941128,Unknown Device,5,4,12,179,"[242, 255, 15, 208, 255, 191, 128, 38]"
606.941846,Unknown Device,5,4,11,179,"[4, 0, 200, 201, 255, 191, 78, 38]"
606.942518,Unknown Device,21,4,20,180,"[8, 0, 0, 128, 0, 8, 128, 1]"
606.943222,Unknown Device,21,4,20,200,"[152, 255, 80, 0, 224, 63, 0, 4]"
606.943897,Unknown Device,5,4,10,179,"[3, 0, 200, 239, 255, 191, 126, 39]"
606.944597,Unknown Device,2,4,22,285,"[0, 0, 0, 0, 0, 0, 128, 0]"
606.94528,Unknown Device,2,4,22,177,"[0, 0, 0, 98, 0, 16, 251, 255]"
606.945984,Unknown Device,8,5,1,96,"[0, 0, 0, 0, 0, 0, 0, 192]"
606.94667,Unknown Device,2,4,22,185,"[0, 0, 0, 0, 0, 0, 0, 128]"
606.947381,Unknown Device,2,4,22,187,"[0, 0, 4, 0, 0, 0, 0, 0]"
606.947912,Unknown Device,5,4,13,179,"[4, 0, 160, 207, 255, 191, 123, 38]"
606.948447,Unknown Device,8,5,1,100,"[139, 6, 144, 128, 0, 28, 0, 0]"
606.949137,Unknown Device,2,4,5,177,"[0, 0, 0, 98, 0, 16, 251, 255]"
606.949848,Unknown Device,2,5,30,737,"[0, 0, 0, 0, 0, 64, 0, 0]"
606.95052,Unknown Device,2,5,32,736,"[0, 0, 253, 6, 0, 24, 64, 0]"
606.951216,Unknown Device,5,4,4,179,"[252, 255, 167, 220, 255, 191, 229, 38]"
606.951899,Unknown Device,5,4,11,179,"[50, 0, 216, 201, 255, 191, 78, 38]"
606.952592,Unknown Device,21,4,20,180,"[8, 0, 0, 128, 0, 8, 128, 1]"
606.953278,Unknown Device,5,4,10,179,"[3, 0, 208, 239, 255, 191, 126, 39]"
606.953974,Unknown Device,2,4,22,177,"[0, 0, 0, 98, 0, 16, 254, 255]"
606.95466,Unknown Device,2,4,22,183,"[0, 0, 0, 147, 0, 0, 0, 0]"
606.95535,Unknown Device,2,4,7,177,"[0, 0, 0, 226, 0, 16, 18, 0]"
606.956035,Unknown Device,2,4,7,183,"[0, 0, 192, 26, 255, 255, 0, 0]"
606.956728,Unknown,Unknown,Unknown,Unknown,992,"[66, 70, 86, 33, 79, 120, 0, 0]"
606.957413,Unknown Device,2,5,31,736,"[0, 0, 248, 6, 0, 24, 64, 0]"
606.958105,Unknown Device,2,4,2,177,"[0, 0, 0, 98, 0, 16, 246, 255]"
606.958882,Unknown Device,2,4,4,183,"[200, 0, 96, 39, 255, 255, 0, 0]"
606.959585,Unknown Device,2,4,3,177,"[0, 0, 0, 226, 0, 16, 216, 255]"
606.960278,Unknown Device,2,4,26,183,"[0, 0, 192, 162, 0, 0, 0, 0]"
606.960962,Unknown Device,5,4,12,179,"[1, 0, 8, 208, 255, 191, 128, 38]"
606.961651,Unknown Device,5,4,4,179,"[1, 0, 168, 220, 255, 255, 229, 38]"
606.962337,Unknown,Unknown,Unknown,Unknown,992,"[24, 180, 107, 29, 151, 195, 0, 0]"
606.963021,Unknown Device,21,4,20,195,"[241, 223, 6, 160, 1, 4, 0, 5]"
606.963717,Unknown Device,5,4,10,179,"[244, 255, 207, 239, 255, 127, 126, 39]"
606.964403,Unknown Device,2,4,22,177,"[0, 0, 0, 98, 0, 16, 6, 0]"
606.965092,Unknown Device,8,5,1,96,"[0, 0, 0, 0, 0, 0, 0, 192]"
606.965834,Unknown Device,8,5,1,97,"[0, 0, 0, 64, 0, 0, 0, 0]"
606.966473,Unknown Device,2,4,7,431,"[0, 0, 0, 0, 1, 26, 19, 0]"
606.967214,Unknown Device,2,5,31,736,"[0, 0, 247, 6, 0, 24, 64, 0]"
606.967914,Unknown Device,2,4,8,431,"[0, 0, 0, 0, 1, 26, 19, 0]"
606.968602,Unknown Device,2,4,4,285,"[128, 0, 0, 0, 128, 11, 192, 0]"
606.969295,Unknown Device,2,4,8,193,"[0, 243, 199, 46, 0, 0, 0, 0]"
606.969987,Unknown Device,2,4,4,182,"[0, 0, 192, 81, 255, 255, 0, 0]"
606.970689,Unknown Device,2,4,4,184,"[0, 0, 0, 0, 0, 0, 1, 128]"
606.971368,Unknown Device,2,4,2,181,"[255, 127, 0, 0, 91, 19, 25, 21]"
606.972065,Unknown Device,2,4,2,182,"[0, 0, 192, 116, 0, 0, 0, 0]"
606.972751,Unknown Device,2,4,8,187,"[0, 0, 4, 0, 0, 0, 0, 0]"
606.973448,Unknown Device,2,4,2,187,"[0, 0, 4, 0, 0, 0, 0, 0]"
606.97413,Unknown Device,2,4,6,181,"[245, 127, 0, 0, 91, 20, 24, 20]"
606.974834,Unknown Device,2,4,6,182,"[0, 0, 192, 61, 0, 0, 0, 0]"
606.975527,Unknown Device,2,4,3,193,"[0, 243, 199, 46, 0, 0, 0, 0]"
606.976224,Unknown Device,2,4,1,184,"[0, 0, 0, 0, 0, 0, 0, 128]"
606.976906,Unknown Device,2,4,6,187,"[0, 0, 4, 0, 0, 0, 0, 0]"
606.977607,Unknown Device,2,4,1,186,"[8, 0, 0, 0, 0, 0, 0, 0]"
606.978289,Unknown Device,2,4,2,177,"[0, 0, 0, 98, 0, 16, 249, 255]"
606.978986,Unknown Device,2,4,2,183,"[4, 0, 32, 64, 255, 255, 0, 0]"
606.979672,Unknown Device,2,4,26,431,"[0, 0, 0, 0, 1, 26, 19, 128]"
606.980383,Unknown Device,2,4,1,183,"[0, 0, 0, 189, 255, 255, 0, 0]"
606.981072,Unknown Device,2,5,32,736,"[0, 0, 252, 6, 0, 24, 64, 0]"
606.981827,Unknown Device,2,4,26,193,"[104, 198, 41, 41, 0, 0, 0, 0]"
606.982455,Unknown Device,2,5,30,737,"[0, 0, 0, 0, 0, 64, 0, 0]"
606.983166,Unknown Device,2,4,26,181,"[241, 127, 0, 0, 91, 19, 22, 20]"
606.983849,Unknown Device,5,4,12,179,"[10, 0, 24, 208, 255, 191, 128, 38]"
606.984556,Unknown Device,2,4,22,177,"[0, 0, 0, 98, 0, 16, 7, 0]"
606.985246,Unknown Device,8,5,1,99,"[0, 0, 0, 3, 0, 0, 2, 0]"
606.985943,Unknown Device,21,4,20,180,"[8, 0, 0, 128, 0, 8, 128, 1]"
606.986629,Unknown Device,21,4,20,195,"[241, 223, 6, 160, 1, 4, 0, 5]"
606.987326,Unknown Device,2,4,26,183,"[0, 0, 192, 162, 0, 0, 0, 0]"
606.988001,Unknown Device,2,4,6,177,"[0, 0, 0, 98, 0, 16, 245, 255]"
606.988701,Unknown Device,8,5,1,100,"[142, 6, 144, 128, 0, 28, 0, 0]"
606.989391,Unknown Device,2,4,5,177,"[0, 0, 0, 98, 0, 16, 6, 0]"
606.990087,Unknown Device,2,5,32,736,"[0, 0, 252, 6, 0, 24, 64, 0]"
606.990828,Unknown Device,5,4,4,179,"[253, 255, 167, 220, 255, 191, 229, 38]"
606.99147,Unknown Device,5,4,11,179,"[3, 0, 208, 201, 255, 191, 78, 38]"
606.992167,Unknown Device,21,4,20,431,"[0, 0, 0, 0, 1, 26, 19, 0]"
606.992864,Unknown Device,21,4,20,180,"[9, 0, 0, 128, 0, 8, 128, 1]"
606.99355,Unknown Device,21,4,20,202,"[228, 104, 0, 0, 0, 0, 0, 0]"
606.994239,Unknown Device,21,4,20,206,"[201, 255, 93, 0, 108, 2, 0, 0]"
606.994922,Unknown Device,2,4,22,183,"[0, 0, 0, 147, 0, 0, 0, 0]"
606.995615,Unknown Device,2,4,7,177,"[0, 0, 0, 226, 0, 16, 7, 0]"
606.996305,Unknown Device,2,4,7,183,"[0, 0, 192, 26, 255, 255, 0, 0]"
606.996994,Unknown Device,2,5,31,736,"[0, 0, 248, 6, 0, 24, 64, 0]"
606.99768,Unknown Device,2,4,4,177,"[0, 0, 0, 98, 0, 16, 21, 0]"
606.998492,Unknown Device,2,4,2,177,"[0, 0, 0, 98, 0, 16, 255, 255]"
606.999189,Unknown Device,2,4,2,183,"[4, 0, 64, 64, 255, 255, 0, 0]"
606.999828,Unknown Device,2,4,3,183,"[0, 0, 192, 245, 255, 255, 0, 0]"
607.000507,Unknown Device,2,5,32,737,"[0, 0, 0, 0, 0, 64, 0, 0]"
607.001203,Unknown Device,5,4,4,179,"[12, 0, 184, 220, 255, 127, 229, 38]"
607.001827,Unknown Device,5,4,11,179,"[3, 0, 208, 201, 255, 191, 78, 38]"
607.002515,Unknown Device,21,4,20,180,"[9, 0, 0, 128, 0, 8, 128, 1]"
607.003207,Unknown Device,21,4,20,195,"[241, 223, 6, 160, 1, 4, 0, 5]"
607.003843,Unknown Device,5,4,10,179,"[18, 0, 216, 239, 255, 127, 126, 39]"
607.004524,Unknown Device,2,4,22,177,"[0, 0, 0, 98, 0, 16, 0, 0]"
607.005224,Unknown Device,8,5,1,96,"[0, 0, 0, 0, 0, 0, 0, 192]"
607.005839,Unknown Device,8,5,1,97,"[0, 0, 0, 64, 0, 0, 0, 0]"
607.006527,Unknown,Unknown,Unknown,Unknown,992,"[231, 93, 153, 148, 191, 163, 0, 0]"
607.007219,Unknown Device,2,5,31,736,"[0, 0, 247, 6, 0, 24, 64, 0]"
607.007841,Unknown Device,2,4,4,177,"[0, 0, 0, 98, 0, 16, 16, 0]"
607.008523,Unknown Device,2,4,2,177,"[0, 0, 0, 98, 0, 16, 255, 255]"
607.009215,Unknown Device,2,4,5,177,"[0, 0, 0, 98, 0, 16, 13, 0]"
607.009943,Unknown Device,5,4,12,179,"[4, 0, 8, 208, 255, 191, 128, 38]"
607.010624,Unknown Device,2,5,32,736,"[0, 0, 252, 6, 0, 24, 64, 0]"
607.011317,Unknown Device,5,4,4,179,"[8, 0, 184, 220, 255, 63, 229, 38]"
607.012009,Unknown Device,5,4,11,179,"[3, 0, 208, 201, 255, 191, 78, 38]"
607.012704,Unknown Device,21,4,20,180,"[9, 0, 0, 128, 0, 8, 128, 1]"
607.013384,Unknown Device,5,4,10,179,"[2, 0, 200, 239, 255, 191, 126, 39]"
607.014033,Unknown Device,2,4,22,177,"[0, 0, 0, 98, 0, 16, 252, 255]"
607.015157,Unknown Device,2,4,22,183,"[0, 0, 0, 147, 0, 0, 0, 0]"
607.015814,Unknown,Unknown,Unknown,Unknown,992,"[218, 63, 4, 23, 61, 255, 0, 0]"
607.016397,Unknown Device,2,4,7,177,"[0, 0, 0, 226, 0, 16, 3, 0]"
607.016993,Unknown Device,2,5,31,736,"[0, 0, 247, 6, 0, 24, 64, 0]"
607.02005,Unknown Device,2,4,8,183,"[4, 0, 128, 62, 255, 255, 0, 0]"
607.020812,Unknown Device,2,4,1,177,"[0, 0, 0, 98, 0, 16, 232, 255]"
607.021397,Unknown Device,5,4,4,179,"[0, 0, 168, 220, 255, 191, 229, 38]"
607.022094,Unknown Device,5,4,11,179,"[3, 0, 208, 201, 255, 191, 78, 38]"
607.022722,Unknown Device,21,4,20,195,"[241, 223, 6, 160, 1, 4, 0, 5]"
607.023414,Unknown Device,5,4,10,179,"[2, 0, 200, 239, 255, 127, 126, 39]"
607.024039,Unknown Device,2,4,22,177,"[0, 0, 0, 98, 0, 16, 255, 255]"
607.024736,Unknown Device,8,5,1,96,"[0, 0, 0, 0, 0, 0, 0, 192]"
607.025362,Unknown Device,8,5,1,97,"[0, 0, 0, 64, 0, 0, 0, 0]"
607.026058,Unknown Device,2,4,7,177,"[0, 0, 0, 226, 0, 16, 8, 0]"
607.026686,Unknown Device,8,5,1,98,"[0, 8, 32, 0, 0, 0, 0, 0]"
607.027376,Unknown Device,5,4,13,179,"[1, 0, 160, 207, 255, 191, 123, 38]"
607.028008,Unknown Device,2,4,6,177,"[0, 0, 0, 98, 0, 16, 15, 0]"
607.028701,Unknown Device,2,4,2,177,"[0, 0, 0, 98, 0, 16, 244, 255]"
607.029341,Unknown Device,2,4,5,177,"[0, 0, 0, 98, 0, 16, 15, 0]"
607.030037,Unknown Device,5,4,12,179,"[0, 0, 8, 208, 255, 127, 128, 38]"
607.030666,Unknown Device,2,5,32,736,"[0, 0, 252, 6, 0, 24, 64, 0]"
607.031363,Unknown Device,5,4,4,179,"[249, 255, 167, 220, 255, 63, 229, 38]"
607.031987,Unknown Device,5,4,11,179,"[3, 0, 208, 201, 255, 191, 78, 38]"
607.032695,Unknown Device,21,4,20,180,"[9, 0, 0, 128, 0, 8, 128, 1]"
607.033313,Unknown Device,5,4,10,179,"[2, 0, 200, 239, 255, 191, 126, 39]"
607.034009,Unknown Device,2,4,22,177,"[0, 0, 0, 98, 0, 16, 248, 255]"
607.034631,Unknown Device,2,4,22,183,"[0, 0, 0, 147, 0, 0, 0, 0]"
607.03532,Unknown Device,2,4,7,177,"[0, 0, 0, 226, 0, 16, 28, 0]"
607.035954,Unknown Device,2,4,7,183,"[0, 0, 192, 26, 255, 255, 0, 0]"
607.03664,Unknown Device,2,5,31,736,"[0, 0, 247, 6, 0, 24, 64, 0]"
607.037302,Unknown Device,5,4,13,179,"[0, 0, 160, 207, 255, 191, 123, 38]"
607.038055,Unknown Device,2,4,6,177,"[0, 0, 0, 98, 0, 16, 5, 0]"
607.038684,Unknown Device,2,4,4,183,"[12, 0, 64, 39, 255, 255, 0, 0]"
607.039381,Unknown Device,2,4,5,177,"[0, 0, 0, 98, 0, 16, 2, 0]"
607.040078,Unknown Device,5,4,12,179,"[0, 0, 8, 208, 255, 191, 128, 38]"
607.040803,Unknown Device,2,5,32,737,"[0, 0, 0, 0, 0, 64, 0, 0]"
607.041461,Unknown Device,5,4,4,179,"[0, 0, 168, 220, 255, 63, 229, 38]"
607.042143,Unknown Device,5,4,11,179,"[3, 0, 208, 201, 255, 191, 78, 38]"
607.04284,Unknown Device,21,4,20,195,"[241, 223, 6, 176, 1, 4, 0, 5]"
607.043518,Unknown Device,21,4,20,200,"[116, 255, 56, 0, 156, 63, 0, 4]"
607.044208,Unknown Device,5,4,10,179,"[2, 0, 200, 239, 255, 127, 126, 39]"
607.044948,Unknown Device,2,4,22,177,"[0, 0, 0, 98, 0, 16, 252, 255]"
607.045648,Unknown Device,8,5,1,96,"[0, 0, 0, 0, 0, 0, 0, 192]"
607.04633,Unknown Device,8,5,1,97,"[0, 0, 0, 64, 0, 0, 0, 0]"
607.047022,Unknown Device,8,5,1,98,"[0, 4, 32, 0, 0, 0, 0, 0]"
607.047704,Unknown Device,5,4,13,179,"[0, 0, 160, 207, 255, 191, 123, 38]"
607.048397,Unknown Device,2,4,1,177,"[0, 0, 0, 98, 0, 16, 0, 0]"
607.049081,Unknown Device,2,5,30,737,"[0, 0, 0, 0, 0, 64, 0, 0]"
607.049802,Unknown Device,2,4,26,177,"[0, 0, 0, 226, 0, 16, 13, 0]"
607.050462,Unknown Device,2,5,32,736,"[0, 0, 252, 6, 0, 24, 64, 0]"
607.051154,Unknown Device,5,4,4,179,"[253, 255, 167, 220, 255, 191, 229, 38]"
607.05184,Unknown Device,5,4,11,179,"[3, 0, 208, 201, 255, 191, 78, 38]"
607.052528,Unknown Device,21,4,20,180,"[9, 0, 0, 128, 0, 8, 128, 1]"
607.053197,Unknown Device,5,4,10,179,"[2, 0, 200, 239, 255, 63, 126, 39]"
607.053798,Unknown Device,2,4,22,177,"[0, 0, 0, 98, 0, 16, 253, 255]"
607.054416,Unknown Device,2,4,22,183,"[0, 0, 0, 147, 0, 0, 0, 0]"
607.055222,Unknown Device,2,4,7,177,"[0, 0, 0, 226, 0, 16, 20, 0]"
607.055855,Unknown Device,2,4,7,183,"[0, 0, 192, 26, 255, 255, 0, 0]"
607.056536,Unknown Device,2,5,31,736,"[0, 0, 247, 6, 0, 24, 64, 0]"
607.057221,Unknown Device,5,4,13,179,"[0, 0, 160, 207, 255, 191, 123, 38]"
607.057921,Unknown Device,2,4,6,177,"[0, 0, 0, 98, 0, 16, 30, 0]"
607.058623,Unknown Device,2,4,1,183,"[0, 0, 0, 189, 255, 255, 0, 0]"
607.059302,Unknown Device,2,4,3,177,"[0, 0, 0, 226, 0, 16, 203, 255]"
607.059987,Unknown Device,2,4,3,183,"[0, 0, 192, 245, 255, 255, 0, 0]"
607.060633,Unknown Device,2,5,32,737,"[0, 0, 0, 0, 0, 64, 0, 0]"
607.061254,Unknown Device,5,4,4,179,"[3, 0, 176, 220, 255, 127, 229, 38]"
607.061876,Unknown Device,5,4,11,179,"[3, 0, 208, 201, 255, 191, 78, 38]"
607.06257,Unknown Device,21,4,20,180,"[9, 0, 0, 128, 0, 8, 128, 1]"
607.063187,Unknown Device,21,4,20,195,"[241, 223, 6, 176, 1, 4, 0, 5]"
607.063884,Unknown Device,5,4,10,179,"[2, 0, 200, 239, 255, 191, 126, 39]"
607.064498,Unknown Device,2,4,22,177,"[0, 0, 0, 98, 0, 16, 3, 0]"
607.065196,Unknown Device,8,5,1,96,"[0, 0, 0, 0, 0, 0, 0, 192]"
607.065828,Unknown Device,8,5,1,97,"[0, 0, 0, 64, 0, 0, 0, 0]"
607.066521,Unknown Device,2,4,7,177,"[0, 0, 0, 226, 0, 16, 33, 0]"
607.067146,Unknown Device,2,5,31,736,"[0, 0, 247, 6, 0, 24, 64, 0]"
607.06785,Unknown Device,2,4,6,177,"[0, 0, 0, 98, 0, 16, 253, 255]"
607.068464,Unknown Device,8,5,1,100,"[139, 6, 144, 128, 0, 28, 0, 0]"
607.069161,Unknown Device,2,4,3,177,"[0, 0, 0, 226, 0, 16, 209, 255]"
607.069815,Unknown Device,5,4,12,179,"[3, 0, 8, 208, 255, 127, 128, 38]"
607.070637,Unknown,Unknown,Unknown,Unknown,992,"[227, 176, 19, 206, 164, 87, 0, 0]"
607.071334,Unknown Device,5,4,4,179,"[6, 0, 184, 220, 255, 63, 229, 38]"
607.072024,Unknown Device,5,4,11,179,"[3, 0, 208, 201, 255, 191, 78, 38]"
607.072786,Unknown Device,21,4,20,180,"[9, 0, 0, 128, 0, 8, 128, 1]"
607.073428,Unknown Device,5,4,10,179,"[8, 0, 208, 239, 255, 191, 126, 39]"
607.074125,Unknown Device,2,4,22,177,"[0, 0, 0, 98, 0, 16, 248, 255]"
607.074815,Unknown Device,2,4,22,183,"[0, 0, 0, 147, 0, 0, 0, 0]"
607.075518,Unknown Device,2,4,7,177,"[0, 0, 0, 226, 0, 16, 17, 0]"
607.076207,Unknown Device,2,4,7,183,"[0, 0, 192, 26, 255, 255, 0, 0]"
607.076897,Unknown Device,2,5,31,736,"[0, 0, 246, 6, 0, 24, 64, 0]"
607.077598,Unknown Device,5,4,13,179,"[3, 0, 152, 207, 255, 191, 123, 38]"
607.078302,Unknown Device,2,4,1,177,"[0, 0, 0, 98, 0, 16, 8, 0]"
607.078991,Unknown Device,2,5,30,736,"[0, 0, 248, 6, 0, 22, 64, 0]"
607.079692,Unknown Device,2,4,26,177,"[0, 0, 0, 226, 0, 16, 246, 255]"
607.080382,Unknown Device,2,5,32,736,"[0, 0, 252, 6, 0, 24, 64, 0]"
607.081085,Unknown Device,5,4,12,179,"[3, 0, 8, 208, 255, 191, 128, 38]"
607.081783,Unknown Device,5,4,11,179,"[3, 0, 208, 201, 255, 191, 78, 38]"
607.082483,Unknown Device,21,4,20,180,"[9, 0, 0, 128, 0, 8, 128, 1]"
607.083172,Unknown Device,21,4,20,195,"[241, 223, 6, 176, 1, 4, 0, 5]"
607.083876,Unknown Device,5,4,10,179,"[2, 0, 208, 239, 255, 191, 126, 39]"
607.084562,Unknown Device,2,4,22,177,"[0, 0, 0, 98, 0, 16, 252, 255]"
607.085259,Unknown Device,8,5,1,96,"[0, 0, 0, 0, 0, 0, 0, 192]"
607.085949,Unknown Device,8,5,1,97,"[0, 0, 0, 64, 0, 0, 0, 0]"
607.086634,Unknown Device,2,4,7,177,"[0, 0, 0, 226, 0, 16, 248, 255]"
607.087317,Unknown Device,2,5,31,737,"[0, 0, 0, 0, 0, 64, 0, 0]"
607.088021,Unknown Device,2,4,6,177,"[0, 0, 0, 98, 0, 16, 251, 255]"
607.088783,Unknown Device,2,4,1,177,"[0, 0, 0, 98, 0, 16, 4, 0]"
607.089433,Unknown Device,2,4,5,177,"[0, 0, 0, 98, 0, 16, 251, 255]"
607.090122,Unknown Device,2,5,32,736,"[0, 0, 253, 6, 0, 24, 64, 0]"
607.090826,Unknown Device,5,4,4,179,"[254, 255, 175, 220, 255, 255, 229, 38]"
607.091508,Unknown Device,5,4,11,179,"[3, 0, 208, 201, 255, 191, 78, 38]"
607.092214,Unknown Device,21,4,20,180,"[9, 0, 0, 128, 0, 8, 128, 1]"
607.092904,Unknown Device,5,4,10,179,"[209, 255, 207, 239, 255, 127, 126, 39]"
607.093599,Unknown,Unknown,Unknown,Unknown,992,"[142, 151, 195, 248, 208, 14, 0, 0]"
607.094292,Unknown Device,2,4,22,177,"[0, 0, 0, 98, 0, 16, 2, 0]"
607.094991,Unknown Device,2,4,22,183,"[0, 0, 0, 147, 0, 0, 0, 0]"
607.09568,Unknown Device,2,4,7,177,"[0, 0, 0, 226, 0, 16, 10, 0]"
607.096387,Unknown Device,2,4,7,183,"[0, 0, 192, 26, 255, 255, 0, 0]"
607.097085,Unknown Device,2,5,31,736,"[0, 0, 247, 6, 0, 24, 64, 0]"
607.097792,Unknown Device,2,4,4,177,"[0, 0, 0, 98, 0, 16, 14, 0]"
607.098481,Unknown Device,2,4,6,183,"[68, 255, 63, 191, 255, 255, 0, 0]"
607.099187,Unknown Device,2,4,3,177,"[0, 0, 0, 226, 0, 16, 230, 255]"
607.099865,Unknown Device,5,4,12,179,"[3, 0, 8, 208, 255, 127, 128, 38]"
607.100589,Unknown Device,2,5,32,737,"[0, 0, 0, 0, 0, 64, 0, 0]"
607.101275,Unknown,Unknown,Unknown,Unknown,992,"[30, 202, 96, 140, 99, 173, 0, 0]"
607.10198,Unknown Device,5,4,11,179,"[6, 0, 200, 201, 255, 127, 78, 38]"
607.102683,Unknown Device,21,4,20,180,"[9, 0, 0, 128, 0, 8, 128, 1]"
607.103319,Unknown Device,21,4,20,195,"[241, 223, 6, 176, 1, 4, 0, 5]"
607.104004,Unknown Device,5,4,10,179,"[2, 0, 200, 239, 255, 127, 126, 39]"
607.104774,Unknown Device,2,4,22,177,"[0, 0, 0, 98, 0, 16, 3, 0]"
607.105399,Unknown Device,8,5,1,96,"[0, 0, 0, 0, 0, 0, 0, 192]"
607.106119,Unknown Device,8,5,1,97,"[0, 0, 0, 64, 0, 0, 0, 0]"
607.106798,Unknown Device,2,4,7,177,"[0, 0, 0, 226, 0, 16, 3, 0]"
607.107506,Unknown Device,2,4,8,177,"[0, 0, 0, 98, 0, 16, 251, 255]"
607.108188,Unknown Device,2,4,2,177,"[0, 0, 0, 98, 0, 16, 9, 0]"
607.108899,Unknown Device,2,5,30,736,"[0, 0, 248, 6, 0, 22, 64, 0]"
607.109585,Unknown Device,2,4,26,177,"[0, 0, 0, 226, 0, 16, 49, 0]"
607.110282,Unknown Device,2,5,32,736,"[0, 0, 252, 6, 0, 24, 64, 0]"
607.110964,Unknown Device,5,4,4,179,"[2, 0, 176, 220, 255, 255, 229, 38]"
607.111672,Unknown Device,5,4,11,179,"[3, 0, 200, 201, 255, 191, 78, 38]"
607.112354,Unknown Device,21,4,20,180,"[10, 0, 0, 128, 0, 8, 128, 1]"
607.113061,Unknown Device,5,4,10,179,"[2, 0, 200, 239, 255, 191, 126, 39]"
607.113773,Unknown Device,2,4,22,177,"[0, 0, 0, 98, 0, 16, 4, 0]"
607.114466,Unknown Device,2,4,22,183,"[0, 0, 0, 147, 0, 0, 0, 0]"
607.115262,Unknown Device,2,4,7,177,"[0, 0, 0, 226, 0, 16, 5, 0]"
607.115854,Unknown Device,2,4,7,183,"[0, 0, 192, 26, 255, 255, 0, 0]"
607.116533,Unknown Device,2,5,31,736,"[0, 0, 247, 6, 0, 24, 64, 0]"
607.117251,Unknown Device,5,4,13,179,"[3, 0, 160, 207, 255, 191, 123, 38]"
607.117948,Unknown Device,2,4,4,177,"[0, 0, 0, 98, 0, 16, 5, 0]"
607.118641,Unknown Device,2,4,1,183,"[0, 0, 0, 189, 255, 255, 0, 0]"
607.119324,Unknown Device,2,4,5,177,"[0, 0, 0, 98, 0, 16, 17, 0]"
607.119913,Unknown Device,2,4,5,183,"[0, 0, 128, 82, 0, 0, 0, 0]"
607.120591,Unknown Device,5,4,4,285,"[0, 0, 0, 0, 0, 0, 0, 0]"
607.121303,Unknown Device,5,4,4,179,"[2, 0, 176, 220, 255, 255, 229, 38]"
607.121985,Unknown Device,5,4,11,179,"[3, 0, 200, 201, 255, 191, 78, 38]"
607.122642,Unknown Device,21,4,20,195,"[241, 223, 6, 176, 1, 4, 0, 5]"
607.123326,Unknown Device,5,4,10,179,"[21, 0, 208, 239, 255, 127, 126, 39]"
607.124029,Unknown Device,2,4,22,177,"[0, 0, 0, 98, 0, 16, 3, 0]"
607.124766,Unknown Device,8,5,1,96,"[0, 0, 0, 0, 0, 0, 0, 192]"
607.125423,Unknown Device,8,5,1,97,"[0, 0, 0, 64, 0, 0, 0, 0]"
607.126105,Unknown Device,2,4,7,177,"[0, 0, 0, 226, 0, 16, 19, 0]"
607.126809,Unknown Device,8,5,1,98,"[0, 4, 32, 0, 0, 0, 0, 0]"
607.127495,Unknown Device,2,4,8,177,"[0, 0, 0, 98, 0, 16, 253, 255]"
607.128206,Unknown Device,2,4,1,177,"[0, 0, 0, 98, 0, 16, 250, 255]"
607.128889,Unknown Device,8,5,1,100,"[141, 6, 144, 128, 0, 28, 0, 0]"
607.129611,Unknown Device,2,5,30,736,"[0, 0, 249, 6, 0, 22, 64, 0]"
607.130301,Unknown Device,2,5,32,736,"[0, 0, 252, 6, 0, 24, 64, 0]"
607.13099,Unknown Device,5,4,4,179,"[1, 0, 176, 220, 255, 127, 229, 38]"
607.131676,Unknown Device,5,4,11,179,"[210, 255, 207, 201, 255, 127, 78, 38]"
607.13238,Unknown Device,21,4,20,180,"[10, 0, 0, 128, 0, 8, 128, 1]"
607.133069,Unknown,Unknown,Unknown,Unknown,992,"[160, 174, 33, 73, 12, 208, 0, 0]"
607.133766,Unknown Device,5,4,10,179,"[2, 0, 200, 239, 255, 191, 126, 39]"
607.134445,Unknown Device,2,4,22,177,"[0, 0, 0, 98, 0, 16, 247, 255]"
607.135149,Unknown Device,2,4,22,183,"[0, 0, 0, 147, 0, 0, 0, 0]"
607.135842,Unknown Device,2,4,7,177,"[0, 0, 0, 226, 0, 16, 20, 0]"
607.136545,Unknown Device,2,4,7,183,"[0, 0, 192, 26, 255, 255, 0, 0]"
607.137223,Unknown Device,2,5,31,736,"[0, 0, 247, 6, 0, 24, 64, 0]"
607.137943,Unknown Device,2,4,6,177,"[0, 0, 0, 98, 0, 16, 5, 0]"
607.138625,Unknown Device,2,4,8,183,"[12, 0, 128, 62, 255, 255, 0, 0]"
607.139339,Unknown Device,2,4,3,177,"[0, 0, 0, 226, 0, 16, 203, 255]"
607.140023,Unknown Device,2,4,3,183,"[0, 0, 192, 245, 255, 255, 0, 0]"
607.140759,Unknown Device,5,4,12,209,"[0, 0, 0, 0, 0, 0, 0, 0]"
607.141412,Unknown Device,5,4,12,431,"[0, 0, 0, 1, 1, 26, 19, 0]"
607.142111,Unknown Device,5,4,11,209,"[0, 0, 0, 0, 0, 0, 0, 0]"
607.142796,Unknown Device,5,4,11,431,"[0, 0, 0, 1, 1, 26, 19, 0]"
607.143492,Unknown Device,21,4,20,200,"[128, 255, 132, 0, 100, 63, 0, 4]"
607.144176,Unknown Device,5,4,10,179,"[2, 0, 200, 239, 255, 127, 126, 39]"
607.144883,Unknown Device,5,4,10,194,"[170, 192, 8, 131, 24, 0, 0, 0]"
607.145572,Unknown Device,5,4,10,285,"[0, 0, 0, 0, 24, 0, 0, 0]"
607.146286,Unknown Device,8,5,1,97,"[0, 0, 0, 64, 0, 0, 0, 0]"
607.14697,Unknown Device,8,5,1,98,"[0, 4, 32, 0, 0, 0, 0, 0]"
607.147673,Unknown Device,2,4,4,177,"[0, 0, 0, 98, 0, 16, 11, 0]"
607.148359,Unknown Device,8,5,1,100,"[141, 6, 144, 128, 0, 28, 0, 0]"
607.149058,Unknown Device,2,5,30,737,"[0, 0, 0, 0, 0, 64, 0, 0]"
607.14975,Unknown Device,5,4,12,179,"[3, 0, 16, 208, 255, 191, 128, 38]"
607.150453,Unknown Device,2,5,32,736,"[0, 0, 252, 6, 0, 24, 64, 0]"
607.151138,Unknown Device,5,4,4,179,"[7, 0, 184, 220, 255, 191, 229, 38]"
607.151844,Unknown Device,5,4,11,179,"[3, 0, 200, 201, 255, 191, 78, 38]"
607.152524,Unknown Device,21,4,20,180,"[10, 0, 0, 128, 0, 8, 128, 1]"
607.153243,Unknown Device,5,4,10,179,"[2, 0, 200, 239, 255, 191, 126, 39]"
607.153926,Unknown,Unknown,Unknown,Unknown,992,"[234, 73, 211, 238, 83, 216, 0, 0]"
607.154626,Unknown Device,2,4,22,177,"[0, 0, 0, 98, 0, 16, 253, 255]"
607.155316,Unknown Device,2,4,22,183,"[0, 0, 0, 147, 0, 0, 0, 0]"
607.156027,Unknown Device,2,4,7,177,"[0, 0, 0, 226, 0, 16, 29, 0]"
607.156745,Unknown Device,2,4,7,183,"[0, 0, 192, 26, 255, 255, 0, 0]"
607.157424,Unknown Device,2,4,8,177,"[0, 0, 0, 98, 0, 16, 237, 255]"
607.158113,Unknown Device,2,4,4,183,"[12, 0, 32, 39, 255, 255, 0, 0]"
607.158803,Unknown Device,2,4,6,183,"[8, 0, 32, 191, 255, 255, 0, 0]"
607.159496,Unknown Device,2,4,1,183,"[0, 0, 0, 189, 255, 255, 0, 0]"
607.160222,Unknown Device,2,5,32,736,"[0, 0, 252, 6, 0, 24, 64, 0]"
607.160904,Unknown Device,5,4,12,179,"[3, 0, 16, 208, 255, 191, 128, 38]"
607.161612,Unknown Device,5,4,11,179,"[210, 255, 207, 201, 255, 127, 78, 38]"
607.162295,Unknown Device,21,4,20,180,"[10, 0, 0, 128, 0, 8, 128, 1]"
607.163005,Unknown Device,21,4,20,195,"[241, 223, 6, 176, 1, 8, 0, 5]"
607.163746,Unknown Device,5,4,10,179,"[5, 0, 216, 239, 255, 191, 126, 39]"
607.164403,Unknown Device,2,4,22,177,"[0, 0, 0, 98, 0, 16, 3, 0]"
607.165087,Unknown Device,8,5,1,96,"[0, 0, 0, 0, 0, 0, 0, 192]"
607.165799,Unknown Device,8,5,1,97,"[0, 0, 0, 64, 0, 0, 0, 0]"
607.166485,Unknown,Unknown,Unknown,Unknown,992,"[185, 86, 120, 149, 51, 152, 0, 0]"
607.167195,Unknown,Unknown,Unknown,Unknown,992,"[90, 42, 24, 43, 37, 76, 0, 0]"
607.167878,Unknown Device,2,4,4,177,"[0, 0, 0, 98, 0, 16, 1, 0]"
607.168607,Unknown Device,8,5,1,100,"[141, 6, 144, 128, 0, 28, 0, 0]"
607.169217,Unknown Device,2,4,3,177,"[0, 0, 0, 226, 0, 16, 203, 255]"
607.169922,Unknown Device,5,4,12,179,"[3, 0, 16, 208, 255, 191, 128, 38]"
607.170615,Unknown Device,2,5,32,736,"[0, 0, 252, 6, 0, 24, 64, 0]"
607.171305,Unknown Device,5,4,4,179,"[6, 0, 176, 220, 255, 127, 229, 38]"
607.171987,Unknown Device,5,4,11,179,"[3, 0, 200, 201, 255, 191, 78, 38]"
607.172741,Unknown Device,21,4,20,180,"[10, 0, 0, 128, 0, 8, 128, 1]"
607.173312,Unknown Device,5,4,10,179,"[243, 255, 207, 239, 255, 127, 126, 39]"
607.174002,Unknown Device,2,4,22,177,"[0, 0, 0, 98, 0, 16, 251, 255]"
607.174735,Unknown Device,2,4,22,183,"[0, 0, 0, 147, 0, 0, 0, 0]"
607.175409,Unknown Device,2,4,7,177,"[0, 0, 0, 226, 0, 16, 17, 0]"
607.176084,Unknown Device,2,4,7,183,"[0, 0, 192, 26, 255, 255, 0, 0]"
607.176767,Unknown Device,2,5,31,736,"[0, 0, 247, 6, 0, 24, 64, 0]"
607.177352,Unknown Device,5,4,13,179,"[3, 0, 152, 207, 255, 127, 123, 38]"
607.177977,Unknown Device,2,4,2,177,"[0, 0, 0, 98, 0, 16, 250, 255]"
607.178655,Unknown Device,2,4,6,183,"[204, 255, 63, 191, 255, 255, 0, 0]"
607.179353,Unknown Device,2,4,3,177,"[0, 0, 0, 226, 0, 16, 202, 255]"
607.180035,Unknown Device,2,4,5,183,"[0, 0, 128, 82, 0, 0, 0, 0]"
607.180739,Unknown Device,5,4,12,179,"[210, 255, 15, 208, 255, 127, 128, 38]"
607.18143,Unknown Device,5,4,4,179,"[4, 0, 176, 220, 255, 191, 229, 38]"
607.182122,Unknown Device,5,4,11,179,"[3, 0, 200, 201, 255, 191, 78, 38]"
607.182821,Unknown Device,21,4,20,195,"[241, 223, 6, 176, 1, 8, 0, 5]"
607.18351,Unknown,Unknown,Unknown,Unknown,992,"[168, 85, 85, 99, 31, 83, 0, 0]"
607.184195,Unknown Device,5,4,10,179,"[2, 0, 200, 239, 255, 127, 126, 39]"
607.184894,Unknown Device,2,4,22,177,"[0, 0, 0, 98, 0, 16, 252, 255]"
607.185512,Unknown Device,8,5,1,96,"[0, 0, 0, 0, 0, 0, 0, 192]"
607.186211,Unknown Device,8,5,1,97,"[0, 0, 0, 64, 0, 0, 0, 0]"
607.186904,Unknown Device,8,5,1,98,"[0, 4, 32, 0, 0, 0, 0, 0]"
607.187599,Unknown Device,5,4,13,179,"[3, 0, 152, 207, 255, 127, 123, 38]"
607.188292,Unknown Device,8,5,1,100,"[141, 6, 144, 128, 0, 28, 0, 0]"
607.188984,Unknown Device,2,5,30,736,"[0, 0, 248, 6, 0, 22, 64, 0]"
607.189623,Unknown Device,2,4,26,177,"[0, 0, 0, 226, 0, 16, 20, 0]"
607.190323,Unknown Device,2,5,32,736,"[0, 0, 252, 6, 0, 24, 64, 0]"
607.191022,Unknown Device,5,4,4,179,"[4, 0, 184, 220, 255, 127, 229, 38]"
607.191728,Unknown Device,5,4,11,179,"[244, 255, 207, 201, 255, 191, 78, 38]"
607.192389,Unknown Device,21,4,20,180,"[11, 0, 0, 128, 0, 8, 128, 1]"
607.193091,Unknown Device,5,4,10,179,"[2, 0, 200, 239, 255, 191, 126, 39]"
607.193727,Unknown Device,2,4,22,431,"[0, 0, 0, 0, 1, 26, 19, 0]"
607.194338,Unknown Device,2,4,22,285,"[0, 0, 0, 0, 0, 0, 128, 0]"
607.195016,Unknown Device,2,4,22,177,"[0, 0, 0, 98, 0, 16, 254, 255]"
607.19573,Unknown Device,2,4,22,183,"[0, 0, 0, 147, 0, 0, 0, 0]"
607.196319,Unknown Device,2,4,22,184,"[0, 0, 0, 0, 0, 0, 0, 128]"
607.196923,Unknown Device,2,5,31,736,"[0, 0, 247, 6, 0, 24, 64, 0]"
607.19758,Unknown Device,2,4,8,177,"[0, 0, 0, 98, 0, 16, 238, 255]"
607.19824,Unknown Device,2,4,6,177,"[0, 0, 0, 98, 0, 16, 19, 0]"
607.198822,Unknown Device,2,4,6,183,"[8, 0, 32, 191, 255, 255, 0, 0]"
607.199444,Unknown Device,2,4,26,177,"[0, 0, 0, 226, 0, 16, 243, 255]"
607.200104,Unknown Device,2,4,26,183,"[0, 0, 192, 162, 0, 0, 0, 0]"
607.200758,Unknown Device,5,4,12,179,"[53, 0, 16, 208, 255, 191, 128, 38]"
607.20148,Unknown Device,5,4,4,179,"[254, 255, 175, 220, 255, 191, 229, 38]"
607.202141,Unknown Device,5,4,11,179,"[2, 0, 200, 201, 255, 191, 78, 38]"
607.202788,Unknown Device,21,4,20,195,"[241, 159, 6, 176, 1, 8, 0, 5]"
607.203517,Unknown Device,5,4,10,179,"[20, 0, 208, 239, 255, 191, 126, 39]"
607.204184,Unknown Device,2,4,22,177,"[0, 0, 0, 98, 0, 16, 242, 255]"
607.204837,Unknown Device,8,5,1,96,"[0, 0, 0, 0, 0, 0, 0, 192]"
607.205559,Unknown Device,8,5,1,97,"[0, 0, 0, 64, 0, 0, 0, 0]"
607.206176,Unknown Device,2,4,7,177,"[0, 0, 0, 226, 0, 16, 12, 0]"
607.206831,Unknown Device,8,5,1,98,"[0, 4, 32, 0, 0, 0, 0, 0]"
607.20756,Unknown Device,2,4,8,177,"[0, 0, 0, 98, 0, 16, 232, 255]"
607.208177,Unknown Device,2,4,2,177,"[0, 0, 0, 98, 0, 16, 14, 0]"
607.208824,Unknown Device,2,5,30,737,"[0, 0, 0, 0, 0, 64, 0, 0]"
607.209474,Unknown Device,2,4,26,177,"[0, 0, 0, 226, 0, 16, 244, 255]"
607.210127,Unknown Device,2,5,32,736,"[0, 0, 252, 6, 0, 24, 64, 0]"
607.210853,Unknown Device,5,4,4,179,"[2, 0, 176, 220, 255, 127, 229, 38]"
607.211467,Unknown Device,5,4,11,179,"[2, 0, 208, 201, 255, 191, 78, 38]"
607.21212,Unknown Device,21,4,20,180,"[12, 0, 0, 128, 0, 8, 128, 1]"
607.212847,Unknown,Unknown,Unknown,Unknown,992,"[115, 57, 98, 127, 124, 166, 0, 0]"
607.213461,Unknown Device,5,4,10,179,"[1, 0, 208, 239, 255, 191, 126, 39]"
607.214151,Unknown Device,2,4,22,177,"[0, 0, 0, 98, 0, 16, 248, 255]"
607.214912,Unknown Device,2,4,22,183,"[0, 0, 0, 147, 0, 0, 0, 0]"
607.215613,Unknown Device,2,4,7,431,"[0, 0, 0, 0, 1, 26, 19, 0]"
607.216216,Unknown Device,2,4,7,285,"[0, 0, 0, 0, 0, 3, 128, 0]"
607.216913,Unknown Device,2,5,31,736,"[0, 0, 247, 6, 0, 24, 64, 0]"
607.217606,Unknown Device,2,4,7,193,"[0, 243, 199, 46, 0, 0, 0, 0]"
607.218303,Unknown Device,2,4,8,193,"[0, 243, 199, 46, 0, 0, 0, 0]"
607.218993,Unknown Device,2,4,7,183,"[0, 0, 192, 26, 255, 255, 0, 0]"
607.219719,Unknown Device,2,4,7,184,"[0, 0, 0, 0, 0, 0, 2, 128]"
607.220325,Unknown Device,2,4,8,185,"[0, 0, 0, 0, 0, 0, 0, 128]"
607.221015,Unknown Device,2,4,7,187,"[0, 0, 4, 0, 0, 0, 0, 0]"
607.221719,Unknown Device,2,4,3,431,"[0, 0, 0, 0, 1, 26, 19, 0]"
607.222405,Unknown Device,2,4,2,186,"[8, 0, 0, 0, 0, 0, 0, 0]"
607.223094,Unknown Device,2,4,1,181,"[251, 127, 0, 64, 91, 18, 24, 20]"
607.223791,Unknown Device,2,4,5,431,"[0, 0, 0, 0, 1, 26, 19, 0]"
607.224413,Unknown Device,2,4,1,184,"[0, 0, 0, 0, 0, 0, 0, 128]"
607.225102,Unknown Device,2,4,3,184,"[0, 0, 0, 0, 0, 0, 0, 128]"
607.225799,Unknown Device,2,4,6,431,"[0, 0, 0, 0, 1, 26, 19, 0]"
607.226496,Unknown Device,2,4,3,186,"[8, 0, 0, 0, 0, 0, 0, 0]"
607.227188,Unknown Device,2,4,4,186,"[8, 0, 0, 0, 0, 0, 0, 0]"
607.227887,Unknown Device,2,4,4,187,"[0, 0, 4, 0, 0, 0, 0, 0]"
607.228505,Unknown Device,2,4,5,184,"[0, 0, 0, 0, 0, 0, 0, 128]"
607.22919,Unknown Device,2,4,5,185,"[0, 0, 0, 0, 0, 0, 0, 128]"
607.229798,Unknown Device,2,5,30,736,"[0, 0, 248, 6, 0, 22, 64, 0]"
607.230394,Unknown Device,2,5,31,736,"[0, 0, 247, 6, 0, 24, 64, 0]"
607.231157,Unknown Device,2,4,26,177,"[0, 0, 0, 226, 0, 16, 19, 0]"
607.231878,Unknown Device,2,4,6,185,"[0, 0, 0, 0, 0, 0, 0, 128]"
607.23258,Unknown Device,2,5,32,736,"[0, 0, 252, 6, 0, 24, 64, 0]"
607.23328,Unknown Device,5,4,11,179,"[2, 0, 208, 201, 255, 191, 78, 38]"
607.233972,Unknown Device,5,4,12,179,"[210, 255, 15, 208, 255, 63, 128, 38]"
607.234714,Unknown Device,2,4,26,186,"[12, 0, 0, 0, 0, 0, 0, 0]"
607.23536,Unknown Device,2,4,26,187,"[0, 0, 4, 196, 68, 0, 0, 0]"
607.236059,Unknown Device,8,5,1,100,"[140, 6, 144, 128, 0, 28, 0, 0]"
607.236709,Unknown Device,2,4,7,177,"[0, 0, 0, 226, 0, 16, 0, 0]"
607.237377,Unknown Device,5,4,13,179,"[3, 0, 160, 207, 255, 191, 123, 38]"
607.238075,Unknown Device,2,4,6,177,"[0, 0, 0, 98, 0, 16, 10, 0]"
607.238768,Unknown Device,2,4,4,183,"[8, 0, 64, 39, 255, 255, 0, 0]"
607.239457,Unknown Device,2,4,5,177,"[0, 0, 0, 98, 0, 16, 254, 255]"
607.240155,Unknown Device,2,4,26,177,"[0, 0, 0, 226, 0, 16, 244, 255]"
607.24077,Unknown Device,5,4,12,179,"[3, 0, 8, 208, 255, 191, 128, 38]"
607.241459,Unknown Device,5,4,4,179,"[1, 0, 176, 220, 255, 127, 229, 38]"
607.242149,Unknown Device,5,4,11,179,"[2, 0, 208, 201, 255, 191, 78, 38]"
607.242846,Unknown Device,21,4,20,180,"[13, 0, 0, 128, 0, 8, 128, 1]"
607.243532,Unknown Device,21,4,20,199,"[15, 0, 112, 1, 0, 37, 0, 0]"
607.244228,Unknown Device,21,4,20,205,"[0, 0, 0, 0, 0, 0, 0, 0]"
607.244854,Unknown Device,21,4,20,206,"[201, 255, 95, 0, 109, 2, 0, 0]"
607.245489,Unknown Device,8,5,1,96,"[0, 0, 0, 0, 0, 0, 0, 192]"
607.246121,Unknown Device,8,5,1,97,"[0, 0, 0, 64, 0, 0, 0, 0]"
607.246818,Unknown Device,8,5,1,98,"[0, 4, 32, 0, 0, 0, 0, 0]"
607.247504,Unknown Device,2,4,8,177,"[0, 0, 0, 98, 0, 16, 237, 255]"
607.248143,Unknown Device,2,4,2,177,"[0, 0, 0, 98, 0, 16, 239, 255]"
607.248833,Unknown Device,2,4,1,177,"[0, 0, 0, 98, 0, 16, 248, 255]"
607.249526,Unknown Device,2,5,30,736,"[0, 0, 248, 6, 0, 22, 64, 0]"
607.250251,Unknown Device,2,5,32,736,"[0, 0, 252, 6, 0, 24, 64, 0]"
607.250948,Unknown Device,5,4,4,179,"[9, 0, 192, 220, 255, 127, 229, 38]"
607.251703,Unknown Device,5,4,11,179,"[2, 0, 208, 201, 255, 191, 78, 38]"
607.252346,Unknown,Unknown,Unknown,Unknown,992,"[146, 159, 152, 87, 236, 88, 0, 0]"
607.252963,Unknown Device,21,4,20,180,"[14, 0, 0, 128, 0, 8, 128, 1]"
607.253703,Unknown Device,5,4,10,179,"[1, 0, 200, 239, 255, 127, 126, 39]"
607.254346,Unknown Device,2,4,22,177,"[0, 0, 0, 98, 0, 16, 246, 255]"
607.25497,Unknown Device,2,4,22,183,"[0, 0, 0, 147, 0, 0, 0, 0]"
607.255701,Unknown Device,2,4,7,177,"[0, 0, 0, 226, 0, 16, 13, 0]"
607.256351,Unknown Device,2,4,7,183,"[0, 0, 192, 26, 255, 255, 0, 0]"
607.25699,Unknown Device,2,5,31,736,"[0, 0, 247, 6, 0, 24, 64, 0]"
607.257702,Unknown Device,2,4,6,177,"[0, 0, 0, 98, 0, 16, 248, 255]"
607.258373,Unknown Device,2,4,2,183,"[12, 0, 32, 64, 255, 255, 0, 0]"
607.259005,Unknown Device,2,4,1,183,"[0, 0, 0, 189, 255, 255, 0, 0]"
607.259702,Unknown,Unknown,Unknown,Unknown,992,"[137, 116, 29, 54, 159, 63, 0, 0]"
607.260395,Unknown Device,2,5,32,736,"[0, 0, 252, 6, 0, 24, 64, 0]"
607.261013,Unknown Device,5,4,12,179,"[2, 0, 8, 208, 255, 127, 128, 38]"
607.261703,Unknown Device,5,4,11,179,"[2, 0, 208, 201, 255, 191, 78, 38]"
607.262381,Unknown Device,21,4,20,180,"[14, 0, 0, 128, 0, 8, 128, 1]"
607.263013,Unknown Device,21,4,20,195,"[241, 159, 6, 176, 1, 8, 0, 5]"
607.263703,Unknown Device,5,4,10,179,"[1, 0, 200, 239, 255, 191, 126, 39]"
607.264396,Unknown Device,2,4,22,177,"[0, 0, 0, 98, 0, 16, 252, 255]"
607.265022,Unknown Device,8,5,1,96,"[0, 0, 0, 0, 0, 0, 0, 192]"
607.269602,Unknown Device,8,5,1,97,"[0, 0, 0, 64, 0, 0, 0, 0]"
607.270292,Unknown Device,2,4,7,177,"[0, 0, 0, 226, 0, 16, 252, 255]"
607.270988,Unknown Device,2,5,32,736,"[0, 0, 252, 6, 0, 24, 64, 0]"
607.2717,Unknown Device,5,4,4,179,"[3, 0, 176, 220, 255, 127, 229, 38]"
607.272381,Unknown Device,5,4,11,179,"[2, 0, 208, 201, 255, 191, 78, 38]"
607.273066,Unknown,Unknown,Unknown,Unknown,992,"[240, 174, 231, 132, 37, 173, 0, 0]"
607.273766,Unknown Device,5,4,10,179,"[1, 0, 200, 239, 255, 127, 126, 39]"
607.274454,Unknown Device,2,4,22,183,"[0, 0, 0, 147, 0, 0, 0, 0]"
607.275168,Unknown Device,2,4,7,177,"[0, 0, 0, 226, 0, 16, 248, 255]"
607.275843,Unknown Device,2,4,7,183,"[0, 0, 192, 26, 255, 255, 0, 0]"
607.280878,Unknown Device,2,5,31,736,"[0, 0, 247, 6, 0, 24, 64, 0]"
607.28169,Unknown Device,5,4,13,179,"[2, 0, 152, 207, 255, 191, 123, 38]"
607.282301,Unknown Device,5,4,11,179,"[2, 0, 208, 201, 255, 191, 78, 38]"
607.282979,Unknown Device,21,4,20,195,"[241, 159, 6, 176, 1, 8, 0, 5]"
607.283693,Unknown Device,5,4,10,179,"[1, 0, 200, 239, 255, 191, 126, 39]"
607.284374,Unknown Device,2,4,22,177,"[0, 0, 0, 98, 0, 16, 4, 0]"
607.285074,Unknown Device,8,5,1,96,"[0, 0, 0, 0, 0, 0, 0, 192]"
607.285753,Unknown Device,8,5,1,97,"[0, 0, 0, 64, 0, 0, 0, 0]"
607.286427,Unknown Device,2,4,7,177,"[0, 0, 0, 226, 0, 16, 1, 0]"
607.287124,Unknown Device,2,5,31,736,"[0, 0, 247, 6, 0, 24, 64, 0]"
607.287793,Unknown Device,2,4,6,177,"[0, 0, 0, 98, 0, 16, 253, 255]"
607.288479,Unknown Device,2,4,1,177,"[0, 0, 0, 98, 0, 16, 251, 255]"
607.289175,Unknown Device,2,4,5,177,"[0, 0, 0, 98, 0, 16, 252, 255]"
607.289851,Unknown Device,5,4,12,179,"[2, 0, 8, 208, 255, 127, 128, 38]"
607.290551,Unknown Device,2,5,32,736,"[0, 0, 251, 6, 0, 24, 64, 0]"
607.291233,Unknown Device,5,4,4,179,"[14, 0, 192, 220, 255, 127, 229, 38]"
607.292067,Unknown Device,5,4,11,179,"[2, 0, 208, 201, 255, 191, 78, 38]"
607.292771,Unknown Device,21,4,20,180,"[13, 0, 0, 128, 0, 8, 128, 1]"
607.29345,Unknown Device,5,4,10,179,"[1, 0, 200, 239, 255, 63, 126, 39]"
607.294153,Unknown Device,2,4,22,177,"[0, 0, 0, 98, 0, 16, 6, 0]"
607.294843,Unknown Device,2,4,22,183,"[0, 0, 0, 147, 0, 0, 0, 0]"
607.295551,Unknown,Unknown,Unknown,Unknown,992,"[112, 239, 44, 125, 0, 180, 0, 0]"
607.296233,Unknown Device,2,4,7,177,"[0, 0, 0, 226, 0, 16, 13, 0]"
607.296937,Unknown Device,2,4,7,183,"[0, 0, 192, 26, 255, 255, 0, 0]"
607.297685,Unknown Device,2,4,4,177,"[0, 0, 0, 98, 0, 16, 31, 0]"
607.298335,Unknown Device,2,4,1,177,"[0, 0, 0, 98, 0, 16, 0, 0]"
607.299017,Unknown Device,2,4,1,183,"[0, 0, 0, 189, 255, 255, 0, 0]"
607.299721,Unknown Device,5,4,12,179,"[2, 0, 8, 208, 255, 127, 128, 38]"
607.300407,Unknown Device,2,5,32,737,"[0, 0, 0, 0, 0, 64, 0, 0]"
607.301111,Unknown Device,5,4,4,179,"[253, 255, 175, 220, 255, 127, 229, 38]"
607.301793,Unknown Device,5,4,11,179,"[2, 0, 208, 201, 255, 191, 78, 38]"
607.302494,Unknown Device,21,4,20,180,"[12, 0, 0, 128, 0, 8, 128, 1]"
607.303176,Unknown Device,21,4,20,195,"[241, 159, 6, 176, 1, 8, 0, 5]"
607.303729,Unknown,Unknown,Unknown,Unknown,992,"[211, 13, 8, 46, 45, 67, 0, 0]"
607.304351,Unknown Device,2,4,22,177,"[0, 0, 0, 98, 0, 16, 9, 0]"
607.305056,Unknown Device,8,5,1,96,"[0, 0, 0, 0, 0, 0, 0, 192]"
607.305688,Unknown Device,8,5,1,97,"[0, 0, 0, 64, 0, 0, 0, 0]"
607.306396,Unknown Device,2,4,7,177,"[0, 0, 0, 226, 0, 16, 10, 0]"
607.307085,Unknown Device,8,5,1,99,"[0, 0, 0, 2, 0, 0, 2, 0]"
607.307782,Unknown Device,2,4,4,177,"[0, 0, 0, 98, 0, 16, 243, 255]"
607.308468,Unknown Device,8,5,1,100,"[140, 6, 144, 128, 0, 28, 0, 0]"
607.309179,Unknown Device,2,4,5,177,"[0, 0, 0, 98, 0, 16, 240, 255]"
607.309862,Unknown Device,5,4,12,179,"[2, 0, 8, 208, 255, 127, 128, 38]"
607.310584,Unknown Device,2,5,32,736,"[0, 0, 252, 6, 0, 24, 64, 0]"
607.311265,Unknown Device,5,4,4,179,"[0, 0, 168, 220, 255, 127, 229, 38]"
607.31197,Unknown Device,5,4,11,179,"[2, 0, 208, 201, 255, 191, 78, 38]"
607.312681,Unknown Device,21,4,20,180,"[13, 0, 0, 128, 0, 8, 128, 1]"
607.313375,Unknown Device,5,4,10,179,"[1, 0, 200, 239, 255, 127, 126, 39]"
607.314064,Unknown Device,2,4,22,177,"[0, 0, 0, 98, 0, 16, 5, 0]"
607.314768,Unknown Device,2,4,22,183,"[0, 0, 0, 147, 0, 0, 0, 0]"
607.315455,Unknown Device,2,4,7,177,"[0, 0, 0, 226, 0, 16, 16, 0]"
607.316151,Unknown Device,2,4,7,183,"[0, 0, 192, 26, 255, 255, 0, 0]"
607.316839,Unknown Device,2,5,31,736,"[0, 0, 247, 6, 0, 24, 64, 0]"
607.317542,Unknown Device,2,4,8,177,"[0, 0, 0, 98, 0, 16, 245, 255]"
607.318226,Unknown Device,2,4,2,177,"[0, 0, 0, 98, 0, 16, 253, 255]"
607.318933,Unknown Device,2,4,2,183,"[8, 0, 32, 64, 255, 255, 0, 0]"
607.319675,Unknown Device,2,4,5,183,"[0, 0, 128, 82, 0, 0, 0, 0]"
607.320208,Unknown Device,2,5,32,737,"[0, 0, 0, 0, 0, 64, 0, 0]"
607.320822,Unknown Device,5,4,12,179,"[2, 0, 8, 208, 255, 127, 128, 38]"
607.321518,Unknown Device,5,4,11,179,"[2, 0, 208, 201, 255, 191, 78, 38]"
607.322231,Unknown Device,21,4,20,180,"[13, 0, 0, 128, 0, 8, 128, 1]"
607.322931,Unknown Device,21,4,20,195,"[241, 159, 6, 176, 1, 8, 0, 5]"
607.323673,Unknown Device,5,4,10,179,"[1, 0, 200, 239, 255, 191, 126, 39]"
607.324319,Unknown Device,2,4,22,177,"[0, 0, 0, 98, 0, 16, 249, 255]"
607.325011,Unknown,Unknown,Unknown,Unknown,992,"[202, 139, 35, 231, 140, 22, 0, 0]"
607.32571,Unknown Device,8,5,1,96,"[0, 0, 0, 0, 0, 0, 0, 192]"
607.326399,Unknown Device,8,5,1,97,"[0, 0, 0, 64, 0, 0, 0, 0]"
607.327105,Unknown Device,2,5,31,736,"[0, 0, 246, 6, 0, 24, 64, 0]"
607.327783,Unknown Device,2,4,4,177,"[0, 0, 0, 98, 0, 16, 7, 0]"
607.328493,Unknown Device,2,4,1,177,"[0, 0, 0, 98, 0, 16, 7, 0]"
607.329178,Unknown Device,2,4,5,177,"[0, 0, 0, 98, 0, 16, 244, 255]"
607.329884,Unknown Device,5,4,12,179,"[2, 0, 8, 208, 255, 191, 128, 38]"
607.330573,Unknown Device,2,5,32,736,"[0, 0, 252, 6, 0, 24, 64, 0]"
607.331273,Unknown Device,5,4,4,179,"[255, 255, 175, 220, 255, 255, 229, 38]"
607.331969,Unknown Device,5,4,11,179,"[2, 0, 208, 201, 255, 191, 78, 38]"
607.332666,Unknown Device,21,4,20,180,"[13, 0, 0, 128, 0, 8, 128, 1]"
607.333352,Unknown Device,5,4,10,179,"[1, 0, 200, 239, 255, 127, 126, 39]"
607.334049,Unknown Device,2,4,22,177,"[0, 0, 0, 98, 0, 16, 252, 255]"
607.334732,Unknown Device,2,4,22,183,"[0, 0, 0, 147, 0, 0, 0, 0]"
607.335435,Unknown Device,2,4,7,177,"[0, 0, 0, 226, 0, 16, 0, 0]"
607.336124,Unknown Device,2,4,7,183,"[0, 0, 192, 26, 255, 255, 0, 0]"
607.336829,Unknown Device,2,5,31,736,"[0, 0, 247, 6, 0, 24, 64, 0]"
607.337507,Unknown Device,2,4,8,177,"[0, 0, 0, 98, 0, 16, 245, 255]"
607.338211,Unknown Device,2,4,2,177,"[0, 0, 0, 98, 0, 16, 240, 255]"
607.338915,Unknown Device,2,5,30,736,"[0, 0, 248, 6, 0, 22, 64, 0]"
607.339663,Unknown Device,2,4,26,177,"[0, 0, 0, 226, 0, 16, 10, 0]"
607.340313,Unknown Device,2,5,32,736,"[0, 0, 252, 6, 0, 24, 64, 0]"
607.341024,Unknown Device,5,4,12,179,"[2, 0, 8, 208, 255, 191, 128, 38]"
607.341714,Unknown Device,5,4,11,179,"[2, 0, 208, 201, 255, 191, 78, 38]"
607.342407,Unknown Device,21,4,20,180,"[13, 0, 0, 128, 0, 8, 128, 1]"
607.343096,Unknown Device,21,4,20,200,"[208, 255, 24, 0, 68, 64, 0, 4]"
607.343793,Unknown Device,5,4,10,179,"[1, 0, 200, 239, 255, 191, 126, 39]"
607.344479,Unknown Device,2,4,22,177,"[0, 0, 0, 98, 0, 16, 0, 0]"
607.345175,Unknown Device,8,5,1,96,"[0, 0, 0, 0, 0, 0, 0, 192]"
607.345865,Unknown Device,8,5,1,97,"[0, 0, 0, 64, 0, 0, 0, 0]"
607.346566,Unknown Device,2,4,7,177,"[0, 0, 0, 226, 0, 16, 16, 0]"
607.347255,Unknown Device,2,5,31,737,"[0, 0, 0, 0, 0, 64, 0, 0]"
607.347959,Unknown Device,2,4,2,177,"[0, 0, 0, 98, 0, 16, 241, 255]"
607.348664,Unknown Device,2,4,1,177,"[0, 0, 0, 98, 0, 16, 2, 0]"
607.349357,Unknown Device,2,4,5,177,"[0, 0, 0, 98, 0, 16, 11, 0]"
607.350039,Unknown Device,2,5,32,736,"[0, 0, 252, 6, 0, 24, 64, 0]"
607.35075,Unknown Device,5,4,4,179,"[255, 255, 175, 220, 255, 191, 229, 38]"
607.351451,Unknown Device,5,4,11,179,"[2, 0, 208, 201, 255, 191, 78, 38]"
607.352161,Unknown Device,21,4,20,180,"[14, 0, 0, 128, 0, 8, 128, 1]"
607.35285,Unknown Device,5,4,10,179,"[1, 0, 200, 239, 255, 127, 126, 39]"
607.353691,Unknown Device,2,4,22,177,"[0, 0, 0, 98, 0, 16, 253, 255]"
607.354377,Unknown Device,2,4,22,183,"[0, 0, 0, 147, 0, 0, 0, 0]"
607.355174,Unknown Device,2,4,7,177,"[0, 0, 0, 226, 0, 16, 23, 0]"
607.355774,Unknown Device,2,4,7,183,"[0, 0, 192, 26, 255, 255, 0, 0]"
607.356467,Unknown Device,2,5,31,736,"[0, 0, 247, 6, 0, 24, 64, 0]"
607.357149,Unknown Device,5,4,13,179,"[2, 0, 152, 207, 255, 191, 123, 38]"
607.357853,Unknown Device,2,4,6,177,"[0, 0, 0, 98, 0, 16, 243, 255]"
607.358539,Unknown Device,2,4,8,183,"[68, 255, 127, 62, 255, 255, 0, 0]"
607.35925,Unknown Device,2,4,3,177,"[0, 0, 0, 226, 0, 16, 223, 255]"
607.359933,Unknown Device,2,4,5,183,"[0, 0, 128, 82, 0, 0, 0, 0]"
607.360659,Unknown Device,5,4,12,179,"[243, 255, 15, 208, 255, 127, 128, 38]"
607.361323,Unknown Device,5,4,4,179,"[252, 255, 167, 220, 255, 191, 229, 38]"
607.362022,Unknown Device,5,4,11,179,"[2, 0, 208, 201, 255, 191, 78, 38]"
607.362721,Unknown Device,21,4,20,195,"[241, 159, 6, 176, 1, 8, 0, 5]"
607.36341,Unknown Device,5,4,10,179,"[1, 0, 200, 239, 255, 127, 126, 39]"
607.364095,Unknown Device,2,4,22,177,"[0, 0, 0, 98, 0, 16, 4, 0]"
607.364809,Unknown Device,8,5,1,96,"[0, 0, 0, 0, 0, 0, 0, 192]"
607.36549,Unknown Device,8,5,1,97,"[0, 0, 0, 64, 0, 0, 0, 0]"
607.36621,Unknown Device,2,4,7,177,"[0, 0, 0, 226, 0, 16, 27, 0]"
607.366903,Unknown Device,8,5,1,98,"[0, 4, 32, 0, 0, 0, 0, 0]"
607.367652,Unknown Device,5,4,13,179,"[21, 0, 168, 207, 255, 191, 123, 38]"
607.368262,Unknown Device,2,4,1,177,"[0, 0, 0, 98, 0, 16, 16, 0]"
607.368842,Unknown Device,5,4,4,431,"[0, 0, 0, 0, 1, 26, 19, 128]"
607.369509,Unknown Device,2,5,30,737,"[0, 0, 0, 0, 0, 64, 0, 0]"
607.370187,Unknown Device,2,5,32,736,"[0, 0, 252, 6, 0, 24, 64, 0]"
607.370675,Unknown Device,5,4,4,179,"[255, 255, 175, 220, 255, 191, 229, 38]"
607.371349,Unknown Device,5,4,11,179,"[5, 0, 200, 201, 255, 191, 78, 38]"
607.3719,Unknown Device,21,4,20,180,"[13, 0, 0, 128, 0, 8, 128, 1]"
607.37261,Unknown Device,5,4,10,179,"[1, 0, 200, 239, 255, 191, 126, 39]"
607.372986,Unknown Device,2,4,22,177,"[0, 0, 0, 98, 0, 16, 3, 0]"
607.373499,Unknown Device,2,4,22,183,"[0, 0, 0, 147, 0, 0, 0, 0]"
607.375144,Unknown Device,2,4,7,177,"[0, 0, 0, 226, 0, 16, 4, 0]"
607.375329,Unknown Device,2,4,7,183,"[0, 0, 192, 26, 255, 255, 0, 0]"
607.375556,Unknown,Unknown,Unknown,Unknown,992,"[119, 62, 52, 14, 254, 143, 0, 0]"
607.375705,Unknown Device,2,5,31,736,"[0, 0, 247, 6, 0, 24, 64, 0]"
607.376141,Unknown Device,5,4,13,179,"[209, 255, 159, 207, 255, 127, 123, 38]"
607.3767,Unknown Device,2,4,8,177,"[0, 0, 0, 98, 0, 16, 241, 255]"
607.377278,Unknown Device,2,4,4,177,"[0, 0, 0, 98, 0, 16, 4, 0]"
607.377874,Unknown Device,2,4,2,177,"[0, 0, 0, 98, 0, 16, 251, 255]"
607.378445,Unknown Device,2,4,4,183,"[20, 0, 32, 39, 255, 255, 0, 0]"
607.379019,Unknown Device,2,4,5,177,"[0, 0, 0, 98, 0, 16, 242, 255]"
607.379568,Unknown Device,2,4,5,183,"[0, 0, 128, 82, 0, 0, 0, 0]"
607.38015,Unknown Device,5,4,12,179,"[2, 0, 8, 208, 255, 191, 128, 38]"
607.38071,Unknown Device,5,4,4,179,"[16, 0, 192, 220, 255, 63, 229, 38]"
607.38131,Unknown Device,5,4,11,179,"[2, 0, 200, 201, 255, 191, 78, 38]"
607.381877,Unknown Device,21,4,20,180,"[13, 0, 0, 128, 0, 8, 128, 1]"
607.382462,Unknown Device,21,4,20,195,"[241, 159, 6, 176, 1, 8, 0, 5]"
607.383026,Unknown Device,5,4,10,179,"[1, 0, 200, 239, 255, 127, 126, 39]"
607.383645,Unknown Device,2,4,22,177,"[0, 0, 0, 98, 0, 16, 253, 255]"
607.384402,Unknown Device,8,5,1,96,"[0, 0, 0, 0, 0, 0, 0, 192]"
607.384871,Unknown Device,8,5,1,97,"[0, 0, 0, 64, 0, 0, 0, 0]"
607.385557,Unknown Device,2,4,7,177,"[0, 0, 0, 226, 0, 16, 4, 0]"
607.386254,Unknown Device,8,5,1,98,"[0, 4, 32, 0, 0, 0, 0, 0]"
607.386937,Unknown Device,8,5,1,99,"[0, 0, 0, 3, 0, 0, 2, 0]"
607.387655,Unknown Device,2,4,4,177,"[0, 0, 0, 98, 0, 16, 31, 0]"
607.388341,Unknown Device,2,4,1,177,"[0, 0, 0, 98, 0, 16, 20, 0]"
607.389045,Unknown Device,2,4,3,177,"[0, 0, 0, 226, 0, 16, 208, 255]"
607.389728,Unknown Device,5,4,13,285,"[0, 0, 0, 0, 24, 0, 0, 0]"
607.390435,Unknown Device,5,4,12,209,"[0, 0, 0, 0, 0, 0, 0, 0]"
607.391124,Unknown Device,5,4,12,431,"[0, 0, 0, 1, 1, 26, 19, 0]"
607.391814,Unknown Device,5,4,11,179,"[1, 0, 208, 201, 255, 191, 78, 38]"
607.3925,Unknown Device,21,4,20,180,"[13, 0, 0, 128, 0, 8, 128, 1]"
607.393225,Unknown Device,5,4,11,285,"[0, 0, 0, 0, 24, 0, 0, 0]"
607.393915,Unknown Device,5,4,10,179,"[1, 0, 200, 239, 255, 127, 126, 39]"
607.394641,Unknown Device,5,4,10,194,"[171, 192, 8, 131, 24, 0, 0, 0]"
607.395298,Unknown Device,5,4,10,285,"[0, 0, 0, 0, 24, 0, 0, 0]"
607.395995,Unknown Device,2,4,7,177,"[0, 0, 0, 226, 0, 16, 14, 0]"
607.396678,Unknown Device,2,4,7,183,"[0, 0, 192, 26, 255, 255, 0, 0]"
607.397385,Unknown Device,2,4,8,177,"[0, 0, 0, 98, 0, 16, 246, 255]"
607.398074,Unknown Device,2,4,4,183,"[4, 0, 64, 39, 255, 255, 0, 0]"
607.398786,Unknown Device,2,4,6,183,"[4, 0, 32, 191, 255, 255, 0, 0]"
607.399472,Unknown Device,2,4,26,177,"[0, 0, 0, 226, 0, 16, 242, 255]"
607.400197,Unknown Device,2,5,32,736,"[0, 0, 252, 6, 0, 24, 64, 0]"
607.400844,Unknown Device,5,4,12,179,"[2, 0, 8, 208, 255, 191, 128, 38]"
607.401749,Unknown Device,5,4,11,179,"[1, 0, 200, 201, 255, 191, 78, 38]"
607.402435,Unknown Device,21,4,20,180,"[13, 0, 0, 128, 0, 8, 128, 1]"
607.403146,Unknown Device,21,4,20,195,"[241, 159, 6, 176, 1, 8, 0, 5]"
607.403785,Unknown Device,5,4,10,179,"[1, 0, 200, 239, 255, 191, 126, 39]"
607.404529,Unknown Device,2,4,22,177,"[0, 0, 0, 98, 0, 16, 247, 255]"
607.405232,Unknown Device,8,5,1,96,"[0, 0, 0, 0, 0, 0, 0, 192]"
607.40585,Unknown Device,8,5,1,97,"[0, 0, 0, 64, 0, 0, 0, 0]"
607.406469,Unknown Device,2,4,7,177,"[0, 0, 0, 226, 0, 16, 2, 0]"
607.407196,Unknown Device,5,4,13,179,"[2, 0, 160, 207, 255, 191, 123, 38]"
607.407874,Unknown Device,2,4,6,177,"[0, 0, 0, 98, 0, 16, 16, 0]"
607.408638,Unknown Device,8,5,1,100,"[140, 6, 144, 128, 0, 28, 0, 0]"
607.409277,Unknown Device,2,4,5,177,"[0, 0, 0, 98, 0, 16, 254, 255]"
607.409968,Unknown Device,2,5,32,736,"[0, 0, 252, 6, 0, 24, 64, 0]"
607.410647,Unknown Device,5,4,4,179,"[3, 0, 168, 220, 255, 127, 229, 38]"
607.411356,Unknown Device,5,4,11,179,"[1, 0, 200, 201, 255, 191, 78, 38]"
607.412041,Unknown Device,21,4,20,180,"[13, 0, 0, 128, 0, 8, 128, 1]"
607.412754,Unknown Device,5,4,10,179,"[1, 0, 200, 239, 255, 191, 126, 39]"
607.413438,Unknown Device,2,4,22,177,"[0, 0, 0, 98, 0, 16, 249, 255]"
607.414151,Unknown Device,2,4,22,183,"[0, 0, 0, 147, 0, 0, 0, 0]"
607.415203,Unknown Device,2,4,7,177,"[0, 0, 0, 226, 0, 16, 19, 0]"
607.415534,Unknown Device,2,4,7,183,"[0, 0, 192, 26, 255, 255, 0, 0]"
607.41622,Unknown Device,2,5,31,736,"[0, 0, 246, 6, 0, 24, 64, 0]"
607.416926,Unknown Device,5,4,13,179,"[2, 0, 160, 207, 255, 191, 123, 38]"
607.417633,Unknown Device,2,4,8,177,"[0, 0, 0, 98, 0, 16, 239, 255]"
607.418322,Unknown Device,2,4,1,177,"[0, 0, 0, 98, 0, 16, 252, 255]"
607.419006,Unknown Device,2,4,1,183,"[0, 0, 0, 189, 255, 255, 0, 0]"
607.419713,Unknown Device,2,5,30,736,"[0, 0, 248, 6, 0, 22, 64, 0]"
607.420402,Unknown Device,5,4,12,179,"[2, 0, 16, 208, 255, 191, 128, 38]"
607.421101,Unknown,Unknown,Unknown,Unknown,992,"[237, 251, 249, 160, 154, 1, 0, 0]"
607.421779,Unknown Device,5,4,11,179,"[1, 0, 208, 201, 255, 191, 78, 38]"
607.422494,Unknown Device,21,4,20,180,"[13, 0, 0, 128, 0, 8, 128, 1]"
607.423183,Unknown Device,21,4,20,195,"[241, 159, 6, 176, 1, 8, 0, 5]"
607.423888,Unknown Device,5,4,10,179,"[4, 0, 208, 239, 255, 191, 126, 39]"
607.424628,Unknown Device,2,4,22,177,"[0, 0, 0, 98, 0, 16, 254, 255]"
607.425285,Unknown Device,8,5,1,96,"[0, 0, 0, 0, 0, 0, 0, 192]"
607.425967,Unknown Device,8,5,1,97,"[0, 0, 0, 64, 0, 0, 0, 0]"
607.426679,Unknown Device,2,4,7,177,"[0, 0, 0, 226, 0, 16, 10, 0]"
607.427365,Unknown Device,2,4,8,177,"[0, 0, 0, 98, 0, 16, 234, 255]"
607.428068,Unknown Device,2,4,2,177,"[0, 0, 0, 98, 0, 16, 250, 255]"
607.428751,Unknown Device,2,4,1,177,"[0, 0, 0, 98, 0, 16, 9, 0]"
607.429487,Unknown Device,2,5,30,737,"[0, 0, 0, 0, 0, 64, 0, 0]"
607.430169,Unknown Device,2,5,32,736,"[0, 0, 251, 6, 0, 24, 64, 0]"
607.430859,Unknown Device,5,4,4,179,"[254, 255, 167, 220, 255, 63, 229, 38]"
607.431545,Unknown Device,5,4,11,179,"[4, 0, 200, 201, 255, 127, 78, 38]"
607.432249,Unknown Device,21,4,20,180,"[14, 0, 0, 128, 0, 8, 128, 1]"
607.43293,Unknown Device,5,4,10,179,"[4, 0, 200, 239, 255, 127, 126, 39]"
607.433627,Unknown Device,2,4,22,177,"[0, 0, 0, 98, 0, 16, 0, 0]"
607.434292,Unknown Device,2,4,22,183,"[0, 0, 0, 147, 0, 0, 0, 0]"
607.435108,Unknown Device,2,4,7,177,"[0, 0, 0, 226, 0, 16, 22, 0]"
607.435629,Unknown Device,2,4,7,183,"[0, 0, 192, 26, 255, 255, 0, 0]"
607.436293,Unknown Device,2,5,31,736,"[0, 0, 247, 6, 0, 24, 64, 0]"
607.436975,Unknown Device,5,4,13,179,"[2, 0, 152, 207, 255, 191, 123, 38]"
607.437644,Unknown Device,2,4,8,183,"[68, 255, 127, 62, 255, 255, 0, 0]"
607.438322,Unknown Device,2,4,1,177,"[0, 0, 0, 98, 0, 16, 254, 255]"
607.43899,Unknown Device,2,4,1,183,"[0, 0, 0, 189, 255, 255, 0, 0]"
607.439673,Unknown Device,2,4,26,177,"[0, 0, 0, 226, 0, 16, 20, 0]"
607.44033,Unknown Device,2,5,32,737,"[0, 0, 0, 0, 0, 64, 0, 0]"
607.441012,Unknown Device,5,4,12,179,"[2, 0, 8, 208, 255, 191, 128, 38]"
607.44168,Unknown Device,5,4,11,179,"[1, 0, 200, 201, 255, 191, 78, 38]"
607.442366,Unknown,Unknown,Unknown,Unknown,992,"[24, 17, 144, 7, 59, 59, 0, 0]"
607.443027,Unknown Device,21,4,20,200,"[204, 255, 52, 0, 160, 64, 0, 4]"
607.44371,Unknown Device,5,4,10,179,"[4, 0, 200, 239, 255, 191, 126, 39]"
607.444374,Unknown Device,2,4,22,285,"[0, 0, 0, 0, 0, 0, 128, 0]"
607.445063,Unknown Device,2,4,22,177,"[0, 0, 0, 98, 0, 16, 4, 0]"
607.44576,Unknown Device,2,4,22,184,"[0, 0, 0, 0, 0, 0, 0, 128]"
607.446453,Unknown Device,2,4,22,186,"[4, 0, 0, 0, 0, 0, 0, 0]"
607.447114,Unknown Device,2,5,31,737,"[0, 0, 0, 0, 0, 64, 0, 0]"
607.447804,Unknown Device,5,4,13,179,"[23, 0, 168, 207, 255, 191, 123, 38]"
607.448468,Unknown Device,2,4,1,177,"[0, 0, 0, 98, 0, 16, 6, 0]"
607.44915,Unknown Device,2,4,5,177,"[0, 0, 0, 98, 0, 16, 248, 255]"
607.449811,Unknown Device,5,4,12,179,"[2, 0, 8, 208, 255, 191, 128, 38]"
607.450497,Unknown Device,2,5,32,736,"[0, 0, 252, 6, 0, 24, 64, 0]"
607.451172,Unknown Device,5,4,4,179,"[248, 255, 167, 220, 255, 63, 229, 38]"
607.451859,Unknown Device,5,4,11,179,"[51, 0, 216, 201, 255, 191, 78, 38]"
607.452512,Unknown Device,21,4,20,180,"[14, 0, 0, 128, 0, 8, 128, 1]"
607.453197,Unknown Device,5,4,10,179,"[3, 0, 200, 239, 255, 127, 126, 39]"
607.453854,Unknown Device,2,4,22,177,"[0, 0, 0, 98, 0, 16, 254, 255]"
607.454618,Unknown Device,2,4,22,183,"[0, 0, 0, 147, 0, 0, 0, 0]"
607.455212,Unknown Device,2,4,7,177,"[0, 0, 0, 226, 0, 16, 0, 0]"
607.455901,Unknown Device,2,4,7,183,"[0, 0, 192, 26, 255, 255, 0, 0]"
607.456615,Unknown Device,2,5,31,736,"[0, 0, 246, 6, 0, 24, 64, 0]"
607.457239,Unknown Device,2,4,8,177,"[0, 0, 0, 98, 0, 16, 251, 255]"
607.457868,Unknown Device,2,4,2,177,"[0, 0, 0, 98, 0, 16, 17, 0]"
607.45861,Unknown Device,2,4,6,183,"[12, 0, 32, 191, 255, 255, 0, 0]"
607.459255,Unknown Device,2,4,3,177,"[0, 0, 0, 226, 0, 16, 193, 255]"
607.459941,Unknown Device,2,4,3,183,"[0, 0, 192, 245, 255, 255, 0, 0]"
607.460662,Unknown Device,5,4,12,179,"[1, 0, 8, 208, 255, 127, 128, 38]"
607.461343,Unknown Device,5,4,4,179,"[255, 255, 175, 220, 255, 191, 229, 38]"
607.462042,Unknown Device,5,4,11,179,"[4, 0, 200, 201, 255, 127, 78, 38]"
607.462735,Unknown Device,21,4,20,195,"[241, 159, 6, 176, 1, 8, 0, 5]"
607.463452,Unknown,Unknown,Unknown,Unknown,992,"[193, 178, 4, 245, 16, 26, 0, 0]"
607.464101,Unknown Device,5,4,10,179,"[3, 0, 200, 239, 255, 191, 126, 39]"
607.464801,Unknown Device,2,4,22,177,"[0, 0, 0, 98, 0, 16, 254, 255]"
607.465496,Unknown Device,8,5,1,96,"[0, 0, 0, 0, 0, 0, 0, 192]"
607.466195,Unknown Device,8,5,1,97,"[0, 0, 0, 64, 0, 0, 0, 0]"
607.466881,Unknown Device,8,5,1,98,"[0, 4, 32, 0, 0, 0, 0, 0]"
607.467607,Unknown Device,2,4,8,431,"[0, 0, 0, 0, 1, 26, 19, 0]"
607.468263,Unknown Device,2,4,8,285,"[128, 0, 0, 0, 128, 11, 192, 0]"
607.468961,Unknown Device,2,4,1,193,"[0, 243, 199, 46, 0, 0, 0, 0]"
607.469651,Unknown Device,2,4,8,181,"[254, 127, 0, 64, 91, 20, 23, 20]"
607.470351,Unknown Device,2,4,8,182,"[0, 0, 192, 91, 0, 0, 0, 0]"
607.471033,Unknown Device,2,4,2,431,"[0, 0, 0, 0, 1, 26, 19, 0]"
607.47173,Unknown Device,2,4,8,186,"[8, 0, 0, 0, 0, 0, 0, 0]"
607.472416,Unknown Device,2,4,1,187,"[0, 0, 4, 0, 0, 0, 0, 0]"
607.47312,Unknown Device,2,4,5,285,"[0, 0, 0, 0, 0, 3, 128, 0]"
607.473795,Unknown Device,2,4,4,187,"[0, 0, 4, 0, 0, 0, 0, 0]"
607.474489,Unknown Device,2,4,6,285,"[128, 0, 0, 0, 128, 11, 192, 0]"
607.475178,Unknown Device,2,4,5,184,"[0, 0, 0, 0, 0, 0, 0, 128]"
607.475882,Unknown Device,2,4,5,185,"[0, 0, 0, 0, 0, 0, 0, 128]"
607.476601,Unknown Device,2,4,26,193,"[104, 198, 41, 41, 0, 0, 0, 0]"
607.477264,Unknown Device,2,4,26,181,"[253, 127, 0, 0, 91, 19, 23, 20]"
607.477954,Unknown Device,2,4,26,182,"[0, 0, 192, 162, 0, 0, 0, 0]"
607.478652,Unknown Device,2,4,26,184,"[0, 0, 0, 0, 0, 31, 0, 128]"
607.47933,Unknown Device,2,4,6,186,"[8, 0, 0, 0, 0, 0, 0, 0]"
607.480034,Unknown Device,2,4,5,177,"[0, 0, 0, 98, 0, 16, 5, 0]"
607.480717,Unknown Device,2,4,6,183,"[12, 0, 32, 191, 255, 255, 0, 0]"
607.481417,Unknown Device,2,4,3,193,"[0, 243, 199, 46, 0, 0, 0, 0]"
607.482106,Unknown Device,2,4,3,181,"[231, 127, 0, 192, 90, 20, 25, 20]"
607.482811,Unknown Device,2,5,30,736,"[0, 0, 247, 6, 0, 22, 64, 0]"
607.483496,Unknown Device,5,4,10,179,"[3, 0, 200, 239, 255, 191, 126, 39]"
607.484193,Unknown Device,2,4,3,186,"[8, 0, 0, 0, 0, 0, 0, 0]"
607.48489,Unknown Device,8,5,1,100,"[138, 6, 144, 128, 0, 28, 0, 0]"
607.485602,Unknown Device,21,4,20,180,"[14, 0, 0, 128, 0, 8, 128, 1]"
607.48628,Unknown Device,21,4,20,195,"[241, 159, 6, 176, 1, 8, 0, 5]"
607.486977,Unknown Device,2,5,31,737,"[0, 0, 0, 0, 0, 64, 0, 0]"
607.487653,Unknown Device,2,4,6,177,"[0, 0, 0, 98, 0, 16, 247, 255]"
607.48836,Unknown Device,8,5,1,100,"[138, 6, 144, 128, 0, 28, 0, 0]"
607.489049,Unknown Device,2,4,3,177,"[0, 0, 0, 226, 0, 16, 224, 255]"
607.489711,Unknown Device,5,4,12,179,"[1, 0, 16, 208, 255, 191, 128, 38]"
607.490389,Unknown Device,2,5,32,736,"[0, 0, 252, 6, 0, 24, 64, 0]"
607.491093,Unknown Device,5,4,4,179,"[0, 0, 168, 220, 255, 127, 229, 38]"
607.491783,Unknown Device,5,4,11,179,"[246, 255, 207, 201, 255, 127, 78, 38]"
607.492483,Unknown Device,21,4,20,431,"[0, 0, 0, 0, 1, 26, 19, 0]"
607.493165,Unknown Device,21,4,20,203,"[1, 0, 1, 0, 1, 0, 0, 0]"
607.493862,Unknown Device,21,4,20,206,"[203, 255, 95, 0, 108, 2, 0, 0]"
607.494595,Unknown Device,2,4,22,183,"[0, 0, 0, 147, 0, 0, 0, 0]"
607.495263,Unknown Device,2,4,7,177,"[0, 0, 0, 226, 0, 16, 31, 0]"
607.495946,Unknown Device,2,4,7,183,"[0, 0, 192, 26, 255, 255, 0, 0]"
607.496645,Unknown Device,2,5,31,736,"[0, 0, 247, 6, 0, 24, 64, 0]"
607.497326,Unknown Device,5,4,13,179,"[1, 0, 152, 207, 255, 191, 123, 38]"
607.498025,Unknown Device,2,4,4,183,"[216, 255, 63, 39, 255, 255, 0, 0]"
607.498703,Unknown Device,2,4,8,183,"[4, 0, 96, 62, 255, 255, 0, 0]"
607.499399,Unknown Device,2,4,26,177,"[0, 0, 0, 226, 0, 16, 34, 0]"
607.500091,Unknown Device,2,4,26,183,"[0, 0, 192, 162, 0, 0, 0, 0]"
607.500784,Unknown Device,2,5,32,737,"[0, 0, 0, 0, 0, 64, 0, 0]"
607.501472,Unknown Device,5,4,4,179,"[255, 255, 175, 220, 255, 127, 229, 38]"
607.502164,Unknown Device,5,4,11,179,"[1, 0, 200, 201, 255, 191, 78, 38]"
607.502849,Unknown Device,21,4,20,195,"[241, 223, 6, 176, 1, 8, 0, 5]"
607.503591,Unknown Device,5,4,10,179,"[0, 0, 200, 239, 255, 127, 126, 39]"
607.504244,Unknown Device,2,4,22,177,"[0, 0, 0, 98, 0, 16, 253, 255]"
607.504946,Unknown Device,8,5,1,96,"[0, 0, 0, 0, 0, 0, 0, 192]"
607.505631,Unknown Device,8,5,1,97,"[0, 0, 0, 64, 0, 0, 0, 0]"
607.506292,Unknown Device,2,4,7,177,"[0, 0, 0, 226, 0, 16, 25, 0]"
607.506983,Unknown Device,2,5,31,737,"[0, 0, 0, 0, 0, 64, 0, 0]"
607.507683,Unknown Device,2,4,4,177,"[0, 0, 0, 98, 0, 16, 8, 0]"
607.508372,Unknown Device,2,4,1,177,"[0, 0, 0, 98, 0, 16, 11, 0]"
607.509063,Unknown Device,2,4,3,177,"[0, 0, 0, 226, 0, 16, 217, 255]"
607.509742,Unknown,Unknown,Unknown,Unknown,992,"[185, 153, 213, 40, 126, 231, 0, 0]"
607.510445,Unknown Device,2,5,32,736,"[0, 0, 252, 6, 0, 24, 64, 0]"
607.511129,Unknown Device,5,4,4,179,"[251, 255, 167, 220, 255, 191, 229, 38]"
607.511836,Unknown Device,5,4,11,179,"[23, 0, 208, 201, 255, 191, 78, 38]"
607.512584,Unknown Device,21,4,20,180,"[14, 0, 0, 128, 0, 8, 128, 1]"
607.513226,Unknown Device,5,4,10,179,"[0, 0, 200, 239, 255, 191, 126, 39]"
607.513909,Unknown Device,2,4,22,177,"[0, 0, 0, 98, 0, 16, 249, 255]"
607.514606,Unknown Device,2,4,22,183,"[0, 0, 0, 147, 0, 0, 0, 0]"
607.515282,Unknown Device,2,4,7,177,"[0, 0, 0, 226, 0, 16, 254, 255]"
607.515987,Unknown Device,2,4,7,183,"[0, 0, 192, 26, 255, 255, 0, 0]"
607.51667,Unknown Device,2,5,31,736,"[0, 0, 247, 6, 0, 24, 64, 0]"
607.517363,Unknown Device,2,4,8,177,"[0, 0, 0, 98, 0, 16, 236, 255]"
607.518045,Unknown Device,2,4,2,177,"[0, 0, 0, 98, 0, 16, 241, 255]"
607.518749,Unknown Device,2,4,8,183,"[252, 255, 127, 62, 255, 255, 0, 0]"
607.519435,Unknown Device,2,4,26,177,"[0, 0, 0, 226, 0, 16, 15, 0]"
607.520146,Unknown Device,2,4,26,183,"[0, 0, 192, 162, 0, 0, 0, 0]"
607.520836,Unknown Device,2,5,32,737,"[0, 0, 0, 0, 0, 64, 0, 0]"
607.521583,Unknown Device,5,4,4,179,"[1, 0, 168, 220, 255, 63, 229, 38]"
607.522225,Unknown Device,5,4,11,179,"[1, 0, 200, 201, 255, 191, 78, 38]"
607.522951,Unknown Device,21,4,20,195,"[241, 223, 6, 176, 1, 8, 0, 5]"
607.523634,Unknown Device,5,4,10,179,"[6, 0, 208, 239, 255, 191, 126, 39]"
607.524334,Unknown Device,2,4,22,177,"[0, 0, 0, 98, 0, 16, 254, 255]"
607.525016,Unknown Device,8,5,1,96,"[0, 0, 0, 0, 0, 0, 0, 192]"
607.525713,Unknown Device,8,5,1,97,"[0, 0, 0, 64, 0, 0, 0, 0]"
607.526399,Unknown Device,2,4,7,177,"[0, 0, 0, 226, 0, 16, 0, 0]"
607.527095,Unknown Device,2,5,31,737,"[0, 0, 0, 0, 0, 64, 0, 0]"
607.527785,Unknown Device,2,4,6,177,"[0, 0, 0, 98, 0, 16, 236, 255]"
607.529086,Unknown Device,2,4,1,177,"[0, 0, 0, 98, 0, 16, 4, 0]"
607.529769,Unknown Device,2,4,5,177,"[0, 0, 0, 98, 0, 16, 247, 255]"
607.53047,Unknown Device,2,5,32,736,"[0, 0, 251, 6, 0, 24, 64, 0]"
607.531151,Unknown Device,5,4,4,179,"[249, 255, 159, 220, 255, 191, 229, 38]"
607.531849,Unknown Device,5,4,11,179,"[1, 0, 200, 201, 255, 191, 78, 38]"
607.532582,Unknown Device,21,4,20,180,"[15, 0, 0, 128, 0, 8, 128, 1]"
607.533238,Unknown Device,5,4,10,179,"[6, 0, 200, 239, 255, 127, 126, 39]"
607.533921,Unknown Device,2,4,22,177,"[0, 0, 0, 98, 0, 16, 4, 0]"
607.534618,Unknown Device,2,4,22,183,"[0, 0, 0, 147, 0, 0, 0, 0]"
607.535306,Unknown Device,2,4,7,177,"[0, 0, 0, 226, 0, 16, 11, 0]"
607.53601,Unknown Device,2,4,7,183,"[0, 0, 192, 26, 255, 255, 0, 0]"
607.536693,Unknown Device,2,5,31,736,"[0, 0, 246, 6, 0, 24, 64, 0]"
607.541686,Unknown Device,5,4,13,179,"[1, 0, 152, 207, 255, 127, 123, 38]"
607.542439,Unknown Device,2,4,1,177,"[0, 0, 0, 98, 0, 16, 255, 255]"
607.543137,Unknown Device,21,4,20,200,"[180, 255, 96, 0, 144, 64, 0, 4]"
607.543816,Unknown Device,5,4,10,179,"[3, 0, 200, 239, 255, 191, 126, 39]"
607.544572,Unknown Device,2,4,22,177,"[0, 0, 0, 98, 0, 16, 1, 0]"
607.545196,Unknown Device,8,5,1,96,"[0, 0, 0, 0, 0, 0, 0, 192]"
607.545882,Unknown Device,8,5,1,97,"[0, 0, 0, 64, 0, 0, 0, 0]"
607.546574,Unknown Device,2,4,7,177,"[0, 0, 0, 226, 0, 16, 8, 0]"
607.547255,Unknown Device,5,4,13,179,"[1, 0, 152, 207, 255, 191, 123, 38]"
607.547948,Unknown Device,8,5,1,100,"[141, 6, 144, 128, 0, 28, 0, 0]"
607.548633,Unknown Device,2,4,1,177,"[0, 0, 0, 98, 0, 16, 1, 0]"
607.549308,Unknown Device,2,4,26,177,"[0, 0, 0, 226, 0, 16, 250, 255]"
607.550035,Unknown Device,2,5,32,736,"[0, 0, 252, 6, 0, 24, 64, 0]"
607.550713,Unknown Device,5,4,4,179,"[0, 0, 168, 220, 255, 255, 229, 38]"
607.551409,Unknown Device,5,4,11,179,"[1, 0, 208, 201, 255, 191, 78, 38]"
607.552094,Unknown Device,21,4,20,180,"[15, 0, 0, 128, 0, 8, 128, 1]"
607.552737,Unknown Device,5,4,10,179,"[3, 0, 200, 239, 255, 127, 126, 39]"
607.553572,Unknown Device,2,4,22,177,"[0, 0, 0, 98, 0, 16, 251, 255]"
607.554282,Unknown Device,2,4,22,183,"[0, 0, 0, 147, 0, 0, 0, 0]"
607.555164,Unknown Device,2,4,7,177,"[0, 0, 0, 226, 0, 16, 14, 0]"
607.555627,Unknown Device,2,4,7,183,"[0, 0, 192, 26, 255, 255, 0, 0]"
607.556316,Unknown Device,2,5,31,736,"[0, 0, 246, 6, 0, 24, 64, 0]"
607.557027,Unknown Device,5,4,13,179,"[4, 0, 160, 207, 255, 191, 123, 38]"
607.55771,Unknown Device,2,4,6,177,"[0, 0, 0, 98, 0, 16, 2, 0]"
607.55841,Unknown Device,2,4,2,177,"[0, 0, 0, 98, 0, 16, 6, 0]"
607.55902,Unknown Device,2,4,5,177,"[0, 0, 0, 98, 0, 16, 242, 255]"
607.55971,Unknown Device,5,4,12,179,"[1, 0, 8, 208, 255, 127, 128, 38]"
607.560396,Unknown Device,2,5,32,737,"[0, 0, 0, 0, 0, 64, 0, 0]"
607.561092,Unknown Device,5,4,4,179,"[4, 0, 184, 220, 255, 191, 229, 38]"
607.561775,Unknown Device,5,4,11,179,"[1, 0, 208, 201, 255, 191, 78, 38]"
607.56249,Unknown Device,21,4,20,180,"[14, 0, 0, 128, 0, 8, 128, 1]"
607.563193,Unknown Device,21,4,20,195,"[241, 223, 6, 176, 1, 8, 0, 5]"
607.563883,Unknown Device,5,4,10,179,"[3, 0, 200, 239, 255, 191, 126, 39]"
607.564573,Unknown Device,2,4,22,177,"[0, 0, 0, 98, 0, 16, 3, 0]"
607.565273,Unknown Device,8,5,1,96,"[0, 0, 0, 0, 0, 0, 0, 192]"
607.565962,Unknown Device,8,5,1,97,"[0, 0, 0, 64, 0, 0, 0, 0]"
607.56666,Unknown Device,2,4,7,177,"[0, 0, 0, 226, 0, 16, 14, 0]"
607.567274,Unknown Device,2,4,8,177,"[0, 0, 0, 98, 0, 16, 241, 255]"
607.567963,Unknown Device,2,4,2,177,"[0, 0, 0, 98, 0, 16, 248, 255]"
607.568739,Unknown Device,2,5,30,736,"[0, 0, 247, 6, 0, 22, 64, 0]"
607.569432,Unknown Device,2,5,30,737,"[0, 0, 0, 0, 0, 64, 0, 0]"
607.570172,Unknown Device,2,5,32,736,"[0, 0, 251, 6, 0, 24, 64, 0]"
607.570768,Unknown Device,5,4,4,179,"[248, 255, 167, 220, 255, 255, 228, 38]"
607.571418,Unknown Device,5,4,11,179,"[1, 0, 208, 201, 255, 191, 78, 38]"
607.572093,Unknown Device,21,4,20,180,"[15, 0, 0, 128, 0, 8, 128, 1]"
607.57279,Unknown,Unknown,Unknown,Unknown,992,"[145, 222, 62, 68, 174, 225, 0, 0]"
607.573433,Unknown Device,5,4,10,179,"[3, 0, 200, 239, 255, 191, 126, 39]"
607.574115,Unknown Device,2,4,22,177,"[0, 0, 0, 98, 0, 16, 6, 0]"
607.574805,Unknown Device,2,4,22,183,"[0, 0, 0, 147, 0, 0, 0, 0]"
607.575559,Unknown Device,2,4,7,177,"[0, 0, 0, 226, 0, 16, 20, 0]"
607.576122,Unknown Device,2,4,7,183,"[0, 0, 192, 26, 255, 255, 0, 0]"
607.576819,Unknown Device,2,5,31,736,"[0, 0, 246, 6, 0, 24, 64, 0]"
607.577433,Unknown Device,2,4,8,177,"[0, 0, 0, 98, 0, 16, 252, 255]"
607.578129,Unknown Device,2,4,1,177,"[0, 0, 0, 98, 0, 16, 5, 0]"
607.578747,Unknown Device,2,4,2,183,"[4, 0, 32, 64, 255, 255, 0, 0]"
607.579448,Unknown Device,2,4,26,177,"[0, 0, 0, 226, 0, 16, 231, 255]"
607.580166,Unknown Device,2,5,32,736,"[0, 0, 251, 6, 0, 24, 64, 0]"
607.580863,Unknown Device,5,4,12,179,"[1, 0, 8, 208, 255, 127, 128, 38]"
607.58156,Unknown Device,5,4,11,179,"[4, 0, 200, 201, 255, 191, 78, 38]"
607.582202,Unknown Device,21,4,20,180,"[15, 0, 0, 128, 0, 8, 128, 1]"
607.582885,Unknown Device,21,4,20,195,"[241, 223, 6, 176, 1, 8, 0, 5]"
607.583567,Unknown Device,5,4,10,179,"[3, 0, 200, 239, 255, 127, 126, 39]"
607.584209,Unknown Device,2,4,22,177,"[0, 0, 0, 98, 0, 16, 250, 255]"
607.584894,Unknown Device,8,5,1,96,"[0, 0, 0, 0, 0, 0, 0, 192]"
607.585584,Unknown Device,8,5,1,97,"[0, 0, 0, 64, 0, 0, 0, 0]"
607.586277,Unknown Device,2,4,7,177,"[0, 0, 0, 226, 0, 16, 23, 0]"
607.58687,Unknown Device,2,5,31,736,"[0, 0, 246, 6, 0, 24, 64, 0]"
607.587556,Unknown Device,2,4,4,177,"[0, 0, 0, 98, 0, 16, 13, 0]"
607.588216,Unknown Device,2,4,1,177,"[0, 0, 0, 98, 0, 16, 6, 0]"
607.588901,Unknown Device,2,4,3,177,"[0, 0, 0, 226, 0, 16, 223, 255]"
607.589594,Unknown Device,2,4,26,177,"[0, 0, 0, 226, 0, 16, 248, 255]"
607.590267,Unknown Device,2,5,32,736,"[0, 0, 251, 6, 0, 24, 64, 0]"
607.590967,Unknown Device,5,4,4,179,"[245, 255, 159, 220, 255, 127, 229, 38]"
607.591652,Unknown Device,5,4,11,179,"[53, 0, 208, 201, 255, 191, 78, 38]"
607.592341,Unknown Device,21,4,20,180,"[14, 0, 0, 128, 0, 8, 128, 1]"
607.593026,Unknown Device,5,4,10,179,"[3, 0, 200, 239, 255, 191, 126, 39]"
607.593719,Unknown Device,2,4,22,177,"[0, 0, 0, 98, 0, 16, 245, 255]"
607.594407,Unknown Device,2,4,22,183,"[0, 0, 0, 147, 0, 0, 0, 0]"
607.595106,Unknown,Unknown,Unknown,Unknown,992,"[170, 74, 24, 69, 77, 185, 0, 0]"
607.595792,Unknown Device,2,4,7,177,"[0, 0, 0, 226, 0, 16, 10, 0]"
607.596555,Unknown Device,2,4,7,183,"[0, 0, 192, 26, 255, 255, 0, 0]"
607.597172,Unknown Device,2,5,31,736,"[0, 0, 247, 6, 0, 24, 64, 0]"
607.597858,Unknown Device,2,4,2,177,"[0, 0, 0, 98, 0, 16, 251, 255]"
607.598551,Unknown Device,2,4,6,183,"[12, 0, 32, 191, 255, 255, 0, 0]"
607.599238,Unknown Device,2,4,26,177,"[0, 0, 0, 226, 0, 16, 19, 0]"
607.599987,Unknown Device,2,4,26,183,"[0, 0, 192, 162, 0, 0, 0, 0]"
607.600708,Unknown Device,2,5,32,737,"[0, 0, 0, 0, 0, 64, 0, 0]"
607.601397,Unknown Device,5,4,4,179,"[2, 0, 176, 220, 255, 127, 229, 38]"
607.602101,Unknown Device,5,4,11,179,"[4, 0, 208, 201, 255, 191, 78, 38]"
607.602791,Unknown Device,21,4,20,195,"[241, 223, 6, 176, 1, 8, 0, 5]"
607.603553,Unknown Device,5,4,10,179,"[3, 0, 200, 239, 255, 127, 126, 39]"
607.604216,Unknown Device,2,4,22,177,"[0, 0, 0, 98, 0, 16, 1, 0]"
607.604922,Unknown Device,8,5,1,96,"[0, 0, 0, 0, 0, 0, 0, 192]"
607.605605,Unknown Device,8,5,1,97,"[0, 0, 0, 64, 0, 0, 0, 0]"
607.606312,Unknown Device,2,4,7,177,"[0, 0, 0, 226, 0, 16, 12, 0]"
607.606994,Unknown Device,2,5,31,737,"[0, 0, 0, 0, 0, 64, 0, 0]"
607.607692,Unknown Device,2,4,6,177,"[0, 0, 0, 98, 0, 16, 9, 0]"
607.608378,Unknown Device,2,4,1,177,"[0, 0, 0, 98, 0, 16, 3, 0]"
607.609088,Unknown Device,2,4,5,177,"[0, 0, 0, 98, 0, 16, 236, 255]"
607.609771,Unknown Device,2,5,32,736,"[0, 0, 251, 6, 0, 24, 64, 0]"
607.61055,Unknown Device,5,4,4,179,"[6, 0, 184, 220, 255, 255, 229, 38]"
607.6112,Unknown Device,5,4,11,179,"[3, 0, 208, 201, 255, 191, 78, 38]"
607.611911,Unknown Device,21,4,20,180,"[15, 0, 0, 128, 0, 8, 128, 1]"
607.6126,Unknown Device,5,4,10,179,"[3, 0, 200, 239, 255, 127, 126, 39]"
607.613296,Unknown Device,2,4,22,177,"[0, 0, 0, 98, 0, 16, 3, 0]"
607.613986,Unknown Device,2,4,22,183,"[0, 0, 0, 147, 0, 0, 0, 0]"
607.61508,Unknown Device,2,4,7,177,"[0, 0, 0, 226, 0, 16, 17, 0]"
607.615374,Unknown Device,2,4,7,183,"[0, 0, 192, 26, 255, 255, 0, 0]"
607.616071,Unknown Device,2,5,31,736,"[0, 0, 246, 6, 0, 24, 64, 0]"
607.616754,Unknown Device,2,4,8,177,"[0, 0, 0, 98, 0, 16, 237, 255]"
607.617469,Unknown Device,5,4,13,179,"[4, 0, 160, 207, 255, 191, 123, 38]"
607.618151,Unknown Device,2,4,1,177,"[0, 0, 0, 98, 0, 16, 12, 0]"
607.618862,Unknown Device,5,4,4,209,"[0, 0, 0, 0, 0, 0, 0, 0]"
607.619552,Unknown Device,2,4,1,183,"[0, 0, 0, 189, 255, 255, 0, 0]"
607.620187,Unknown Device,2,5,32,736,"[0, 0, 252, 6, 0, 24, 64, 0]"
607.620884,Unknown Device,5,4,4,431,"[0, 0, 0, 0, 1, 26, 19, 128]"
607.621581,Unknown Device,5,4,11,179,"[3, 0, 208, 201, 255, 191, 78, 38]"
607.622267,Unknown Device,21,4,20,180,"[15, 0, 0, 128, 0, 8, 128, 1]"
607.622971,Unknown Device,21,4,20,195,"[241, 159, 6, 176, 1, 8, 0, 5]"
607.623661,Unknown Device,5,4,10,179,"[3, 0, 200, 239, 255, 127, 126, 39]"
607.624354,Unknown Device,2,4,22,177,"[0, 0, 0, 98, 0, 16, 2, 0]"
607.62505,Unknown Device,8,5,1,96,"[0, 0, 0, 0, 0, 0, 0, 192]"
607.625747,Unknown Device,8,5,1,97,"[0, 0, 0, 64, 0, 0, 0, 0]"
607.626433,Unknown Device,2,4,7,177,"[0, 0, 0, 226, 0, 16, 19, 0]"
607.627137,Unknown Device,5,4,13,179,"[4, 0, 160, 207, 255, 191, 123, 38]"
607.627827,Unknown Device,2,4,6,177,"[0, 0, 0, 98, 0, 16, 255, 255]"
607.628538,Unknown Device,2,4,2,177,"[0, 0, 0, 98, 0, 16, 245, 255]"
607.629209,Unknown Device,2,4,26,177,"[0, 0, 0, 226, 0, 16, 234, 255]"
607.629899,Unknown Device,5,4,12,179,"[1, 0, 8, 208, 255, 191, 128, 38]"
607.630596,Unknown Device,2,5,32,736,"[0, 0, 251, 6, 0, 24, 64, 0]"
607.631289,Unknown Device,5,4,4,179,"[0, 0, 168, 220, 255, 191, 229, 38]"
607.631967,Unknown Device,5,4,11,179,"[3, 0, 208, 201, 255, 191, 78, 38]"
607.632666,Unknown Device,21,4,20,180,"[15, 0, 0, 128, 0, 8, 128, 1]"
607.633348,Unknown Device,5,4,10,179,"[3, 0, 200, 239, 255, 191, 126, 39]"
607.634054,Unknown Device,2,4,22,177,"[0, 0, 0, 98, 0, 16, 250, 255]"
607.63474,Unknown Device,2,4,22,183,"[0, 0, 0, 147, 0, 0, 0, 0]"
607.635436,Unknown Device,2,4,7,177,"[0, 0, 0, 226, 0, 16, 255, 255]"
607.636121,Unknown Device,2,4,7,183,"[0, 0, 192, 26, 255, 255, 0, 0]"
607.636863,Unknown Device,2,5,31,736,"[0, 0, 246, 6, 0, 24, 64, 0]"
607.637548,Unknown Device,5,4,13,209,"[0, 0, 253, 255, 255, 7, 0, 0]"
607.638243,Unknown Device,2,4,2,183,"[4, 0, 32, 64, 255, 255, 0, 0]"
607.638929,Unknown Device,2,4,1,183,"[0, 0, 0, 189, 255, 255, 0, 0]"
607.639657,Unknown Device,5,4,13,194,"[173, 192, 248, 130, 24, 0, 0, 0]"
607.640359,Unknown Device,2,5,32,737,"[0, 0, 0, 0, 0, 64, 0, 0]"
607.641058,Unknown Device,5,4,13,285,"[0, 0, 0, 0, 24, 0, 0, 0]"
607.641737,Unknown Device,5,4,11,179,"[3, 0, 208, 201, 255, 191, 78, 38]"
607.642446,Unknown Device,21,4,20,180,"[15, 0, 0, 128, 0, 8, 128, 1]"
607.643131,Unknown Device,21,4,20,199,"[244, 255, 143, 0, 0, 24, 0, 0]"
607.643838,Unknown Device,21,4,20,200,"[128, 255, 88, 0, 128, 63, 0, 4]"
607.644531,Unknown Device,5,4,10,209,"[0, 0, 253, 255, 255, 7, 0, 0]"
607.645247,Unknown Device,5,4,10,285,"[0, 0, 0, 0, 24, 0, 0, 0]"
607.645932,Unknown Device,8,5,1,97,"[0, 0, 0, 64, 0, 0, 0, 0]"
607.646653,Unknown Device,2,4,7,177,"[0, 0, 0, 226, 0, 16, 10, 0]"
607.647382,Unknown Device,2,4,8,177,"[0, 0, 0, 98, 0, 16, 245, 255]"
607.648079,Unknown Device,2,4,2,177,"[0, 0, 0, 98, 0, 16, 236, 255]"
607.648762,Unknown Device,2,5,30,737,"[0, 0, 0, 0, 0, 64, 0, 0]"
607.649531,Unknown Device,2,4,26,177,"[0, 0, 0, 226, 0, 16, 36, 0]"
607.650158,Unknown,Unknown,Unknown,Unknown,992,"[237, 36, 198, 243, 117, 235, 0, 0]"
607.650856,Unknown Device,5,4,4,179,"[0, 0, 168, 220, 255, 191, 229, 38]"
607.651546,Unknown Device,5,4,11,179,"[3, 0, 208, 201, 255, 191, 78, 38]"
607.652238,Unknown Device,21,4,20,180,"[15, 0, 0, 128, 0, 8, 128, 1]"
607.652927,Unknown Device,5,4,10,179,"[3, 0, 200, 239, 255, 191, 126, 39]"
607.653625,Unknown Device,2,4,22,177,"[0, 0, 0, 98, 0, 16, 254, 255]"
607.65431,Unknown Device,2,4,22,183,"[0, 0, 0, 147, 0, 0, 0, 0]"
607.655011,Unknown,Unknown,Unknown,Unknown,992,"[102, 32, 171, 38, 64, 255, 0, 0]"
607.655696,Unknown Device,2,4,7,177,"[0, 0, 0, 226, 0, 16, 8, 0]"
607.656396,Unknown Device,2,4,7,183,"[0, 0, 192, 26, 255, 255, 0, 0]"
607.657078,Unknown Device,2,5,31,736,"[0, 0, 246, 6, 0, 24, 64, 0]"
607.657783,Unknown Device,2,4,6,177,"[0, 0, 0, 98, 0, 16, 9, 0]"
607.658523,Unknown Device,2,4,6,183,"[12, 0, 32, 191, 255, 255, 0, 0]"
607.659179,Unknown Device,2,4,5,177,"[0, 0, 0, 98, 0, 16, 252, 255]"
607.659869,Unknown Device,2,4,5,183,"[0, 0, 128, 82, 0, 0, 0, 0]"
607.660574,Unknown Device,5,4,12,179,"[4, 0, 8, 208, 255, 191, 128, 38]"
607.661259,Unknown Device,5,4,4,179,"[0, 0, 168, 220, 255, 63, 229, 38]"
607.661956,Unknown Device,5,4,11,179,"[3, 0, 208, 201, 255, 191, 78, 38]"
607.662639,Unknown Device,21,4,20,195,"[241, 223, 6, 176, 1, 12, 0, 5]"
607.663332,Unknown Device,5,4,10,179,"[213, 255, 207, 239, 255, 127, 126, 39]"
607.664014,Unknown,Unknown,Unknown,Unknown,992,"[50, 243, 216, 232, 130, 190, 0, 0]"
607.664718,Unknown Device,2,4,22,177,"[0, 0, 0, 98, 0, 16, 253, 255]"
607.665404,Unknown Device,8,5,1,96,"[0, 0, 0, 0, 0, 0, 0, 192]"
607.6661,Unknown Device,8,5,1,97,"[0, 0, 0, 64, 0, 0, 0, 0]"
607.666783,Unknown Device,8,5,1,98,"[0, 4, 32, 0, 0, 0, 0, 0]"
607.667524,Unknown Device,5,4,13,179,"[3, 0, 152, 207, 255, 127, 123, 38]"
607.66818,Unknown Device,2,4,1,177,"[0, 0, 0, 98, 0, 16, 13, 0]"
607.668884,Unknown Device,2,4,3,177,"[0, 0, 0, 226, 0, 16, 242, 255]"
607.669567,Unknown Device,2,4,26,177,"[0, 0, 0, 226, 0, 16, 237, 255]"
607.670296,Unknown Device,2,5,32,736,"[0, 0, 251, 6, 0, 24, 64, 0]"
607.670985,Unknown Device,5,4,4,179,"[4, 0, 176, 220, 255, 127, 229, 38]"
607.671682,Unknown Device,5,4,11,179,"[3, 0, 208, 201, 255, 191, 78, 38]"
607.672368,Unknown Device,21,4,20,180,"[15, 0, 0, 128, 0, 8, 128, 1]"
607.673073,Unknown Device,5,4,10,179,"[2, 0, 200, 239, 255, 127, 126, 39]"
607.673756,Unknown Device,2,4,22,177,"[0, 0, 0, 98, 0, 16, 248, 255]"
607.674518,Unknown Device,2,4,22,183,"[0, 0, 0, 147, 0, 0, 0, 0]"
607.675164,Unknown Device,2,4,7,177,"[0, 0, 0, 226, 0, 16, 8, 0]"
607.675878,Unknown Device,2,4,7,183,"[0, 0, 192, 26, 255, 255, 0, 0]"
607.676514,Unknown Device,2,5,31,736,"[0, 0, 246, 6, 0, 24, 64, 0]"
607.677145,Unknown Device,2,4,8,177,"[0, 0, 0, 98, 0, 16, 252, 255]"
607.677979,Unknown Device,2,4,2,177,"[0, 0, 0, 98, 0, 16, 255, 255]"
607.678551,Unknown Device,2,4,4,183,"[12, 0, 64, 39, 255, 255, 0, 0]"
607.679176,Unknown Device,2,4,26,177,"[0, 0, 0, 226, 0, 16, 1, 0]"
607.680279,Unknown Device,2,4,5,183,"[0, 0, 128, 82, 0, 0, 0, 0]"
607.681006,Unknown Device,5,4,12,179,"[3, 0, 8, 208, 255, 191, 128, 38]"
607.681762,Unknown Device,5,4,11,179,"[3, 0, 208, 201, 255, 191, 78, 38]"
607.682401,Unknown Device,21,4,20,180,"[16, 0, 0, 128, 0, 8, 128, 1]"
607.68305,Unknown Device,21,4,20,195,"[241, 159, 6, 192, 1, 12, 0, 5]"
607.683736,Unknown Device,5,4,10,179,"[2, 0, 200, 239, 255, 191, 126, 39]"
607.684432,Unknown Device,2,4,22,177,"[0, 0, 0, 98, 0, 16, 254, 255]"
607.685138,Unknown Device,8,5,1,96,"[0, 0, 0, 0, 0, 0, 0, 192]"
607.68583,Unknown Device,8,5,1,97,"[0, 0, 0, 64, 0, 0, 0, 0]"
607.688223,Unknown Device,2,4,7,177,"[0, 0, 0, 226, 0, 16, 11, 0]"
607.689,Unknown Device,8,5,1,99,"[0, 0, 0, 2, 0, 0, 2, 0]"
607.689905,Unknown Device,2,4,26,177,"[0, 0, 0, 226, 0, 16, 12, 0]"
607.690534,Unknown Device,2,5,32,736,"[0, 0, 251, 6, 0, 24, 64, 0]"
607.691257,Unknown Device,5,4,4,179,"[244, 255, 167, 220, 255, 127, 229, 38]"
607.691949,Unknown Device,5,4,11,179,"[3, 0, 208, 201, 255, 191, 78, 38]"
607.692647,Unknown Device,21,4,20,180,"[16, 0, 0, 128, 0, 8, 128, 1]"
607.69334,Unknown Device,5,4,10,179,"[2, 0, 200, 239, 255, 191, 126, 39]"
607.694036,Unknown Device,2,4,22,431,"[0, 0, 0, 0, 1, 26, 19, 0]"
607.694726,Unknown Device,2,4,22,193,"[212, 74, 40, 37, 0, 0, 0, 0]"
607.695419,Unknown Device,2,4,22,182,"[0, 0, 0, 147, 0, 0, 0, 0]"
607.696101,Unknown Device,2,4,22,184,"[0, 0, 0, 0, 0, 0, 0, 128]"
607.696798,Unknown Device,2,4,7,183,"[0, 0, 192, 26, 255, 255, 0, 0]"
607.69751,Unknown Device,2,4,4,177,"[0, 0, 0, 98, 0, 16, 5, 0]"
607.698202,Unknown Device,2,4,1,177,"[0, 0, 0, 98, 0, 16, 0, 0]"
607.698892,Unknown Device,2,4,1,183,"[0, 0, 0, 189, 255, 255, 0, 0]"
607.699554,Unknown Device,5,4,12,179,"[3, 0, 8, 208, 255, 191, 128, 38]"
607.700239,Unknown Device,2,5,32,736,"[0, 0, 251, 6, 0, 24, 64, 0]"
607.700936,Unknown Device,2,5,32,737,"[0, 0, 0, 0, 0, 64, 0, 0]"
607.701576,Unknown Device,5,4,11,179,"[3, 0, 208, 201, 255, 191, 78, 38]"
607.702268,Unknown Device,21,4,20,180,"[16, 0, 0, 128, 0, 8, 128, 1]"
607.702929,Unknown Device,21,4,20,195,"[241, 159, 6, 176, 1, 12, 0, 5]"
607.705062,Unknown Device,5,4,10,179,"[2, 0, 200, 239, 255, 191, 126, 39]"
607.705795,Unknown Device,2,4,22,177,"[0, 0, 0, 98, 0, 16, 248, 255]"
607.706499,Unknown Device,2,4,7,177,"[0, 0, 0, 226, 0, 16, 21, 0]"
607.70722,Unknown Device,8,5,1,99,"[0, 0, 0, 2, 0, 0, 2, 0]"
607.707925,Unknown Device,8,5,1,100,"[140, 6, 144, 128, 0, 28, 0, 0]"
607.708615,Unknown Device,2,5,30,736,"[0, 0, 248, 6, 0, 22, 64, 0]"
607.709315,Unknown Device,2,4,26,177,"[0, 0, 0, 226, 0, 16, 25, 0]"
607.709997,Unknown Device,2,5,32,736,"[0, 0, 251, 6, 0, 24, 64, 0]"
607.710687,Unknown Device,5,4,4,179,"[1, 0, 176, 220, 255, 191, 229, 38]"
607.711395,Unknown Device,5,4,11,179,"[3, 0, 208, 201, 255, 191, 78, 38]"
607.712084,Unknown Device,21,4,20,180,"[16, 0, 0, 128, 0, 8, 128, 1]"
607.712781,Unknown Device,5,4,10,179,"[2, 0, 200, 239, 255, 127, 126, 39]"
607.713499,Unknown Device,2,4,22,177,"[0, 0, 0, 98, 0, 16, 251, 255]"
607.71417,Unknown Device,2,4,22,183,"[0, 0, 0, 147, 0, 0, 0, 0]"
607.715008,Unknown Device,2,4,7,431,"[0, 0, 0, 0, 1, 26, 19, 0]"
607.7155,Unknown Device,2,4,7,285,"[0, 0, 0, 0, 0, 3, 128, 0]"
607.716149,Unknown Device,2,5,31,736,"[0, 0, 246, 6, 0, 24, 64, 0]"
607.716861,Unknown Device,5,4,13,179,"[3, 0, 152, 207, 255, 191, 123, 38]"
607.717558,Unknown Device,2,4,4,431,"[0, 0, 0, 0, 1, 26, 19, 0]"
607.71825,Unknown Device,2,4,2,285,"[128, 0, 0, 0, 128, 11, 192, 0]"
607.718947,Unknown Device,2,4,7,183,"[0, 0, 192, 26, 255, 255, 0, 0]"
607.719637,Unknown Device,2,4,4,182,"[0, 0, 192, 81, 255, 255, 0, 0]"
607.720265,Unknown Device,2,4,2,182,"[0, 0, 192, 116, 0, 0, 0, 0]"
607.720854,Unknown Device,2,4,2,184,"[0, 0, 0, 0, 0, 0, 0, 128]"
607.721533,Unknown Device,2,4,6,193,"[0, 243, 199, 46, 0, 0, 0, 0]"
607.722292,Unknown Device,2,4,1,431,"[0, 0, 0, 0, 1, 26, 19, 0]"
607.722984,Unknown Device,2,4,6,182,"[0, 0, 192, 61, 0, 0, 0, 0]"
607.723698,Unknown Device,2,4,26,431,"[0, 0, 0, 0, 1, 26, 19, 128]"
607.724401,Unknown Device,2,4,22,177,"[0, 0, 0, 98, 0, 16, 252, 255]"
607.725086,Unknown Device,2,4,1,181,"[254, 127, 0, 0, 91, 18, 24, 20]"
607.725778,Unknown Device,2,4,3,182,"[0, 0, 192, 245, 255, 255, 0, 0]"
607.726492,Unknown Device,2,4,6,187,"[0, 0, 4, 0, 0, 0, 0, 0]"
607.727166,Unknown Device,2,4,3,184,"[0, 0, 0, 0, 0, 0, 0, 128]"
607.727865,Unknown Device,2,4,3,185,"[0, 0, 0, 0, 0, 0, 0, 128]"
607.728572,Unknown Device,2,4,26,193,"[104, 198, 41, 41, 0, 0, 0, 0]"
607.72926,Unknown Device,2,4,1,187,"[0, 0, 4, 0, 0, 0, 0, 0]"
607.729974,Unknown Device,2,4,5,177,"[0, 0, 0, 98, 0, 16, 243, 255]"
607.730659,Unknown Device,2,5,31,736,"[0, 0, 246, 6, 0, 24, 64, 0]"
607.731362,Unknown Device,2,4,8,181,"[247, 127, 0, 64, 91, 20, 23, 20]"
607.732054,Unknown Device,2,4,26,184,"[0, 0, 0, 0, 0, 31, 0, 128]"
607.732753,Unknown Device,2,5,32,736,"[0, 0, 251, 6, 0, 24, 64, 0]"
607.733488,Unknown Device,5,4,4,179,"[0, 0, 168, 220, 255, 63, 229, 38]"
607.734141,Unknown Device,5,4,10,179,"[2, 0, 200, 239, 255, 191, 126, 39]"
607.734833,Unknown Device,5,4,11,179,"[3, 0, 208, 201, 255, 191, 78, 38]"
607.735526,Unknown Device,8,5,1,97,"[0, 0, 0, 64, 0, 0, 0, 0]"
607.736235,Unknown Device,21,4,20,195,"[241, 223, 6, 192, 1, 12, 0, 5]"
607.738133,Unknown Device,2,5,31,736,"[0, 0, 246, 6, 0, 24, 64, 0]"
607.738838,Unknown Device,2,4,6,177,"[0, 0, 0, 98, 0, 16, 4, 0]"
607.739542,Unknown Device,5,4,12,179,"[3, 0, 8, 208, 255, 191, 128, 38]"
607.740242,Unknown Device,2,4,26,183,"[0, 0, 192, 162, 0, 0, 0, 0]"
607.740939,Unknown Device,2,5,32,737,"[0, 0, 0, 0, 0, 64, 0, 0]"
607.741622,Unknown Device,5,4,11,179,"[3, 0, 208, 201, 255, 191, 78, 38]"
607.742329,Unknown Device,21,4,20,431,"[0, 0, 0, 0, 1, 26, 19, 0]"
607.743025,Unknown Device,21,4,20,196,"[33, 255, 215, 0, 33, 127, 0, 0]"
607.743715,Unknown Device,21,4,20,200,"[156, 255, 92, 0, 160, 63, 0, 4]"
607.744485,Unknown Device,21,4,20,206,"[205, 255, 93, 0, 109, 2, 0, 0]"
607.745119,Unknown,Unknown,Unknown,Unknown,992,"[19, 74, 54, 71, 71, 227, 0, 0]"
607.745809,Unknown Device,8,5,1,97,"[0, 0, 0, 64, 0, 0, 0, 0]"
607.746506,Unknown Device,2,4,7,177,"[0, 0, 0, 226, 0, 16, 251, 255]"
607.747199,Unknown Device,8,5,1,99,"[0, 0, 0, 2, 0, 0, 2, 0]"
607.747889,Unknown Device,8,5,1,100,"[140, 6, 144, 128, 0, 28, 0, 0]"
607.748593,Unknown Device,2,5,30,736,"[0, 0, 247, 6, 0, 22, 64, 0]"
607.749293,Unknown Device,2,4,26,177,"[0, 0, 0, 226, 0, 16, 253, 255]"
607.749983,Unknown Device,2,5,32,736,"[0, 0, 251, 6, 0, 24, 64, 0]"
607.750673,Unknown Device,5,4,4,179,"[251, 255, 175, 220, 255, 191, 229, 38]"
607.751366,Unknown Device,5,4,11,179,"[3, 0, 208, 201, 255, 191, 78, 38]"
607.752062,Unknown Device,21,4,20,180,"[16, 0, 0, 128, 0, 8, 128, 1]"
607.752762,Unknown Device,5,4,10,179,"[2, 0, 200, 239, 255, 127, 126, 39]"
607.753589,Unknown Device,2,4,22,177,"[0, 0, 0, 98, 0, 16, 246, 255]"
607.754181,Unknown Device,2,4,22,183,"[0, 0, 0, 147, 0, 0, 0, 0]"
607.754955,Unknown Device,2,4,7,177,"[0, 0, 0, 226, 0, 16, 11, 0]"
607.755563,Unknown Device,2,4,7,183,"[0, 0, 192, 26, 255, 255, 0, 0]"
607.756277,Unknown Device,2,5,31,736,"[0, 0, 246, 6, 0, 24, 64, 0]"
607.756902,Unknown Device,2,4,8,177,"[0, 0, 0, 98, 0, 16, 248, 255]"
607.757585,Unknown Device,2,4,6,177,"[0, 0, 0, 98, 0, 16, 248, 255]"
607.758285,Unknown Device,2,4,2,183,"[12, 0, 32, 64, 255, 255, 0, 0]"
607.758895,Unknown Device,2,4,3,177,"[0, 0, 0, 226, 0, 16, 225, 255]"
607.759585,Unknown Device,2,4,5,183,"[0, 0, 128, 82, 0, 0, 0, 0]"
607.760307,Unknown Device,5,4,12,179,"[3, 0, 8, 208, 255, 191, 128, 38]"
607.760996,Unknown Device,5,4,4,179,"[253, 255, 175, 220, 255, 255, 229, 38]"
607.761679,Unknown Device,5,4,11,179,"[3, 0, 208, 201, 255, 191, 78, 38]"
607.762393,Unknown Device,21,4,20,180,"[16, 0, 0, 128, 0, 8, 128, 1]"
607.763097,Unknown Device,21,4,20,195,"[241, 223, 6, 192, 1, 12, 0, 5]"
607.763787,Unknown Device,5,4,10,179,"[2, 0, 200, 239, 255, 127, 126, 39]"
607.764484,Unknown Device,2,4,22,177,"[0, 0, 0, 98, 0, 16, 252, 255]"
607.765176,Unknown Device,8,5,1,96,"[0, 0, 0, 0, 0, 0, 0, 192]"
607.765866,Unknown Device,8,5,1,97,"[0, 0, 0, 64, 0, 0, 0, 0]"
607.766564,Unknown Device,2,4,7,177,"[0, 0, 0, 226, 0, 16, 18, 0]"
607.767256,Unknown Device,2,4,8,177,"[0, 0, 0, 98, 0, 16, 247, 255]"
607.767878,Unknown Device,2,4,2,177,"[0, 0, 0, 98, 0, 16, 251, 255]"
607.768585,Unknown Device,2,5,30,736,"[0, 0, 248, 6, 0, 22, 64, 0]"
607.769274,Unknown Device,2,4,26,177,"[0, 0, 0, 226, 0, 16, 25, 0]"
607.771016,Unknown Device,5,4,12,179,"[3, 0, 8, 208, 255, 127, 128, 38]"
607.771892,Unknown Device,5,4,4,179,"[3, 0, 176, 220, 255, 255, 229, 38]"
607.772585,Unknown Device,21,4,20,180,"[16, 0, 0, 128, 0, 8, 128, 1]"
607.773273,Unknown Device,5,4,10,179,"[2, 0, 200, 239, 255, 191, 126, 39]"
607.773979,Unknown Device,2,4,22,177,"[0, 0, 0, 98, 0, 16, 251, 255]"
607.774672,Unknown Device,2,4,22,183,"[0, 0, 0, 147, 0, 0, 0, 0]"
607.775367,Unknown Device,2,4,7,177,"[0, 0, 0, 226, 0, 16, 22, 0]"
607.776052,Unknown Device,2,4,7,183,"[0, 0, 192, 26, 255, 255, 0, 0]"
607.776759,Unknown Device,2,5,31,736,"[0, 0, 246, 6, 0, 24, 64, 0]"
607.777473,Unknown Device,2,4,8,177,"[0, 0, 0, 98, 0, 16, 245, 255]"
607.778146,Unknown Device,2,4,1,177,"[0, 0, 0, 98, 0, 16, 254, 255]"
607.778832,Unknown Device,2,4,1,183,"[0, 0, 64, 189, 255, 255, 0, 0]"
607.779531,Unknown Device,2,4,26,177,"[0, 0, 0, 226, 0, 16, 2, 0]"
607.780219,Unknown Device,2,5,32,737,"[0, 0, 0, 0, 0, 64, 0, 0]"
607.780926,Unknown Device,5,4,12,179,"[3, 0, 8, 208, 255, 191, 128, 38]"
607.781611,Unknown Device,5,4,11,179,"[3, 0, 200, 201, 255, 191, 78, 38]"
607.782314,Unknown Device,21,4,20,180,"[16, 0, 0, 128, 0, 8, 128, 1]"
607.782996,Unknown Device,21,4,20,195,"[241, 159, 6, 192, 1, 12, 0, 5]"
607.783715,Unknown Device,5,4,10,179,"[2, 0, 200, 239, 255, 127, 126, 39]"
607.78447,Unknown Device,2,4,22,177,"[0, 0, 0, 98, 0, 16, 4, 0]"
607.785069,Unknown Device,8,5,1,96,"[0, 0, 0, 0, 0, 0, 0, 192]"
607.786226,Unknown Device,8,5,1,97,"[0, 0, 0, 64, 0, 0, 0, 0]"
607.788788,Unknown Device,2,4,7,177,"[0, 0, 0, 226, 0, 16, 15, 0]"
607.789366,Unknown Device,2,4,4,177,"[0, 0, 0, 98, 0, 16, 8, 0]"
607.791747,Unknown Device,2,5,32,736,"[0, 0, 251, 6, 0, 24, 64, 0]"
607.792466,Unknown Device,5,4,4,179,"[255, 255, 167, 220, 255, 255, 229, 38]"
607.793165,Unknown Device,21,4,20,180,"[16, 0, 0, 128, 0, 8, 128, 1]"
607.793862,Unknown Device,5,4,10,179,"[2, 0, 200, 239, 255, 191, 126, 39]"
607.794559,Unknown Device,2,4,22,183,"[0, 0, 0, 147, 0, 0, 0, 0]"
607.795248,Unknown Device,2,4,7,177,"[0, 0, 0, 226, 0, 16, 26, 0]"
607.795945,Unknown Device,2,4,7,183,"[0, 0, 192, 26, 255, 255, 0, 0]"
607.796643,Unknown Device,2,5,31,736,"[0, 0, 246, 6, 0, 24, 64, 0]"
607.797336,Unknown Device,2,4,8,177,"[0, 0, 0, 98, 0, 16, 245, 255]"
607.798032,Unknown Device,2,4,4,183,"[12, 0, 64, 39, 255, 255, 0, 0]"
607.79865,Unknown Device,2,5,30,736,"[0, 0, 248, 6, 0, 22, 64, 0]"
607.799336,Unknown Device,2,4,26,177,"[0, 0, 0, 226, 0, 16, 37, 0]"
607.800033,Unknown Device,2,4,26,183,"[0, 0, 192, 162, 0, 0, 0, 0]"
607.800737,Unknown Device,2,5,32,737,"[0, 0, 0, 0, 0, 64, 0, 0]"
607.801463,Unknown Device,5,4,11,179,"[0, 0, 200, 201, 255, 191, 78, 38]"
607.802134,Unknown Device,21,4,20,180,"[16, 0, 0, 128, 0, 8, 128, 1]"
607.802766,Unknown Device,21,4,20,195,"[241, 159, 6, 192, 1, 12, 0, 5]"
607.803514,Unknown Device,5,4,10,179,"[2, 0, 200, 239, 255, 191, 126, 39]"
607.804191,Unknown Device,2,4,22,177,"[0, 0, 0, 98, 0, 16, 2, 0]"
607.804839,Unknown Device,8,5,1,96,"[0, 0, 0, 0, 0, 0, 0, 192]"
607.805507,Unknown Device,8,5,1,97,"[0, 0, 0, 64, 0, 0, 0, 0]"
607.806235,Unknown,Unknown,Unknown,Unknown,992,"[3, 55, 119, 46, 201, 22, 0, 0]"
607.806846,Unknown Device,2,5,31,737,"[0, 0, 0, 0, 0, 64, 0, 0]"
607.807537,Unknown Device,2,4,4,177,"[0, 0, 0, 98, 0, 16, 9, 0]"
607.808229,Unknown Device,2,4,1,177,"[0, 0, 0, 98, 0, 16, 12, 0]"
607.808926,Unknown Device,2,4,3,177,"[0, 0, 0, 226, 0, 16, 210, 255]"
607.809609,Unknown Device,5,4,12,179,"[3, 0, 8, 208, 255, 127, 128, 38]"
607.810302,Unknown Device,2,5,32,736,"[0, 0, 251, 6, 0, 24, 64, 0]"
607.810919,Unknown Device,5,4,4,179,"[6, 0, 176, 220, 255, 255, 229, 38]"
607.811609,Unknown Device,5,4,11,179,"[3, 0, 200, 201, 255, 191, 78, 38]"
607.812302,Unknown Device,21,4,20,180,"[16, 0, 0, 128, 0, 8, 128, 1]"
607.812999,Unknown Device,5,4,10,179,"[2, 0, 200, 239, 255, 191, 126, 39]"
607.813726,Unknown Device,2,4,22,177,"[0, 0, 0, 98, 0, 16, 254, 255]"
607.81438,Unknown Device,2,4,22,183,"[0, 0, 0, 147, 0, 0, 0, 0]"
607.815,Unknown Device,2,4,7,177,"[0, 0, 0, 226, 0, 16, 4, 0]"
607.815688,Unknown Device,2,4,7,183,"[0, 0, 192, 26, 255, 255, 0, 0]"
607.816459,Unknown Device,2,5,31,736,"[0, 0, 245, 6, 0, 24, 64, 0]"
607.817054,Unknown Device,5,4,13,179,"[3, 0, 152, 207, 255, 127, 123, 38]"
607.81774,Unknown Device,2,4,2,177,"[0, 0, 0, 98, 0, 16, 14, 0]"
607.818454,Unknown Device,2,4,6,183,"[8, 0, 32, 191, 255, 255, 0, 0]"
607.819134,Unknown Device,2,4,5,177,"[0, 0, 0, 98, 0, 16, 253, 255]"
607.819742,Unknown Device,2,4,3,183,"[0, 0, 192, 245, 255, 255, 0, 0]"
607.820339,Unknown Device,5,4,12,179,"[3, 0, 8, 208, 255, 191, 128, 38]"
607.820925,Unknown Device,5,4,4,179,"[0, 0, 168, 220, 255, 63, 229, 38]"
607.821547,Unknown Device,5,4,11,179,"[2, 0, 208, 201, 255, 191, 78, 38]"
607.822228,Unknown Device,21,4,20,180,"[16, 0, 0, 128, 0, 8, 128, 1]"
607.822892,Unknown Device,21,4,20,195,"[241, 223, 6, 192, 1, 12, 0, 5]"
607.823585,Unknown Device,5,4,10,179,"[2, 0, 200, 239, 255, 127, 126, 39]"
607.824287,Unknown Device,2,4,22,177,"[0, 0, 0, 98, 0, 16, 2, 0]"
607.824986,Unknown Device,8,5,1,96,"[0, 0, 0, 0, 0, 0, 0, 192]"
607.825679,Unknown Device,8,5,1,97,"[0, 0, 0, 64, 0, 0, 0, 0]"
607.826449,Unknown,Unknown,Unknown,Unknown,992,"[158, 86, 33, 87, 131, 96, 0, 0]"
607.82708,Unknown Device,5,4,13,179,"[3, 0, 152, 207, 255, 127, 123, 38]"
607.827794,Unknown Device,2,4,2,177,"[0, 0, 0, 98, 0, 16, 239, 255]"
607.828485,Unknown Device,2,4,1,177,"[0, 0, 0, 98, 0, 16, 9, 0]"
607.829184,Unknown Device,2,4,26,177,"[0, 0, 0, 226, 0, 16, 74, 0]"
607.829867,Unknown Device,2,5,32,736,"[0, 0, 251, 6, 0, 24, 64, 0]"
607.830578,Unknown Device,5,4,4,179,"[1, 0, 168, 220, 255, 63, 229, 38]"
607.831263,Unknown Device,5,4,11,179,"[2, 0, 208, 201, 255, 191, 78, 38]"
607.831982,Unknown Device,21,4,20,180,"[16, 0, 0, 128, 0, 8, 128, 1]"
607.832596,Unknown Device,5,4,10,179,"[246, 255, 199, 239, 255, 191, 126, 39]"
607.833291,Unknown Device,2,4,22,177,"[0, 0, 0, 98, 0, 16, 4, 0]"
607.833988,Unknown Device,2,4,22,183,"[0, 0, 0, 147, 0, 0, 0, 0]"
607.835012,Unknown Device,2,4,7,177,"[0, 0, 0, 226, 0, 16, 2, 0]"
607.835447,Unknown Device,2,4,7,183,"[0, 0, 192, 26, 255, 255, 0, 0]"
607.836082,Unknown Device,2,5,31,736,"[0, 0, 246, 6, 0, 24, 64, 0]"
607.836887,Unknown Device,5,4,13,179,"[3, 0, 152, 207, 255, 127, 123, 38]"
607.837483,Unknown Device,2,4,8,183,"[12, 0, 96, 62, 255, 255, 0, 0]"
607.838111,Unknown Device,2,4,1,183,"[0, 0, 64, 189, 255, 255, 0, 0]"
607.838851,Unknown Device,2,4,3,177,"[0, 0, 0, 226, 0, 16, 234, 255]"
607.839577,Unknown Device,2,4,3,183,"[0, 0, 192, 245, 255, 255, 0, 0]"
607.840292,Unknown Device,2,5,32,737,"[0, 0, 0, 0, 0, 64, 0, 0]"
607.840988,Unknown Device,5,4,4,179,"[6, 0, 176, 220, 255, 127, 229, 38]"
607.841685,Unknown Device,5,4,11,179,"[2, 0, 208, 201, 255, 191, 78, 38]"
607.842447,Unknown Device,21,4,20,180,"[16, 0, 0, 128, 0, 8, 128, 1]"
607.843075,Unknown Device,21,4,20,200,"[144, 255, 140, 0, 192, 63, 0, 4]"
607.843765,Unknown Device,5,4,10,179,"[2, 0, 200, 239, 255, 191, 126, 39]"
607.844469,Unknown Device,2,4,22,177,"[0, 0, 0, 98, 0, 16, 255, 255]"
607.845169,Unknown Device,8,5,1,96,"[0, 0, 0, 0, 0, 0, 0, 192]"
607.845859,Unknown Device,8,5,1,97,"[0, 0, 0, 64, 0, 0, 0, 0]"
607.846556,Unknown Device,2,4,7,177,"[0, 0, 0, 226, 0, 16, 22, 0]"
607.847263,Unknown Device,5,4,13,179,"[3, 0, 152, 207, 255, 127, 123, 38]"
607.847952,Unknown Device,2,4,2,177,"[0, 0, 0, 98, 0, 16, 1, 0]"
607.848585,Unknown Device,2,4,1,177,"[0, 0, 0, 98, 0, 16, 13, 0]"
607.84927,Unknown Device,2,5,30,736,"[0, 0, 248, 6, 0, 22, 64, 0]"
607.849989,Unknown Device,2,5,32,736,"[0, 0, 252, 6, 0, 24, 64, 0]"
607.850693,Unknown Device,5,4,4,179,"[9, 0, 176, 220, 255, 127, 229, 38]"
607.851441,Unknown Device,5,4,11,179,"[2, 0, 208, 201, 255, 191, 78, 38]"
607.852083,Unknown Device,21,4,20,180,"[16, 0, 0, 128, 0, 8, 128, 1]"
607.852728,Unknown Device,5,4,10,179,"[2, 0, 200, 239, 255, 127, 126, 39]"
607.853548,Unknown Device,2,4,22,177,"[0, 0, 0, 98, 0, 16, 250, 255]"
607.854132,Unknown Device,2,4,22,183,"[0, 0, 0, 147, 0, 0, 0, 0]"
607.855013,Unknown Device,2,4,7,177,"[0, 0, 0, 226, 0, 16, 12, 0]"
607.85544,Unknown Device,2,4,7,183,"[0, 0, 192, 26, 255, 255, 0, 0]"
607.856118,Unknown Device,2,5,31,736,"[0, 0, 246, 6, 0, 24, 64, 0]"
607.856757,Unknown Device,5,4,13,179,"[3, 0, 152, 207, 255, 127, 123, 38]"
607.857452,Unknown Device,2,4,8,183,"[12, 0, 96, 62, 255, 255, 0, 0]"
607.858154,Unknown Device,2,4,2,183,"[208, 0, 96, 64, 255, 255, 0, 0]"
607.858868,Unknown Device,2,4,1,183,"[0, 0, 64, 189, 255, 255, 0, 0]"
607.859553,Unknown Device,2,4,26,177,"[0, 0, 0, 226, 0, 16, 254, 255]"
607.860262,Unknown Device,2,5,32,737,"[0, 0, 0, 0, 0, 64, 0, 0]"
607.860905,Unknown Device,5,4,12,179,"[6, 0, 8, 208, 255, 63, 128, 38]"
607.861591,Unknown Device,5,4,11,179,"[5, 0, 200, 201, 255, 191, 78, 38]"
607.862294,Unknown Device,21,4,20,180,"[16, 0, 0, 128, 0, 8, 128, 1]"
607.862964,Unknown Device,21,4,20,195,"[241, 223, 6, 192, 1, 12, 0, 5]"
607.863657,Unknown Device,5,4,10,179,"[1, 0, 200, 239, 255, 127, 126, 39]"
607.864352,Unknown Device,2,4,22,177,"[0, 0, 0, 98, 0, 16, 255, 255]"
607.864988,Unknown Device,8,5,1,96,"[0, 0, 0, 0, 0, 0, 0, 192]"
607.86568,Unknown Device,8,5,1,97,"[0, 0, 0, 64, 0, 0, 0, 0]"
607.866436,Unknown Device,2,4,7,177,"[0, 0, 0, 226, 0, 16, 9, 0]"
607.867075,Unknown Device,8,5,1,99,"[0, 0, 0, 3, 0, 0, 2, 0]"
607.867767,Unknown Device,5,4,4,209,"[0, 0, 0, 0, 0, 0, 0, 0]"
607.86846,Unknown Device,5,4,4,431,"[0, 0, 0, 0, 1, 26, 19, 128]"
607.869155,Unknown Device,2,4,26,177,"[0, 0, 0, 226, 0, 16, 26, 0]"
607.869805,Unknown Device,2,5,32,736,"[0, 0, 251, 6, 0, 24, 64, 0]"
607.870434,Unknown Device,5,4,4,179,"[14, 0, 184, 220, 255, 127, 229, 38]"
607.870981,Unknown Device,5,4,11,179,"[52, 0, 208, 201, 255, 191, 78, 38]"
607.871581,Unknown Device,21,4,20,180,"[16, 0, 0, 128, 0, 8, 128, 1]"
607.872465,Unknown,Unknown,Unknown,Unknown,992,"[8, 75, 87, 86, 91, 149, 0, 0]"
607.873186,Unknown Device,5,4,10,179,"[1, 0, 200, 239, 255, 191, 126, 39]"
607.873876,Unknown Device,2,4,22,177,"[0, 0, 0, 98, 0, 16, 248, 255]"
607.874573,Unknown Device,2,4,22,183,"[0, 0, 0, 147, 0, 0, 0, 0]"
607.875268,Unknown Device,2,4,7,177,"[0, 0, 0, 226, 0, 16, 21, 0]"
607.875958,Unknown Device,2,4,7,183,"[0, 0, 192, 26, 255, 255, 0, 0]"
607.876655,Unknown Device,2,5,31,736,"[0, 0, 246, 6, 0, 24, 64, 0]"
607.877341,Unknown Device,2,4,8,183,"[8, 0, 96, 62, 255, 255, 0, 0]"
607.878037,Unknown Device,2,4,1,177,"[0, 0, 0, 98, 0, 16, 1, 0]"
607.878778,Unknown Device,2,4,4,183,"[208, 0, 64, 39, 255, 255, 0, 0]"
607.879475,Unknown Device,2,4,3,183,"[0, 0, 192, 245, 255, 255, 0, 0]"
607.880124,Unknown Device,2,5,32,737,"[0, 0, 0, 0, 0, 64, 0, 0]"
607.880771,Unknown Device,5,4,4,179,"[255, 255, 167, 220, 255, 127, 229, 38]"
607.881461,Unknown Device,5,4,11,179,"[2, 0, 208, 201, 255, 255, 78, 38]"
607.882182,Unknown Device,21,4,20,180,"[17, 0, 0, 128, 0, 8, 128, 1]"
607.882872,Unknown Device,21,4,20,195,"[241, 223, 6, 192, 1, 12, 0, 5]"
607.883576,Unknown Device,5,4,10,179,"[1, 0, 200, 239, 255, 191, 126, 39]"
607.884261,Unknown Device,2,4,22,177,"[0, 0, 0, 98, 0, 16, 254, 255]"
607.884966,Unknown Device,8,5,1,96,"[0, 0, 0, 0, 0, 0, 0, 192]"
607.885649,Unknown Device,8,5,1,97,"[0, 0, 0, 64, 0, 0, 0, 0]"
607.886432,Unknown Device,2,4,7,177,"[0, 0, 0, 226, 0, 16, 29, 0]"
607.886995,Unknown Device,8,5,1,99,"[0, 0, 0, 3, 0, 0, 2, 0]"
607.887591,Unknown Device,5,4,13,209,"[0, 0, 253, 255, 255, 7, 0, 0]"
607.888277,Unknown Device,8,5,1,100,"[138, 6, 144, 128, 0, 28, 0, 0]"
607.888952,Unknown Device,2,4,3,177,"[0, 0, 0, 226, 0, 16, 213, 255]"
607.889642,Unknown Device,2,5,32,736,"[0, 0, 251, 6, 0, 24, 64, 0]"
607.890343,Unknown Device,5,4,12,209,"[0, 0, 0, 0, 0, 0, 0, 0]"
607.891046,Unknown Device,5,4,12,431,"[0, 0, 0, 1, 1, 26, 19, 0]"
607.891758,Unknown Device,5,4,11,209,"[0, 0, 0, 0, 0, 0, 0, 0]"
607.892441,Unknown Device,21,4,20,180,"[16, 0, 0, 128, 0, 8, 128, 1]"
607.89314,Unknown,Unknown,Unknown,Unknown,992,"[134, 96, 12, 78, 133, 90, 0, 0]"
607.893844,Unknown Device,5,4,10,179,"[1, 0, 200, 239, 255, 191, 126, 39]"
607.894427,Unknown Device,5,4,10,194,"[171, 192, 8, 131, 24, 0, 0, 0]"
607.894975,Unknown Device,5,4,10,285,"[0, 0, 0, 0, 24, 0, 0, 0]"
607.895529,Unknown Device,2,4,7,177,"[0, 0, 0, 226, 0, 16, 20, 0]"
607.896099,Unknown Device,2,4,7,183,"[0, 0, 192, 26, 255, 255, 0, 0]"
607.896681,Unknown Device,2,5,31,736,"[0, 0, 246, 6, 0, 24, 64, 0]"
607.897258,Unknown Device,2,4,4,177,"[0, 0, 0, 98, 0, 16, 12, 0]"
607.897862,Unknown Device,2,4,1,177,"[0, 0, 0, 98, 0, 16, 12, 0]"
607.898422,Unknown Device,2,5,30,736,"[0, 0, 247, 6, 0, 22, 64, 0]"
607.898942,Unknown Device,2,4,26,177,"[0, 0, 0, 226, 0, 16, 0, 0]"
607.899532,Unknown Device,2,4,5,183,"[0, 0, 128, 82, 0, 0, 0, 0]"
607.900116,Unknown Device,5,4,12,179,"[2, 0, 16, 208, 255, 127, 128, 38]"
607.900677,Unknown Device,5,4,4,179,"[10, 0, 184, 220, 255, 63, 229, 38]"
607.901268,Unknown,Unknown,Unknown,Unknown,992,"[89, 186, 71, 71, 200, 102, 0, 0]"
607.901887,Unknown Device,5,4,11,179,"[2, 0, 208, 201, 255, 191, 78, 38]"
607.902466,Unknown Device,21,4,20,195,"[241, 223, 6, 192, 1, 12, 0, 5]"
607.903105,Unknown Device,5,4,10,179,"[1, 0, 200, 239, 255, 127, 126, 39]"
607.903664,Unknown Device,2,4,22,177,"[0, 0, 0, 98, 0, 16, 252, 255]"
607.90425,Unknown Device,8,5,1,96,"[0, 0, 0, 0, 0, 0, 0, 192]"
607.90493,Unknown Device,8,5,1,97,"[0, 0, 0, 64, 0, 0, 0, 0]"
607.905553,Unknown Device,2,4,7,177,"[0, 0, 0, 226, 0, 16, 13, 0]"
607.90605,Unknown Device,8,5,1,98,"[0, 4, 32, 0, 0, 0, 0, 0]"
607.906651,Unknown Device,2,5,31,737,"[0, 0, 0, 0, 0, 64, 0, 0]"
607.907283,Unknown Device,2,4,4,177,"[0, 0, 0, 98, 0, 16, 11, 0]"
607.907897,Unknown Device,2,4,1,177,"[0, 0, 0, 98, 0, 16, 7, 0]"
607.908512,Unknown Device,2,4,3,177,"[0, 0, 0, 226, 0, 16, 213, 255]"
607.909108,Unknown Device,2,5,30,737,"[0, 0, 0, 0, 0, 64, 0, 0]"
607.909779,Unknown Device,2,5,32,736,"[0, 0, 251, 6, 0, 24, 64, 0]"
607.910423,Unknown Device,5,4,4,179,"[0, 0, 168, 220, 255, 63, 229, 38]"
607.910969,Unknown Device,5,4,11,179,"[2, 0, 200, 201, 255, 191, 78, 38]"
607.911478,Unknown Device,21,4,20,180,"[17, 0, 0, 128, 0, 8, 128, 1]"
607.912333,Unknown Device,5,4,10,179,"[1, 0, 200, 239, 255, 191, 126, 39]"
607.912757,Unknown Device,2,4,22,177,"[0, 0, 0, 98, 0, 16, 5, 0]"
607.913462,Unknown Device,2,4,22,183,"[0, 0, 0, 147, 0, 0, 0, 0]"
607.914965,Unknown Device,2,4,7,177,"[0, 0, 0, 226, 0, 16, 10, 0]"
607.915164,Unknown Device,2,4,7,183,"[0, 0, 192, 26, 255, 255, 0, 0]"
607.915548,Unknown Device,2,5,31,736,"[0, 0, 246, 6, 0, 24, 64, 0]"
607.916246,Unknown Device,2,4,8,177,"[0, 0, 0, 98, 0, 16, 243, 255]"
607.916946,Unknown Device,5,4,13,179,"[2, 0, 152, 207, 255, 127, 123, 38]"
607.917646,Unknown Device,2,4,4,177,"[0, 0, 0, 98, 0, 16, 21, 0]"
607.918339,Unknown Device,2,4,1,183,"[0, 0, 64, 189, 255, 255, 0, 0]"
607.919036,Unknown Device,2,4,3,177,"[0, 0, 0, 226, 0, 16, 199, 255]"
607.919668,Unknown Device,2,4,5,183,"[0, 0, 128, 82, 0, 0, 0, 0]"
607.920282,Unknown,Unknown,Unknown,Unknown,992,"[93, 55, 195, 105, 225, 166, 0, 0]"
607.920878,Unknown Device,5,4,4,179,"[4, 0, 184, 220, 255, 191, 229, 38]"
607.921525,Unknown Device,5,4,11,179,"[2, 0, 200, 201, 255, 191, 78, 38]"
607.922282,Unknown Device,21,4,20,180,"[17, 0, 0, 128, 0, 8, 128, 1]"
607.922993,Unknown Device,21,4,20,195,"[241, 223, 6, 176, 1, 12, 0, 5]"
607.92369,Unknown Device,5,4,10,179,"[1, 0, 200, 239, 255, 127, 126, 39]"
607.924416,Unknown Device,2,4,22,177,"[0, 0, 0, 98, 0, 16, 250, 255]"
607.925022,Unknown Device,8,5,1,96,"[0, 0, 0, 0, 0, 0, 0, 192]"
607.925712,Unknown Device,8,5,1,97,"[0, 0, 0, 64, 0, 0, 0, 0]"
607.926417,Unknown Device,2,4,7,177,"[0, 0, 0, 226, 0, 16, 36, 0]"
607.927109,Unknown Device,5,4,13,179,"[2, 0, 152, 207, 255, 191, 123, 38]"
607.927799,Unknown Device,2,4,2,177,"[0, 0, 0, 98, 0, 16, 3, 0]"
607.928489,Unknown Device,2,5,30,736,"[0, 0, 247, 6, 0, 22, 64, 0]"
607.929181,Unknown Device,2,4,26,177,"[0, 0, 0, 226, 0, 16, 247, 255]"
607.929807,Unknown Device,2,5,32,736,"[0, 0, 251, 6, 0, 24, 64, 0]"
607.930497,Unknown Device,5,4,4,179,"[0, 0, 176, 220, 255, 191, 229, 38]"
607.931196,Unknown Device,5,4,11,179,"[2, 0, 200, 201, 255, 191, 78, 38]"
607.9319,Unknown Device,21,4,20,180,"[17, 0, 0, 128, 0, 8, 128, 1]"
607.932597,Unknown Device,5,4,10,179,"[1, 0, 200, 239, 255, 191, 126, 39]"
607.933305,Unknown Device,2,4,22,177,"[0, 0, 0, 98, 0, 16, 248, 255]"
607.933929,Unknown Device,2,4,22,183,"[0, 0, 0, 147, 0, 0, 0, 0]"
607.934939,Unknown Device,2,4,7,177,"[0, 0, 0, 226, 0, 16, 38, 0]"
607.935327,Unknown Device,2,4,7,183,"[0, 0, 192, 26, 255, 255, 0, 0]"
607.93603,Unknown Device,2,5,31,736,"[0, 0, 246, 6, 0, 24, 64, 0]"
607.936728,Unknown Device,5,4,13,179,"[2, 0, 152, 207, 255, 127, 123, 38]"
607.937334,Unknown Device,2,4,8,183,"[8, 0, 96, 62, 255, 255, 0, 0]"
607.937966,Unknown Device,2,4,1,177,"[0, 0, 0, 98, 0, 16, 10, 0]"
607.93862,Unknown Device,2,4,1,183,"[0, 0, 64, 189, 255, 255, 0, 0]"
607.939205,Unknown Device,2,4,5,183,"[0, 0, 128, 82, 0, 0, 0, 0]"
607.939931,Unknown Device,2,5,32,736,"[0, 0, 251, 6, 0, 24, 64, 0]"
607.940621,Unknown Device,2,5,32,737,"[0, 0, 0, 0, 0, 64, 0, 0]"
607.941411,Unknown Device,5,4,4,179,"[249, 255, 167, 220, 255, 191, 229, 38]"
607.942032,Unknown Device,5,4,11,179,"[2, 0, 208, 201, 255, 191, 78, 38]"
607.942736,Unknown Device,21,4,20,199,"[18, 0, 160, 0, 0, 5, 0, 0]"
607.943419,Unknown Device,21,4,20,200,"[112, 255, 104, 0, 192, 63, 0, 4]"
607.944126,Unknown Device,2,4,22,431,"[0, 0, 0, 0, 1, 26, 19, 0]"
607.944808,Unknown Device,2,4,22,193,"[212, 74, 40, 37, 0, 0, 0, 0]"
607.945527,Unknown Device,2,4,22,184,"[0, 0, 0, 0, 0, 0, 0, 128]"
607.946212,Unknown Device,2,4,22,185,"[0, 0, 0, 0, 0, 0, 0, 128]"
607.946917,Unknown Device,2,5,31,737,"[0, 0, 0, 0, 0, 64, 0, 0]"
607.947608,Unknown Device,2,4,6,177,"[0, 0, 0, 98, 0, 16, 246, 255]"
607.948318,Unknown Device,8,5,1,100,"[139, 6, 144, 128, 0, 28, 0, 0]"
607.949003,Unknown Device,2,4,3,177,"[0, 0, 0, 226, 0, 16, 232, 255]"
607.949703,Unknown Device,5,4,12,179,"[2, 0, 8, 208, 255, 127, 128, 38]"
607.950409,Unknown Device,2,5,32,736,"[0, 0, 251, 6, 0, 24, 64, 0]"
607.951104,Unknown Device,5,4,4,179,"[4, 0, 176, 220, 255, 63, 229, 38]"
607.95179,Unknown Device,5,4,11,179,"[2, 0, 208, 201, 255, 191, 78, 38]"
607.952503,Unknown Device,21,4,20,180,"[17, 0, 0, 128, 0, 8, 128, 1]"
607.95427,Unknown Device,5,4,10,179,"[1, 0, 200, 239, 255, 127, 126, 39]"
607.95504,Unknown Device,2,4,22,177,"[0, 0, 0, 98, 0, 16, 254, 255]"
607.955747,Unknown Device,2,4,22,183,"[0, 0, 0, 147, 0, 0, 0, 0]"
607.956404,Unknown Device,2,4,7,177,"[0, 0, 0, 226, 0, 16, 3, 0]"
607.956979,Unknown Device,5,4,13,179,"[2, 0, 152, 207, 255, 127, 123, 38]"
607.95753,Unknown Device,2,4,2,177,"[0, 0, 0, 98, 0, 16, 5, 0]"
607.958253,Unknown Device,2,4,1,183,"[0, 0, 64, 189, 255, 255, 0, 0]"
607.958946,Unknown Device,2,4,5,177,"[0, 0, 0, 98, 0, 16, 2, 0]"
607.959645,Unknown Device,2,4,3,183,"[0, 0, 192, 245, 255, 255, 0, 0]"
607.960402,Unknown Device,2,5,32,737,"[0, 0, 0, 0, 0, 64, 0, 0]"
607.961033,Unknown Device,5,4,4,179,"[9, 0, 176, 220, 255, 127, 229, 38]"
607.961732,Unknown Device,5,4,11,179,"[2, 0, 208, 201, 255, 191, 78, 38]"
607.962404,Unknown Device,21,4,20,195,"[241, 223, 6, 192, 1, 12, 0, 5]"
607.963054,Unknown Device,5,4,10,179,"[1, 0, 200, 239, 255, 191, 126, 39]"
607.963765,Unknown Device,2,4,22,177,"[0, 0, 0, 98, 0, 16, 244, 255]"
607.964464,Unknown Device,8,5,1,96,"[0, 0, 0, 0, 0, 0, 0, 192]"
607.965157,Unknown Device,8,5,1,97,"[0, 0, 0, 64, 0, 0, 0, 0]"
607.965854,Unknown Device,2,4,7,431,"[0, 0, 0, 0, 1, 26, 19, 0]"
607.966551,Unknown Device,8,5,1,98,"[0, 8, 32, 0, 0, 0, 0, 0]"
607.967243,Unknown Device,2,4,8,431,"[0, 0, 0, 0, 1, 26, 19, 0]"
607.96794,Unknown Device,2,4,8,193,"[0, 243, 199, 46, 0, 0, 0, 0]"
607.96863,Unknown Device,2,4,7,182,"[0, 0, 192, 26, 255, 255, 0, 0]"
607.969323,Unknown Device,2,4,8,184,"[0, 0, 0, 0, 0, 0, 0, 128]"
607.970034,Unknown Device,2,4,1,181,"[255, 127, 0, 0, 91, 18, 24, 20]"
607.970624,Unknown Device,2,4,4,193,"[0, 243, 199, 46, 0, 0, 0, 0]"
607.971237,Unknown Device,2,4,8,187,"[0, 0, 4, 0, 0, 0, 0, 0]"
607.971912,Unknown Device,2,4,2,431,"[0, 0, 0, 0, 1, 26, 19, 0]"
607.972617,Unknown Device,2,4,4,184,"[0, 0, 0, 0, 0, 0, 0, 128]"
607.973317,Unknown Device,2,4,3,431,"[0, 0, 0, 0, 1, 26, 19, 0]"
607.974021,Unknown Device,2,4,2,181,"[248, 127, 0, 0, 91, 19, 25, 21]"
607.974711,Unknown Device,2,4,6,184,"[0, 0, 0, 0, 0, 0, 0, 128]"
607.975401,Unknown Device,2,4,26,431,"[0, 0, 0, 0, 1, 26, 19, 128]"
607.976107,Unknown Device,2,4,2,187,"[0, 0, 4, 0, 0, 0, 0, 0]"
607.976819,Unknown Device,2,4,3,177,"[0, 0, 0, 226, 0, 16, 200, 255]"
607.977516,Unknown Device,2,4,4,177,"[0, 0, 0, 98, 0, 16, 14, 0]"
607.978215,Unknown Device,2,4,2,177,"[0, 0, 0, 98, 0, 16, 0, 0]"
607.978833,Unknown Device,2,4,4,183,"[8, 0, 64, 39, 255, 255, 0, 0]"
607.979531,Unknown Device,2,4,5,185,"[0, 0, 0, 0, 0, 0, 0, 128]"
607.980223,Unknown Device,2,4,5,186,"[8, 0, 0, 0, 0, 0, 0, 0]"
607.980913,Unknown Device,2,4,26,181,"[238, 127, 0, 0, 91, 19, 23, 20]"
607.981603,Unknown Device,2,5,30,736,"[0, 0, 247, 6, 0, 22, 64, 0]"
607.982303,Unknown Device,2,4,3,183,"[0, 0, 192, 245, 255, 255, 0, 0]"
607.982913,Unknown Device,2,4,26,184,"[0, 0, 0, 0, 0, 31, 0, 128]"
607.983611,Unknown Device,5,4,11,179,"[2, 0, 208, 201, 255, 191, 78, 38]"
607.984304,Unknown Device,2,4,26,186,"[12, 0, 0, 0, 0, 0, 0, 0]"
607.985,Unknown Device,8,5,1,100,"[139, 6, 144, 128, 0, 28, 0, 0]"
607.98569,Unknown Device,8,5,1,96,"[0, 0, 0, 0, 0, 0, 0, 192]"
607.986275,Unknown Device,21,4,20,195,"[241, 223, 6, 192, 1, 12, 0, 5]"
607.986864,Unknown Device,8,5,1,99,"[0, 0, 0, 3, 0, 0, 2, 0]"
607.987446,Unknown Device,2,4,6,177,"[0, 0, 0, 98, 0, 16, 249, 255]"
607.98811,Unknown Device,2,4,2,177,"[0, 0, 0, 98, 0, 16, 10, 0]"
607.988843,Unknown Device,2,4,3,177,"[0, 0, 0, 226, 0, 16, 216, 255]"
607.989547,Unknown Device,2,4,26,177,"[0, 0, 0, 226, 0, 16, 61, 0]"
607.990189,Unknown Device,2,5,32,736,"[0, 0, 251, 6, 0, 24, 64, 0]"
607.990872,Unknown Device,5,4,4,179,"[9, 0, 184, 220, 255, 191, 229, 38]"
607.991576,Unknown Device,5,4,11,179,"[2, 0, 208, 201, 255, 191, 78, 38]"
607.992277,Unknown Device,21,4,20,431,"[0, 0, 0, 0, 1, 26, 19, 0]"
607.992968,Unknown Device,21,4,20,203,"[1, 0, 0, 0, 255, 255, 0, 0]"
607.993654,Unknown Device,21,4,20,206,"[203, 255, 95, 0, 106, 2, 0, 0]"
607.994389,Unknown Device,2,4,22,183,"[0, 0, 0, 147, 0, 0, 0, 0]"
607.995048,Unknown Device,2,4,7,177,"[0, 0, 0, 226, 0, 16, 33, 0]"
607.995743,Unknown Device,2,4,7,183,"[0, 0, 192, 26, 255, 255, 0, 0]"
607.996429,Unknown Device,2,5,31,736,"[0, 0, 246, 6, 0, 24, 64, 0]"
607.997138,Unknown Device,2,4,8,177,"[0, 0, 0, 98, 0, 16, 240, 255]"
607.997823,Unknown Device,2,4,4,183,"[8, 0, 64, 39, 255, 255, 0, 0]"
607.99853,Unknown Device,2,4,6,183,"[92, 0, 96, 191, 255, 255, 0, 0]"
607.999211,Unknown Device,2,4,26,177,"[0, 0, 0, 226, 0, 16, 52, 0]"
607.999946,Unknown Device,2,4,5,183,"[0, 0, 128, 82, 0, 0, 0, 0]"
608.000638,Unknown Device,5,4,12,179,"[2, 0, 8, 208, 255, 127, 128, 38]"
608.001387,Unknown Device,5,4,11,179,"[2, 0, 208, 201, 255, 191, 78, 38]"
608.00204,Unknown Device,21,4,20,180,"[16, 0, 0, 128, 0, 8, 128, 1]"
608.002746,Unknown Device,21,4,20,195,"[241, 223, 6, 192, 1, 12, 0, 5]"
608.00339,Unknown Device,5,4,10,179,"[1, 0, 200, 239, 255, 191, 126, 39]"
608.003978,Unknown Device,2,4,22,177,"[0, 0, 0, 98, 0, 16, 254, 255]"
608.004639,Unknown Device,8,5,1,96,"[0, 0, 0, 0, 0, 0, 0, 192]"
608.005214,Unknown Device,8,5,1,97,"[0, 0, 0, 64, 0, 0, 0, 0]"
608.005871,Unknown Device,2,4,7,177,"[0, 0, 0, 226, 0, 16, 32, 0]"
608.006557,Unknown Device,8,5,1,98,"[0, 8, 32, 0, 0, 0, 0, 0]"
608.007259,Unknown Device,5,4,13,179,"[2, 0, 152, 207, 255, 191, 123, 38]"
608.007952,Unknown Device,2,4,2,177,"[0, 0, 0, 98, 0, 16, 255, 255]"
608.008649,Unknown Device,2,5,30,737,"[0, 0, 0, 0, 0, 64, 0, 0]"
608.009382,Unknown Device,2,4,26,177,"[0, 0, 0, 226, 0, 16, 12, 0]"
608.010046,Unknown Device,2,5,32,736,"[0, 0, 251, 6, 0, 24, 64, 0]"
608.010736,Unknown,Unknown,Unknown,Unknown,992,"[147, 35, 69, 111, 190, 234, 0, 0]"
608.011448,Unknown Device,5,4,11,179,"[2, 0, 208, 201, 255, 191, 78, 38]"
608.012133,Unknown Device,21,4,20,180,"[17, 0, 0, 128, 0, 8, 128, 1]"
608.01284,Unknown Device,5,4,10,179,"[1, 0, 200, 239, 255, 127, 126, 39]"
608.013523,Unknown Device,2,4,22,177,"[0, 0, 0, 98, 0, 16, 252, 255]"
608.014223,Unknown Device,2,4,22,183,"[0, 0, 0, 147, 0, 0, 0, 0]"
608.014941,Unknown Device,2,4,7,177,"[0, 0, 0, 226, 0, 16, 17, 0]"
608.015613,Unknown Device,2,4,7,183,"[0, 0, 192, 26, 255, 255, 0, 0]"
608.016299,Unknown Device,2,5,31,736,"[0, 0, 246, 6, 0, 24, 64, 0]"
608.01701,Unknown Device,2,4,8,177,"[0, 0, 0, 98, 0, 16, 250, 255]"
608.017693,Unknown Device,2,4,4,183,"[8, 0, 64, 39, 255, 255, 0, 0]"
608.018419,Unknown Device,2,4,8,183,"[8, 0, 96, 62, 255, 255, 0, 0]"
608.019096,Unknown Device,2,4,5,177,"[0, 0, 0, 98, 0, 16, 0, 0]"
608.020898,Unknown Device,2,4,5,183,"[0, 0, 128, 82, 0, 0, 0, 0]"
608.021682,Unknown Device,5,4,12,179,"[2, 0, 8, 208, 255, 191, 128, 38]"
608.0224,Unknown Device,21,4,20,180,"[16, 0, 0, 128, 0, 8, 128, 1]"
608.023013,Unknown Device,21,4,20,195,"[241, 223, 6, 192, 1, 12, 0, 5]"
608.023703,Unknown Device,5,4,10,179,"[1, 0, 200, 239, 255, 127, 126, 39]"
608.024394,Unknown Device,2,4,22,177,"[0, 0, 0, 98, 0, 16, 252, 255]"
608.025093,Unknown Device,8,5,1,96,"[0, 0, 0, 0, 0, 0, 0, 192]"
608.025783,Unknown Device,8,5,1,97,"[0, 0, 0, 64, 0, 0, 0, 0]"
608.026487,Unknown Device,2,4,7,177,"[0, 0, 0, 226, 0, 16, 30, 0]"
608.027172,Unknown Device,5,4,13,179,"[2, 0, 152, 207, 255, 127, 123, 38]"
608.027877,Unknown Device,2,4,2,177,"[0, 0, 0, 98, 0, 16, 249, 255]"
608.02856,Unknown Device,2,4,1,177,"[0, 0, 0, 98, 0, 16, 4, 0]"
608.029259,Unknown Device,2,5,30,737,"[0, 0, 0, 0, 0, 64, 0, 0]"
608.029913,Unknown Device,2,5,32,736,"[0, 0, 250, 6, 0, 24, 64, 0]"
608.03056,Unknown Device,5,4,4,179,"[248, 255, 167, 220, 255, 191, 229, 38]"
608.031245,Unknown Device,5,4,11,179,"[2, 0, 208, 201, 255, 191, 78, 38]"
608.031949,Unknown Device,21,4,20,180,"[17, 0, 0, 128, 0, 8, 128, 1]"
608.032643,Unknown Device,5,4,10,179,"[1, 0, 200, 239, 255, 191, 126, 39]"
608.033377,Unknown Device,2,4,22,177,"[0, 0, 0, 98, 0, 16, 254, 255]"
608.034004,Unknown Device,2,4,22,183,"[0, 0, 0, 147, 0, 0, 0, 0]"
608.034958,Unknown Device,2,4,7,177,"[0, 0, 0, 226, 0, 16, 24, 0]"
608.035414,Unknown Device,2,4,7,183,"[0, 0, 192, 26, 255, 255, 0, 0]"
608.036121,Unknown Device,2,5,31,736,"[0, 0, 246, 6, 0, 24, 64, 0]"
608.03811,Unknown Device,2,4,8,177,"[0, 0, 0, 98, 0, 16, 238, 255]"
608.038816,Unknown Device,2,4,4,177,"[0, 0, 0, 98, 0, 16, 252, 255]"
608.03953,Unknown Device,2,4,3,183,"[0, 0, 192, 245, 255, 255, 0, 0]"
608.040211,Unknown Device,5,4,12,179,"[2, 0, 8, 208, 255, 127, 128, 38]"
608.040918,Unknown Device,5,4,4,179,"[0, 0, 168, 220, 255, 191, 229, 38]"
608.041596,Unknown Device,5,4,11,179,"[1, 0, 208, 201, 255, 191, 78, 38]"
608.042373,Unknown Device,21,4,20,180,"[17, 0, 0, 128, 0, 8, 128, 1]"
608.043005,Unknown Device,21,4,20,200,"[108, 255, 152, 0, 24, 64, 0, 4]"
608.043704,Unknown Device,5,4,10,179,"[1, 0, 200, 239, 255, 63, 126, 39]"
608.04439,Unknown Device,2,4,22,177,"[0, 0, 0, 98, 0, 16, 252, 255]"
608.045092,Unknown,Unknown,Unknown,Unknown,992,"[130, 9, 32, 96, 80, 87, 0, 0]"
608.04577,Unknown Device,8,5,1,97,"[0, 0, 0, 64, 0, 0, 0, 0]"
608.046477,Unknown Device,2,4,7,177,"[0, 0, 0, 226, 0, 16, 12, 0]"
608.047164,Unknown Device,2,4,8,177,"[0, 0, 0, 98, 0, 16, 232, 255]"
608.047864,Unknown Device,2,4,2,177,"[0, 0, 0, 98, 0, 16, 0, 0]"
608.048543,Unknown Device,2,5,30,736,"[0, 0, 248, 6, 0, 22, 64, 0]"
608.049188,Unknown Device,2,4,26,177,"[0, 0, 0, 226, 0, 16, 9, 0]"
608.050373,Unknown Device,2,5,32,736,"[0, 0, 251, 6, 0, 24, 64, 0]"
608.050976,Unknown Device,5,4,4,179,"[0, 0, 168, 220, 255, 191, 229, 38]"
608.054164,Unknown Device,5,4,11,179,"[1, 0, 208, 201, 255, 191, 78, 38]"
608.054955,Unknown Device,21,4,20,180,"[17, 0, 0, 128, 0, 8, 128, 1]"
608.055847,Unknown Device,2,4,22,183,"[0, 0, 0, 147, 0, 0, 0, 0]"
608.056573,Unknown Device,2,4,7,177,"[0, 0, 0, 226, 0, 16, 7, 0]"
608.057265,Unknown Device,2,4,8,177,"[0, 0, 0, 98, 0, 16, 243, 255]"
608.057948,Unknown Device,2,4,1,177,"[0, 0, 0, 98, 0, 16, 4, 0]"
608.058573,Unknown Device,2,5,30,736,"[0, 0, 247, 6, 0, 22, 64, 0]"
608.059251,Unknown Device,2,4,26,177,"[0, 0, 0, 226, 0, 16, 12, 0]"
608.059963,Unknown Device,2,5,32,736,"[0, 0, 251, 6, 0, 24, 64, 0]"
608.060653,Unknown Device,5,4,12,179,"[2, 0, 8, 208, 255, 127, 128, 38]"
608.061364,Unknown Device,5,4,11,179,"[1, 0, 208, 201, 255, 191, 78, 38]"
608.062049,Unknown Device,21,4,20,180,"[17, 0, 0, 128, 0, 9, 128, 1]"
608.062746,Unknown Device,21,4,20,195,"[241, 31, 7, 176, 1, 12, 0, 5]"
608.063451,Unknown Device,5,4,10,179,"[1, 0, 200, 239, 255, 127, 126, 39]"
608.064222,Unknown Device,2,4,22,177,"[0, 0, 0, 98, 0, 16, 252, 255]"
608.064912,Unknown Device,8,5,1,96,"[0, 0, 0, 0, 0, 0, 0, 192]"
608.065609,Unknown Device,8,5,1,97,"[0, 0, 0, 64, 0, 0, 0, 0]"
608.066364,Unknown Device,2,4,7,177,"[0, 0, 0, 226, 0, 16, 6, 0]"
608.067006,Unknown Device,8,5,1,99,"[0, 0, 0, 3, 0, 0, 2, 0]"
608.06771,Unknown Device,2,4,6,177,"[0, 0, 0, 98, 0, 16, 238, 255]"
608.068393,Unknown Device,2,4,1,177,"[0, 0, 0, 98, 0, 16, 241, 255]"
608.069092,Unknown Device,2,4,26,177,"[0, 0, 0, 226, 0, 16, 52, 0]"
608.069725,Unknown Device,2,5,32,736,"[0, 0, 251, 6, 0, 24, 64, 0]"
608.070458,Unknown Device,5,4,4,179,"[7, 0, 176, 220, 255, 63, 229, 38]"
608.071079,Unknown Device,5,4,11,179,"[1, 0, 208, 201, 255, 191, 78, 38]"
608.071761,Unknown Device,21,4,20,180,"[15, 0, 0, 128, 0, 9, 128, 1]"
608.07247,Unknown Device,5,4,10,179,"[1, 0, 200, 239, 255, 191, 126, 39]"
608.073174,Unknown Device,2,4,22,177,"[0, 0, 0, 98, 0, 16, 0, 0]"
608.073864,Unknown Device,2,4,22,183,"[0, 0, 0, 147, 0, 0, 0, 0]"
608.074518,Unknown,Unknown,Unknown,Unknown,992,"[56, 172, 36, 165, 218, 61, 0, 0]"
608.075225,Unknown Device,2,4,7,177,"[0, 0, 0, 226, 0, 16, 18, 0]"
608.075915,Unknown Device,2,4,7,183,"[0, 0, 192, 26, 255, 255, 0, 0]"
608.076605,Unknown Device,2,5,31,736,"[0, 0, 246, 6, 0, 24, 64, 0]"
608.077359,Unknown Device,2,4,8,177,"[0, 0, 0, 98, 0, 16, 244, 255]"
608.078059,Unknown Device,2,4,1,177,"[0, 0, 0, 98, 0, 16, 247, 255]"
608.078706,Unknown Device,2,4,1,183,"[0, 0, 64, 189, 255, 255, 0, 0]"
608.079403,Unknown Device,2,4,3,183,"[0, 0, 192, 245, 255, 255, 0, 0]"
608.080045,Unknown Device,2,5,32,737,"[0, 0, 0, 0, 0, 64, 0, 0]"
608.080735,Unknown Device,5,4,12,179,"[1, 0, 8, 208, 255, 191, 128, 38]"
608.081425,Unknown Device,5,4,11,179,"[1, 0, 208, 201, 255, 191, 78, 38]"
608.082125,Unknown Device,21,4,20,180,"[12, 0, 0, 128, 0, 9, 128, 1]"
608.082807,Unknown Device,21,4,20,195,"[241, 95, 7, 192, 1, 8, 0, 5]"
608.083501,Unknown,Unknown,Unknown,Unknown,992,"[143, 129, 98, 117, 69, 239, 0, 0]"
608.084132,Unknown Device,2,4,22,177,"[0, 0, 0, 98, 0, 16, 255, 255]"
608.084818,Unknown Device,8,5,1,96,"[0, 0, 0, 0, 0, 0, 0, 192]"
608.085581,Unknown Device,8,5,1,97,"[0, 0, 0, 64, 0, 0, 0, 0]"
608.086351,Unknown Device,2,4,7,177,"[0, 0, 0, 226, 0, 16, 11, 0]"
608.086912,Unknown Device,8,5,1,99,"[0, 0, 0, 3, 0, 0, 2, 0]"
608.087506,Unknown Device,8,5,1,100,"[139, 6, 144, 128, 0, 28, 0, 0]"
608.088137,Unknown Device,2,4,1,177,"[0, 0, 0, 98, 0, 16, 53, 0]"
608.088787,Unknown Device,2,4,5,177,"[0, 0, 0, 98, 0, 16, 253, 255]"
608.089508,Unknown Device,5,4,12,179,"[1, 0, 8, 208, 255, 191, 128, 38]"
608.090238,Unknown Device,2,5,32,736,"[0, 0, 251, 6, 0, 24, 64, 0]"
608.090924,Unknown Device,5,4,4,179,"[252, 255, 167, 220, 255, 191, 229, 38]"
608.091616,Unknown Device,5,4,11,179,"[1, 0, 208, 201, 255, 191, 78, 38]"
608.092234,Unknown Device,21,4,20,180,"[9, 0, 0, 128, 0, 9, 128, 1]"
608.092924,Unknown Device,5,4,10,179,"[0, 0, 200, 239, 255, 191, 126, 39]"
608.09361,Unknown Device,2,4,22,177,"[0, 0, 0, 98, 0, 16, 253, 255]"
608.094352,Unknown Device,2,4,22,183,"[0, 0, 0, 147, 0, 0, 0, 0]"
608.094989,Unknown Device,2,4,7,177,"[0, 0, 0, 226, 0, 16, 255, 255]"
608.095776,Unknown Device,2,4,7,183,"[0, 0, 192, 26, 255, 255, 0, 0]"
608.096468,Unknown Device,2,5,31,736,"[0, 0, 246, 6, 0, 24, 64, 0]"
608.097163,Unknown Device,5,4,13,179,"[1, 0, 152, 207, 255, 127, 123, 38]"
608.097849,Unknown Device,2,4,2,177,"[0, 0, 0, 98, 0, 16, 0, 0]"
608.098548,Unknown Device,2,5,30,736,"[0, 0, 247, 6, 0, 22, 64, 0]"
608.099184,Unknown Device,2,4,26,177,"[0, 0, 0, 226, 0, 16, 237, 255]"
608.099874,Unknown Device,2,4,26,183,"[0, 0, 192, 162, 0, 0, 0, 0]"
608.100564,Unknown Device,2,5,32,737,"[0, 0, 0, 0, 0, 64, 0, 0]"
608.101256,Unknown Device,5,4,4,179,"[1, 0, 168, 220, 255, 127, 229, 38]"
608.101939,Unknown Device,5,4,11,179,"[1, 0, 208, 201, 255, 191, 78, 38]"
608.102629,Unknown Device,21,4,20,195,"[241, 95, 7, 192, 1, 4, 0, 5]"
608.103347,Unknown Device,5,4,10,179,"[3, 0, 208, 239, 255, 191, 126, 39]"
608.103932,Unknown Device,2,4,22,177,"[0, 0, 0, 98, 0, 16, 255, 255]"
608.104568,Unknown Device,8,5,1,96,"[0, 0, 0, 0, 0, 0, 0, 192]"
608.105344,Unknown Device,8,5,1,97,"[0, 0, 0, 64, 0, 0, 0, 0]"
608.105987,Unknown Device,2,4,7,177,"[0, 0, 0, 226, 0, 16, 6, 0]"
608.106684,Unknown Device,2,5,31,736,"[0, 0, 246, 6, 0, 24, 64, 0]"
608.107381,Unknown Device,5,4,13,179,"[1, 0, 152, 207, 255, 191, 123, 38]"
608.108081,Unknown Device,2,4,1,177,"[0, 0, 0, 98, 0, 16, 34, 0]"
608.108785,Unknown Device,2,4,3,177,"[0, 0, 0, 226, 0, 16, 196, 255]"
608.109475,Unknown Device,2,4,26,177,"[0, 0, 0, 226, 0, 16, 244, 255]"
608.11016,Unknown Device,2,5,32,736,"[0, 0, 250, 6, 0, 24, 64, 0]"
608.11085,Unknown Device,5,4,4,179,"[253, 255, 167, 220, 255, 127, 229, 38]"
608.111547,Unknown Device,5,4,11,179,"[4, 0, 208, 201, 255, 127, 78, 38]"
608.112246,Unknown Device,21,4,20,180,"[8, 0, 0, 144, 0, 9, 128, 1]"
608.112933,Unknown Device,5,4,10,179,"[3, 0, 208, 239, 255, 191, 126, 39]"
608.113616,Unknown Device,2,4,22,177,"[0, 0, 0, 98, 0, 16, 3, 0]"
608.114251,Unknown Device,2,4,22,183,"[0, 0, 0, 147, 0, 0, 0, 0]"
608.114935,Unknown,Unknown,Unknown,Unknown,992,"[95, 7, 197, 29, 26, 119, 0, 0]"
608.115698,Unknown Device,2,4,7,177,"[0, 0, 0, 226, 0, 16, 35, 0]"
608.116396,Unknown Device,2,4,7,183,"[0, 0, 192, 26, 255, 255, 0, 0]"
608.117088,Unknown Device,5,4,4,209,"[0, 0, 0, 0, 0, 0, 0, 0]"
608.117771,Unknown Device,2,4,4,183,"[16, 0, 64, 39, 255, 255, 0, 0]"
608.118389,Unknown Device,2,4,8,183,"[4, 0, 96, 62, 255, 255, 0, 0]"
608.119081,Unknown Device,2,4,26,177,"[0, 0, 0, 226, 0, 16, 10, 0]"
608.119843,Unknown Device,2,4,3,183,"[0, 0, 192, 245, 255, 255, 0, 0]"
608.120447,Unknown Device,5,4,4,431,"[0, 0, 0, 0, 1, 26, 19, 128]"
608.121039,Unknown Device,5,4,4,179,"[1, 0, 168, 220, 255, 127, 229, 38]"
608.121693,Unknown Device,5,4,11,179,"[1, 0, 200, 201, 255, 191, 78, 38]"
608.122354,Unknown Device,21,4,20,195,"[241, 95, 7, 192, 1, 8, 0, 5]"
608.123046,Unknown,Unknown,Unknown,Unknown,992,"[148, 97, 69, 14, 135, 185, 0, 0]"
608.123729,Unknown Device,5,4,10,179,"[3, 0, 208, 239, 255, 191, 126, 39]"
608.124347,Unknown Device,2,4,22,177,"[0, 0, 0, 98, 0, 16, 245, 255]"
608.125039,Unknown Device,8,5,1,96,"[0, 0, 0, 0, 0, 0, 0, 192]"
608.125729,Unknown Device,8,5,1,97,"[0, 0, 0, 64, 0, 0, 0, 0]"
608.126398,Unknown Device,2,4,7,177,"[0, 0, 0, 226, 0, 16, 20, 0]"
608.127047,Unknown Device,2,4,8,177,"[0, 0, 0, 98, 0, 16, 233, 255]"
608.127737,Unknown Device,8,5,1,100,"[139, 6, 144, 128, 0, 28, 0, 0]"
608.128397,Unknown Device,2,5,30,736,"[0, 0, 247, 6, 0, 22, 64, 0]"
608.129091,Unknown Device,2,4,26,177,"[0, 0, 0, 226, 0, 16, 46, 0]"
608.129784,Unknown Device,2,5,32,736,"[0, 0, 251, 6, 0, 24, 64, 0]"
608.130484,Unknown,Unknown,Unknown,Unknown,992,"[27, 125, 237, 0, 244, 90, 0, 0]"
608.131179,Unknown Device,5,4,4,179,"[254, 255, 167, 220, 255, 191, 229, 38]"
608.131878,Unknown Device,5,4,11,179,"[23, 0, 208, 201, 255, 191, 78, 38]"
608.132571,Unknown Device,21,4,20,180,"[15, 0, 0, 128, 0, 9, 128, 1]"
608.133259,Unknown Device,5,4,10,179,"[3, 0, 208, 239, 255, 191, 126, 39]"
608.133944,Unknown Device,2,4,22,177,"[0, 0, 0, 98, 0, 16, 240, 255]"
608.134566,Unknown Device,2,4,22,183,"[0, 0, 0, 147, 0, 0, 0, 0]"
608.135255,Unknown Device,2,4,7,177,"[0, 0, 0, 226, 0, 16, 14, 0]"
608.135948,Unknown Device,2,4,7,183,"[0, 0, 192, 26, 255, 255, 0, 0]"
608.13664,Unknown Device,2,5,31,736,"[0, 0, 246, 6, 0, 24, 64, 0]"
608.137229,Unknown Device,2,4,8,177,"[0, 0, 0, 98, 0, 16, 246, 255]"
608.137886,Unknown Device,2,4,1,177,"[0, 0, 0, 98, 0, 16, 220, 255]"
608.138509,Unknown Device,2,4,6,183,"[12, 0, 64, 191, 255, 255, 0, 0]"
608.13921,Unknown Device,2,4,26,177,"[0, 0, 0, 226, 0, 16, 14, 0]"
608.139903,Unknown Device,2,4,26,183,"[0, 0, 192, 162, 0, 0, 0, 0]"
608.140596,Unknown Device,5,4,12,209,"[0, 0, 0, 0, 0, 0, 0, 0]"
608.141338,Unknown Device,5,4,4,179,"[14, 0, 192, 220, 255, 63, 230, 38]"
608.142004,Unknown Device,5,4,12,285,"[0, 0, 0, 0, 24, 0, 0, 0]"
608.142704,Unknown Device,21,4,20,196,"[29, 255, 231, 0, 33, 127, 0, 0]"
608.143397,Unknown Device,21,4,20,200,"[20, 0, 228, 0, 20, 59, 0, 4]"
608.144017,Unknown Device,2,4,22,177,"[0, 0, 0, 98, 0, 16, 243, 255]"
608.144715,Unknown Device,5,4,10,431,"[0, 0, 0, 1, 1, 26, 19, 0]"
608.14534,Unknown Device,5,4,10,285,"[0, 0, 0, 0, 24, 0, 0, 0]"
608.146039,Unknown Device,8,5,1,97,"[0, 0, 0, 64, 0, 0, 0, 0]"
608.146672,Unknown Device,2,5,31,736,"[0, 0, 245, 6, 0, 24, 64, 0]"
608.147369,Unknown Device,2,4,4,177,"[0, 0, 0, 98, 0, 16, 17, 0]"
608.147982,Unknown Device,2,4,1,177,"[0, 0, 0, 98, 0, 16, 232, 255]"
608.14868,Unknown Device,2,4,3,177,"[0, 0, 0, 226, 0, 16, 212, 255]"
608.149405,Unknown Device,5,4,12,179,"[1, 0, 8, 208, 255, 191, 128, 38]"
608.150091,Unknown Device,2,5,32,736,"[0, 0, 250, 6, 0, 24, 64, 0]"
608.150781,Unknown,Unknown,Unknown,Unknown,992,"[182, 224, 124, 234, 72, 65, 0, 0]"
608.15147,Unknown Device,5,4,11,179,"[1, 0, 200, 201, 255, 191, 78, 38]"
608.152163,Unknown Device,21,4,20,180,"[21, 0, 0, 128, 0, 9, 128, 1]"
608.152833,Unknown Device,5,4,10,179,"[3, 0, 200, 239, 255, 191, 126, 39]"
608.154707,Unknown Device,2,4,22,177,"[0, 0, 0, 98, 0, 16, 243, 255]"
608.155411,Unknown Device,2,4,22,183,"[0, 0, 0, 147, 0, 0, 0, 0]"
608.15619,Unknown Device,2,4,7,177,"[0, 0, 0, 226, 0, 16, 13, 0]"
608.156887,Unknown Device,2,5,31,736,"[0, 0, 246, 6, 0, 24, 64, 0]"
608.157584,Unknown Device,2,4,4,177,"[0, 0, 0, 98, 0, 16, 15, 0]"
608.158331,Unknown Device,2,4,1,183,"[0, 0, 0, 189, 255, 255, 0, 0]"
608.158916,Unknown Device,2,4,5,177,"[0, 0, 0, 98, 0, 16, 252, 255]"
608.159606,Unknown Device,2,4,5,183,"[0, 0, 128, 82, 0, 0, 0, 0]"
608.160331,Unknown Device,5,4,12,179,"[1, 0, 8, 208, 255, 127, 128, 38]"
608.160995,Unknown Device,5,4,4,179,"[255, 255, 167, 220, 255, 127, 229, 38]"
608.161677,Unknown Device,5,4,11,179,"[1, 0, 208, 201, 255, 191, 78, 38]"
608.162374,Unknown Device,21,4,20,195,"[241, 95, 7, 192, 1, 12, 0, 5]"
608.162987,Unknown Device,5,4,10,179,"[3, 0, 200, 239, 255, 127, 126, 39]"
608.163685,Unknown Device,2,4,22,177,"[0, 0, 0, 98, 0, 16, 244, 255]"
608.16437,Unknown Device,8,5,1,96,"[0, 0, 0, 0, 0, 0, 0, 192]"
608.165062,Unknown Device,8,5,1,97,"[0, 0, 0, 64, 0, 0, 0, 0]"
608.165745,Unknown Device,2,4,7,177,"[0, 0, 0, 226, 0, 16, 0, 0]"
608.166442,Unknown Device,8,5,1,98,"[0, 4, 32, 0, 0, 0, 0, 0]"
608.167055,Unknown Device,2,4,8,177,"[0, 0, 0, 98, 0, 16, 243, 255]"
608.167752,Unknown Device,2,4,2,177,"[0, 0, 0, 98, 0, 16, 245, 255]"
608.168507,Unknown Device,2,5,30,736,"[0, 0, 247, 6, 0, 22, 64, 0]"
608.169206,Unknown Device,2,4,26,177,"[0, 0, 0, 226, 0, 16, 42, 0]"
608.170857,Unknown Device,2,5,32,736,"[0, 0, 250, 6, 0, 24, 64, 0]"
608.171662,Unknown Device,5,4,4,179,"[13, 0, 192, 220, 255, 191, 229, 38]"
608.172367,Unknown Device,21,4,20,180,"[18, 0, 0, 144, 0, 9, 128, 1]"
608.173059,Unknown Device,5,4,10,179,"[3, 0, 200, 239, 255, 127, 126, 39]"
608.173755,Unknown Device,2,4,22,177,"[0, 0, 0, 98, 0, 16, 1, 0]"
608.174441,Unknown Device,2,4,22,183,"[0, 0, 0, 147, 0, 0, 0, 0]"
608.17506,Unknown Device,2,4,7,177,"[0, 0, 0, 226, 0, 16, 255, 255]"
608.175746,Unknown Device,2,4,7,183,"[0, 0, 192, 26, 255, 255, 0, 0]"
608.176438,Unknown Device,2,5,31,736,"[0, 0, 245, 6, 0, 24, 64, 0]"
608.17707,Unknown Device,5,4,13,179,"[1, 0, 152, 207, 255, 127, 123, 38]"
608.177762,Unknown Device,2,4,2,177,"[0, 0, 0, 98, 0, 16, 241, 255]"
608.178455,Unknown Device,2,4,6,183,"[12, 0, 32, 191, 255, 255, 0, 0]"
608.179072,Unknown Device,2,4,26,177,"[0, 0, 0, 226, 0, 16, 3, 0]"
608.179758,Unknown Device,2,4,26,183,"[0, 0, 192, 162, 0, 0, 0, 0]"
608.180471,Unknown Device,5,4,12,179,"[1, 0, 8, 208, 255, 191, 128, 38]"
608.181088,Unknown Device,5,4,4,179,"[253, 255, 167, 220, 255, 191, 229, 38]"
608.181774,Unknown Device,5,4,11,179,"[1, 0, 208, 201, 255, 191, 78, 38]"
608.18246,Unknown Device,21,4,20,195,"[241, 95, 7, 192, 1, 8, 0, 5]"
608.183077,Unknown Device,5,4,10,179,"[3, 0, 200, 239, 255, 127, 126, 39]"
608.183762,Unknown Device,2,4,22,177,"[0, 0, 0, 98, 0, 16, 248, 255]"
608.184455,Unknown Device,8,5,1,96,"[0, 0, 0, 0, 0, 0, 0, 192]"
608.185072,Unknown Device,8,5,1,97,"[0, 0, 0, 64, 0, 0, 0, 0]"
608.185765,Unknown Device,2,4,7,177,"[0, 0, 0, 226, 0, 16, 22, 0]"
608.187529,Unknown Device,8,5,1,98,"[0, 4, 32, 0, 0, 0, 0, 0]"
608.188349,Unknown Device,5,4,13,179,"[1, 0, 152, 207, 255, 127, 123, 38]"
608.189056,Unknown Device,2,4,5,177,"[0, 0, 0, 98, 0, 16, 10, 0]"
608.189753,Unknown Device,2,5,32,736,"[0, 0, 251, 6, 0, 24, 64, 0]"
608.190443,Unknown Device,5,4,4,179,"[13, 0, 192, 220, 255, 127, 229, 38]"
608.191135,Unknown Device,5,4,11,179,"[1, 0, 208, 201, 255, 191, 78, 38]"
608.191818,Unknown Device,21,4,20,180,"[12, 0, 0, 128, 0, 9, 128, 1]"
608.192504,Unknown Device,5,4,10,179,"[3, 0, 200, 239, 255, 127, 126, 39]"
608.193197,Unknown Device,2,4,22,431,"[0, 0, 0, 0, 1, 26, 19, 0]"
608.193887,Unknown Device,2,4,22,285,"[0, 0, 0, 0, 0, 0, 128, 0]"
608.194577,Unknown Device,2,4,22,193,"[212, 74, 40, 37, 0, 0, 0, 0]"
608.195317,Unknown Device,2,4,22,182,"[0, 0, 0, 147, 0, 0, 0, 0]"
608.195959,Unknown Device,2,4,22,183,"[0, 0, 0, 147, 0, 0, 0, 0]"
608.196642,Unknown Device,2,4,7,183,"[0, 0, 192, 26, 255, 255, 0, 0]"
608.197339,Unknown Device,2,4,22,187,"[0, 0, 4, 0, 0, 0, 0, 0]"
608.198024,Unknown Device,2,4,2,177,"[0, 0, 0, 98, 0, 16, 234, 255]"
608.198714,Unknown Device,2,4,2,183,"[4, 0, 32, 64, 255, 255, 0, 0]"
608.199404,Unknown Device,5,4,12,179,"[1, 0, 8, 208, 255, 127, 128, 38]"
608.200096,Unknown Device,2,5,32,737,"[0, 0, 0, 0, 0, 64, 0, 0]"
608.200779,Unknown Device,5,4,4,179,"[2, 0, 184, 220, 255, 191, 229, 38]"
608.201476,Unknown Device,5,4,11,179,"[4, 0, 200, 201, 255, 191, 78, 38]"
608.202169,Unknown Device,21,4,20,180,"[10, 0, 0, 128, 0, 9, 128, 1]"
608.20283,Unknown Device,21,4,20,195,"[241, 95, 7, 192, 1, 4, 0, 5]"
608.204661,Unknown Device,5,4,10,179,"[3, 0, 200, 239, 255, 191, 126, 39]"
608.205372,Unknown Device,2,4,22,177,"[0, 0, 0, 98, 0, 16, 253, 255]"
608.206072,Unknown Device,8,5,1,97,"[0, 0, 0, 64, 0, 0, 0, 0]"
608.206762,Unknown Device,2,5,31,737,"[0, 0, 0, 0, 0, 64, 0, 0]"
608.207452,Unknown Device,2,4,4,177,"[0, 0, 0, 98, 0, 16, 7, 0]"
608.208144,Unknown,Unknown,Unknown,Unknown,992,"[107, 117, 20, 147, 11, 127, 0, 0]"
608.208834,Unknown Device,2,4,3,177,"[0, 0, 0, 226, 0, 16, 212, 255]"
608.209538,Unknown Device,5,4,12,179,"[1, 0, 8, 208, 255, 191, 128, 38]"
608.210223,Unknown Device,2,5,32,736,"[0, 0, 251, 6, 0, 24, 64, 0]"
608.210913,Unknown Device,5,4,4,179,"[8, 0, 184, 220, 255, 191, 229, 38]"
608.211603,Unknown Device,5,4,11,179,"[51, 0, 208, 201, 255, 191, 78, 38]"
608.212308,Unknown Device,21,4,20,180,"[10, 0, 0, 128, 0, 9, 128, 1]"
608.212978,Unknown Device,5,4,10,179,"[25, 0, 208, 239, 255, 191, 126, 39]"
608.213669,Unknown Device,2,4,22,177,"[0, 0, 0, 98, 0, 16, 254, 255]"
608.214359,Unknown Device,2,4,22,183,"[0, 0, 0, 147, 0, 0, 0, 0]"
608.215049,Unknown Device,2,4,7,431,"[0, 0, 0, 0, 1, 26, 19, 0]"
608.215733,Unknown Device,2,4,7,285,"[0, 0, 0, 0, 0, 3, 128, 0]"
608.216437,Unknown Device,2,5,31,736,"[0, 0, 245, 6, 0, 24, 64, 0]"
608.217115,Unknown Device,5,4,13,179,"[1, 0, 152, 207, 255, 127, 123, 38]"
608.217805,Unknown Device,2,4,1,431,"[0, 0, 0, 0, 1, 26, 19, 0]"
608.218492,Unknown Device,2,4,7,183,"[0, 0, 192, 26, 255, 255, 0, 0]"
608.219187,Unknown Device,2,4,4,182,"[0, 0, 192, 81, 255, 255, 0, 0]"
608.220908,Unknown Device,2,4,1,193,"[0, 243, 199, 46, 0, 0, 0, 0]"
608.221608,Unknown Device,2,4,2,177,"[0, 0, 0, 98, 0, 16, 250, 255]"
608.222315,Unknown Device,2,4,3,431,"[0, 0, 0, 0, 1, 26, 19, 0]"
608.222995,Unknown Device,2,4,2,185,"[0, 0, 0, 0, 0, 0, 0, 128]"
608.223695,Unknown Device,2,4,3,177,"[0, 0, 0, 226, 0, 16, 207, 255]"
608.224381,Unknown Device,2,4,2,187,"[0, 0, 4, 0, 0, 0, 0, 0]"
608.225068,Unknown Device,2,4,5,181,"[253, 127, 0, 192, 90, 19, 24, 21]"
608.225754,Unknown Device,2,4,6,181,"[248, 127, 0, 0, 91, 20, 25, 20]"
608.226447,Unknown Device,2,4,7,177,"[0, 0, 0, 226, 0, 16, 3, 0]"
608.227134,Unknown Device,2,4,3,186,"[8, 0, 0, 0, 0, 0, 0, 0]"
608.22782,Unknown Device,2,4,5,185,"[0, 0, 0, 0, 0, 0, 0, 128]"
608.228505,Unknown Device,2,4,8,182,"[0, 0, 192, 91, 0, 0, 0, 0]"
608.2292,Unknown Device,2,4,5,187,"[0, 0, 4, 0, 0, 0, 0, 0]"
608.229878,Unknown Device,2,4,6,177,"[0, 0, 0, 98, 0, 16, 0, 0]"
608.230571,Unknown Device,2,5,30,736,"[0, 0, 247, 6, 0, 22, 64, 0]"
608.231306,Unknown Device,2,4,8,187,"[0, 0, 4, 0, 0, 0, 0, 0]"
608.231952,Unknown Device,2,5,31,737,"[0, 0, 0, 0, 0, 64, 0, 0]"
608.232637,Unknown Device,2,4,26,181,"[239, 127, 0, 0, 91, 19, 23, 20]"
608.233337,Unknown Device,5,4,11,179,"[1, 0, 208, 201, 255, 191, 78, 38]"
608.234015,Unknown Device,2,4,26,184,"[0, 0, 0, 0, 0, 31, 0, 128]"
608.234712,Unknown Device,2,4,26,185,"[0, 0, 0, 0, 0, 0, 0, 128]"
608.235395,Unknown Device,8,5,1,100,"[140, 6, 144, 128, 0, 28, 0, 0]"
608.236145,Unknown Device,2,4,26,177,"[0, 0, 0, 226, 0, 16, 224, 255]"
608.238133,Unknown Device,2,5,31,736,"[0, 0, 245, 6, 0, 24, 64, 0]"
608.238852,Unknown Device,2,4,8,183,"[4, 0, 96, 62, 255, 255, 0, 0]"
608.239542,Unknown Device,2,4,3,183,"[0, 0, 192, 245, 255, 255, 0, 0]"
608.240304,Unknown Device,5,4,12,179,"[245, 255, 15, 208, 255, 127, 128, 38]"
608.240939,Unknown Device,5,4,4,179,"[247, 255, 167, 220, 255, 127, 229, 38]"
608.241629,Unknown Device,5,4,11,179,"[1, 0, 208, 201, 255, 191, 78, 38]"
608.242312,Unknown Device,21,4,20,285,"[0, 0, 0, 0, 0, 96, 4, 0]"
608.243004,Unknown Device,21,4,20,198,"[2, 0, 240, 255, 255, 0, 0, 144]"
608.243687,Unknown Device,21,4,20,200,"[136, 0, 160, 255, 124, 61, 0, 4]"
608.244384,Unknown Device,21,4,20,206,"[200, 255, 95, 0, 109, 2, 0, 0]"
608.245069,Unknown Device,8,5,1,96,"[0, 0, 0, 0, 0, 0, 0, 192]"
608.245759,Unknown Device,8,5,1,97,"[0, 0, 0, 64, 0, 0, 0, 0]"
608.246456,Unknown Device,8,5,1,98,"[0, 4, 32, 0, 0, 0, 0, 0]"
608.247141,Unknown Device,2,4,8,177,"[0, 0, 0, 98, 0, 16, 243, 255]"
608.247831,Unknown Device,2,4,2,177,"[0, 0, 0, 98, 0, 16, 254, 255]"
608.248521,Unknown Device,2,5,30,737,"[0, 0, 0, 0, 0, 64, 0, 0]"
608.249206,Unknown Device,2,4,26,177,"[0, 0, 0, 226, 0, 16, 8, 0]"
608.249896,Unknown Device,2,5,32,736,"[0, 0, 250, 6, 0, 24, 64, 0]"
608.250586,Unknown Device,5,4,4,179,"[248, 255, 167, 220, 255, 127, 229, 38]"
608.251298,Unknown Device,5,4,11,179,"[1, 0, 208, 201, 255, 191, 78, 38]"
608.251918,Unknown Device,21,4,20,180,"[16, 0, 0, 128, 0, 9, 128, 1]"
608.252549,Unknown Device,5,4,10,179,"[3, 0, 200, 239, 255, 191, 126, 39]"
608.253296,Unknown Device,2,4,22,177,"[0, 0, 0, 98, 0, 16, 248, 255]"
608.253837,Unknown Device,2,4,22,183,"[0, 0, 0, 147, 0, 0, 0, 0]"
608.254873,Unknown Device,2,4,7,177,"[0, 0, 0, 226, 0, 16, 255, 255]"
608.255088,Unknown Device,2,4,7,183,"[0, 0, 192, 26, 255, 255, 0, 0]"
608.255794,Unknown Device,2,5,31,736,"[0, 0, 246, 6, 0, 24, 64, 0]"
608.256477,Unknown Device,5,4,13,179,"[1, 0, 152, 207, 255, 127, 123, 38]"
608.257176,Unknown Device,2,4,8,177,"[0, 0, 0, 98, 0, 16, 252, 255]"
608.257866,Unknown Device,2,4,2,177,"[0, 0, 0, 98, 0, 16, 247, 255]"
608.258556,Unknown Device,2,5,30,736,"[0, 0, 247, 6, 0, 22, 64, 0]"
608.25929,Unknown Device,2,4,3,183,"[0, 0, 192, 245, 255, 255, 0, 0]"
608.259939,Unknown Device,2,4,26,183,"[0, 0, 192, 162, 0, 0, 0, 0]"
608.260622,Unknown Device,2,5,32,737,"[0, 0, 0, 0, 0, 64, 0, 0]"
608.261304,Unknown Device,5,4,11,179,"[1, 0, 200, 201, 255, 127, 78, 38]"
608.261997,Unknown Device,21,4,20,180,"[16, 0, 0, 128, 0, 9, 128, 1]"
608.262679,Unknown Device,21,4,20,195,"[241, 95, 7, 192, 1, 12, 0, 5]"
608.263375,Unknown Device,5,4,10,179,"[3, 0, 208, 239, 255, 191, 126, 39]"
608.264056,Unknown Device,2,4,22,177,"[0, 0, 0, 98, 0, 16, 2, 0]"
608.264699,Unknown Device,8,5,1,96,"[0, 0, 0, 0, 0, 0, 0, 192]"
608.268804,Unknown Device,8,5,1,97,"[0, 0, 0, 64, 0, 0, 0, 0]"
608.269468,Unknown Device,2,4,7,177,"[0, 0, 0, 226, 0, 16, 1, 0]"
608.271352,Unknown Device,2,5,32,736,"[0, 0, 251, 6, 0, 24, 64, 0]"
608.272068,Unknown Device,5,4,4,179,"[0, 0, 168, 220, 255, 191, 229, 38]"
608.272768,Unknown Device,21,4,20,180,"[15, 0, 0, 128, 0, 9, 128, 1]"
608.273447,Unknown Device,5,4,10,179,"[3, 0, 208, 239, 255, 191, 126, 39]"
608.274141,Unknown Device,2,4,22,183,"[0, 0, 0, 147, 0, 0, 0, 0]"
608.274898,Unknown Device,2,4,7,177,"[0, 0, 0, 226, 0, 16, 2, 0]"
608.275524,Unknown Device,2,4,7,183,"[0, 0, 192, 26, 255, 255, 0, 0]"
608.276204,Unknown Device,2,5,31,736,"[0, 0, 245, 6, 0, 24, 64, 0]"
608.276904,Unknown Device,5,4,13,179,"[1, 0, 152, 207, 255, 127, 123, 38]"
608.27759,Unknown Device,2,4,6,177,"[0, 0, 0, 98, 0, 16, 244, 255]"
608.278297,Unknown Device,2,4,6,183,"[12, 0, 64, 191, 255, 255, 0, 0]"
608.278975,Unknown Device,2,4,5,177,"[0, 0, 0, 98, 0, 16, 254, 255]"
608.279672,Unknown Device,2,4,5,183,"[0, 0, 128, 82, 0, 0, 0, 0]"
608.280362,Unknown Device,5,4,12,179,"[0, 0, 8, 208, 255, 191, 128, 38]"
608.281055,Unknown Device,5,4,4,179,"[5, 0, 176, 220, 255, 191, 229, 38]"
608.281737,Unknown Device,5,4,11,179,"[1, 0, 200, 201, 255, 191, 78, 38]"
608.282456,Unknown Device,21,4,20,195,"[241, 95, 7, 192, 1, 8, 0, 5]"
608.283141,Unknown Device,5,4,10,179,"[2, 0, 208, 239, 255, 191, 126, 39]"
608.283839,Unknown Device,2,4,22,177,"[0, 0, 0, 98, 0, 16, 3, 0]"
608.284533,Unknown Device,8,5,1,96,"[0, 0, 0, 0, 0, 0, 0, 192]"
608.28528,Unknown Device,8,5,1,97,"[0, 0, 0, 64, 0, 0, 0, 0]"
608.285922,Unknown Device,2,4,7,177,"[0, 0, 0, 226, 0, 16, 11, 0]"
608.286634,Unknown Device,2,5,31,752,"[0, 0, 0, 0, 209, 234, 141, 42]"
608.287281,Unknown Device,2,4,4,177,"[0, 0, 0, 98, 0, 16, 6, 0]"
608.287872,Unknown Device,8,5,1,100,"[138, 6, 144, 128, 0, 28, 0, 0]"
608.288591,Unknown Device,2,5,30,737,"[0, 0, 0, 0, 0, 64, 0, 0]"
608.289288,Unknown Device,2,4,26,177,"[0, 0, 0, 226, 0, 16, 238, 255]"
608.289988,Unknown Device,2,5,32,736,"[0, 0, 251, 6, 0, 24, 64, 0]"
608.290671,Unknown Device,5,4,4,179,"[3, 0, 184, 220, 255, 63, 229, 38]"
608.291368,Unknown Device,5,4,11,179,"[0, 0, 200, 201, 255, 127, 78, 38]"
608.292003,Unknown Device,21,4,20,180,"[12, 0, 0, 128, 0, 9, 128, 1]"
608.292686,Unknown Device,5,4,10,179,"[2, 0, 208, 239, 255, 191, 126, 39]"
608.293376,Unknown Device,2,4,22,177,"[0, 0, 0, 98, 0, 16, 0, 0]"
608.294069,Unknown Device,2,4,22,183,"[0, 0, 0, 147, 0, 0, 0, 0]"
608.29481,Unknown Device,2,4,7,177,"[0, 0, 0, 226, 0, 16, 24, 0]"
608.295474,Unknown Device,2,4,7,183,"[0, 0, 192, 26, 255, 255, 0, 0]"
608.296167,Unknown Device,2,5,31,736,"[0, 0, 245, 6, 0, 24, 64, 0]"
608.296857,Unknown Device,5,4,13,179,"[1, 0, 152, 207, 255, 127, 123, 38]"
608.29754,Unknown Device,2,4,6,177,"[0, 0, 0, 98, 0, 16, 242, 255]"
608.29828,Unknown Device,2,4,6,183,"[8, 0, 64, 191, 255, 255, 0, 0]"
608.298943,Unknown Device,2,4,5,177,"[0, 0, 0, 98, 0, 16, 254, 255]"
608.299734,Unknown Device,2,4,5,183,"[0, 0, 128, 82, 0, 0, 0, 0]"
608.300424,Unknown Device,2,5,32,737,"[0, 0, 0, 0, 0, 64, 0, 0]"
608.301123,Unknown Device,5,4,4,179,"[2, 0, 168, 220, 255, 127, 229, 38]"
608.301806,Unknown Device,5,4,11,179,"[0, 0, 200, 201, 255, 191, 78, 38]"
608.302504,Unknown Device,21,4,20,195,"[241, 95, 7, 192, 1, 8, 0, 5]"
608.303273,Unknown Device,5,4,10,179,"[6, 0, 200, 239, 255, 191, 126, 39]"
608.303821,Unknown Device,2,4,22,177,"[0, 0, 0, 98, 0, 16, 249, 255]"
608.304454,Unknown,Unknown,Unknown,Unknown,992,"[35, 9, 98, 252, 34, 170, 0, 0]"
608.30516,Unknown Device,8,5,1,96,"[0, 0, 0, 0, 0, 0, 0, 192]"
608.305793,Unknown Device,8,5,1,97,"[0, 0, 0, 64, 0, 0, 0, 0]"
608.306497,Unknown Device,8,5,1,98,"[0, 4, 32, 0, 0, 0, 0, 0]"
608.307182,Unknown Device,5,4,13,179,"[0, 0, 152, 207, 255, 127, 123, 38]"
608.30788,Unknown Device,2,4,1,177,"[0, 0, 0, 98, 0, 16, 8, 0]"
608.308558,Unknown Device,2,5,30,737,"[0, 0, 0, 0, 0, 64, 0, 0]"
608.309271,Unknown Device,2,4,26,177,"[0, 0, 0, 226, 0, 16, 63, 0]"
608.309952,Unknown Device,2,5,32,736,"[0, 0, 250, 6, 0, 24, 64, 0]"
608.310645,Unknown Device,5,4,4,179,"[0, 0, 168, 220, 255, 127, 229, 38]"
608.31133,Unknown Device,5,4,11,179,"[3, 0, 208, 201, 255, 191, 78, 38]"
608.312025,Unknown Device,21,4,20,180,"[10, 0, 0, 128, 0, 9, 128, 1]"
608.312708,Unknown Device,5,4,10,179,"[52, 0, 208, 239, 255, 191, 126, 39]"
608.313393,Unknown Device,2,4,22,177,"[0, 0, 0, 98, 0, 16, 247, 255]"
608.314616,Unknown Device,2,4,22,183,"[0, 0, 0, 147, 0, 0, 0, 0]"
608.315292,Unknown Device,2,4,7,177,"[0, 0, 0, 226, 0, 16, 251, 255]"
608.315916,Unknown Device,2,4,7,183,"[0, 0, 192, 26, 255, 255, 0, 0]"
608.316693,Unknown Device,2,5,31,736,"[0, 0, 245, 6, 0, 24, 64, 0]"
608.319875,Unknown Device,2,4,4,177,"[0, 0, 0, 98, 0, 16, 20, 0]"
608.320539,Unknown Device,2,4,2,183,"[12, 0, 32, 64, 255, 255, 0, 0]"
608.321266,Unknown Device,5,4,11,179,"[3, 0, 208, 201, 255, 191, 78, 38]"
608.322025,Unknown Device,21,4,20,180,"[10, 0, 0, 128, 0, 9, 128, 1]"
608.322732,Unknown Device,21,4,20,195,"[241, 95, 7, 192, 1, 4, 0, 5]"
608.323418,Unknown Device,5,4,10,179,"[244, 255, 207, 239, 255, 127, 126, 39]"
608.324111,Unknown Device,2,4,22,177,"[0, 0, 0, 98, 0, 16, 3, 0]"
608.324793,Unknown Device,8,5,1,96,"[0, 0, 0, 0, 0, 0, 0, 192]"
608.325412,Unknown Device,8,5,1,97,"[0, 0, 0, 64, 0, 0, 0, 0]"
608.326104,Unknown Device,2,4,7,177,"[0, 0, 0, 226, 0, 16, 19, 0]"
608.326787,Unknown Device,2,5,31,737,"[0, 0, 0, 0, 0, 64, 0, 0]"
608.327405,Unknown Device,2,4,6,177,"[0, 0, 0, 98, 0, 16, 240, 255]"
608.32809,Unknown Device,2,4,1,177,"[0, 0, 0, 98, 0, 16, 9, 0]"
608.328773,Unknown Device,2,4,5,177,"[0, 0, 0, 98, 0, 16, 238, 255]"
608.329527,Unknown Device,5,4,12,179,"[0, 0, 8, 208, 255, 191, 128, 38]"
608.33026,Unknown Device,2,5,32,736,"[0, 0, 250, 6, 0, 24, 64, 0]"
608.33091,Unknown Device,5,4,4,179,"[5, 0, 184, 220, 255, 127, 229, 38]"
608.331607,Unknown Device,5,4,11,179,"[3, 0, 208, 201, 255, 191, 78, 38]"
608.332297,Unknown Device,21,4,20,180,"[11, 0, 0, 128, 0, 9, 128, 1]"
608.332989,Unknown Device,5,4,10,179,"[2, 0, 200, 239, 255, 191, 126, 39]"
608.333636,Unknown Device,2,4,22,177,"[0, 0, 0, 98, 0, 16, 250, 255]"
608.334326,Unknown Device,2,4,22,183,"[0, 0, 0, 147, 0, 0, 0, 0]"
608.334964,Unknown Device,2,4,7,177,"[0, 0, 0, 226, 0, 16, 21, 0]"
608.335654,Unknown,Unknown,Unknown,Unknown,992,"[211, 103, 135, 46, 222, 213, 0, 0]"
608.336286,Unknown Device,2,4,7,183,"[0, 0, 192, 26, 255, 255, 0, 0]"
608.336971,Unknown Device,2,5,31,736,"[0, 0, 245, 6, 0, 24, 64, 0]"
608.337597,Unknown Device,2,4,4,183,"[12, 0, 64, 39, 255, 255, 0, 0]"
608.338402,Unknown Device,2,4,8,183,"[0, 0, 96, 62, 255, 255, 0, 0]"
608.339058,Unknown Device,2,4,3,177,"[0, 0, 0, 226, 0, 16, 202, 255]"
608.339748,Unknown Device,2,4,26,183,"[0, 0, 192, 162, 0, 0, 0, 0]"
608.340431,Unknown Device,5,4,12,179,"[3, 0, 8, 208, 255, 191, 128, 38]"
608.341066,Unknown Device,5,4,4,179,"[253, 255, 167, 220, 255, 63, 229, 38]"
608.341748,Unknown Device,5,4,11,179,"[3, 0, 208, 201, 255, 191, 78, 38]"
608.342431,Unknown Device,21,4,20,196,"[31, 255, 234, 0, 33, 127, 0, 0]"
608.343138,Unknown Device,21,4,20,200,"[220, 255, 96, 0, 184, 64, 0, 4]"
608.343835,Unknown Device,5,4,10,179,"[2, 0, 200, 239, 255, 191, 126, 39]"
608.344525,Unknown Device,2,4,22,177,"[0, 0, 0, 98, 0, 16, 250, 255]"
608.345257,Unknown Device,8,5,1,96,"[0, 0, 0, 0, 0, 0, 0, 192]"
608.345929,Unknown Device,8,5,1,97,"[0, 0, 0, 64, 0, 0, 0, 0]"
608.346619,Unknown Device,2,5,31,736,"[0, 0, 245, 6, 0, 24, 64, 0]"
608.347258,Unknown Device,2,4,4,177,"[0, 0, 0, 98, 0, 16, 20, 0]"
608.347922,Unknown Device,2,4,1,177,"[0, 0, 0, 98, 0, 16, 240, 255]"
608.348612,Unknown Device,2,4,3,177,"[0, 0, 0, 226, 0, 16, 213, 255]"
608.349258,Unknown Device,2,4,26,177,"[0, 0, 0, 226, 0, 16, 74, 0]"
608.349915,Unknown Device,5,4,12,179,"[3, 0, 8, 208, 255, 191, 128, 38]"
608.350598,Unknown Device,5,4,4,179,"[12, 0, 192, 220, 255, 191, 229, 38]"
608.351251,Unknown Device,5,4,11,179,"[3, 0, 208, 201, 255, 191, 78, 38]"
608.351901,Unknown Device,21,4,20,180,"[13, 0, 0, 128, 0, 9, 128, 1]"
608.352586,Unknown Device,5,4,10,179,"[2, 0, 208, 239, 255, 191, 126, 39]"
608.35339,Unknown Device,2,4,22,177,"[0, 0, 0, 98, 0, 16, 0, 0]"
608.353979,Unknown Device,2,4,22,183,"[0, 0, 0, 147, 0, 0, 0, 0]"
608.354788,Unknown Device,2,4,7,177,"[0, 0, 0, 226, 0, 16, 4, 0]"
608.355133,Unknown Device,2,4,7,183,"[0, 0, 192, 26, 255, 255, 0, 0]"
608.35589,Unknown Device,2,5,31,736,"[0, 0, 245, 6, 0, 24, 64, 0]"
608.356575,Unknown Device,5,4,13,179,"[0, 0, 152, 207, 255, 191, 123, 38]"
608.357282,Unknown Device,2,4,8,177,"[0, 0, 0, 98, 0, 16, 235, 255]"
608.35797,Unknown Device,2,4,1,177,"[0, 0, 0, 98, 0, 16, 240, 255]"
608.358663,Unknown Device,2,4,1,183,"[0, 0, 0, 189, 255, 255, 0, 0]"
608.359376,Unknown Device,2,4,26,177,"[0, 0, 0, 226, 0, 16, 23, 0]"
608.360064,Unknown Device,2,5,32,737,"[0, 0, 0, 0, 0, 64, 0, 0]"
608.36075,Unknown Device,5,4,12,179,"[53, 0, 16, 208, 255, 191, 128, 38]"
608.361442,Unknown Device,5,4,11,179,"[3, 0, 208, 201, 255, 191, 78, 38]"
608.36213,Unknown Device,21,4,20,180,"[14, 0, 0, 144, 0, 9, 128, 1]"
608.362808,Unknown Device,21,4,20,195,"[241, 95, 7, 192, 1, 8, 0, 5]"
608.36343,Unknown Device,5,4,10,179,"[2, 0, 208, 239, 255, 191, 126, 39]"
608.364118,Unknown Device,2,4,22,177,"[0, 0, 0, 98, 0, 16, 1, 0]"
608.36479,Unknown,Unknown,Unknown,Unknown,992,"[255, 180, 164, 51, 122, 200, 0, 0]"
608.36544,Unknown Device,8,5,1,96,"[0, 0, 0, 0, 0, 0, 0, 192]"
608.366036,Unknown Device,8,5,1,97,"[0, 0, 0, 64, 0, 0, 0, 0]"
608.366736,Unknown Device,2,5,31,737,"[0, 0, 0, 0, 0, 64, 0, 0]"
608.367372,Unknown Device,2,4,4,177,"[0, 0, 0, 98, 0, 16, 254, 255]"
608.368052,Unknown Device,5,4,4,194,"[181, 192, 0, 0, 0, 0, 0, 0]"
608.368745,Unknown Device,2,4,5,177,"[0, 0, 0, 98, 0, 16, 255, 255]"
608.369464,Unknown Device,5,4,4,285,"[0, 0, 0, 0, 0, 0, 0, 0]"
608.370049,Unknown Device,2,5,32,736,"[0, 0, 250, 6, 0, 24, 64, 0]"
608.370696,Unknown Device,5,4,4,179,"[251, 255, 167, 220, 255, 63, 229, 38]"
608.371357,Unknown Device,5,4,11,179,"[3, 0, 208, 201, 255, 191, 78, 38]"
608.372049,Unknown Device,21,4,20,180,"[14, 0, 0, 144, 0, 9, 128, 1]"
608.372743,Unknown Device,5,4,10,179,"[209, 255, 207, 239, 255, 127, 126, 39]"
608.373433,Unknown Device,2,4,22,177,"[0, 0, 0, 98, 0, 16, 253, 255]"
608.374119,Unknown Device,2,4,22,183,"[0, 0, 0, 147, 0, 0, 0, 0]"
608.374809,Unknown Device,2,4,7,177,"[0, 0, 0, 226, 0, 16, 18, 0]"
608.375387,Unknown Device,2,4,7,183,"[0, 0, 192, 26, 255, 255, 0, 0]"
608.376029,Unknown Device,2,5,31,736,"[0, 0, 245, 6, 0, 24, 64, 0]"
608.376719,Unknown Device,2,4,8,177,"[0, 0, 0, 98, 0, 16, 228, 255]"
608.377416,Unknown Device,2,4,6,177,"[0, 0, 0, 98, 0, 16, 8, 0]"
608.378101,Unknown Device,2,4,6,183,"[68, 255, 63, 191, 255, 255, 0, 0]"
608.378791,Unknown Device,2,4,3,177,"[0, 0, 0, 226, 0, 16, 227, 255]"
608.379431,Unknown Device,2,4,3,183,"[0, 0, 192, 245, 255, 255, 0, 0]"
608.380123,Unknown Device,5,4,12,179,"[3, 0, 8, 208, 255, 191, 128, 38]"
608.380885,Unknown Device,5,4,4,179,"[3, 0, 184, 220, 255, 127, 229, 38]"
608.381582,Unknown Device,5,4,11,179,"[3, 0, 208, 201, 255, 191, 78, 38]"
608.382271,Unknown Device,21,4,20,195,"[241, 95, 7, 192, 1, 8, 0, 5]"
608.382966,Unknown Device,5,4,10,179,"[2, 0, 200, 239, 255, 191, 126, 39]"
608.383577,Unknown Device,2,4,22,177,"[0, 0, 0, 98, 0, 16, 253, 255]"
608.384274,Unknown,Unknown,Unknown,Unknown,992,"[17, 11, 184, 93, 35, 155, 0, 0]"
608.384952,Unknown Device,8,5,1,96,"[0, 0, 0, 0, 0, 0, 0, 192]"
608.385642,Unknown Device,8,5,1,97,"[0, 0, 0, 64, 0, 0, 0, 0]"
608.386267,Unknown Device,2,4,7,177,"[0, 0, 0, 226, 0, 16, 12, 0]"
608.386989,Unknown Device,2,4,8,177,"[0, 0, 0, 98, 0, 16, 230, 255]"
608.387628,Unknown Device,8,5,1,100,"[137, 6, 144, 128, 0, 28, 0, 0]"
608.388318,Unknown Device,2,5,30,736,"[0, 0, 246, 6, 0, 22, 64, 0]"
608.389003,Unknown Device,2,4,26,177,"[0, 0, 0, 226, 0, 16, 248, 255]"
608.389715,Unknown Device,5,4,12,179,"[247, 255, 15, 208, 255, 127, 128, 38]"
608.390405,Unknown Device,5,4,12,194,"[171, 192, 200, 123, 24, 0, 0, 0]"
608.391097,Unknown Device,5,4,4,179,"[251, 255, 167, 220, 255, 127, 229, 38]"
608.391737,Unknown Device,5,4,11,209,"[0, 0, 0, 0, 0, 0, 0, 0]"
608.392427,Unknown Device,5,4,11,285,"[0, 0, 0, 0, 24, 0, 0, 0]"
608.393119,Unknown Device,5,4,10,179,"[2, 0, 208, 239, 255, 191, 126, 39]"
608.393809,Unknown Device,5,4,10,209,"[0, 0, 253, 255, 255, 7, 0, 0]"
608.394492,Unknown Device,5,4,10,431,"[0, 0, 0, 1, 1, 26, 19, 0]"
608.395232,Unknown Device,5,4,10,285,"[0, 0, 0, 0, 24, 0, 0, 0]"
608.39581,Unknown Device,2,4,7,177,"[0, 0, 0, 226, 0, 16, 20, 0]"
608.3965,Unknown Device,2,5,31,736,"[0, 0, 245, 6, 0, 24, 64, 0]"
608.397232,Unknown Device,2,4,8,177,"[0, 0, 0, 98, 0, 16, 247, 255]"
608.397882,Unknown Device,2,4,6,183,"[8, 0, 64, 191, 255, 255, 0, 0]"
608.398567,Unknown Device,2,4,1,183,"[0, 0, 0, 189, 255, 255, 0, 0]"
608.399252,Unknown Device,2,4,26,177,"[0, 0, 0, 226, 0, 16, 32, 0]"
608.399884,Unknown Device,2,5,32,737,"[0, 0, 0, 0, 0, 64, 0, 0]"
608.40057,Unknown,Unknown,Unknown,Unknown,992,"[59, 200, 23, 251, 31, 236, 0, 0]"
608.401326,Unknown Device,5,4,11,179,"[53, 0, 208, 201, 255, 191, 78, 38]"
608.402028,Unknown Device,21,4,20,180,"[13, 0, 0, 144, 0, 9, 128, 1]"
608.402735,Unknown Device,21,4,20,195,"[241, 95, 7, 192, 1, 8, 0, 5]"
608.403428,Unknown,Unknown,Unknown,Unknown,992,"[240, 135, 118, 80, 211, 239, 0, 0]"
608.404045,Unknown Device,2,4,22,177,"[0, 0, 0, 98, 0, 16, 0, 0]"
608.404737,Unknown Device,8,5,1,96,"[0, 0, 0, 0, 0, 0, 0, 192]"
608.405409,Unknown Device,8,5,1,97,"[0, 0, 0, 64, 0, 0, 0, 0]"
608.406103,Unknown Device,2,4,7,177,"[0, 0, 0, 226, 0, 16, 18, 0]"
608.406789,Unknown Device,2,5,31,737,"[0, 0, 0, 0, 0, 64, 0, 0]"
608.407475,Unknown Device,2,4,4,177,"[0, 0, 0, 98, 0, 16, 17, 0]"
608.408223,Unknown Device,8,5,1,100,"[138, 6, 144, 128, 0, 28, 0, 0]"
608.408862,Unknown Device,2,4,5,177,"[0, 0, 0, 98, 0, 16, 254, 255]"
608.409548,Unknown Device,5,4,12,179,"[53, 0, 24, 208, 255, 191, 128, 38]"
608.410247,Unknown Device,2,5,32,736,"[0, 0, 250, 6, 0, 24, 64, 0]"
608.410935,Unknown Device,5,4,4,179,"[254, 255, 167, 220, 255, 191, 229, 38]"
608.411621,Unknown Device,5,4,11,179,"[3, 0, 208, 201, 255, 191, 78, 38]"
608.412242,Unknown Device,21,4,20,180,"[12, 0, 0, 144, 0, 9, 128, 1]"
608.412931,Unknown Device,5,4,10,179,"[2, 0, 208, 239, 255, 191, 126, 39]"
608.413567,Unknown Device,2,4,22,177,"[0, 0, 0, 98, 0, 16, 248, 255]"
608.414221,Unknown Device,2,4,22,183,"[0, 0, 0, 147, 0, 0, 0, 0]"
608.414811,Unknown Device,2,4,7,177,"[0, 0, 0, 226, 0, 16, 13, 0]"
608.415411,Unknown Device,2,4,7,183,"[0, 0, 192, 26, 255, 255, 0, 0]"
608.416002,Unknown Device,5,4,13,179,"[210, 255, 159, 207, 255, 127, 123, 38]"
608.416563,Unknown Device,2,4,8,177,"[0, 0, 0, 98, 0, 16, 241, 255]"
608.417119,Unknown Device,2,4,4,177,"[0, 0, 0, 98, 0, 16, 30, 0]"
608.417672,Unknown Device,2,4,1,177,"[0, 0, 0, 98, 0, 16, 3, 0]"
608.418247,Unknown,Unknown,Unknown,Unknown,992,"[199, 204, 68, 217, 244, 84, 0, 0]"
608.418803,Unknown Device,2,4,26,177,"[0, 0, 0, 226, 0, 16, 251, 255]"
608.4194,Unknown Device,2,4,5,183,"[0, 0, 128, 82, 0, 0, 0, 0]"
608.419998,Unknown Device,5,4,12,179,"[3, 0, 16, 208, 255, 191, 128, 38]"
608.420545,Unknown Device,5,4,4,179,"[2, 0, 168, 220, 255, 127, 229, 38]"
608.4211,Unknown Device,5,4,11,179,"[3, 0, 208, 201, 255, 191, 78, 38]"
608.421675,Unknown Device,21,4,20,180,"[12, 0, 0, 144, 0, 9, 128, 1]"
608.422279,Unknown Device,21,4,20,195,"[241, 95, 7, 192, 1, 8, 0, 5]"
608.422828,Unknown Device,5,4,10,179,"[2, 0, 208, 239, 255, 191, 126, 39]"
608.423417,Unknown Device,2,4,22,177,"[0, 0, 0, 98, 0, 16, 7, 0]"
608.423985,Unknown Device,8,5,1,96,"[0, 0, 0, 0, 0, 0, 0, 192]"
608.424556,Unknown Device,8,5,1,97,"[0, 0, 0, 64, 0, 0, 0, 0]"
608.42511,Unknown Device,2,4,7,177,"[0, 0, 0, 226, 0, 16, 254, 255]"
608.425714,Unknown Device,8,5,1,98,"[0, 8, 32, 0, 0, 0, 0, 0]"
608.426325,Unknown Device,2,5,31,736,"[0, 0, 245, 6, 0, 24, 64, 0]"
608.426931,Unknown Device,5,4,13,179,"[3, 0, 152, 207, 255, 191, 123, 38]"
608.427556,Unknown Device,2,4,2,177,"[0, 0, 0, 98, 0, 16, 0, 0]"
608.428217,Unknown Device,2,5,30,736,"[0, 0, 246, 6, 0, 22, 64, 0]"
608.428802,Unknown Device,2,4,26,177,"[0, 0, 0, 226, 0, 16, 233, 255]"
608.429413,Unknown Device,2,5,32,736,"[0, 0, 249, 6, 0, 24, 64, 0]"
608.430014,Unknown Device,5,4,4,179,"[7, 0, 176, 220, 255, 127, 229, 38]"
608.430625,Unknown Device,5,4,11,179,"[3, 0, 208, 201, 255, 191, 78, 38]"
608.431215,Unknown Device,21,4,20,180,"[12, 0, 0, 144, 0, 9, 128, 1]"
608.432385,Unknown Device,5,4,10,179,"[243, 255, 207, 239, 255, 191, 126, 39]"
608.432546,Unknown Device,2,4,22,177,"[0, 0, 0, 98, 0, 16, 4, 0]"
608.433217,Unknown Device,2,4,22,183,"[0, 0, 0, 147, 0, 0, 0, 0]"
608.434669,Unknown,Unknown,Unknown,Unknown,992,"[251, 53, 154, 204, 168, 106, 0, 0]"
608.434813,Unknown Device,2,4,7,177,"[0, 0, 0, 226, 0, 16, 8, 0]"
608.435136,Unknown Device,2,4,7,183,"[0, 0, 192, 26, 255, 255, 0, 0]"
608.435833,Unknown Device,2,5,31,736,"[0, 0, 245, 6, 0, 24, 64, 0]"
608.436516,Unknown Device,5,4,13,179,"[3, 0, 152, 207, 255, 127, 123, 38]"
608.437213,Unknown Device,2,4,8,177,"[0, 0, 0, 98, 0, 16, 247, 255]"
608.437899,Unknown Device,2,4,1,177,"[0, 0, 0, 98, 0, 16, 4, 0]"
608.438596,Unknown Device,2,4,1,183,"[0, 0, 0, 189, 255, 255, 0, 0]"
608.439279,Unknown Device,2,4,3,183,"[0, 0, 192, 245, 255, 255, 0, 0]"
608.439971,Unknown Device,2,5,32,737,"[0, 0, 0, 0, 0, 64, 0, 0]"
608.440654,Unknown Device,5,4,4,179,"[2, 0, 168, 220, 255, 191, 229, 38]"
608.441351,Unknown Device,5,4,11,179,"[3, 0, 208, 201, 255, 191, 78, 38]"
608.442036,Unknown Device,21,4,20,180,"[13, 0, 0, 144, 0, 9, 128, 1]"
608.442726,Unknown Device,21,4,20,200,"[96, 255, 164, 0, 212, 64, 0, 4]"
608.443414,Unknown Device,5,4,10,179,"[2, 0, 200, 239, 255, 191, 126, 39]"
608.444116,Unknown Device,2,4,22,285,"[0, 0, 0, 0, 0, 0, 128, 0]"
608.444801,Unknown Device,2,4,22,177,"[0, 0, 0, 98, 0, 16, 250, 255]"
608.445501,Unknown Device,8,5,1,97,"[0, 0, 0, 64, 0, 0, 0, 0]"
608.446207,Unknown Device,2,4,22,185,"[0, 0, 0, 0, 0, 0, 0, 128]"
608.446882,Unknown Device,8,5,1,98,"[0, 8, 32, 0, 0, 0, 0, 0]"
608.44756,Unknown Device,5,4,13,179,"[3, 0, 152, 207, 255, 127, 123, 38]"
608.448259,Unknown Device,8,5,1,100,"[138, 6, 144, 128, 0, 28, 0, 0]"
608.448947,Unknown Device,2,4,26,177,"[0, 0, 0, 226, 0, 16, 251, 255]"
608.449668,Unknown Device,2,5,32,736,"[0, 0, 250, 6, 0, 24, 64, 0]"
608.450354,Unknown Device,5,4,4,179,"[2, 0, 168, 220, 255, 191, 229, 38]"
608.45107,Unknown Device,5,4,11,179,"[3, 0, 208, 201, 255, 191, 78, 38]"
608.451748,Unknown Device,21,4,20,180,"[14, 0, 0, 144, 0, 9, 128, 1]"
608.452445,Unknown Device,5,4,10,179,"[2, 0, 200, 239, 255, 191, 126, 39]"
608.453201,Unknown Device,2,4,22,177,"[0, 0, 0, 98, 0, 16, 253, 255]"
608.453854,Unknown Device,2,4,22,183,"[0, 0, 0, 147, 0, 0, 0, 0]"
608.454723,Unknown Device,2,4,7,177,"[0, 0, 0, 226, 0, 16, 18, 0]"
608.455242,Unknown Device,2,4,7,183,"[0, 0, 192, 26, 255, 255, 0, 0]"
608.455924,Unknown Device,2,5,31,736,"[0, 0, 245, 6, 0, 24, 64, 0]"
608.456617,Unknown Device,5,4,13,179,"[3, 0, 152, 207, 255, 127, 123, 38]"
608.457295,Unknown Device,2,4,8,183,"[12, 0, 96, 62, 255, 255, 0, 0]"
608.457997,Unknown Device,2,4,1,177,"[0, 0, 0, 98, 0, 16, 7, 0]"
608.458682,Unknown Device,2,4,1,183,"[0, 0, 0, 189, 255, 255, 0, 0]"
608.45938,Unknown Device,2,4,5,183,"[0, 0, 128, 82, 0, 0, 0, 0]"
608.460065,Unknown Device,5,4,12,179,"[52, 0, 24, 208, 255, 191, 128, 38]"
608.460755,Unknown Device,5,4,4,179,"[255, 255, 167, 220, 255, 191, 229, 38]"
608.461445,Unknown Device,5,4,11,179,"[3, 0, 208, 201, 255, 191, 78, 38]"
608.462199,Unknown Device,21,4,20,180,"[14, 0, 0, 144, 0, 9, 128, 1]"
608.462849,Unknown Device,21,4,20,195,"[241, 95, 7, 192, 1, 8, 0, 5]"
608.463539,Unknown Device,5,4,10,179,"[2, 0, 200, 239, 255, 191, 126, 39]"
608.464228,Unknown Device,2,4,22,177,"[0, 0, 0, 98, 0, 16, 248, 255]"
608.464921,Unknown Device,8,5,1,96,"[0, 0, 0, 0, 0, 0, 0, 192]"
608.465604,Unknown Device,8,5,1,97,"[0, 0, 0, 64, 0, 0, 0, 0]"
608.466301,Unknown Device,2,4,7,431,"[0, 0, 0, 0, 1, 26, 19, 0]"
608.466979,Unknown Device,5,4,13,179,"[3, 0, 152, 207, 255, 127, 123, 38]"
608.467676,Unknown Device,2,4,7,181,"[249, 127, 0, 192, 90, 20, 25, 20]"
608.468359,Unknown Device,2,4,4,193,"[0, 243, 199, 46, 0, 0, 0, 0]"
608.469059,Unknown Device,2,4,8,177,"[0, 0, 0, 98, 0, 16, 239, 255]"
608.469741,Unknown Device,2,4,2,193,"[0, 243, 199, 46, 0, 0, 0, 0]"
608.470439,Unknown Device,2,4,4,185,"[0, 0, 0, 0, 0, 0, 0, 128]"
608.4712,Unknown Device,2,4,8,185,"[0, 0, 0, 0, 0, 0, 0, 128]"
608.471857,Unknown Device,2,4,2,185,"[0, 0, 0, 0, 0, 0, 0, 128]"
608.47254,Unknown Device,2,4,2,187,"[0, 0, 4, 0, 0, 0, 0, 0]"
608.473236,Unknown Device,2,4,6,431,"[0, 0, 0, 0, 1, 26, 19, 0]"
608.473929,Unknown Device,2,4,1,181,"[253, 127, 0, 0, 91, 18, 24, 20]"
608.474619,Unknown Device,2,4,1,182,"[0, 0, 0, 189, 255, 255, 0, 0]"
608.475302,Unknown Device,2,4,6,285,"[128, 0, 0, 0, 128, 11, 192, 0]"
608.476002,Unknown Device,2,4,5,181,"[251, 127, 0, 192, 90, 19, 24, 21]"
608.476684,Unknown Device,2,4,5,182,"[0, 0, 128, 82, 0, 0, 0, 0]"
608.477389,Unknown Device,2,4,4,177,"[0, 0, 0, 98, 0, 16, 46, 0]"
608.478074,Unknown Device,2,4,1,183,"[0, 0, 0, 189, 255, 255, 0, 0]"
608.478778,Unknown Device,2,4,3,177,"[0, 0, 0, 226, 0, 16, 204, 255]"
608.479461,Unknown Device,2,5,30,736,"[0, 0, 247, 6, 0, 22, 64, 0]"
608.480193,Unknown Device,2,4,5,183,"[0, 0, 128, 82, 0, 0, 0, 0]"
608.480858,Unknown Device,2,4,6,182,"[0, 0, 192, 61, 0, 0, 0, 0]"
608.481555,Unknown Device,2,5,32,737,"[0, 0, 0, 0, 0, 64, 0, 0]"
608.482244,Unknown Device,2,4,6,186,"[8, 0, 0, 0, 0, 0, 0, 0]"
608.482923,Unknown Device,2,4,26,186,"[12, 0, 0, 0, 0, 0, 0, 0]"
608.483641,Unknown Device,2,4,6,183,"[8, 0, 32, 191, 255, 255, 0, 0]"
608.484339,Unknown,Unknown,Unknown,Unknown,992,"[153, 78, 20, 219, 26, 246, 0, 0]"
608.485031,Unknown Device,8,5,1,100,"[138, 6, 144, 128, 0, 28, 0, 0]"
608.485728,Unknown Device,8,5,1,97,"[0, 0, 0, 64, 0, 0, 0, 0]"
608.486411,Unknown Device,8,5,1,98,"[0, 4, 32, 0, 0, 0, 0, 0]"
608.48711,Unknown Device,5,4,13,179,"[3, 0, 152, 207, 255, 127, 123, 38]"
608.487793,Unknown Device,2,4,2,177,"[0, 0, 0, 98, 0, 16, 248, 255]"
608.488487,Unknown Device,2,5,30,737,"[0, 0, 0, 0, 0, 64, 0, 0]"
608.489186,Unknown Device,2,4,26,177,"[0, 0, 0, 226, 0, 16, 245, 255]"
608.489882,Unknown Device,2,5,32,736,"[0, 0, 250, 6, 0, 24, 64, 0]"
608.49056,Unknown Device,5,4,4,179,"[19, 0, 192, 220, 255, 191, 229, 38]"
608.491259,Unknown Device,5,4,11,179,"[0, 0, 200, 201, 255, 191, 78, 38]"
608.491941,Unknown Device,21,4,20,431,"[0, 0, 0, 0, 1, 26, 19, 0]"
608.492633,Unknown Device,21,4,20,198,"[2, 0, 240, 255, 255, 0, 0, 144]"
608.493319,Unknown Device,21,4,20,206,"[201, 255, 93, 0, 108, 2, 0, 0]"
608.494014,Unknown Device,2,4,22,177,"[0, 0, 0, 98, 0, 16, 253, 255]"
608.494692,Unknown,Unknown,Unknown,Unknown,992,"[79, 23, 16, 159, 35, 27, 0, 0]"
608.495393,Unknown Device,2,4,7,177,"[0, 0, 0, 226, 0, 16, 31, 0]"
608.496073,Unknown Device,2,4,7,183,"[0, 0, 192, 26, 255, 255, 0, 0]"
608.496773,Unknown Device,5,4,13,179,"[3, 0, 152, 207, 255, 127, 123, 38]"
608.497459,Unknown Device,2,4,4,177,"[0, 0, 0, 98, 0, 16, 46, 0]"
608.498186,Unknown Device,2,4,1,183,"[0, 0, 0, 189, 255, 255, 0, 0]"
608.498804,Unknown Device,2,4,3,177,"[0, 0, 0, 226, 0, 16, 213, 255]"
608.499503,Unknown Device,2,4,3,183,"[0, 0, 192, 245, 255, 255, 0, 0]"
608.500188,Unknown Device,2,5,32,737,"[0, 0, 0, 0, 0, 64, 0, 0]"
608.501046,Unknown Device,5,4,4,179,"[9, 0, 184, 220, 255, 191, 229, 38]"
608.501746,Unknown Device,5,4,11,179,"[3, 0, 200, 201, 255, 191, 78, 38]"
608.502446,Unknown Device,21,4,20,195,"[241, 95, 7, 192, 1, 8, 0, 5]"
608.50318,Unknown Device,5,4,10,179,"[1, 0, 192, 239, 255, 127, 126, 39]"
608.503833,Unknown Device,2,4,22,177,"[0, 0, 0, 98, 0, 16, 1, 0]"
608.504519,Unknown Device,8,5,1,96,"[0, 0, 0, 0, 0, 0, 0, 192]"
608.505222,Unknown Device,8,5,1,97,"[0, 0, 0, 64, 0, 0, 0, 0]"
608.505908,Unknown Device,2,4,7,177,"[0, 0, 0, 226, 0, 16, 17, 0]"
608.506612,Unknown Device,2,5,31,736,"[0, 0, 245, 6, 0, 24, 64, 0]"
608.507295,Unknown Device,2,4,4,177,"[0, 0, 0, 98, 0, 16, 14, 0]"
608.507987,Unknown Device,2,4,1,177,"[0, 0, 0, 98, 0, 16, 251, 255]"
608.508677,Unknown Device,2,4,5,177,"[0, 0, 0, 98, 0, 16, 7, 0]"
608.509339,Unknown Device,5,4,12,179,"[2, 0, 8, 208, 255, 191, 128, 38]"
608.510016,Unknown Device,2,5,32,736,"[0, 0, 250, 6, 0, 24, 64, 0]"
608.510721,Unknown Device,5,4,4,179,"[3, 0, 168, 220, 255, 191, 229, 38]"
608.511396,Unknown Device,5,4,11,179,"[0, 0, 200, 201, 255, 127, 78, 38]"
608.512096,Unknown Device,21,4,20,180,"[14, 0, 0, 144, 0, 9, 128, 1]"
608.512781,Unknown Device,5,4,10,179,"[1, 0, 200, 239, 255, 127, 126, 39]"
608.5135,Unknown Device,2,4,22,177,"[0, 0, 0, 98, 0, 16, 249, 255]"
608.514203,Unknown Device,2,4,22,183,"[0, 0, 0, 147, 0, 0, 0, 0]"
608.514901,Unknown Device,2,4,7,177,"[0, 0, 0, 226, 0, 16, 26, 0]"
608.515577,Unknown Device,2,4,7,183,"[0, 0, 192, 26, 255, 255, 0, 0]"
608.516274,Unknown Device,2,5,31,736,"[0, 0, 245, 6, 0, 24, 64, 0]"
608.516959,Unknown Device,2,4,8,177,"[0, 0, 0, 98, 0, 16, 237, 255]"
608.517657,Unknown Device,2,4,6,183,"[4, 0, 32, 191, 255, 255, 0, 0]"
608.518339,Unknown Device,2,4,8,183,"[12, 0, 96, 62, 255, 255, 0, 0]"
608.519039,Unknown Device,2,4,26,177,"[0, 0, 0, 226, 0, 16, 1, 0]"
608.519722,Unknown Device,2,4,5,183,"[0, 0, 128, 82, 0, 0, 0, 0]"
608.520419,Unknown Device,5,4,12,179,"[2, 0, 8, 208, 255, 191, 128, 38]"
608.521173,Unknown Device,5,4,4,179,"[7, 0, 184, 220, 255, 127, 229, 38]"
608.521808,Unknown Device,5,4,11,179,"[2, 0, 200, 201, 255, 191, 78, 38]"
608.522498,Unknown Device,21,4,20,195,"[241, 95, 7, 192, 1, 8, 0, 5]"
608.523187,Unknown Device,5,4,10,179,"[1, 0, 200, 239, 255, 191, 126, 39]"
608.523873,Unknown Device,2,4,22,177,"[0, 0, 0, 98, 0, 16, 9, 0]"
608.524572,Unknown Device,8,5,1,96,"[0, 0, 0, 0, 0, 0, 0, 192]"
608.525254,Unknown Device,8,5,1,97,"[0, 0, 0, 64, 0, 0, 0, 0]"
608.525954,Unknown Device,2,4,7,177,"[0, 0, 0, 226, 0, 16, 19, 0]"
608.52663,Unknown Device,2,5,31,737,"[0, 0, 0, 0, 0, 64, 0, 0]"
608.527327,Unknown Device,2,4,4,177,"[0, 0, 0, 98, 0, 16, 12, 0]"
608.528019,Unknown Device,2,4,1,177,"[0, 0, 0, 98, 0, 16, 251, 255]"
608.528716,Unknown Device,2,4,3,177,"[0, 0, 0, 226, 0, 16, 229, 255]"
608.529406,Unknown Device,5,4,12,179,"[2, 0, 8, 208, 255, 127, 128, 38]"
608.530167,Unknown Device,2,5,32,736,"[0, 0, 250, 6, 0, 24, 64, 0]"
608.530796,Unknown Device,5,4,4,179,"[5, 0, 184, 220, 255, 127, 229, 38]"
608.5315,Unknown Device,5,4,11,179,"[21, 0, 216, 201, 255, 127, 78, 38]"
608.532175,Unknown Device,21,4,20,180,"[14, 0, 0, 144, 0, 9, 128, 1]"
608.532876,Unknown Device,5,4,10,179,"[1, 0, 200, 239, 255, 63, 126, 39]"
608.533561,Unknown Device,2,4,22,177,"[0, 0, 0, 98, 0, 16, 253, 255]"
608.53426,Unknown Device,2,4,22,183,"[0, 0, 0, 147, 0, 0, 0, 0]"
608.534946,Unknown Device,2,4,7,177,"[0, 0, 0, 226, 0, 16, 25, 0]"
608.535645,Unknown Device,2,4,7,183,"[0, 0, 192, 26, 255, 255, 0, 0]"
608.536324,Unknown Device,2,5,31,736,"[0, 0, 245, 6, 0, 24, 64, 0]"
608.537026,Unknown Device,5,4,13,179,"[3, 0, 152, 207, 255, 127, 123, 38]"
608.537711,Unknown Device,2,4,2,177,"[0, 0, 0, 98, 0, 16, 0, 0]"
608.538404,Unknown Device,2,5,30,736,"[0, 0, 247, 6, 0, 22, 64, 0]"
608.539084,Unknown Device,2,4,26,177,"[0, 0, 0, 226, 0, 16, 10, 0]"
608.539805,Unknown Device,2,4,26,183,"[0, 0, 192, 162, 0, 0, 0, 0]"
608.540491,Unknown Device,2,5,32,737,"[0, 0, 0, 0, 0, 64, 0, 0]"
608.541197,Unknown Device,5,4,4,179,"[2, 0, 168, 220, 255, 191, 229, 38]"
608.541885,Unknown Device,5,4,11,179,"[2, 0, 200, 201, 255, 191, 78, 38]"
608.542585,Unknown Device,21,4,20,199,"[238, 255, 47, 0, 0, 251, 255, 15]"
608.543263,Unknown Device,21,4,20,200,"[92, 255, 144, 0, 168, 64, 0, 4]"
608.543951,Unknown Device,2,4,22,177,"[0, 0, 0, 98, 0, 16, 246, 255]"
608.544644,Unknown Device,8,5,1,96,"[0, 0, 0, 0, 0, 0, 0, 192]"
608.545336,Unknown Device,8,5,1,97,"[0, 0, 0, 64, 0, 0, 0, 0]"
608.546017,Unknown,Unknown,Unknown,Unknown,992,"[61, 213, 94, 147, 201, 203, 0, 0]"
608.54671,Unknown Device,2,5,31,737,"[0, 0, 0, 0, 0, 64, 0, 0]"
608.547395,Unknown Device,2,4,6,177,"[0, 0, 0, 98, 0, 16, 10, 0]"
608.548158,Unknown Device,2,4,1,177,"[0, 0, 0, 98, 0, 16, 3, 0]"
608.548797,Unknown Device,2,4,3,177,"[0, 0, 0, 226, 0, 16, 208, 255]"
608.549495,Unknown Device,2,5,32,736,"[0, 0, 250, 6, 0, 24, 64, 0]"
608.550185,Unknown Device,5,4,4,179,"[12, 0, 192, 220, 255, 191, 229, 38]"
608.550885,Unknown Device,5,4,11,179,"[18, 0, 216, 201, 255, 127, 78, 38]"
608.551568,Unknown Device,21,4,20,180,"[14, 0, 0, 144, 0, 9, 128, 1]"
608.552271,Unknown Device,5,4,10,179,"[1, 0, 200, 239, 255, 191, 126, 39]"
608.552954,Unknown Device,2,4,22,177,"[0, 0, 0, 98, 0, 16, 246, 255]"
608.553652,Unknown Device,2,4,22,183,"[0, 0, 0, 147, 0, 0, 0, 0]"
608.554803,Unknown Device,2,4,7,177,"[0, 0, 0, 226, 0, 16, 26, 0]"
608.555032,Unknown,Unknown,Unknown,Unknown,992,"[0, 107, 11, 62, 223, 64, 0, 0]"
608.555716,Unknown Device,2,5,31,736,"[0, 0, 245, 6, 0, 24, 64, 0]"
608.556414,Unknown Device,5,4,13,179,"[2, 0, 152, 207, 255, 127, 123, 38]"
608.557153,Unknown Device,2,4,8,177,"[0, 0, 0, 98, 0, 16, 236, 255]"
608.557796,Unknown Device,2,4,1,177,"[0, 0, 0, 98, 0, 16, 1, 0]"
608.558479,Unknown Device,2,4,8,183,"[12, 0, 96, 62, 255, 255, 0, 0]"
608.559153,Unknown Device,2,4,26,177,"[0, 0, 0, 226, 0, 16, 10, 0]"
608.559832,Unknown Device,2,4,26,183,"[0, 0, 192, 162, 0, 0, 0, 0]"
608.560537,Unknown,Unknown,Unknown,Unknown,992,"[9, 251, 176, 156, 9, 178, 0, 0]"
608.561219,Unknown Device,5,4,11,179,"[2, 0, 200, 201, 255, 127, 78, 38]"
608.561919,Unknown Device,21,4,20,180,"[13, 0, 0, 144, 0, 9, 128, 1]"
608.562609,Unknown Device,21,4,20,195,"[241, 95, 7, 192, 1, 8, 0, 5]"
608.563306,Unknown Device,5,4,10,179,"[1, 0, 200, 239, 255, 191, 126, 39]"
608.563998,Unknown Device,2,4,22,177,"[0, 0, 0, 98, 0, 16, 6, 0]"
608.564696,Unknown Device,8,5,1,96,"[0, 0, 0, 0, 0, 0, 0, 192]"
608.565378,Unknown Device,8,5,1,97,"[0, 0, 0, 64, 0, 0, 0, 0]"
608.566071,Unknown Device,2,4,7,177,"[0, 0, 0, 226, 0, 16, 23, 0]"
608.566754,Unknown Device,8,5,1,99,"[0, 0, 0, 3, 0, 0, 2, 0]"
608.567444,Unknown Device,8,5,1,100,"[136, 6, 144, 128, 0, 28, 0, 0]"
608.568154,Unknown Device,2,4,1,177,"[0, 0, 0, 98, 0, 16, 0, 0]"
608.568826,Unknown Device,2,4,5,177,"[0, 0, 0, 98, 0, 16, 249, 255]"
608.569516,Unknown Device,2,5,32,736,"[0, 0, 250, 6, 0, 24, 64, 0]"
608.570234,Unknown Device,5,4,4,179,"[4, 0, 176, 220, 255, 127, 229, 38]"
608.57092,Unknown Device,5,4,11,179,"[2, 0, 200, 201, 255, 127, 78, 38]"
608.571617,Unknown Device,21,4,20,180,"[13, 0, 0, 144, 0, 9, 128, 1]"
608.572303,Unknown Device,5,4,10,179,"[1, 0, 200, 239, 255, 191, 126, 39]"
608.573005,Unknown Device,2,4,22,177,"[0, 0, 0, 98, 0, 16, 3, 0]"
608.573688,Unknown Device,2,4,22,183,"[0, 0, 0, 147, 0, 0, 0, 0]"
608.574704,Unknown Device,2,4,7,177,"[0, 0, 0, 226, 0, 16, 13, 0]"
608.579487,Unknown Device,2,4,7,183,"[0, 0, 192, 26, 255, 255, 0, 0]"
608.580186,Unknown Device,2,5,31,736,"[0, 0, 246, 6, 0, 24, 64, 0]"
608.580881,Unknown Device,2,5,32,737,"[0, 0, 0, 0, 0, 64, 0, 0]"
608.58156,Unknown Device,5,4,11,179,"[2, 0, 200, 201, 255, 127, 78, 38]"
608.582259,Unknown Device,21,4,20,195,"[241, 95, 7, 192, 1, 8, 0, 5]"
608.582933,Unknown Device,5,4,10,179,"[1, 0, 200, 239, 255, 191, 126, 39]"
608.583626,Unknown Device,2,4,22,177,"[0, 0, 0, 98, 0, 16, 246, 255]"
608.58431,Unknown Device,8,5,1,96,"[0, 0, 0, 0, 0, 0, 0, 192]"
608.585005,Unknown Device,8,5,1,97,"[0, 0, 0, 64, 0, 0, 0, 0]"
608.585684,Unknown Device,2,4,7,177,"[0, 0, 0, 226, 0, 16, 253, 255]"
608.586567,Unknown Device,8,5,1,98,"[0, 4, 32, 0, 0, 0, 0, 0]"
608.587295,Unknown Device,5,4,13,179,"[2, 0, 152, 207, 255, 127, 123, 38]"
608.587983,Unknown Device,2,4,1,177,"[0, 0, 0, 98, 0, 16, 15, 0]"
608.588661,Unknown Device,2,4,3,177,"[0, 0, 0, 226, 0, 16, 197, 255]"
608.589297,Unknown Device,5,4,12,179,"[2, 0, 8, 208, 255, 191, 128, 38]"
608.589985,Unknown Device,2,5,32,736,"[0, 0, 250, 6, 0, 24, 64, 0]"
608.590713,Unknown Device,5,4,4,179,"[254, 255, 175, 220, 255, 127, 229, 38]"
608.591335,Unknown Device,5,4,11,179,"[2, 0, 200, 201, 255, 127, 78, 38]"
608.592016,Unknown Device,21,4,20,180,"[14, 0, 0, 144, 0, 9, 128, 1]"
608.592709,Unknown Device,5,4,10,179,"[1, 0, 200, 239, 255, 63, 126, 39]"
608.593345,Unknown Device,2,4,22,177,"[0, 0, 0, 98, 0, 16, 253, 255]"
608.59403,Unknown Device,2,4,22,183,"[0, 0, 0, 147, 0, 0, 0, 0]"
608.594721,Unknown,Unknown,Unknown,Unknown,992,"[163, 225, 249, 238, 1, 5, 0, 0]"
608.59534,Unknown Device,2,4,7,177,"[0, 0, 0, 226, 0, 16, 11, 0]"
608.596025,Unknown Device,2,4,7,183,"[0, 0, 192, 26, 255, 255, 0, 0]"
608.596715,Unknown Device,5,4,13,179,"[2, 0, 152, 207, 255, 127, 123, 38]"
608.597347,Unknown Device,2,4,6,177,"[0, 0, 0, 98, 0, 16, 8, 0]"
608.598047,Unknown Device,2,4,6,183,"[4, 0, 32, 191, 255, 255, 0, 0]"
608.59873,Unknown Device,2,4,3,177,"[0, 0, 0, 226, 0, 16, 204, 255]"
608.599449,Unknown Device,2,4,3,183,"[0, 0, 192, 245, 255, 255, 0, 0]"
608.600138,Unknown Device,2,5,32,737,"[0, 0, 0, 0, 0, 64, 0, 0]"
608.600824,Unknown Device,5,4,4,179,"[7, 0, 176, 220, 255, 191, 229, 38]"
608.601514,Unknown Device,5,4,11,179,"[2, 0, 200, 201, 255, 127, 78, 38]"
608.60221,Unknown Device,21,4,20,195,"[241, 95, 7, 192, 1, 8, 0, 5]"
608.602831,Unknown Device,5,4,10,179,"[1, 0, 200, 239, 255, 191, 126, 39]"
608.603428,Unknown Device,2,4,22,177,"[0, 0, 0, 98, 0, 16, 3, 0]"
608.604135,Unknown Device,8,5,1,96,"[0, 0, 0, 0, 0, 0, 0, 192]"
608.604742,Unknown Device,8,5,1,97,"[0, 0, 0, 64, 0, 0, 0, 0]"
608.605424,Unknown Device,2,4,7,177,"[0, 0, 0, 226, 0, 16, 5, 0]"
608.606135,Unknown Device,8,5,1,98,"[0, 4, 32, 0, 0, 0, 0, 0]"
608.606778,Unknown Device,8,5,1,99,"[0, 0, 0, 3, 0, 0, 2, 0]"
608.607461,Unknown Device,8,5,1,100,"[136, 6, 144, 128, 0, 28, 0, 0]"
608.608157,Unknown Device,2,4,1,177,"[0, 0, 0, 98, 0, 16, 8, 0]"
608.608843,Unknown Device,2,4,26,177,"[0, 0, 0, 226, 0, 16, 252, 255]"
608.60954,Unknown Device,2,5,32,736,"[0, 0, 250, 6, 0, 24, 64, 0]"
608.610222,Unknown Device,5,4,4,179,"[5, 0, 184, 220, 255, 191, 229, 38]"
608.610915,Unknown Device,5,4,11,179,"[2, 0, 200, 201, 255, 191, 78, 38]"
608.611598,Unknown Device,21,4,20,180,"[14, 0, 0, 144, 0, 9, 128, 1]"
608.612288,Unknown,Unknown,Unknown,Unknown,992,"[37, 41, 213, 177, 129, 29, 0, 0]"
608.612974,Unknown Device,5,4,10,179,"[1, 0, 200, 239, 255, 127, 126, 39]"
608.613671,Unknown Device,2,4,22,177,"[0, 0, 0, 98, 0, 16, 254, 255]"
608.614354,Unknown Device,2,4,22,183,"[0, 0, 0, 147, 0, 0, 0, 0]"
608.61504,Unknown Device,2,4,7,177,"[0, 0, 0, 226, 0, 16, 16, 0]"
608.615738,Unknown Device,2,4,7,183,"[0, 0, 192, 26, 255, 255, 0, 0]"
608.616435,Unknown Device,2,5,31,736,"[0, 0, 245, 6, 0, 24, 64, 0]"
608.617131,Unknown Device,5,4,4,209,"[0, 0, 0, 0, 0, 0, 0, 0]"
608.617824,Unknown Device,2,4,2,177,"[0, 0, 0, 98, 0, 16, 250, 255]"
608.618514,Unknown Device,2,5,30,736,"[0, 0, 246, 6, 0, 22, 64, 0]"
608.619218,Unknown Device,5,4,4,194,"[181, 192, 0, 0, 0, 0, 0, 0]"
608.61981,Unknown Device,2,5,32,736,"[0, 0, 250, 6, 0, 24, 64, 0]"
608.620479,Unknown Device,5,4,4,431,"[0, 0, 0, 0, 1, 26, 19, 128]"
608.621161,Unknown Device,5,4,4,179,"[4, 0, 176, 220, 255, 191, 229, 38]"
608.621861,Unknown Device,21,4,20,180,"[14, 0, 0, 144, 0, 9, 128, 1]"
608.622544,Unknown Device,21,4,20,195,"[241, 95, 7, 192, 1, 8, 0, 5]"
608.62324,Unknown Device,5,4,10,179,"[1, 0, 200, 239, 255, 191, 126, 39]"
608.623929,Unknown Device,2,4,22,177,"[0, 0, 0, 98, 0, 16, 249, 255]"
608.624629,Unknown Device,8,5,1,96,"[0, 0, 0, 0, 0, 0, 0, 192]"
608.625314,Unknown Device,8,5,1,97,"[0, 0, 0, 64, 0, 0, 0, 0]"
608.626009,Unknown Device,2,4,7,177,"[0, 0, 0, 226, 0, 16, 15, 0]"
608.626695,Unknown Device,2,5,31,737,"[0, 0, 0, 0, 0, 64, 0, 0]"
608.627395,Unknown Device,2,4,6,177,"[0, 0, 0, 98, 0, 16, 251, 255]"
608.628122,Unknown Device,2,4,2,177,"[0, 0, 0, 98, 0, 16, 4, 0]"
608.628775,Unknown Device,2,4,5,177,"[0, 0, 0, 98, 0, 16, 255, 255]"
608.629461,Unknown Device,2,5,32,736,"[0, 0, 250, 6, 0, 24, 64, 0]"
608.630181,Unknown Device,5,4,4,179,"[252, 255, 167, 220, 255, 191, 229, 38]"
608.630855,Unknown Device,5,4,11,179,"[2, 0, 200, 201, 255, 191, 78, 38]"
608.631555,Unknown Device,21,4,20,180,"[14, 0, 0, 144, 0, 9, 128, 1]"
608.632235,Unknown Device,5,4,10,179,"[26, 0, 208, 239, 255, 191, 126, 39]"
608.632928,Unknown Device,2,4,22,177,"[0, 0, 0, 98, 0, 16, 245, 255]"
608.633621,Unknown Device,2,4,22,183,"[0, 0, 0, 147, 0, 0, 0, 0]"
608.634666,Unknown Device,2,4,7,177,"[0, 0, 0, 226, 0, 16, 5, 0]"
608.635012,Unknown Device,2,4,7,183,"[0, 0, 192, 26, 255, 255, 0, 0]"
608.635704,Unknown Device,2,5,31,736,"[0, 0, 245, 6, 0, 24, 64, 0]"
608.636439,Unknown Device,2,4,8,177,"[0, 0, 0, 98, 0, 16, 238, 255]"
608.637131,Unknown Device,2,4,4,177,"[0, 0, 0, 98, 0, 16, 40, 0]"
608.637671,Unknown Device,2,4,6,183,"[104, 0, 64, 191, 255, 255, 0, 0]"
608.638378,Unknown Device,2,4,1,183,"[0, 0, 64, 189, 255, 255, 0, 0]"
608.639118,Unknown Device,2,4,3,183,"[0, 0, 192, 245, 255, 255, 0, 0]"
608.639711,Unknown Device,2,5,32,736,"[0, 0, 250, 6, 0, 24, 64, 0]"
608.640401,Unknown Device,5,4,12,194,"[171, 192, 208, 123, 24, 0, 0, 0]"
608.641119,Unknown Device,5,4,12,285,"[0, 0, 0, 0, 24, 0, 0, 0]"
608.641725,Unknown Device,5,4,11,179,"[2, 0, 200, 201, 255, 191, 78, 38]"
608.642408,Unknown Device,5,4,11,431,"[0, 0, 0, 1, 1, 26, 19, 0]"
608.643119,Unknown Device,21,4,20,200,"[132, 255, 144, 0, 76, 64, 0, 4]"
608.64374,Unknown Device,5,4,10,179,"[4, 0, 200, 239, 255, 191, 126, 39]"
608.644423,Unknown Device,5,4,10,431,"[0, 0, 0, 1, 1, 26, 19, 0]"
608.64512,Unknown Device,5,4,10,285,"[0, 0, 0, 0, 24, 0, 0, 0]"
608.645741,Unknown Device,8,5,1,97,"[0, 0, 0, 64, 0, 0, 0, 0]"
608.646424,Unknown Device,2,5,31,736,"[0, 0, 244, 6, 0, 24, 64, 0]"
608.64712,Unknown Device,8,5,1,99,"[0, 0, 0, 3, 0, 0, 2, 0]"
608.647749,Unknown Device,2,4,1,177,"[0, 0, 0, 98, 0, 16, 20, 0]"
608.648439,Unknown Device,2,4,3,177,"[0, 0, 0, 226, 0, 16, 196, 255]"
608.649128,Unknown Device,2,4,26,177,"[0, 0, 0, 226, 0, 16, 22, 0]"
608.649749,Unknown Device,2,5,32,736,"[0, 0, 250, 6, 0, 24, 64, 0]"
608.650439,Unknown Device,5,4,4,179,"[7, 0, 184, 220, 255, 191, 229, 38]"
608.651128,Unknown Device,5,4,11,179,"[52, 0, 208, 201, 255, 191, 78, 38]"
608.651742,Unknown Device,21,4,20,180,"[14, 0, 0, 144, 0, 9, 128, 1]"
608.652428,Unknown Device,5,4,10,179,"[4, 0, 200, 239, 255, 127, 126, 39]"
608.653225,Unknown Device,2,4,22,177,"[0, 0, 0, 98, 0, 16, 2, 0]"
608.653925,Unknown Device,2,4,22,183,"[0, 0, 0, 147, 0, 0, 0, 0]"
608.654644,Unknown Device,2,4,7,177,"[0, 0, 0, 226, 0, 16, 248, 255]"
608.655301,Unknown Device,2,4,7,183,"[0, 0, 192, 26, 255, 255, 0, 0]"
608.655922,Unknown Device,2,5,31,736,"[0, 0, 245, 6, 0, 24, 64, 0]"
608.656612,Unknown Device,5,4,13,179,"[2, 0, 152, 207, 255, 127, 123, 38]"
608.657302,Unknown Device,2,4,6,177,"[0, 0, 0, 98, 0, 16, 0, 0]"
608.657915,Unknown Device,2,4,1,183,"[0, 0, 64, 189, 255, 255, 0, 0]"
608.658619,Unknown Device,2,4,3,177,"[0, 0, 0, 226, 0, 16, 216, 255]"
608.659302,Unknown Device,5,4,12,179,"[2, 0, 8, 208, 255, 127, 128, 38]"
608.660009,Unknown Device,2,5,32,736,"[0, 0, 250, 6, 0, 24, 64, 0]"
608.660699,Unknown Device,5,4,4,179,"[7, 0, 176, 220, 255, 63, 229, 38]"
608.661374,Unknown Device,5,4,11,179,"[2, 0, 208, 201, 255, 191, 78, 38]"
608.662107,Unknown Device,21,4,20,180,"[14, 0, 0, 144, 0, 9, 128, 1]"
608.662771,Unknown Device,21,4,20,195,"[241, 95, 7, 192, 1, 8, 0, 5]"
608.663461,Unknown Device,5,4,10,179,"[0, 0, 200, 239, 255, 191, 126, 39]"
608.664107,Unknown Device,2,4,22,177,"[0, 0, 0, 98, 0, 16, 7, 0]"
608.664764,Unknown Device,8,5,1,96,"[0, 0, 0, 0, 0, 0, 0, 192]"
608.665433,Unknown Device,8,5,1,97,"[0, 0, 0, 64, 0, 0, 0, 0]"
608.666129,Unknown Device,2,4,7,177,"[0, 0, 0, 226, 0, 16, 20, 0]"
608.666815,Unknown Device,8,5,1,99,"[0, 0, 0, 3, 0, 0, 2, 0]"
608.667505,Unknown Device,8,5,1,100,"[136, 6, 144, 128, 0, 28, 0, 0]"
608.668201,Unknown Device,2,5,30,736,"[0, 0, 245, 6, 0, 22, 64, 0]"
608.668891,Unknown Device,2,4,26,177,"[0, 0, 0, 226, 0, 16, 13, 0]"
608.669584,Unknown Device,2,5,32,736,"[0, 0, 250, 6, 0, 24, 64, 0]"
608.670283,Unknown Device,5,4,4,179,"[6, 0, 184, 220, 255, 255, 228, 38]"
608.670978,Unknown Device,5,4,11,179,"[2, 0, 200, 201, 255, 127, 78, 38]"
608.671664,Unknown Device,21,4,20,180,"[14, 0, 0, 144, 0, 9, 128, 1]"
608.672282,Unknown Device,5,4,10,179,"[0, 0, 200, 239, 255, 191, 126, 39]"
608.672965,Unknown Device,2,4,22,177,"[0, 0, 0, 98, 0, 16, 0, 0]"
608.67365,Unknown Device,2,4,22,183,"[0, 0, 0, 147, 0, 0, 0, 0]"
608.674343,Unknown,Unknown,Unknown,Unknown,992,"[157, 24, 138, 184, 22, 44, 0, 0]"
608.675098,Unknown Device,2,4,7,177,"[0, 0, 0, 226, 0, 16, 20, 0]"
608.67573,Unknown Device,2,4,7,183,"[0, 0, 192, 26, 255, 255, 0, 0]"
608.676416,Unknown Device,2,5,31,736,"[0, 0, 245, 6, 0, 24, 64, 0]"
608.677115,Unknown Device,2,4,4,177,"[0, 0, 0, 98, 0, 16, 39, 0]"
608.67781,Unknown Device,2,4,1,177,"[0, 0, 0, 98, 0, 16, 5, 0]"
608.67851,Unknown Device,2,4,1,183,"[0, 0, 64, 189, 255, 255, 0, 0]"
608.679202,Unknown,Unknown,Unknown,Unknown,992,"[243, 229, 158, 112, 134, 171, 0, 0]"
608.67989,Unknown Device,2,5,32,737,"[0, 0, 0, 0, 0, 64, 0, 0]"
608.680583,Unknown Device,5,4,4,179,"[0, 0, 168, 220, 255, 191, 229, 38]"
608.681276,Unknown Device,5,4,11,179,"[2, 0, 200, 201, 255, 191, 78, 38]"
608.681963,Unknown Device,21,4,20,180,"[14, 0, 0, 144, 0, 9, 128, 1]"
608.682656,Unknown Device,21,4,20,195,"[241, 95, 7, 192, 1, 8, 0, 5]"
608.683278,Unknown Device,5,4,10,179,"[0, 0, 200, 239, 255, 127, 126, 39]"
608.683971,Unknown Device,2,4,22,177,"[0, 0, 0, 98, 0, 16, 249, 255]"
608.684733,Unknown Device,8,5,1,96,"[0, 0, 0, 0, 0, 0, 0, 192]"
608.685437,Unknown Device,8,5,1,97,"[0, 0, 0, 64, 0, 0, 0, 0]"
608.686126,Unknown Device,2,4,7,177,"[0, 0, 0, 226, 0, 16, 13, 0]"
608.686827,Unknown Device,8,5,1,99,"[0, 0, 0, 3, 0, 0, 2, 0]"
608.68743,Unknown Device,8,5,1,100,"[136, 6, 144, 128, 0, 28, 0, 0]"
608.68812,Unknown Device,2,4,1,177,"[0, 0, 0, 98, 0, 16, 4, 0]"
608.688798,Unknown Device,2,4,26,177,"[0, 0, 0, 226, 0, 16, 33, 0]"
608.68951,Unknown Device,2,5,32,736,"[0, 0, 249, 6, 0, 24, 64, 0]"
608.690192,Unknown Device,5,4,4,179,"[0, 0, 168, 220, 255, 127, 229, 38]"
608.690971,Unknown Device,5,4,11,179,"[17, 0, 216, 201, 255, 191, 78, 38]"
608.691661,Unknown Device,21,4,20,180,"[14, 0, 0, 144, 0, 9, 128, 1]"
608.692351,Unknown Device,5,4,10,179,"[0, 0, 192, 239, 255, 127, 126, 39]"
608.69309,Unknown Device,2,4,22,431,"[0, 0, 0, 0, 1, 26, 19, 0]"
608.693733,Unknown Device,2,4,22,285,"[0, 0, 0, 0, 0, 0, 128, 0]"
608.694358,Unknown Device,2,4,22,193,"[212, 74, 40, 37, 0, 0, 0, 0]"
608.695091,Unknown Device,2,4,22,183,"[0, 0, 0, 147, 0, 0, 0, 0]"
608.695734,Unknown Device,2,4,22,184,"[0, 0, 0, 0, 0, 0, 0, 128]"
608.696431,Unknown Device,2,4,7,183,"[0, 0, 192, 26, 255, 255, 0, 0]"
608.69712,Unknown Device,5,4,13,179,"[2, 0, 152, 207, 255, 191, 123, 38]"
608.697806,Unknown Device,2,4,1,177,"[0, 0, 0, 98, 0, 16, 18, 0]"
608.698381,Unknown Device,2,4,8,183,"[8, 0, 96, 62, 255, 255, 0, 0]"
608.699085,Unknown Device,2,4,5,177,"[0, 0, 0, 98, 0, 16, 241, 255]"
608.699763,Unknown Device,2,5,32,736,"[0, 0, 249, 6, 0, 24, 64, 0]"
608.70046,Unknown Device,2,4,26,183,"[0, 0, 192, 162, 0, 0, 0, 0]"
608.701135,Unknown Device,5,4,4,179,"[6, 0, 176, 220, 255, 191, 229, 38]"
608.701828,Unknown Device,5,4,11,179,"[1, 0, 208, 201, 255, 191, 78, 38]"
608.702525,Unknown Device,21,4,20,195,"[241, 95, 7, 192, 1, 8, 0, 5]"
608.703222,Unknown Device,5,4,10,179,"[3, 0, 192, 239, 255, 63, 126, 39]"
608.703901,Unknown Device,2,4,22,177,"[0, 0, 0, 98, 0, 16, 5, 0]"
608.704598,Unknown Device,8,5,1,96,"[0, 0, 0, 0, 0, 0, 0, 192]"
608.705288,Unknown Device,8,5,1,97,"[0, 0, 0, 64, 0, 0, 0, 0]"
608.705973,Unknown Device,2,4,7,177,"[0, 0, 0, 226, 0, 16, 24, 0]"
608.706591,Unknown Device,2,5,31,737,"[0, 0, 0, 0, 0, 64, 0, 0]"
608.707281,Unknown Device,8,5,1,99,"[0, 0, 0, 3, 0, 0, 2, 0]"
608.707959,Unknown Device,8,5,1,100,"[136, 6, 144, 128, 0, 28, 0, 0]"
608.708649,Unknown Device,2,4,5,177,"[0, 0, 0, 98, 0, 16, 254, 255]"
608.709332,Unknown Device,5,4,12,179,"[51, 0, 16, 208, 255, 191, 128, 38]"
608.710086,Unknown Device,2,5,32,736,"[0, 0, 250, 6, 0, 24, 64, 0]"
608.710714,Unknown Device,5,4,4,179,"[251, 255, 167, 220, 255, 127, 229, 38]"
608.711411,Unknown Device,5,4,11,179,"[1, 0, 208, 201, 255, 191, 78, 38]"
608.712093,Unknown Device,21,4,20,180,"[14, 0, 0, 144, 0, 9, 128, 1]"
608.712786,Unknown Device,5,4,10,179,"[3, 0, 192, 239, 255, 127, 126, 39]"
608.713488,Unknown Device,2,4,22,177,"[0, 0, 0, 98, 0, 16, 4, 0]"
608.714186,Unknown Device,2,4,22,183,"[0, 0, 0, 147, 0, 0, 0, 0]"
608.714822,Unknown Device,2,4,7,431,"[0, 0, 0, 0, 1, 26, 19, 0]"
608.715508,Unknown Device,2,4,7,285,"[0, 0, 0, 0, 0, 3, 128, 0]"
608.7162,Unknown Device,2,5,31,736,"[0, 0, 244, 6, 0, 24, 64, 0]"
608.716895,Unknown Device,2,4,8,431,"[0, 0, 0, 0, 1, 26, 19, 0]"
608.717581,Unknown Device,2,4,6,431,"[0, 0, 0, 0, 1, 26, 19, 0]"
608.718274,Unknown Device,2,4,7,181,"[249, 127, 0, 192, 90, 20, 25, 20]"
608.718884,Unknown Device,2,4,1,181,"[252, 127, 0, 0, 91, 18, 24, 20]"
608.719576,Unknown Device,2,4,7,184,"[0, 0, 0, 0, 0, 0, 0, 128]"
608.720283,Unknown Device,2,4,8,184,"[0, 0, 0, 0, 0, 0, 0, 128]"
608.720985,Unknown Device,2,4,8,185,"[0, 0, 0, 0, 0, 0, 0, 128]"
608.72167,Unknown Device,2,4,1,186,"[8, 0, 0, 0, 0, 0, 0, 0]"
608.722363,Unknown Device,2,4,8,187,"[0, 0, 4, 0, 0, 0, 0, 0]"
608.723076,Unknown Device,2,4,4,186,"[8, 0, 0, 0, 0, 0, 0, 0]"
608.72375,Unknown Device,2,4,3,285,"[0, 0, 0, 0, 0, 3, 128, 0]"
608.724429,Unknown Device,2,4,3,193,"[0, 243, 199, 46, 0, 0, 0, 0]"
608.725128,Unknown Device,2,4,6,182,"[0, 0, 192, 61, 0, 0, 0, 0]"
608.725823,Unknown Device,2,4,2,183,"[204, 0, 64, 64, 255, 255, 0, 0]"
608.726509,Unknown Device,2,4,5,177,"[0, 0, 0, 98, 0, 16, 241, 255]"
608.727123,Unknown Device,2,4,2,184,"[0, 0, 0, 0, 0, 0, 0, 128]"
608.727819,Unknown Device,2,4,5,183,"[0, 0, 128, 82, 0, 0, 0, 0]"
608.72849,Unknown Device,2,4,2,186,"[8, 0, 0, 0, 0, 0, 0, 0]"
608.729151,Unknown Device,2,4,2,187,"[0, 0, 4, 0, 0, 0, 0, 0]"
608.729794,Unknown Device,2,4,5,187,"[0, 0, 4, 0, 0, 0, 0, 0]"
608.730491,Unknown Device,2,4,3,177,"[0, 0, 0, 226, 0, 16, 214, 255]"
608.731116,Unknown Device,2,5,32,736,"[0, 0, 249, 6, 0, 24, 64, 0]"
608.731809,Unknown Device,2,5,32,736,"[0, 0, 249, 6, 0, 24, 64, 0]"
608.732499,Unknown Device,2,4,26,181,"[241, 127, 0, 0, 91, 19, 23, 20]"
608.733144,Unknown Device,5,4,12,179,"[1, 0, 8, 208, 255, 191, 128, 38]"
608.733838,Unknown Device,2,4,26,184,"[0, 0, 0, 0, 0, 31, 0, 128]"
608.734528,Unknown Device,8,5,1,97,"[0, 0, 0, 64, 0, 0, 0, 0]"
608.735231,Unknown Device,8,5,1,100,"[137, 6, 144, 128, 0, 28, 0, 0]"
608.735917,Unknown Device,2,4,26,177,"[0, 0, 0, 226, 0, 16, 67, 0]"
608.736607,Unknown Device,2,5,31,736,"[0, 0, 245, 6, 0, 24, 64, 0]"
608.737304,Unknown Device,2,4,6,177,"[0, 0, 0, 98, 0, 16, 250, 255]"
608.737996,Unknown Device,2,4,8,183,"[8, 0, 96, 62, 255, 255, 0, 0]"
608.738679,Unknown Device,2,4,5,177,"[0, 0, 0, 98, 0, 16, 242, 255]"
608.739297,Unknown Device,2,5,32,736,"[0, 0, 249, 6, 0, 24, 64, 0]"
608.739982,Unknown Device,5,4,12,179,"[1, 0, 8, 208, 255, 191, 128, 38]"
608.740672,Unknown Device,5,4,4,179,"[4, 0, 184, 220, 255, 127, 229, 38]"
608.74129,Unknown Device,5,4,11,179,"[4, 0, 200, 201, 255, 191, 78, 38]"
608.741976,Unknown Device,21,4,20,285,"[0, 0, 0, 0, 0, 96, 4, 0]"
608.742658,Unknown Device,21,4,20,197,"[178, 21, 0, 22, 0, 0, 0, 6]"
608.743277,Unknown Device,21,4,20,200,"[148, 255, 88, 0, 224, 63, 0, 4]"
608.743954,Unknown Device,2,4,22,177,"[0, 0, 0, 98, 0, 16, 254, 255]"
608.744645,Unknown Device,8,5,1,96,"[0, 0, 0, 0, 0, 0, 0, 192]"
608.745262,Unknown Device,8,5,1,97,"[0, 0, 0, 64, 0, 0, 0, 0]"
608.745962,Unknown Device,2,4,7,177,"[0, 0, 0, 226, 0, 16, 27, 0]"
608.746638,Unknown Device,2,5,31,737,"[0, 0, 0, 0, 0, 64, 0, 0]"
608.747255,Unknown Device,2,4,6,177,"[0, 0, 0, 98, 0, 16, 242, 255]"
608.747941,Unknown Device,2,4,1,177,"[0, 0, 0, 98, 0, 16, 1, 0]"
608.748631,Unknown Device,2,4,5,177,"[0, 0, 0, 98, 0, 16, 9, 0]"
608.74935,Unknown Device,5,4,12,179,"[1, 0, 8, 208, 255, 191, 128, 38]"
608.750061,Unknown Device,2,5,32,736,"[0, 0, 250, 6, 0, 24, 64, 0]"
608.750675,Unknown Device,5,4,4,179,"[3, 0, 176, 220, 255, 127, 229, 38]"
608.751286,Unknown Device,5,4,11,179,"[20, 0, 208, 201, 255, 191, 78, 38]"
608.751985,Unknown Device,21,4,20,180,"[14, 0, 0, 144, 0, 9, 128, 1]"
608.752671,Unknown Device,5,4,10,179,"[6, 0, 192, 239, 255, 127, 126, 39]"
608.75331,Unknown Device,2,4,22,177,"[0, 0, 0, 98, 0, 16, 255, 255]"
608.754064,Unknown Device,2,4,22,183,"[0, 0, 0, 147, 0, 0, 0, 0]"
608.754691,Unknown Device,2,4,7,177,"[0, 0, 0, 226, 0, 16, 26, 0]"
608.755319,Unknown Device,2,4,7,183,"[0, 0, 192, 26, 255, 255, 0, 0]"
608.756059,Unknown Device,2,5,31,736,"[0, 0, 245, 6, 0, 24, 64, 0]"
608.756766,Unknown Device,2,4,8,177,"[0, 0, 0, 98, 0, 16, 232, 255]"
608.757464,Unknown Device,2,4,6,177,"[0, 0, 0, 98, 0, 16, 1, 0]"
608.758153,Unknown Device,2,4,4,183,"[80, 0, 64, 39, 255, 255, 0, 0]"
608.758843,Unknown Device,2,4,26,177,"[0, 0, 0, 226, 0, 16, 21, 0]"
608.759472,Unknown Device,2,4,26,183,"[0, 0, 192, 162, 0, 0, 0, 0]"
608.760164,Unknown Device,2,5,32,737,"[0, 0, 0, 0, 0, 64, 0, 0]"
608.760839,Unknown Device,5,4,4,179,"[254, 255, 175, 220, 255, 127, 229, 38]"
608.761531,Unknown Device,5,4,11,179,"[1, 0, 208, 201, 255, 191, 78, 38]"
608.762216,Unknown Device,21,4,20,195,"[241, 95, 7, 192, 1, 8, 0, 5]"
608.762912,Unknown Device,5,4,10,179,"[3, 0, 200, 239, 255, 127, 126, 39]"
608.763604,Unknown Device,2,4,22,177,"[0, 0, 0, 98, 0, 16, 255, 255]"
608.764309,Unknown Device,8,5,1,96,"[0, 0, 0, 0, 0, 0, 0, 192]"
608.765057,Unknown Device,8,5,1,97,"[0, 0, 0, 64, 0, 0, 0, 0]"
608.765689,Unknown Device,2,4,7,177,"[0, 0, 0, 226, 0, 16, 16, 0]"
608.766375,Unknown Device,2,5,31,736,"[0, 0, 244, 6, 0, 24, 64, 0]"
608.76706,Unknown Device,5,4,13,179,"[2, 0, 152, 207, 255, 127, 123, 38]"
608.767678,Unknown Device,2,4,1,177,"[0, 0, 0, 98, 0, 16, 241, 255]"
608.76837,Unknown Device,2,4,3,177,"[0, 0, 0, 226, 0, 16, 218, 255]"
608.769055,Unknown Device,2,4,26,177,"[0, 0, 0, 226, 0, 16, 41, 0]"
608.769736,Unknown Device,2,5,32,736,"[0, 0, 250, 6, 0, 24, 64, 0]"
608.770429,Unknown,Unknown,Unknown,Unknown,992,"[234, 246, 21, 10, 131, 146, 0, 0]"
608.771121,Unknown Device,5,4,4,179,"[10, 0, 192, 220, 255, 127, 229, 38]"
608.771816,Unknown Device,5,4,11,179,"[1, 0, 208, 201, 255, 191, 78, 38]"
608.772502,Unknown Device,21,4,20,180,"[14, 0, 0, 144, 0, 9, 128, 1]"
608.773187,Unknown Device,5,4,10,179,"[3, 0, 200, 239, 255, 63, 126, 39]"
608.773875,Unknown Device,2,4,22,177,"[0, 0, 0, 98, 0, 16, 249, 255]"
608.774565,Unknown Device,2,4,22,183,"[0, 0, 0, 147, 0, 0, 0, 0]"
608.775257,Unknown Device,2,4,7,177,"[0, 0, 0, 226, 0, 16, 14, 0]"
608.775864,Unknown Device,2,4,7,183,"[0, 0, 192, 26, 255, 255, 0, 0]"
608.776554,Unknown Device,2,5,31,736,"[0, 0, 244, 6, 0, 24, 64, 0]"
608.777229,Unknown Device,2,4,4,177,"[0, 0, 0, 98, 0, 16, 15, 0]"
608.777922,Unknown Device,2,4,1,183,"[0, 0, 64, 189, 255, 255, 0, 0]"
608.778605,Unknown Device,2,4,3,177,"[0, 0, 0, 226, 0, 16, 198, 255]"
608.779302,Unknown Device,2,4,3,183,"[0, 0, 192, 245, 255, 255, 0, 0]"
608.780048,Unknown Device,5,4,12,179,"[1, 0, 8, 208, 255, 191, 128, 38]"
608.780705,Unknown Device,5,4,4,179,"[9, 0, 184, 220, 255, 127, 229, 38]"
608.781388,Unknown Device,5,4,11,179,"[1, 0, 208, 201, 255, 191, 78, 38]"
608.782085,Unknown Device,21,4,20,195,"[241, 95, 7, 192, 1, 8, 0, 5]"
608.782778,Unknown Device,5,4,10,179,"[3, 0, 200, 239, 255, 127, 126, 39]"
608.783468,Unknown Device,2,4,22,177,"[0, 0, 0, 98, 0, 16, 0, 0]"
608.784086,Unknown Device,8,5,1,96,"[0, 0, 0, 0, 0, 0, 0, 192]"
608.784771,Unknown Device,8,5,1,97,"[0, 0, 0, 64, 0, 0, 0, 0]"
608.785497,Unknown Device,2,4,7,177,"[0, 0, 0, 226, 0, 16, 18, 0]"
608.786143,Unknown Device,8,5,1,98,"[0, 8, 32, 0, 0, 0, 0, 0]"
608.786822,Unknown Device,5,4,13,179,"[1, 0, 152, 207, 255, 127, 123, 38]"
608.787512,Unknown Device,2,4,2,177,"[0, 0, 0, 98, 0, 16, 6, 0]"
608.788201,Unknown Device,2,5,30,736,"[0, 0, 246, 6, 0, 22, 64, 0]"
608.788901,Unknown Device,2,4,26,177,"[0, 0, 0, 226, 0, 16, 214, 255]"
608.789599,Unknown Device,2,5,32,736,"[0, 0, 249, 6, 0, 24, 64, 0]"
608.790296,Unknown Device,5,4,4,179,"[8, 0, 176, 220, 255, 127, 229, 38]"
608.791042,Unknown Device,5,4,11,179,"[1, 0, 208, 201, 255, 191, 78, 38]"
608.791678,Unknown Device,21,4,20,180,"[14, 0, 0, 144, 0, 9, 128, 1]"
608.792299,Unknown Device,5,4,10,179,"[3, 0, 200, 239, 255, 127, 126, 39]"
608.793593,Unknown Device,2,4,22,177,"[0, 0, 0, 98, 0, 16, 254, 255]"
608.794276,Unknown Device,2,4,22,183,"[0, 0, 0, 147, 0, 0, 0, 0]"
608.794962,Unknown Device,2,4,7,177,"[0, 0, 0, 226, 0, 16, 20, 0]"
608.795652,Unknown Device,2,4,7,183,"[0, 0, 192, 26, 255, 255, 0, 0]"
608.796342,Unknown Device,2,5,31,736,"[0, 0, 245, 6, 0, 24, 64, 0]"
608.797045,Unknown Device,2,4,8,177,"[0, 0, 0, 98, 0, 16, 236, 255]"
608.797724,Unknown Device,2,4,1,177,"[0, 0, 0, 98, 0, 16, 6, 0]"
608.798421,Unknown Device,2,4,1,183,"[0, 0, 64, 189, 255, 255, 0, 0]"
608.799103,Unknown Device,2,4,26,177,"[0, 0, 0, 226, 0, 16, 30, 0]"
608.799796,Unknown Device,2,5,32,736,"[0, 0, 250, 6, 0, 24, 64, 0]"
608.800486,Unknown Device,2,5,32,737,"[0, 0, 0, 0, 0, 64, 0, 0]"
608.801168,Unknown Device,5,4,11,179,"[1, 0, 208, 201, 255, 191, 78, 38]"
608.801861,Unknown,Unknown,Unknown,Unknown,992,"[56, 211, 47, 146, 13, 118, 0, 0]"
608.802551,Unknown Device,21,4,20,195,"[241, 95, 7, 192, 1, 8, 0, 5]"
608.803241,Unknown Device,5,4,10,179,"[210, 255, 199, 239, 255, 127, 126, 39]"
608.803923,Unknown Device,2,4,22,177,"[0, 0, 0, 98, 0, 16, 247, 255]"
608.804608,Unknown Device,8,5,1,96,"[0, 0, 0, 0, 0, 0, 0, 192]"
608.805301,Unknown Device,8,5,1,97,"[0, 0, 0, 64, 0, 0, 0, 0]"
608.806042,Unknown Device,2,4,7,177,"[0, 0, 0, 226, 0, 16, 28, 0]"
608.806759,Unknown Device,5,4,13,179,"[1, 0, 152, 207, 255, 127, 123, 38]"
608.807459,Unknown Device,8,5,1,100,"[135, 6, 144, 128, 0, 28, 0, 0]"
608.808136,Unknown Device,2,5,30,736,"[0, 0, 246, 6, 0, 22, 64, 0]"
608.808832,Unknown Device,2,4,26,177,"[0, 0, 0, 226, 0, 16, 2, 0]"
608.809609,Unknown Device,2,5,32,736,"[0, 0, 250, 6, 0, 24, 64, 0]"
608.810309,Unknown Device,5,4,4,179,"[0, 0, 168, 220, 255, 127, 229, 38]"
608.811043,Unknown Device,5,4,11,179,"[1, 0, 208, 201, 255, 191, 78, 38]"
608.811689,Unknown Device,21,4,20,180,"[14, 0, 0, 144, 0, 9, 128, 1]"
608.812375,Unknown Device,5,4,10,179,"[3, 0, 200, 239, 255, 127, 126, 39]"
608.813066,Unknown Device,2,4,22,177,"[0, 0, 0, 98, 0, 16, 253, 255]"
608.813755,Unknown Device,2,4,22,183,"[0, 0, 0, 147, 0, 0, 0, 0]"
608.814688,Unknown Device,2,4,7,177,"[0, 0, 0, 226, 0, 16, 15, 0]"
608.815135,Unknown Device,2,4,7,183,"[0, 0, 192, 26, 255, 255, 0, 0]"
608.815824,Unknown Device,2,5,31,736,"[0, 0, 244, 6, 0, 24, 64, 0]"
608.81651,Unknown Device,5,4,13,179,"[1, 0, 152, 207, 255, 191, 123, 38]"
608.817201,Unknown Device,2,4,4,177,"[0, 0, 0, 98, 0, 16, 18, 0]"
608.81789,Unknown Device,2,4,2,183,"[4, 0, 32, 64, 255, 255, 0, 0]"
608.818582,Unknown Device,2,4,3,177,"[0, 0, 0, 226, 0, 16, 194, 255]"
608.819273,Unknown Device,5,4,12,179,"[51, 0, 16, 208, 255, 191, 128, 38]"
608.819958,Unknown Device,2,5,32,737,"[0, 0, 0, 0, 0, 64, 0, 0]"
608.820648,Unknown Device,5,4,4,179,"[254, 255, 175, 220, 255, 191, 229, 38]"
608.821338,Unknown Device,5,4,11,179,"[1, 0, 208, 201, 255, 191, 78, 38]"
608.822113,Unknown Device,21,4,20,180,"[14, 0, 0, 144, 0, 9, 128, 1]"
608.822814,Unknown Device,21,4,20,195,"[241, 95, 7, 192, 1, 8, 0, 5]"
608.823504,Unknown Device,5,4,10,179,"[3, 0, 200, 239, 255, 191, 126, 39]"
608.8242,Unknown,Unknown,Unknown,Unknown,992,"[198, 78, 73, 88, 136, 225, 0, 0]"
608.824886,Unknown Device,8,5,1,96,"[0, 0, 0, 0, 0, 0, 0, 192]"
608.825576,Unknown Device,8,5,1,97,"[0, 0, 0, 64, 0, 0, 0, 0]"
608.826258,Unknown Device,8,5,1,98,"[0, 4, 32, 0, 0, 0, 0, 0]"
608.826951,Unknown Device,5,4,13,179,"[1, 0, 152, 207, 255, 127, 123, 38]"
608.827641,Unknown Device,2,4,2,177,"[0, 0, 0, 98, 0, 16, 252, 255]"
608.828331,Unknown Device,2,5,30,737,"[0, 0, 0, 0, 0, 64, 0, 0]"
608.829035,Unknown Device,2,4,26,177,"[0, 0, 0, 226, 0, 16, 29, 0]"
608.829706,Unknown Device,2,5,32,736,"[0, 0, 249, 6, 0, 24, 64, 0]"
608.83041,Unknown Device,5,4,4,179,"[0, 0, 168, 220, 255, 191, 229, 38]"
608.831085,Unknown Device,5,4,11,179,"[1, 0, 208, 201, 255, 191, 78, 38]"
608.831771,Unknown Device,21,4,20,180,"[14, 0, 0, 144, 0, 9, 128, 1]"
608.832454,Unknown Device,5,4,10,179,"[3, 0, 200, 239, 255, 191, 126, 39]"
608.833143,Unknown Device,2,4,22,177,"[0, 0, 0, 98, 0, 16, 255, 255]"
608.833836,Unknown Device,2,4,22,183,"[0, 0, 0, 147, 0, 0, 0, 0]"
608.834533,Unknown,Unknown,Unknown,Unknown,992,"[169, 3, 114, 32, 231, 45, 0, 0]"
608.835216,Unknown Device,2,4,7,177,"[0, 0, 0, 226, 0, 16, 4, 0]"
608.835909,Unknown Device,2,4,7,183,"[0, 0, 192, 26, 255, 255, 0, 0]"
608.836592,Unknown Device,2,5,31,736,"[0, 0, 244, 6, 0, 24, 64, 0]"
608.841636,Unknown Device,2,4,6,177,"[0, 0, 0, 98, 0, 16, 1, 0]"
608.842405,Unknown Device,2,4,4,183,"[4, 0, 64, 39, 255, 255, 0, 0]"
608.843044,Unknown,Unknown,Unknown,Unknown,992,"[151, 130, 87, 250, 150, 253, 0, 0]"
608.843737,Unknown Device,2,4,22,177,"[0, 0, 0, 98, 0, 16, 248, 255]"
608.844428,Unknown Device,8,5,1,96,"[0, 0, 0, 0, 0, 0, 0, 192]"
608.84511,Unknown Device,8,5,1,97,"[0, 0, 0, 64, 0, 0, 0, 0]"
608.845803,Unknown Device,2,4,7,177,"[0, 0, 0, 226, 0, 16, 3, 0]"
608.846486,Unknown Device,2,5,31,737,"[0, 0, 0, 0, 0, 64, 0, 0]"
608.847182,Unknown Device,2,4,6,177,"[0, 0, 0, 98, 0, 16, 239, 255]"
608.847868,Unknown Device,2,4,1,177,"[0, 0, 0, 98, 0, 16, 9, 0]"
608.848554,Unknown Device,2,4,5,177,"[0, 0, 0, 98, 0, 16, 251, 255]"
608.849238,Unknown Device,5,4,12,179,"[4, 0, 24, 208, 255, 191, 128, 38]"
608.849927,Unknown Device,2,5,32,736,"[0, 0, 249, 6, 0, 24, 64, 0]"
608.850634,Unknown Device,5,4,4,179,"[0, 0, 168, 220, 255, 127, 229, 38]"
608.851277,Unknown Device,5,4,11,179,"[245, 255, 207, 201, 255, 191, 78, 38]"
608.852025,Unknown Device,21,4,20,180,"[14, 0, 0, 144, 0, 9, 128, 1]"
608.852707,Unknown Device,5,4,10,179,"[0, 0, 192, 239, 255, 127, 126, 39]"
608.853264,Unknown Device,2,4,22,177,"[0, 0, 0, 98, 0, 16, 1, 0]"
608.85384,Unknown Device,2,4,22,183,"[0, 0, 0, 147, 0, 0, 0, 0]"
608.854589,Unknown Device,2,4,7,177,"[0, 0, 0, 226, 0, 16, 10, 0]"
608.85527,Unknown Device,2,4,7,183,"[0, 0, 192, 26, 255, 255, 0, 0]"
608.855945,Unknown Device,2,5,31,736,"[0, 0, 245, 6, 0, 24, 64, 0]"
608.856637,Unknown Device,5,4,13,179,"[1, 0, 152, 207, 255, 127, 123, 38]"
608.857323,Unknown Device,2,4,6,177,"[0, 0, 0, 98, 0, 16, 7, 0]"
608.858022,Unknown Device,2,4,1,183,"[0, 0, 64, 189, 255, 255, 0, 0]"
608.858696,Unknown Device,2,4,5,177,"[0, 0, 0, 98, 0, 16, 254, 255]"
608.859396,Unknown Device,2,4,3,183,"[0, 0, 192, 245, 255, 255, 0, 0]"
608.860081,Unknown Device,2,5,32,737,"[0, 0, 0, 0, 0, 64, 0, 0]"
608.860769,Unknown Device,5,4,4,179,"[0, 0, 168, 220, 255, 191, 229, 38]"
608.861455,Unknown Device,5,4,11,179,"[1, 0, 200, 201, 255, 127, 78, 38]"
608.862154,Unknown Device,21,4,20,195,"[241, 31, 7, 192, 1, 8, 0, 5]"
608.862842,Unknown Device,5,4,10,179,"[210, 255, 199, 239, 255, 127, 126, 39]"
608.863528,Unknown Device,2,4,22,177,"[0, 0, 0, 98, 0, 16, 6, 0]"
608.864209,Unknown Device,8,5,1,96,"[0, 0, 0, 0, 0, 0, 0, 192]"
608.864902,Unknown,Unknown,Unknown,Unknown,992,"[51, 119, 127, 178, 188, 210, 0, 0]"
608.865585,Unknown Device,8,5,1,97,"[0, 0, 0, 64, 0, 0, 0, 0]"
608.866275,Unknown Device,8,5,1,98,"[0, 4, 32, 0, 0, 0, 0, 0]"
608.867014,Unknown Device,2,4,8,177,"[0, 0, 0, 98, 0, 16, 244, 255]"
608.867621,Unknown Device,2,4,1,177,"[0, 0, 0, 98, 0, 16, 17, 0]"
608.868311,Unknown Device,5,4,4,431,"[0, 0, 0, 0, 1, 26, 19, 128]"
608.869022,Unknown Device,2,5,30,736,"[0, 0, 246, 6, 0, 22, 64, 0]"
608.869729,Unknown Device,5,4,12,179,"[4, 0, 8, 208, 255, 127, 128, 38]"
608.87034,Unknown Device,5,4,4,179,"[253, 255, 167, 220, 255, 127, 229, 38]"
608.871087,Unknown Device,5,4,11,179,"[1, 0, 200, 201, 255, 127, 78, 38]"
608.871809,Unknown Device,21,4,20,180,"[13, 0, 0, 144, 0, 9, 128, 1]"
608.872496,Unknown Device,5,4,10,179,"[2, 0, 200, 239, 255, 191, 126, 39]"
608.873199,Unknown Device,2,4,22,177,"[0, 0, 0, 98, 0, 16, 2, 0]"
608.873885,Unknown Device,2,4,22,183,"[0, 0, 0, 147, 0, 0, 0, 0]"
608.874583,Unknown Device,2,4,7,177,"[0, 0, 0, 226, 0, 16, 5, 0]"
608.875268,Unknown Device,2,4,7,183,"[0, 0, 192, 26, 255, 255, 0, 0]"
608.876009,Unknown Device,2,5,31,736,"[0, 0, 245, 6, 0, 24, 64, 0]"
608.876658,Unknown Device,5,4,13,179,"[1, 0, 152, 207, 255, 127, 123, 38]"
608.877356,Unknown Device,2,4,4,183,"[4, 0, 32, 39, 255, 255, 0, 0]"
608.878038,Unknown Device,2,4,6,183,"[8, 0, 32, 191, 255, 255, 0, 0]"
608.878738,Unknown Device,2,4,3,177,"[0, 0, 0, 226, 0, 16, 227, 255]"
608.879421,Unknown Device,2,4,3,183,"[0, 0, 192, 245, 255, 255, 0, 0]"
608.880124,Unknown Device,2,5,32,737,"[0, 0, 0, 0, 0, 64, 0, 0]"
608.88081,Unknown Device,5,4,4,179,"[2, 0, 168, 220, 255, 127, 229, 38]"
608.8815,Unknown Device,5,4,11,179,"[1, 0, 200, 201, 255, 127, 78, 38]"
608.882182,Unknown Device,21,4,20,195,"[241, 31, 7, 192, 1, 8, 0, 5]"
608.882875,Unknown Device,5,4,10,179,"[2, 0, 200, 239, 255, 63, 126, 39]"
608.883558,Unknown Device,2,4,22,177,"[0, 0, 0, 98, 0, 16, 10, 0]"
608.884317,Unknown Device,8,5,1,96,"[0, 0, 0, 0, 0, 0, 0, 192]"
608.885014,Unknown Device,8,5,1,97,"[0, 0, 0, 64, 0, 0, 0, 0]"
608.885628,Unknown Device,2,4,7,177,"[0, 0, 0, 226, 0, 16, 15, 0]"
608.886252,Unknown Device,2,5,31,736,"[0, 0, 244, 6, 0, 24, 64, 0]"
608.886881,Unknown Device,5,4,13,209,"[0, 0, 253, 255, 255, 7, 0, 0]"
608.8876,Unknown,Unknown,Unknown,Unknown,992,"[236, 233, 185, 196, 103, 103, 0, 0]"
608.888275,Unknown Device,2,5,30,736,"[0, 0, 246, 6, 0, 22, 64, 0]"
608.889007,Unknown Device,5,4,13,431,"[0, 0, 0, 1, 1, 26, 19, 0]"
608.889679,Unknown Device,5,4,13,285,"[0, 0, 0, 0, 24, 0, 0, 0]"
608.890369,Unknown Device,5,4,12,431,"[0, 0, 0, 1, 1, 26, 19, 0]"
608.891065,Unknown Device,5,4,11,179,"[1, 0, 200, 201, 255, 127, 78, 38]"
608.891758,Unknown Device,5,4,11,194,"[171, 192, 80, 128, 24, 0, 0, 0]"
608.892448,Unknown Device,5,4,11,285,"[0, 0, 0, 0, 24, 0, 0, 0]"
608.893145,Unknown Device,5,4,10,179,"[2, 0, 200, 239, 255, 127, 126, 39]"
608.893772,Unknown Device,2,4,22,177,"[0, 0, 0, 98, 0, 16, 12, 0]"
608.894458,Unknown Device,5,4,10,431,"[0, 0, 0, 1, 1, 26, 19, 0]"
608.895156,Unknown Device,5,4,10,285,"[0, 0, 0, 0, 24, 0, 0, 0]"
608.895859,Unknown Device,2,4,7,177,"[0, 0, 0, 226, 0, 16, 21, 0]"
608.896545,Unknown Device,2,5,31,736,"[0, 0, 245, 6, 0, 24, 64, 0]"
608.897244,Unknown Device,2,4,4,177,"[0, 0, 0, 98, 0, 16, 24, 0]"
608.897862,Unknown Device,2,4,4,183,"[4, 0, 32, 39, 255, 255, 0, 0]"
608.898554,Unknown Device,2,4,3,177,"[0, 0, 0, 226, 0, 16, 194, 255]"
608.899317,Unknown Device,2,4,3,183,"[0, 0, 192, 245, 255, 255, 0, 0]"
608.900009,Unknown Device,5,4,12,179,"[50, 0, 24, 208, 255, 191, 128, 38]"
608.900698,Unknown Device,5,4,4,179,"[8, 0, 184, 220, 255, 191, 229, 38]"
608.901397,Unknown Device,5,4,11,179,"[1, 0, 200, 201, 255, 127, 78, 38]"
608.902096,Unknown Device,21,4,20,195,"[241, 31, 7, 192, 1, 8, 0, 5]"
608.902799,Unknown Device,5,4,10,179,"[2, 0, 200, 239, 255, 127, 126, 39]"
608.903498,Unknown Device,2,4,22,177,"[0, 0, 0, 98, 0, 16, 249, 255]"
608.904182,Unknown Device,8,5,1,96,"[0, 0, 0, 0, 0, 0, 0, 192]"
608.904878,Unknown Device,8,5,1,97,"[0, 0, 0, 64, 0, 0, 0, 0]"
608.905577,Unknown Device,2,4,7,177,"[0, 0, 0, 226, 0, 16, 11, 0]"
608.906277,Unknown Device,8,5,1,98,"[0, 4, 32, 0, 0, 0, 0, 0]"
608.906997,Unknown Device,5,4,13,179,"[1, 0, 152, 207, 255, 127, 123, 38]"
608.907679,Unknown Device,2,4,1,177,"[0, 0, 0, 98, 0, 16, 19, 0]"
608.908364,Unknown Device,2,4,5,177,"[0, 0, 0, 98, 0, 16, 251, 255]"
608.909054,Unknown Device,2,4,26,177,"[0, 0, 0, 226, 0, 16, 253, 255]"
608.909761,Unknown Device,2,5,32,736,"[0, 0, 249, 6, 0, 24, 64, 0]"
608.910451,Unknown Device,5,4,4,179,"[251, 255, 167, 220, 255, 127, 229, 38]"
608.911148,Unknown,Unknown,Unknown,Unknown,992,"[233, 250, 166, 183, 1, 66, 0, 0]"
608.911841,Unknown Device,5,4,11,179,"[1, 0, 200, 201, 255, 191, 78, 38]"
608.912531,Unknown Device,21,4,20,180,"[12, 0, 0, 144, 0, 9, 128, 1]"
608.913227,Unknown Device,5,4,10,179,"[2, 0, 200, 239, 255, 191, 126, 39]"
608.913996,Unknown Device,2,4,22,183,"[0, 0, 0, 147, 0, 0, 0, 0]"
608.914638,Unknown Device,2,4,7,177,"[0, 0, 0, 226, 0, 16, 21, 0]"
608.915433,Unknown Device,2,4,7,183,"[0, 0, 192, 26, 255, 255, 0, 0]"
608.916208,Unknown Device,2,5,31,736,"[0, 0, 245, 6, 0, 24, 64, 0]"
608.916991,Unknown Device,5,4,13,179,"[1, 0, 152, 207, 255, 127, 123, 38]"
608.917627,Unknown Device,2,4,2,177,"[0, 0, 0, 98, 0, 16, 242, 255]"
608.918317,Unknown Device,2,4,1,183,"[0, 0, 64, 189, 255, 255, 0, 0]"
608.919013,Unknown Device,2,4,3,183,"[0, 0, 192, 245, 255, 255, 0, 0]"
608.919721,Unknown Device,2,5,32,737,"[0, 0, 0, 0, 0, 64, 0, 0]"
608.920411,Unknown Device,5,4,4,179,"[5, 0, 176, 220, 255, 127, 229, 38]"
608.921114,Unknown Device,5,4,11,179,"[0, 0, 200, 201, 255, 127, 78, 38]"
608.921807,Unknown Device,21,4,20,180,"[11, 0, 0, 144, 0, 9, 128, 1]"
608.922497,Unknown Device,21,4,20,195,"[241, 95, 7, 192, 1, 8, 0, 5]"
608.923194,Unknown Device,5,4,10,179,"[21, 0, 216, 239, 255, 191, 126, 39]"
608.92388,Unknown Device,2,4,22,177,"[0, 0, 0, 98, 0, 16, 250, 255]"
608.92457,Unknown Device,8,5,1,96,"[0, 0, 0, 0, 0, 0, 0, 192]"
608.925274,Unknown Device,8,5,1,97,"[0, 0, 0, 64, 0, 0, 0, 0]"
608.925985,Unknown Device,2,4,7,177,"[0, 0, 0, 226, 0, 16, 19, 0]"
608.926664,Unknown Device,8,5,1,99,"[0, 0, 0, 3, 0, 0, 2, 0]"
608.927361,Unknown Device,2,4,2,177,"[0, 0, 0, 98, 0, 16, 14, 0]"
608.92805,Unknown Device,2,4,1,177,"[0, 0, 0, 98, 0, 16, 21, 0]"
608.928743,Unknown Device,2,4,26,177,"[0, 0, 0, 226, 0, 16, 247, 255]"
608.929462,Unknown Device,2,5,32,736,"[0, 0, 249, 6, 0, 24, 64, 0]"
608.930158,Unknown Device,5,4,4,179,"[9, 0, 192, 220, 255, 63, 229, 38]"
608.930772,Unknown Device,5,4,11,179,"[0, 0, 200, 201, 255, 191, 78, 38]"
608.931476,Unknown Device,21,4,20,180,"[11, 0, 0, 144, 0, 9, 128, 1]"
608.932164,Unknown Device,5,4,10,179,"[2, 0, 208, 239, 255, 191, 126, 39]"
608.932855,Unknown Device,2,4,22,177,"[0, 0, 0, 98, 0, 16, 253, 255]"
608.933552,Unknown Device,2,4,22,183,"[0, 0, 0, 147, 0, 0, 0, 0]"
608.934661,Unknown Device,2,4,7,177,"[0, 0, 0, 226, 0, 16, 1, 0]"
608.93498,Unknown Device,2,4,7,183,"[0, 0, 192, 26, 255, 255, 0, 0]"
608.935651,Unknown Device,2,5,31,736,"[0, 0, 244, 6, 0, 24, 64, 0]"
608.936385,Unknown Device,5,4,13,179,"[1, 0, 152, 207, 255, 127, 123, 38]"
608.937067,Unknown Device,2,4,4,177,"[0, 0, 0, 98, 0, 16, 1, 0]"
608.937767,Unknown Device,2,4,2,177,"[0, 0, 0, 98, 0, 16, 246, 255]"
608.938475,Unknown Device,2,4,1,183,"[0, 0, 64, 189, 255, 255, 0, 0]"
608.93916,Unknown Device,5,4,12,179,"[3, 0, 16, 208, 255, 191, 128, 38]"
608.939856,Unknown Device,2,5,32,736,"[0, 0, 249, 6, 0, 24, 64, 0]"
608.940548,Unknown Device,2,5,32,737,"[0, 0, 0, 0, 0, 64, 0, 0]"
608.94124,Unknown Device,5,4,11,179,"[0, 0, 200, 201, 255, 191, 78, 38]"
608.941982,Unknown Device,21,4,20,180,"[11, 0, 0, 144, 0, 9, 128, 1]"
608.942649,Unknown Device,21,4,20,199,"[14, 0, 96, 3, 0, 238, 255, 15]"
608.943349,Unknown Device,5,4,10,179,"[2, 0, 208, 239, 255, 191, 126, 39]"
608.944048,Unknown Device,2,4,22,285,"[0, 0, 0, 0, 0, 0, 128, 0]"
608.944737,Unknown Device,2,4,22,181,"[253, 127, 0, 128, 89, 20, 25, 0]"
608.945429,Unknown Device,8,5,1,97,"[0, 0, 0, 64, 0, 0, 0, 0]"
608.946022,Unknown Device,2,4,7,177,"[0, 0, 0, 226, 0, 16, 14, 0]"
608.946591,Unknown Device,2,4,8,177,"[0, 0, 0, 98, 0, 16, 246, 255]"
608.947191,Unknown Device,8,5,1,99,"[0, 0, 0, 3, 0, 0, 2, 0]"
608.947808,Unknown Device,8,5,1,100,"[137, 6, 144, 128, 0, 28, 0, 0]"
608.948381,Unknown Device,2,4,5,177,"[0, 0, 0, 98, 0, 16, 5, 0]"
608.948974,Unknown Device,5,4,12,179,"[3, 0, 16, 208, 255, 191, 128, 38]"
608.949465,Unknown Device,2,5,32,736,"[0, 0, 250, 6, 0, 24, 64, 0]"
608.950044,Unknown Device,5,4,4,179,"[10, 0, 192, 220, 255, 191, 229, 38]"
608.950584,Unknown Device,5,4,11,179,"[0, 0, 200, 201, 255, 127, 78, 38]"
608.951092,Unknown Device,21,4,20,180,"[11, 0, 0, 144, 0, 9, 128, 1]"
608.952019,Unknown Device,5,4,10,179,"[0, 0, 200, 239, 255, 127, 126, 39]"
608.9523,Unknown Device,2,4,22,177,"[0, 0, 0, 98, 0, 16, 247, 255]"
608.952739,Unknown Device,2,4,22,183,"[0, 0, 0, 147, 0, 0, 0, 0]"
608.954583,Unknown Device,2,4,7,177,"[0, 0, 0, 226, 0, 16, 11, 0]"
608.954755,Unknown Device,2,4,7,183,"[0, 0, 192, 26, 255, 255, 0, 0]"
608.954899,Unknown Device,2,5,31,736,"[0, 0, 244, 6, 0, 24, 64, 0]"
608.95525,Unknown Device,5,4,13,179,"[1, 0, 152, 207, 255, 127, 123, 38]"
608.955644,Unknown Device,2,4,8,177,"[0, 0, 0, 98, 0, 16, 248, 255]"
608.956197,Unknown Device,2,4,4,177,"[0, 0, 0, 98, 0, 16, 24, 0]"
608.956789,Unknown Device,2,4,8,183,"[4, 0, 96, 62, 255, 255, 0, 0]"
608.957335,Unknown Device,2,4,6,183,"[0, 0, 32, 191, 255, 255, 0, 0]"
608.957855,Unknown Device,2,4,2,183,"[12, 0, 64, 64, 255, 255, 0, 0]"
608.958416,Unknown Device,2,4,5,177,"[0, 0, 0, 98, 0, 16, 247, 255]"
608.959019,Unknown Device,2,4,3,183,"[0, 0, 192, 245, 255, 255, 0, 0]"
608.959582,Unknown Device,2,5,32,736,"[0, 0, 249, 6, 0, 24, 64, 0]"
608.960121,Unknown Device,5,4,12,179,"[3, 0, 16, 208, 255, 191, 128, 38]"
608.960677,Unknown Device,5,4,11,179,"[0, 0, 200, 201, 255, 127, 78, 38]"
608.961237,Unknown Device,21,4,20,180,"[11, 0, 0, 144, 0, 9, 128, 1]"
608.961851,Unknown Device,21,4,20,195,"[241, 95, 7, 192, 1, 8, 0, 5]"
608.962429,Unknown Device,5,4,10,179,"[2, 0, 200, 239, 255, 191, 126, 39]"
608.962989,Unknown Device,2,4,22,177,"[0, 0, 0, 98, 0, 16, 248, 255]"
608.9637,Unknown,Unknown,Unknown,Unknown,992,"[21, 27, 150, 142, 71, 197, 0, 0]"
608.964384,Unknown Device,8,5,1,96,"[0, 0, 0, 0, 0, 0, 0, 192]"
608.965073,Unknown Device,8,5,1,97,"[0, 0, 0, 64, 0, 0, 0, 0]"
608.965781,Unknown Device,2,4,7,431,"[0, 0, 0, 0, 1, 26, 19, 0]"
608.966478,Unknown Device,2,5,31,736,"[0, 0, 244, 6, 0, 24, 64, 0]"
608.967167,Unknown Device,2,4,7,177,"[0, 0, 0, 226, 0, 16, 10, 0]"
608.967868,Unknown Device,2,4,8,193,"[0, 243, 199, 46, 0, 0, 0, 0]"
608.968558,Unknown Device,2,4,4,285,"[128, 0, 0, 0, 128, 11, 192, 0]"
608.969247,Unknown Device,2,4,4,193,"[0, 243, 199, 46, 0, 0, 0, 0]"
608.969966,Unknown Device,2,4,4,177,"[0, 0, 0, 98, 0, 16, 22, 0]"
608.970651,Unknown Device,2,4,7,186,"[8, 0, 0, 0, 0, 0, 0, 0]"
608.971341,Unknown Device,2,4,4,184,"[0, 0, 0, 0, 0, 0, 0, 128]"
608.972031,Unknown Device,2,4,4,185,"[0, 0, 0, 0, 0, 0, 0, 128]"
608.972716,Unknown Device,2,4,2,431,"[0, 0, 0, 0, 1, 26, 19, 0]"
608.973414,Unknown Device,2,4,26,431,"[0, 0, 0, 0, 1, 26, 19, 128]"
608.97411,Unknown Device,2,4,6,184,"[0, 0, 0, 0, 0, 0, 0, 128]"
608.97481,Unknown Device,2,4,2,177,"[0, 0, 0, 98, 0, 16, 18, 0]"
608.9755,Unknown Device,2,4,2,181,"[247, 127, 0, 192, 90, 19, 25, 21]"
608.976197,Unknown Device,2,4,7,177,"[0, 0, 0, 226, 0, 16, 14, 0]"
608.97689,Unknown Device,2,4,2,184,"[0, 0, 0, 0, 0, 0, 0, 128]"
608.977623,Unknown Device,2,4,4,183,"[0, 0, 32, 39, 255, 255, 0, 0]"
608.978313,Unknown Device,2,4,3,184,"[0, 0, 0, 0, 0, 0, 0, 128]"
608.979017,Unknown Device,2,4,5,185,"[0, 0, 0, 0, 0, 0, 0, 128]"
608.97971,Unknown Device,2,4,3,186,"[8, 0, 0, 0, 0, 0, 0, 0]"
608.980407,Unknown Device,2,4,2,177,"[0, 0, 0, 98, 0, 16, 254, 255]"
608.981096,Unknown Device,2,4,5,187,"[0, 0, 4, 0, 0, 0, 0, 0]"
608.981796,Unknown Device,2,4,26,185,"[0, 0, 0, 0, 0, 0, 0, 128]"
608.982501,Unknown Device,2,4,26,186,"[12, 0, 0, 0, 0, 0, 0, 0]"
608.983204,Unknown Device,5,4,11,179,"[0, 0, 200, 201, 255, 127, 78, 38]"
608.983959,Unknown Device,2,4,22,177,"[0, 0, 0, 98, 0, 16, 248, 255]"
608.984589,Unknown Device,8,5,1,99,"[0, 0, 0, 3, 0, 0, 2, 0]"
608.985275,Unknown Device,8,5,1,97,"[0, 0, 0, 64, 0, 0, 0, 0]"
608.985967,Unknown Device,21,4,20,195,"[241, 95, 7, 192, 1, 4, 0, 5]"
608.986676,Unknown Device,5,4,13,179,"[1, 0, 152, 207, 255, 127, 123, 38]"
608.987369,Unknown Device,8,5,1,100,"[139, 6, 144, 128, 0, 28, 0, 0]"
608.988061,Unknown Device,2,4,1,177,"[0, 0, 0, 98, 0, 16, 19, 0]"
608.988764,Unknown Device,2,4,26,177,"[0, 0, 0, 226, 0, 16, 38, 0]"
608.989449,Unknown Device,5,4,12,179,"[3, 0, 16, 208, 255, 191, 128, 38]"
608.990148,Unknown Device,5,4,4,179,"[254, 255, 175, 220, 255, 127, 229, 38]"
608.990851,Unknown Device,5,4,11,179,"[0, 0, 200, 201, 255, 191, 78, 38]"
608.991536,Unknown Device,21,4,20,431,"[0, 0, 0, 0, 1, 26, 19, 0]"
608.992235,Unknown Device,21,4,20,180,"[10, 0, 0, 144, 0, 9, 128, 1]"
608.992963,Unknown Device,21,4,20,205,"[0, 0, 0, 0, 0, 0, 0, 0]"
608.993645,Unknown Device,5,4,10,179,"[2, 0, 200, 239, 255, 191, 126, 39]"
608.994288,Unknown Device,2,4,22,183,"[0, 0, 0, 147, 0, 0, 0, 0]"
608.994986,Unknown Device,2,4,7,177,"[0, 0, 0, 226, 0, 16, 7, 0]"
608.995682,Unknown Device,2,4,7,183,"[0, 0, 192, 26, 255, 255, 0, 0]"
608.996382,Unknown Device,2,5,31,736,"[0, 0, 245, 6, 0, 24, 64, 0]"
608.99708,Unknown Device,2,4,4,177,"[0, 0, 0, 98, 0, 16, 45, 0]"
608.997769,Unknown Device,2,4,2,183,"[12, 0, 64, 64, 255, 255, 0, 0]"
608.998461,Unknown Device,2,4,3,177,"[0, 0, 0, 226, 0, 16, 216, 255]"
608.99916,Unknown Device,5,4,12,179,"[3, 0, 16, 208, 255, 191, 128, 38]"
608.999856,Unknown Device,2,5,32,737,"[0, 0, 0, 0, 0, 64, 0, 0]"
609.000539,Unknown,Unknown,Unknown,Unknown,992,"[202, 213, 182, 50, 105, 198, 0, 0]"
609.00125,Unknown Device,5,4,11,179,"[213, 255, 207, 201, 255, 127, 78, 38]"
609.001954,Unknown Device,21,4,20,180,"[9, 0, 0, 144, 0, 9, 128, 1]"
609.002633,Unknown Device,21,4,20,195,"[241, 95, 7, 192, 1, 4, 0, 5]"
609.00333,Unknown Device,5,4,10,179,"[2, 0, 200, 239, 255, 127, 126, 39]"
609.004027,Unknown Device,2,4,22,177,"[0, 0, 0, 98, 0, 16, 251, 255]"
609.004713,Unknown Device,8,5,1,96,"[0, 0, 0, 0, 0, 0, 0, 192]"
609.00541,Unknown Device,8,5,1,97,"[0, 0, 0, 64, 0, 0, 0, 0]"
609.006099,Unknown Device,2,4,7,177,"[0, 0, 0, 226, 0, 16, 15, 0]"
609.006792,Unknown Device,2,4,8,177,"[0, 0, 0, 98, 0, 16, 235, 255]"
609.007496,Unknown Device,2,4,2,177,"[0, 0, 0, 98, 0, 16, 3, 0]"
609.0082,Unknown Device,2,5,30,736,"[0, 0, 246, 6, 0, 22, 64, 0]"
609.008948,Unknown Device,2,4,26,177,"[0, 0, 0, 226, 0, 16, 22, 0]"
609.009583,Unknown Device,2,5,32,736,"[0, 0, 249, 6, 0, 24, 64, 0]"
609.01028,Unknown Device,5,4,4,179,"[9, 0, 184, 220, 255, 63, 229, 38]"
609.010969,Unknown Device,5,4,11,179,"[3, 0, 200, 201, 255, 191, 78, 38]"
609.011677,Unknown Device,21,4,20,180,"[9, 0, 0, 144, 0, 9, 128, 1]"
609.012372,Unknown Device,5,4,10,179,"[2, 0, 200, 239, 255, 191, 126, 39]"
609.013054,Unknown Device,2,4,22,177,"[0, 0, 0, 98, 0, 16, 253, 255]"
609.013755,Unknown Device,2,4,22,183,"[0, 0, 0, 147, 0, 0, 0, 0]"
609.014487,Unknown Device,2,4,7,177,"[0, 0, 0, 226, 0, 16, 31, 0]"
609.015137,Unknown Device,2,4,7,183,"[0, 0, 192, 26, 255, 255, 0, 0]"
609.015838,Unknown Device,2,5,31,736,"[0, 0, 244, 6, 0, 24, 64, 0]"
609.016535,Unknown Device,5,4,13,179,"[0, 0, 152, 207, 255, 127, 123, 38]"
609.017224,Unknown Device,2,4,6,177,"[0, 0, 0, 98, 0, 16, 3, 0]"
609.017943,Unknown Device,2,4,1,183,"[0, 0, 192, 188, 255, 255, 0, 0]"
609.018607,Unknown Device,2,4,5,177,"[0, 0, 0, 98, 0, 16, 5, 0]"
609.019304,Unknown Device,2,4,5,183,"[0, 0, 128, 82, 0, 0, 0, 0]"
609.020008,Unknown Device,5,4,12,179,"[3, 0, 16, 208, 255, 191, 128, 38]"
609.020715,Unknown Device,5,4,4,179,"[1, 0, 176, 220, 255, 127, 229, 38]"
609.021405,Unknown Device,5,4,11,179,"[3, 0, 200, 201, 255, 127, 78, 38]"
609.022101,Unknown Device,21,4,20,195,"[241, 95, 7, 192, 1, 4, 0, 5]"
609.022789,Unknown Device,5,4,10,179,"[1, 0, 200, 239, 255, 191, 126, 39]"
609.023493,Unknown Device,2,4,22,177,"[0, 0, 0, 98, 0, 16, 253, 255]"
609.024194,Unknown Device,8,5,1,96,"[0, 0, 0, 0, 0, 0, 0, 192]"
609.024942,Unknown Device,8,5,1,97,"[0, 0, 0, 64, 0, 0, 0, 0]"
609.025585,Unknown Device,2,4,7,177,"[0, 0, 0, 226, 0, 16, 13, 0]"
609.026282,Unknown Device,2,5,31,736,"[0, 0, 245, 6, 0, 23, 64, 0]"
609.026964,Unknown Device,2,4,4,177,"[0, 0, 0, 98, 0, 16, 33, 0]"
609.027671,Unknown Device,2,4,1,177,"[0, 0, 0, 98, 0, 16, 23, 0]"
609.028368,Unknown Device,2,4,5,177,"[0, 0, 0, 98, 0, 16, 6, 0]"
609.029065,Unknown Device,5,4,12,179,"[3, 0, 16, 208, 255, 255, 128, 38]"
609.02975,Unknown Device,2,5,32,736,"[0, 0, 249, 6, 0, 24, 64, 0]"
609.030442,Unknown,Unknown,Unknown,Unknown,992,"[109, 9, 149, 49, 192, 14, 0, 0]"
609.031134,Unknown Device,5,4,11,179,"[3, 0, 200, 201, 255, 191, 78, 38]"
609.031823,Unknown Device,21,4,20,180,"[7, 0, 0, 144, 0, 9, 128, 1]"
609.032533,Unknown Device,5,4,10,179,"[1, 0, 200, 239, 255, 191, 126, 39]"
609.033224,Unknown Device,2,4,22,177,"[0, 0, 0, 98, 0, 16, 3, 0]"
609.033938,Unknown Device,2,4,22,183,"[0, 0, 0, 147, 0, 0, 0, 0]"
609.034619,Unknown Device,2,4,7,177,"[0, 0, 0, 226, 0, 16, 4, 0]"
609.035307,Unknown Device,2,4,7,183,"[0, 0, 192, 26, 255, 255, 0, 0]"
609.035999,Unknown Device,2,5,31,736,"[0, 0, 244, 6, 0, 23, 64, 0]"
609.036716,Unknown Device,5,4,13,179,"[0, 0, 152, 207, 255, 127, 123, 38]"
609.037408,Unknown Device,2,4,4,183,"[12, 0, 32, 39, 255, 255, 0, 0]"
609.038093,Unknown Device,2,5,30,736,"[0, 0, 246, 6, 0, 22, 64, 0]"
609.038796,Unknown Device,2,4,26,177,"[0, 0, 0, 226, 0, 16, 237, 255]"
609.039481,Unknown Device,2,4,5,183,"[0, 0, 128, 82, 0, 0, 0, 0]"
609.040194,Unknown Device,2,5,32,737,"[0, 0, 0, 0, 0, 64, 0, 0]"
609.040929,Unknown Device,5,4,4,179,"[251, 255, 167, 220, 255, 63, 229, 38]"
609.041604,Unknown Device,5,4,11,179,"[6, 0, 208, 201, 255, 191, 78, 38]"
609.042289,Unknown Device,21,4,20,199,"[0, 0, 112, 0, 0, 237, 255, 15]"
609.042988,Unknown Device,21,4,20,200,"[124, 255, 72, 0, 208, 62, 0, 4]"
609.04367,Unknown Device,2,4,22,177,"[0, 0, 0, 98, 0, 16, 3, 0]"
609.04437,Unknown Device,8,5,1,96,"[0, 0, 0, 0, 0, 0, 0, 192]"
609.045059,Unknown Device,8,5,1,97,"[0, 0, 0, 64, 0, 0, 0, 0]"
609.045752,Unknown,Unknown,Unknown,Unknown,992,"[188, 21, 188, 102, 125, 148, 0, 0]"
609.046443,Unknown Device,2,5,31,737,"[0, 0, 0, 0, 0, 64, 0, 0]"
609.047132,Unknown Device,2,4,6,177,"[0, 0, 0, 98, 0, 16, 247, 255]"
609.04781,Unknown Device,2,4,1,177,"[0, 0, 0, 98, 0, 16, 32, 0]"
609.048515,Unknown Device,2,4,3,177,"[0, 0, 0, 226, 0, 16, 228, 255]"
609.049197,Unknown Device,2,5,32,736,"[0, 0, 249, 6, 0, 24, 64, 0]"
609.049931,Unknown Device,5,4,4,179,"[254, 255, 167, 220, 255, 63, 229, 38]"
609.050595,Unknown,Unknown,Unknown,Unknown,992,"[197, 61, 199, 232, 118, 1, 0, 0]"
609.051263,Unknown Device,5,4,11,179,"[244, 255, 207, 201, 255, 127, 78, 38]"
609.051945,Unknown Device,21,4,20,180,"[7, 0, 0, 144, 0, 9, 128, 1]"
609.052639,Unknown Device,5,4,10,179,"[1, 0, 200, 239, 255, 127, 126, 39]"
609.053321,Unknown Device,2,4,22,177,"[0, 0, 0, 98, 0, 16, 253, 255]"
609.054018,Unknown Device,2,4,22,183,"[0, 0, 0, 147, 0, 0, 0, 0]"
609.054708,Unknown Device,2,4,7,177,"[0, 0, 0, 226, 0, 16, 9, 0]"
609.055405,Unknown Device,2,4,7,183,"[0, 0, 192, 26, 255, 255, 0, 0]"
609.056087,Unknown Device,2,5,31,736,"[0, 0, 245, 6, 0, 23, 64, 0]"
609.05678,Unknown Device,2,4,8,177,"[0, 0, 0, 98, 0, 16, 239, 255]"
609.057463,Unknown Device,2,4,2,177,"[0, 0, 0, 98, 0, 16, 252, 255]"
609.05816,Unknown Device,2,5,30,736,"[0, 0, 246, 6, 0, 22, 64, 0]"
609.058846,Unknown Device,2,4,26,177,"[0, 0, 0, 226, 0, 16, 59, 0]"
609.059543,Unknown Device,2,4,26,183,"[0, 0, 192, 162, 0, 0, 0, 0]"
609.060232,Unknown Device,5,4,12,179,"[3, 0, 16, 208, 255, 255, 128, 38]"
609.060929,Unknown Device,5,4,4,179,"[0, 0, 160, 220, 255, 191, 229, 38]"
609.061615,Unknown Device,5,4,11,179,"[3, 0, 200, 201, 255, 191, 78, 38]"
609.062312,Unknown Device,2,5,30,752,"[0, 0, 0, 0, 183, 16, 215, 120]"
609.062994,Unknown Device,5,4,10,179,"[1, 0, 200, 239, 255, 191, 126, 39]"
609.063695,Unknown Device,2,4,22,177,"[0, 0, 0, 98, 0, 16, 2, 0]"
609.064378,Unknown Device,8,5,1,96,"[0, 0, 0, 0, 0, 0, 0, 192]"
609.065153,Unknown Device,8,5,1,97,"[0, 0, 0, 64, 0, 0, 0, 0]"
609.065922,Unknown Device,2,4,7,177,"[0, 0, 0, 226, 0, 16, 6, 0]"
609.066479,Unknown Device,2,5,31,737,"[0, 0, 0, 0, 0, 64, 0, 0]"
609.067182,Unknown Device,8,5,1,100,"[139, 6, 144, 128, 0, 28, 0, 0]"
609.067923,Unknown Device,2,4,1,177,"[0, 0, 0, 98, 0, 16, 21, 0]"
609.068573,Unknown Device,2,4,5,177,"[0, 0, 0, 98, 0, 16, 3, 0]"
609.069269,Unknown Device,5,4,12,179,"[3, 0, 16, 208, 255, 255, 128, 38]"
609.069966,Unknown Device,5,4,4,179,"[248, 255, 159, 220, 255, 191, 229, 38]"
609.070674,Unknown Device,5,4,11,179,"[6, 0, 216, 201, 255, 191, 78, 38]"
609.071357,Unknown Device,21,4,20,180,"[6, 0, 0, 144, 0, 9, 128, 1]"
609.072061,Unknown Device,5,4,10,179,"[1, 0, 200, 239, 255, 127, 126, 39]"
609.07275,Unknown Device,2,4,22,177,"[0, 0, 0, 98, 0, 16, 255, 255]"
609.073447,Unknown Device,2,4,22,183,"[0, 0, 0, 147, 0, 0, 0, 0]"
609.074596,Unknown Device,2,4,7,177,"[0, 0, 0, 226, 0, 16, 8, 0]"
609.074842,Unknown Device,2,4,7,183,"[0, 0, 192, 26, 255, 255, 0, 0]"
609.075536,Unknown Device,2,5,31,736,"[0, 0, 244, 6, 0, 23, 64, 0]"
609.076234,Unknown Device,5,4,13,179,"[0, 0, 152, 207, 255, 127, 123, 38]"
609.07692,Unknown Device,2,4,8,177,"[0, 0, 0, 98, 0, 16, 0, 0]"
609.077616,Unknown Device,2,4,1,177,"[0, 0, 0, 98, 0, 16, 16, 0]"
609.078308,Unknown Device,2,5,30,736,"[0, 0, 245, 6, 0, 22, 64, 0]"
609.079028,Unknown Device,2,4,26,177,"[0, 0, 0, 226, 0, 16, 252, 255]"
609.079724,Unknown Device,2,5,32,736,"[0, 0, 249, 6, 0, 24, 64, 0]"
609.080416,Unknown Device,2,5,32,737,"[0, 0, 0, 0, 0, 64, 0, 0]"
609.081108,Unknown Device,5,4,11,179,"[3, 0, 200, 201, 255, 127, 78, 38]"
609.081804,Unknown Device,21,4,20,180,"[5, 0, 0, 144, 0, 9, 128, 1]"
609.082504,Unknown Device,21,4,20,195,"[241, 31, 7, 192, 1, 4, 0, 5]"
609.083195,Unknown Device,5,4,10,179,"[1, 0, 200, 239, 255, 63, 126, 39]"
609.083909,Unknown Device,2,4,22,177,"[0, 0, 0, 98, 0, 16, 3, 0]"
609.084591,Unknown Device,8,5,1,96,"[0, 0, 0, 0, 0, 0, 0, 192]"
609.085276,Unknown Device,8,5,1,97,"[0, 0, 0, 64, 0, 0, 0, 0]"
609.085961,Unknown Device,2,4,7,177,"[0, 0, 0, 226, 0, 16, 9, 0]"
609.086614,Unknown Device,5,4,13,179,"[0, 0, 152, 207, 255, 127, 123, 38]"
609.087911,Unknown Device,8,5,1,100,"[139, 6, 144, 128, 0, 28, 0, 0]"
609.088487,Unknown Device,2,5,30,736,"[0, 0, 245, 6, 0, 22, 64, 0]"
609.092181,Unknown Device,2,5,32,736,"[0, 0, 249, 6, 0, 24, 64, 0]"
609.092914,Unknown Device,5,4,4,179,"[4, 0, 176, 220, 255, 63, 229, 38]"
609.093614,Unknown Device,5,4,10,179,"[51, 0, 208, 239, 255, 191, 126, 39]"
609.094297,Unknown Device,2,4,22,183,"[0, 0, 0, 147, 0, 0, 0, 0]"
609.095,Unknown Device,2,4,7,177,"[0, 0, 0, 226, 0, 16, 15, 0]"
609.095686,Unknown Device,2,4,7,183,"[0, 0, 192, 26, 255, 255, 0, 0]"
609.09639,Unknown Device,2,5,31,736,"[0, 0, 244, 6, 0, 23, 64, 0]"
609.097072,Unknown Device,2,4,6,177,"[0, 0, 0, 98, 0, 16, 15, 0]"
609.09778,Unknown Device,2,4,2,177,"[0, 0, 0, 98, 0, 16, 21, 0]"
609.098469,Unknown Device,2,4,5,177,"[0, 0, 0, 98, 0, 16, 7, 0]"
609.099166,Unknown Device,2,4,3,183,"[0, 0, 192, 245, 255, 255, 0, 0]"
609.099906,Unknown Device,2,5,32,737,"[0, 0, 0, 0, 0, 64, 0, 0]"
609.100549,Unknown Device,5,4,4,179,"[0, 0, 160, 220, 255, 191, 229, 38]"
609.101231,Unknown Device,5,4,11,179,"[3, 0, 200, 201, 255, 191, 78, 38]"
609.101957,Unknown Device,21,4,20,195,"[241, 31, 7, 208, 1, 0, 0, 5]"
609.102592,Unknown Device,5,4,10,179,"[1, 0, 200, 239, 255, 127, 126, 39]"
609.103231,Unknown,Unknown,Unknown,Unknown,992,"[169, 69, 227, 192, 104, 42, 0, 0]"
609.103971,Unknown Device,2,4,22,177,"[0, 0, 0, 98, 0, 16, 8, 0]"
609.104665,Unknown Device,8,5,1,96,"[0, 0, 0, 0, 0, 0, 0, 192]"
609.105347,Unknown Device,8,5,1,97,"[0, 0, 0, 64, 0, 0, 0, 0]"
609.106051,Unknown Device,2,4,7,177,"[0, 0, 0, 226, 0, 16, 28, 0]"
609.106737,Unknown Device,5,4,13,179,"[0, 0, 152, 207, 255, 127, 123, 38]"
609.107434,Unknown Device,2,4,2,177,"[0, 0, 0, 98, 0, 16, 5, 0]"
609.108138,Unknown Device,2,4,1,177,"[0, 0, 0, 98, 0, 16, 28, 0]"
609.1089,Unknown Device,2,5,30,736,"[0, 0, 245, 6, 0, 22, 64, 0]"
609.109506,Unknown Device,5,4,12,179,"[52, 0, 24, 208, 255, 255, 128, 38]"
609.110152,Unknown Device,5,4,4,179,"[5, 0, 176, 220, 255, 127, 229, 38]"
609.1109,Unknown Device,5,4,11,179,"[2, 0, 208, 201, 255, 191, 78, 38]"
609.11155,Unknown Device,21,4,20,180,"[3, 0, 0, 144, 0, 9, 128, 1]"
609.112239,Unknown,Unknown,Unknown,Unknown,992,"[85, 200, 63, 183, 198, 18, 0, 0]"
609.112943,Unknown Device,5,4,10,179,"[1, 0, 200, 239, 255, 191, 126, 39]"
609.113629,Unknown Device,2,4,22,177,"[0, 0, 0, 98, 0, 16, 252, 255]"
609.114327,Unknown Device,2,4,22,183,"[0, 0, 0, 147, 0, 0, 0, 0]"
609.115012,Unknown Device,2,4,7,177,"[0, 0, 0, 226, 0, 16, 9, 0]"
609.115726,Unknown Device,2,4,7,183,"[0, 0, 192, 26, 255, 255, 0, 0]"
609.116416,Unknown Device,2,5,31,736,"[0, 0, 244, 6, 0, 23, 64, 0]"
609.117142,Unknown Device,2,4,4,177,"[0, 0, 0, 98, 0, 16, 27, 0]"
609.117896,Unknown Device,2,4,1,177,"[0, 0, 0, 98, 0, 16, 36, 0]"
609.118532,Unknown Device,2,4,3,177,"[0, 0, 0, 226, 0, 16, 203, 255]"
609.1192,Unknown Device,2,4,5,183,"[0, 0, 128, 82, 0, 0, 0, 0]"
609.119814,Unknown Device,5,4,12,179,"[2, 0, 24, 208, 255, 255, 128, 38]"
609.120425,Unknown Device,5,4,4,179,"[0, 0, 160, 220, 255, 191, 229, 38]"
609.12115,Unknown,Unknown,Unknown,Unknown,992,"[169, 159, 59, 196, 94, 49, 0, 0]"
609.121791,Unknown Device,21,4,20,180,"[2, 0, 0, 144, 0, 9, 128, 1]"
609.122484,Unknown Device,21,4,20,195,"[241, 31, 7, 192, 1, 0, 0, 5]"
609.123169,Unknown Device,5,4,10,179,"[51, 0, 208, 239, 255, 191, 126, 39]"
609.123889,Unknown Device,2,4,22,177,"[0, 0, 0, 98, 0, 16, 248, 255]"
609.124571,Unknown Device,8,5,1,96,"[0, 0, 0, 0, 0, 0, 0, 192]"
609.125285,Unknown Device,8,5,1,97,"[0, 0, 0, 64, 0, 0, 0, 0]"
609.12597,Unknown Device,2,4,7,177,"[0, 0, 0, 226, 0, 16, 12, 0]"
609.126672,Unknown Device,8,5,1,99,"[0, 0, 0, 3, 0, 0, 2, 0]"
609.127351,Unknown Device,2,4,2,177,"[0, 0, 0, 98, 0, 16, 16, 0]"
609.128064,Unknown Device,2,5,30,736,"[0, 0, 246, 6, 0, 22, 64, 0]"
609.128752,Unknown Device,2,4,26,177,"[0, 0, 0, 226, 0, 16, 11, 0]"
609.129452,Unknown Device,2,5,32,736,"[0, 0, 249, 6, 0, 24, 64, 0]"
609.130137,Unknown Device,5,4,4,179,"[255, 255, 167, 220, 255, 63, 229, 38]"
609.130886,Unknown Device,5,4,11,179,"[2, 0, 200, 201, 255, 127, 78, 38]"
609.131525,Unknown Device,21,4,20,180,"[1, 0, 0, 144, 0, 9, 128, 1]"
609.132265,Unknown Device,5,4,10,179,"[7, 0, 200, 239, 255, 127, 126, 39]"
609.132894,Unknown Device,2,4,22,177,"[0, 0, 0, 98, 0, 16, 247, 255]"
609.133604,Unknown Device,2,4,22,183,"[0, 0, 0, 147, 0, 0, 0, 0]"
609.13453,Unknown Device,2,4,7,177,"[0, 0, 0, 226, 0, 16, 7, 0]"
609.134992,Unknown Device,2,4,7,183,"[0, 0, 192, 26, 255, 255, 0, 0]"
609.135695,Unknown Device,2,5,31,736,"[0, 0, 244, 6, 0, 23, 64, 0]"
609.13631,Unknown Device,2,4,8,177,"[0, 0, 0, 98, 0, 16, 239, 255]"
609.136992,Unknown Device,2,4,6,177,"[0, 0, 0, 98, 0, 16, 3, 0]"
609.137699,Unknown Device,2,4,1,177,"[0, 0, 0, 98, 0, 16, 38, 0]"
609.138382,Unknown Device,2,4,1,183,"[0, 0, 128, 187, 255, 255, 2, 0]"
609.13905,Unknown Device,5,4,12,179,"[2, 0, 24, 208, 255, 255, 128, 38]"
609.139735,Unknown Device,2,5,32,737,"[0, 0, 0, 0, 0, 64, 0, 0]"
609.140433,Unknown Device,5,4,13,285,"[0, 0, 0, 0, 24, 0, 0, 0]"
609.141122,Unknown Device,5,4,11,179,"[2, 0, 200, 201, 255, 191, 78, 38]"
609.141891,Unknown Device,5,4,11,431,"[0, 0, 0, 1, 1, 26, 19, 0]"
609.142519,Unknown Device,21,4,20,199,"[2, 0, 96, 254, 255, 214, 255, 15]"
609.143216,Unknown Device,21,4,20,200,"[164, 255, 76, 0, 120, 64, 0, 4]"
609.143906,Unknown Device,2,4,22,177,"[0, 0, 0, 98, 0, 16, 253, 255]"
609.144606,Unknown Device,5,4,10,285,"[0, 0, 0, 0, 24, 0, 0, 0]"
609.145296,Unknown Device,8,5,1,97,"[0, 0, 0, 64, 0, 0, 0, 0]"
609.145992,Unknown Device,2,4,7,177,"[0, 0, 0, 226, 0, 16, 13, 0]"
609.146671,Unknown Device,2,4,8,177,"[0, 0, 0, 98, 0, 16, 242, 255]"
609.147368,Unknown Device,8,5,1,100,"[135, 6, 144, 128, 0, 28, 0, 0]"
609.14805,Unknown Device,2,5,30,736,"[0, 0, 245, 6, 0, 22, 64, 0]"
609.14875,Unknown Device,2,4,26,177,"[0, 0, 0, 226, 0, 16, 253, 255]"
609.149433,Unknown Device,5,4,12,179,"[2, 0, 24, 208, 255, 255, 128, 38]"
609.150144,Unknown Device,5,4,4,179,"[6, 0, 176, 220, 255, 191, 229, 38]"
609.150891,Unknown Device,5,4,11,179,"[2, 0, 200, 201, 255, 127, 78, 38]"
609.151541,Unknown Device,21,4,20,180,"[0, 0, 0, 144, 0, 9, 128, 1]"
609.152234,Unknown Device,5,4,10,179,"[1, 0, 200, 239, 255, 127, 126, 39]"
609.152967,Unknown Device,2,4,22,177,"[0, 0, 0, 98, 0, 16, 249, 255]"
609.153653,Unknown Device,2,4,22,183,"[0, 0, 0, 147, 0, 0, 0, 0]"
609.154514,Unknown Device,2,4,7,177,"[0, 0, 0, 226, 0, 16, 19, 0]"
609.155042,Unknown Device,2,4,7,183,"[0, 0, 192, 26, 255, 255, 0, 0]"
609.155749,Unknown Device,2,5,31,736,"[0, 0, 244, 6, 0, 23, 64, 0]"
609.156439,Unknown Device,5,4,13,179,"[0, 0, 152, 207, 255, 127, 123, 38]"
609.157136,Unknown Device,2,4,6,177,"[0, 0, 0, 98, 0, 16, 4, 0]"
609.157898,Unknown Device,2,4,1,177,"[0, 0, 0, 98, 0, 16, 39, 0]"
609.158533,Unknown,Unknown,Unknown,Unknown,992,"[49, 18, 61, 232, 156, 211, 0, 0]"
609.159222,Unknown Device,2,4,3,183,"[0, 0, 192, 245, 255, 255, 0, 0]"
609.15992,Unknown Device,2,5,32,737,"[0, 0, 0, 0, 0, 64, 0, 0]"
609.160613,Unknown,Unknown,Unknown,Unknown,992,"[11, 152, 24, 169, 133, 177, 0, 0]"
609.16131,Unknown Device,5,4,11,179,"[2, 0, 200, 201, 255, 191, 78, 38]"
609.161992,Unknown Device,21,4,20,195,"[241, 31, 7, 208, 1, 0, 0, 5]"
609.162692,Unknown Device,5,4,10,179,"[1, 0, 200, 239, 255, 127, 126, 39]"
609.163375,Unknown Device,2,4,22,177,"[0, 0, 0, 98, 0, 16, 252, 255]"
609.164071,Unknown Device,8,5,1,96,"[0, 0, 0, 0, 0, 0, 0, 192]"
609.164757,Unknown Device,8,5,1,97,"[0, 0, 0, 64, 0, 0, 0, 0]"
609.165461,Unknown Device,2,4,7,177,"[0, 0, 0, 226, 0, 16, 4, 0]"
609.166143,Unknown Device,8,5,1,98,"[0, 4, 32, 0, 0, 0, 0, 0]"
609.166894,Unknown Device,5,4,13,179,"[0, 0, 152, 207, 255, 127, 123, 38]"
609.167534,Unknown Device,2,4,2,177,"[0, 0, 0, 98, 0, 16, 7, 0]"
609.168233,Unknown Device,2,4,1,177,"[0, 0, 0, 98, 0, 16, 31, 0]"
609.168918,Unknown Device,2,5,30,737,"[0, 0, 0, 0, 0, 64, 0, 0]"
609.169656,Unknown Device,2,5,32,736,"[0, 0, 248, 6, 0, 24, 64, 0]"
609.170341,Unknown Device,5,4,4,179,"[0, 0, 168, 220, 255, 255, 229, 38]"
609.17104,Unknown Device,5,4,11,179,"[2, 0, 200, 201, 255, 191, 78, 38]"
609.171722,Unknown Device,21,4,20,180,"[0, 0, 0, 144, 0, 9, 128, 1]"
609.172421,Unknown Device,5,4,10,179,"[1, 0, 200, 239, 255, 191, 126, 39]"
609.173106,Unknown Device,2,4,22,177,"[0, 0, 0, 98, 0, 16, 2, 0]"
609.173801,Unknown Device,2,4,22,183,"[0, 0, 0, 147, 0, 0, 0, 0]"
609.174494,Unknown,Unknown,Unknown,Unknown,992,"[111, 90, 221, 60, 83, 51, 0, 0]"
609.175202,Unknown Device,2,4,7,177,"[0, 0, 0, 226, 0, 16, 28, 0]"
609.175895,Unknown Device,2,4,7,183,"[0, 0, 192, 26, 255, 255, 0, 0]"
609.17659,Unknown Device,5,4,13,179,"[0, 0, 152, 207, 255, 127, 123, 38]"
609.177276,Unknown Device,2,4,4,183,"[8, 0, 32, 39, 255, 255, 0, 0]"
609.177975,Unknown Device,2,5,30,736,"[0, 0, 246, 6, 0, 22, 64, 0]"
609.178656,Unknown Device,2,4,26,177,"[0, 0, 0, 226, 0, 16, 219, 255]"
609.179356,Unknown Device,2,4,26,183,"[0, 0, 192, 162, 0, 0, 0, 0]"
609.180048,Unknown Device,5,4,12,179,"[24, 0, 32, 208, 255, 255, 128, 38]"
609.180743,Unknown Device,5,4,4,179,"[9, 0, 184, 220, 255, 191, 229, 38]"
609.181436,Unknown Device,5,4,11,179,"[52, 0, 208, 201, 255, 191, 78, 38]"
609.182133,Unknown Device,21,4,20,195,"[241, 31, 7, 208, 1, 0, 0, 5]"
609.182887,Unknown Device,5,4,10,179,"[19, 0, 208, 239, 255, 127, 126, 39]"
609.183523,Unknown Device,2,4,22,177,"[0, 0, 0, 98, 0, 16, 253, 255]"
609.184208,Unknown Device,8,5,1,96,"[0, 0, 0, 0, 0, 0, 0, 192]"
609.184912,Unknown Device,8,5,1,97,"[0, 0, 0, 64, 0, 0, 0, 0]"
609.185598,Unknown Device,2,4,7,177,"[0, 0, 0, 226, 0, 16, 35, 0]"
609.186331,Unknown Device,2,5,31,736,"[0, 0, 244, 6, 0, 23, 64, 0]"
609.187013,Unknown Device,2,4,4,177,"[0, 0, 0, 98, 0, 16, 21, 0]"
609.187706,Unknown Device,2,4,1,177,"[0, 0, 0, 98, 0, 16, 8, 0]"
609.188396,Unknown Device,2,4,3,177,"[0, 0, 0, 226, 0, 16, 201, 255]"
609.189093,Unknown Device,5,4,12,179,"[2, 0, 24, 208, 255, 255, 128, 38]"
609.189779,Unknown Device,2,5,32,736,"[0, 0, 249, 6, 0, 24, 64, 0]"
609.190476,Unknown Device,5,4,4,179,"[255, 255, 175, 220, 255, 191, 229, 38]"
609.191158,Unknown Device,5,4,11,179,"[2, 0, 208, 201, 255, 191, 78, 38]"
609.191884,Unknown Device,21,4,20,180,"[1, 0, 0, 144, 0, 9, 128, 1]"
609.192512,Unknown Device,5,4,10,179,"[7, 0, 200, 239, 255, 191, 126, 39]"
609.193209,Unknown Device,2,4,22,431,"[0, 0, 0, 0, 1, 26, 19, 0]"
609.193891,Unknown Device,2,4,22,285,"[0, 0, 0, 0, 0, 0, 128, 0]"
609.194592,Unknown Device,2,4,22,177,"[0, 0, 0, 98, 0, 16, 2, 0]"
609.195274,Unknown Device,2,4,22,183,"[0, 0, 0, 147, 0, 0, 0, 0]"
609.195971,Unknown Device,2,4,22,185,"[0, 0, 0, 0, 0, 0, 0, 128]"
609.196664,Unknown Device,2,4,22,187,"[0, 0, 4, 0, 0, 0, 0, 0]"
609.197368,Unknown Device,2,4,4,183,"[8, 0, 64, 39, 255, 255, 0, 0]"
609.19805,Unknown Device,2,4,8,183,"[0, 0, 96, 62, 255, 255, 0, 0]"
609.19875,Unknown Device,2,4,5,177,"[0, 0, 0, 98, 0, 16, 9, 0]"
609.199433,Unknown Device,2,4,5,183,"[0, 0, 128, 82, 0, 0, 0, 0]"
609.200151,Unknown Device,2,5,32,737,"[0, 0, 0, 0, 0, 64, 0, 0]"
609.200877,Unknown Device,5,4,4,179,"[6, 0, 184, 220, 255, 63, 229, 38]"
609.201541,Unknown Device,5,4,11,179,"[2, 0, 208, 201, 255, 127, 78, 38]"
609.202224,Unknown Device,21,4,20,195,"[241, 31, 7, 208, 1, 0, 0, 5]"
609.202928,Unknown Device,5,4,10,179,"[1, 0, 200, 239, 255, 191, 126, 39]"
609.203614,Unknown Device,2,4,22,177,"[0, 0, 0, 98, 0, 16, 5, 0]"
609.204311,Unknown Device,8,5,1,96,"[0, 0, 0, 0, 0, 0, 0, 192]"
609.204993,Unknown Device,8,5,1,97,"[0, 0, 0, 64, 0, 0, 0, 0]"
609.205701,Unknown Device,2,4,7,177,"[0, 0, 0, 226, 0, 16, 0, 0]"
609.206384,Unknown Device,2,5,31,737,"[0, 0, 0, 0, 0, 64, 0, 0]"
609.20708,Unknown Device,2,4,4,177,"[0, 0, 0, 98, 0, 16, 18, 0]"
609.207759,Unknown Device,2,4,1,177,"[0, 0, 0, 98, 0, 16, 0, 0]"
609.208456,Unknown Device,2,4,5,177,"[0, 0, 0, 98, 0, 16, 10, 0]"
609.209138,Unknown Device,5,4,12,179,"[2, 0, 24, 208, 255, 255, 128, 38]"
609.209795,Unknown Device,2,5,32,736,"[0, 0, 249, 6, 0, 24, 64, 0]"
609.210478,Unknown Device,5,4,4,179,"[7, 0, 176, 220, 255, 191, 229, 38]"
609.211181,Unknown Device,5,4,11,179,"[2, 0, 200, 201, 255, 127, 78, 38]"
609.211876,Unknown Device,21,4,20,180,"[1, 0, 0, 144, 0, 9, 128, 1]"
609.212565,Unknown Device,5,4,10,179,"[4, 0, 208, 239, 255, 191, 126, 39]"
609.213249,Unknown Device,2,4,22,177,"[0, 0, 0, 98, 0, 16, 1, 0]"
609.213956,Unknown Device,2,4,22,183,"[0, 0, 0, 147, 0, 0, 0, 0]"
609.214645,Unknown,Unknown,Unknown,Unknown,992,"[245, 185, 230, 237, 185, 84, 0, 0]"
609.215344,Unknown,Unknown,Unknown,Unknown,992,"[9, 121, 161, 134, 42, 108, 0, 0]"
609.216022,Unknown Device,2,4,7,285,"[0, 0, 0, 0, 0, 3, 128, 0]"
609.216718,Unknown Device,5,4,13,179,"[0, 0, 152, 207, 255, 127, 123, 38]"
609.217403,Unknown Device,2,4,7,181,"[244, 127, 0, 192, 90, 20, 25, 20]"
609.218102,Unknown Device,2,4,4,177,"[0, 0, 0, 98, 0, 16, 7, 0]"
609.218784,Unknown Device,2,4,4,181,"[252, 127, 0, 192, 90, 19, 24, 21]"
609.219483,Unknown Device,2,4,1,181,"[246, 127, 0, 0, 91, 18, 24, 21]"
609.220168,Unknown Device,2,4,7,186,"[8, 0, 0, 0, 0, 0, 0, 0]"
609.220875,Unknown Device,2,4,4,186,"[8, 0, 0, 0, 0, 0, 0, 0]"
609.221556,Unknown Device,2,4,1,185,"[0, 0, 0, 0, 0, 0, 0, 128]"
609.222248,Unknown Device,2,4,3,193,"[0, 243, 199, 46, 0, 0, 0, 0]"
609.222941,Unknown Device,2,4,5,285,"[0, 0, 0, 0, 0, 3, 128, 0]"
609.223636,Unknown Device,2,4,2,185,"[0, 0, 0, 0, 0, 0, 0, 128]"
609.224336,Unknown Device,2,4,5,177,"[0, 0, 0, 98, 0, 16, 2, 0]"
609.225007,Unknown Device,2,4,8,431,"[0, 0, 0, 0, 1, 26, 19, 0]"
609.225695,Unknown Device,2,4,5,183,"[0, 0, 128, 82, 0, 0, 0, 0]"
609.226395,Unknown Device,2,4,5,184,"[0, 0, 0, 0, 0, 0, 0, 128]"
609.227077,Unknown Device,2,4,4,177,"[0, 0, 0, 98, 0, 16, 20, 0]"
609.22777,Unknown Device,2,4,2,177,"[0, 0, 0, 98, 0, 16, 247, 255]"
609.228453,Unknown Device,2,4,6,185,"[0, 0, 0, 0, 0, 0, 0, 128]"
609.229171,Unknown Device,2,4,6,186,"[8, 0, 0, 0, 0, 0, 0, 0]"
609.229876,Unknown Device,2,4,5,187,"[0, 0, 4, 0, 0, 0, 0, 0]"
609.230555,Unknown Device,2,4,26,183,"[0, 0, 192, 162, 0, 0, 0, 0]"
609.231229,Unknown Device,2,5,30,736,"[0, 0, 245, 6, 0, 22, 64, 0]"
609.231927,Unknown Device,2,4,8,187,"[0, 0, 4, 0, 0, 0, 0, 0]"
609.232612,Unknown Device,2,5,32,737,"[0, 0, 0, 0, 0, 64, 0, 0]"
609.233317,Unknown Device,5,4,12,179,"[2, 0, 24, 208, 255, 255, 128, 38]"
609.234013,Unknown Device,2,4,22,183,"[0, 0, 0, 147, 0, 0, 0, 0]"
609.234706,Unknown Device,8,5,1,96,"[0, 0, 0, 0, 0, 0, 0, 192]"
609.235396,Unknown Device,21,4,20,180,"[1, 0, 0, 144, 0, 9, 128, 1]"
609.236093,Unknown Device,2,4,7,177,"[0, 0, 0, 226, 0, 16, 34, 0]"
609.236778,Unknown Device,2,4,8,177,"[0, 0, 0, 98, 0, 16, 241, 255]"
609.237476,Unknown Device,2,4,1,177,"[0, 0, 0, 98, 0, 16, 16, 0]"
609.238165,Unknown Device,2,5,30,736,"[0, 0, 244, 6, 0, 22, 64, 0]"
609.238876,Unknown Device,2,4,5,183,"[0, 0, 128, 82, 0, 0, 0, 0]"
609.239548,Unknown Device,2,5,32,736,"[0, 0, 249, 6, 0, 24, 64, 0]"
609.240244,Unknown Device,2,5,32,737,"[0, 0, 0, 0, 0, 64, 0, 0]"
609.240949,Unknown Device,5,4,11,179,"[2, 0, 200, 201, 255, 191, 78, 38]"
609.241642,Unknown Device,21,4,20,431,"[0, 0, 0, 0, 1, 26, 19, 0]"
609.242325,Unknown Device,21,4,20,195,"[241, 31, 7, 208, 1, 0, 0, 5]"
609.243021,Unknown Device,21,4,20,203,"[1, 0, 4, 0, 1, 0, 0, 0]"
609.243714,Unknown Device,5,4,10,179,"[0, 0, 200, 239, 255, 127, 126, 39]"
609.244411,Unknown Device,21,4,20,206,"[203, 255, 95, 0, 114, 2, 0, 0]"
609.245093,Unknown Device,8,5,1,96,"[0, 0, 0, 0, 0, 0, 0, 192]"
609.245786,Unknown Device,8,5,1,97,"[0, 0, 0, 64, 0, 0, 0, 0]"
609.246469,Unknown Device,8,5,1,99,"[0, 0, 0, 3, 0, 0, 2, 0]"
609.247173,Unknown Device,2,4,4,177,"[0, 0, 0, 98, 0, 16, 28, 0]"
609.24787,Unknown Device,2,4,1,177,"[0, 0, 0, 98, 0, 16, 12, 0]"
609.248563,Unknown Device,2,4,26,177,"[0, 0, 0, 226, 0, 16, 27, 0]"
609.249252,Unknown Device,2,5,32,736,"[0, 0, 249, 6, 0, 24, 64, 0]"
609.24995,Unknown Device,5,4,4,179,"[252, 255, 167, 220, 255, 191, 229, 38]"
609.250628,Unknown Device,5,4,11,179,"[0, 0, 200, 201, 255, 127, 78, 38]"
609.251325,Unknown,Unknown,Unknown,Unknown,992,"[19, 57, 69, 23, 25, 184, 0, 0]"
609.252007,Unknown Device,21,4,20,180,"[2, 0, 0, 144, 0, 9, 128, 1]"
609.252708,Unknown Device,5,4,10,179,"[7, 0, 200, 239, 255, 63, 126, 39]"
609.253405,Unknown Device,2,4,22,177,"[0, 0, 0, 98, 0, 16, 247, 255]"
609.254101,Unknown Device,2,4,22,183,"[0, 0, 0, 147, 0, 0, 0, 0]"
609.254782,Unknown Device,2,4,7,177,"[0, 0, 0, 226, 0, 16, 24, 0]"
609.255479,Unknown Device,2,4,7,183,"[0, 0, 192, 26, 255, 255, 0, 0]"
609.256161,Unknown Device,2,5,31,736,"[0, 0, 244, 6, 0, 23, 64, 0]"
609.256863,Unknown Device,2,4,8,177,"[0, 0, 0, 98, 0, 16, 249, 255]"
609.257544,Unknown Device,2,4,6,183,"[28, 0, 32, 191, 255, 255, 0, 0]"
609.258243,Unknown Device,2,5,30,736,"[0, 0, 245, 6, 0, 22, 64, 0]"
609.258922,Unknown Device,2,4,2,183,"[8, 0, 96, 64, 255, 255, 0, 0]"
609.259639,Unknown Device,2,4,26,183,"[0, 0, 192, 162, 0, 0, 0, 0]"
609.260324,Unknown Device,2,5,32,737,"[0, 0, 0, 0, 0, 64, 0, 0]"
609.261016,Unknown Device,5,4,11,179,"[2, 0, 200, 201, 255, 127, 78, 38]"
609.261705,Unknown Device,21,4,20,180,"[2, 0, 0, 144, 0, 9, 128, 1]"
609.262405,Unknown Device,21,4,20,195,"[241, 31, 7, 208, 1, 0, 0, 5]"
609.263089,Unknown Device,5,4,10,179,"[3, 0, 200, 239, 255, 191, 126, 39]"
609.26386,Unknown Device,2,4,22,177,"[0, 0, 0, 98, 0, 16, 251, 255]"
609.264485,Unknown Device,8,5,1,96,"[0, 0, 0, 0, 0, 0, 0, 192]"
609.265099,Unknown Device,8,5,1,97,"[0, 0, 0, 64, 0, 0, 0, 0]"
609.265646,Unknown Device,2,4,7,177,"[0, 0, 0, 226, 0, 16, 31, 0]"
609.266196,Unknown Device,2,5,31,737,"[0, 0, 0, 0, 0, 64, 0, 0]"
609.266737,Unknown Device,2,4,4,177,"[0, 0, 0, 98, 0, 16, 29, 0]"
609.267302,Unknown Device,2,4,1,177,"[0, 0, 0, 98, 0, 16, 14, 0]"
609.26786,Unknown Device,2,5,30,737,"[0, 0, 0, 0, 0, 64, 0, 0]"
609.268435,Unknown Device,2,4,26,177,"[0, 0, 0, 226, 0, 16, 5, 0]"
609.269432,Unknown Device,2,5,32,736,"[0, 0, 249, 6, 0, 24, 64, 0]"
609.270123,Unknown Device,5,4,4,179,"[8, 0, 184, 220, 255, 127, 229, 38]"
609.270756,Unknown Device,5,4,11,179,"[2, 0, 200, 201, 255, 127, 78, 38]"
609.271448,Unknown Device,21,4,20,180,"[2, 0, 0, 144, 0, 9, 128, 1]"
609.272075,Unknown Device,5,4,10,179,"[10, 0, 208, 239, 255, 191, 126, 39]"
609.272764,Unknown Device,2,4,22,177,"[0, 0, 0, 98, 0, 16, 253, 255]"
609.273396,Unknown Device,2,4,22,183,"[0, 0, 0, 147, 0, 0, 0, 0]"
609.274548,Unknown Device,2,4,7,177,"[0, 0, 0, 226, 0, 16, 8, 0]"
609.274718,Unknown Device,2,4,7,183,"[0, 0, 192, 26, 255, 255, 0, 0]"
609.275418,Unknown Device,2,5,31,736,"[0, 0, 244, 6, 0, 23, 64, 0]"
609.276043,Unknown Device,5,4,13,179,"[0, 0, 152, 207, 255, 127, 123, 38]"
609.276743,Unknown Device,2,4,8,177,"[0, 0, 0, 98, 0, 16, 242, 255]"
609.277361,Unknown Device,2,4,2,177,"[0, 0, 0, 98, 0, 16, 250, 255]"
609.27805,Unknown Device,2,5,30,736,"[0, 0, 246, 6, 0, 22, 64, 0]"
609.278679,Unknown Device,2,4,26,177,"[0, 0, 0, 226, 0, 16, 231, 255]"
609.279376,Unknown Device,2,4,5,183,"[0, 0, 128, 82, 0, 0, 0, 0]"
609.279993,Unknown Device,5,4,12,179,"[1, 0, 24, 208, 255, 255, 128, 38]"
609.280686,Unknown Device,5,4,4,179,"[5, 0, 176, 220, 255, 127, 229, 38]"
609.281305,Unknown Device,5,4,11,179,"[2, 0, 200, 201, 255, 191, 78, 38]"
609.282001,Unknown Device,21,4,20,195,"[241, 31, 7, 208, 1, 0, 0, 5]"
609.282629,Unknown Device,5,4,10,179,"[3, 0, 208, 239, 255, 191, 126, 39]"
609.283334,Unknown Device,2,4,22,177,"[0, 0, 0, 98, 0, 16, 253, 255]"
609.283958,Unknown Device,8,5,1,96,"[0, 0, 0, 0, 0, 0, 0, 192]"
609.284651,Unknown Device,8,5,1,97,"[0, 0, 0, 64, 0, 0, 0, 0]"
609.285268,Unknown Device,2,4,7,177,"[0, 0, 0, 226, 0, 16, 10, 0]"
609.285965,Unknown Device,8,5,1,98,"[0, 4, 32, 0, 0, 0, 0, 0]"
609.286594,Unknown Device,8,5,1,99,"[0, 0, 0, 3, 0, 0, 2, 0]"
609.287276,Unknown Device,8,5,1,100,"[135, 6, 144, 128, 0, 28, 0, 0]"
609.28798,Unknown Device,2,4,1,177,"[0, 0, 0, 98, 0, 16, 247, 255]"
609.288659,Unknown Device,2,4,26,177,"[0, 0, 0, 226, 0, 16, 12, 0]"
609.289327,Unknown Device,2,5,32,736,"[0, 0, 249, 6, 0, 24, 64, 0]"
609.289945,Unknown Device,5,4,4,179,"[0, 0, 168, 220, 255, 127, 229, 38]"
609.290645,Unknown Device,5,4,11,179,"[17, 0, 208, 201, 255, 191, 78, 38]"
609.291357,Unknown Device,21,4,20,180,"[2, 0, 0, 144, 0, 9, 128, 1]"
609.291987,Unknown Device,5,4,10,179,"[210, 255, 207, 239, 255, 127, 126, 39]"
609.292671,Unknown Device,2,4,22,177,"[0, 0, 0, 98, 0, 16, 251, 255]"
609.293361,Unknown Device,2,4,22,183,"[0, 0, 0, 147, 0, 0, 0, 0]"
609.294548,Unknown Device,2,4,7,177,"[0, 0, 0, 226, 0, 16, 18, 0]"
609.29474,Unknown Device,2,4,7,183,"[0, 0, 192, 26, 255, 255, 0, 0]"
609.295426,Unknown Device,2,5,31,736,"[0, 0, 244, 6, 0, 23, 64, 0]"
609.296115,Unknown Device,5,4,13,179,"[0, 0, 152, 207, 255, 127, 123, 38]"
609.296848,Unknown Device,2,4,8,177,"[0, 0, 0, 98, 0, 16, 244, 255]"
609.297491,Unknown Device,2,4,1,177,"[0, 0, 0, 98, 0, 16, 250, 255]"
609.298173,Unknown Device,2,5,30,736,"[0, 0, 245, 6, 0, 22, 64, 0]"
609.29887,Unknown Device,2,4,26,177,"[0, 0, 0, 226, 0, 16, 33, 0]"
609.299549,Unknown Device,2,4,26,183,"[0, 0, 192, 162, 0, 0, 0, 0]"
609.300245,Unknown Device,2,5,32,737,"[0, 0, 0, 0, 0, 64, 0, 0]"
609.300928,Unknown Device,5,4,4,179,"[1, 0, 168, 220, 255, 63, 229, 38]"
609.301623,Unknown Device,21,4,20,180,"[3, 0, 0, 144, 0, 9, 128, 1]"
