timestamp,id,data
176.446158,12,"[0, 48, 4, 0, 0, 0, 0, 255]"
176.446239,12,"[0, 48, 4, 0, 0, 0, 0, 255]"
176.446446,12,"[0, 48, 4, 0, 0, 0, 0, 255]"
176.446653,12,"[0, 48, 4, 0, 0, 0, 0, 255]"
176.447088,12,"[0, 48, 4, 0, 0, 0, 0, 255]"
176.447216,12,"[0, 48, 2, 0, 0, 0, 0, 255]"
176.44779,12,"[0, 48, 2, 0, 0, 0, 0, 255]"
176.448042,12,"[0, 48, 4, 0, 0, 0, 0, 255]"
176.448114,12,"[0, 48, 2, 0, 0, 0, 0, 255]"
176.448129,12,"[0, 48, 2, 0, 0, 0, 0, 255]"
176.448174,12,"[0, 48, 2, 0, 0, 0, 0, 255]"
176.448726,12,"[0, 48, 4, 0, 0, 0, 0, 255]"
176.448755,12,"[0, 48, 2, 0, 0, 0, 0, 255]"
176.449009,12,"[0, 48, 4, 0, 0, 0, 0, 255]"
176.449053,12,"[0, 48, 2, 0, 0, 0, 0, 255]"
176.449543,12,"[0, 48, 4, 0, 0, 0, 0, 255]"
176.449558,12,"[0, 48, 2, 0, 0, 0, 0, 255]"
176.449676,12,"[0, 48, 2, 0, 0, 0, 0, 255]"
176.449945,12,"[0, 48, 2, 0, 0, 0, 0, 255]"
176.450274,12,"[0, 48, 4, 0, 0, 0, 0, 255]"
176.450392,12,"[0, 48, 2, 0, 0, 0, 0, 255]"
176.450795,12,"[0, 48, 4, 0, 0, 0, 0, 255]"
176.451732,12,"[0, 48, 2, 0, 0, 0, 0, 255]"
176.451882,4,"[0, 76, 0, 0, 0, 0, 0, 126]"
176.451903,33880403,"[33, 147, 6, 160, 167, 0, 0, 0]"
176.452109,12,"[0, 12, 4, 0, 0, 0, 0, 127]"
176.452125,4,"[0, 48, 0, 0, 0, 0, 0, 255]"
176.452195,12,"[0, 48, 4, 0, 0, 0, 0, 255]"
176.45221,12,"[0, 48, 2, 0, 0, 0, 0, 255]"
176.452285,12,"[0, 48, 2, 0, 0, 0, 0, 255]"
176.452761,12,"[0, 48, 4, 0, 0, 0, 0, 255]"
176.453682,12,"[0, 48, 4, 0, 0, 0, 0, 255]"
176.454436,12,"[0, 48, 2, 0, 0, 0, 0, 255]"
176.454543,12,"[0, 48, 2, 0, 0, 0, 0, 255]"
176.454558,12,"[0, 48, 2, 0, 0, 0, 0, 255]"
176.454587,12,"[0, 48, 2, 0, 0, 0, 0, 255]"
176.45463,12,"[0, 48, 2, 0, 0, 0, 0, 255]"
176.454645,12,"[0, 48, 2, 0, 0, 0, 0, 255]"
176.45466,12,"[0, 48, 2, 0, 0, 0, 0, 255]"
176.454734,12,"[0, 48, 2, 0, 0, 0, 0, 255]"
176.454948,12,"[0, 48, 4, 0, 0, 0, 0, 255]"
176.455166,12,"[0, 48, 2, 0, 0, 0, 0, 255]"
176.455371,12,"[0, 48, 2, 0, 0, 0, 0, 255]"
176.455671,12,"[0, 48, 2, 0, 0, 0, 0, 255]"
176.455781,12,"[0, 48, 2, 0, 0, 0, 0, 255]"
176.45638,12,"[0, 48, 2, 0, 0, 0, 0, 255]"
176.456853,33880403,"[34, 0, 0, 0, 0, 0, 205, 184]"
176.456867,4,"[0, 76, 0, 0, 0, 0, 0, 126]"
176.457048,12,"[0, 12, 4, 0, 0, 0, 0, 127]"
176.457064,4,"[0, 48, 0, 0, 0, 0, 0, 255]"
176.457239,12,"[0, 48, 2, 0, 0, 0, 0, 255]"
176.457458,12,"[0, 48, 4, 0, 0, 0, 0, 255]"
176.457528,12,"[0, 48, 4, 0, 0, 0, 0, 255]"
176.457652,12,"[0, 48, 4, 0, 0, 0, 0, 255]"
176.457855,12,"[0, 48, 4, 0, 0, 0, 0, 255]"
176.45807,12,"[0, 48, 4, 0, 0, 0, 0, 255]"
176.458274,12,"[0, 48, 4, 0, 0, 0, 0, 255]"
176.458485,12,"[0, 48, 2, 0, 0, 0, 0, 255]"
176.458758,12,"[0, 48, 2, 0, 0, 0, 0, 255]"
176.458951,12,"[0, 48, 2, 0, 0, 0, 0, 255]"
176.459175,12,"[0, 48, 4, 0, 0, 0, 0, 255]"
176.459497,12,"[0, 48, 2, 0, 0, 0, 0, 255]"
176.459555,12,"[0, 48, 2, 0, 0, 0, 0, 255]"
176.459759,12,"[0, 48, 2, 0, 0, 0, 0, 255]"
176.459959,12,"[0, 48, 4, 0, 0, 0, 0, 255]"
176.460162,12,"[0, 48, 2, 0, 0, 0, 0, 255]"
176.460367,12,"[0, 48, 2, 0, 0, 0, 0, 255]"
176.461659,12,"[0, 48, 4, 0, 0, 0, 0, 255]"
176.461702,12,"[0, 48, 2, 0, 0, 0, 0, 255]"
176.461865,4,"[0, 76, 0, 0, 0, 0, 0, 126]"
176.461882,33880403,"[35, 165, 238, 121, 200, 191, 53, 5]"
176.462062,12,"[0, 12, 4, 0, 0, 0, 0, 127]"
176.462148,12,"[0, 48, 4, 0, 0, 0, 0, 255]"
176.462241,12,"[0, 48, 4, 0, 0, 0, 0, 255]"
176.462256,12,"[0, 48, 2, 0, 0, 0, 0, 255]"
176.462761,12,"[0, 48, 4, 0, 0, 0, 0, 255]"
176.463712,12,"[0, 48, 2, 0, 0, 0, 0, 255]"
176.463728,12,"[0, 48, 2, 0, 0, 0, 0, 255]"
176.463743,12,"[0, 48, 2, 0, 0, 0, 0, 255]"
176.464336,12,"[0, 48, 4, 0, 0, 0, 0, 255]"
176.464373,12,"[0, 48, 2, 0, 0, 0, 0, 255]"
176.464499,12,"[0, 48, 4, 0, 0, 0, 0, 255]"
176.464578,12,"[0, 48, 2, 0, 0, 0, 0, 255]"
176.464635,12,"[0, 48, 2, 0, 0, 0, 0, 255]"
176.46465,12,"[0, 48, 2, 0, 0, 0, 0, 255]"
176.464956,12,"[0, 48, 2, 0, 0, 0, 0, 255]"
176.464993,12,"[0, 48, 2, 0, 0, 0, 0, 255]"
176.465267,12,"[0, 48, 2, 0, 0, 0, 0, 255]"
176.465297,12,"[0, 48, 2, 0, 0, 0, 0, 255]"
176.465718,12,"[0, 48, 2, 0, 0, 0, 0, 255]"
176.465733,12,"[0, 48, 2, 0, 0, 0, 0, 255]"
176.466933,4,"[0, 76, 0, 0, 0, 0, 0, 126]"
176.46695,33880403,"[36, 34, 204, 112, 24, 10, 194, 18]"
176.46707,12,"[0, 12, 4, 0, 0, 0, 0, 127]"
176.467085,4,"[0, 48, 0, 0, 0, 0, 0, 255]"
176.467681,12,"[0, 48, 4, 0, 0, 0, 0, 255]"
176.467932,12,"[0, 48, 4, 0, 0, 0, 0, 255]"
176.468141,12,"[0, 48, 2, 0, 0, 0, 0, 255]"
176.468192,12,"[0, 48, 2, 0, 0, 0, 0, 255]"
176.468537,12,"[0, 48, 4, 0, 0, 0, 0, 255]"
176.468629,12,"[0, 48, 4, 0, 0, 0, 0, 255]"
176.468714,12,"[0, 48, 4, 0, 0, 0, 0, 255]"
176.468862,12,"[0, 48, 2, 0, 0, 0, 0, 255]"
176.468891,12,"[0, 48, 2, 0, 0, 0, 0, 255]"
176.468911,12,"[0, 48, 2, 0, 0, 0, 0, 255]"
176.468968,12,"[0, 48, 2, 0, 0, 0, 0, 255]"
176.469578,12,"[0, 48, 4, 0, 0, 0, 0, 255]"
176.469607,12,"[0, 48, 2, 0, 0, 0, 0, 255]"
176.469623,12,"[0, 48, 2, 0, 0, 0, 0, 255]"
176.469638,12,"[0, 48, 2, 0, 0, 0, 0, 255]"
176.469703,12,"[0, 48, 2, 0, 0, 0, 0, 255]"
176.469954,12,"[0, 48, 2, 0, 0, 0, 0, 255]"
176.470179,12,"[0, 48, 4, 0, 0, 0, 0, 255]"
176.470405,12,"[0, 48, 2, 0, 0, 0, 0, 255]"
176.472059,12,"[0, 48, 4, 0, 0, 0, 0, 255]"
176.472074,12,"[0, 48, 2, 0, 0, 0, 0, 255]"
176.472376,12,"[0, 48, 2, 0, 0, 0, 0, 255]"
176.472391,12,"[0, 48, 2, 0, 0, 0, 0, 255]"
176.472406,12,"[0, 48, 2, 0, 0, 0, 0, 255]"
176.472772,12,"[0, 48, 4, 0, 0, 0, 0, 255]"
176.473729,12,"[0, 48, 2, 0, 0, 0, 0, 255]"
176.473744,12,"[0, 48, 2, 0, 0, 0, 0, 255]"
176.473781,12,"[0, 48, 2, 0, 0, 0, 0, 255]"
176.474262,12,"[0, 48, 2, 0, 0, 0, 0, 255]"
176.474278,12,"[0, 48, 2, 0, 0, 0, 0, 255]"
176.47451,12,"[0, 48, 4, 0, 0, 0, 0, 255]"
176.474525,12,"[0, 48, 2, 0, 0, 0, 0, 255]"
176.474568,12,"[0, 48, 2, 0, 0, 0, 0, 255]"
176.474633,12,"[0, 48, 2, 0, 0, 0, 0, 255]"
176.474925,12,"[0, 48, 4, 0, 0, 0, 0, 255]"
176.474982,12,"[0, 48, 2, 0, 0, 0, 0, 255]"
176.475264,12,"[0, 48, 2, 0, 0, 0, 0, 255]"
176.475293,12,"[0, 48, 2, 0, 0, 0, 0, 255]"
176.475742,12,"[0, 48, 2, 0, 0, 0, 0, 255]"
176.475757,12,"[0, 48, 2, 0, 0, 0, 0, 255]"
176.475773,12,"[0, 48, 2, 0, 0, 0, 0, 255]"
176.476276,12,"[0, 48, 4, 0, 0, 0, 0, 255]"
176.477085,12,"[0, 48, 2, 0, 0, 0, 0, 255]"
176.477822,12,"[0, 48, 2, 0, 0, 0, 0, 255]"
176.477887,12,"[0, 48, 2, 0, 0, 0, 0, 255]"
176.478109,12,"[0, 48, 2, 0, 0, 0, 0, 255]"
176.478124,12,"[0, 48, 2, 0, 0, 0, 0, 255]"
176.478153,12,"[0, 48, 2, 0, 0, 0, 0, 255]"
176.478778,12,"[0, 48, 2, 0, 0, 0, 0, 255]"
176.478793,12,"[0, 48, 2, 0, 0, 0, 0, 255]"
176.479113,12,"[0, 48, 4, 0, 0, 0, 0, 255]"
176.479423,12,"[0, 48, 4, 0, 0, 0, 0, 255]"
176.479508,12,"[0, 48, 4, 0, 0, 0, 0, 255]"
176.479523,12,"[0, 48, 2, 0, 0, 0, 0, 255]"
176.479602,12,"[0, 48, 2, 0, 0, 0, 0, 255]"
176.479617,12,"[0, 48, 2, 0, 0, 0, 0, 255]"
176.479632,12,"[0, 48, 2, 0, 0, 0, 0, 255]"
176.479759,12,"[0, 48, 2, 0, 0, 0, 0, 255]"
176.479782,12,"[0, 48, 2, 0, 0, 0, 0, 255]"
176.479811,12,"[0, 48, 2, 0, 0, 0, 0, 255]"
176.479882,12,"[0, 48, 2, 0, 0, 0, 0, 255]"
176.479897,12,"[0, 48, 2, 0, 0, 0, 0, 255]"
176.480008,12,"[0, 48, 2, 0, 0, 0, 0, 255]"
176.48031,12,"[0, 48, 4, 0, 0, 0, 0, 255]"
176.480339,12,"[0, 48, 2, 0, 0, 0, 0, 255]"
176.480713,12,"[0, 48, 2, 0, 0, 0, 0, 255]"
176.482025,12,"[0, 48, 4, 0, 0, 0, 0, 255]"
176.482062,12,"[0, 48, 2, 0, 0, 0, 0, 255]"
176.482392,12,"[0, 48, 4, 0, 0, 0, 0, 255]"
176.482407,12,"[0, 48, 2, 0, 0, 0, 0, 255]"
176.482773,12,"[0, 48, 4, 0, 0, 0, 0, 255]"
176.482801,12,"[0, 48, 2, 0, 0, 0, 0, 255]"
176.482817,12,"[0, 48, 2, 0, 0, 0, 0, 255]"
176.483704,12,"[0, 48, 2, 0, 0, 0, 0, 255]"
176.483719,12,"[0, 48, 2, 0, 0, 0, 0, 255]"
176.484222,12,"[0, 48, 2, 0, 0, 0, 0, 255]"
176.484525,12,"[0, 48, 4, 0, 0, 0, 0, 255]"
176.484581,12,"[0, 48, 2, 0, 0, 0, 0, 255]"
176.48466,12,"[0, 48, 2, 0, 0, 0, 0, 255]"
176.484675,12,"[0, 48, 2, 0, 0, 0, 0, 255]"
176.484925,12,"[0, 48, 2, 0, 0, 0, 0, 255]"
176.484941,12,"[0, 48, 2, 0, 0, 0, 0, 255]"
176.485237,12,"[0, 48, 4, 0, 0, 0, 0, 255]"
176.485265,12,"[0, 48, 2, 0, 0, 0, 0, 255]"
176.485281,12,"[0, 48, 2, 0, 0, 0, 0, 255]"
176.485716,12,"[0, 48, 2, 0, 0, 0, 0, 255]"
176.485732,12,"[0, 48, 2, 0, 0, 0, 0, 255]"
176.485747,12,"[0, 48, 2, 0, 0, 0, 0, 255]"
176.486404,12,"[0, 48, 4, 0, 0, 0, 0, 255]"
176.486524,12,"[0, 48, 4, 0, 0, 0, 0, 255]"
176.486848,12,"[0, 48, 4, 0, 0, 0, 0, 255]"
176.487195,12,"[0, 48, 2, 0, 0, 0, 0, 255]"
176.487764,12,"[0, 48, 2, 0, 0, 0, 0, 255]"
176.488,12,"[0, 48, 4, 0, 0, 0, 0, 255]"
176.488029,12,"[0, 48, 2, 0, 0, 0, 0, 255]"
176.488045,12,"[0, 48, 2, 0, 0, 0, 0, 255]"
176.488425,12,"[0, 48, 4, 0, 0, 0, 0, 255]"
176.488818,12,"[0, 48, 2, 0, 0, 0, 0, 255]"
176.488921,12,"[0, 48, 2, 0, 0, 0, 0, 255]"
176.489301,12,"[0, 48, 4, 0, 0, 0, 0, 255]"
176.489463,12,"[0, 48, 4, 0, 0, 0, 0, 255]"
176.489534,12,"[0, 48, 4, 0, 0, 0, 0, 255]"
176.489549,12,"[0, 48, 2, 0, 0, 0, 0, 255]"
176.489614,12,"[0, 48, 2, 0, 0, 0, 0, 255]"
176.489643,12,"[0, 48, 2, 0, 0, 0, 0, 255]"
176.489658,12,"[0, 48, 2, 0, 0, 0, 0, 255]"
176.48977,12,"[0, 48, 2, 0, 0, 0, 0, 255]"
176.489808,12,"[0, 48, 2, 0, 0, 0, 0, 255]"
176.489837,12,"[0, 48, 2, 0, 0, 0, 0, 255]"
176.489894,12,"[0, 48, 2, 0, 0, 0, 0, 255]"
176.489913,12,"[0, 48, 2, 0, 0, 0, 0, 255]"
176.490015,12,"[0, 48, 2, 0, 0, 0, 0, 255]"
176.490218,12,"[0, 48, 2, 0, 0, 0, 0, 255]"
176.490423,12,"[0, 48, 2, 0, 0, 0, 0, 255]"
176.49071,12,"[0, 48, 4, 0, 0, 0, 0, 255]"
176.490826,12,"[0, 48, 2, 0, 0, 0, 0, 255]"
176.491741,12,"[0, 48, 2, 0, 0, 0, 0, 255]"
176.492102,12,"[0, 48, 4, 0, 0, 0, 0, 255]"
176.492791,12,"[0, 48, 2, 0, 0, 0, 0, 255]"
176.493734,12,"[0, 48, 2, 0, 0, 0, 0, 255]"
176.494427,12,"[0, 48, 4, 0, 0, 0, 0, 255]"
176.494553,12,"[0, 48, 2, 0, 0, 0, 0, 255]"
176.494582,12,"[0, 48, 2, 0, 0, 0, 0, 255]"
176.494597,12,"[0, 48, 2, 0, 0, 0, 0, 255]"
176.494662,12,"[0, 48, 2, 0, 0, 0, 0, 255]"
176.494677,12,"[0, 48, 2, 0, 0, 0, 0, 255]"
176.494693,12,"[0, 48, 2, 0, 0, 0, 0, 255]"
176.494943,12,"[0, 48, 4, 0, 0, 0, 0, 255]"
176.494972,12,"[0, 48, 2, 0, 0, 0, 0, 255]"
176.494987,12,"[0, 48, 2, 0, 0, 0, 0, 255]"
176.495163,12,"[0, 48, 2, 0, 0, 0, 0, 255]"
176.495179,12,"[0, 48, 2, 0, 0, 0, 0, 255]"
176.495762,12,"[0, 48, 2, 0, 0, 0, 0, 255]"
176.495777,12,"[0, 48, 2, 0, 0, 0, 0, 255]"
176.497096,12,"[0, 48, 4, 0, 0, 0, 0, 255]"
176.497777,12,"[0, 48, 2, 0, 0, 0, 0, 255]"
176.497806,12,"[0, 48, 2, 0, 0, 0, 0, 255]"
176.498014,12,"[0, 48, 2, 0, 0, 0, 0, 255]"
176.498029,12,"[0, 48, 2, 0, 0, 0, 0, 255]"
176.498072,12,"[0, 48, 2, 0, 0, 0, 0, 255]"
176.498088,12,"[0, 48, 2, 0, 0, 0, 0, 255]"
176.498103,12,"[0, 48, 2, 0, 0, 0, 0, 255]"
176.498118,12,"[0, 48, 2, 0, 0, 0, 0, 255]"
176.49854,12,"[0, 48, 4, 0, 0, 0, 0, 255]"
176.498688,12,"[0, 48, 4, 0, 0, 0, 0, 255]"
176.498717,12,"[0, 48, 2, 0, 0, 0, 0, 255]"
176.498732,12,"[0, 48, 2, 0, 0, 0, 0, 255]"
176.498941,12,"[0, 48, 2, 0, 0, 0, 0, 255]"
176.499145,12,"[0, 48, 4, 0, 0, 0, 0, 255]"
176.499608,12,"[0, 48, 2, 0, 0, 0, 0, 255]"
176.499693,12,"[0, 48, 2, 0, 0, 0, 0, 255]"
176.499722,12,"[0, 48, 2, 0, 0, 0, 0, 255]"
176.499793,12,"[0, 48, 2, 0, 0, 0, 0, 255]"
176.499808,12,"[0, 48, 2, 0, 0, 0, 0, 255]"
176.499893,12,"[0, 48, 2, 0, 0, 0, 0, 255]"
176.499912,12,"[0, 48, 2, 0, 0, 0, 0, 255]"
176.499927,12,"[0, 48, 2, 0, 0, 0, 0, 255]"
176.501279,12,"[0, 48, 4, 0, 0, 0, 0, 255]"
176.501634,12,"[0, 48, 4, 0, 0, 0, 0, 255]"
176.502068,12,"[0, 48, 4, 0, 0, 0, 0, 255]"
176.502287,12,"[0, 48, 2, 0, 0, 0, 0, 255]"
600.534912,12,"[0, 48, 4, 0, 0, 0, 0, 255]"
601.948347,12,"[0, 48, 4, 0, 0, 0, 0, 255]"
601.948376,12,"[0, 48, 2, 0, 0, 0, 0, 255]"
601.948391,12,"[0, 48, 2, 0, 0, 0, 0, 255]"
601.948406,12,"[0, 48, 2, 0, 0, 0, 0, 255]"
601.948443,12,"[0, 48, 2, 0, 0, 0, 0, 255]"
601.948458,12,"[0, 48, 2, 0, 0, 0, 0, 255]"
601.948473,12,"[0, 48, 2, 0, 0, 0, 0, 255]"
601.948488,12,"[0, 48, 2, 0, 0, 0, 0, 255]"
601.948503,12,"[0, 48, 2, 0, 0, 0, 0, 255]"
601.948519,12,"[0, 48, 2, 0, 0, 0, 0, 255]"
601.948534,12,"[0, 48, 2, 0, 0, 0, 0, 255]"
601.948549,12,"[0, 48, 2, 0, 0, 0, 0, 255]"
601.948564,12,"[0, 48, 2, 0, 0, 0, 0, 255]"
601.948579,12,"[0, 48, 2, 0, 0, 0, 0, 255]"
601.948594,12,"[0, 48, 2, 0, 0, 0, 0, 255]"
601.948609,12,"[0, 48, 2, 0, 0, 0, 0, 255]"
601.948624,12,"[0, 48, 2, 0, 0, 0, 0, 255]"
601.948639,12,"[0, 48, 2, 0, 0, 0, 0, 255]"
601.948655,12,"[0, 48, 2, 0, 0, 0, 0, 255]"
601.94867,12,"[0, 48, 2, 0, 0, 0, 0, 255]"
601.948685,12,"[0, 48, 2, 0, 0, 0, 0, 255]"
601.9487,12,"[0, 48, 2, 0, 0, 0, 0, 255]"
601.948715,12,"[0, 48, 2, 0, 0, 0, 0, 255]"
601.94873,12,"[0, 48, 2, 0, 0, 0, 0, 255]"
601.948745,12,"[0, 48, 2, 0, 0, 0, 0, 255]"
601.94876,12,"[0, 48, 2, 0, 0, 0, 0, 255]"
601.948775,12,"[0, 48, 2, 0, 0, 0, 0, 255]"
601.94879,12,"[0, 48, 2, 0, 0, 0, 0, 255]"
601.948806,12,"[0, 48, 2, 0, 0, 0, 0, 255]"
601.948821,12,"[0, 48, 2, 0, 0, 0, 0, 255]"
601.948836,12,"[0, 48, 2, 0, 0, 0, 0, 255]"
601.948851,12,"[0, 48, 2, 0, 0, 0, 0, 255]"
601.948866,12,"[0, 48, 2, 0, 0, 0, 0, 255]"
601.948881,12,"[0, 48, 2, 0, 0, 0, 0, 255]"
601.948896,12,"[0, 48, 2, 0, 0, 0, 0, 255]"
601.948911,12,"[0, 48, 2, 0, 0, 0, 0, 255]"
601.948926,12,"[0, 48, 2, 0, 0, 0, 0, 255]"
601.948942,12,"[0, 48, 2, 0, 0, 0, 0, 255]"
601.948957,12,"[0, 48, 2, 0, 0, 0, 0, 255]"
601.948972,12,"[0, 48, 2, 0, 0, 0, 0, 255]"
601.948987,12,"[0, 48, 2, 0, 0, 0, 0, 255]"
601.949006,12,"[0, 48, 2, 0, 0, 0, 0, 255]"
601.949021,12,"[0, 48, 2, 0, 0, 0, 0, 255]"
601.949036,12,"[0, 48, 2, 0, 0, 0, 0, 255]"
601.949051,12,"[0, 48, 2, 0, 0, 0, 0, 255]"
601.949066,12,"[0, 48, 2, 0, 0, 0, 0, 255]"
601.949082,12,"[0, 48, 2, 0, 0, 0, 0, 255]"
601.949097,12,"[0, 48, 2, 0, 0, 0, 0, 255]"
601.949112,12,"[0, 48, 2, 0, 0, 0, 0, 255]"
601.949127,12,"[0, 48, 2, 0, 0, 0, 0, 255]"
601.949142,12,"[0, 48, 2, 0, 0, 0, 0, 255]"
601.949157,12,"[0, 48, 2, 0, 0, 0, 0, 255]"
601.949172,12,"[0, 48, 2, 0, 0, 0, 0, 255]"
601.949188,12,"[0, 48, 2, 0, 0, 0, 0, 255]"
601.949203,12,"[0, 48, 2, 0, 0, 0, 0, 255]"
601.949218,12,"[0, 48, 2, 0, 0, 0, 0, 255]"
601.949233,12,"[0, 48, 2, 0, 0, 0, 0, 255]"
601.949248,12,"[0, 48, 2, 0, 0, 0, 0, 255]"
601.949263,12,"[0, 48, 2, 0, 0, 0, 0, 255]"
601.949279,12,"[0, 48, 2, 0, 0, 0, 0, 255]"
601.949294,12,"[0, 48, 2, 0, 0, 0, 0, 255]"
601.94931,12,"[0, 48, 2, 0, 0, 0, 0, 255]"
601.949325,12,"[0, 48, 2, 0, 0, 0, 0, 255]"
601.94934,12,"[0, 48, 2, 0, 0, 0, 0, 255]"
601.949355,12,"[0, 48, 2, 0, 0, 0, 0, 255]"
601.94937,12,"[0, 48, 2, 0, 0, 0, 0, 255]"
601.949385,12,"[0, 48, 2, 0, 0, 0, 0, 255]"
601.949401,12,"[0, 48, 2, 0, 0, 0, 0, 255]"
601.949416,12,"[0, 48, 2, 0, 0, 0, 0, 255]"
601.949431,12,"[0, 48, 2, 0, 0, 0, 0, 255]"
601.949446,12,"[0, 48, 2, 0, 0, 0, 0, 255]"
601.949461,12,"[0, 48, 2, 0, 0, 0, 0, 255]"
601.949476,12,"[0, 48, 2, 0, 0, 0, 0, 255]"
601.949491,12,"[0, 48, 2, 0, 0, 0, 0, 255]"
601.949507,12,"[0, 48, 2, 0, 0, 0, 0, 255]"
601.949522,12,"[0, 48, 2, 0, 0, 0, 0, 255]"
601.949537,12,"[0, 48, 2, 0, 0, 0, 0, 255]"
601.949552,12,"[0, 48, 2, 0, 0, 0, 0, 255]"
601.949567,12,"[0, 48, 2, 0, 0, 0, 0, 255]"
601.949582,12,"[0, 48, 2, 0, 0, 0, 0, 255]"
601.949597,12,"[0, 48, 2, 0, 0, 0, 0, 255]"
601.949613,12,"[0, 48, 2, 0, 0, 0, 0, 255]"
601.949628,12,"[0, 48, 2, 0, 0, 0, 0, 255]"
601.949643,12,"[0, 48, 2, 0, 0, 0, 0, 255]"
601.949658,12,"[0, 48, 2, 0, 0, 0, 0, 255]"
601.949673,12,"[0, 48, 2, 0, 0, 0, 0, 255]"
601.949688,12,"[0, 48, 2, 0, 0, 0, 0, 255]"
601.949703,12,"[0, 48, 2, 0, 0, 0, 0, 255]"
601.949719,12,"[0, 48, 2, 0, 0, 0, 0, 255]"
601.949734,12,"[0, 48, 2, 0, 0, 0, 0, 255]"
601.949749,12,"[0, 48, 2, 0, 0, 0, 0, 255]"
601.949764,12,"[0, 48, 2, 0, 0, 0, 0, 255]"
601.949779,12,"[0, 48, 2, 0, 0, 0, 0, 255]"
601.949794,12,"[0, 48, 2, 0, 0, 0, 0, 255]"
601.949809,12,"[0, 48, 2, 0, 0, 0, 0, 255]"
601.949825,12,"[0, 48, 2, 0, 0, 0, 0, 255]"
601.94984,12,"[0, 48, 2, 0, 0, 0, 0, 255]"
601.949855,12,"[0, 48, 2, 0, 0, 0, 0, 255]"
601.94987,12,"[0, 48, 2, 0, 0, 0, 0, 255]"
601.949885,12,"[0, 48, 2, 0, 0, 0, 0, 255]"
601.975072,12,"[0, 48, 2, 0, 0, 0, 0, 255]"
601.975087,12,"[0, 48, 2, 0, 0, 0, 0, 255]"
601.975102,12,"[0, 48, 2, 0, 0, 0, 0, 255]"
601.975118,12,"[0, 48, 2, 0, 0, 0, 0, 255]"
601.975133,12,"[0, 48, 2, 0, 0, 0, 0, 255]"
601.975148,12,"[0, 48, 2, 0, 0, 0, 0, 255]"
601.975163,12,"[0, 48, 2, 0, 0, 0, 0, 255]"
601.975178,12,"[0, 48, 2, 0, 0, 0, 0, 255]"
601.975193,12,"[0, 48, 2, 0, 0, 0, 0, 255]"
601.975208,12,"[0, 48, 2, 0, 0, 0, 0, 255]"
601.975224,12,"[0, 48, 2, 0, 0, 0, 0, 255]"
601.975239,12,"[0, 48, 2, 0, 0, 0, 0, 255]"
601.975254,12,"[0, 48, 2, 0, 0, 0, 0, 255]"
601.975269,12,"[0, 48, 2, 0, 0, 0, 0, 255]"
601.975285,12,"[0, 48, 2, 0, 0, 0, 0, 255]"
601.9753,12,"[0, 48, 2, 0, 0, 0, 0, 255]"
601.975315,12,"[0, 48, 2, 0, 0, 0, 0, 255]"
601.97533,12,"[0, 48, 2, 0, 0, 0, 0, 255]"
601.975346,12,"[0, 48, 2, 0, 0, 0, 0, 255]"
601.975361,12,"[0, 48, 2, 0, 0, 0, 0, 255]"
601.975376,12,"[0, 48, 2, 0, 0, 0, 0, 255]"
601.975391,12,"[0, 48, 2, 0, 0, 0, 0, 255]"
601.975406,12,"[0, 48, 2, 0, 0, 0, 0, 255]"
601.975421,12,"[0, 48, 2, 0, 0, 0, 0, 255]"
601.975436,12,"[0, 48, 2, 0, 0, 0, 0, 255]"
601.975452,12,"[0, 48, 2, 0, 0, 0, 0, 255]"
601.975467,12,"[0, 48, 2, 0, 0, 0, 0, 255]"
601.975482,12,"[0, 48, 2, 0, 0, 0, 0, 255]"
601.975497,12,"[0, 48, 2, 0, 0, 0, 0, 255]"
601.975512,12,"[0, 48, 2, 0, 0, 0, 0, 255]"
601.975527,12,"[0, 48, 2, 0, 0, 0, 0, 255]"
601.975542,12,"[0, 48, 2, 0, 0, 0, 0, 255]"
601.975558,12,"[0, 48, 2, 0, 0, 0, 0, 255]"
601.975573,12,"[0, 48, 2, 0, 0, 0, 0, 255]"
601.975588,12,"[0, 48, 2, 0, 0, 0, 0, 255]"
601.975603,12,"[0, 48, 2, 0, 0, 0, 0, 255]"
601.975618,12,"[0, 48, 2, 0, 0, 0, 0, 255]"
601.975633,12,"[0, 48, 2, 0, 0, 0, 0, 255]"
601.975648,12,"[0, 48, 2, 0, 0, 0, 0, 255]"
601.975664,12,"[0, 48, 2, 0, 0, 0, 0, 255]"
601.975679,12,"[0, 48, 2, 0, 0, 0, 0, 255]"
601.975694,12,"[0, 48, 2, 0, 0, 0, 0, 255]"
601.975709,12,"[0, 48, 2, 0, 0, 0, 0, 255]"
601.975724,12,"[0, 48, 2, 0, 0, 0, 0, 255]"
601.975739,12,"[0, 48, 2, 0, 0, 0, 0, 255]"
601.975754,12,"[0, 48, 2, 0, 0, 0, 0, 255]"
601.97577,12,"[0, 48, 2, 0, 0, 0, 0, 255]"
601.975785,12,"[0, 48, 2, 0, 0, 0, 0, 255]"
601.9758,12,"[0, 48, 2, 0, 0, 0, 0, 255]"
601.975815,12,"[0, 48, 2, 0, 0, 0, 0, 255]"
601.97583,12,"[0, 48, 2, 0, 0, 0, 0, 255]"
601.975845,12,"[0, 48, 2, 0, 0, 0, 0, 255]"
601.975861,12,"[0, 48, 2, 0, 0, 0, 0, 255]"
601.975876,12,"[0, 48, 2, 0, 0, 0, 0, 255]"
601.975891,12,"[0, 48, 2, 0, 0, 0, 0, 255]"
601.975906,12,"[0, 48, 2, 0, 0, 0, 0, 255]"
601.975943,12,"[0, 48, 2, 0, 0, 0, 0, 255]"
601.975958,12,"[0, 48, 2, 0, 0, 0, 0, 255]"
601.975973,12,"[0, 48, 2, 0, 0, 0, 0, 255]"
601.975993,12,"[0, 48, 2, 0, 0, 0, 0, 255]"
601.976008,12,"[0, 48, 2, 0, 0, 0, 0, 255]"
601.976023,12,"[0, 48, 2, 0, 0, 0, 0, 255]"
601.976038,12,"[0, 48, 2, 0, 0, 0, 0, 255]"
601.976053,12,"[0, 48, 2, 0, 0, 0, 0, 255]"
601.976068,12,"[0, 48, 2, 0, 0, 0, 0, 255]"
601.976084,12,"[0, 48, 2, 0, 0, 0, 0, 255]"
601.976099,12,"[0, 48, 2, 0, 0, 0, 0, 255]"
601.976114,12,"[0, 48, 2, 0, 0, 0, 0, 255]"
601.976129,12,"[0, 48, 2, 0, 0, 0, 0, 255]"
601.976144,12,"[0, 48, 2, 0, 0, 0, 0, 255]"
601.976159,12,"[0, 48, 2, 0, 0, 0, 0, 255]"
601.976174,12,"[0, 48, 2, 0, 0, 0, 0, 255]"
601.97619,12,"[0, 48, 2, 0, 0, 0, 0, 255]"
601.976205,12,"[0, 48, 2, 0, 0, 0, 0, 255]"
601.97622,12,"[0, 48, 2, 0, 0, 0, 0, 255]"
601.976235,12,"[0, 48, 2, 0, 0, 0, 0, 255]"
601.97625,12,"[0, 48, 2, 0, 0, 0, 0, 255]"
601.976265,12,"[0, 48, 2, 0, 0, 0, 0, 255]"
601.976281,12,"[0, 48, 2, 0, 0, 0, 0, 255]"
601.976296,12,"[0, 48, 2, 0, 0, 0, 0, 255]"
601.976312,12,"[0, 48, 2, 0, 0, 0, 0, 255]"
601.976327,12,"[0, 48, 2, 0, 0, 0, 0, 255]"
601.976342,12,"[0, 48, 2, 0, 0, 0, 0, 255]"
601.976357,12,"[0, 48, 2, 0, 0, 0, 0, 255]"
601.976372,12,"[0, 48, 2, 0, 0, 0, 0, 255]"
601.976387,12,"[0, 48, 2, 0, 0, 0, 0, 255]"
601.976402,12,"[0, 48, 2, 0, 0, 0, 0, 255]"
601.976418,12,"[0, 48, 2, 0, 0, 0, 0, 255]"
601.976433,12,"[0, 48, 2, 0, 0, 0, 0, 255]"
601.976448,12,"[0, 48, 2, 0, 0, 0, 0, 255]"
601.976463,12,"[0, 48, 2, 0, 0, 0, 0, 255]"
601.976478,12,"[0, 48, 2, 0, 0, 0, 0, 255]"
601.976493,12,"[0, 48, 2, 0, 0, 0, 0, 255]"
601.976508,12,"[0, 48, 2, 0, 0, 0, 0, 255]"
601.976524,12,"[0, 48, 2, 0, 0, 0, 0, 255]"
601.976539,12,"[0, 48, 2, 0, 0, 0, 0, 255]"
601.976554,12,"[0, 48, 2, 0, 0, 0, 0, 255]"
601.976569,12,"[0, 48, 2, 0, 0, 0, 0, 255]"
601.976584,12,"[0, 48, 2, 0, 0, 0, 0, 255]"
601.976599,12,"[0, 48, 2, 0, 0, 0, 0, 255]"
601.976615,12,"[0, 48, 2, 0, 0, 0, 0, 255]"
601.97663,12,"[0, 48, 2, 0, 0, 0, 0, 255]"
601.976645,12,"[0, 48, 2, 0, 0, 0, 0, 255]"
601.97666,12,"[0, 48, 2, 0, 0, 0, 0, 255]"
601.976675,12,"[0, 48, 2, 0, 0, 0, 0, 255]"
601.97669,12,"[0, 48, 2, 0, 0, 0, 0, 255]"
601.976705,12,"[0, 48, 2, 0, 0, 0, 0, 255]"
601.976721,12,"[0, 48, 2, 0, 0, 0, 0, 255]"
601.976736,12,"[0, 48, 2, 0, 0, 0, 0, 255]"
601.976751,12,"[0, 48, 2, 0, 0, 0, 0, 255]"
601.976766,12,"[0, 48, 2, 0, 0, 0, 0, 255]"
601.976781,12,"[0, 48, 2, 0, 0, 0, 0, 255]"
601.976796,12,"[0, 48, 2, 0, 0, 0, 0, 255]"
601.976811,12,"[0, 48, 2, 0, 0, 0, 0, 255]"
601.976827,12,"[0, 48, 2, 0, 0, 0, 0, 255]"
601.976842,12,"[0, 48, 2, 0, 0, 0, 0, 255]"
601.976857,12,"[0, 48, 2, 0, 0, 0, 0, 255]"
601.976872,12,"[0, 48, 2, 0, 0, 0, 0, 255]"
601.976887,12,"[0, 48, 2, 0, 0, 0, 0, 255]"
601.976902,12,"[0, 48, 2, 0, 0, 0, 0, 255]"
601.976917,12,"[0, 48, 2, 0, 0, 0, 0, 255]"
601.976933,12,"[0, 48, 2, 0, 0, 0, 0, 255]"
601.976948,12,"[0, 48, 2, 0, 0, 0, 0, 255]"
601.976963,12,"[0, 48, 2, 0, 0, 0, 0, 255]"
601.976982,12,"[0, 48, 2, 0, 0, 0, 0, 255]"
601.976997,12,"[0, 48, 2, 0, 0, 0, 0, 255]"
601.977012,12,"[0, 48, 2, 0, 0, 0, 0, 255]"
601.977028,12,"[0, 48, 2, 0, 0, 0, 0, 255]"
601.977043,12,"[0, 48, 2, 0, 0, 0, 0, 255]"
602.266739,12,"[0, 48, 2, 0, 0, 0, 0, 255]"
602.266768,12,"[0, 48, 2, 0, 0, 0, 0, 255]"
602.266783,12,"[0, 48, 2, 0, 0, 0, 0, 255]"
602.266798,12,"[0, 48, 2, 0, 0, 0, 0, 255]"
602.266836,12,"[0, 48, 2, 0, 0, 0, 0, 255]"
602.266855,12,"[0, 48, 2, 0, 0, 0, 0, 255]"
602.26687,12,"[0, 48, 2, 0, 0, 0, 0, 255]"
602.266885,12,"[0, 48, 2, 0, 0, 0, 0, 255]"
602.2669,12,"[0, 48, 2, 0, 0, 0, 0, 255]"
602.266915,12,"[0, 48, 2, 0, 0, 0, 0, 255]"
602.26693,12,"[0, 48, 2, 0, 0, 0, 0, 255]"
602.266946,12,"[0, 48, 2, 0, 0, 0, 0, 255]"
602.266961,12,"[0, 48, 2, 0, 0, 0, 0, 255]"
602.266976,12,"[0, 48, 2, 0, 0, 0, 0, 255]"
602.266991,12,"[0, 48, 2, 0, 0, 0, 0, 255]"
602.267006,12,"[0, 48, 2, 0, 0, 0, 0, 255]"
602.267021,12,"[0, 48, 2, 0, 0, 0, 0, 255]"
602.267036,12,"[0, 48, 2, 0, 0, 0, 0, 255]"
602.267051,12,"[0, 48, 2, 0, 0, 0, 0, 255]"
602.267066,12,"[0, 48, 2, 0, 0, 0, 0, 255]"
602.267081,12,"[0, 48, 2, 0, 0, 0, 0, 255]"
602.267097,12,"[0, 48, 2, 0, 0, 0, 0, 255]"
602.267112,12,"[0, 48, 2, 0, 0, 0, 0, 255]"
602.267127,12,"[0, 48, 2, 0, 0, 0, 0, 255]"
602.267142,12,"[0, 48, 2, 0, 0, 0, 0, 255]"
602.267157,12,"[0, 48, 2, 0, 0, 0, 0, 255]"
602.267172,12,"[0, 48, 2, 0, 0, 0, 0, 255]"
602.267187,12,"[0, 48, 2, 0, 0, 0, 0, 255]"
602.267202,12,"[0, 48, 2, 0, 0, 0, 0, 255]"
602.267217,12,"[0, 48, 2, 0, 0, 0, 0, 255]"
602.267232,12,"[0, 48, 2, 0, 0, 0, 0, 255]"
602.267248,12,"[0, 48, 2, 0, 0, 0, 0, 255]"
602.267263,12,"[0, 48, 2, 0, 0, 0, 0, 255]"
602.267279,12,"[0, 48, 2, 0, 0, 0, 0, 255]"
602.267294,12,"[0, 48, 2, 0, 0, 0, 0, 255]"
602.267309,12,"[0, 48, 2, 0, 0, 0, 0, 255]"
602.267324,12,"[0, 48, 2, 0, 0, 0, 0, 255]"
602.267339,12,"[0, 48, 2, 0, 0, 0, 0, 255]"
602.267354,12,"[0, 48, 2, 0, 0, 0, 0, 255]"
602.267369,12,"[0, 48, 2, 0, 0, 0, 0, 255]"
602.267384,12,"[0, 48, 2, 0, 0, 0, 0, 255]"
602.267399,12,"[0, 48, 2, 0, 0, 0, 0, 255]"
602.267415,12,"[0, 48, 2, 0, 0, 0, 0, 255]"
602.26743,12,"[0, 48, 2, 0, 0, 0, 0, 255]"
602.267445,12,"[0, 48, 2, 0, 0, 0, 0, 255]"
602.26746,12,"[0, 48, 2, 0, 0, 0, 0, 255]"
602.267475,12,"[0, 48, 2, 0, 0, 0, 0, 255]"
602.26749,12,"[0, 48, 2, 0, 0, 0, 0, 255]"
602.267505,12,"[0, 48, 2, 0, 0, 0, 0, 255]"
602.26752,12,"[0, 48, 2, 0, 0, 0, 0, 255]"
602.267535,12,"[0, 48, 2, 0, 0, 0, 0, 255]"
602.267551,12,"[0, 48, 2, 0, 0, 0, 0, 255]"
602.267566,12,"[0, 48, 2, 0, 0, 0, 0, 255]"
602.267581,12,"[0, 48, 2, 0, 0, 0, 0, 255]"
602.267596,12,"[0, 48, 2, 0, 0, 0, 0, 255]"
602.267611,12,"[0, 48, 2, 0, 0, 0, 0, 255]"
602.267626,12,"[0, 48, 2, 0, 0, 0, 0, 255]"
602.267641,12,"[0, 48, 2, 0, 0, 0, 0, 255]"
602.267656,12,"[0, 48, 2, 0, 0, 0, 0, 255]"
602.267671,12,"[0, 48, 2, 0, 0, 0, 0, 255]"
602.267686,12,"[0, 48, 2, 0, 0, 0, 0, 255]"
602.267702,12,"[0, 48, 2, 0, 0, 0, 0, 255]"
602.267717,12,"[0, 48, 2, 0, 0, 0, 0, 255]"
602.267732,12,"[0, 48, 2, 0, 0, 0, 0, 255]"
602.267747,12,"[0, 48, 2, 0, 0, 0, 0, 255]"
602.267762,12,"[0, 48, 2, 0, 0, 0, 0, 255]"
602.267777,12,"[0, 48, 2, 0, 0, 0, 0, 255]"
602.267792,12,"[0, 48, 2, 0, 0, 0, 0, 255]"
602.267807,12,"[0, 48, 2, 0, 0, 0, 0, 255]"
602.267822,12,"[0, 48, 2, 0, 0, 0, 0, 255]"
602.267837,12,"[0, 48, 2, 0, 0, 0, 0, 255]"
602.267857,12,"[0, 48, 2, 0, 0, 0, 0, 255]"
602.267872,12,"[0, 48, 2, 0, 0, 0, 0, 255]"
602.267887,12,"[0, 48, 2, 0, 0, 0, 0, 255]"
602.267902,12,"[0, 48, 2, 0, 0, 0, 0, 255]"
602.267917,12,"[0, 48, 2, 0, 0, 0, 0, 255]"
602.267932,12,"[0, 48, 2, 0, 0, 0, 0, 255]"
602.267948,12,"[0, 48, 2, 0, 0, 0, 0, 255]"
602.267963,12,"[0, 48, 2, 0, 0, 0, 0, 255]"
602.267978,12,"[0, 48, 2, 0, 0, 0, 0, 255]"
602.267993,12,"[0, 48, 2, 0, 0, 0, 0, 255]"
602.268008,12,"[0, 48, 2, 0, 0, 0, 0, 255]"
602.268023,12,"[0, 48, 2, 0, 0, 0, 0, 255]"
602.268038,12,"[0, 48, 2, 0, 0, 0, 0, 255]"
602.268054,12,"[0, 48, 2, 0, 0, 0, 0, 255]"
602.268069,12,"[0, 48, 2, 0, 0, 0, 0, 255]"
602.268084,12,"[0, 48, 2, 0, 0, 0, 0, 255]"
602.268099,12,"[0, 48, 2, 0, 0, 0, 0, 255]"
602.268114,12,"[0, 48, 2, 0, 0, 0, 0, 255]"
602.268129,12,"[0, 48, 2, 0, 0, 0, 0, 255]"
602.268144,12,"[0, 48, 2, 0, 0, 0, 0, 255]"
602.26816,12,"[0, 48, 2, 0, 0, 0, 0, 255]"
602.268175,12,"[0, 48, 2, 0, 0, 0, 0, 255]"
602.26819,12,"[0, 48, 2, 0, 0, 0, 0, 255]"
602.268205,12,"[0, 48, 2, 0, 0, 0, 0, 255]"
602.26822,12,"[0, 48, 2, 0, 0, 0, 0, 255]"
602.268235,12,"[0, 48, 2, 0, 0, 0, 0, 255]"
602.26825,12,"[0, 48, 2, 0, 0, 0, 0, 255]"
602.268266,12,"[0, 48, 2, 0, 0, 0, 0, 255]"
602.268282,12,"[0, 48, 2, 0, 0, 0, 0, 255]"
602.268297,12,"[0, 48, 2, 0, 0, 0, 0, 255]"
602.268312,12,"[0, 48, 2, 0, 0, 0, 0, 255]"
602.268327,12,"[0, 48, 2, 0, 0, 0, 0, 255]"
602.268342,12,"[0, 48, 2, 0, 0, 0, 0, 255]"
602.268357,12,"[0, 48, 2, 0, 0, 0, 0, 255]"
602.268372,12,"[0, 48, 2, 0, 0, 0, 0, 255]"
602.268388,12,"[0, 48, 2, 0, 0, 0, 0, 255]"
602.268403,12,"[0, 48, 2, 0, 0, 0, 0, 255]"
602.268418,12,"[0, 48, 2, 0, 0, 0, 0, 255]"
602.268433,12,"[0, 48, 2, 0, 0, 0, 0, 255]"
602.268448,12,"[0, 48, 2, 0, 0, 0, 0, 255]"
602.268463,12,"[0, 48, 2, 0, 0, 0, 0, 255]"
602.268479,12,"[0, 48, 2, 0, 0, 0, 0, 255]"
602.268494,12,"[0, 48, 2, 0, 0, 0, 0, 255]"
602.268509,12,"[0, 48, 2, 0, 0, 0, 0, 255]"
602.268524,12,"[0, 48, 2, 0, 0, 0, 0, 255]"
602.268539,12,"[0, 48, 2, 0, 0, 0, 0, 255]"
602.268554,12,"[0, 48, 2, 0, 0, 0, 0, 255]"
602.268569,12,"[0, 48, 2, 0, 0, 0, 0, 255]"
602.268585,12,"[0, 48, 2, 0, 0, 0, 0, 255]"
602.2686,12,"[0, 48, 2, 0, 0, 0, 0, 255]"
602.268615,12,"[0, 48, 2, 0, 0, 0, 0, 255]"
602.26863,12,"[0, 48, 2, 0, 0, 0, 0, 255]"
602.268645,12,"[0, 48, 2, 0, 0, 0, 0, 255]"
602.26866,12,"[0, 48, 2, 0, 0, 0, 0, 255]"
602.268697,12,"[0, 48, 2, 0, 0, 0, 0, 255]"
602.268713,12,"[0, 48, 2, 0, 0, 0, 0, 255]"
602.268728,12,"[0, 48, 2, 0, 0, 0, 0, 255]"
602.268743,12,"[0, 48, 2, 0, 0, 0, 0, 255]"
602.268758,12,"[0, 48, 2, 0, 0, 0, 0, 255]"
602.268773,12,"[0, 48, 2, 0, 0, 0, 0, 255]"
602.268788,12,"[0, 48, 2, 0, 0, 0, 0, 255]"
602.268803,12,"[0, 48, 2, 0, 0, 0, 0, 255]"
602.268819,12,"[0, 48, 2, 0, 0, 0, 0, 255]"
602.268834,12,"[0, 48, 2, 0, 0, 0, 0, 255]"
602.268853,12,"[0, 48, 2, 0, 0, 0, 0, 255]"
602.268868,12,"[0, 48, 2, 0, 0, 0, 0, 255]"
602.268883,12,"[0, 48, 2, 0, 0, 0, 0, 255]"
602.268898,12,"[0, 48, 2, 0, 0, 0, 0, 255]"
602.268914,12,"[0, 48, 2, 0, 0, 0, 0, 255]"
602.268929,12,"[0, 48, 2, 0, 0, 0, 0, 255]"
602.268944,12,"[0, 48, 2, 0, 0, 0, 0, 255]"
602.268959,12,"[0, 48, 2, 0, 0, 0, 0, 255]"
602.268974,12,"[0, 48, 2, 0, 0, 0, 0, 255]"
602.268989,12,"[0, 48, 2, 0, 0, 0, 0, 255]"
602.269004,12,"[0, 48, 2, 0, 0, 0, 0, 255]"
602.26902,12,"[0, 48, 2, 0, 0, 0, 0, 255]"
602.269035,12,"[0, 48, 2, 0, 0, 0, 0, 255]"
602.26905,12,"[0, 48, 2, 0, 0, 0, 0, 255]"
602.269065,12,"[0, 48, 2, 0, 0, 0, 0, 255]"
602.26908,12,"[0, 48, 2, 0, 0, 0, 0, 255]"
602.269095,12,"[0, 48, 2, 0, 0, 0, 0, 255]"
602.26911,12,"[0, 48, 2, 0, 0, 0, 0, 255]"
602.269126,12,"[0, 48, 2, 0, 0, 0, 0, 255]"
602.269141,12,"[0, 48, 2, 0, 0, 0, 0, 255]"
602.269156,12,"[0, 48, 2, 0, 0, 0, 0, 255]"
602.269171,12,"[0, 48, 2, 0, 0, 0, 0, 255]"
602.269186,12,"[0, 48, 2, 0, 0, 0, 0, 255]"
602.269201,12,"[0, 48, 2, 0, 0, 0, 0, 255]"
602.269216,12,"[0, 48, 2, 0, 0, 0, 0, 255]"
602.269232,12,"[0, 48, 2, 0, 0, 0, 0, 255]"
602.269247,12,"[0, 48, 2, 0, 0, 0, 0, 255]"
602.269262,12,"[0, 48, 2, 0, 0, 0, 0, 255]"
602.269278,12,"[0, 48, 2, 0, 0, 0, 0, 255]"
602.269293,12,"[0, 48, 2, 0, 0, 0, 0, 255]"
602.269308,12,"[0, 48, 2, 0, 0, 0, 0, 255]"
602.269323,12,"[0, 48, 2, 0, 0, 0, 0, 255]"
602.269338,12,"[0, 48, 2, 0, 0, 0, 0, 255]"
602.269354,12,"[0, 48, 2, 0, 0, 0, 0, 255]"
602.269369,12,"[0, 48, 2, 0, 0, 0, 0, 255]"
602.269384,12,"[0, 48, 2, 0, 0, 0, 0, 255]"
602.269399,12,"[0, 48, 2, 0, 0, 0, 0, 255]"
602.269414,12,"[0, 48, 2, 0, 0, 0, 0, 255]"
602.269429,12,"[0, 48, 2, 0, 0, 0, 0, 255]"
602.269445,12,"[0, 48, 2, 0, 0, 0, 0, 255]"
602.26946,12,"[0, 48, 2, 0, 0, 0, 0, 255]"
602.269475,12,"[0, 48, 2, 0, 0, 0, 0, 255]"
602.26949,12,"[0, 48, 2, 0, 0, 0, 0, 255]"
602.269505,12,"[0, 48, 2, 0, 0, 0, 0, 255]"
602.26952,12,"[0, 48, 2, 0, 0, 0, 0, 255]"
602.269535,12,"[0, 48, 2, 0, 0, 0, 0, 255]"
602.269551,12,"[0, 48, 2, 0, 0, 0, 0, 255]"
602.269566,12,"[0, 48, 2, 0, 0, 0, 0, 255]"
602.269581,12,"[0, 48, 2, 0, 0, 0, 0, 255]"
602.269596,12,"[0, 48, 2, 0, 0, 0, 0, 255]"
602.269611,12,"[0, 48, 2, 0, 0, 0, 0, 255]"
602.269626,12,"[0, 48, 2, 0, 0, 0, 0, 255]"
602.269641,12,"[0, 48, 2, 0, 0, 0, 0, 255]"
602.269657,12,"[0, 48, 2, 0, 0, 0, 0, 255]"
602.269672,12,"[0, 48, 2, 0, 0, 0, 0, 255]"
602.269687,12,"[0, 48, 2, 0, 0, 0, 0, 255]"
602.269702,12,"[0, 48, 2, 0, 0, 0, 0, 255]"
602.269717,12,"[0, 48, 2, 0, 0, 0, 0, 255]"
602.269732,12,"[0, 48, 2, 0, 0, 0, 0, 255]"
602.269747,12,"[0, 48, 2, 0, 0, 0, 0, 255]"
602.269763,12,"[0, 48, 2, 0, 0, 0, 0, 255]"
602.269778,12,"[0, 48, 2, 0, 0, 0, 0, 255]"
602.269793,12,"[0, 48, 2, 0, 0, 0, 0, 255]"
602.269808,12,"[0, 48, 2, 0, 0, 0, 0, 255]"
602.269823,12,"[0, 48, 2, 0, 0, 0, 0, 255]"
602.269838,12,"[0, 48, 2, 0, 0, 0, 0, 255]"
602.269858,12,"[0, 48, 2, 0, 0, 0, 0, 255]"
602.269873,12,"[0, 48, 2, 0, 0, 0, 0, 255]"
602.269888,12,"[0, 48, 2, 0, 0, 0, 0, 255]"
602.269903,12,"[0, 48, 2, 0, 0, 0, 0, 255]"
602.269918,12,"[0, 48, 2, 0, 0, 0, 0, 255]"
602.269933,12,"[0, 48, 2, 0, 0, 0, 0, 255]"
602.269948,12,"[0, 48, 2, 0, 0, 0, 0, 255]"
602.269964,12,"[0, 48, 2, 0, 0, 0, 0, 255]"
602.269979,12,"[0, 48, 2, 0, 0, 0, 0, 255]"
602.269994,12,"[0, 48, 2, 0, 0, 0, 0, 255]"
602.270009,12,"[0, 48, 2, 0, 0, 0, 0, 255]"
602.270024,12,"[0, 48, 2, 0, 0, 0, 0, 255]"
602.270039,12,"[0, 48, 2, 0, 0, 0, 0, 255]"
602.270054,12,"[0, 48, 2, 0, 0, 0, 0, 255]"
602.27007,12,"[0, 48, 2, 0, 0, 0, 0, 255]"
602.270085,12,"[0, 48, 2, 0, 0, 0, 0, 255]"
602.2701,12,"[0, 48, 2, 0, 0, 0, 0, 255]"
602.270137,12,"[0, 48, 2, 0, 0, 0, 0, 255]"
602.270152,12,"[0, 48, 2, 0, 0, 0, 0, 255]"
602.270167,12,"[0, 48, 2, 0, 0, 0, 0, 255]"
602.270183,12,"[0, 48, 2, 0, 0, 0, 0, 255]"
602.270198,12,"[0, 48, 2, 0, 0, 0, 0, 255]"
602.270213,12,"[0, 48, 2, 0, 0, 0, 0, 255]"
602.270228,12,"[0, 48, 2, 0, 0, 0, 0, 255]"
602.270243,12,"[0, 48, 2, 0, 0, 0, 0, 255]"
602.270258,12,"[0, 48, 2, 0, 0, 0, 0, 255]"
602.270274,12,"[0, 48, 2, 0, 0, 0, 0, 255]"
602.270289,12,"[0, 48, 2, 0, 0, 0, 0, 255]"
602.270305,12,"[0, 48, 2, 0, 0, 0, 0, 255]"
602.27032,12,"[0, 48, 2, 0, 0, 0, 0, 255]"
602.270335,12,"[0, 48, 2, 0, 0, 0, 0, 255]"
602.27035,12,"[0, 48, 2, 0, 0, 0, 0, 255]"
602.270365,12,"[0, 48, 2, 0, 0, 0, 0, 255]"
602.27038,12,"[0, 48, 2, 0, 0, 0, 0, 255]"
602.270395,12,"[0, 48, 2, 0, 0, 0, 0, 255]"
602.270411,12,"[0, 48, 2, 0, 0, 0, 0, 255]"
602.270426,12,"[0, 48, 2, 0, 0, 0, 0, 255]"
602.270441,12,"[0, 48, 2, 0, 0, 0, 0, 255]"
602.270456,12,"[0, 48, 2, 0, 0, 0, 0, 255]"
602.270471,12,"[0, 48, 2, 0, 0, 0, 0, 255]"
602.270486,12,"[0, 48, 2, 0, 0, 0, 0, 255]"
602.270501,12,"[0, 48, 2, 0, 0, 0, 0, 255]"
602.270517,12,"[0, 48, 2, 0, 0, 0, 0, 255]"
602.270532,12,"[0, 48, 2, 0, 0, 0, 0, 255]"
602.270547,12,"[0, 48, 2, 0, 0, 0, 0, 255]"
602.270562,12,"[0, 48, 2, 0, 0, 0, 0, 255]"
602.372908,84155524,"[131, 0, 192, 128, 0, 1, 26, 0]"
602.372922,4,"[0, 76, 0, 0, 0, 0, 0, 126]"
602.373095,33929248,"[0, 0, 18, 7, 0, 21, 64, 0]"
602.37324,33929246,"[0, 0, 14, 7, 0, 19, 64, 0]"
602.373385,33929247,"[0, 0, 12, 7, 0, 20, 64, 0]"
602.373523,33929310,"[0, 0, 0, 0, 0, 64, 0, 0]"
602.373667,33929311,"[0, 0, 0, 0, 0, 64, 0, 0]"
602.37383,33929312,"[0, 0, 0, 0, 0, 64, 0, 0]"
602.377665,33929247,"[0, 0, 12, 7, 0, 20, 64, 0]"
602.37951,33929246,"[0, 0, 14, 7, 0, 19, 64, 0]"
602.381069,33929248,"[0, 0, 17, 7, 0, 21, 64, 0]"
602.381227,33929312,"[0, 0, 0, 0, 0, 64, 0, 0]"
602.387689,33929247,"[0, 0, 12, 7, 0, 20, 64, 0]"
602.387837,33929311,"[0, 0, 0, 0, 0, 64, 0, 0]"
602.388646,84155533,"[131, 0, 64, 128, 1, 1, 26, 0]"
602.389222,84159684,"[243, 255, 183, 220, 255, 191, 229, 38]"
602.389906,33929246,"[0, 0, 14, 7, 0, 19, 64, 0]"
602.39005,33929310,"[0, 0, 0, 0, 0, 64, 0, 0]"
602.390667,33929248,"[0, 0, 18, 7, 0, 21, 64, 0]"
602.391167,84155532,"[131, 0, 64, 128, 1, 1, 26, 0]"
602.39311,84155531,"[131, 0, 64, 128, 1, 1, 26, 0]"
602.395393,84155530,"[131, 0, 64, 128, 1, 1, 26, 0]"
602.397679,33929247,"[0, 0, 12, 7, 0, 20, 64, 0]"
602.397849,84159693,"[249, 255, 127, 207, 255, 255, 123, 38]"
602.399192,84159684,"[253, 255, 191, 220, 255, 127, 229, 38]"
602.399494,33929246,"[0, 0, 14, 7, 0, 19, 64, 0]"
602.400184,84159692,"[5, 0, 16, 208, 255, 191, 128, 38]"
602.400664,33929248,"[0, 0, 17, 7, 0, 21, 64, 0]"
602.400813,33929312,"[0, 0, 0, 0, 0, 64, 0, 0]"
602.402155,84159691,"[0, 0, 200, 201, 255, 191, 78, 38]"
602.404445,84159690,"[5, 0, 216, 239, 255, 255, 126, 39]"
602.407687,33929247,"[0, 0, 11, 7, 0, 20, 64, 0]"
602.407817,4,"[0, 0, 0, 0, 0, 0, 0, 95]"
602.407834,33929311,"[0, 0, 0, 0, 0, 64, 0, 0]"
602.407962,84159693,"[1, 0, 120, 207, 255, 255, 123, 38]"
602.409498,33929246,"[0, 0, 13, 7, 0, 19, 64, 0]"
602.409641,33929310,"[0, 0, 0, 0, 0, 64, 0, 0]"
602.409784,84159684,"[252, 255, 183, 220, 255, 255, 229, 38]"
602.410446,84159692,"[2, 0, 16, 208, 255, 191, 128, 38]"
602.411071,33929248,"[0, 0, 17, 7, 0, 21, 64, 0]"
602.412042,84159691,"[3, 0, 200, 201, 255, 191, 78, 38]"
602.414618,84159690,"[1, 0, 216, 239, 255, 63, 127, 39]"
602.417677,33929247,"[0, 0, 12, 7, 0, 20, 64, 0]"
602.417862,84159693,"[1, 0, 120, 207, 255, 255, 123, 38]"
602.419466,84159684,"[4, 0, 184, 220, 255, 255, 229, 38]"
602.41961,33929246,"[0, 0, 13, 7, 0, 19, 64, 0]"
602.420307,84159692,"[2, 0, 16, 208, 255, 191, 128, 38]"
602.420664,33929248,"[0, 0, 17, 7, 0, 21, 64, 0]"
602.420813,33929312,"[0, 0, 0, 0, 0, 64, 0, 0]"
602.422169,84159691,"[3, 0, 200, 201, 255, 191, 78, 38]"
602.424506,84159690,"[1, 0, 216, 239, 255, 63, 127, 39]"
602.427669,33929311,"[0, 0, 0, 0, 0, 64, 0, 0]"
602.427811,33929247,"[0, 0, 12, 7, 0, 20, 64, 0]"
602.427941,84159693,"[1, 0, 120, 207, 255, 255, 123, 38]"
602.429512,33929246,"[0, 0, 13, 7, 0, 19, 64, 0]"
602.429642,33929310,"[0, 0, 0, 0, 0, 64, 0, 0]"
602.429771,84159684,"[8, 0, 184, 220, 255, 191, 229, 38]"
602.430289,84159692,"[2, 0, 16, 208, 255, 127, 128, 38]"
602.430653,33929248,"[0, 0, 17, 7, 0, 21, 64, 0]"
602.432087,84159691,"[3, 0, 200, 201, 255, 191, 78, 38]"
602.434428,84159690,"[1, 0, 216, 239, 255, 63, 127, 39]"
602.437672,33929247,"[0, 0, 11, 7, 0, 20, 64, 0]"
602.437805,84159693,"[1, 0, 120, 207, 255, 255, 123, 38]"
602.439262,84159684,"[6, 0, 192, 220, 255, 127, 229, 38]"
602.439478,33929246,"[0, 0, 13, 7, 0, 19, 64, 0]"
602.44016,84159692,"[2, 0, 16, 208, 255, 127, 128, 38]"
602.440667,33929248,"[0, 0, 17, 7, 0, 21, 64, 0]"
602.441099,33929312,"[0, 0, 0, 0, 0, 64, 0, 0]"
602.442192,84159691,"[3, 0, 200, 201, 255, 191, 78, 38]"
602.444543,84159690,"[1, 0, 216, 239, 255, 63, 127, 39]"
602.44767,33929247,"[0, 0, 11, 7, 0, 20, 64, 0]"
602.447817,33929311,"[0, 0, 0, 0, 0, 64, 0, 0]"
602.447959,84159693,"[1, 0, 120, 207, 255, 255, 123, 38]"
602.449487,33929246,"[0, 0, 13, 7, 0, 19, 64, 0]"
602.449616,84159684,"[1, 0, 176, 220, 255, 255, 229, 38]"
602.449818,33929310,"[0, 0, 0, 0, 0, 64, 0, 0]"
602.450166,84159692,"[2, 0, 16, 208, 255, 127, 128, 38]"
602.451027,33929248,"[0, 0, 16, 7, 0, 22, 64, 0]"
602.452083,84159691,"[3, 0, 200, 201, 255, 191, 78, 38]"
602.45447,84159690,"[1, 0, 216, 239, 255, 63, 127, 39]"
602.457761,84159693,"[1, 0, 120, 207, 255, 255, 123, 38]"
602.45793,33929247,"[0, 0, 11, 7, 0, 22, 64, 0]"
602.459606,84159684,"[5, 0, 184, 220, 255, 191, 229, 38]"
602.459803,33929246,"[0, 0, 12, 7, 0, 20, 64, 0]"
602.460312,84159692,"[2, 0, 16, 208, 255, 127, 128, 38]"
602.460645,33929248,"[0, 0, 17, 7, 0, 22, 64, 0]"
602.460792,33929312,"[0, 0, 0, 0, 0, 64, 0, 0]"
602.462018,84159691,"[3, 0, 200, 201, 255, 127, 78, 38]"
602.464601,84159690,"[1, 0, 216, 239, 255, 63, 127, 39]"
602.467618,84159693,"[1, 0, 120, 207, 255, 255, 123, 38]"
602.467762,33929247,"[0, 0, 11, 7, 0, 22, 64, 0]"
602.46791,33929311,"[0, 0, 0, 0, 0, 64, 0, 0]"
602.469326,84159684,"[6, 0, 192, 220, 255, 63, 230, 38]"
602.469498,33929246,"[0, 0, 12, 7, 0, 20, 64, 0]"
602.469643,33929310,"[0, 0, 0, 0, 0, 64, 0, 0]"
602.470267,84159692,"[2, 0, 16, 208, 255, 127, 128, 38]"
602.471076,33929248,"[0, 0, 17, 7, 0, 22, 64, 0]"
602.472112,84159691,"[3, 0, 200, 201, 255, 191, 78, 38]"
602.474507,84159690,"[1, 0, 216, 239, 255, 63, 127, 39]"
602.47768,33929247,"[0, 0, 11, 7, 0, 22, 64, 0]"
602.477813,84159693,"[1, 0, 120, 207, 255, 255, 123, 38]"
602.479497,33929246,"[0, 0, 13, 7, 0, 20, 64, 0]"
602.479626,84159684,"[7, 0, 184, 220, 255, 191, 229, 38]"
602.480152,84159692,"[2, 0, 8, 208, 255, 127, 128, 38]"
602.480624,33929312,"[0, 0, 0, 0, 0, 64, 0, 0]"
602.480769,33929248,"[0, 0, 17, 7, 0, 22, 64, 0]"
602.481959,84159691,"[9, 0, 208, 201, 255, 191, 78, 38]"
602.484424,84159690,"[1, 0, 224, 239, 255, 63, 127, 39]"
602.487645,33929247,"[0, 0, 11, 7, 0, 22, 64, 0]"
602.487779,33929311,"[0, 0, 0, 0, 0, 64, 0, 0]"
602.487916,84159693,"[1, 0, 120, 207, 255, 255, 123, 38]"
602.489125,84159684,"[1, 0, 176, 220, 255, 191, 229, 38]"
602.489454,33929246,"[0, 0, 13, 7, 0, 20, 64, 0]"
602.489591,33929310,"[0, 0, 0, 0, 0, 64, 0, 0]"
602.490136,84159692,"[2, 0, 8, 208, 255, 127, 128, 38]"
602.490629,33929248,"[0, 0, 16, 7, 0, 22, 64, 0]"
602.492106,84159691,"[3, 0, 208, 201, 255, 191, 78, 38]"
602.494553,84159690,"[1, 0, 224, 239, 255, 63, 127, 39]"
602.497634,33929247,"[0, 0, 11, 7, 0, 22, 64, 0]"
602.497781,84159693,"[1, 0, 120, 207, 255, 255, 123, 38]"
602.499453,33929246,"[0, 0, 13, 7, 0, 20, 64, 0]"
602.499581,84159684,"[1, 0, 176, 220, 255, 255, 229, 38]"
602.500229,84159692,"[2, 0, 8, 208, 255, 127, 128, 38]"
602.500619,33929248,"[0, 0, 16, 7, 0, 22, 64, 0]"
602.501061,33929312,"[0, 0, 0, 0, 0, 64, 0, 0]"
602.502032,84159691,"[3, 0, 208, 201, 255, 191, 78, 38]"
602.504519,84159690,"[1, 0, 224, 239, 255, 63, 127, 39]"
602.507637,33929247,"[0, 0, 11, 7, 0, 22, 64, 0]"
602.507766,4,"[0, 0, 0, 0, 0, 0, 0, 0]"
602.507783,33929311,"[0, 0, 0, 0, 0, 64, 0, 0]"
602.507912,84159693,"[1, 0, 120, 207, 255, 255, 123, 38]"
602.509228,84159684,"[6, 0, 184, 220, 255, 255, 229, 38]"
602.509442,33929246,"[0, 0, 13, 7, 0, 20, 64, 0]"
602.509586,33929310,"[0, 0, 0, 0, 0, 64, 0, 0]"
602.510269,84159692,"[2, 0, 8, 208, 255, 127, 128, 38]"
602.510613,33929248,"[0, 0, 16, 7, 0, 22, 64, 0]"
602.512102,84159691,"[3, 0, 208, 201, 255, 191, 78, 38]"
602.51461,84159690,"[1, 0, 224, 239, 255, 63, 127, 39]"
602.517645,84159693,"[1, 0, 120, 207, 255, 255, 123, 38]"
602.517816,33929247,"[0, 0, 11, 7, 0, 22, 64, 0]"
602.519436,33929246,"[0, 0, 12, 7, 0, 20, 64, 0]"
602.519574,84159684,"[0, 0, 176, 220, 255, 127, 229, 38]"
602.520318,84159692,"[2, 0, 8, 208, 255, 191, 128, 38]"
602.520612,33929248,"[0, 0, 16, 7, 0, 22, 64, 0]"
602.52076,33929312,"[0, 0, 0, 0, 0, 64, 0, 0]"
602.521969,84159691,"[6, 0, 200, 201, 255, 191, 78, 38]"
602.524546,84159690,"[1, 0, 224, 239, 255, 63, 127, 39]"
602.52762,33929247,"[0, 0, 11, 7, 0, 22, 64, 0]"
602.527768,33929311,"[0, 0, 0, 0, 0, 64, 0, 0]"
602.527897,84159693,"[1, 0, 120, 207, 255, 255, 123, 38]"
602.529213,84159684,"[3, 0, 176, 220, 255, 191, 229, 38]"
602.52943,33929246,"[0, 0, 13, 7, 0, 20, 64, 0]"
602.529574,33929310,"[0, 0, 0, 0, 0, 64, 0, 0]"
602.530099,84159692,"[2, 0, 8, 208, 255, 127, 128, 38]"
602.531036,33929248,"[0, 0, 16, 7, 0, 22, 64, 0]"
602.532072,84159691,"[52, 0, 216, 201, 255, 255, 78, 38]"
602.534481,84159690,"[1, 0, 224, 239, 255, 63, 127, 39]"
602.537598,84159693,"[1, 0, 120, 207, 255, 255, 123, 38]"
602.537742,33929247,"[0, 0, 11, 7, 0, 22, 64, 0]"
602.53947,84159684,"[5, 0, 176, 220, 255, 191, 229, 38]"
602.539669,33929246,"[0, 0, 13, 7, 0, 20, 64, 0]"
602.540191,84159692,"[1, 0, 8, 208, 255, 127, 128, 38]"
602.540588,33929248,"[0, 0, 17, 7, 0, 22, 64, 0]"
602.540745,33929312,"[0, 0, 0, 0, 0, 64, 0, 0]"
602.54201,84159691,"[2, 0, 208, 201, 255, 255, 78, 38]"
602.544581,84159690,"[1, 0, 224, 239, 255, 63, 127, 39]"
602.547606,33929247,"[0, 0, 11, 7, 0, 22, 64, 0]"
602.547742,33929311,"[0, 0, 0, 0, 0, 64, 0, 0]"
602.547889,84159693,"[4, 0, 128, 207, 255, 255, 123, 38]"
602.549419,33929246,"[0, 0, 12, 7, 0, 20, 64, 0]"
602.549561,33929310,"[0, 0, 0, 0, 0, 64, 0, 0]"
602.549704,84159684,"[4, 0, 176, 220, 255, 191, 229, 38]"
602.55016,84159692,"[1, 0, 8, 208, 255, 127, 128, 38]"
602.550592,33929248,"[0, 0, 16, 7, 0, 22, 64, 0]"
602.552071,84159691,"[2, 0, 208, 201, 255, 191, 78, 38]"
602.554513,84159690,"[1, 0, 224, 239, 255, 63, 127, 39]"
602.557593,84159693,"[4, 0, 128, 207, 255, 255, 123, 38]"
602.557737,33929247,"[0, 0, 11, 7, 0, 22, 64, 0]"
602.559271,84159684,"[3, 0, 176, 220, 255, 191, 229, 38]"
602.559651,33929246,"[0, 0, 13, 7, 0, 21, 64, 0]"
602.560283,84159692,"[51, 0, 16, 208, 255, 127, 128, 38]"
602.56102,33929248,"[0, 0, 16, 7, 0, 23, 64, 0]"
602.561158,33929312,"[0, 0, 0, 0, 0, 64, 0, 0]"
602.561931,84159691,"[2, 0, 208, 201, 255, 191, 78, 38]"
602.564581,84159690,"[1, 0, 224, 239, 255, 63, 127, 39]"
602.567599,33929247,"[0, 0, 12, 7, 0, 23, 64, 0]"
602.567747,33929311,"[0, 0, 0, 0, 0, 64, 0, 0]"
602.567876,84159693,"[4, 0, 128, 207, 255, 255, 123, 38]"
602.569439,33929246,"[0, 0, 13, 7, 0, 21, 64, 0]"
602.569583,33929310,"[0, 0, 0, 0, 0, 64, 0, 0]"
602.569727,84159684,"[6, 0, 184, 220, 255, 63, 230, 38]"
602.57026,84159692,"[11, 0, 8, 208, 255, 191, 128, 38]"
602.570575,33929248,"[0, 0, 16, 7, 0, 23, 64, 0]"
602.572063,84159691,"[8, 0, 216, 201, 255, 127, 78, 38]"
602.574463,84159690,"[1, 0, 224, 239, 255, 63, 127, 39]"
602.577556,84159693,"[4, 0, 128, 207, 255, 255, 123, 38]"
602.5777,33929247,"[0, 0, 11, 7, 0, 23, 64, 0]"
602.579076,84159684,"[0, 0, 176, 220, 255, 191, 229, 38]"
602.579405,33929246,"[0, 0, 12, 7, 0, 21, 64, 0]"
602.580128,84159692,"[1, 0, 8, 208, 255, 191, 128, 38]"
602.580607,33929248,"[0, 0, 16, 7, 0, 23, 64, 0]"
602.580755,33929312,"[0, 0, 0, 0, 0, 64, 0, 0]"
602.581993,84159691,"[52, 0, 216, 201, 255, 191, 78, 38]"
602.584646,84159690,"[1, 0, 224, 239, 255, 63, 127, 39]"
602.587586,33929247,"[0, 0, 11, 7, 0, 23, 64, 0]"
602.587729,33929311,"[0, 0, 0, 0, 0, 64, 0, 0]"
602.587875,84159693,"[4, 0, 128, 207, 255, 255, 123, 38]"
602.589393,33929246,"[0, 0, 12, 7, 0, 21, 64, 0]"
602.589536,33929310,"[0, 0, 0, 0, 0, 64, 0, 0]"
602.589678,84159684,"[255, 255, 175, 220, 255, 127, 229, 38]"
602.590128,84159692,"[1, 0, 8, 208, 255, 191, 128, 38]"
602.591001,33929248,"[0, 0, 16, 7, 0, 23, 64, 0]"
602.592071,84159691,"[8, 0, 208, 201, 255, 191, 78, 38]"
602.594544,84159690,"[0, 0, 224, 239, 255, 63, 127, 39]"
602.597612,33929247,"[0, 0, 11, 7, 0, 23, 64, 0]"
602.59778,84159693,"[4, 0, 128, 207, 255, 255, 123, 38]"
602.599173,84159684,"[254, 255, 175, 220, 255, 191, 229, 38]"
602.599395,33929246,"[0, 0, 12, 7, 0, 21, 64, 0]"
602.600293,84159692,"[1, 0, 8, 208, 255, 191, 128, 38]"
602.600593,33929248,"[0, 0, 15, 7, 0, 23, 64, 0]"
602.600741,33929312,"[0, 0, 0, 0, 0, 64, 0, 0]"
602.601927,84159691,"[2, 0, 208, 201, 255, 255, 78, 38]"
602.604408,84159690,"[0, 0, 224, 239, 255, 63, 127, 39]"
602.607601,33929247,"[0, 0, 9, 7, 0, 23, 64, 0]"
602.607743,33929311,"[0, 0, 0, 0, 0, 64, 0, 0]"
602.607887,84159693,"[4, 0, 128, 207, 255, 255, 123, 38]"
602.609415,33929246,"[0, 0, 11, 7, 0, 21, 64, 0]"
602.609559,33929310,"[0, 0, 0, 0, 0, 64, 0, 0]"
602.609688,84159684,"[5, 0, 176, 220, 255, 191, 229, 38]"
602.610213,84159692,"[1, 0, 8, 208, 255, 191, 128, 38]"
602.610599,33929248,"[0, 0, 14, 7, 0, 23, 64, 0]"
602.612048,84159691,"[2, 0, 208, 201, 255, 191, 78, 38]"
602.614497,84159690,"[0, 0, 224, 239, 255, 63, 127, 39]"
602.617542,84161604,"[0, 0, 0, 0, 0, 0, 0, 0]"
602.617686,33929247,"[0, 0, 9, 7, 0, 23, 64, 0]"
602.61782,84159693,"[3, 0, 128, 207, 255, 255, 123, 38]"
602.617964,84160644,"[184, 192, 0, 0, 0, 0, 0, 0]"
602.618401,84175812,"[0, 0, 0, 0, 1, 26, 19, 128]"
602.618702,84166468,"[0, 0, 0, 0, 0, 0, 0, 0]"
602.619414,33929246,"[0, 0, 10, 7, 0, 21, 64, 0]"
602.6196,84159684,"[4, 0, 184, 220, 255, 191, 229, 38]"
602.62021,84159692,"[1, 0, 8, 208, 255, 127, 128, 38]"
602.620991,33929248,"[0, 0, 14, 7, 0, 23, 64, 0]"
602.621135,33929312,"[0, 0, 0, 0, 0, 64, 0, 0]"
602.622072,84159691,"[2, 0, 208, 201, 255, 191, 78, 38]"
602.624453,84159690,"[0, 0, 224, 239, 255, 63, 127, 39]"
602.627598,33929247,"[0, 0, 8, 7, 0, 23, 64, 0]"
602.627746,33929311,"[0, 0, 0, 0, 0, 64, 0, 0]"
602.62789,84159693,"[3, 0, 128, 207, 255, 255, 123, 38]"
602.629388,84159684,"[252, 255, 167, 220, 255, 127, 229, 38]"
602.629531,33929246,"[0, 0, 10, 7, 0, 21, 64, 0]"
602.629673,33929310,"[0, 0, 0, 0, 0, 64, 0, 0]"
602.630153,84159692,"[1, 0, 8, 208, 255, 127, 128, 38]"
602.630592,33929248,"[0, 0, 13, 7, 0, 23, 64, 0]"
602.632138,84159691,"[2, 0, 208, 201, 255, 191, 78, 38]"
602.634379,84159690,"[0, 0, 224, 239, 255, 63, 127, 39]"
602.637594,33929247,"[0, 0, 8, 7, 0, 23, 64, 0]"
602.637769,84159693,"[3, 0, 128, 207, 255, 255, 123, 38]"
602.638033,84161613,"[0, 0, 0, 0, 0, 0, 0, 0]"
602.638345,84160653,"[176, 192, 0, 131, 24, 0, 0, 0]"
602.63853,84175821,"[0, 0, 0, 1, 1, 26, 19, 0]"
602.63876,84166477,"[0, 0, 0, 0, 24, 0, 0, 0]"
602.639404,33929246,"[0, 0, 10, 7, 0, 21, 64, 0]"
602.639588,84159684,"[6, 0, 176, 220, 255, 191, 229, 38]"
602.640179,84159692,"[23, 0, 8, 208, 255, 191, 128, 38]"
602.640519,84161612,"[0, 0, 255, 255, 255, 7, 0, 0]"
602.640656,33929248,"[0, 0, 13, 7, 0, 23, 64, 0]"
602.640803,33929312,"[0, 0, 0, 0, 0, 64, 0, 0]"
602.640946,84160652,"[175, 192, 216, 123, 24, 0, 0, 0]"
602.641187,84175820,"[0, 0, 0, 1, 1, 26, 19, 0]"
602.641452,84166476,"[0, 0, 0, 0, 24, 0, 0, 0]"
602.642007,84159691,"[0, 0, 200, 201, 255, 191, 78, 38]"
602.642299,84161611,"[0, 0, 0, 0, 0, 0, 0, 0]"
602.642825,84160651,"[175, 192, 96, 128, 24, 0, 0, 0]"
602.642996,84175819,"[0, 0, 0, 1, 1, 26, 19, 0]"
602.643245,84166475,"[0, 0, 0, 0, 24, 0, 0, 0]"
602.644527,84159690,"[0, 0, 224, 239, 255, 63, 127, 39]"
602.64484,84161610,"[0, 0, 1, 0, 0, 0, 0, 0]"
602.645183,84160650,"[175, 192, 16, 131, 24, 0, 0, 0]"
602.645584,84175818,"[0, 0, 0, 1, 1, 26, 19, 0]"
602.645783,84166474,"[0, 0, 0, 0, 24, 0, 0, 0]"
602.647594,33929247,"[0, 0, 8, 7, 0, 23, 64, 0]"
602.647742,33929311,"[0, 0, 0, 0, 0, 64, 0, 0]"
602.647871,84159693,"[3, 0, 128, 207, 255, 255, 123, 38]"
602.649402,33929246,"[0, 0, 9, 7, 0, 21, 64, 0]"
602.649546,33929310,"[0, 0, 0, 0, 0, 64, 0, 0]"
602.64969,84159684,"[5, 0, 184, 220, 255, 191, 229, 38]"
602.650329,84159692,"[4, 0, 8, 208, 255, 63, 128, 38]"
602.650615,33929248,"[0, 0, 12, 7, 0, 23, 64, 0]"
602.651975,84159691,"[2, 0, 200, 201, 255, 191, 78, 38]"
602.654398,84159690,"[0, 0, 224, 239, 255, 63, 127, 39]"
602.657521,84159693,"[3, 0, 128, 207, 255, 255, 123, 38]"
602.657665,33929247,"[0, 0, 8, 7, 0, 23, 64, 0]"
602.659381,84159684,"[1, 0, 176, 220, 255, 255, 229, 38]"
602.659519,33929246,"[0, 0, 9, 7, 0, 21, 64, 0]"
602.660208,84159692,"[4, 0, 0, 208, 255, 127, 128, 38]"
602.660574,33929248,"[0, 0, 12, 7, 0, 23, 64, 0]"
602.660722,33929312,"[0, 0, 0, 0, 0, 64, 0, 0]"
602.662121,84159691,"[2, 0, 200, 201, 255, 191, 78, 38]"
602.664295,84159690,"[0, 0, 224, 239, 255, 63, 127, 39]"
602.66758,33929247,"[0, 0, 7, 7, 0, 23, 64, 0]"
602.667729,33929311,"[0, 0, 0, 0, 0, 64, 0, 0]"
602.667859,84159693,"[3, 0, 128, 207, 255, 255, 123, 38]"
602.668003,84211716,"[142, 74, 161, 149, 122, 78, 0, 0]"
602.669403,33929246,"[0, 0, 9, 7, 0, 21, 64, 0]"
602.669547,33929310,"[0, 0, 0, 0, 0, 64, 0, 0]"
602.669676,84159684,"[8, 0, 184, 220, 255, 255, 229, 38]"
602.670173,84159692,"[4, 0, 8, 208, 255, 191, 128, 38]"
602.670601,33929248,"[0, 0, 12, 7, 0, 23, 64, 0]"
602.671994,84159691,"[2, 0, 208, 201, 255, 191, 78, 38]"
602.67444,84159690,"[0, 0, 224, 239, 255, 63, 127, 39]"
602.677572,33929247,"[0, 0, 8, 7, 0, 23, 64, 0]"
602.677747,84159693,"[3, 0, 128, 207, 255, 255, 123, 38]"
602.679235,84159684,"[2, 0, 176, 220, 255, 191, 229, 38]"
602.679421,33929246,"[0, 0, 8, 7, 0, 21, 64, 0]"
602.680068,84159692,"[4, 0, 8, 208, 255, 191, 128, 38]"
602.680563,33929248,"[0, 0, 12, 7, 0, 23, 64, 0]"
602.680999,33929312,"[0, 0, 0, 0, 0, 64, 0, 0]"
602.682083,84159691,"[2, 0, 208, 201, 255, 191, 78, 38]"
602.684569,84159690,"[0, 0, 224, 239, 255, 63, 127, 39]"
602.687567,33929247,"[0, 0, 8, 7, 0, 23, 64, 0]"
602.687713,33929311,"[0, 0, 0, 0, 0, 64, 0, 0]"
602.68785,84159693,"[3, 0, 128, 207, 255, 255, 123, 38]"
602.688034,84211725,"[222, 126, 99, 161, 232, 138, 0, 0]"
602.68909,84159684,"[251, 255, 167, 220, 255, 191, 229, 38]"
602.689809,33929246,"[0, 0, 9, 7, 0, 21, 64, 0]"
602.689954,33929310,"[0, 0, 0, 0, 0, 64, 0, 0]"
602.690098,84159692,"[4, 0, 8, 208, 255, 127, 128, 38]"
602.6903,84211724,"[137, 216, 37, 130, 41, 46, 0, 0]"
602.690552,33929248,"[0, 0, 12, 7, 0, 23, 64, 0]"
602.692061,84159691,"[2, 0, 208, 201, 255, 191, 78, 38]"
602.692269,84211723,"[7, 238, 11, 129, 14, 161, 0, 0]"
602.694557,84159690,"[0, 0, 224, 239, 255, 63, 127, 39]"
602.694755,84211722,"[109, 50, 74, 30, 129, 252, 0, 0]"
602.697546,84159693,"[3, 0, 128, 207, 255, 255, 123, 38]"
602.697694,33929247,"[0, 0, 7, 7, 0, 23, 64, 0]"
602.699379,33929246,"[0, 0, 9, 7, 0, 21, 64, 0]"
602.699509,84159684,"[10, 0, 184, 220, 255, 191, 229, 38]"
602.700048,84159692,"[4, 0, 8, 208, 255, 191, 128, 38]"
602.700541,33929248,"[0, 0, 12, 7, 0, 23, 64, 0]"
602.700703,33929312,"[0, 0, 0, 0, 0, 64, 0, 0]"
602.701942,84159691,"[1, 0, 208, 201, 255, 191, 78, 38]"
602.704433,84159690,"[0, 0, 224, 239, 255, 63, 127, 39]"
602.707549,33929247,"[0, 0, 7, 7, 0, 23, 64, 0]"
602.707697,33929311,"[0, 0, 0, 0, 0, 64, 0, 0]"
602.707841,84159693,"[3, 0, 128, 207, 255, 255, 123, 38]"
602.709172,84159684,"[4, 0, 176, 220, 255, 191, 229, 38]"
602.70936,33929246,"[0, 0, 9, 7, 0, 21, 64, 0]"
602.709504,33929310,"[0, 0, 0, 0, 0, 64, 0, 0]"
602.710227,84159692,"[4, 0, 8, 208, 255, 127, 128, 38]"
602.710965,33929248,"[0, 0, 12, 7, 0, 23, 64, 0]"
602.712088,84159691,"[1, 0, 208, 201, 255, 191, 78, 38]"
602.714539,84159690,"[0, 0, 224, 239, 255, 63, 127, 39]"
602.717549,33929247,"[0, 0, 7, 7, 0, 23, 64, 0]"
602.717747,84159693,"[3, 0, 128, 207, 255, 255, 123, 38]"
602.719359,33929246,"[0, 0, 9, 7, 0, 21, 64, 0]"
602.719502,84159684,"[0, 0, 168, 220, 255, 191, 229, 38]"
602.720151,84159692,"[4, 0, 8, 208, 255, 191, 128, 38]"
602.720534,33929248,"[0, 0, 12, 7, 0, 23, 64, 0]"
602.720681,33929312,"[0, 0, 0, 0, 0, 64, 0, 0]"
602.72197,84159691,"[1, 0, 208, 201, 255, 191, 78, 38]"
602.724407,84159690,"[0, 0, 224, 239, 255, 63, 127, 39]"
602.727552,33929247,"[0, 0, 7, 7, 0, 23, 64, 0]"
602.727685,33929311,"[0, 0, 0, 0, 0, 64, 0, 0]"
602.727835,84159693,"[3, 0, 128, 207, 255, 255, 123, 38]"
602.729356,33929246,"[0, 0, 9, 7, 0, 21, 64, 0]"
602.729507,33929310,"[0, 0, 0, 0, 0, 64, 0, 0]"
602.729649,84159684,"[252, 255, 167, 220, 255, 255, 229, 38]"
602.730063,84159692,"[4, 0, 8, 208, 255, 191, 128, 38]"
602.730524,33929248,"[0, 0, 12, 7, 0, 23, 64, 0]"
602.732102,84159691,"[1, 0, 208, 201, 255, 191, 78, 38]"
602.734601,84159690,"[0, 0, 224, 239, 255, 63, 127, 39]"
602.737539,33929247,"[0, 0, 7, 7, 0, 23, 64, 0]"
602.737687,84159693,"[3, 0, 128, 207, 255, 255, 123, 38]"
602.739217,84159684,"[5, 0, 184, 220, 255, 191, 229, 38]"
602.739362,33929246,"[0, 0, 9, 7, 0, 21, 64, 0]"
602.740199,84159692,"[239, 255, 15, 208, 255, 191, 128, 38]"
602.740528,33929248,"[0, 0, 13, 7, 0, 23, 64, 0]"
602.740953,33929312,"[0, 0, 0, 0, 0, 64, 0, 0]"
602.741948,84159691,"[1, 0, 208, 201, 255, 191, 78, 38]"
602.743422,33823894,"[131, 0, 192, 128, 0, 1, 26, 0]"
602.74358,33827926,"[0, 0, 0, 96, 0, 0, 0, 0]"
602.743785,33828310,"[0, 0, 0, 147, 0, 0, 0, 0]"
602.743928,352590996,"[1, 0, 64, 128, 0, 1, 26, 33]"
602.744506,33827926,"[0, 0, 0, 96, 0, 0, 0, 0]"
602.74465,84159690,"[0, 0, 224, 239, 255, 63, 127, 39]"
602.747532,33929247,"[0, 0, 7, 7, 0, 23, 64, 0]"
602.747674,33929311,"[0, 0, 0, 0, 0, 64, 0, 0]"
602.747818,84159693,"[3, 0, 128, 207, 255, 255, 123, 38]"
602.749346,33929246,"[0, 0, 8, 7, 0, 21, 64, 0]"
602.74949,84159684,"[4, 0, 176, 220, 255, 63, 229, 38]"
602.749681,33929310,"[0, 0, 0, 0, 0, 64, 0, 0]"
602.750304,84159692,"[3, 0, 8, 208, 255, 127, 128, 38]"
602.750519,33929248,"[0, 0, 12, 7, 0, 23, 64, 0]"
602.752021,84159691,"[1, 0, 208, 201, 255, 191, 78, 38]"
602.752817,352595220,"[149, 241, 0, 176, 250, 190, 136, 0]"
602.75449,84159690,"[0, 0, 224, 239, 255, 63, 127, 39]"
602.754634,33827926,"[0, 0, 0, 100, 0, 32, 255, 255]"
602.75481,33828310,"[0, 0, 0, 147, 0, 0, 0, 0]"
602.75753,33929247,"[0, 0, 7, 7, 0, 23, 64, 0]"
602.757664,84159693,"[3, 0, 128, 207, 255, 255, 123, 38]"
602.759335,33929246,"[0, 0, 8, 7, 0, 21, 64, 0]"
602.759536,84159684,"[8, 0, 184, 220, 255, 127, 229, 38]"
602.760074,84159692,"[3, 0, 8, 208, 255, 191, 128, 38]"
602.760539,33929248,"[0, 0, 12, 7, 0, 23, 64, 0]"
602.760688,33929312,"[0, 0, 0, 0, 0, 64, 0, 0]"
602.761912,84159691,"[1, 0, 208, 201, 255, 191, 78, 38]"
602.762806,352595220,"[0, 0, 0, 112, 0, 7, 128, 0]"
602.762958,352596180,"[241, 159, 5, 128, 1, 0, 0, 4]"
602.764462,84159690,"[0, 0, 224, 239, 255, 63, 127, 39]"
602.764605,33827926,"[0, 0, 0, 100, 0, 32, 201, 255]"
602.765676,33823879,"[131, 0, 192, 128, 0, 1, 26, 0]"
602.76586,33827911,"[0, 0, 0, 224, 0, 0, 0, 0]"
602.766101,33828295,"[0, 0, 128, 28, 255, 255, 0, 0]"
602.76645,33823880,"[131, 0, 192, 128, 0, 1, 26, 0]"
602.76662,33827912,"[0, 0, 0, 96, 0, 0, 0, 0]"
602.766767,33823876,"[131, 0, 192, 128, 0, 1, 26, 0]"
602.766909,33827911,"[0, 0, 0, 224, 0, 0, 0, 0]"
602.767052,33823874,"[131, 0, 192, 128, 0, 1, 26, 0]"
602.767194,33823878,"[131, 0, 192, 128, 0, 1, 26, 0]"
602.767337,33823873,"[131, 0, 192, 128, 0, 1, 26, 0]"
602.767474,33827906,"[0, 0, 0, 96, 0, 0, 0, 0]"
602.76763,33827905,"[0, 0, 0, 96, 0, 0, 0, 0]"
602.767763,33827908,"[0, 0, 0, 96, 0, 0, 0, 0]"
602.767919,33827910,"[0, 0, 0, 96, 0, 0, 0, 0]"
602.768062,33828289,"[0, 0, 128, 189, 255, 255, 0, 0]"
602.768213,33823875,"[131, 0, 192, 128, 0, 1, 26, 0]"
602.768342,33823877,"[131, 0, 192, 128, 0, 1, 26, 0]"
602.768485,33823898,"[131, 0, 192, 128, 0, 1, 26, 0]"
602.768628,33827905,"[0, 0, 0, 96, 0, 0, 0, 0]"
602.768775,33827907,"[0, 0, 0, 224, 0, 0, 0, 0]"
602.768918,33827909,"[0, 0, 0, 96, 0, 0, 0, 0]"
602.76906,33827930,"[0, 0, 0, 224, 0, 0, 0, 0]"
602.769197,33828290,"[12, 0, 32, 64, 255, 255, 0, 0]"
602.769341,33828291,"[0, 0, 128, 6, 0, 0, 0, 0]"
602.769498,33827906,"[0, 0, 0, 96, 0, 0, 0, 0]"
602.76964,33827907,"[0, 0, 0, 224, 0, 0, 0, 0]"
602.769773,33828292,"[4, 0, 64, 39, 255, 255, 0, 0]"
602.769915,33828293,"[0, 0, 128, 84, 0, 0, 0, 0]"
602.770066,33827908,"[0, 0, 0, 96, 0, 0, 0, 0]"
602.770208,33828294,"[0, 0, 128, 191, 255, 255, 0, 0]"
602.770351,33827909,"[0, 0, 0, 96, 0, 0, 0, 0]"
602.770494,33828296,"[12, 0, 0, 62, 255, 255, 0, 0]"
602.770636,33828314,"[0, 0, 192, 162, 0, 0, 0, 0]"
602.770783,33827912,"[0, 0, 0, 96, 0, 0, 0, 0]"
602.770933,33827910,"[0, 0, 0, 96, 0, 0, 0, 0]"
602.771076,33929246,"[0, 0, 7, 7, 0, 21, 64, 0]"
602.771218,33827930,"[0, 0, 0, 224, 0, 0, 0, 0]"
602.771361,33929247,"[0, 0, 6, 7, 0, 23, 64, 0]"
602.771504,33929248,"[0, 0, 12, 7, 0, 23, 64, 0]"
602.771646,33929310,"[0, 0, 0, 0, 0, 64, 0, 0]"
602.771801,33929311,"[0, 0, 0, 0, 0, 64, 0, 0]"
602.771929,84159684,"[0, 0, 168, 220, 255, 63, 229, 38]"
602.772072,84159692,"[3, 0, 8, 208, 255, 191, 128, 38]"
602.772214,84159693,"[3, 0, 128, 207, 255, 255, 123, 38]"
602.772358,84159691,"[1, 0, 208, 201, 255, 191, 78, 38]"
602.772809,352595220,"[0, 0, 0, 112, 0, 8, 128, 0]"
602.774282,84159690,"[0, 0, 224, 239, 255, 63, 127, 39]"
602.774537,33827926,"[0, 0, 0, 100, 0, 32, 223, 255]"
602.774782,33828310,"[0, 0, 0, 147, 0, 0, 0, 0]"
602.776831,33827911,"[0, 0, 0, 228, 0, 32, 1, 0]"
602.776988,33828295,"[0, 0, 128, 28, 255, 255, 0, 0]"
602.777511,33929247,"[0, 0, 7, 7, 0, 23, 64, 0]"
602.777665,33827912,"[0, 0, 0, 100, 0, 32, 255, 255]"
602.777808,33827908,"[0, 0, 0, 100, 0, 32, 0, 0]"
602.77795,33827910,"[0, 0, 0, 100, 0, 32, 1, 0]"
602.778093,33828292,"[4, 0, 64, 39, 255, 255, 0, 0]"
602.778235,33827906,"[0, 0, 0, 100, 0, 32, 254, 255]"
602.778379,33827905,"[0, 0, 0, 100, 0, 32, 0, 0]"
602.778515,33828290,"[12, 0, 32, 64, 255, 255, 0, 0]"
602.778662,33828289,"[0, 0, 128, 189, 255, 255, 0, 0]"
602.778804,33828294,"[0, 0, 128, 191, 255, 255, 0, 0]"
602.778947,33828296,"[12, 0, 0, 62, 255, 255, 0, 0]"
602.779089,84159693,"[3, 0, 128, 207, 255, 255, 123, 38]"
602.779232,33827907,"[0, 0, 0, 228, 0, 32, 1, 0]"
602.779383,33827909,"[0, 0, 0, 100, 0, 32, 2, 0]"
602.779527,33827930,"[0, 0, 0, 228, 0, 32, 0, 0]"
602.779661,33828291,"[0, 0, 128, 6, 0, 0, 0, 0]"
602.779805,33828293,"[0, 0, 128, 84, 0, 0, 0, 0]"
602.779949,33929246,"[0, 0, 8, 7, 0, 21, 64, 0]"
602.780093,33828314,"[0, 0, 192, 162, 0, 0, 0, 0]"
602.780231,84159684,"[8, 0, 176, 220, 255, 255, 229, 38]"
602.780376,84159692,"[3, 0, 8, 208, 255, 127, 128, 38]"
602.780534,33929248,"[0, 0, 12, 7, 0, 23, 64, 0]"
602.780682,33929312,"[0, 0, 0, 0, 0, 64, 0, 0]"
602.781982,84159691,"[1, 0, 208, 201, 255, 191, 78, 38]"
602.782805,352595220,"[0, 0, 0, 96, 0, 6, 128, 0]"
602.782949,352596180,"[241, 95, 5, 80, 1, 0, 0, 4]"
602.784422,84159690,"[0, 0, 224, 239, 255, 63, 127, 39]"
602.784565,33827926,"[0, 0, 0, 100, 0, 32, 247, 255]"
602.78681,33827911,"[0, 0, 0, 228, 0, 32, 63, 0]"
602.787502,33929247,"[0, 0, 7, 7, 0, 23, 64, 0]"
602.78765,33827912,"[0, 0, 0, 100, 0, 32, 175, 255]"
602.78778,33827908,"[0, 0, 0, 100, 0, 32, 177, 255]"
602.787924,33827910,"[0, 0, 0, 100, 0, 32, 178, 255]"
602.788069,33929311,"[0, 0, 0, 0, 0, 64, 0, 0]"
602.788221,33827906,"[0, 0, 0, 100, 0, 32, 192, 255]"
602.788365,33827905,"[0, 0, 0, 100, 0, 32, 196, 255]"
602.788495,84159693,"[3, 0, 128, 207, 255, 255, 123, 38]"
602.789091,84159684,"[253, 255, 167, 220, 255, 63, 229, 38]"
602.78922,33827907,"[0, 0, 0, 228, 0, 32, 68, 0]"
602.789365,33827909,"[0, 0, 0, 100, 0, 32, 178, 255]"
602.789509,33827930,"[0, 0, 0, 228, 0, 32, 106, 0]"
602.789657,33929246,"[0, 0, 8, 7, 0, 21, 64, 0]"
602.789786,33929310,"[0, 0, 0, 0, 0, 64, 0, 0]"
602.790165,84159692,"[3, 0, 8, 208, 255, 127, 128, 38]"
602.79048,33929248,"[0, 0, 12, 7, 0, 23, 64, 0]"
602.791927,84159691,"[4, 0, 200, 201, 255, 191, 78, 38]"
602.792793,352595220,"[1, 0, 0, 160, 0, 8, 128, 1]"
602.794391,84159690,"[0, 0, 224, 239, 255, 63, 127, 39]"
602.794549,33827926,"[0, 0, 0, 100, 0, 32, 255, 255]"
602.794697,33828310,"[0, 0, 0, 147, 0, 0, 0, 0]"
602.796811,33827911,"[0, 0, 0, 228, 0, 32, 37, 0]"
602.796963,33828295,"[0, 0, 128, 28, 255, 255, 0, 0]"
602.797533,33827912,"[0, 0, 0, 100, 0, 32, 213, 255]"
602.797667,33929247,"[0, 0, 6, 7, 0, 23, 64, 0]"
602.797819,33827908,"[0, 0, 0, 100, 0, 32, 221, 255]"
602.797963,33827910,"[0, 0, 0, 100, 0, 32, 205, 255]"
602.798107,33828292,"[16, 0, 32, 39, 255, 255, 0, 0]"
602.798236,33827906,"[0, 0, 0, 100, 0, 32, 226, 255]"
602.798381,33828294,"[0, 0, 128, 191, 255, 255, 0, 0]"
602.798525,33827905,"[0, 0, 0, 100, 0, 32, 224, 255]"
602.798695,33828290,"[12, 0, 32, 64, 255, 255, 0, 0]"
602.79881,33828289,"[0, 0, 128, 189, 255, 255, 0, 0]"
602.798968,33828296,"[12, 0, 0, 62, 255, 255, 0, 0]"
602.799098,84159684,"[2, 0, 176, 220, 255, 63, 230, 38]"
602.799242,33827930,"[0, 0, 0, 228, 0, 32, 63, 0]"
602.799387,33827907,"[0, 0, 0, 228, 0, 32, 40, 0]"
602.799539,33827909,"[0, 0, 0, 100, 0, 32, 213, 255]"
602.799673,33828291,"[0, 0, 128, 6, 0, 0, 0, 0]"
602.799817,33828314,"[0, 0, 192, 162, 0, 0, 0, 0]"
602.79996,33929246,"[0, 0, 8, 7, 0, 21, 64, 0]"
602.80009,84159692,"[3, 0, 8, 208, 255, 63, 128, 38]"
602.800234,33828293,"[0, 0, 64, 84, 0, 0, 0, 0]"
602.800379,84159693,"[3, 0, 128, 207, 255, 255, 123, 38]"
602.80063,33929248,"[0, 0, 12, 7, 0, 23, 64, 0]"
602.800778,33929312,"[0, 0, 0, 0, 0, 64, 0, 0]"
602.801842,84159691,"[1, 0, 200, 201, 255, 191, 78, 38]"
602.802765,352595220,"[1, 0, 0, 176, 0, 8, 128, 1]"
602.802917,352596180,"[241, 31, 7, 80, 2, 0, 0, 5]"
602.804437,84159690,"[0, 0, 224, 239, 255, 63, 127, 39]"
602.804581,33827926,"[0, 0, 0, 100, 0, 32, 254, 255]"
602.805319,84211722,"[244, 192, 96, 78, 223, 205, 0, 0]"
602.806765,33827911,"[0, 0, 0, 228, 0, 32, 11, 0]"
602.807528,33929247,"[0, 0, 6, 7, 0, 23, 64, 0]"
602.807662,33827912,"[0, 0, 0, 100, 0, 32, 230, 255]"
602.807805,33827908,"[0, 0, 0, 100, 0, 32, 238, 255]"
602.807949,33827910,"[0, 0, 0, 100, 0, 32, 236, 255]"
602.808101,33929311,"[0, 0, 0, 0, 0, 64, 0, 0]"
602.808231,33827906,"[0, 0, 0, 100, 0, 32, 239, 255]"
602.808375,33827905,"[0, 0, 0, 100, 0, 32, 247, 255]"
602.808519,84159693,"[3, 0, 128, 207, 255, 255, 123, 38]"
602.809058,84159684,"[2, 0, 168, 220, 255, 127, 229, 38]"
602.809202,33827907,"[0, 0, 0, 228, 0, 32, 22, 0]"
602.809332,33827909,"[0, 0, 0, 100, 0, 32, 242, 255]"
602.809474,33827930,"[0, 0, 0, 228, 0, 32, 27, 0]"
602.809617,33929246,"[0, 0, 9, 7, 0, 21, 64, 0]"
602.809771,33929310,"[0, 0, 0, 0, 0, 64, 0, 0]"
602.810153,84159692,"[3, 0, 0, 208, 255, 191, 128, 38]"
602.810507,33929248,"[0, 0, 12, 7, 0, 23, 64, 0]"
602.812081,84159691,"[1, 0, 208, 201, 255, 191, 78, 38]"
602.812289,84211723,"[179, 245, 121, 30, 200, 115, 0, 0]"
602.812773,352595220,"[1, 0, 0, 192, 0, 9, 128, 1]"
602.814413,84159690,"[0, 0, 224, 239, 255, 63, 127, 39]"
602.814556,33827926,"[0, 0, 0, 100, 0, 32, 255, 255]"
602.814795,33828310,"[0, 0, 0, 147, 0, 0, 0, 0]"
602.816819,33827911,"[0, 0, 0, 228, 0, 32, 255, 255]"
602.816962,33828295,"[0, 0, 128, 28, 255, 255, 0, 0]"
602.817507,33929247,"[0, 0, 6, 7, 0, 23, 64, 0]"
602.817654,33827912,"[0, 0, 0, 100, 0, 32, 241, 255]"
602.817796,33827908,"[0, 0, 0, 100, 0, 32, 241, 255]"
602.818141,33827910,"[0, 0, 0, 100, 0, 32, 254, 255]"
602.818996,33827906,"[0, 0, 0, 100, 0, 32, 255, 255]"
602.819858,33828292,"[4, 0, 64, 39, 255, 255, 0, 0]"
602.820713,33828296,"[12, 0, 0, 62, 255, 255, 0, 0]"
602.821585,33828293,"[0, 0, 64, 84, 0, 0, 0, 0]"
602.822426,33929312,"[0, 0, 0, 0, 0, 64, 0, 0]"
602.82321,84159691,"[1, 0, 208, 201, 255, 191, 78, 38]"
602.824065,352595220,"[0, 0, 0, 112, 0, 7, 128, 1]"
602.824906,352596180,"[241, 159, 5, 144, 1, 0, 0, 5]"
602.825769,84159690,"[0, 0, 224, 239, 255, 63, 127, 39]"
602.826681,33827926,"[0, 0, 0, 100, 0, 32, 2, 0]"
602.827557,33827911,"[0, 0, 0, 228, 0, 32, 11, 0]"
602.828455,33827912,"[0, 0, 0, 100, 0, 32, 249, 255]"
602.829325,33929247,"[0, 0, 6, 7, 0, 23, 64, 0]"
602.830186,84159693,"[2, 0, 128, 207, 255, 255, 123, 38]"
602.831042,33827909,"[0, 0, 0, 100, 0, 32, 247, 255]"
602.831904,84159692,"[3, 0, 8, 208, 255, 127, 128, 38]"
602.833677,33929248,"[0, 0, 12, 7, 0, 23, 64, 0]"
602.83921,84159691,"[1, 0, 208, 201, 255, 191, 78, 38]"
602.840108,352595220,"[0, 0, 0, 128, 0, 8, 128, 1]"
602.840978,84159693,"[2, 0, 128, 207, 255, 255, 123, 38]"
602.841905,84159684,"[7, 0, 176, 220, 255, 63, 229, 38]"
602.842768,33929312,"[0, 0, 0, 0, 0, 64, 0, 0]"
602.843673,84159691,"[1, 0, 208, 201, 255, 191, 78, 38]"
602.844546,352595220,"[0, 0, 0, 112, 0, 7, 128, 1]"
602.845401,352596500,"[164, 255, 100, 0, 176, 63, 0, 4]"
602.84627,84159690,"[0, 0, 224, 239, 255, 63, 127, 39]"
602.847111,33827926,"[0, 0, 0, 100, 0, 32, 7, 0]"
602.848024,33827911,"[0, 0, 0, 228, 0, 32, 250, 255]"
602.849009,33929247,"[0, 0, 7, 7, 0, 23, 64, 0]"
602.84985,33827910,"[0, 0, 0, 100, 0, 32, 253, 255]"
602.850691,84159693,"[2, 0, 128, 207, 255, 255, 123, 38]"
602.851564,84159684,"[14, 0, 184, 220, 255, 127, 229, 38]"
602.852361,33929248,"[0, 0, 12, 7, 0, 23, 64, 0]"
602.853151,84159691,"[1, 0, 208, 201, 255, 191, 78, 38]"
602.854042,352595220,"[0, 0, 0, 128, 0, 6, 128, 1]"
602.854948,84159690,"[0, 0, 224, 239, 255, 63, 127, 39]"
602.855768,33827926,"[0, 0, 0, 100, 0, 32, 3, 0]"
602.856701,33828310,"[0, 0, 0, 147, 0, 0, 0, 0]"
602.857574,33827911,"[0, 0, 0, 228, 0, 32, 247, 255]"
602.858422,33828295,"[0, 0, 128, 28, 255, 255, 0, 0]"
602.859291,33929247,"[0, 0, 6, 7, 0, 23, 64, 0]"
602.860082,33827905,"[0, 0, 0, 100, 0, 32, 9, 0]"
602.860923,33827930,"[0, 0, 0, 228, 0, 32, 253, 255]"
602.861771,33929246,"[0, 0, 8, 7, 0, 21, 64, 0]"
602.862661,33929312,"[0, 0, 0, 0, 0, 64, 0, 0]"
602.863548,84159691,"[1, 0, 208, 201, 255, 191, 78, 38]"
602.864445,352595220,"[0, 0, 0, 128, 0, 8, 128, 1]"
602.865314,352596180,"[241, 95, 6, 192, 1, 0, 0, 5]"
602.866162,84159690,"[0, 0, 224, 239, 255, 63, 127, 39]"
602.867031,33827926,"[0, 0, 0, 100, 0, 32, 5, 0]"
602.867829,33827911,"[0, 0, 0, 228, 0, 32, 248, 255]"
602.86872,84211724,"[97, 13, 63, 57, 17, 212, 0, 0]"
602.869557,33827908,"[0, 0, 0, 100, 0, 32, 255, 255]"
602.87042,84161604,"[0, 0, 0, 0, 0, 0, 0, 0]"
602.871267,33827909,"[0, 0, 0, 100, 0, 32, 2, 0]"
602.872237,84159692,"[3, 0, 8, 208, 255, 191, 128, 38]"
602.873057,84159684,"[2, 0, 168, 220, 255, 63, 229, 38]"
602.874142,84159691,"[19, 0, 216, 201, 255, 191, 78, 38]"
602.874983,352595220,"[0, 0, 0, 128, 0, 8, 128, 1]"
602.875853,84159690,"[0, 0, 224, 239, 255, 63, 127, 39]"
602.876694,33828310,"[0, 0, 0, 147, 0, 0, 0, 0]"
602.877567,33827911,"[0, 0, 0, 228, 0, 32, 247, 255]"
602.878444,33828295,"[0, 0, 128, 28, 255, 255, 0, 0]"
602.879292,33929247,"[0, 0, 6, 7, 0, 23, 64, 0]"
602.880132,33827905,"[0, 0, 0, 100, 0, 32, 11, 0]"
602.881138,84159693,"[2, 0, 128, 207, 255, 255, 123, 38]"
602.881972,33828314,"[0, 0, 192, 162, 0, 0, 0, 0]"
602.882848,33929312,"[0, 0, 0, 0, 0, 64, 0, 0]"
602.883682,84159691,"[50, 0, 216, 201, 255, 191, 78, 38]"
602.884577,352595220,"[1, 0, 0, 160, 0, 9, 128, 1]"
602.885468,352596180,"[241, 95, 7, 16, 2, 0, 0, 5]"
602.886417,33827926,"[0, 0, 0, 100, 0, 32, 6, 0]"
602.887263,33827911,"[0, 0, 0, 228, 0, 32, 5, 0]"
602.888143,33827912,"[0, 0, 0, 100, 0, 32, 248, 255]"
602.889063,33929247,"[0, 0, 7, 7, 0, 23, 64, 0]"
602.889912,33929311,"[0, 0, 0, 0, 0, 64, 0, 0]"
602.890774,84175821,"[0, 0, 0, 1, 1, 26, 19, 0]"
602.891651,84159684,"[2, 0, 168, 220, 255, 191, 229, 38]"
602.892574,33929248,"[0, 0, 11, 7, 0, 23, 64, 0]"
602.893365,84166476,"[0, 0, 0, 0, 24, 0, 0, 0]"
602.894306,84160651,"[175, 192, 96, 128, 24, 0, 0, 0]"
602.895154,84166475,"[0, 0, 0, 0, 24, 0, 0, 0]"
602.896052,84159690,"[0, 0, 224, 239, 255, 63, 127, 39]"
602.896943,84175818,"[0, 0, 0, 1, 1, 26, 19, 0]"
602.897799,84166474,"[0, 0, 0, 0, 24, 0, 0, 0]"
602.898647,33828295,"[0, 0, 128, 28, 255, 255, 0, 0]"
602.899516,33827908,"[0, 0, 0, 100, 0, 32, 17, 0]"
602.900357,33828294,"[0, 0, 128, 191, 255, 255, 0, 0]"
602.901225,33827930,"[0, 0, 0, 228, 0, 32, 246, 255]"
602.902038,84159692,"[6, 0, 0, 208, 255, 127, 128, 38]"
602.902921,33929312,"[0, 0, 0, 0, 0, 64, 0, 0]"
602.903812,84159691,"[3, 0, 208, 201, 255, 191, 78, 38]"
602.904766,352596180,"[241, 31, 7, 160, 1, 0, 0, 5]"
602.905649,84159690,"[0, 0, 224, 239, 255, 63, 127, 39]"
602.906479,33827926,"[0, 0, 0, 100, 0, 32, 7, 0]"
602.907268,33827911,"[0, 0, 0, 228, 0, 32, 7, 0]"
602.908121,33929247,"[0, 0, 6, 7, 0, 23, 64, 0]"
602.90899,33827912,"[0, 0, 0, 100, 0, 32, 5, 0]"
602.909803,33929311,"[0, 0, 0, 0, 0, 64, 0, 0]"
602.910644,84159693,"[2, 0, 128, 207, 255, 255, 123, 38]"
602.911473,33929310,"[0, 0, 0, 0, 0, 64, 0, 0]"
602.912343,33929248,"[0, 0, 11, 7, 0, 23, 64, 0]"
602.913183,84159691,"[3, 0, 208, 201, 255, 191, 78, 38]"
602.914059,352595220,"[0, 0, 0, 96, 0, 8, 128, 1]"
602.914898,84159690,"[0, 0, 224, 239, 255, 63, 127, 39]"
602.915768,33827926,"[0, 0, 0, 100, 0, 32, 4, 0]"
602.916645,33828310,"[0, 0, 0, 147, 0, 0, 0, 0]"
602.917505,33827911,"[0, 0, 0, 228, 0, 32, 254, 255]"
602.918382,33828295,"[0, 0, 128, 28, 255, 255, 0, 0]"
602.919208,33929247,"[0, 0, 6, 7, 0, 23, 64, 0]"
602.92007,33827905,"[0, 0, 0, 100, 0, 32, 1, 0]"
602.920911,84159693,"[2, 0, 128, 207, 255, 255, 123, 38]"
602.921724,33929246,"[0, 0, 7, 7, 0, 21, 64, 0]"
602.922644,33929312,"[0, 0, 0, 0, 0, 64, 0, 0]"
602.923517,84159691,"[3, 0, 208, 201, 255, 191, 78, 38]"
602.924451,352595220,"[0, 0, 0, 112, 0, 7, 128, 1]"
602.925313,352596180,"[241, 95, 6, 128, 1, 0, 0, 5]"
602.92619,33827926,"[0, 0, 0, 100, 0, 32, 0, 0]"
602.927093,33827911,"[0, 0, 0, 228, 0, 32, 6, 0]"
602.927826,33827912,"[0, 0, 0, 100, 0, 32, 6, 0]"
602.928703,33929247,"[0, 0, 6, 7, 0, 23, 64, 0]"
602.929504,33827908,"[0, 0, 0, 100, 0, 32, 6, 0]"
602.930366,84159693,"[2, 0, 128, 207, 255, 255, 123, 38]"
602.931214,33827930,"[0, 0, 0, 228, 0, 32, 248, 255]"
602.93204,84159692,"[2, 0, 8, 208, 255, 127, 128, 38]"
602.93291,33929248,"[0, 0, 10, 7, 0, 23, 64, 0]"
602.933751,84159691,"[3, 0, 208, 201, 255, 191, 78, 38]"
602.934635,352595220,"[0, 0, 0, 144, 0, 8, 128, 1]"
602.935515,84159690,"[0, 0, 224, 239, 255, 63, 127, 39]"
602.936428,33827926,"[0, 0, 0, 100, 0, 32, 1, 0]"
602.93721,33828310,"[0, 0, 0, 147, 0, 0, 0, 0]"
602.938073,33827911,"[0, 0, 0, 228, 0, 32, 4, 0]"
602.938957,33828295,"[0, 0, 128, 28, 255, 255, 0, 0]"
602.939848,33827910,"[0, 0, 0, 100, 0, 32, 255, 255]"
602.94071,33828296,"[8, 0, 0, 62, 255, 255, 0, 0]"
602.941631,33828314,"[0, 0, 192, 162, 0, 0, 0, 0]"
602.94251,33929312,"[0, 0, 0, 0, 0, 64, 0, 0]"
602.94333,84159691,"[3, 0, 208, 201, 255, 191, 78, 38]"
602.94417,352595220,"[0, 0, 0, 144, 0, 7, 128, 1]"
602.944956,352596500,"[136, 255, 92, 0, 152, 63, 0, 4]"
602.945818,84159690,"[0, 0, 224, 239, 255, 63, 127, 39]"
602.946659,33828950,"[212, 74, 40, 37, 0, 0, 0, 0]"
602.94751,33828374,"[0, 0, 0, 0, 0, 0, 0, 128]"
602.948422,33828566,"[0, 0, 0, 0, 0, 0, 0, 0]"
602.949277,33929311,"[0, 0, 0, 0, 0, 64, 0, 0]"
602.950131,33827905,"[0, 0, 0, 100, 0, 32, 0, 0]"
602.950958,33827909,"[0, 0, 0, 100, 0, 32, 3, 0]"
602.951799,84159692,"[2, 0, 8, 208, 255, 191, 128, 38]"
602.952725,33929248,"[0, 0, 10, 7, 0, 23, 64, 0]"
602.953629,84159691,"[3, 0, 208, 201, 255, 191, 78, 38]"
602.954445,352595220,"[0, 0, 0, 128, 0, 9, 128, 1]"
602.9553,84159690,"[0, 0, 224, 239, 255, 63, 127, 39]"
602.956119,33827926,"[0, 0, 0, 100, 0, 32, 2, 0]"
602.956967,33828310,"[0, 0, 0, 147, 0, 0, 0, 0]"
602.957744,33827911,"[0, 0, 0, 228, 0, 32, 245, 255]"
602.958649,33828295,"[0, 0, 128, 28, 255, 255, 0, 0]"
602.959549,33827908,"[0, 0, 0, 100, 0, 32, 245, 255]"
602.960391,33828289,"[0, 0, 128, 189, 255, 255, 0, 0]"
602.961224,33827930,"[0, 0, 0, 228, 0, 32, 248, 255]"
602.962064,84159692,"[2, 0, 8, 208, 255, 127, 128, 38]"
602.962862,33929312,"[0, 0, 0, 0, 0, 64, 0, 0]"
602.963768,84159691,"[3, 0, 208, 201, 255, 191, 78, 38]"
602.964623,352596180,"[241, 223, 6, 32, 2, 0, 0, 5]"
602.96551,84159690,"[0, 0, 224, 239, 255, 63, 127, 39]"
602.966387,33827926,"[0, 0, 0, 100, 0, 32, 4, 0]"
602.967248,33844167,"[0, 0, 0, 0, 1, 26, 19, 0]"
602.968104,33834823,"[0, 0, 0, 0, 0, 3, 128, 0]"
602.968973,33828935,"[0, 243, 199, 46, 0, 0, 0, 0]"
602.969821,33834820,"[128, 0, 0, 0, 128, 11, 192, 0]"
602.970619,33827908,"[0, 0, 0, 100, 0, 32, 7, 0]"
602.971514,33828487,"[8, 0, 0, 0, 0, 0, 0, 0]"
602.972376,33828226,"[0, 0, 128, 116, 0, 0, 0, 0]"
602.973231,33828418,"[0, 0, 0, 0, 0, 0, 0, 128]"
602.974129,33828225,"[0, 0, 128, 189, 255, 255, 0, 0]"
602.974948,33828481,"[8, 0, 0, 0, 0, 0, 0, 0]"
602.975804,33828227,"[0, 0, 128, 6, 0, 0, 0, 0]"
602.976666,33828310,"[0, 0, 0, 147, 0, 0, 0, 0]"
602.977532,33828357,"[0, 0, 0, 0, 0, 0, 0, 128]"
602.978409,33828485,"[8, 0, 0, 0, 0, 0, 0, 0]"
602.979278,33828168,"[6, 0, 0, 64, 92, 20, 21, 19]"
602.980133,33827905,"[0, 0, 0, 100, 0, 32, 1, 0]"
602.980996,33827907,"[0, 0, 0, 228, 0, 32, 255, 255]"
602.98188,33844186,"[0, 0, 0, 0, 1, 26, 19, 128]"
602.982742,33828552,"[0, 0, 0, 0, 0, 0, 0, 0]"
602.983619,33828296,"[8, 0, 0, 62, 255, 255, 0, 0]"
602.984478,33929311,"[0, 0, 0, 0, 0, 64, 0, 0]"
602.985312,84159684,"[0, 0, 168, 220, 255, 63, 229, 38]"
602.986231,33828570,"[0, 0, 0, 226, 3, 0, 0, 0]"
602.987208,84211716,"[159, 220, 163, 65, 225, 114, 0, 0]"
602.988157,352596180,"[241, 223, 6, 32, 2, 0, 0, 5]"
602.988955,33827911,"[0, 0, 0, 228, 0, 32, 255, 255]"
602.989808,33827906,"[0, 0, 0, 100, 0, 32, 11, 0]"
602.990656,84159693,"[2, 0, 128, 207, 255, 255, 123, 38]"
602.9915,33929310,"[0, 0, 0, 0, 0, 64, 0, 0]"
602.992355,33929248,"[0, 0, 10, 7, 0, 23, 64, 0]"
602.993188,84159691,"[3, 0, 208, 201, 255, 191, 78, 38]"
602.99398,352611284,"[0, 0, 0, 0, 1, 26, 19, 0]"
602.994842,352596308,"[32, 21, 0, 6, 0, 0, 0, 0]"
602.995739,352596884,"[201, 255, 93, 0, 96, 2, 0, 0]"
602.996609,33880086,"[236, 102, 167, 111, 154, 222, 0, 0]"
602.99746,33828310,"[0, 0, 0, 147, 0, 0, 0, 0]"
602.998307,33827911,"[0, 0, 0, 228, 0, 32, 251, 255]"
602.999154,33828295,"[0, 0, 128, 28, 255, 255, 0, 0]"
602.999974,33828292,"[12, 0, 64, 39, 255, 255, 0, 0]"
603.000815,84159684,"[10, 0, 184, 220, 255, 127, 229, 38]"
603.001614,33929246,"[0, 0, 7, 7, 0, 21, 64, 0]"
603.002514,33929312,"[0, 0, 0, 0, 0, 64, 0, 0]"
603.003362,84159691,"[3, 0, 208, 201, 255, 191, 78, 38]"
603.004216,352595220,"[1, 0, 0, 160, 0, 8, 128, 1]"
603.005086,352596180,"[241, 223, 6, 32, 2, 0, 0, 5]"
603.005927,84159690,"[0, 0, 224, 239, 255, 63, 127, 39]"
603.006703,33827926,"[0, 0, 0, 100, 0, 32, 4, 0]"
603.007609,33827911,"[0, 0, 0, 228, 0, 32, 5, 0]"
603.008503,33929247,"[0, 0, 6, 7, 0, 23, 64, 0]"
603.009351,33827912,"[0, 0, 0, 100, 0, 32, 243, 255]"
603.010213,84159693,"[2, 0, 128, 207, 255, 255, 123, 38]"
603.011061,33827909,"[0, 0, 0, 100, 0, 32, 4, 0]"
603.011844,84159692,"[2, 0, 8, 208, 255, 191, 128, 38]"
603.012707,33929248,"[0, 0, 11, 7, 0, 23, 64, 0]"
603.013605,84159691,"[3, 0, 208, 201, 255, 191, 78, 38]"
603.014457,352595220,"[1, 0, 0, 160, 0, 8, 128, 1]"
603.015283,84159690,"[0, 0, 224, 239, 255, 63, 127, 39]"
603.016131,33827926,"[0, 0, 0, 100, 0, 32, 2, 0]"
603.016907,33828310,"[0, 0, 0, 147, 0, 0, 0, 0]"
603.017762,33827911,"[0, 0, 0, 228, 0, 32, 247, 255]"
603.01861,33880071,"[211, 207, 16, 83, 139, 228, 0, 0]"
603.019469,33827908,"[0, 0, 0, 100, 0, 32, 1, 0]"
603.020295,33880065,"[189, 203, 195, 248, 104, 75, 0, 0]"
603.021143,33827930,"[0, 0, 0, 228, 0, 32, 249, 255]"
603.021947,33828291,"[0, 0, 128, 6, 0, 0, 0, 0]"
603.02281,33828314,"[0, 0, 192, 162, 0, 0, 0, 0]"
603.023651,84159693,"[2, 0, 128, 207, 255, 255, 123, 38]"
603.024495,352595220,"[1, 0, 0, 160, 0, 8, 128, 1]"
603.025365,352596180,"[241, 223, 6, 32, 2, 0, 0, 5]"
603.026233,33827926,"[0, 0, 0, 100, 0, 32, 2, 0]"
603.027096,84159690,"[0, 0, 224, 239, 255, 63, 127, 39]"
603.027973,33827911,"[0, 0, 0, 228, 0, 32, 0, 0]"
603.028814,33827912,"[0, 0, 0, 100, 0, 32, 9, 0]"
603.029605,33827910,"[0, 0, 0, 100, 0, 32, 0, 0]"
603.030499,84159693,"[2, 0, 128, 207, 255, 255, 123, 38]"
603.031347,33929246,"[0, 0, 6, 7, 0, 21, 64, 0]"
603.032216,33929248,"[0, 0, 11, 7, 0, 23, 64, 0]"
603.033093,84159691,"[3, 0, 208, 201, 255, 191, 78, 38]"
603.033948,84211723,"[196, 202, 67, 24, 63, 89, 0, 0]"
603.03483,352595220,"[0, 0, 0, 160, 0, 8, 128, 1]"
603.035692,84159690,"[0, 0, 224, 239, 255, 63, 127, 39]"
603.036597,33828310,"[0, 0, 0, 147, 0, 0, 0, 0]"
603.037352,33827911,"[0, 0, 0, 228, 0, 32, 251, 255]"
603.038213,33828295,"[0, 0, 128, 28, 255, 255, 0, 0]"
603.039061,33929247,"[0, 0, 5, 7, 0, 23, 64, 0]"
603.039909,33828292,"[12, 0, 64, 39, 255, 255, 0, 0]"
603.040778,84159693,"[1, 0, 128, 207, 255, 255, 123, 38]"
603.04164,84159684,"[0, 0, 176, 220, 255, 191, 229, 38]"
603.042484,33929248,"[0, 0, 10, 7, 0, 23, 64, 0]"
603.043353,33929312,"[0, 0, 0, 0, 0, 64, 0, 0]"
603.044194,84159691,"[3, 0, 208, 201, 255, 191, 78, 38]"
603.044978,352596436,"[47, 0, 16, 255, 255, 2, 0, 0]"
603.04584,352596500,"[144, 255, 116, 0, 244, 63, 0, 4]"
603.046738,33827926,"[0, 0, 0, 100, 0, 32, 3, 0]"
603.047593,33827911,"[0, 0, 0, 228, 0, 32, 3, 0]"
603.048458,84159693,"[1, 0, 128, 207, 255, 255, 123, 38]"
603.049299,33827912,"[0, 0, 0, 100, 0, 32, 4, 0]"
603.050204,33929311,"[0, 0, 0, 0, 0, 64, 0, 0]"
603.051117,33827909,"[0, 0, 0, 100, 0, 32, 10, 0]"
603.051943,84159692,"[2, 0, 8, 208, 255, 191, 128, 38]"
603.052799,33929248,"[0, 0, 10, 7, 0, 23, 64, 0]"
603.053661,84159691,"[3, 0, 208, 201, 255, 191, 78, 38]"
603.054588,352595220,"[0, 0, 0, 160, 0, 8, 128, 1]"
603.055432,84159690,"[0, 0, 224, 239, 255, 63, 127, 39]"
603.056302,33827926,"[0, 0, 0, 100, 0, 32, 3, 0]"
603.057149,33828310,"[0, 0, 0, 147, 0, 0, 0, 0]"
603.058012,33827911,"[0, 0, 0, 228, 0, 32, 10, 0]"
603.058882,33828295,"[0, 0, 128, 28, 255, 255, 0, 0]"
603.059722,33827910,"[0, 0, 0, 100, 0, 32, 10, 0]"
603.060509,33828294,"[0, 0, 128, 191, 255, 255, 0, 0]"
603.061407,33828291,"[0, 0, 128, 6, 0, 0, 0, 0]"
603.062262,33929248,"[0, 0, 10, 7, 0, 23, 64, 0]"
603.06311,84211722,"[211, 106, 58, 17, 195, 102, 0, 0]"
603.06398,84159691,"[6, 0, 200, 201, 255, 191, 78, 38]"
603.064835,352596180,"[241, 223, 6, 32, 2, 0, 0, 5]"
603.06569,84159690,"[0, 0, 224, 239, 255, 63, 127, 39]"
603.066596,33827926,"[0, 0, 0, 102, 0, 48, 192, 255]"
603.067398,33827911,"[0, 0, 0, 228, 0, 32, 2, 0]"
603.06826,33827912,"[0, 0, 0, 100, 0, 32, 8, 0]"
603.069101,33929247,"[0, 0, 5, 7, 0, 23, 64, 0]"
603.069949,33827905,"[0, 0, 0, 100, 0, 32, 2, 0]"
603.070812,84159684,"[253, 255, 175, 220, 255, 191, 229, 38]"
603.071674,33929310,"[0, 0, 0, 0, 0, 64, 0, 0]"
603.07258,33929248,"[0, 0, 9, 7, 0, 23, 64, 0]"
603.073417,84159691,"[3, 0, 200, 201, 255, 191, 78, 38]"
603.074257,352595220,"[0, 0, 0, 160, 0, 8, 128, 1]"
603.075057,33827926,"[0, 0, 0, 102, 0, 48, 215, 255]"
603.075919,84159690,"[0, 0, 224, 239, 255, 63, 127, 39]"
603.076767,33828310,"[0, 0, 0, 147, 0, 0, 0, 0]"
603.077615,33827911,"[0, 0, 0, 228, 0, 32, 254, 255]"
603.078445,33828295,"[0, 0, 128, 28, 255, 255, 0, 0]"
603.079286,33929247,"[0, 0, 5, 7, 0, 23, 64, 0]"
603.08007,33827905,"[0, 0, 0, 100, 0, 32, 3, 0]"
603.080932,33827930,"[0, 0, 0, 228, 0, 32, 253, 255]"
603.081794,84159684,"[2, 0, 176, 220, 255, 255, 229, 38]"
603.082621,33929312,"[0, 0, 0, 0, 0, 64, 0, 0]"
603.083575,84159691,"[3, 0, 200, 201, 255, 191, 78, 38]"
603.084433,352595220,"[0, 0, 0, 160, 0, 8, 128, 1]"
603.085266,352596180,"[241, 223, 6, 32, 2, 0, 0, 5]"
603.086093,84159690,"[0, 0, 224, 239, 255, 63, 127, 39]"
603.086955,33827926,"[0, 0, 0, 102, 0, 48, 237, 255]"
603.087817,33827911,"[0, 0, 0, 230, 0, 48, 67, 0]"
603.088651,33827912,"[0, 0, 0, 102, 0, 48, 183, 255]"
603.089495,33827908,"[0, 0, 0, 102, 0, 48, 163, 255]"
603.090271,84159693,"[1, 0, 128, 207, 255, 63, 124, 38]"
603.091141,33929246,"[0, 0, 6, 7, 0, 21, 64, 0]"
603.091989,84159692,"[2, 0, 8, 208, 255, 191, 128, 38]"
603.092837,84211716,"[119, 20, 241, 22, 191, 183, 0, 0]"
603.093706,84159691,"[210, 255, 207, 201, 255, 127, 78, 38]"
603.094575,352595220,"[0, 0, 0, 160, 0, 8, 128, 1]"
603.095455,84159690,"[0, 0, 224, 239, 255, 63, 127, 39]"
603.096375,33828310,"[0, 0, 0, 147, 0, 0, 0, 0]"
603.103456,33827911,"[0, 0, 0, 230, 0, 48, 50, 0]"
603.104325,33828295,"[0, 0, 128, 28, 255, 255, 0, 0]"
603.105094,352596180,"[241, 223, 6, 32, 2, 0, 0, 5]"
603.105999,84159690,"[0, 0, 224, 239, 255, 63, 127, 39]"
603.106912,33827926,"[0, 0, 0, 102, 0, 48, 254, 255]"
603.107767,33827911,"[0, 0, 0, 230, 0, 48, 15, 0]"
603.108623,33929247,"[0, 0, 5, 7, 0, 23, 64, 0]"
603.109481,33827912,"[0, 0, 0, 102, 0, 48, 237, 255]"
603.110249,84159693,"[1, 0, 128, 207, 255, 255, 123, 38]"
603.111112,33929246,"[0, 0, 6, 7, 0, 21, 64, 0]"
603.111953,84159692,"[2, 0, 8, 208, 255, 127, 128, 38]"
603.112952,33929248,"[0, 0, 10, 7, 0, 23, 64, 0]"
603.113778,84159691,"[6, 0, 208, 201, 255, 191, 78, 38]"
603.11462,352595220,"[0, 0, 0, 160, 0, 8, 128, 1]"
603.115399,84159690,"[0, 0, 224, 239, 255, 63, 127, 39]"
603.116261,33828310,"[0, 0, 0, 147, 0, 0, 0, 0]"
603.117111,33827911,"[0, 0, 0, 230, 0, 48, 255, 255]"
603.117967,33828295,"[0, 0, 128, 28, 255, 255, 0, 0]"
603.118786,33827912,"[0, 0, 0, 102, 0, 48, 249, 255]"
603.119634,33827910,"[0, 0, 0, 102, 0, 48, 248, 255]"
603.120414,33828294,"[0, 0, 128, 191, 255, 255, 0, 0]"
603.121276,33828291,"[0, 0, 128, 6, 0, 0, 0, 0]"
603.122188,84161604,"[0, 0, 0, 0, 0, 0, 0, 0]"
603.122957,84175812,"[0, 0, 0, 0, 1, 26, 19, 128]"
603.123863,84159691,"[2, 0, 208, 201, 255, 191, 78, 38]"
603.124782,352596180,"[241, 223, 6, 32, 2, 0, 0, 5]"
603.12558,84159690,"[0, 0, 224, 239, 255, 63, 127, 39]"
603.126438,33827926,"[0, 0, 0, 102, 0, 48, 3, 0]"
603.127284,33827911,"[0, 0, 0, 230, 0, 48, 3, 0]"
603.128119,33827912,"[0, 0, 0, 102, 0, 48, 248, 255]"
603.12891,33929247,"[0, 0, 5, 7, 0, 23, 64, 0]"
603.129822,33827910,"[0, 0, 0, 102, 0, 48, 3, 0]"
603.130557,84159684,"[9, 0, 192, 220, 255, 127, 229, 38]"
603.131337,33929310,"[0, 0, 0, 0, 0, 64, 0, 0]"
603.132206,84159692,"[209, 255, 7, 208, 255, 63, 128, 38]"
603.133004,33880065,"[146, 224, 252, 94, 104, 69, 0, 0]"
603.133796,84159691,"[2, 0, 208, 201, 255, 191, 78, 38]"
603.134623,352595220,"[0, 0, 0, 160, 0, 8, 128, 1]"
603.135474,84159690,"[0, 0, 224, 239, 255, 63, 127, 39]"
603.136243,33827926,"[0, 0, 0, 102, 0, 48, 3, 0]"
603.137042,33828310,"[0, 0, 0, 147, 0, 0, 0, 0]"
603.137911,33827911,"[0, 0, 0, 230, 0, 48, 10, 0]"
603.138801,33828295,"[0, 0, 128, 28, 255, 255, 0, 0]"
603.139557,33827910,"[0, 0, 0, 102, 0, 48, 13, 0]"
603.140387,33828294,"[0, 0, 128, 191, 255, 255, 0, 0]"
603.141228,33827930,"[0, 0, 0, 230, 0, 48, 230, 255]"
603.142133,84159684,"[9, 0, 184, 220, 255, 127, 229, 38]"
603.143017,84161612,"[0, 0, 255, 255, 255, 7, 0, 0]"
603.143858,84166476,"[0, 0, 0, 0, 24, 0, 0, 0]"
603.144706,84166475,"[0, 0, 0, 0, 24, 0, 0, 0]"
603.145583,352596500,"[152, 255, 88, 0, 168, 63, 0, 4]"
603.146477,84161610,"[0, 0, 1, 0, 0, 0, 0, 0]"
603.147267,84166474,"[0, 0, 0, 0, 24, 0, 0, 0]"
603.148094,33827911,"[0, 0, 0, 230, 0, 48, 2, 0]"
603.148942,33827912,"[0, 0, 0, 102, 0, 48, 2, 0]"
603.149719,33929311,"[0, 0, 0, 0, 0, 64, 0, 0]"
603.150552,84159693,"[1, 0, 128, 207, 255, 255, 123, 38]"
603.151259,33929310,"[0, 0, 0, 0, 0, 64, 0, 0]"
603.152071,33929248,"[0, 0, 9, 7, 0, 23, 64, 0]"
603.152948,84159691,"[2, 0, 208, 201, 255, 191, 78, 38]"
603.153753,352595220,"[0, 0, 0, 160, 0, 8, 128, 1]"
603.154553,84159690,"[0, 0, 224, 239, 255, 63, 127, 39]"
603.155476,33827926,"[0, 0, 0, 102, 0, 48, 4, 0]"
603.156251,33828310,"[0, 0, 0, 147, 0, 0, 0, 0]"
603.157065,33827911,"[0, 0, 0, 230, 0, 48, 246, 255]"
603.157849,33828295,"[0, 0, 128, 28, 255, 255, 0, 0]"
603.158747,33929247,"[0, 0, 5, 7, 0, 23, 64, 0]"
603.159624,33827910,"[0, 0, 0, 102, 0, 48, 5, 0]"
603.160468,33828294,"[0, 0, 128, 191, 255, 255, 0, 0]"
603.16125,33828314,"[0, 0, 192, 162, 0, 0, 0, 0]"
603.162156,84159692,"[5, 0, 16, 208, 255, 191, 128, 38]"
603.163004,33929312,"[0, 0, 0, 0, 0, 64, 0, 0]"
603.16386,84159691,"[2, 0, 208, 201, 255, 191, 78, 38]"
603.164686,352596180,"[241, 223, 6, 16, 2, 0, 0, 5]"
603.165592,33827926,"[0, 0, 0, 104, 0, 64, 195, 255]"
603.166464,84159690,"[0, 0, 224, 239, 255, 63, 127, 39]"
603.167294,33827911,"[0, 0, 0, 230, 0, 48, 254, 255]"
603.168194,33929247,"[0, 0, 4, 7, 0, 23, 64, 0]"
603.16905,33827912,"[0, 0, 0, 102, 0, 48, 0, 0]"
603.169937,33929311,"[0, 0, 0, 0, 0, 64, 0, 0]"
603.170778,33827930,"[0, 0, 0, 230, 0, 48, 63, 0]"
603.171647,84159684,"[6, 0, 184, 220, 255, 191, 229, 38]"
603.172545,33929248,"[0, 0, 9, 7, 0, 23, 64, 0]"
603.173417,84159691,"[2, 0, 208, 201, 255, 191, 78, 38]"
603.174271,352595220,"[0, 0, 0, 160, 0, 8, 128, 1]"
603.175218,84159690,"[0, 0, 224, 239, 255, 63, 127, 39]"
603.176059,33827926,"[0, 0, 0, 104, 0, 64, 212, 255]"
603.176836,33828310,"[0, 0, 0, 147, 0, 0, 0, 0]"
603.177698,33827911,"[0, 0, 0, 230, 0, 48, 1, 0]"
603.178546,33828295,"[0, 0, 128, 28, 255, 255, 0, 0]"
603.17939,33827908,"[0, 0, 0, 102, 0, 48, 2, 0]"
603.180259,33828290,"[4, 0, 32, 64, 255, 255, 0, 0]"
603.181107,33827907,"[0, 0, 0, 230, 0, 48, 253, 255]"
603.181884,84159684,"[4, 0, 184, 220, 255, 255, 229, 38]"
603.182789,33929312,"[0, 0, 0, 0, 0, 64, 0, 0]"
603.183644,84159691,"[2, 0, 208, 201, 255, 191, 78, 38]"
603.184541,352595220,"[0, 0, 0, 160, 0, 8, 128, 1]"
603.185371,352596180,"[241, 223, 6, 16, 2, 0, 0, 5]"
603.186212,84159690,"[0, 0, 216, 239, 255, 63, 127, 39]"
603.186997,33827911,"[0, 0, 0, 232, 0, 64, 50, 0]"
603.187911,33827912,"[0, 0, 0, 104, 0, 64, 180, 255]"
603.188788,33929247,"[0, 0, 4, 7, 0, 23, 64, 0]"
603.189636,33827910,"[0, 0, 0, 104, 0, 64, 156, 255]"
603.190458,33827905,"[0, 0, 0, 104, 0, 64, 192, 255]"
603.191307,33929246,"[0, 0, 5, 7, 0, 21, 64, 0]"
603.192089,84159692,"[1, 0, 8, 208, 255, 191, 128, 38]"
603.192944,33929248,"[0, 0, 10, 7, 0, 23, 64, 0]"
603.1938,84159691,"[2, 0, 208, 201, 255, 191, 78, 38]"
603.194655,352595220,"[0, 0, 0, 160, 0, 8, 128, 1]"
603.195539,84159690,"[3, 0, 216, 239, 255, 63, 127, 39]"
603.196448,33834838,"[0, 0, 0, 0, 0, 0, 128, 0]"
603.197304,33828182,"[3, 0, 0, 192, 90, 20, 23, 0]"
603.198172,33828374,"[0, 0, 0, 0, 0, 0, 0, 128]"
603.199028,33828295,"[0, 0, 128, 28, 255, 255, 0, 0]"
603.199876,33827906,"[0, 0, 0, 104, 0, 64, 199, 255]"
603.20071,33828296,"[40, 0, 32, 62, 255, 255, 0, 0]"
603.201543,33929246,"[0, 0, 6, 7, 0, 21, 64, 0]"
603.202352,33929312,"[0, 0, 0, 0, 0, 64, 0, 0]"
603.203213,84159691,"[2, 0, 208, 201, 255, 191, 78, 38]"
603.204061,352595220,"[0, 0, 0, 160, 0, 8, 128, 1]"
603.20496,352596180,"[241, 223, 6, 16, 2, 0, 0, 5]"
603.205808,84159690,"[2, 0, 224, 239, 255, 63, 127, 39]"
603.206649,33827926,"[0, 0, 0, 104, 0, 64, 254, 255]"
603.207429,33827911,"[0, 0, 0, 232, 0, 64, 11, 0]"
603.208292,33827912,"[0, 0, 0, 104, 0, 64, 234, 255]"
603.209132,33929247,"[0, 0, 5, 7, 0, 23, 64, 0]"
603.20998,84159693,"[1, 0, 136, 207, 255, 255, 123, 38]"
603.210799,33827930,"[0, 0, 0, 232, 0, 64, 23, 0]"
603.21164,84159692,"[1, 0, 8, 208, 255, 191, 128, 38]"
603.212419,33929248,"[0, 0, 9, 7, 0, 23, 64, 0]"
603.213325,84159691,"[2, 0, 208, 201, 255, 255, 78, 38]"
603.214165,352595220,"[0, 0, 0, 160, 0, 8, 128, 1]"
603.215018,84159690,"[2, 0, 224, 239, 255, 63, 127, 39]"
603.215838,33827926,"[0, 0, 0, 104, 0, 64, 3, 0]"
603.216679,33828310,"[0, 0, 0, 147, 0, 0, 0, 0]"
603.217534,33844167,"[0, 0, 0, 0, 1, 26, 19, 0]"
603.218392,33834823,"[0, 0, 0, 0, 0, 3, 128, 0]"
603.219282,33827911,"[0, 0, 0, 232, 0, 64, 245, 255]"
603.220122,33828936,"[0, 243, 199, 46, 0, 0, 0, 0]"
603.221083,33828929,"[0, 243, 199, 46, 0, 0, 0, 0]"
603.222002,33828161,"[1, 0, 0, 64, 92, 18, 22, 20]"
603.22285,33834818,"[128, 0, 0, 0, 128, 11, 192, 0]"
603.223705,33844163,"[0, 0, 0, 0, 1, 26, 19, 0]"
603.224532,33834819,"[0, 0, 0, 0, 0, 3, 128, 0]"
603.225376,33828354,"[0, 0, 0, 0, 0, 0, 0, 128]"
603.226159,33827926,"[0, 0, 0, 104, 0, 64, 3, 0]"
603.227022,33828355,"[0, 0, 0, 0, 0, 0, 0, 128]"
603.22787,33828420,"[0, 0, 0, 0, 0, 0, 0, 128]"
603.228711,33828548,"[0, 0, 0, 0, 0, 0, 0, 0]"
603.229587,33828165,"[3, 0, 0, 0, 92, 19, 23, 20]"
603.230431,33828934,"[0, 243, 199, 46, 0, 0, 0, 0]"
603.231214,33828954,"[104, 198, 41, 41, 0, 0, 0, 0]"
603.232148,33828421,"[0, 0, 0, 0, 0, 0, 0, 128]"
603.233097,33828422,"[0, 0, 0, 0, 0, 0, 0, 128]"
603.233902,33828549,"[0, 0, 0, 0, 0, 0, 0, 0]"
603.234807,33828378,"[0, 0, 0, 0, 0, 31, 0, 128]"
603.235648,84159684,"[248, 255, 167, 220, 255, 63, 229, 38]"
603.236554,33828310,"[0, 0, 0, 147, 0, 0, 0, 0]"
603.237412,352595220,"[0, 0, 0, 160, 0, 8, 128, 1]"
603.238275,352595220,"[0, 0, 0, 160, 0, 8, 128, 1]"
603.239151,33929247,"[0, 0, 4, 7, 0, 23, 64, 0]"
603.240056,33828290,"[4, 0, 32, 64, 255, 255, 0, 0]"
603.240912,84159693,"[0, 0, 144, 207, 255, 255, 123, 38]"
603.241753,33828314,"[0, 0, 192, 162, 0, 0, 0, 0]"
603.242601,33929312,"[0, 0, 0, 0, 0, 64, 0, 0]"
603.24338,84159691,"[2, 0, 208, 201, 255, 191, 78, 38]"
603.244249,352611284,"[0, 0, 0, 0, 1, 26, 19, 0]"
603.245097,352596308,"[57, 21, 0, 6, 0, 0, 0, 0]"
603.245945,352596628,"[244, 105, 0, 0, 0, 0, 0, 0]"
603.246815,352596884,"[203, 255, 93, 0, 101, 2, 0, 0]"
603.247678,33827911,"[0, 0, 0, 232, 0, 64, 250, 255]"
603.248533,33827912,"[0, 0, 0, 104, 0, 64, 1, 0]"
603.249355,33827908,"[0, 0, 0, 104, 0, 64, 6, 0]"
603.250195,84159693,"[10, 0, 152, 207, 255, 63, 124, 38]"
603.250993,33827930,"[0, 0, 0, 232, 0, 64, 5, 0]"
603.251892,84159692,"[1, 0, 8, 208, 255, 191, 128, 38]"
603.252747,33929248,"[0, 0, 9, 7, 0, 23, 64, 0]"
603.253588,84159691,"[2, 0, 208, 201, 255, 191, 78, 38]"
603.254515,352595220,"[0, 0, 0, 160, 0, 8, 128, 1]"
603.255374,84159690,"[2, 0, 224, 239, 255, 63, 127, 39]"
603.256235,33828310,"[0, 0, 0, 147, 0, 0, 0, 0]"
603.257112,33930272,"[0, 0, 0, 0, 56, 220, 7, 176]"
603.258011,33827911,"[0, 0, 0, 232, 0, 64, 243, 255]"
603.258866,33828295,"[0, 0, 128, 28, 255, 255, 0, 0]"
603.259693,33828292,"[8, 0, 64, 39, 255, 255, 0, 0]"
603.260534,33828296,"[40, 0, 96, 62, 255, 255, 0, 0]"
603.261314,33828291,"[0, 0, 128, 6, 0, 0, 0, 0]"
603.262169,33929312,"[0, 0, 0, 0, 0, 64, 0, 0]"
603.263109,84159692,"[1, 0, 8, 208, 255, 127, 128, 38]"
603.263907,84159691,"[2, 0, 208, 201, 255, 191, 78, 38]"
603.264769,352596180,"[241, 223, 6, 16, 2, 0, 0, 5]"
603.26561,84159690,"[244, 255, 223, 239, 255, 63, 127, 39]"
603.266515,33827926,"[0, 0, 0, 104, 0, 64, 7, 0]"
603.271386,33827911,"[0, 0, 0, 232, 0, 64, 252, 255]"
603.272276,33929247,"[0, 0, 4, 7, 0, 23, 64, 0]"
603.273145,33929248,"[0, 0, 9, 7, 0, 23, 64, 0]"
603.274007,84159691,"[2, 0, 208, 201, 255, 191, 78, 38]"
603.274855,33880070,"[242, 213, 126, 219, 209, 171, 0, 0]"
603.275689,84159690,"[2, 0, 216, 239, 255, 63, 127, 39]"
603.276537,33828310,"[0, 0, 0, 147, 0, 0, 0, 0]"
603.277317,84211722,"[198, 236, 81, 105, 25, 85, 0, 0]"
603.278178,33827911,"[0, 0, 0, 232, 0, 64, 248, 255]"
603.279019,33828295,"[0, 0, 128, 28, 255, 255, 0, 0]"
603.279882,33827906,"[0, 0, 0, 104, 0, 64, 15, 0]"
603.280744,84159693,"[3, 0, 152, 207, 255, 255, 123, 38]"
603.281585,33929246,"[0, 0, 6, 7, 0, 21, 64, 0]"
603.282364,33929312,"[0, 0, 0, 0, 0, 64, 0, 0]"
603.283269,84159691,"[2, 0, 208, 201, 255, 191, 78, 38]"
603.28411,352595220,"[0, 0, 0, 160, 0, 8, 128, 1]"
603.284958,352596180,"[241, 223, 6, 16, 2, 0, 0, 5]"
603.285785,84159690,"[2, 0, 224, 239, 255, 63, 127, 39]"
603.286633,33827926,"[0, 0, 0, 104, 0, 64, 10, 0]"
603.287413,33827911,"[0, 0, 0, 232, 0, 64, 250, 255]"
603.288275,33929247,"[0, 0, 4, 7, 0, 23, 64, 0]"
603.289122,33827912,"[0, 0, 0, 104, 0, 64, 5, 0]"
603.28997,33827905,"[0, 0, 0, 104, 0, 64, 253, 255]"
603.290797,33827907,"[0, 0, 0, 232, 0, 64, 241, 255]"
603.291631,84159684,"[0, 0, 168, 220, 255, 127, 229, 38]"
603.292501,33929248,"[0, 0, 9, 7, 0, 23, 64, 0]"
603.293345,84159691,"[2, 0, 208, 201, 255, 191, 78, 38]"
603.294206,352595220,"[0, 0, 0, 160, 0, 8, 128, 1]"
603.295054,84159690,"[2, 0, 224, 239, 255, 63, 127, 39]"
603.295881,33827926,"[0, 0, 0, 104, 0, 64, 6, 0]"
603.296722,33828310,"[0, 0, 0, 147, 0, 0, 0, 0]"
603.297505,33827911,"[0, 0, 0, 232, 0, 64, 6, 0]"
603.298407,33828295,"[0, 0, 128, 28, 255, 255, 0, 0]"
603.299261,33827912,"[0, 0, 0, 104, 0, 64, 16, 0]"
603.300124,33828290,"[28, 0, 32, 64, 255, 255, 0, 0]"
603.30095,33827907,"[0, 0, 0, 232, 0, 64, 233, 255]"
603.301791,33828314,"[0, 0, 192, 162, 0, 0, 0, 0]"
603.302575,84159692,"[1, 0, 0, 208, 255, 127, 128, 38]"
603.303495,84159691,"[2, 0, 208, 201, 255, 191, 78, 38]"
603.304374,352595220,"[0, 0, 0, 160, 0, 8, 128, 1]"
603.305214,352596180,"[241, 223, 6, 16, 2, 0, 0, 5]"
603.306118,33827926,"[0, 0, 0, 104, 0, 64, 8, 0]"
603.306967,33880066,"[147, 91, 163, 30, 178, 136, 0, 0]"
603.307751,33827911,"[0, 0, 0, 232, 0, 64, 2, 0]"
603.308606,33929247,"[0, 0, 4, 7, 0, 23, 64, 0]"
603.309496,33827908,"[0, 0, 0, 104, 0, 64, 253, 255]"
603.310376,84159693,"[3, 0, 152, 207, 255, 255, 123, 38]"
603.311202,33929246,"[0, 0, 6, 7, 0, 21, 64, 0]"
603.312036,33929248,"[0, 0, 9, 7, 0, 23, 64, 0]"
603.31282,84159691,"[2, 0, 208, 201, 255, 191, 78, 38]"
603.313718,352595220,"[0, 0, 0, 160, 0, 8, 128, 1]"
603.314569,84159690,"[2, 0, 224, 239, 255, 63, 127, 39]"
603.315494,33827926,"[0, 0, 0, 104, 0, 64, 0, 0]"
603.316303,33828310,"[0, 0, 0, 147, 0, 0, 0, 0]"
603.317143,33827911,"[0, 0, 0, 232, 0, 64, 248, 255]"
603.317934,33828295,"[0, 0, 128, 28, 255, 255, 0, 0]"
603.318797,33929247,"[0, 0, 4, 7, 0, 23, 64, 0]"
603.319638,33827910,"[0, 0, 0, 104, 0, 64, 2, 0]"
603.320493,33828294,"[8, 0, 128, 191, 255, 255, 0, 0]"
603.321323,33828291,"[0, 0, 128, 6, 0, 0, 0, 0]"
603.322156,33929312,"[0, 0, 0, 0, 0, 64, 0, 0]"
603.323083,84159692,"[4, 0, 8, 208, 255, 191, 128, 38]"
603.323946,84159691,"[255, 255, 207, 201, 255, 191, 78, 38]"
603.324736,352596180,"[241, 223, 6, 16, 2, 0, 0, 5]"
603.325599,84159690,"[2, 0, 224, 239, 255, 63, 127, 39]"
603.32649,33827926,"[0, 0, 0, 104, 0, 64, 3, 0]"
603.327344,33827911,"[0, 0, 0, 232, 0, 64, 251, 255]"
603.328213,33929247,"[0, 0, 3, 7, 0, 23, 64, 0]"
603.329118,33827912,"[0, 0, 0, 104, 0, 64, 7, 0]"
603.329974,33827905,"[0, 0, 0, 104, 0, 64, 0, 0]"
603.3308,33827907,"[0, 0, 0, 232, 0, 64, 245, 255]"
603.331641,33929310,"[0, 0, 0, 0, 0, 64, 0, 0]"
603.332482,33929248,"[0, 0, 9, 7, 0, 23, 64, 0]"
603.333347,84159691,"[1, 0, 200, 201, 255, 191, 78, 38]"
603.334224,352595220,"[1, 0, 0, 160, 0, 8, 128, 1]"
603.335086,33880071,"[114, 190, 153, 191, 39, 119, 0, 0]"
603.335949,84159690,"[2, 0, 224, 239, 255, 63, 127, 39]"
603.336739,33880067,"[151, 193, 203, 199, 248, 9, 0, 0]"
603.337609,33827911,"[0, 0, 0, 232, 0, 64, 5, 0]"
603.338601,33828295,"[0, 0, 128, 28, 255, 255, 0, 0]"
603.339387,33827912,"[0, 0, 0, 104, 0, 64, 7, 0]"
603.340293,33828289,"[0, 0, 128, 189, 255, 255, 0, 0]"
603.34114,33827930,"[0, 0, 0, 232, 0, 64, 234, 255]"
603.34201,84159692,"[1, 0, 8, 208, 255, 127, 128, 38]"
603.342837,33929312,"[0, 0, 0, 0, 0, 64, 0, 0]"
603.34367,84159691,"[1, 0, 208, 201, 255, 191, 78, 38]"
603.344483,352596180,"[241, 223, 6, 16, 2, 0, 0, 5]"
603.345377,352596500,"[160, 255, 92, 0, 164, 63, 0, 4]"
603.346231,33827926,"[0, 0, 0, 104, 0, 64, 1, 0]"
603.347074,33827911,"[0, 0, 0, 232, 0, 64, 5, 0]"
603.347905,33929247,"[0, 0, 3, 7, 0, 23, 64, 0]"
603.348739,33827912,"[0, 0, 0, 104, 0, 64, 6, 0]"
603.349618,33929311,"[0, 0, 0, 0, 0, 64, 0, 0]"
603.35048,33827905,"[0, 0, 0, 104, 0, 64, 8, 0]"
603.351317,33929310,"[0, 0, 0, 0, 0, 64, 0, 0]"
603.352206,33929248,"[0, 0, 9, 7, 0, 23, 64, 0]"
603.353076,84159691,"[1, 0, 208, 201, 255, 191, 78, 38]"
603.353924,33880090,"[226, 71, 251, 21, 126, 22, 0, 0]"
603.354779,352595220,"[0, 0, 0, 160, 0, 8, 128, 1]"
603.355606,84159690,"[2, 0, 224, 239, 255, 63, 127, 39]"
603.356475,33828310,"[0, 0, 0, 147, 0, 0, 0, 0]"
603.357229,33827911,"[0, 0, 0, 232, 0, 64, 255, 255]"
603.358091,33828295,"[0, 0, 128, 28, 255, 255, 0, 0]"
603.358939,33929247,"[0, 0, 4, 7, 0, 23, 64, 0]"
603.359787,33827906,"[0, 0, 0, 104, 0, 64, 249, 255]"
603.360621,33828296,"[12, 0, 96, 62, 255, 255, 0, 0]"
603.361476,33828293,"[0, 0, 64, 84, 0, 0, 0, 0]"
603.362248,33929312,"[0, 0, 0, 0, 0, 64, 0, 0]"
603.363132,84159691,"[1, 0, 208, 201, 255, 191, 78, 38]"
603.36398,352595220,"[0, 0, 0, 160, 0, 8, 128, 1]"
603.370938,352596180,"[241, 223, 6, 16, 2, 0, 0, 5]"
603.371844,84159690,"[2, 0, 224, 239, 255, 63, 127, 39]"
603.372757,33929248,"[0, 0, 8, 7, 0, 23, 64, 0]"
603.373626,84159691,"[1, 0, 208, 201, 255, 191, 78, 38]"
603.374525,352595220,"[0, 0, 0, 160, 0, 8, 128, 1]"
603.375304,84159690,"[2, 0, 224, 239, 255, 63, 127, 39]"
603.376166,33827926,"[0, 0, 0, 96, 0, 0, 255, 255]"
603.377007,33828310,"[0, 0, 0, 147, 0, 0, 0, 0]"
603.377869,33827911,"[0, 0, 0, 232, 0, 64, 239, 255]"
603.378746,33828295,"[0, 0, 128, 28, 255, 255, 0, 0]"
603.379601,33827910,"[0, 0, 0, 104, 0, 64, 5, 0]"
603.380478,33828296,"[12, 0, 96, 62, 255, 255, 0, 0]"
603.3813,33828293,"[0, 0, 64, 84, 0, 0, 0, 0]"
603.382148,33929312,"[0, 0, 0, 0, 0, 64, 0, 0]"
603.382946,84159691,"[1, 0, 208, 201, 255, 191, 78, 38]"
603.383851,352595220,"[0, 0, 0, 160, 0, 8, 128, 1]"
603.384692,352596180,"[241, 223, 6, 16, 2, 0, 0, 5]"
603.385548,84159690,"[1, 0, 224, 239, 255, 63, 127, 39]"
603.386461,33827926,"[0, 0, 0, 96, 0, 0, 255, 255]"
603.38733,33827911,"[0, 0, 0, 224, 0, 0, 251, 255]"
603.388127,33929247,"[0, 0, 4, 7, 0, 23, 64, 0]"
603.388968,33827912,"[0, 0, 0, 96, 0, 0, 254, 255]"
603.38988,33827910,"[0, 0, 0, 96, 0, 0, 3, 0]"
603.390721,84175821,"[0, 0, 0, 1, 1, 26, 19, 0]"
603.391649,84159684,"[7, 0, 184, 220, 255, 63, 230, 38]"
603.392504,84161612,"[0, 0, 255, 255, 255, 7, 0, 0]"
603.393362,84166476,"[0, 0, 0, 0, 24, 0, 0, 0]"
603.394188,84160651,"[174, 192, 96, 128, 24, 0, 0, 0]"
603.395029,84166475,"[0, 0, 0, 0, 24, 0, 0, 0]"
603.395949,84159690,"[1, 0, 224, 239, 255, 63, 127, 39]"
603.396797,84175818,"[0, 0, 0, 1, 1, 26, 19, 0]"
603.397595,84166474,"[0, 0, 0, 0, 24, 0, 0, 0]"
603.3985,33827911,"[0, 0, 0, 224, 0, 0, 255, 255]"
603.399456,33827912,"[0, 0, 0, 96, 0, 0, 255, 255]"
603.400256,33828290,"[0, 0, 32, 64, 255, 255, 0, 0]"
603.401083,33827909,"[0, 0, 0, 96, 0, 0, 255, 255]"
603.401924,33828293,"[0, 0, 64, 84, 0, 0, 0, 0]"
603.402716,33929312,"[0, 0, 0, 0, 0, 64, 0, 0]"
603.403613,84159691,"[1, 0, 208, 201, 255, 191, 78, 38]"
603.404461,352595220,"[0, 0, 0, 160, 0, 8, 128, 1]"
603.405458,352596180,"[241, 223, 6, 16, 2, 0, 0, 5]"
603.406454,33827926,"[0, 0, 0, 96, 0, 0, 0, 0]"
603.407456,33827911,"[0, 0, 0, 224, 0, 0, 0, 0]"
603.408328,33929247,"[0, 0, 3, 7, 0, 23, 64, 0]"
603.409196,33827912,"[0, 0, 0, 96, 0, 0, 255, 255]"
603.410037,33827905,"[0, 0, 0, 96, 0, 0, 0, 0]"
603.410836,33929246,"[0, 0, 5, 7, 0, 21, 64, 0]"
603.411733,84159692,"[3, 0, 0, 208, 255, 191, 128, 38]"
603.412596,33929248,"[0, 0, 9, 7, 0, 23, 64, 0]"
603.413451,84159691,"[1, 0, 208, 201, 255, 191, 78, 38]"
603.414323,352595220,"[0, 0, 0, 160, 0, 8, 128, 1]"
603.415135,84159690,"[1, 0, 224, 239, 255, 63, 127, 39]"
603.416025,33827926,"[0, 0, 0, 96, 0, 0, 0, 0]"
603.417025,33828310,"[0, 0, 0, 147, 0, 0, 0, 0]"
603.41788,33827911,"[0, 0, 0, 224, 0, 0, 0, 0]"
603.418735,33828295,"[0, 0, 128, 28, 255, 255, 0, 0]"
603.419562,33827908,"[0, 0, 0, 96, 0, 0, 0, 0]"
603.420446,33828292,"[4, 0, 64, 39, 255, 255, 0, 0]"
603.421217,33827930,"[0, 0, 0, 224, 0, 0, 0, 0]"
603.422044,33929312,"[0, 0, 0, 0, 0, 64, 0, 0]"
603.422885,84159692,"[3, 0, 8, 208, 255, 191, 128, 38]"
603.423733,84159691,"[1, 0, 208, 201, 255, 191, 78, 38]"
603.424574,352596180,"[241, 223, 6, 16, 2, 0, 0, 5]"
603.425473,84159690,"[1, 0, 224, 239, 255, 63, 127, 39]"
603.426331,33827926,"[0, 0, 0, 96, 0, 0, 0, 0]"
603.427158,33827911,"[0, 0, 0, 224, 0, 0, 0, 0]"
603.427994,33929247,"[0, 0, 4, 7, 0, 23, 64, 0]"
603.428778,33827912,"[0, 0, 0, 96, 0, 0, 255, 255]"
603.429676,33827910,"[0, 0, 0, 96, 0, 0, 0, 0]"
603.430524,33827905,"[0, 0, 0, 96, 0, 0, 0, 0]"
603.431444,33929310,"[0, 0, 0, 0, 0, 64, 0, 0]"
603.432303,84159692,"[3, 0, 8, 208, 255, 127, 128, 38]"
603.433157,84211725,"[26, 238, 170, 159, 8, 246, 0, 0]"
603.434012,84159691,"[1, 0, 208, 201, 255, 191, 78, 38]"
603.434932,352595220,"[1, 0, 0, 160, 0, 8, 128, 1]"
603.43578,84159690,"[1, 0, 224, 239, 255, 63, 127, 39]"
603.436578,33828310,"[0, 0, 0, 147, 0, 0, 0, 0]"
603.437484,33827911,"[0, 0, 0, 224, 0, 0, 0, 0]"
603.43844,33828295,"[0, 0, 128, 28, 255, 255, 0, 0]"
603.439233,33827912,"[0, 0, 0, 96, 0, 0, 0, 0]"
603.440088,33828290,"[12, 0, 32, 64, 255, 255, 0, 0]"
603.440944,84159684,"[8, 0, 184, 220, 255, 255, 229, 38]"
603.441806,33828291,"[0, 0, 128, 6, 0, 0, 0, 0]"
603.442647,33929312,"[0, 0, 0, 0, 0, 64, 0, 0]"
603.443445,84159691,"[1, 0, 208, 201, 255, 191, 78, 38]"
603.444339,352595220,"[1, 0, 0, 160, 0, 8, 128, 1]"
603.445187,352596500,"[176, 255, 96, 0, 176, 63, 0, 4]"
603.446036,84159690,"[1, 0, 224, 239, 255, 63, 127, 39]"
603.44687,33828950,"[212, 74, 40, 37, 0, 0, 0, 0]"
603.447711,33828374,"[0, 0, 0, 0, 0, 0, 0, 128]"
603.448496,33828566,"[0, 0, 2, 0, 0, 0, 0, 0]"
603.449346,33827908,"[0, 0, 0, 96, 0, 0, 0, 0]"
603.450194,33827905,"[0, 0, 0, 96, 0, 0, 0, 0]"
603.451049,33827930,"[0, 0, 0, 224, 0, 0, 0, 0]"
603.451918,84159692,"[3, 0, 8, 208, 255, 191, 128, 38]"
603.452773,33929248,"[0, 0, 8, 7, 0, 23, 64, 0]"
603.453628,84159691,"[1, 0, 208, 201, 255, 191, 78, 38]"
603.454455,352595220,"[1, 0, 0, 160, 0, 8, 128, 1]"
603.455437,84159690,"[1, 0, 224, 239, 255, 63, 127, 39]"
603.45631,33827926,"[0, 0, 0, 96, 0, 0, 0, 0]"
603.457135,33828310,"[0, 0, 0, 147, 0, 0, 0, 0]"
603.457977,33827911,"[0, 0, 0, 224, 0, 0, 0, 0]"
603.458768,33828295,"[0, 0, 128, 28, 255, 255, 0, 0]"
603.459623,33827910,"[0, 0, 0, 96, 0, 0, 0, 0]"
603.460464,33828296,"[8, 0, 96, 62, 255, 255, 0, 0]"
603.461316,33828291,"[0, 0, 128, 6, 0, 0, 0, 0]"
603.462163,84159692,"[3, 0, 8, 208, 255, 63, 128, 38]"
603.462997,33929312,"[0, 0, 0, 0, 0, 64, 0, 0]"
603.463788,84159691,"[1, 0, 208, 201, 255, 191, 78, 38]"
603.464686,352596180,"[241, 223, 6, 16, 2, 0, 0, 5]"
603.465534,84159690,"[1, 0, 224, 239, 255, 63, 127, 39]"
603.466433,33827926,"[0, 0, 0, 96, 0, 0, 0, 0]"
603.467258,33844167,"[0, 0, 0, 0, 1, 26, 19, 0]"
603.468106,33834823,"[0, 0, 0, 0, 0, 3, 128, 0]"
603.468882,33828935,"[0, 243, 199, 46, 0, 0, 0, 0]"
603.469752,33844166,"[0, 0, 0, 0, 1, 26, 19, 0]"
603.470614,33827908,"[0, 0, 0, 96, 0, 0, 0, 0]"
603.471463,33828423,"[0, 0, 0, 0, 0, 0, 0, 128]"
603.472426,33828551,"[0, 0, 2, 0, 0, 0, 0, 0]"
603.473277,33828930,"[0, 243, 199, 46, 0, 0, 0, 0]"
603.474131,33828934,"[0, 243, 199, 46, 0, 0, 0, 0]"
603.475001,33828226,"[0, 0, 128, 116, 0, 0, 0, 0]"
603.475864,33827907,"[0, 0, 0, 224, 0, 0, 0, 0]"
603.476719,33828422,"[0, 0, 0, 0, 0, 0, 0, 128]"
603.477589,33828550,"[0, 0, 2, 0, 0, 0, 0, 0]"
603.478437,33828936,"[0, 243, 199, 46, 0, 0, 0, 0]"
603.479215,33828229,"[0, 0, 64, 84, 0, 0, 0, 0]"
603.480078,33827905,"[0, 0, 0, 96, 0, 0, 0, 0]"
603.480926,33828289,"[0, 0, 128, 189, 255, 255, 0, 0]"
603.481767,33827907,"[0, 0, 0, 224, 0, 0, 0, 0]"
603.482594,33827912,"[0, 0, 0, 96, 0, 0, 0, 0]"
603.483442,33929247,"[0, 0, 3, 7, 0, 23, 64, 0]"
603.48422,33828186,"[0, 0, 0, 0, 92, 20, 21, 20]"
603.485083,33828378,"[0, 0, 0, 0, 0, 31, 0, 128]"
603.485974,33828442,"[0, 0, 0, 0, 0, 0, 0, 128]"
603.486837,33828570,"[0, 0, 2, 139, 11, 0, 0, 0]"
603.48767,352596180,"[241, 223, 6, 16, 2, 0, 0, 5]"
603.488562,33827911,"[0, 0, 0, 224, 0, 0, 0, 0]"
603.489439,33827912,"[0, 0, 0, 96, 0, 0, 0, 0]"
603.490304,33827905,"[0, 0, 0, 96, 0, 0, 0, 0]"
603.491158,33827909,"[0, 0, 0, 96, 0, 0, 0, 0]"
603.492021,33929248,"[0, 0, 8, 7, 0, 23, 64, 0]"
603.49289,84159691,"[1, 0, 208, 201, 255, 191, 78, 38]"
603.493724,352611284,"[0, 0, 0, 0, 1, 26, 19, 0]"
603.494508,352595220,"[1, 0, 0, 160, 0, 8, 128, 1]"
603.495427,352596820,"[0, 0, 0, 0, 0, 0, 0, 0]"
603.49632,33827926,"[0, 0, 0, 96, 0, 0, 0, 0]"
603.497153,33828310,"[0, 0, 0, 147, 0, 0, 0, 0]"
603.498015,33827911,"[0, 0, 0, 224, 0, 0, 0, 0]"
603.498927,33828295,"[0, 0, 128, 28, 255, 255, 0, 0]"
603.499782,33827910,"[0, 0, 0, 96, 0, 0, 0, 0]"
603.500616,33828296,"[8, 0, 96, 62, 255, 255, 0, 0]"
603.501457,84159684,"[4, 0, 176, 220, 255, 63, 229, 38]"
603.502418,84159692,"[3, 0, 8, 208, 255, 191, 128, 38]"
603.503421,84159691,"[1, 0, 208, 201, 255, 191, 78, 38]"
603.504417,352595220,"[1, 0, 0, 160, 0, 8, 128, 1]"
603.505414,352596180,"[241, 223, 6, 16, 2, 0, 0, 5]"
603.506243,33827926,"[0, 0, 0, 96, 0, 0, 0, 0]"
603.507077,33880071,"[90, 75, 242, 93, 66, 19, 0, 0]"
603.507918,33827911,"[0, 0, 0, 224, 0, 0, 0, 0]"
603.508708,33929247,"[0, 0, 3, 7, 0, 23, 64, 0]"
603.509571,33827908,"[0, 0, 0, 96, 0, 0, 0, 0]"
603.510419,33827905,"[0, 0, 0, 96, 0, 0, 0, 0]"
603.511292,33929246,"[0, 0, 4, 7, 0, 21, 64, 0]"
603.512161,33929248,"[0, 0, 7, 7, 0, 23, 64, 0]"
603.512995,84159691,"[1, 0, 208, 201, 255, 191, 78, 38]"
603.513785,352595220,"[2, 0, 0, 160, 0, 8, 128, 1]"
603.514683,84159690,"[1, 0, 224, 239, 255, 63, 127, 39]"
603.515531,33827926,"[0, 0, 0, 96, 0, 0, 0, 0]"
603.516415,33828310,"[0, 0, 0, 147, 0, 0, 0, 0]"
603.517258,84211723,"[234, 108, 109, 246, 92, 226, 0, 0]"
603.518099,33827911,"[0, 0, 0, 224, 0, 0, 0, 0]"
603.518883,33929247,"[0, 0, 3, 7, 0, 23, 64, 0]"
603.519738,33827906,"[0, 0, 0, 96, 0, 0, 0, 0]"
603.520586,33828294,"[4, 0, 128, 191, 255, 255, 0, 0]"
603.521535,84159684,"[8, 0, 192, 220, 255, 127, 229, 38]"
603.522433,84159692,"[53, 0, 16, 208, 255, 127, 128, 38]"
603.52332,84159691,"[1, 0, 208, 201, 255, 191, 78, 38]"
603.524189,352595220,"[2, 0, 0, 160, 0, 8, 128, 1]"
603.525117,352596180,"[241, 223, 6, 16, 2, 0, 0, 5]"
603.526029,84159690,"[1, 0, 224, 239, 255, 63, 127, 39]"
603.526892,33880066,"[54, 16, 26, 22, 241, 123, 0, 0]"
603.527805,33827911,"[0, 0, 0, 224, 0, 0, 0, 0]"
603.52871,33880069,"[102, 36, 63, 167, 5, 86, 0, 0]"
603.529559,33929311,"[0, 0, 0, 0, 0, 64, 0, 0]"
603.530428,84159693,"[2, 0, 152, 207, 255, 255, 123, 38]"
603.531272,33827930,"[0, 0, 0, 224, 0, 0, 0, 0]"
603.532206,33929248,"[0, 0, 8, 7, 0, 23, 64, 0]"
603.533183,84159691,"[1, 0, 208, 201, 255, 191, 78, 38]"
603.534039,352595220,"[2, 0, 0, 160, 0, 8, 128, 1]"
603.534939,84159690,"[1, 0, 224, 239, 255, 63, 127, 39]"
603.535941,33827926,"[0, 0, 0, 96, 0, 0, 0, 0]"
603.53674,33828310,"[0, 0, 0, 147, 0, 0, 0, 0]"
603.537602,33827911,"[0, 0, 0, 224, 0, 0, 0, 0]"
603.538492,33828295,"[0, 0, 128, 28, 255, 255, 0, 0]"
603.539404,84159693,"[2, 0, 152, 207, 255, 255, 123, 38]"
603.540226,33827905,"[0, 0, 0, 96, 0, 0, 0, 0]"
603.541123,33827909,"[0, 0, 0, 96, 0, 0, 0, 0]"
603.541986,33828293,"[0, 0, 64, 84, 0, 0, 0, 0]"
603.542812,84211724,"[35, 99, 104, 70, 89, 183, 0, 0]"
603.54366,84159691,"[0, 0, 208, 201, 255, 191, 78, 38]"
603.544445,352596180,"[241, 223, 6, 0, 2, 0, 0, 5]"
603.545303,352596500,"[104, 255, 96, 0, 204, 63, 0, 4]"
603.54615,33827926,"[0, 0, 0, 96, 0, 0, 0, 0]"
603.546994,33827911,"[0, 0, 0, 224, 0, 0, 0, 0]"
603.547826,33929247,"[0, 0, 2, 7, 0, 23, 64, 0]"
603.54866,33929311,"[0, 0, 0, 0, 0, 64, 0, 0]"
603.549445,33827908,"[0, 0, 0, 96, 0, 0, 0, 0]"
603.55031,33827905,"[0, 0, 0, 96, 0, 0, 0, 0]"
603.551157,33827930,"[0, 0, 0, 224, 0, 0, 0, 0]"
603.552006,33929248,"[0, 0, 8, 7, 0, 23, 64, 0]"
603.552832,84159691,"[0, 0, 208, 201, 255, 191, 78, 38]"
603.553673,352595220,"[2, 0, 0, 160, 0, 8, 128, 1]"
603.554452,84159690,"[1, 0, 224, 239, 255, 63, 127, 39]"
603.555401,33827926,"[0, 0, 0, 96, 0, 0, 0, 0]"
603.556258,33828310,"[0, 0, 0, 147, 0, 0, 0, 0]"
603.557099,33827911,"[0, 0, 0, 224, 0, 0, 0, 0]"
603.557926,33828295,"[0, 0, 128, 28, 255, 255, 0, 0]"
603.558759,33929247,"[0, 0, 2, 7, 0, 23, 64, 0]"
603.559572,33827910,"[0, 0, 0, 96, 0, 0, 0, 0]"
603.560427,33828296,"[8, 0, 96, 62, 255, 255, 0, 0]"
603.561278,33828291,"[0, 0, 128, 6, 0, 0, 0, 0]"
603.562147,33929312,"[0, 0, 0, 0, 0, 64, 0, 0]"
603.562974,84159692,"[244, 255, 7, 208, 255, 127, 128, 38]"
603.563807,84159691,"[0, 0, 208, 201, 255, 191, 78, 38]"
603.564591,352596180,"[241, 223, 6, 0, 2, 0, 0, 5]"
603.565446,84159690,"[1, 0, 224, 239, 255, 63, 127, 39]"
603.56629,33827926,"[0, 0, 0, 96, 0, 0, 0, 0]"
603.567152,33827911,"[0, 0, 0, 224, 0, 0, 0, 0]"
603.568023,33929247,"[0, 0, 2, 7, 0, 23, 64, 0]"
603.568879,33827912,"[0, 0, 0, 96, 0, 0, 0, 0]"
603.569741,84159693,"[2, 0, 152, 207, 255, 255, 123, 38]"
603.570611,84159684,"[2, 0, 176, 220, 255, 63, 229, 38]"
603.571473,33929310,"[0, 0, 0, 0, 0, 64, 0, 0]"
603.572393,33929248,"[0, 0, 7, 7, 0, 23, 64, 0]"
603.573215,84159691,"[0, 0, 208, 201, 255, 191, 78, 38]"
603.574063,352595220,"[2, 0, 0, 160, 0, 8, 128, 1]"
603.574836,33827926,"[0, 0, 0, 96, 0, 0, 0, 0]"
603.575698,84159690,"[1, 0, 224, 239, 255, 63, 127, 39]"
603.576553,33828310,"[0, 0, 0, 147, 0, 0, 0, 0]"
603.577404,33827911,"[0, 0, 0, 224, 0, 0, 0, 0]"
603.578269,33828295,"[0, 0, 128, 28, 255, 255, 0, 0]"
603.579059,33929247,"[0, 0, 2, 7, 0, 23, 64, 0]"
603.579929,33828292,"[0, 0, 64, 39, 255, 255, 0, 0]"
603.580776,33929246,"[0, 0, 4, 7, 0, 21, 64, 0]"
603.581638,84159692,"[2, 0, 8, 208, 255, 191, 128, 38]"
603.5825,33929312,"[0, 0, 0, 0, 0, 64, 0, 0]"
603.583383,84159691,"[0, 0, 208, 201, 255, 191, 78, 38]"
603.584156,352595220,"[2, 0, 0, 160, 0, 8, 128, 1]"
603.585018,352596180,"[241, 223, 6, 0, 2, 0, 0, 5]"
603.585873,84159690,"[1, 0, 224, 239, 255, 63, 127, 39]"
603.586728,33827926,"[0, 0, 0, 96, 0, 0, 0, 0]"
603.587555,33827911,"[0, 0, 0, 224, 0, 0, 0, 0]"
603.588396,33929247,"[0, 0, 2, 7, 0, 23, 64, 0]"
603.589182,33827912,"[0, 0, 0, 96, 0, 0, 0, 0]"
603.590087,33827905,"[0, 0, 0, 96, 0, 0, 0, 0]"
603.590942,33827909,"[0, 0, 0, 96, 0, 0, 0, 0]"
603.591797,84159692,"[2, 0, 8, 208, 255, 127, 128, 38]"
603.592645,33929248,"[0, 0, 7, 7, 0, 23, 64, 0]"
603.593536,84159691,"[0, 0, 208, 201, 255, 191, 78, 38]"
603.594405,352595220,"[2, 0, 0, 160, 0, 8, 128, 1]"
603.595234,84159690,"[1, 0, 224, 239, 255, 63, 127, 39]"
603.596075,33827926,"[0, 0, 0, 96, 0, 0, 0, 0]"
603.596858,33828310,"[0, 0, 0, 147, 0, 0, 0, 0]"
603.597757,33827911,"[0, 0, 0, 224, 0, 0, 0, 0]"
603.598605,33828295,"[0, 0, 128, 28, 255, 255, 0, 0]"
603.59946,33827908,"[0, 0, 0, 96, 0, 0, 0, 0]"
603.60038,33828294,"[4, 0, 128, 191, 255, 255, 0, 0]"
603.60118,33827909,"[0, 0, 0, 96, 0, 0, 0, 0]"
603.60205,33929248,"[0, 0, 7, 7, 0, 23, 64, 0]"
603.602906,84159692,"[2, 0, 8, 208, 255, 127, 128, 38]"
603.603768,84159691,"[0, 0, 208, 201, 255, 191, 78, 38]"
603.604631,352596180,"[241, 223, 6, 0, 2, 0, 0, 5]"
603.605536,84159690,"[1, 0, 224, 239, 255, 63, 127, 39]"
603.606391,33827926,"[0, 0, 0, 96, 0, 0, 0, 0]"
603.607253,33827911,"[0, 0, 0, 224, 0, 0, 0, 0]"
603.608087,33929247,"[0, 0, 3, 7, 0, 23, 64, 0]"
603.608928,33929311,"[0, 0, 0, 0, 0, 64, 0, 0]"
603.609711,33827906,"[0, 0, 0, 96, 0, 0, 0, 0]"
603.610567,33827905,"[0, 0, 0, 96, 0, 0, 0, 0]"
603.611415,84159684,"[3, 0, 184, 220, 255, 191, 229, 38]"
603.612273,33929248,"[0, 0, 7, 7, 0, 23, 64, 0]"
603.613142,84159691,"[0, 0, 208, 201, 255, 191, 78, 38]"
603.613947,352595220,"[2, 0, 0, 160, 0, 8, 128, 1]"
603.614734,84159690,"[0, 0, 224, 239, 255, 63, 127, 39]"
603.615589,33827926,"[0, 0, 0, 96, 0, 0, 0, 0]"
603.61643,33828310,"[0, 0, 0, 147, 0, 0, 0, 0]"
603.617285,33827911,"[0, 0, 0, 224, 0, 0, 0, 0]"
603.61811,33828295,"[0, 0, 128, 28, 255, 255, 0, 0]"
603.61898,33929247,"[0, 0, 2, 7, 0, 23, 64, 0]"
603.619835,33827906,"[0, 0, 0, 96, 0, 0, 0, 0]"
603.620662,33828289,"[0, 0, 128, 189, 255, 255, 0, 0]"
603.621503,84160644,"[183, 192, 0, 0, 0, 0, 0, 0]"
603.622365,84175812,"[0, 0, 0, 0, 1, 26, 19, 128]"
603.623223,84159684,"[0, 0, 168, 220, 255, 255, 228, 38]"
603.624121,84159691,"[0, 0, 208, 201, 255, 191, 78, 38]"
603.624955,352596180,"[241, 223, 6, 0, 2, 0, 0, 5]"
603.625781,84159690,"[0, 0, 224, 239, 255, 63, 127, 39]"
603.626621,33827926,"[36, 0, 0, 112, 7, 128, 155, 250]"
603.627406,33827911,"[0, 0, 0, 224, 0, 0, 0, 0]"
603.628367,33929311,"[0, 0, 0, 0, 0, 64, 0, 0]"
603.630745,33929247,"[0, 0, 252, 6, 0, 23, 64, 0]"
603.636246,33827905,"[0, 0, 0, 96, 0, 0, 0, 0]"
603.637151,33929248,"[0, 0, 1, 7, 0, 23, 64, 0]"
603.638062,33828310,"[0, 0, 0, 147, 0, 0, 0, 0]"
603.638868,33828295,"[0, 0, 128, 28, 255, 255, 0, 0]"
603.63968,33827906,"[0, 0, 0, 96, 0, 0, 0, 0]"
603.640592,33828296,"[8, 0, 96, 62, 255, 255, 0, 0]"
603.641441,84159684,"[1, 0, 176, 220, 255, 191, 229, 38]"
603.642361,33929312,"[0, 0, 0, 0, 0, 64, 0, 0]"
603.643175,84160652,"[173, 192, 224, 123, 24, 0, 0, 0]"
603.644016,84161611,"[0, 0, 0, 0, 0, 0, 0, 0]"
603.644943,84166475,"[0, 0, 0, 0, 24, 0, 0, 0]"
603.645799,352596500,"[176, 255, 80, 0, 4, 64, 0, 4]"
603.646596,84175818,"[0, 0, 0, 1, 1, 26, 19, 0]"
603.647452,84166474,"[0, 0, 0, 0, 24, 0, 0, 0]"
603.648357,33827911,"[220, 127, 0, 240, 248, 143, 221, 2]"
603.649208,33827908,"[36, 0, 0, 112, 7, 128, 29, 255]"
603.650034,84159693,"[2, 0, 152, 207, 255, 255, 123, 38]"
603.650875,33929246,"[0, 0, 210, 6, 0, 21, 64, 0]"
603.651766,84159692,"[2, 0, 8, 208, 255, 191, 128, 38]"
603.652622,33929248,"[0, 0, 217, 6, 0, 23, 64, 0]"
603.65347,84159691,"[0, 0, 208, 201, 255, 191, 78, 38]"
603.654383,352595220,"[3, 0, 0, 160, 0, 8, 128, 1]"
603.655367,33827926,"[36, 0, 0, 112, 7, 128, 225, 253]"
603.656203,33828310,"[0, 0, 0, 147, 0, 0, 0, 0]"
603.657133,33827911,"[220, 127, 0, 240, 248, 143, 242, 9]"
603.657974,33828295,"[228, 251, 31, 26, 255, 255, 242, 63]"
603.65893,33827912,"[36, 0, 0, 112, 7, 128, 229, 10]"
603.659778,33827905,"[36, 0, 0, 112, 7, 128, 97, 5]"
603.660605,33827909,"[36, 0, 0, 112, 7, 128, 15, 11]"
603.661374,84159684,"[251, 255, 175, 220, 255, 63, 229, 38]"
603.662152,33929312,"[0, 0, 0, 0, 0, 64, 0, 0]"
603.662979,84159691,"[0, 0, 208, 201, 255, 127, 78, 38]"
603.663755,352595220,"[3, 0, 0, 160, 0, 8, 128, 1]"
603.664546,352596180,"[241, 223, 6, 0, 2, 0, 0, 5]"
603.666271,84159690,"[0, 0, 216, 239, 255, 255, 126, 39]"
603.66709,33827926,"[32, 0, 0, 112, 7, 128, 210, 252]"
603.667938,33827911,"[220, 127, 0, 240, 248, 143, 213, 11]"
603.668722,33827912,"[36, 0, 0, 112, 7, 128, 233, 11]"
603.669584,33827905,"[36, 0, 0, 112, 7, 128, 189, 9]"
603.670487,33827930,"[220, 127, 0, 240, 248, 143, 123, 248]"
603.671391,84159684,"[0, 0, 168, 220, 255, 255, 228, 38]"
603.672157,84159692,"[52, 0, 24, 208, 255, 255, 128, 38]"
603.672969,33929248,"[0, 0, 209, 6, 0, 24, 64, 0]"
603.673853,84159691,"[213, 255, 199, 201, 255, 63, 78, 38]"
603.674736,352595220,"[4, 0, 0, 160, 0, 8, 128, 1]"
603.675541,33827926,"[32, 0, 0, 112, 7, 128, 210, 250]"
603.676347,33828310,"[0, 0, 0, 147, 0, 0, 0, 0]"
603.677098,33827911,"[220, 127, 0, 240, 248, 143, 121, 12]"
603.677855,33828295,"[156, 255, 95, 23, 255, 255, 14, 0]"
603.678611,33827912,"[36, 0, 0, 112, 7, 128, 58, 12]"
603.679346,33827906,"[36, 0, 0, 112, 7, 128, 144, 12]"
603.680111,33929247,"[0, 0, 200, 6, 0, 23, 64, 0]"
603.680903,33828314,"[0, 0, 192, 162, 0, 0, 0, 0]"
603.681722,84159692,"[2, 0, 16, 208, 255, 255, 128, 38]"
603.6825,33929312,"[0, 0, 0, 0, 0, 64, 0, 0]"
603.683348,33930270,"[0, 0, 0, 0, 183, 16, 215, 120]"
603.684141,84159691,"[3, 0, 192, 201, 255, 127, 78, 38]"
603.684919,352596180,"[241, 223, 6, 0, 2, 4, 0, 5]"
603.685746,33827926,"[32, 0, 0, 112, 7, 128, 146, 252]"
603.686666,84159690,"[7, 0, 200, 239, 255, 127, 126, 39]"
603.6875,33827911,"[220, 127, 0, 240, 248, 143, 135, 12]"
603.688377,33827912,"[36, 0, 0, 112, 7, 128, 98, 12]"
603.689234,33827910,"[36, 0, 0, 112, 7, 128, 235, 12]"
603.690061,84159693,"[243, 255, 135, 207, 255, 63, 123, 38]"
603.690909,33929310,"[0, 0, 0, 0, 0, 64, 0, 0]"
603.691685,84159692,"[2, 0, 16, 208, 255, 191, 128, 38]"
603.692591,33929248,"[0, 0, 206, 6, 0, 24, 64, 0]"
603.693439,84159691,"[3, 0, 192, 201, 255, 127, 78, 38]"
603.694338,352595220,"[7, 0, 0, 160, 0, 8, 128, 1]"
603.695166,84159690,"[3, 0, 200, 239, 255, 127, 126, 39]"
603.696,33844182,"[0, 0, 0, 0, 1, 26, 19, 0]"
603.696934,33828182,"[74, 253, 253, 191, 73, 19, 23, 0]"
603.697912,33828438,"[0, 0, 0, 0, 0, 0, 0, 128]"
603.698767,33828295,"[0, 0, 0, 23, 255, 255, 3, 0]"
603.699608,33827905,"[36, 0, 0, 112, 7, 128, 137, 12]"
603.700464,33827907,"[220, 127, 0, 240, 248, 143, 29, 12]"
603.701333,33929246,"[0, 0, 202, 6, 0, 21, 64, 0]"
603.702205,33929248,"[0, 0, 203, 6, 0, 24, 64, 0]"
603.703054,33929312,"[0, 0, 0, 0, 0, 64, 0, 0]"
603.703981,84159691,"[3, 0, 192, 201, 255, 63, 78, 38]"
603.704764,352596180,"[241, 223, 6, 0, 2, 4, 0, 5]"
603.705569,84159690,"[3, 0, 200, 239, 255, 127, 126, 39]"
603.706468,33827926,"[32, 0, 0, 112, 7, 128, 26, 250]"
603.707366,33880069,"[193, 252, 179, 167, 220, 81, 0, 0]"
603.708224,33827911,"[220, 127, 0, 240, 248, 143, 167, 12]"
603.709115,33827908,"[36, 0, 0, 112, 7, 128, 142, 255]"
603.709913,84159693,"[255, 255, 127, 207, 255, 255, 122, 38]"
603.710818,33929246,"[0, 0, 199, 6, 0, 21, 64, 0]"
603.71171,33929310,"[0, 0, 0, 0, 0, 64, 0, 0]"
603.712637,33929248,"[0, 0, 203, 6, 0, 24, 64, 0]"
603.713571,84159691,"[3, 0, 192, 201, 255, 63, 78, 38]"
603.714477,352595220,"[8, 0, 0, 160, 0, 8, 128, 1]"
603.715346,33827926,"[32, 0, 0, 112, 7, 128, 244, 247]"
603.71621,33828310,"[0, 0, 64, 147, 0, 0, 0, 0]"
603.717045,33844167,"[0, 0, 0, 0, 1, 26, 19, 0]"
603.717829,33834823,"[0, 0, 0, 0, 0, 3, 128, 0]"
603.718684,33844168,"[0, 0, 0, 0, 1, 26, 19, 0]"
603.719532,33828936,"[0, 243, 199, 46, 0, 0, 0, 0]"
603.720387,33828232,"[212, 255, 95, 79, 0, 0, 0, 0]"
603.721223,33828360,"[0, 0, 0, 0, 0, 0, 0, 128]"
603.722057,33828552,"[0, 0, 6, 0, 0, 0, 0, 0]"
603.722905,33828930,"[0, 243, 199, 46, 0, 0, 0, 0]"
603.723795,33828162,"[102, 134, 5, 64, 84, 19, 23, 21]"
603.724587,33828354,"[0, 0, 0, 0, 0, 0, 0, 128]"
603.725449,33827908,"[36, 0, 0, 112, 7, 128, 149, 255]"
603.726332,33827926,"[0, 0, 0, 96, 0, 0, 44, 253]"
603.727189,33828356,"[0, 0, 0, 0, 0, 0, 0, 128]"
603.72803,33828419,"[0, 0, 0, 0, 0, 0, 0, 128]"
603.728864,33828483,"[8, 0, 0, 0, 0, 0, 0, 0]"
603.729649,33828485,"[8, 0, 0, 0, 0, 0, 0, 0]"
603.730511,33834842,"[0, 0, 0, 0, 0, 8, 192, 0]"
603.731359,33827930,"[220, 127, 0, 240, 248, 143, 20, 250]"
603.732203,33880065,"[167, 132, 134, 194, 173, 156, 0, 0]"
603.733022,33880071,"[255, 142, 146, 243, 42, 143, 0, 0]"
603.733863,33828570,"[0, 0, 6, 80, 15, 0, 0, 0]"
603.734639,33929310,"[0, 0, 0, 0, 0, 64, 0, 0]"
603.735502,84159691,"[3, 0, 192, 201, 255, 63, 78, 38]"
603.736393,84159690,"[3, 0, 200, 239, 255, 63, 126, 39]"
603.737244,352595220,"[7, 0, 0, 160, 0, 8, 128, 1]"
603.73807,33827911,"[220, 127, 0, 240, 248, 143, 144, 7]"
603.738904,33929247,"[0, 0, 208, 6, 0, 23, 64, 0]"
603.739687,33828290,"[8, 0, 32, 64, 255, 255, 0, 0]"
603.740586,33827909,"[32, 0, 0, 112, 7, 128, 234, 12]"
603.741441,84159684,"[252, 255, 167, 220, 255, 127, 229, 38]"
603.742318,33929312,"[0, 0, 0, 0, 0, 64, 0, 0]"
603.743218,84159691,"[18, 0, 200, 201, 255, 127, 78, 38]"
603.744074,33880070,"[2, 174, 98, 159, 20, 225, 0, 0]"
603.744922,352595220,"[7, 0, 0, 160, 0, 8, 128, 1]"
603.745784,84159690,"[210, 255, 199, 239, 255, 63, 126, 39]"
603.74664,352596820,"[0, 0, 0, 0, 0, 0, 0, 0]"
603.747488,352596884,"[203, 255, 96, 0, 99, 2, 0, 0]"
603.748314,134551809,"[0, 0, 144, 128, 0, 28, 0, 0]"
603.749208,33827912,"[0, 0, 0, 96, 0, 0, 95, 4]"
603.75007,33827905,"[0, 0, 0, 96, 0, 0, 88, 4]"
603.75094,33827907,"[0, 0, 0, 226, 0, 16, 239, 255]"
603.751853,84159692,"[2, 0, 16, 208, 255, 191, 128, 38]"
603.752715,33929248,"[0, 0, 249, 6, 0, 24, 64, 0]"
603.753585,84159691,"[3, 0, 200, 201, 255, 127, 78, 38]"
603.75444,352595220,"[6, 0, 0, 160, 0, 8, 128, 1]"
603.75531,84159690,"[3, 0, 192, 239, 255, 255, 125, 39]"
603.756174,33827926,"[0, 0, 0, 96, 0, 0, 242, 255]"
603.757008,33828310,"[0, 0, 0, 147, 0, 0, 0, 0]"
603.757799,33827911,"[0, 0, 0, 224, 0, 0, 130, 0]"
603.758661,33828295,"[252, 1, 64, 27, 255, 255, 247, 63]"
603.759502,33827910,"[0, 0, 0, 96, 0, 0, 42, 1]"
603.76035,33828294,"[12, 0, 0, 191, 255, 255, 0, 0]"
603.761172,33827930,"[0, 0, 0, 224, 0, 0, 65, 255]"
603.762012,33929248,"[0, 0, 251, 6, 0, 24, 64, 0]"
603.76279,33929312,"[0, 0, 0, 0, 0, 64, 0, 0]"
603.763652,84211724,"[103, 121, 75, 57, 99, 53, 0, 0]"
603.764493,352595220,"[4, 0, 0, 160, 0, 8, 128, 1]"
603.765341,352596180,"[241, 223, 6, 240, 1, 0, 0, 5]"
603.766198,33827926,"[0, 0, 0, 96, 0, 0, 252, 255]"
603.767053,134551553,"[0, 0, 0, 0, 0, 0, 0, 0]"
603.767901,134551617,"[0, 0, 0, 0, 0, 0, 0, 0]"
603.768728,134551745,"[0, 0, 0, 0, 0, 0, 0, 0]"
603.76959,84159693,"[1, 0, 112, 207, 255, 63, 123, 38]"
603.770453,33827905,"[0, 0, 0, 96, 0, 0, 76, 0]"
603.771308,33929310,"[0, 0, 0, 0, 0, 64, 0, 0]"
603.772193,33929248,"[0, 0, 253, 6, 0, 24, 64, 0]"
603.773055,84159691,"[2, 0, 200, 201, 255, 191, 78, 38]"
603.773974,352595220,"[3, 0, 0, 144, 0, 8, 128, 1]"
603.774871,84159690,"[6, 0, 208, 239, 255, 191, 126, 39]"
603.775734,33827926,"[0, 0, 0, 96, 0, 0, 255, 255]"
603.776647,33828310,"[0, 0, 0, 147, 0, 0, 0, 0]"
603.777509,33827911,"[0, 0, 0, 224, 0, 0, 9, 0]"
603.778358,33828295,"[20, 255, 159, 27, 255, 255, 246, 63]"
603.77923,33827912,"[0, 0, 0, 96, 0, 0, 20, 0]"
603.780121,33828290,"[8, 0, 32, 64, 255, 255, 0, 0]"
603.780976,33827909,"[0, 0, 0, 96, 0, 0, 20, 0]"
603.781839,84159684,"[5, 0, 176, 220, 255, 255, 229, 38]"
603.78268,84159692,"[1, 0, 8, 208, 255, 191, 128, 38]"
603.7836,84159691,"[5, 0, 216, 201, 255, 191, 78, 38]"
603.784584,352595220,"[3, 0, 0, 144, 0, 8, 128, 1]"
603.785425,352596180,"[241, 223, 6, 240, 1, 0, 0, 5]"
603.786302,84159690,"[3, 0, 208, 239, 255, 191, 126, 39]"
603.787131,134551553,"[0, 0, 0, 0, 0, 0, 0, 0]"
603.788015,134551681,"[0, 0, 0, 0, 0, 0, 0, 0]"
603.788921,134551745,"[0, 0, 0, 0, 0, 0, 0, 0]"
603.789762,33827906,"[0, 0, 0, 96, 0, 0, 253, 255]"
603.790596,33827905,"[0, 0, 0, 96, 0, 0, 5, 0]"
603.791372,84159684,"[2, 0, 176, 220, 255, 255, 229, 38]"
603.792299,33929248,"[0, 0, 254, 6, 0, 24, 64, 0]"
603.793171,84159691,"[244, 255, 207, 201, 255, 191, 78, 38]"
603.794012,352595220,"[3, 0, 0, 144, 0, 8, 128, 1]"
603.794831,84159690,"[3, 0, 208, 239, 255, 191, 126, 39]"
603.795687,33827926,"[0, 0, 0, 96, 0, 0, 255, 255]"
603.796599,33828310,"[0, 0, 0, 147, 0, 0, 0, 0]"
603.797455,33827911,"[0, 0, 0, 224, 0, 0, 1, 0]"
603.798296,33828295,"[0, 0, 64, 26, 255, 255, 4, 0]"
603.799168,84159693,"[1, 0, 120, 207, 255, 127, 123, 38]"
603.800052,33828294,"[12, 0, 64, 191, 255, 255, 0, 0]"
603.8009,33828289,"[0, 0, 64, 189, 255, 255, 0, 0]"
603.801798,33828314,"[0, 0, 192, 162, 0, 0, 0, 0]"
603.802654,84159692,"[1, 0, 8, 208, 255, 127, 128, 38]"
603.803502,84159691,"[2, 0, 200, 201, 255, 191, 78, 38]"
603.804328,352595220,"[4, 0, 0, 160, 0, 8, 128, 1]"
603.805164,352596180,"[241, 223, 6, 240, 1, 0, 0, 5]"
603.805958,33827926,"[0, 0, 0, 96, 0, 0, 255, 255]"
603.806855,33880067,"[244, 77, 59, 25, 207, 228, 0, 0]"
603.807696,134551553,"[0, 0, 0, 0, 0, 0, 0, 0]"
603.808551,134551809,"[0, 0, 144, 128, 0, 28, 0, 0]"
603.809413,33827908,"[0, 0, 0, 96, 0, 0, 255, 255]"
603.81029,33827905,"[0, 0, 0, 96, 0, 0, 0, 0]"
603.811041,33929310,"[0, 0, 0, 0, 0, 64, 0, 0]"
603.811938,33929248,"[0, 0, 255, 6, 0, 24, 64, 0]"
603.812794,84159691,"[2, 0, 200, 201, 255, 191, 78, 38]"
603.813636,352595220,"[4, 0, 0, 160, 0, 8, 128, 1]"
603.814488,84159690,"[3, 0, 200, 239, 255, 191, 126, 39]"
603.815286,33827926,"[0, 0, 0, 96, 0, 0, 0, 0]"
603.816165,33828310,"[0, 0, 0, 147, 0, 0, 0, 0]"
603.816995,33827911,"[0, 0, 0, 224, 0, 0, 1, 0]"
603.817836,33828295,"[24, 0, 128, 26, 255, 255, 255, 63]"
603.818663,33929247,"[0, 0, 249, 6, 0, 23, 64, 0]"
603.819504,33827908,"[0, 0, 0, 96, 0, 0, 0, 0]"
603.820288,33828294,"[12, 0, 32, 191, 255, 255, 0, 0]"
603.821189,33827930,"[0, 0, 0, 224, 0, 0, 0, 0]"
603.82203,33929248,"[0, 0, 250, 6, 0, 24, 64, 0]"
603.822886,84159692,"[1, 0, 8, 208, 255, 127, 128, 38]"
603.823691,84159691,"[2, 0, 208, 201, 255, 191, 78, 38]"
603.824603,352595220,"[5, 0, 0, 160, 0, 8, 128, 1]"
603.825451,352596180,"[241, 223, 6, 240, 1, 0, 0, 5]"
603.8263,84211716,"[164, 158, 203, 131, 22, 168, 0, 0]"
603.827164,134551553,"[0, 0, 0, 0, 0, 0, 0, 0]"
603.827998,134551617,"[0, 0, 0, 0, 0, 0, 0, 0]"
603.828789,33929247,"[0, 0, 246, 6, 0, 23, 64, 0]"
603.829637,33827906,"[0, 0, 0, 96, 0, 0, 255, 255]"
603.830485,84159684,"[255, 255, 183, 220, 255, 127, 229, 38]"
603.831477,33880072,"[67, 42, 63, 49, 133, 67, 0, 0]"
603.832397,33929248,"[0, 0, 250, 6, 0, 24, 64, 0]"
603.833274,84159691,"[2, 0, 208, 201, 255, 191, 78, 38]"
603.834146,352595220,"[5, 0, 0, 160, 0, 8, 128, 1]"
603.834958,33827926,"[36, 0, 0, 112, 7, 128, 55, 253]"
603.835799,84159690,"[3, 0, 208, 239, 255, 191, 126, 39]"
603.836583,33828310,"[0, 0, 0, 147, 0, 0, 0, 0]"
603.837438,33827911,"[0, 0, 0, 224, 0, 0, 0, 0]"
603.838286,33828295,"[20, 0, 128, 26, 255, 255, 0, 0]"
603.83913,33827912,"[0, 0, 0, 96, 0, 0, 0, 0]"
603.839992,33828292,"[8, 0, 64, 39, 255, 255, 0, 0]"
603.840833,33929246,"[0, 0, 246, 6, 0, 21, 64, 0]"
603.841616,33828293,"[0, 0, 0, 81, 0, 0, 0, 0]"
603.842515,84159692,"[214, 255, 15, 208, 255, 127, 128, 38]"
603.843363,84159691,"[2, 0, 208, 201, 255, 191, 78, 38]"
603.844268,352595220,"[5, 0, 0, 144, 0, 8, 128, 1]"
603.845126,352596436,"[2, 0, 128, 255, 255, 6, 0, 0]"
603.845981,84159690,"[3, 0, 208, 239, 255, 255, 126, 39]"
603.84688,134551553,"[0, 0, 0, 0, 0, 0, 0, 0]"
603.84775,134551617,"[0, 0, 0, 0, 0, 0, 0, 0]"
603.848619,33827911,"[220, 127, 0, 240, 248, 143, 201, 4]"
603.849475,33827906,"[36, 0, 0, 112, 7, 128, 211, 6]"
603.850315,33827930,"[220, 127, 0, 240, 248, 143, 197, 250]"
603.851268,84159684,"[242, 255, 159, 220, 255, 191, 229, 38]"
603.852112,33929248,"[0, 0, 216, 6, 0, 24, 64, 0]"
603.852939,84159691,"[0, 0, 200, 201, 255, 127, 78, 38]"
603.853773,352595220,"[4, 0, 0, 144, 0, 8, 128, 1]"
603.854562,84159690,"[3, 0, 208, 239, 255, 191, 126, 39]"
603.855424,33827926,"[32, 0, 0, 112, 7, 128, 215, 255]"
603.856271,33828310,"[0, 0, 0, 147, 0, 0, 0, 0]"
603.857108,33827911,"[220, 127, 0, 240, 248, 143, 143, 10]"
603.857977,33828295,"[204, 253, 95, 24, 255, 255, 0, 0]"
603.858832,33827912,"[36, 0, 0, 112, 7, 128, 240, 10]"
603.85968,33827905,"[36, 0, 0, 112, 7, 128, 49, 7]"
603.860549,33827909,"[36, 0, 0, 112, 7, 128, 144, 11]"
603.861383,84159684,"[6, 0, 176, 220, 255, 255, 229, 38]"
603.862337,33880071,"[54, 211, 73, 15, 149, 66, 0, 0]"
603.863262,84159691,"[247, 255, 199, 201, 255, 63, 78, 38]"
603.864099,84211723,"[44, 225, 133, 125, 201, 173, 0, 0]"
603.864961,352596180,"[241, 223, 6, 240, 1, 0, 0, 5]"
603.86583,33827926,"[32, 0, 0, 112, 7, 128, 118, 255]"
603.866686,33880086,"[77, 66, 88, 5, 141, 151, 0, 0]"
603.867548,134551553,"[0, 0, 0, 0, 0, 0, 0, 0]"
603.868411,33827911,"[220, 127, 0, 240, 248, 143, 52, 12]"
603.869265,33827910,"[36, 0, 0, 112, 7, 128, 130, 12]"
603.87003,134551745,"[0, 0, 0, 3, 0, 0, 1, 0]"
603.870893,33929310,"[0, 0, 0, 0, 0, 64, 0, 0]"
603.871734,84159692,"[1, 0, 16, 208, 255, 191, 128, 38]"
603.872596,84159684,"[15, 0, 184, 220, 255, 63, 229, 38]"
603.873466,84159691,"[2, 0, 192, 201, 255, 63, 78, 38]"
603.874314,352595220,"[5, 0, 0, 144, 0, 8, 128, 1]"
603.875172,84159690,"[6, 0, 200, 239, 255, 127, 126, 39]"
603.876034,33828310,"[0, 0, 0, 147, 0, 0, 0, 0]"
603.876879,33827911,"[220, 127, 0, 240, 248, 143, 158, 12]"
603.877748,33828295,"[0, 0, 64, 23, 255, 255, 5, 0]"
603.878611,33827912,"[36, 0, 0, 112, 7, 128, 139, 12]"
603.879401,33827906,"[36, 0, 0, 112, 7, 128, 173, 12]"
603.880256,84159693,"[4, 0, 144, 207, 255, 127, 123, 38]"
603.8811,33929246,"[0, 0, 207, 6, 0, 21, 64, 0]"
603.881948,33929248,"[0, 0, 211, 6, 0, 24, 64, 0]"
603.882775,33929312,"[0, 0, 0, 0, 0, 64, 0, 0]"
603.883616,84159691,"[2, 0, 192, 201, 255, 63, 78, 38]"
603.884399,352595220,"[5, 0, 0, 144, 0, 8, 128, 1]"
603.885298,352596180,"[241, 223, 6, 240, 1, 4, 0, 5]"
603.886141,33827926,"[32, 0, 0, 112, 7, 128, 221, 250]"
603.886989,134551553,"[0, 0, 0, 0, 0, 0, 0, 0]"
603.887808,134551617,"[0, 0, 0, 0, 0, 0, 0, 0]"
603.888642,33827912,"[36, 0, 0, 112, 7, 128, 198, 12]"
603.889426,33929311,"[0, 0, 0, 0, 0, 64, 0, 0]"
603.890324,33827930,"[220, 127, 0, 240, 248, 143, 65, 247]"
603.891167,33929310,"[0, 0, 0, 0, 0, 64, 0, 0]"
603.892023,84175821,"[0, 0, 0, 1, 1, 26, 19, 0]"
603.899023,84166476,"[0, 0, 0, 0, 24, 0, 0, 0]"
603.899935,84161611,"[0, 0, 0, 0, 0, 0, 0, 0]"
603.900804,33828293,"[152, 0, 0, 84, 0, 0, 255, 63]"
603.901645,33828291,"[0, 0, 192, 245, 255, 255, 0, 0]"
603.902437,33929312,"[0, 0, 0, 0, 0, 64, 0, 0]"
603.903292,84159691,"[2, 0, 192, 201, 255, 63, 78, 38]"
603.904142,352595220,"[6, 0, 0, 144, 0, 8, 128, 1]"
603.904948,352596180,"[241, 223, 6, 240, 1, 4, 0, 5]"
603.905845,84159690,"[2, 0, 192, 239, 255, 63, 126, 39]"
603.906724,134551553,"[0, 0, 0, 0, 0, 0, 0, 0]"
603.907572,134551617,"[0, 0, 0, 0, 0, 0, 0, 0]"
603.90837,33827911,"[220, 127, 0, 240, 248, 143, 200, 12]"
603.909238,33929311,"[0, 0, 0, 0, 0, 64, 0, 0]"
603.910132,134551809,"[143, 6, 144, 128, 0, 28, 0, 0]"
603.91098,33929310,"[0, 0, 0, 0, 0, 64, 0, 0]"
603.911807,33929248,"[0, 0, 209, 6, 0, 24, 64, 0]"
603.91264,84159691,"[2, 0, 192, 201, 255, 63, 78, 38]"
603.913441,352595220,"[6, 0, 0, 144, 0, 8, 128, 1]"
603.914301,84159690,"[2, 0, 192, 239, 255, 63, 126, 39]"
603.915144,33827926,"[32, 0, 0, 112, 7, 128, 114, 249]"
603.915992,33828310,"[20, 0, 64, 147, 0, 0, 255, 63]"
603.916817,33827911,"[220, 127, 0, 240, 248, 143, 195, 12]"
603.917651,33828295,"[0, 1, 64, 23, 255, 255, 7, 0]"
603.918442,33827912,"[36, 0, 0, 112, 7, 128, 5, 13]"
603.919304,33827906,"[32, 0, 0, 112, 7, 128, 5, 13]"
603.920231,33828296,"[28, 0, 0, 62, 255, 255, 0, 0]"
603.921075,33828293,"[0, 0, 64, 84, 0, 0, 254, 63]"
603.921915,33929312,"[0, 0, 0, 0, 0, 64, 0, 0]"
603.922742,84211722,"[84, 222, 55, 179, 141, 40, 0, 0]"
603.923777,84159691,"[2, 0, 192, 201, 255, 63, 78, 38]"
603.924733,352595220,"[5, 0, 0, 144, 0, 8, 128, 1]"
603.925538,352596180,"[241, 223, 6, 240, 1, 0, 0, 5]"
603.926436,33827926,"[0, 0, 0, 96, 0, 0, 12, 255]"
603.927277,134551553,"[0, 4, 0, 0, 0, 0, 0, 0]"
603.928121,33827911,"[220, 127, 0, 240, 248, 143, 240, 249]"
603.928947,33827908,"[36, 0, 0, 112, 7, 128, 70, 255]"
603.929788,134551681,"[0, 8, 32, 0, 15, 36, 176, 0]"
603.930564,84159684,"[4, 0, 168, 220, 255, 191, 229, 38]"
603.931477,84159692,"[1, 0, 8, 208, 255, 191, 128, 38]"
603.932325,33929248,"[0, 0, 215, 6, 0, 24, 64, 0]"
603.933223,84159691,"[2, 0, 192, 201, 255, 63, 78, 38]"
603.934053,352595220,"[4, 0, 0, 144, 0, 8, 128, 1]"
603.934894,84159690,"[2, 0, 184, 239, 255, 255, 125, 39]"
603.935671,33827926,"[0, 0, 0, 96, 0, 0, 192, 255]"
603.936526,33828310,"[0, 0, 0, 147, 0, 0, 1, 0]"
603.937367,33827911,"[220, 127, 0, 240, 248, 143, 237, 250]"
603.938221,33828295,"[32, 0, 192, 24, 255, 255, 250, 63]"
603.93913,33827908,"[36, 0, 0, 112, 7, 128, 86, 255]"
603.939978,33828289,"[0, 0, 128, 190, 255, 255, 0, 0]"
603.940768,33827907,"[0, 0, 0, 226, 0, 16, 207, 255]"
603.941538,84159692,"[4, 0, 16, 208, 255, 191, 128, 38]"
603.942386,33929312,"[0, 0, 0, 0, 0, 64, 0, 0]"
603.943319,84159691,"[2, 0, 192, 201, 255, 63, 78, 38]"
603.944134,352595220,"[3, 0, 0, 144, 0, 8, 128, 1]"
603.94489,352596436,"[4, 0, 192, 3, 0, 169, 255, 15]"
603.945646,84159690,"[2, 0, 176, 239, 255, 191, 125, 39]"
603.946515,33828950,"[212, 74, 40, 37, 0, 0, 0, 0]"
603.9473,33828374,"[0, 0, 0, 0, 0, 0, 0, 128]"
603.948058,33828502,"[4, 0, 0, 0, 0, 0, 0, 0]"
603.948857,33929311,"[0, 0, 0, 0, 0, 64, 0, 0]"
603.949818,33827906,"[0, 0, 0, 96, 0, 0, 45, 255]"
603.950828,134551809,"[104, 6, 144, 128, 6, 28, 0, 0]"
603.951789,84159684,"[11, 0, 184, 220, 255, 63, 229, 38]"
603.952757,33929248,"[0, 0, 248, 6, 0, 24, 64, 0]"
603.953605,84159691,"[2, 0, 192, 201, 255, 63, 78, 38]"
603.954474,352595220,"[1, 0, 0, 144, 0, 8, 128, 1]"
603.955323,84159690,"[2, 0, 176, 239, 255, 191, 125, 39]"
603.956116,33828310,"[0, 0, 0, 147, 0, 0, 0, 0]"
603.956987,33827911,"[0, 0, 0, 224, 0, 0, 134, 255]"
603.957842,33828295,"[16, 2, 64, 26, 255, 255, 8, 0]"
603.958705,33929247,"[0, 0, 244, 6, 0, 23, 64, 0]"
603.959531,33828292,"[8, 0, 0, 39, 255, 255, 0, 0]"
603.96043,33828296,"[12, 0, 192, 61, 255, 255, 0, 0]"
603.961292,33827930,"[0, 0, 0, 224, 0, 0, 53, 255]"
603.962114,84159692,"[0, 0, 16, 208, 255, 191, 128, 38]"
603.963012,84159691,"[2, 0, 192, 201, 255, 127, 78, 38]"
603.96386,33880068,"[79, 144, 122, 123, 250, 117, 0, 0]"
603.96473,352596180,"[241, 223, 6, 240, 1, 0, 0, 5]"
603.965585,84159690,"[2, 0, 176, 239, 255, 191, 125, 39]"
603.966434,33827926,"[0, 0, 0, 96, 0, 0, 254, 255]"
603.967259,134551553,"[0, 4, 0, 0, 0, 0, 0, 0]"
603.968125,134551617,"[0, 44, 160, 0, 10, 0, 0, 0]"
603.96898,33929311,"[0, 0, 0, 0, 0, 64, 0, 0]"
603.969807,33844162,"[0, 0, 0, 0, 1, 26, 19, 0]"
603.970641,33834817,"[0, 0, 0, 0, 0, 3, 128, 0]"
603.971431,33828551,"[0, 0, 2, 0, 0, 0, 0, 0]"
603.972294,33844163,"[0, 0, 0, 0, 1, 26, 19, 0]"
603.973206,33828484,"[8, 0, 0, 0, 0, 0, 0, 0]"
603.974042,33828481,"[8, 0, 0, 0, 0, 0, 0, 0]"
603.974912,33828163,"[233, 127, 0, 192, 90, 20, 24, 20]"
603.97576,33828546,"[0, 0, 2, 0, 0, 0, 0, 0]"
603.976616,33828419,"[0, 0, 0, 0, 0, 0, 0, 128]"
603.977478,33834824,"[128, 0, 0, 0, 128, 11, 192, 0]"
603.978319,33827911,"[0, 0, 0, 224, 0, 0, 248, 255]"
603.979098,33828232,"[140, 7, 0, 87, 0, 0, 0, 0]"
603.979996,33828360,"[0, 0, 0, 0, 0, 0, 0, 128]"
603.980837,33827907,"[0, 0, 0, 226, 0, 16, 206, 255]"
603.981685,33827909,"[0, 0, 0, 96, 0, 0, 20, 0]"
603.982577,33828294,"[8, 0, 192, 190, 255, 255, 0, 0]"
603.983367,33929248,"[0, 0, 250, 6, 0, 24, 64, 0]"
603.984265,84159684,"[5, 0, 176, 220, 255, 191, 229, 38]"
603.985116,84159684,"[4, 0, 176, 220, 255, 63, 229, 38]"
603.986023,33828442,"[0, 0, 0, 0, 0, 0, 0, 128]"
603.986885,33828570,"[0, 0, 2, 44, 19, 0, 0, 0]"
603.987741,134551553,"[0, 4, 0, 0, 0, 0, 0, 0]"
603.988589,33827911,"[0, 0, 0, 224, 0, 0, 254, 255]"
603.989408,33827908,"[0, 0, 0, 96, 0, 0, 255, 255]"
603.990249,134551809,"[104, 6, 144, 128, 6, 28, 0, 0]"
603.991036,33929310,"[0, 0, 0, 0, 0, 64, 0, 0]"
603.991948,33929248,"[0, 0, 251, 6, 0, 24, 64, 0]"
603.992796,84159691,"[1, 0, 208, 201, 255, 191, 78, 38]"
603.993644,84211723,"[201, 184, 242, 163, 222, 181, 0, 0]"
603.994506,352611284,"[0, 0, 0, 0, 1, 26, 19, 0]"
603.995354,352596692,"[0, 0, 3, 0, 0, 0, 0, 0]"
603.996187,33828310,"[0, 0, 0, 147, 0, 0, 0, 0]"
603.997045,33827911,"[0, 0, 0, 224, 0, 0, 0, 0]"
603.9979,33828295,"[0, 0, 64, 26, 255, 255, 0, 0]"
603.998748,33929247,"[0, 0, 247, 6, 0, 23, 64, 0]"
603.999568,33827910,"[0, 0, 0, 96, 0, 0, 1, 0]"
604.000465,33828294,"[8, 0, 192, 190, 255, 255, 0, 0]"
604.001314,33929246,"[0, 0, 249, 6, 0, 21, 64, 0]"
604.00219,33929312,"[0, 0, 0, 0, 0, 64, 0, 0]"
604.003084,84159692,"[0, 0, 8, 208, 255, 191, 128, 38]"
604.003932,84159691,"[246, 255, 207, 201, 255, 191, 78, 38]"
604.004809,352596180,"[241, 223, 6, 240, 1, 0, 0, 5]"
604.005708,33880071,"[195, 238, 137, 87, 183, 100, 0, 0]"
604.006556,33827926,"[0, 0, 0, 96, 0, 0, 0, 0]"
604.007425,134551553,"[1, 8, 0, 0, 0, 0, 0, 0]"
604.008266,33827911,"[0, 0, 0, 224, 0, 0, 0, 0]"
604.009045,33827912,"[0, 0, 0, 96, 0, 0, 0, 0]"
604.0099,134551745,"[0, 4, 0, 2, 0, 0, 2, 0]"
604.01077,33827909,"[0, 0, 0, 96, 0, 0, 0, 0]"
604.011618,84159692,"[9, 0, 24, 208, 255, 191, 128, 38]"
604.01256,33929248,"[0, 0, 252, 6, 0, 24, 64, 0]"
604.01343,84159691,"[1, 0, 200, 201, 255, 191, 78, 38]"
604.014278,352595220,"[253, 255, 255, 159, 0, 8, 128, 1]"
604.015183,84159690,"[2, 0, 176, 239, 255, 127, 126, 39]"
604.016063,33828310,"[0, 0, 0, 147, 0, 0, 0, 0]"
604.016933,33827911,"[0, 0, 0, 224, 0, 0, 0, 0]"
604.017759,33828295,"[0, 0, 64, 26, 255, 255, 0, 0]"
604.018593,33929247,"[0, 0, 246, 6, 0, 23, 64, 0]"
604.019527,33828296,"[12, 0, 64, 62, 255, 255, 0, 0]"
604.020498,33828294,"[8, 0, 192, 190, 255, 255, 0, 0]"
604.021353,33827930,"[0, 0, 0, 224, 0, 0, 0, 0]"
604.022207,33929312,"[0, 0, 0, 0, 0, 64, 0, 0]"
604.023178,84159691,"[1, 0, 200, 201, 255, 191, 78, 38]"
604.023964,352595220,"[254, 255, 255, 159, 0, 8, 128, 1]"
604.024863,352596180,"[241, 223, 6, 240, 1, 0, 0, 5]"
604.025682,33827926,"[36, 0, 0, 112, 7, 128, 191, 249]"
604.026523,84159690,"[2, 0, 176, 239, 255, 127, 126, 39]"
604.0273,134551553,"[1, 8, 0, 0, 0, 0, 0, 0]"
604.028176,33827911,"[0, 0, 0, 224, 0, 0, 0, 0]"
604.029056,33929311,"[0, 0, 0, 0, 0, 64, 0, 0]"
604.029904,134551745,"[0, 4, 0, 2, 0, 0, 2, 0]"
604.030772,33827909,"[0, 0, 0, 96, 0, 0, 0, 0]"
604.031627,84159692,"[3, 0, 16, 208, 255, 255, 128, 38]"
604.032567,33929248,"[0, 0, 247, 6, 0, 24, 64, 0]"
604.033436,84159691,"[51, 0, 208, 201, 255, 191, 78, 38]"
604.034277,352595220,"[254, 255, 255, 159, 0, 8, 128, 1]"
604.035195,33827926,"[36, 0, 0, 112, 7, 128, 8, 254]"
604.036046,33828310,"[0, 0, 0, 147, 0, 0, 0, 0]"
604.036845,84211725,"[147, 15, 120, 63, 241, 49, 0, 0]"
604.037742,33827911,"[0, 0, 0, 224, 0, 0, 0, 0]"
604.03859,33828295,"[0, 0, 64, 26, 255, 255, 0, 0]"
604.039431,33828292,"[204, 0, 64, 39, 255, 255, 0, 0]"
604.040307,33828296,"[12, 0, 64, 62, 255, 255, 0, 0]"
604.041169,33828293,"[0, 0, 0, 83, 0, 0, 0, 0]"
604.042076,84159684,"[250, 255, 167, 220, 255, 191, 229, 38]"
604.043051,84159692,"[3, 0, 16, 208, 255, 191, 128, 38]"
604.043907,84159691,"[1, 0, 208, 201, 255, 191, 78, 38]"
604.044755,352596180,"[241, 223, 6, 240, 1, 0, 0, 5]"
604.045617,352596500,"[212, 255, 192, 0, 168, 63, 0, 4]"
604.046386,84159690,"[2, 0, 200, 239, 255, 127, 126, 39]"
604.047255,134551553,"[1, 8, 0, 0, 0, 0, 0, 0]"
604.048161,33827911,"[220, 127, 0, 240, 248, 143, 187, 4]"
604.049034,33827908,"[36, 0, 0, 112, 6, 128, 15, 255]"
604.049903,134551745,"[0, 4, 0, 2, 0, 0, 2, 0]"
604.050766,33929310,"[0, 0, 0, 0, 0, 64, 0, 0]"
604.051607,84159692,"[3, 0, 16, 208, 255, 255, 128, 38]"
604.052484,33929248,"[0, 0, 214, 6, 0, 24, 64, 0]"
604.053325,84159691,"[1, 0, 208, 201, 255, 127, 78, 38]"
604.054172,352595220,"[254, 255, 255, 159, 0, 8, 128, 1]"
604.055045,33827926,"[32, 0, 0, 112, 7, 128, 150, 253]"
604.0559,84159690,"[209, 255, 199, 239, 255, 63, 126, 39]"
604.056748,33828310,"[0, 0, 0, 147, 0, 0, 0, 0]"
604.057618,33827911,"[220, 127, 0, 240, 248, 143, 198, 10]"
604.058451,33828295,"[192, 253, 223, 23, 255, 255, 255, 63]"
604.059227,33827906,"[36, 0, 0, 112, 6, 128, 136, 11]"
604.060154,33828296,"[12, 0, 64, 62, 255, 255, 0, 0]"
604.060991,33929246,"[0, 0, 210, 6, 0, 21, 64, 0]"
604.061846,33929248,"[0, 0, 212, 6, 0, 24, 64, 0]"
604.062709,33929312,"[0, 0, 0, 0, 0, 64, 0, 0]"
604.063571,84159691,"[208, 255, 199, 201, 255, 63, 78, 38]"
604.064419,352595220,"[254, 255, 255, 159, 0, 8, 128, 1]"
604.06526,352596180,"[241, 223, 6, 240, 1, 0, 0, 5]"
604.066151,84159690,"[2, 0, 192, 239, 255, 63, 126, 39]"
604.066909,33880067,"[150, 138, 4, 120, 164, 240, 0, 0]"
604.0678,134551553,"[1, 8, 0, 0, 0, 0, 0, 0]"
604.06867,134551681,"[0, 4, 32, 0, 2, 28, 16, 0]"
604.069525,33827905,"[36, 0, 0, 112, 7, 128, 163, 12]"
604.07038,33827909,"[36, 0, 0, 112, 7, 128, 139, 12]"
604.071191,84159684,"[252, 255, 167, 220, 255, 127, 229, 38]"
604.07205,33929248,"[0, 0, 209, 6, 0, 24, 64, 0]"
604.072869,84159691,"[1, 0, 192, 201, 255, 63, 78, 38]"
604.073703,352595220,"[255, 255, 255, 159, 0, 8, 128, 1]"
604.074497,84159690,"[0, 0, 184, 239, 255, 255, 125, 39]"
604.075358,33827926,"[32, 0, 0, 112, 7, 128, 247, 251]"
604.076198,33828310,"[0, 0, 0, 147, 0, 0, 0, 0]"
604.077145,33827911,"[220, 127, 0, 240, 248, 143, 202, 12]"
604.078024,33828295,"[0, 0, 64, 23, 255, 255, 3, 0]"
604.078872,33827908,"[36, 0, 0, 112, 7, 128, 2, 255]"
604.079727,33828289,"[28, 0, 0, 189, 255, 255, 253, 63]"
604.080554,33828314,"[0, 0, 192, 162, 0, 0, 0, 0]"
604.081395,33828291,"[0, 0, 192, 245, 255, 255, 0, 0]"
604.082179,33929312,"[0, 0, 0, 0, 0, 64, 0, 0]"
604.083037,84159691,"[1, 0, 192, 201, 255, 63, 78, 38]"
604.083878,352595220,"[255, 255, 255, 159, 0, 8, 128, 1]"
604.084775,352596180,"[241, 223, 6, 240, 1, 0, 0, 5]"
604.085595,84159690,"[2, 0, 184, 239, 255, 255, 125, 39]"
604.086436,33827926,"[32, 0, 0, 112, 7, 128, 116, 255]"
604.087227,134551553,"[0, 0, 0, 0, 0, 0, 0, 0]"
604.088138,33827911,"[220, 127, 0, 240, 248, 143, 228, 12]"
604.089003,33827908,"[36, 0, 0, 112, 7, 128, 22, 255]"
604.089844,134551745,"[0, 0, 0, 3, 0, 0, 1, 0]"
604.090664,33827907,"[0, 0, 0, 226, 0, 16, 214, 255]"
604.091505,84159692,"[3, 0, 24, 208, 255, 191, 128, 38]"
604.092281,33929248,"[0, 0, 209, 6, 0, 24, 64, 0]"
604.093179,84159691,"[1, 0, 192, 201, 255, 63, 78, 38]"
604.094023,352595220,"[0, 0, 0, 144, 0, 8, 128, 1]"
604.094871,84159690,"[2, 0, 184, 239, 255, 63, 126, 39]"
604.095691,33827926,"[32, 0, 0, 112, 7, 128, 135, 0]"
604.096582,33828310,"[0, 0, 0, 147, 0, 0, 0, 0]"
604.097423,33827911,"[220, 127, 0, 240, 248, 143, 32, 251]"
604.098241,33828295,"[136, 0, 128, 24, 255, 255, 251, 63]"
604.099133,33827910,"[32, 0, 0, 112, 7, 128, 26, 255]"
604.099883,33828294,"[8, 0, 224, 190, 255, 255, 0, 0]"
604.100796,33828293,"[0, 0, 128, 81, 0, 0, 2, 0]"
604.101687,84159692,"[3, 0, 24, 208, 255, 191, 128, 38]"
604.102535,33929312,"[0, 0, 0, 0, 0, 64, 0, 0]"
604.103398,84159691,"[1, 0, 192, 201, 255, 63, 78, 38]"
604.10426,352595220,"[0, 0, 0, 144, 0, 8, 128, 1]"
604.105129,352596180,"[241, 223, 6, 240, 1, 0, 0, 5]"
604.105988,84159690,"[20, 0, 200, 239, 255, 127, 126, 39]"
604.106822,134551553,"[0, 0, 0, 0, 0, 0, 0, 0]"
604.107612,134551617,"[0, 0, 0, 0, 0, 0, 0, 0]"
604.108475,33827911,"[220, 127, 0, 240, 248, 143, 250, 253]"
604.109359,33827906,"[32, 0, 0, 112, 7, 128, 244, 6]"
604.110206,33827930,"[220, 127, 0, 240, 248, 143, 34, 247]"
604.111126,84159684,"[253, 255, 167, 220, 255, 127, 229, 38]"
604.111913,33929248,"[0, 0, 209, 6, 0, 24, 64, 0]"
604.112775,84159691,"[1, 0, 192, 201, 255, 63, 78, 38]"
604.113609,352595220,"[0, 0, 0, 144, 0, 8, 128, 1]"
604.114457,33827926,"[32, 0, 0, 112, 7, 128, 32, 253]"
604.115232,84159690,"[1, 0, 192, 239, 255, 63, 126, 39]"
604.116124,33828310,"[0, 0, 0, 147, 0, 0, 0, 0]"
604.116989,33880066,"[228, 238, 54, 79, 96, 119, 0, 0]"
604.117845,33827911,"[220, 127, 0, 240, 248, 143, 227, 8]"
604.118664,33929247,"[0, 0, 207, 6, 0, 23, 64, 0]"
604.119505,33828290,"[12, 0, 96, 64, 255, 255, 0, 0]"
604.120303,84161604,"[0, 0, 0, 0, 0, 0, 0, 0]"
604.121157,33929246,"[0, 0, 210, 6, 0, 21, 64, 0]"
604.122015,84175812,"[0, 0, 0, 0, 1, 26, 19, 128]"
604.122877,84159684,"[254, 255, 167, 220, 255, 255, 228, 38]"
604.123704,84159691,"[1, 0, 192, 201, 255, 63, 78, 38]"
604.124538,352596180,"[241, 223, 6, 224, 1, 0, 0, 5]"
604.125322,84159690,"[1, 0, 192, 239, 255, 127, 126, 39]"
604.126219,33827926,"[0, 0, 0, 98, 0, 16, 128, 254]"
604.127117,134551553,"[0, 0, 0, 0, 0, 0, 0, 0]"
604.12796,33827911,"[220, 127, 0, 240, 248, 143, 228, 11]"
604.128823,33827908,"[36, 0, 0, 112, 7, 128, 0, 255]"
604.129664,33929311,"[0, 0, 0, 0, 0, 64, 0, 0]"
604.130441,33827907,"[0, 0, 0, 226, 0, 16, 193, 255]"
604.131367,84159684,"[4, 0, 168, 220, 255, 63, 229, 38]"
604.132214,33929248,"[0, 0, 214, 6, 0, 24, 64, 0]"
604.133118,84159691,"[1, 0, 192, 201, 255, 63, 78, 38]"
604.133976,352595220,"[0, 0, 0, 144, 0, 8, 128, 1]"
604.134768,84159690,"[51, 0, 200, 239, 255, 127, 126, 39]"
604.135623,33827926,"[0, 0, 0, 98, 0, 16, 155, 255]"
604.136478,33828310,"[0, 0, 0, 147, 0, 0, 0, 0]"
604.137348,33880070,"[247, 99, 245, 70, 77, 229, 0, 0]"
604.138203,33828295,"[0, 0, 64, 23, 255, 255, 4, 0]"
604.138946,33827910,"[32, 0, 0, 112, 7, 128, 149, 249]"
604.139773,33828294,"[204, 0, 32, 191, 255, 255, 0, 0]"
604.140607,33828293,"[0, 0, 64, 81, 0, 0, 0, 0]"
604.141469,33828291,"[0, 0, 192, 245, 255, 255, 0, 0]"
604.142296,84161612,"[0, 0, 0, 0, 0, 0, 0, 0]"
604.143136,84175820,"[0, 0, 0, 1, 1, 26, 19, 0]"
604.143915,84175819,"[0, 0, 0, 1, 1, 26, 19, 0]"
604.144814,352596244,"[10, 255, 219, 0, 33, 127, 0, 0]"
604.145655,84159690,"[1, 0, 192, 239, 255, 63, 126, 39]"
604.146503,84175818,"[0, 0, 0, 1, 1, 26, 19, 0]"
604.147322,84166474,"[0, 0, 0, 0, 24, 0, 0, 0]"
604.148162,33827911,"[0, 0, 0, 226, 0, 16, 55, 3]"
604.148956,33827912,"[0, 0, 0, 98, 0, 16, 102, 4]"
604.149854,33827905,"[0, 0, 0, 98, 0, 16, 151, 4]"
604.150746,33827907,"[0, 0, 0, 226, 0, 16, 201, 255]"
604.151587,84159692,"[210, 255, 23, 208, 255, 127, 128, 38]"
604.152449,33929248,"[0, 0, 243, 6, 0, 24, 64, 0]"
604.153297,84159691,"[1, 0, 192, 201, 255, 63, 78, 38]"
604.154109,352595220,"[0, 0, 0, 144, 0, 8, 128, 1]"
604.156321,84159690,"[1, 0, 192, 239, 255, 127, 126, 39]"
604.157161,33827926,"[0, 0, 0, 98, 0, 16, 239, 255]"
604.157998,33828310,"[0, 0, 0, 147, 0, 0, 0, 0]"
604.158832,84159693,"[2, 0, 120, 207, 255, 255, 122, 38]"
604.159644,33827906,"[0, 0, 0, 98, 0, 16, 131, 0]"
604.160492,33929246,"[0, 0, 242, 6, 0, 21, 64, 0]"
604.161333,84159692,"[241, 255, 15, 208, 255, 127, 128, 38]"
604.162166,33929312,"[0, 0, 0, 0, 0, 64, 0, 0]"
604.162988,84159691,"[1, 0, 192, 201, 255, 127, 78, 38]"
604.165376,352595220,"[255, 255, 255, 159, 0, 8, 128, 1]"
604.166295,352596180,"[241, 223, 6, 240, 1, 0, 0, 5]"
604.167149,33827926,"[0, 0, 0, 98, 0, 16, 253, 255]"
604.168007,134551617,"[0, 24, 160, 0, 10, 0, 0, 0]"
604.168883,33929311,"[0, 0, 0, 0, 0, 64, 0, 0]"
604.16983,33827905,"[0, 0, 0, 98, 0, 16, 152, 0]"
604.170629,33827907,"[0, 0, 0, 226, 0, 16, 209, 255]"
604.171646,84159692,"[52, 0, 16, 208, 255, 255, 128, 38]"
604.172685,33929248,"[0, 0, 247, 6, 0, 24, 64, 0]"
604.173547,84159691,"[50, 0, 200, 201, 255, 127, 78, 38]"
604.174395,352595220,"[254, 255, 255, 159, 0, 8, 128, 1]"
604.175242,84159690,"[4, 0, 200, 239, 255, 191, 126, 39]"
604.176104,33828310,"[0, 0, 0, 147, 0, 0, 0, 0]"
604.17696,33827911,"[0, 0, 0, 226, 0, 16, 30, 0]"
604.177808,33828295,"[156, 254, 31, 28, 255, 255, 244, 63]"
604.178635,33929247,"[0, 0, 242, 6, 0, 23, 64, 0]"
604.179469,33828292,"[200, 0, 32, 39, 255, 255, 0, 0]"
604.180252,33828290,"[208, 0, 64, 64, 255, 255, 0, 0]"
604.181121,33929246,"[0, 0, 241, 6, 0, 21, 64, 0]"
604.181973,33929248,"[0, 0, 248, 6, 0, 24, 64, 0]"
604.182828,84159692,"[2, 0, 16, 208, 255, 255, 128, 38]"
604.183655,84159691,"[4, 0, 200, 201, 255, 127, 78, 38]"
604.184496,352595220,"[254, 255, 255, 159, 0, 8, 128, 1]"
604.185423,352596180,"[241, 223, 6, 224, 1, 0, 0, 5]"
604.186278,33880068,"[35, 254, 23, 128, 51, 36, 0, 0]"
604.18709,134551553,"[0, 8, 0, 0, 0, 0, 0, 0]"
604.187912,84211725,"[130, 191, 197, 89, 163, 227, 0, 0]"
604.188732,33929247,"[0, 0, 240, 6, 0, 23, 64, 0]"
604.189637,33827906,"[0, 0, 0, 98, 0, 16, 240, 255]"
604.19055,134551809,"[135, 6, 144, 128, 7, 28, 0, 0]"
604.191413,84159684,"[253, 255, 167, 220, 255, 63, 229, 38]"
604.192333,33929248,"[0, 0, 248, 6, 0, 24, 64, 0]"
604.193151,84159691,"[4, 0, 200, 201, 255, 127, 78, 38]"
604.193988,352595220,"[254, 255, 255, 159, 0, 8, 128, 1]"
604.194772,84159690,"[1, 0, 200, 239, 255, 127, 126, 39]"
604.195634,33844182,"[0, 0, 0, 0, 1, 26, 19, 0]"
604.196468,33828950,"[212, 74, 40, 37, 0, 0, 0, 0]"
604.197323,33828246,"[0, 0, 0, 147, 0, 0, 0, 0]"
604.198192,33827911,"[0, 0, 0, 226, 0, 16, 16, 0]"
604.199091,33827912,"[0, 0, 0, 98, 0, 16, 29, 0]"
604.199964,33828290,"[72, 255, 95, 64, 255, 255, 0, 0]"
604.200812,33827907,"[0, 0, 0, 226, 0, 16, 176, 255]"
604.201645,33828293,"[0, 0, 128, 82, 0, 0, 1, 0]"
604.202494,33929312,"[0, 0, 0, 0, 0, 64, 0, 0]"
604.203313,84159691,"[4, 0, 200, 201, 255, 127, 78, 38]"
604.204182,352595220,"[254, 255, 255, 159, 0, 8, 128, 1]"
604.205087,352596180,"[241, 223, 6, 224, 1, 0, 0, 5]"
604.205917,33827926,"[0, 0, 0, 98, 0, 16, 4, 0]"
604.206758,134551553,"[0, 8, 0, 0, 0, 0, 0, 0]"
604.207563,134551617,"[0, 24, 160, 0, 10, 0, 0, 0]"
604.208347,33827911,"[0, 0, 0, 226, 0, 16, 255, 255]"
604.209172,84159693,"[5, 0, 152, 207, 255, 127, 123, 38]"
604.210085,134551809,"[135, 6, 144, 128, 7, 28, 0, 0]"
604.210812,33827930,"[0, 0, 0, 226, 0, 16, 38, 0]"
604.211668,84159692,"[2, 0, 16, 208, 255, 191, 128, 38]"
604.212544,33929248,"[0, 0, 250, 6, 0, 24, 64, 0]"
604.213356,84159691,"[3, 0, 200, 201, 255, 127, 78, 38]"
604.214225,352595220,"[255, 255, 255, 159, 0, 8, 128, 1]"
604.21508,84159690,"[1, 0, 200, 239, 255, 63, 126, 39]"
604.215846,33828310,"[0, 0, 0, 147, 0, 0, 0, 0]"
604.216719,33844167,"[0, 0, 0, 0, 1, 26, 19, 0]"
604.217511,33834823,"[0, 0, 0, 0, 0, 3, 128, 0]"
604.21833,33828935,"[0, 243, 199, 46, 0, 0, 0, 0]"
604.219206,33834824,"[128, 0, 0, 0, 128, 11, 192, 0]"
604.219986,33827912,"[0, 0, 0, 98, 0, 16, 6, 0]"
604.220778,33828162,"[253, 127, 0, 192, 90, 19, 24, 20]"
604.22171,33828290,"[8, 0, 64, 64, 255, 255, 0, 0]"
604.222495,33828418,"[0, 0, 0, 0, 0, 0, 0, 128]"
604.223271,33828546,"[0, 0, 4, 0, 0, 0, 0, 0]"
604.224119,33844165,"[0, 0, 0, 0, 1, 26, 19, 0]"
604.225073,33827905,"[0, 0, 0, 98, 0, 16, 14, 0]"
604.225854,33827907,"[0, 0, 0, 226, 0, 16, 180, 255]"
604.226681,33828227,"[0, 0, 192, 245, 255, 255, 0, 0]"
604.2275,33828165,"[249, 127, 0, 192, 90, 19, 23, 20]"
604.228132,33827911,"[0, 0, 0, 226, 0, 16, 9, 0]"
604.228739,33827908,"[0, 0, 0, 98, 0, 16, 24, 0]"
604.229357,33827910,"[0, 0, 0, 98, 0, 16, 2, 0]"
604.229948,33828545,"[0, 0, 4, 0, 0, 0, 0, 0]"
604.230646,33828549,"[0, 0, 4, 0, 0, 0, 0, 0]"
604.231336,33827909,"[0, 0, 0, 98, 0, 16, 246, 255]"
604.232075,33929246,"[0, 0, 248, 6, 0, 21, 64, 0]"
604.232732,33929248,"[0, 0, 251, 6, 0, 24, 64, 0]"
604.23343,33929312,"[0, 0, 0, 0, 0, 64, 0, 0]"
604.234112,84159691,"[3, 0, 200, 201, 255, 127, 78, 38]"
604.234812,84159691,"[0, 0, 200, 201, 255, 127, 78, 38]"
604.235495,84159690,"[1, 0, 200, 239, 255, 127, 126, 39]"
604.236198,134551681,"[0, 8, 32, 0, 16, 64, 224, 0]"
604.236877,134551809,"[135, 6, 144, 128, 7, 28, 0, 0]"
604.237574,33827930,"[0, 0, 0, 226, 0, 16, 1, 0]"
604.238199,33827911,"[0, 0, 0, 226, 0, 16, 21, 0]"
604.238899,33827908,"[0, 0, 0, 98, 0, 16, 20, 0]"
604.239589,33827905,"[0, 0, 0, 98, 0, 16, 1, 0]"
604.240286,33828289,"[0, 0, 64, 188, 255, 255, 0, 0]"
604.240964,84159692,"[5, 0, 16, 208, 255, 255, 128, 38]"
604.241661,33929248,"[0, 0, 251, 6, 0, 24, 64, 0]"
604.242344,33929312,"[0, 0, 0, 0, 0, 64, 0, 0]"
604.243069,84159691,"[0, 0, 200, 201, 255, 127, 78, 38]"
604.243733,352611284,"[0, 0, 0, 0, 1, 26, 19, 0]"
604.24443,352595220,"[254, 255, 255, 159, 0, 8, 128, 1]"
604.245112,352596436,"[0, 0, 96, 255, 255, 238, 255, 15]"
604.245813,352596628,"[137, 104, 0, 0, 0, 0, 0, 0]"
604.246488,352596884,"[201, 255, 95, 0, 101, 2, 0, 0]"
604.247235,134551553,"[1, 0, 0, 0, 0, 0, 0, 192]"
604.247942,33827911,"[0, 0, 0, 226, 0, 16, 10, 0]"
604.248654,33827912,"[0, 0, 0, 98, 0, 16, 238, 255]"
604.249344,33827905,"[0, 0, 0, 98, 0, 16, 252, 255]"
604.250069,134551809,"[139, 6, 144, 128, 1, 28, 0, 0]"
604.250734,33929310,"[0, 0, 0, 0, 0, 64, 0, 0]"
604.251452,33929248,"[0, 0, 251, 6, 0, 24, 64, 0]"
604.252134,33880066,"[243, 197, 112, 24, 100, 247, 0, 0]"
604.252827,84159691,"[0, 0, 200, 201, 255, 127, 78, 38]"
604.253517,352595220,"[254, 255, 255, 159, 0, 8, 128, 1]"
604.254223,84159690,"[7, 0, 192, 239, 255, 127, 126, 39]"
604.254844,33827926,"[0, 0, 0, 98, 0, 16, 251, 255]"
604.255552,33828310,"[0, 0, 0, 147, 0, 0, 0, 0]"
604.256236,33930272,"[0, 0, 0, 0, 56, 220, 7, 176]"
604.256929,33827911,"[0, 0, 0, 226, 0, 16, 3, 0]"
604.257622,33828295,"[0, 0, 192, 26, 255, 255, 0, 0]"
604.258314,33929247,"[0, 0, 247, 6, 0, 23, 64, 0]"
604.259063,33827910,"[0, 0, 0, 98, 0, 16, 236, 255]"
604.259695,33828289,"[0, 0, 64, 188, 255, 255, 0, 0]"
604.26038,33827907,"[0, 0, 0, 226, 0, 16, 199, 255]"
604.261079,33828291,"[0, 0, 192, 245, 255, 255, 0, 0]"
604.261761,84211723,"[13, 194, 41, 85, 225, 60, 0, 0]"
604.26246,84159691,"[0, 0, 200, 201, 255, 127, 78, 38]"
604.263142,352595220,"[254, 255, 255, 159, 0, 8, 128, 1]"
604.263838,352596180,"[241, 223, 6, 240, 1, 0, 0, 5]"
604.264523,84159690,"[1, 0, 192, 239, 255, 127, 126, 39]"
604.265222,33827926,"[0, 0, 0, 98, 0, 16, 245, 255]"
604.265902,134551553,"[1, 0, 0, 0, 0, 0, 0, 192]"
604.269471,134551617,"[0, 0, 0, 64, 0, 0, 0, 0]"
604.270198,33827911,"[0, 0, 0, 226, 0, 16, 1, 0]"
604.270809,84159684,"[2, 0, 176, 220, 255, 127, 229, 38]"
604.271507,33929248,"[0, 0, 252, 6, 0, 24, 64, 0]"
604.272138,84159691,"[0, 0, 200, 201, 255, 127, 78, 38]"
604.272828,352595220,"[254, 255, 255, 159, 0, 8, 128, 1]"
604.273885,84159690,"[1, 0, 192, 239, 255, 127, 126, 39]"
604.274161,33827926,"[0, 0, 0, 98, 0, 16, 252, 255]"
604.274776,33828310,"[0, 0, 0, 147, 0, 0, 0, 0]"
604.276359,33827911,"[0, 0, 0, 226, 0, 16, 2, 0]"
604.276531,33828295,"[0, 0, 192, 26, 255, 255, 0, 0]"
604.276875,33929247,"[0, 0, 247, 6, 0, 23, 64, 0]"
604.277425,84159693,"[1, 0, 144, 207, 255, 127, 123, 38]"
604.278114,33827912,"[0, 0, 0, 98, 0, 16, 254, 255]"
604.278743,33827908,"[0, 0, 0, 98, 0, 16, 37, 0]"
604.27944,33827905,"[0, 0, 0, 98, 0, 16, 2, 0]"
604.280079,33828296,"[4, 0, 64, 62, 255, 255, 0, 0]"
604.280678,84159684,"[0, 0, 176, 220, 255, 127, 229, 38]"
604.281318,33929248,"[0, 0, 252, 6, 0, 24, 64, 0]"
604.28205,84159692,"[2, 0, 16, 208, 255, 191, 128, 38]"
604.282643,84159691,"[0, 0, 200, 201, 255, 127, 78, 38]"
604.28334,352595220,"[254, 255, 255, 159, 0, 8, 128, 1]"
604.283975,352596180,"[241, 223, 6, 240, 1, 0, 0, 5]"
604.284665,84159690,"[4, 0, 200, 239, 255, 127, 126, 39]"
604.28529,33827926,"[0, 0, 0, 98, 0, 16, 248, 255]"
604.286051,33880069,"[251, 191, 122, 63, 227, 11, 0, 0]"
604.286608,134551553,"[1, 0, 0, 0, 0, 0, 0, 192]"
604.287298,134551617,"[0, 0, 0, 64, 0, 0, 0, 0]"
604.287932,33827911,"[0, 0, 0, 226, 0, 16, 6, 0]"
604.288637,33827912,"[0, 0, 0, 98, 0, 16, 241, 255]"
604.289247,134551745,"[0, 0, 0, 3, 0, 0, 1, 0]"
604.28994,33880072,"[207, 240, 177, 228, 39, 154, 0, 0]"
604.290565,33827909,"[0, 0, 0, 98, 0, 16, 3, 0]"
604.291262,33929248,"[0, 0, 252, 6, 0, 24, 64, 0]"
604.291889,84159691,"[0, 0, 200, 201, 255, 127, 78, 38]"
604.292586,352595220,"[254, 255, 255, 159, 0, 8, 128, 1]"
604.293716,84159690,"[3, 0, 200, 239, 255, 127, 126, 39]"
604.294112,33827926,"[0, 0, 0, 98, 0, 16, 252, 255]"
604.294636,33828310,"[0, 0, 0, 147, 0, 0, 0, 0]"
604.296324,33827911,"[0, 0, 0, 226, 0, 16, 13, 0]"
604.296511,33828295,"[0, 0, 192, 26, 255, 255, 0, 0]"
604.296895,33929247,"[0, 0, 247, 6, 0, 23, 64, 0]"
604.297416,84159693,"[1, 0, 144, 207, 255, 191, 123, 38]"
604.298098,33827912,"[0, 0, 0, 98, 0, 16, 252, 255]"
604.298791,33827908,"[0, 0, 0, 98, 0, 16, 17, 0]"
604.299481,33827905,"[0, 0, 0, 98, 0, 16, 253, 255]"
604.300185,33828289,"[0, 0, 64, 188, 255, 255, 0, 0]"
604.300868,84211716,"[163, 206, 29, 18, 185, 37, 0, 0]"
604.301568,33929248,"[0, 0, 252, 6, 0, 24, 64, 0]"
604.302245,84159692,"[52, 0, 16, 208, 255, 255, 128, 38]"
604.302948,84159691,"[0, 0, 200, 201, 255, 127, 78, 38]"
604.303626,352595220,"[254, 255, 255, 159, 0, 8, 128, 1]"
604.304326,352596180,"[241, 223, 6, 224, 1, 0, 0, 5]"
604.305046,84159690,"[7, 0, 192, 239, 255, 127, 126, 39]"
604.305714,33827926,"[0, 0, 0, 98, 0, 16, 5, 0]"
604.3064,134551553,"[1, 0, 0, 0, 0, 0, 0, 192]"
604.307106,134551617,"[0, 0, 0, 64, 0, 0, 0, 0]"
604.307787,33827911,"[0, 0, 0, 226, 0, 16, 252, 255]"
604.308494,33827912,"[0, 0, 0, 98, 0, 16, 232, 255]"
604.309186,134551745,"[0, 0, 0, 3, 0, 0, 1, 0]"
604.309881,134551809,"[139, 6, 144, 128, 1, 28, 0, 0]"
604.310567,33827930,"[0, 0, 0, 226, 0, 16, 62, 0]"
604.311288,33929248,"[0, 0, 252, 6, 0, 24, 64, 0]"
604.312038,84159691,"[0, 0, 200, 201, 255, 127, 78, 38]"
604.312676,352595220,"[254, 255, 255, 159, 0, 8, 128, 1]"
604.313848,84159690,"[3, 0, 200, 239, 255, 191, 126, 39]"
604.314069,33827926,"[0, 0, 0, 98, 0, 16, 2, 0]"
604.314759,33828310,"[0, 0, 0, 147, 0, 0, 0, 0]"
604.316281,33827911,"[0, 0, 0, 226, 0, 16, 4, 0]"
604.316468,33828295,"[0, 0, 192, 26, 255, 255, 0, 0]"
604.31688,33929247,"[0, 0, 247, 6, 0, 23, 64, 0]"
604.317516,33827912,"[0, 0, 0, 98, 0, 16, 228, 255]"
604.318212,84159693,"[1, 0, 144, 207, 255, 127, 123, 38]"
604.318905,33827910,"[0, 0, 0, 98, 0, 16, 0, 0]"
604.319603,33828289,"[0, 0, 64, 188, 255, 255, 0, 0]"
604.320293,33827907,"[0, 0, 0, 226, 0, 16, 199, 255]"
604.321039,33828291,"[0, 0, 192, 245, 255, 255, 0, 0]"
604.321689,84159692,"[2, 0, 16, 208, 255, 255, 128, 38]"
604.322386,84211724,"[67, 53, 202, 247, 178, 41, 0, 0]"
604.323068,84159691,"[0, 0, 200, 201, 255, 127, 78, 38]"
604.323776,352595220,"[255, 255, 255, 159, 0, 8, 128, 1]"
604.324459,352596180,"[241, 223, 6, 224, 1, 0, 0, 5]"
604.325162,84159690,"[3, 0, 200, 239, 255, 127, 126, 39]"
604.325848,33827926,"[0, 0, 0, 98, 0, 16, 3, 0]"
604.326545,134551553,"[0, 0, 0, 0, 0, 0, 0, 192]"
604.327227,134551617,"[0, 0, 0, 64, 0, 0, 0, 0]"
604.327935,33827911,"[0, 0, 0, 226, 0, 16, 12, 0]"
604.328625,33827912,"[0, 0, 0, 98, 0, 16, 240, 255]"
604.329322,33827905,"[0, 0, 0, 98, 0, 16, 5, 0]"
604.330033,134551809,"[140, 6, 144, 128, 0, 28, 0, 0]"
604.330712,33929310,"[0, 0, 0, 0, 0, 64, 0, 0]"
604.331402,33929248,"[0, 0, 253, 6, 0, 24, 64, 0]"
604.332098,84159691,"[0, 0, 200, 201, 255, 127, 78, 38]"
604.332787,352595220,"[255, 255, 255, 159, 0, 8, 128, 1]"
604.333917,84159690,"[3, 0, 200, 239, 255, 127, 126, 39]"
604.334163,33827926,"[0, 0, 0, 98, 0, 16, 253, 255]"
604.334858,33828310,"[0, 0, 0, 147, 0, 0, 0, 0]"
604.336341,33827911,"[0, 0, 0, 226, 0, 16, 9, 0]"
604.336541,33828295,"[0, 0, 192, 26, 255, 255, 0, 0]"
604.336924,33929247,"[0, 0, 248, 6, 0, 23, 64, 0]"
604.337618,33827912,"[0, 0, 0, 98, 0, 16, 253, 255]"
604.338315,84159693,"[1, 0, 144, 207, 255, 127, 123, 38]"
604.339033,33827910,"[0, 0, 0, 98, 0, 16, 239, 255]"
604.339697,33828289,"[0, 0, 64, 188, 255, 255, 0, 0]"
604.340409,33827909,"[0, 0, 0, 98, 0, 16, 9, 0]"
604.341098,33828291,"[0, 0, 192, 245, 255, 255, 0, 0]"
604.341813,84159692,"[2, 0, 16, 208, 255, 191, 128, 38]"
604.342496,84159691,"[0, 0, 200, 201, 255, 127, 78, 38]"
604.3432,352595220,"[0, 0, 0, 144, 0, 8, 128, 1]"
604.343879,352596180,"[241, 223, 6, 224, 1, 0, 0, 5]"
604.344591,352596500,"[116, 255, 100, 0, 160, 64, 0, 4]"
604.345281,84159690,"[3, 0, 200, 239, 255, 127, 126, 39]"
604.346027,33827926,"[0, 0, 0, 98, 0, 16, 4, 0]"
604.346664,134551553,"[0, 0, 0, 0, 0, 0, 0, 192]"
604.347363,134551617,"[0, 0, 0, 64, 0, 0, 0, 0]"
604.348048,33827911,"[0, 0, 0, 226, 0, 16, 0, 0]"
604.348744,33827908,"[0, 0, 0, 98, 0, 16, 4, 0]"
604.349429,134551745,"[0, 0, 0, 3, 0, 0, 1, 0]"
604.350128,33929246,"[0, 0, 249, 6, 0, 21, 64, 0]"
604.35081,84159684,"[9, 0, 176, 220, 255, 127, 229, 38]"
604.351509,33929248,"[0, 0, 253, 6, 0, 24, 64, 0]"
604.352187,84159691,"[0, 0, 200, 201, 255, 127, 78, 38]"
604.352884,352595220,"[0, 0, 0, 144, 0, 8, 128, 1]"
604.353569,84211725,"[76, 185, 184, 146, 26, 166, 0, 0]"
604.354276,84159690,"[238, 255, 199, 239, 255, 63, 126, 39]"
604.355025,33827926,"[0, 0, 0, 98, 0, 16, 1, 0]"
604.355664,33828310,"[0, 0, 0, 147, 0, 0, 0, 0]"
604.356349,33880068,"[73, 24, 166, 51, 76, 217, 0, 0]"
604.357048,33827911,"[0, 0, 0, 226, 0, 16, 2, 0]"
604.357737,33828295,"[0, 0, 192, 26, 255, 255, 0, 0]"
604.358436,84159693,"[1, 0, 144, 207, 255, 127, 123, 38]"
604.359121,33828292,"[0, 0, 32, 39, 255, 255, 0, 0]"
604.35981,33828294,"[184, 255, 31, 191, 255, 255, 0, 0]"
604.360495,33827909,"[0, 0, 0, 98, 0, 16, 14, 0]"
604.361201,33828293,"[0, 0, 128, 82, 0, 0, 0, 0]"
604.361883,84159692,"[2, 0, 16, 208, 255, 191, 128, 38]"
604.362587,84159691,"[0, 0, 200, 201, 255, 127, 78, 38]"
604.363269,352595220,"[0, 0, 0, 144, 0, 8, 128, 1]"
604.364017,352596180,"[241, 223, 6, 224, 1, 0, 0, 5]"
604.36466,84159690,"[6, 0, 192, 239, 255, 127, 126, 39]"
604.365357,33827926,"[0, 0, 0, 98, 0, 16, 4, 0]"
604.366047,134551553,"[0, 0, 0, 0, 0, 0, 0, 192]"
604.366755,134551617,"[0, 0, 0, 64, 0, 0, 0, 0]"
604.367438,33827911,"[0, 0, 0, 226, 0, 16, 5, 0]"
604.368134,134551681,"[0, 8, 32, 0, 0, 0, 0, 0]"
604.368813,84159693,"[1, 0, 144, 207, 255, 127, 123, 38]"
604.36951,33827905,"[0, 0, 0, 98, 0, 16, 8, 0]"
604.370192,33929246,"[0, 0, 249, 6, 0, 21, 64, 0]"
604.370814,84166468,"[0, 0, 0, 0, 0, 0, 0, 0]"
604.37154,84159684,"[0, 0, 168, 220, 255, 255, 228, 38]"
604.372193,84159691,"[0, 0, 200, 201, 255, 127, 78, 38]"
604.372879,84211723,"[90, 95, 177, 228, 101, 91, 0, 0]"
604.373569,352595220,"[0, 0, 0, 144, 0, 8, 128, 1]"
604.374208,352647188,"[84, 221, 154, 237, 7, 47, 0, 0]"
604.374893,84159690,"[6, 0, 208, 239, 255, 191, 126, 39]"
604.375583,33827926,"[0, 0, 0, 98, 0, 16, 14, 0]"
604.376215,33828310,"[0, 0, 0, 147, 0, 0, 0, 0]"
604.376903,33827911,"[0, 0, 0, 226, 0, 16, 249, 255]"
604.377601,33828295,"[0, 0, 192, 26, 255, 255, 0, 0]"
604.378218,33827912,"[0, 0, 0, 98, 0, 16, 239, 255]"
604.378911,33827910,"[0, 0, 0, 98, 0, 16, 251, 255]"
604.379601,33828290,"[204, 255, 63, 64, 255, 255, 0, 0]"
604.38024,33827907,"[0, 0, 0, 226, 0, 16, 215, 255]"
604.380926,33828291,"[0, 0, 192, 245, 255, 255, 0, 0]"
604.381623,33929312,"[0, 0, 0, 0, 0, 64, 0, 0]"
604.382248,84159692,"[2, 0, 8, 208, 255, 127, 128, 38]"
604.38301,84159691,"[0, 0, 200, 201, 255, 127, 78, 38]"
604.383631,352595220,"[0, 0, 0, 144, 0, 8, 128, 1]"
604.384263,352596180,"[241, 223, 6, 224, 1, 0, 0, 5]"
604.38501,84159690,"[3, 0, 200, 239, 255, 63, 126, 39]"
604.385631,33827926,"[0, 0, 0, 98, 0, 16, 249, 255]"
604.386273,134551553,"[0, 0, 0, 0, 0, 0, 0, 192]"
604.387005,134551617,"[0, 0, 0, 64, 0, 0, 0, 0]"
604.387648,33827911,"[0, 0, 0, 226, 0, 16, 253, 255]"
604.388273,33929247,"[0, 0, 248, 6, 0, 23, 64, 0]"
604.389006,33827910,"[0, 0, 0, 98, 0, 16, 5, 0]"
604.389648,84161613,"[0, 0, 253, 255, 255, 7, 0, 0]"
604.390288,33827907,"[0, 0, 0, 226, 0, 16, 208, 255]"
604.391006,84159692,"[2, 0, 8, 208, 255, 127, 128, 38]"
604.391664,84160652,"[171, 192, 224, 123, 24, 0, 0, 0]"
604.392279,84166476,"[0, 0, 0, 0, 24, 0, 0, 0]"
604.393006,84159691,"[0, 0, 200, 201, 255, 127, 78, 38]"
604.393666,84160651,"[172, 192, 96, 128, 24, 0, 0, 0]"
604.394303,84175819,"[0, 0, 0, 1, 1, 26, 19, 0]"
604.395001,84166475,"[0, 0, 0, 0, 24, 0, 0, 0]"
604.395676,33828310,"[0, 0, 0, 147, 0, 0, 0, 0]"
604.396298,84166474,"[0, 0, 0, 0, 24, 0, 0, 0]"
604.397005,33827911,"[0, 0, 0, 226, 0, 16, 248, 255]"
604.397672,33828295,"[0, 0, 192, 26, 255, 255, 0, 0]"
604.398294,33929247,"[0, 0, 248, 6, 0, 23, 64, 0]"
604.399,33828292,"[0, 0, 32, 39, 255, 255, 0, 0]"
604.399668,33828289,"[0, 0, 64, 188, 255, 255, 0, 0]"
604.400304,33827907,"[0, 0, 0, 226, 0, 16, 220, 255]"
604.401003,33828291,"[0, 0, 192, 245, 255, 255, 0, 0]"
604.401699,33929312,"[0, 0, 0, 0, 0, 64, 0, 0]"
604.402328,84159692,"[1, 0, 8, 208, 255, 191, 128, 38]"
604.403019,84159691,"[0, 0, 200, 201, 255, 127, 78, 38]"
604.403701,352595220,"[0, 0, 0, 144, 0, 8, 128, 1]"
604.404323,352596180,"[241, 223, 6, 224, 1, 0, 0, 5]"
604.405029,84159690,"[3, 0, 200, 239, 255, 191, 126, 39]"
604.405717,33827926,"[0, 0, 0, 98, 0, 16, 0, 0]"
604.406346,134551553,"[0, 0, 0, 0, 0, 0, 0, 192]"
604.407036,134551617,"[0, 0, 0, 64, 0, 0, 0, 0]"
604.407722,33827911,"[0, 0, 0, 226, 0, 16, 1, 0]"
604.40834,33929311,"[0, 0, 0, 0, 0, 64, 0, 0]"
604.409022,33827906,"[0, 0, 0, 98, 0, 16, 3, 0]"
604.409715,134551809,"[141, 6, 144, 128, 0, 28, 0, 0]"
604.410333,33827909,"[0, 0, 0, 98, 0, 16, 236, 255]"
604.411022,84159692,"[1, 0, 8, 208, 255, 191, 128, 38]"
604.411715,33929248,"[0, 0, 253, 6, 0, 24, 64, 0]"
604.412334,84159691,"[0, 0, 200, 201, 255, 127, 78, 38]"
604.413019,352595220,"[0, 0, 0, 144, 0, 8, 128, 1]"
604.413798,84159690,"[3, 0, 200, 239, 255, 127, 126, 39]"
604.414349,33827926,"[0, 0, 0, 98, 0, 16, 8, 0]"
604.415031,33828310,"[0, 0, 0, 147, 0, 0, 0, 0]"
604.415753,33880067,"[115, 126, 246, 184, 70, 73, 0, 0]"
604.416339,33827911,"[0, 0, 0, 226, 0, 16, 10, 0]"
604.417031,33828295,"[0, 0, 192, 26, 255, 255, 0, 0]"
604.417724,33929247,"[0, 0, 248, 6, 0, 23, 64, 0]"
604.418371,33827912,"[0, 0, 0, 98, 0, 16, 234, 255]"
604.419773,33828292,"[0, 0, 32, 39, 255, 255, 0, 0]"
604.423712,33828294,"[12, 0, 32, 191, 255, 255, 0, 0]"
604.424445,33828293,"[0, 0, 128, 82, 0, 0, 0, 0]"
604.425069,84159690,"[3, 0, 200, 239, 255, 127, 126, 39]"
604.425762,33827926,"[0, 0, 0, 98, 0, 16, 255, 255]"
604.426395,84211716,"[58, 197, 213, 135, 60, 231, 0, 0]"
604.427091,134551553,"[0, 0, 0, 0, 0, 0, 0, 192]"
604.427698,33827911,"[0, 0, 0, 226, 0, 16, 15, 0]"
604.428395,33929311,"[0, 0, 0, 0, 0, 64, 0, 0]"
604.429027,33827910,"[0, 0, 0, 98, 0, 16, 6, 0]"
604.42972,134551809,"[141, 6, 144, 128, 0, 28, 0, 0]"
604.430346,33827909,"[0, 0, 0, 98, 0, 16, 19, 0]"
604.431049,84159692,"[1, 0, 8, 208, 255, 191, 128, 38]"
604.431785,33929248,"[0, 0, 253, 6, 0, 24, 64, 0]"
604.432468,84159691,"[0, 0, 200, 201, 255, 127, 78, 38]"
604.433158,352595220,"[0, 0, 0, 144, 0, 8, 128, 1]"
604.433933,84159690,"[3, 0, 200, 239, 255, 127, 126, 39]"
604.434514,33827926,"[0, 0, 0, 98, 0, 16, 1, 0]"
604.435081,33828310,"[0, 0, 0, 147, 0, 0, 0, 0]"
604.436254,33827911,"[0, 0, 0, 226, 0, 16, 6, 0]"
604.436467,33828295,"[0, 0, 192, 26, 255, 255, 0, 0]"
604.437159,33929247,"[0, 0, 248, 6, 0, 23, 64, 0]"
604.43777,33880065,"[13, 133, 46, 182, 58, 235, 0, 0]"
604.438491,33827912,"[0, 0, 0, 98, 0, 16, 251, 255]"
604.439289,33828292,"[0, 0, 32, 39, 255, 255, 0, 0]"
604.439988,84159693,"[1, 0, 144, 207, 255, 127, 123, 38]"
604.440684,33827930,"[0, 0, 0, 226, 0, 16, 252, 255]"
604.441391,33929248,"[0, 0, 253, 6, 0, 24, 64, 0]"
604.442075,84159692,"[17, 0, 16, 208, 255, 191, 128, 38]"
604.442771,84159691,"[0, 0, 200, 201, 255, 127, 78, 38]"
604.443456,352595220,"[0, 0, 0, 144, 0, 8, 128, 1]"
604.444155,352596180,"[241, 223, 6, 224, 1, 0, 0, 5]"
604.444837,352596500,"[144, 255, 124, 0, 172, 63, 0, 4]"
604.445551,33844182,"[0, 0, 0, 0, 1, 26, 19, 0]"
604.446235,33827926,"[0, 0, 0, 98, 0, 16, 252, 255]"
604.446978,33828374,"[0, 0, 0, 0, 0, 0, 0, 128]"
604.447617,33828502,"[4, 0, 0, 0, 0, 0, 0, 0]"
604.448316,33929247,"[0, 0, 248, 6, 0, 23, 64, 0]"
604.448994,33827910,"[0, 0, 0, 98, 0, 16, 3, 0]"
604.449683,134551809,"[141, 6, 144, 128, 0, 28, 0, 0]"
604.450375,33827909,"[0, 0, 0, 98, 0, 16, 251, 255]"
604.451074,84159692,"[4, 0, 16, 208, 255, 255, 128, 38]"
604.451756,33929248,"[0, 0, 254, 6, 0, 24, 64, 0]"
604.452453,84159691,"[0, 0, 200, 201, 255, 127, 78, 38]"
604.453136,352595220,"[0, 0, 0, 144, 0, 8, 128, 1]"
604.453837,84159690,"[3, 0, 192, 239, 255, 127, 126, 39]"
604.454486,33827926,"[0, 0, 0, 98, 0, 16, 252, 255]"
604.455096,33828310,"[0, 0, 0, 147, 0, 0, 0, 0]"
604.456238,33827911,"[0, 0, 0, 226, 0, 16, 250, 255]"
604.45646,33828295,"[0, 0, 192, 26, 255, 255, 0, 0]"
604.457156,33929247,"[0, 0, 249, 6, 0, 23, 64, 0]"
604.457849,84159693,"[1, 0, 144, 207, 255, 127, 123, 38]"
604.458539,33827912,"[0, 0, 0, 98, 0, 16, 253, 255]"
604.459236,33828292,"[0, 0, 32, 39, 255, 255, 0, 0]"
604.459976,33828294,"[12, 0, 0, 191, 255, 255, 0, 0]"
604.460633,33827930,"[0, 0, 0, 226, 0, 16, 235, 255]"
604.461316,33828314,"[0, 0, 192, 162, 0, 0, 0, 0]"
604.462034,33929312,"[0, 0, 0, 0, 0, 64, 0, 0]"
604.46272,33880069,"[152, 83, 30, 241, 154, 171, 0, 0]"
604.463417,84159691,"[0, 0, 200, 201, 255, 127, 78, 38]"
604.464107,352596180,"[241, 223, 6, 224, 1, 0, 0, 5]"
604.464792,84159690,"[3, 0, 192, 239, 255, 127, 126, 39]"
604.465396,33827926,"[0, 0, 0, 98, 0, 16, 8, 0]"
604.466099,134551553,"[0, 0, 0, 0, 0, 0, 0, 192]"
604.466778,134551617,"[0, 0, 0, 64, 0, 0, 0, 0]"
604.467475,33844167,"[0, 0, 0, 0, 1, 26, 19, 0]"
604.468157,134551681,"[0, 4, 32, 0, 0, 0, 0, 0]"
604.46885,33834824,"[128, 0, 0, 0, 128, 11, 192, 0]"
604.469533,33834818,"[128, 0, 0, 0, 128, 11, 192, 0]"
604.47023,33827906,"[0, 0, 0, 98, 0, 16, 248, 255]"
604.47097,33828226,"[0, 0, 192, 116, 0, 0, 0, 0]"
604.471677,33828418,"[0, 0, 0, 0, 0, 0, 0, 128]"
604.472367,33828488,"[8, 0, 0, 0, 0, 0, 0, 0]"
604.473064,33827908,"[0, 0, 0, 98, 0, 16, 21, 0]"
604.47375,33844165,"[0, 0, 0, 0, 1, 26, 19, 0]"
604.474447,33828161,"[248, 127, 0, 64, 91, 18, 23, 20]"
604.475136,33828225,"[0, 0, 64, 188, 255, 255, 0, 0]"
604.475836,33828310,"[0, 0, 0, 147, 0, 0, 0, 0]"
604.476519,33828933,"[0, 243, 199, 46, 0, 0, 0, 0]"
604.477216,33827909,"[0, 0, 0, 98, 0, 16, 242, 255]"
604.477963,33827911,"[0, 0, 0, 226, 0, 16, 10, 0]"
604.478599,33828357,"[0, 0, 0, 0, 0, 0, 0, 128]"
604.479281,33828419,"[0, 0, 0, 0, 0, 0, 0, 128]"
604.479964,33828422,"[0, 0, 0, 0, 0, 0, 0, 128]"
604.480707,33828547,"[0, 0, 4, 0, 0, 0, 0, 0]"
604.481402,33828291,"[0, 0, 192, 245, 255, 255, 0, 0]"
604.482087,33827910,"[0, 0, 0, 98, 0, 16, 244, 255]"
604.482783,33828294,"[12, 0, 0, 191, 255, 255, 0, 0]"
604.483461,33929246,"[0, 0, 250, 6, 0, 21, 64, 0]"
604.484153,33828186,"[253, 127, 0, 64, 91, 19, 22, 20]"
604.484856,84159693,"[1, 0, 144, 207, 255, 127, 123, 38]"
604.485555,33827926,"[0, 0, 0, 98, 0, 16, 251, 255]"
604.486233,33828506,"[12, 0, 0, 0, 0, 0, 0, 0]"
604.486961,352596180,"[241, 223, 6, 224, 1, 0, 0, 5]"
604.487621,33828314,"[0, 0, 192, 162, 0, 0, 0, 0]"
604.488321,33929247,"[0, 0, 248, 6, 0, 23, 64, 0]"
604.489013,33827910,"[0, 0, 0, 98, 0, 16, 242, 255]"
604.489708,134551809,"[141, 6, 144, 128, 0, 28, 0, 0]"
604.490387,33827930,"[0, 0, 0, 226, 0, 16, 9, 0]"
604.491043,84159692,"[1, 0, 16, 208, 255, 127, 128, 38]"
604.491725,33929248,"[0, 0, 253, 6, 0, 24, 64, 0]"
604.492432,84159691,"[0, 0, 200, 201, 255, 127, 78, 38]"
604.493116,352611284,"[0, 0, 0, 0, 1, 26, 19, 0]"
604.493812,352601940,"[0, 0, 0, 0, 0, 96, 4, 0]"
604.494498,352596372,"[0, 0, 0, 0, 0, 0, 0, 144]"
604.495218,84159690,"[2, 0, 200, 239, 255, 191, 126, 39]"
604.495843,33828310,"[0, 0, 0, 147, 0, 0, 0, 0]"
604.4965,33880066,"[119, 55, 12, 226, 49, 216, 0, 0]"
604.497182,33827911,"[0, 0, 0, 226, 0, 16, 252, 255]"
604.497959,33828295,"[0, 0, 192, 26, 255, 255, 0, 0]"
604.49858,33827912,"[0, 0, 0, 98, 0, 16, 242, 255]"
604.499277,33828294,"[8, 0, 32, 191, 255, 255, 0, 0]"
604.499974,33828296,"[0, 0, 96, 62, 255, 255, 0, 0]"
604.500674,33827930,"[0, 0, 0, 226, 0, 16, 3, 0]"
604.501364,33828314,"[0, 0, 192, 162, 0, 0, 0, 0]"
604.502053,33929312,"[0, 0, 0, 0, 0, 64, 0, 0]"
604.502739,84159691,"[0, 0, 200, 201, 255, 127, 78, 38]"
604.503436,352595220,"[0, 0, 0, 144, 0, 8, 128, 1]"
604.504126,352596180,"[241, 223, 6, 224, 1, 0, 0, 5]"
604.504761,84159690,"[2, 0, 200, 239, 255, 191, 126, 39]"
604.505444,33827926,"[0, 0, 0, 98, 0, 16, 0, 0]"
604.506145,134551553,"[0, 0, 0, 0, 0, 0, 0, 192]"
604.506831,134551617,"[0, 0, 0, 64, 0, 0, 0, 0]"
604.507529,33827911,"[0, 0, 0, 226, 0, 16, 15, 0]"
604.50821,33929247,"[0, 0, 247, 6, 0, 23, 64, 0]"
604.508951,33827910,"[0, 0, 0, 98, 0, 16, 249, 255]"
604.509594,134551809,"[141, 6, 144, 128, 0, 28, 0, 0]"
604.510298,33827909,"[0, 0, 0, 98, 0, 16, 10, 0]"
604.51098,84159692,"[7, 0, 16, 208, 255, 191, 128, 38]"
604.511767,33929248,"[0, 0, 253, 6, 0, 24, 64, 0]"
604.512449,84159691,"[0, 0, 200, 201, 255, 127, 78, 38]"
604.513153,352595220,"[0, 0, 0, 144, 0, 8, 128, 1]"
604.513845,84159690,"[2, 0, 200, 239, 255, 127, 126, 39]"
604.514536,33827926,"[0, 0, 0, 98, 0, 16, 251, 255]"
604.515232,33828310,"[0, 0, 0, 147, 0, 0, 0, 0]"
604.516221,33827911,"[0, 0, 0, 226, 0, 16, 247, 255]"
604.516616,33828295,"[0, 0, 192, 26, 255, 255, 0, 0]"
604.517317,33929247,"[0, 0, 248, 6, 0, 23, 64, 0]"
604.517999,84159693,"[0, 0, 152, 207, 255, 127, 123, 38]"
604.5187,33827908,"[0, 0, 0, 98, 0, 16, 23, 0]"
604.519397,33827905,"[0, 0, 0, 98, 0, 16, 1, 0]"
604.520093,33828289,"[0, 0, 64, 188, 255, 255, 0, 0]"
604.520779,33929246,"[0, 0, 250, 6, 0, 21, 64, 0]"
604.521447,33929312,"[0, 0, 0, 0, 0, 64, 0, 0]"
604.522129,84159692,"[4, 0, 16, 208, 255, 255, 128, 38]"
604.52283,84159691,"[0, 0, 200, 201, 255, 127, 78, 38]"
604.523512,352595220,"[0, 0, 0, 144, 0, 8, 128, 1]"
604.524209,352596180,"[241, 223, 6, 224, 1, 0, 0, 5]"
604.524949,84159690,"[2, 0, 200, 239, 255, 127, 126, 39]"
604.525592,33827926,"[0, 0, 0, 98, 0, 16, 251, 255]"
604.526276,134551553,"[0, 0, 0, 0, 0, 0, 0, 192]"
604.526975,134551617,"[0, 0, 0, 64, 0, 0, 0, 0]"
604.527657,33827911,"[0, 0, 0, 226, 0, 16, 11, 0]"
604.528356,33929311,"[0, 0, 0, 0, 0, 64, 0, 0]"
604.529055,84159693,"[0, 0, 152, 207, 255, 127, 123, 38]"
604.529751,134551809,"[141, 6, 144, 128, 0, 28, 0, 0]"
604.530436,33827930,"[0, 0, 0, 226, 0, 16, 48, 0]"
604.531128,84159692,"[1, 0, 16, 208, 255, 191, 128, 38]"
604.53181,33929248,"[0, 0, 253, 6, 0, 24, 64, 0]"
604.532509,84159691,"[0, 0, 200, 201, 255, 127, 78, 38]"
604.533201,352595220,"[255, 255, 255, 159, 0, 8, 128, 1]"
604.533943,33880072,"[155, 182, 116, 34, 43, 211, 0, 0]"
604.534575,84159690,"[2, 0, 200, 239, 255, 127, 126, 39]"
604.535282,33827926,"[0, 0, 0, 98, 0, 16, 0, 0]"
604.53596,33828310,"[0, 0, 0, 147, 0, 0, 0, 0]"
604.536656,33827911,"[0, 0, 0, 226, 0, 16, 5, 0]"
604.537341,33828295,"[0, 0, 192, 26, 255, 255, 0, 0]"
604.53804,33929247,"[0, 0, 248, 6, 0, 23, 64, 0]"
604.538743,33828296,"[0, 0, 96, 62, 255, 255, 0, 0]"
604.539436,33828290,"[4, 0, 64, 64, 255, 255, 0, 0]"
604.54012,33827907,"[0, 0, 0, 226, 0, 16, 226, 255]"
604.540816,33828291,"[0, 0, 192, 245, 255, 255, 0, 0]"
604.541502,33929248,"[0, 0, 253, 6, 0, 24, 64, 0]"
604.542249,33929312,"[0, 0, 0, 0, 0, 64, 0, 0]"
604.542946,84159691,"[0, 0, 200, 201, 255, 127, 78, 38]"
604.543639,352595220,"[255, 255, 255, 159, 0, 8, 128, 1]"
604.544315,352596436,"[30, 0, 128, 255, 255, 239, 255, 15]"
604.545018,352596500,"[112, 255, 88, 0, 160, 63, 0, 4]"
604.545704,33827926,"[0, 0, 0, 98, 0, 16, 255, 255]"
604.546401,134551553,"[0, 0, 0, 0, 0, 0, 0, 192]"
604.547091,134551617,"[0, 0, 0, 64, 0, 0, 0, 0]"
604.547791,33827911,"[0, 0, 0, 226, 0, 16, 255, 255]"
604.548474,33827912,"[0, 0, 0, 98, 0, 16, 2, 0]"
604.54917,33827906,"[0, 0, 0, 98, 0, 16, 255, 255]"
604.549856,134551809,"[141, 6, 144, 128, 0, 28, 0, 0]"
604.55056,33929310,"[0, 0, 0, 0, 0, 64, 0, 0]"
604.551242,33929248,"[0, 0, 253, 6, 0, 24, 64, 0]"
604.551956,84159691,"[0, 0, 200, 201, 255, 127, 78, 38]"
604.552644,352595220,"[255, 255, 255, 159, 0, 8, 128, 1]"
604.553654,84159690,"[2, 0, 200, 239, 255, 127, 126, 39]"
604.554034,33827926,"[0, 0, 0, 98, 0, 16, 2, 0]"
604.554731,33828310,"[0, 0, 0, 147, 0, 0, 0, 0]"
604.556292,33827911,"[0, 0, 0, 226, 0, 16, 22, 0]"
604.55645,33828295,"[0, 0, 192, 26, 255, 255, 0, 0]"
604.556797,33929247,"[0, 0, 248, 6, 0, 23, 64, 0]"
604.55752,84159693,"[0, 0, 152, 207, 255, 191, 123, 38]"
604.558209,33827912,"[0, 0, 0, 98, 0, 16, 253, 255]"
604.558935,33827908,"[0, 0, 0, 98, 0, 16, 250, 255]"
604.559606,33828294,"[8, 0, 32, 191, 255, 255, 0, 0]"
604.560303,33827907,"[0, 0, 0, 226, 0, 16, 213, 255]"
604.560985,33828291,"[0, 0, 192, 245, 255, 255, 0, 0]"
604.561685,84159692,"[4, 0, 8, 208, 255, 255, 128, 38]"
604.562368,84159691,"[0, 0, 200, 201, 255, 127, 78, 38]"
604.563065,352595220,"[255, 255, 255, 159, 0, 8, 128, 1]"
604.563751,352596180,"[241, 223, 6, 224, 1, 0, 0, 5]"
604.564449,84159690,"[2, 0, 200, 239, 255, 127, 126, 39]"
604.565131,33827926,"[0, 0, 0, 98, 0, 16, 253, 255]"
604.565829,134551553,"[0, 0, 0, 0, 0, 0, 0, 192]"
604.566511,134551617,"[0, 0, 0, 64, 0, 0, 0, 0]"
604.567208,33827911,"[0, 0, 0, 226, 0, 16, 18, 0]"
604.567934,134551681,"[0, 8, 32, 0, 0, 0, 0, 0]"
604.568598,33827912,"[0, 0, 0, 98, 0, 16, 241, 255]"
604.569281,134551745,"[0, 0, 0, 3, 0, 0, 1, 0]"
604.56997,33929246,"[0, 0, 250, 6, 0, 21, 64, 0]"
604.570656,33929310,"[0, 0, 0, 0, 0, 64, 0, 0]"
604.571359,84159692,"[4, 0, 16, 208, 255, 255, 128, 38]"
604.572037,33929248,"[0, 0, 253, 6, 0, 24, 64, 0]"
604.572669,84159691,"[0, 0, 200, 201, 255, 127, 78, 38]"
604.573355,352595220,"[0, 0, 0, 144, 0, 8, 128, 1]"
604.574055,84159690,"[2, 0, 200, 239, 255, 191, 126, 39]"
604.574744,33827926,"[0, 0, 0, 98, 0, 16, 1, 0]"
604.575443,33828310,"[0, 0, 0, 147, 0, 0, 0, 0]"
604.576199,33827911,"[0, 0, 0, 226, 0, 16, 6, 0]"
604.576821,33828295,"[0, 0, 192, 26, 255, 255, 0, 0]"
604.577513,33929247,"[0, 0, 249, 6, 0, 23, 64, 0]"
604.578219,33827912,"[0, 0, 0, 98, 0, 16, 255, 255]"
604.578926,33827908,"[0, 0, 0, 98, 0, 16, 254, 255]"
604.5796,33828290,"[16, 0, 64, 64, 255, 255, 0, 0]"
604.580293,33827907,"[0, 0, 0, 226, 0, 16, 219, 255]"
604.580957,33828291,"[0, 0, 192, 245, 255, 255, 0, 0]"
604.581638,84159692,"[4, 0, 16, 208, 255, 191, 128, 38]"
604.582338,84159691,"[0, 0, 200, 201, 255, 127, 78, 38]"
604.583024,352595220,"[0, 0, 0, 144, 0, 8, 128, 1]"
604.583719,352596180,"[241, 223, 6, 224, 1, 0, 0, 5]"
604.584405,84159690,"[2, 0, 200, 239, 255, 63, 126, 39]"
604.585111,33827926,"[0, 0, 0, 98, 0, 16, 5, 0]"
604.585797,134551553,"[0, 0, 0, 0, 0, 0, 0, 192]"
604.586497,134551617,"[0, 0, 0, 64, 0, 0, 0, 0]"
604.587179,33827911,"[0, 0, 0, 226, 0, 16, 21, 0]"
604.587927,134551681,"[0, 8, 32, 0, 0, 0, 0, 0]"
604.588577,33827912,"[0, 0, 0, 98, 0, 16, 1, 0]"
604.589281,33827906,"[0, 0, 0, 98, 0, 16, 241, 255]"
604.589963,33929246,"[0, 0, 251, 6, 0, 22, 64, 0]"
604.590663,33929310,"[0, 0, 0, 0, 0, 64, 0, 0]"
604.591346,33929248,"[0, 0, 254, 6, 0, 24, 64, 0]"
604.59205,84211722,"[52, 95, 53, 108, 195, 152, 0, 0]"
604.592736,84159691,"[0, 0, 200, 201, 255, 127, 78, 38]"
604.593433,352595220,"[0, 0, 0, 144, 0, 8, 128, 1]"
604.594122,352647188,"[171, 108, 139, 21, 92, 201, 0, 0]"
604.594815,84159690,"[2, 0, 200, 239, 255, 127, 126, 39]"
604.595505,33828310,"[0, 0, 0, 147, 0, 0, 0, 0]"
604.596295,33827911,"[0, 0, 0, 226, 0, 16, 254, 255]"
604.596923,33828295,"[0, 0, 192, 26, 255, 255, 0, 0]"
604.597601,33929247,"[0, 0, 249, 6, 0, 24, 64, 0]"
604.598284,33827912,"[0, 0, 0, 98, 0, 16, 254, 255]"
604.598988,33828292,"[0, 0, 32, 39, 255, 255, 0, 0]"
604.599667,33828289,"[0, 0, 64, 188, 255, 255, 0, 0]"
604.600364,33827907,"[0, 0, 0, 226, 0, 16, 223, 255]"
604.601046,33828293,"[0, 0, 128, 82, 0, 0, 0, 0]"
604.601739,33929312,"[0, 0, 0, 0, 0, 64, 0, 0]"
604.602429,84159691,"[0, 0, 200, 201, 255, 127, 78, 38]"
604.603132,33880069,"[183, 199, 152, 212, 109, 62, 0, 0]"
604.603818,352595220,"[0, 0, 0, 144, 0, 8, 128, 1]"
604.604516,352596180,"[241, 223, 6, 224, 1, 0, 0, 5]"
604.605198,84159690,"[2, 0, 200, 239, 255, 127, 126, 39]"
604.605917,33827926,"[0, 0, 0, 98, 0, 16, 244, 255]"
604.606588,134551553,"[0, 0, 0, 0, 0, 0, 0, 192]"
604.607285,134551617,"[0, 0, 0, 64, 0, 0, 0, 0]"
604.607974,33827911,"[0, 0, 0, 226, 0, 16, 251, 255]"
604.608668,33827908,"[0, 0, 0, 98, 0, 16, 254, 255]"
604.609358,33827906,"[0, 0, 0, 98, 0, 16, 255, 255]"
604.610047,33929246,"[0, 0, 251, 6, 0, 22, 64, 0]"
604.61074,84159684,"[3, 0, 176, 220, 255, 127, 229, 38]"
604.611452,84211724,"[8, 8, 10, 71, 32, 173, 0, 0]"
604.612134,84159691,"[0, 0, 200, 201, 255, 127, 78, 38]"
604.612832,352595220,"[0, 0, 0, 144, 0, 8, 128, 1]"
604.613756,84159690,"[2, 0, 200, 239, 255, 127, 126, 39]"
604.614218,33827926,"[0, 0, 0, 98, 0, 16, 254, 255]"
604.614915,33880065,"[51, 35, 93, 16, 65, 8, 0, 0]"
604.615608,33828310,"[0, 0, 0, 147, 0, 0, 0, 0]"
604.61629,33827911,"[0, 0, 0, 226, 0, 16, 14, 0]"
604.617006,33828295,"[0, 0, 192, 26, 255, 255, 0, 0]"
604.617694,33929247,"[0, 0, 249, 6, 0, 24, 64, 0]"
604.618394,33827912,"[0, 0, 0, 98, 0, 16, 1, 0]"
604.619079,33827906,"[0, 0, 0, 98, 0, 16, 11, 0]"
604.619781,84161604,"[0, 0, 0, 0, 0, 0, 0, 0]"
604.620467,33827909,"[0, 0, 0, 98, 0, 16, 249, 255]"
604.621166,33828293,"[0, 0, 128, 82, 0, 0, 0, 0]"
604.621915,84175812,"[0, 0, 0, 0, 1, 26, 19, 128]"
604.622561,84159691,"[0, 0, 200, 201, 255, 127, 78, 38]"
604.623246,84159684,"[4, 0, 176, 220, 255, 63, 229, 38]"
604.623946,352596180,"[241, 223, 6, 224, 1, 0, 0, 5]"
604.624627,84159690,"[2, 0, 200, 239, 255, 127, 126, 39]"
604.625327,33827926,"[0, 0, 0, 98, 0, 16, 244, 255]"
604.626011,134551553,"[0, 0, 0, 0, 0, 0, 0, 192]"
604.626707,134551617,"[0, 0, 0, 64, 0, 0, 0, 0]"
604.627392,33827911,"[0, 0, 0, 226, 0, 16, 5, 0]"
604.628091,134551681,"[0, 8, 32, 0, 0, 0, 0, 0]"
604.628773,33827908,"[0, 0, 0, 98, 0, 16, 10, 0]"
604.629465,134551745,"[0, 0, 0, 3, 0, 0, 1, 0]"
604.63015,33929310,"[0, 0, 0, 0, 0, 64, 0, 0]"
604.630913,84159684,"[254, 255, 167, 220, 255, 63, 229, 38]"
604.631538,84159692,"[6, 0, 16, 208, 255, 255, 128, 38]"
604.632228,33929248,"[0, 0, 254, 6, 0, 24, 64, 0]"
604.632918,84159691,"[0, 0, 200, 201, 255, 127, 78, 38]"
604.633604,352595220,"[0, 0, 0, 144, 0, 8, 128, 1]"
604.634289,84159690,"[2, 0, 200, 239, 255, 127, 126, 39]"
604.634971,33827926,"[0, 0, 0, 98, 0, 16, 253, 255]"
604.635657,84211716,"[105, 120, 45, 20, 156, 69, 0, 0]"
604.636359,33827911,"[0, 0, 0, 226, 0, 16, 13, 0]"
604.637063,84211723,"[217, 118, 182, 35, 248, 18, 0, 0]"
604.637763,33828295,"[0, 0, 192, 26, 255, 255, 0, 0]"
604.638446,84159693,"[0, 0, 152, 207, 255, 191, 123, 38]"
604.639142,33827906,"[0, 0, 0, 98, 0, 16, 253, 255]"
604.639828,33828294,"[8, 0, 32, 191, 255, 255, 0, 0]"
604.640532,33827930,"[0, 0, 0, 226, 0, 16, 8, 0]"
604.641214,33828314,"[0, 0, 192, 162, 0, 0, 0, 0]"
604.641926,84161612,"[0, 0, 0, 0, 0, 0, 0, 0]"
604.642612,84175820,"[0, 0, 0, 1, 1, 26, 19, 0]"
604.643309,84161611,"[0, 0, 0, 0, 0, 0, 0, 0]"
604.643998,84166475,"[0, 0, 0, 0, 24, 0, 0, 0]"
604.644692,352596500,"[140, 255, 92, 0, 244, 63, 0, 4]"
604.645374,33827926,"[0, 0, 0, 98, 0, 16, 252, 255]"
604.646078,84175818,"[0, 0, 0, 1, 1, 26, 19, 0]"
604.646756,84166474,"[0, 0, 0, 0, 24, 0, 0, 0]"
604.647454,134551617,"[0, 0, 0, 64, 0, 0, 0, 0]"
604.648143,134551681,"[0, 4, 32, 0, 0, 0, 0, 0]"
604.648905,33827908,"[0, 0, 0, 98, 0, 16, 1, 0]"
604.649526,134551809,"[143, 6, 144, 128, 0, 28, 0, 0]"
604.650229,33827909,"[0, 0, 0, 98, 0, 16, 248, 255]"
604.650912,84159692,"[3, 0, 16, 208, 255, 191, 128, 38]"
604.651605,33929248,"[0, 0, 253, 6, 0, 24, 64, 0]"
604.652295,84159691,"[0, 0, 200, 201, 255, 127, 78, 38]"
604.652992,352595220,"[255, 255, 255, 159, 0, 8, 128, 1]"
604.653677,84159690,"[2, 0, 200, 239, 255, 127, 126, 39]"
604.654374,33827926,"[0, 0, 0, 98, 0, 16, 251, 255]"
604.655056,33828310,"[0, 0, 0, 147, 0, 0, 0, 0]"
604.655755,33880071,"[73, 127, 55, 38, 94, 127, 0, 0]"
604.656447,33827911,"[0, 0, 0, 226, 0, 16, 12, 0]"
604.657151,33828295,"[0, 0, 192, 26, 255, 255, 0, 0]"
604.657906,33929247,"[0, 0, 248, 6, 0, 24, 64, 0]"
604.658541,33827912,"[0, 0, 0, 98, 0, 16, 243, 255]"
604.65923,33828292,"[0, 0, 32, 39, 255, 255, 0, 0]"
604.659927,33929246,"[0, 0, 250, 6, 0, 22, 64, 0]"
604.660613,33828289,"[0, 0, 64, 188, 255, 255, 0, 0]"
604.661318,33929248,"[0, 0, 254, 6, 0, 24, 64, 0]"
604.662002,84159692,"[3, 0, 16, 208, 255, 191, 128, 38]"
604.662691,84159691,"[0, 0, 200, 201, 255, 127, 78, 38]"
604.663376,352595220,"[255, 255, 255, 159, 0, 8, 128, 1]"
604.664082,352596180,"[241, 223, 6, 224, 1, 0, 0, 5]"
604.664764,84159690,"[2, 0, 200, 239, 255, 127, 126, 39]"
604.665471,33827926,"[0, 0, 0, 98, 0, 16, 250, 255]"
604.666166,134551553,"[0, 0, 0, 0, 0, 0, 0, 192]"
604.666901,134551617,"[0, 0, 0, 64, 0, 0, 0, 0]"
604.667547,33827911,"[0, 0, 0, 226, 0, 16, 16, 0]"
604.668246,33929247,"[0, 0, 248, 6, 0, 24, 64, 0]"
604.668932,33827910,"[0, 0, 0, 98, 0, 16, 0, 0]"
604.669627,134551809,"[143, 6, 144, 128, 0, 28, 0, 0]"
604.670313,33827930,"[0, 0, 0, 226, 0, 16, 249, 255]"
604.670969,84159692,"[3, 0, 16, 208, 255, 191, 128, 38]"
604.671658,33929248,"[0, 0, 253, 6, 0, 24, 64, 0]"
604.672358,84159691,"[0, 0, 200, 201, 255, 127, 78, 38]"
604.673042,352595220,"[0, 0, 0, 144, 0, 8, 128, 1]"
604.673738,84159690,"[2, 0, 200, 239, 255, 127, 126, 39]"
604.674427,33827926,"[0, 0, 0, 98, 0, 16, 238, 255]"
604.675126,33828310,"[0, 0, 0, 147, 0, 0, 0, 0]"
604.676159,33827911,"[0, 0, 0, 226, 0, 16, 247, 255]"
604.676534,33828295,"[0, 0, 192, 26, 255, 255, 0, 0]"
604.677213,33929247,"[0, 0, 249, 6, 0, 24, 64, 0]"
604.67791,84159693,"[0, 0, 152, 207, 255, 127, 123, 38]"
604.678596,33827912,"[0, 0, 0, 98, 0, 16, 245, 255]"
604.683597,33827905,"[0, 0, 0, 98, 0, 16, 13, 0]"
604.684344,33929246,"[0, 0, 250, 6, 0, 22, 64, 0]"
604.685033,352596180,"[241, 223, 6, 208, 1, 0, 0, 5]"
604.685719,84211725,"[225, 172, 112, 81, 198, 224, 0, 0]"
604.686409,134551553,"[0, 0, 0, 0, 0, 0, 0, 192]"
604.687098,134551617,"[0, 0, 0, 64, 0, 0, 0, 0]"
604.687691,33827911,"[0, 0, 0, 226, 0, 16, 5, 0]"
604.688366,33827912,"[0, 0, 0, 98, 0, 16, 237, 255]"
604.688998,33827906,"[0, 0, 0, 98, 0, 16, 1, 0]"
604.689691,134551809,"[143, 6, 144, 128, 0, 28, 0, 0]"
604.690374,33827930,"[0, 0, 0, 226, 0, 16, 8, 0]"
604.691063,84159692,"[3, 0, 16, 208, 255, 191, 128, 38]"
604.691742,33929248,"[0, 0, 254, 6, 0, 24, 64, 0]"
604.692432,84159691,"[0, 0, 200, 201, 255, 127, 78, 38]"
604.693128,352595220,"[255, 255, 255, 159, 0, 8, 128, 1]"
604.69389,84159690,"[2, 0, 200, 239, 255, 191, 126, 39]"
604.694511,33844182,"[0, 0, 0, 0, 1, 26, 19, 0]"
604.695215,33834838,"[0, 0, 0, 0, 0, 0, 128, 0]"
604.695897,33828950,"[212, 74, 40, 37, 0, 0, 0, 0]"
604.696583,33828246,"[0, 0, 0, 147, 0, 0, 0, 0]"
604.697201,33828374,"[0, 0, 0, 0, 0, 0, 0, 128]"
604.697891,33828295,"[0, 0, 192, 26, 255, 255, 0, 0]"
604.698569,33827912,"[0, 0, 0, 98, 0, 16, 243, 255]"
604.699266,33827905,"[0, 0, 0, 98, 0, 16, 8, 0]"
604.699948,33828290,"[12, 0, 64, 64, 255, 255, 0, 0]"
604.700634,33827930,"[0, 0, 0, 226, 0, 16, 236, 255]"
604.701346,33929248,"[0, 0, 254, 6, 0, 24, 64, 0]"
604.702042,84159692,"[3, 0, 16, 208, 255, 255, 128, 38]"
604.702735,84159691,"[0, 0, 200, 201, 255, 191, 78, 38]"
604.703433,352595220,"[255, 255, 255, 159, 0, 8, 128, 1]"
604.704136,352596180,"[241, 223, 6, 208, 1, 0, 0, 5]"
604.704757,84159690,"[2, 0, 200, 239, 255, 127, 126, 39]"
604.705383,33827926,"[0, 0, 0, 98, 0, 16, 3, 0]"
604.706098,134551553,"[0, 0, 0, 0, 0, 0, 0, 192]"
604.706733,134551617,"[0, 0, 0, 64, 0, 0, 0, 0]"
604.707433,33827911,"[0, 0, 0, 226, 0, 16, 241, 255]"
604.708125,134551681,"[0, 4, 32, 0, 0, 0, 0, 0]"
604.708881,33827908,"[0, 0, 0, 98, 0, 16, 2, 0]"
604.709457,134551809,"[143, 6, 144, 128, 0, 28, 0, 0]"
604.710141,33827909,"[0, 0, 0, 98, 0, 16, 5, 0]"
604.710883,84159692,"[3, 0, 16, 208, 255, 191, 128, 38]"
604.711466,33929248,"[0, 0, 254, 6, 0, 24, 64, 0]"
604.712151,84159691,"[0, 0, 200, 201, 255, 127, 78, 38]"
604.712882,352595220,"[255, 255, 255, 159, 0, 8, 128, 1]"
604.713653,84159690,"[209, 255, 199, 239, 255, 63, 126, 39]"
604.714159,33827926,"[0, 0, 0, 98, 0, 16, 4, 0]"
604.714879,33828310,"[0, 0, 0, 147, 0, 0, 0, 0]"
604.716275,33844167,"[0, 0, 0, 0, 1, 26, 19, 0]"
604.71646,33834823,"[0, 0, 0, 0, 0, 3, 128, 0]"
604.716875,33929247,"[0, 0, 249, 6, 0, 24, 64, 0]"
604.717479,84159693,"[2, 0, 160, 207, 255, 191, 123, 38]"
604.718163,33844168,"[0, 0, 0, 0, 1, 26, 19, 0]"
604.718877,33827911,"[0, 0, 0, 226, 0, 16, 5, 0]"
604.719488,33827912,"[0, 0, 0, 98, 0, 16, 251, 255]"
604.720173,33828168,"[253, 127, 0, 64, 91, 20, 22, 20]"
604.720879,33828295,"[0, 0, 192, 26, 255, 255, 0, 0]"
604.72154,33828292,"[0, 0, 32, 39, 255, 255, 0, 0]"
604.722229,33828360,"[0, 0, 0, 0, 0, 0, 0, 128]"
604.722912,33828424,"[0, 0, 0, 0, 0, 0, 0, 128]"
604.723562,33828488,"[8, 0, 0, 0, 0, 0, 0, 0]"
604.724244,33828552,"[0, 0, 4, 0, 0, 0, 0, 0]"
604.724941,33834819,"[0, 0, 0, 0, 0, 3, 128, 0]"
604.725562,33827905,"[0, 0, 0, 98, 0, 16, 32, 0]"
604.726259,33828161,"[240, 127, 0, 64, 91, 18, 23, 20]"
604.727013,33834822,"[128, 0, 0, 0, 128, 11, 192, 0]"
604.727721,33828293,"[0, 0, 128, 82, 0, 0, 0, 0]"
604.728411,33828417,"[0, 0, 0, 0, 0, 0, 0, 128]"
604.7291,33828481,"[8, 0, 0, 0, 0, 0, 0, 0]"
604.729714,33828934,"[0, 243, 199, 46, 0, 0, 0, 0]"
604.730404,33828547,"[0, 0, 4, 0, 0, 0, 0, 0]"
604.731108,33834842,"[0, 0, 0, 0, 0, 8, 192, 0]"
604.731671,33828294,"[68, 255, 31, 191, 255, 255, 0, 0]"
604.732347,33929310,"[0, 0, 0, 0, 0, 64, 0, 0]"
604.732972,33929312,"[0, 0, 0, 0, 0, 64, 0, 0]"
604.733571,33828550,"[0, 0, 4, 0, 0, 0, 0, 0]"
604.734181,33828314,"[0, 0, 192, 162, 0, 0, 0, 0]"
604.734738,84159693,"[2, 0, 160, 207, 255, 191, 123, 38]"
604.735284,33828442,"[0, 0, 0, 0, 0, 0, 0, 128]"
604.735873,134551617,"[0, 0, 0, 64, 0, 0, 0, 0]"
604.736415,134551745,"[0, 0, 0, 3, 0, 0, 1, 0]"
604.737003,33827930,"[0, 0, 0, 226, 0, 16, 239, 255]"
604.737596,33827911,"[0, 0, 0, 226, 0, 16, 22, 0]"
604.738249,84159693,"[2, 0, 160, 207, 255, 191, 123, 38]"
604.738867,33827910,"[0, 0, 0, 98, 0, 16, 252, 255]"
604.739467,33828292,"[0, 0, 32, 39, 255, 255, 0, 0]"
604.740106,33827907,"[0, 0, 0, 226, 0, 16, 197, 255]"
604.740727,33828291,"[0, 0, 192, 245, 255, 255, 0, 0]"
604.741324,33929248,"[0, 0, 254, 6, 0, 24, 64, 0]"
604.741941,33929312,"[0, 0, 0, 0, 0, 64, 0, 0]"
604.742562,84159691,"[0, 0, 200, 201, 255, 127, 78, 38]"
604.743187,352611284,"[0, 0, 0, 0, 1, 26, 19, 0]"
604.74387,352595220,"[255, 255, 255, 159, 0, 8, 128, 1]"
604.744448,352596372,"[1, 0, 0, 0, 0, 0, 0, 144]"
604.745058,84159690,"[1, 0, 200, 239, 255, 127, 126, 39]"
604.745643,352596820,"[0, 0, 0, 0, 0, 0, 0, 0]"
604.746246,352596884,"[205, 255, 95, 0, 106, 2, 0, 0]"
604.746864,134551553,"[0, 0, 0, 0, 0, 0, 0, 192]"
604.747464,33827911,"[0, 0, 0, 226, 0, 16, 24, 0]"
604.748088,33929247,"[0, 0, 248, 6, 0, 24, 64, 0]"
604.74871,84159693,"[2, 0, 160, 207, 255, 191, 123, 38]"
604.749328,134551809,"[141, 6, 144, 128, 0, 28, 0, 0]"
604.749945,33827907,"[0, 0, 0, 226, 0, 16, 191, 255]"
604.750552,84159684,"[1, 0, 168, 220, 255, 255, 229, 38]"
604.751162,33929248,"[0, 0, 254, 6, 0, 24, 64, 0]"
604.751756,84159691,"[0, 0, 200, 201, 255, 127, 78, 38]"
604.752397,352595220,"[255, 255, 255, 159, 0, 8, 128, 1]"
604.75361,84159690,"[1, 0, 200, 239, 255, 127, 126, 39]"
604.753902,33827926,"[0, 0, 0, 98, 0, 16, 243, 255]"
604.754461,33828310,"[0, 0, 0, 147, 0, 0, 0, 0]"
604.756144,33827911,"[0, 0, 0, 226, 0, 16, 12, 0]"
604.756316,33828295,"[0, 0, 192, 26, 255, 255, 0, 0]"
604.756711,33929247,"[0, 0, 249, 6, 0, 24, 64, 0]"
604.757225,33827912,"[0, 0, 0, 98, 0, 16, 3, 0]"
604.757925,84159693,"[241, 255, 159, 207, 255, 127, 123, 38]"
604.758599,33827908,"[0, 0, 0, 98, 0, 16, 22, 0]"
604.759299,33828294,"[4, 0, 32, 191, 255, 255, 0, 0]"
604.759983,33929246,"[0, 0, 249, 6, 0, 22, 64, 0]"
604.760672,84159684,"[249, 255, 167, 220, 255, 127, 229, 38]"
604.761358,33880066,"[95, 117, 208, 15, 17, 67, 0, 0]"
604.76207,84159692,"[3, 0, 16, 208, 255, 191, 128, 38]"
604.762759,84159691,"[0, 0, 200, 201, 255, 127, 78, 38]"
604.763459,352595220,"[255, 255, 255, 159, 0, 8, 128, 1]"
604.764136,352596180,"[241, 223, 6, 208, 1, 0, 0, 5]"
604.764857,84159690,"[1, 0, 200, 239, 255, 127, 126, 39]"
604.765517,33827926,"[0, 0, 0, 98, 0, 16, 243, 255]"
604.766218,134551553,"[0, 0, 0, 0, 0, 0, 0, 192]"
604.766896,134551617,"[0, 0, 0, 64, 0, 0, 0, 0]"
604.76759,33827911,"[0, 0, 0, 226, 0, 16, 17, 0]"
604.768287,33929311,"[0, 0, 0, 0, 0, 64, 0, 0]"
604.768991,33827906,"[0, 0, 0, 98, 0, 16, 245, 255]"
604.769676,134551809,"[141, 6, 144, 128, 0, 28, 0, 0]"
604.770374,33827930,"[0, 0, 0, 226, 0, 16, 254, 255]"
604.771077,33929248,"[0, 0, 254, 6, 0, 24, 64, 0]"
604.771776,84159691,"[0, 0, 200, 201, 255, 127, 78, 38]"
604.772454,352595220,"[255, 255, 255, 159, 0, 8, 128, 1]"
604.773678,84159690,"[1, 0, 200, 239, 255, 127, 126, 39]"
604.773931,33827926,"[0, 0, 0, 98, 0, 16, 251, 255]"
604.774565,33828310,"[0, 0, 0, 147, 0, 0, 0, 0]"
604.776168,33827911,"[0, 0, 0, 226, 0, 16, 18, 0]"
604.776355,33828295,"[0, 0, 192, 26, 255, 255, 0, 0]"
604.7767,33929247,"[0, 0, 249, 6, 0, 24, 64, 0]"
604.777328,84159693,"[2, 0, 152, 207, 255, 191, 123, 38]"
604.77801,33827912,"[0, 0, 0, 98, 0, 16, 255, 255]"
604.77871,33827908,"[0, 0, 0, 98, 0, 16, 20, 0]"
604.779393,33828290,"[12, 0, 64, 64, 255, 255, 0, 0]"
604.780097,33929246,"[0, 0, 250, 6, 0, 22, 64, 0]"
604.780852,33828293,"[0, 0, 128, 82, 0, 0, 0, 0]"
604.781487,33929312,"[0, 0, 0, 0, 0, 64, 0, 0]"
604.782176,84159692,"[3, 0, 16, 208, 255, 255, 128, 38]"
604.782874,84159691,"[0, 0, 200, 201, 255, 127, 78, 38]"
604.78356,352595220,"[255, 255, 255, 159, 0, 8, 128, 1]"
604.784263,352596180,"[241, 223, 6, 208, 1, 0, 0, 5]"
604.784946,84159690,"[1, 0, 200, 239, 255, 127, 126, 39]"
604.785646,33827926,"[0, 0, 0, 98, 0, 16, 251, 255]"
604.786329,134551553,"[0, 0, 0, 0, 0, 0, 0, 192]"
604.78704,134551617,"[0, 0, 0, 64, 0, 0, 0, 0]"
604.787733,33827911,"[0, 0, 0, 226, 0, 16, 16, 0]"
604.788444,33827912,"[0, 0, 0, 98, 0, 16, 255, 255]"
604.789126,33827906,"[0, 0, 0, 98, 0, 16, 250, 255]"
604.789845,134551809,"[141, 6, 144, 128, 0, 28, 0, 0]"
604.790517,33929246,"[0, 0, 250, 6, 0, 22, 64, 0]"
604.791234,33929248,"[0, 0, 254, 6, 0, 24, 64, 0]"
604.79191,84159691,"[0, 0, 200, 201, 255, 127, 78, 38]"
604.792603,352595220,"[255, 255, 255, 159, 0, 8, 128, 1]"
604.793548,84159690,"[1, 0, 200, 239, 255, 191, 126, 39]"
604.793987,33827926,"[0, 0, 0, 98, 0, 16, 2, 0]"
604.79467,33828310,"[0, 0, 0, 147, 0, 0, 0, 0]"
604.796188,33827911,"[0, 0, 0, 226, 0, 16, 10, 0]"
604.796347,33828295,"[0, 0, 192, 26, 255, 255, 0, 0]"
604.79676,33929247,"[0, 0, 249, 6, 0, 24, 64, 0]"
604.797441,84159693,"[2, 0, 152, 207, 255, 191, 123, 38]"
604.79814,33827912,"[0, 0, 0, 98, 0, 16, 9, 0]"
604.79884,33827910,"[0, 0, 0, 98, 0, 16, 3, 0]"
604.799528,33828296,"[8, 0, 96, 62, 255, 255, 0, 0]"
604.800213,33827907,"[0, 0, 0, 226, 0, 16, 206, 255]"
604.800913,84159692,"[2, 0, 16, 208, 255, 255, 128, 38]"
604.801594,33929312,"[0, 0, 0, 0, 0, 64, 0, 0]"
604.802294,84159691,"[0, 0, 200, 201, 255, 127, 78, 38]"
604.802979,352595220,"[255, 255, 255, 159, 0, 8, 128, 1]"
604.803653,352596180,"[241, 223, 6, 208, 1, 0, 0, 5]"
604.804339,84159690,"[1, 0, 200, 239, 255, 127, 126, 39]"
604.805038,33827926,"[0, 0, 0, 98, 0, 16, 0, 0]"
604.805717,134551553,"[0, 0, 0, 0, 0, 0, 0, 192]"
604.806417,134551617,"[0, 0, 0, 64, 0, 0, 0, 0]"
604.807102,33827911,"[0, 0, 0, 226, 0, 16, 17, 0]"
604.807837,134551681,"[0, 4, 32, 0, 0, 0, 0, 0]"
604.808497,33827912,"[0, 0, 0, 98, 0, 16, 248, 255]"
604.809196,33827906,"[0, 0, 0, 98, 0, 16, 1, 0]"
604.809881,33929246,"[0, 0, 251, 6, 0, 22, 64, 0]"
604.81057,84159684,"[7, 0, 176, 220, 255, 127, 229, 38]"
604.811255,84159692,"[2, 0, 16, 208, 255, 191, 128, 38]"
604.811954,33929248,"[0, 0, 254, 6, 0, 24, 64, 0]"
604.81264,84159691,"[0, 0, 200, 201, 255, 127, 78, 38]"
604.813345,352595220,"[255, 255, 255, 159, 0, 8, 128, 1]"
604.814026,84159690,"[1, 0, 200, 239, 255, 191, 126, 39]"
604.814733,33827926,"[0, 0, 0, 98, 0, 16, 2, 0]"
604.815423,84211725,"[229, 59, 96, 241, 253, 41, 0, 0]"
604.816119,33828310,"[0, 0, 0, 147, 0, 0, 0, 0]"
604.816832,33827911,"[0, 0, 0, 226, 0, 16, 18, 0]"
604.817503,33828295,"[0, 0, 192, 26, 255, 255, 0, 0]"
604.818193,33929247,"[0, 0, 249, 6, 0, 24, 64, 0]"
604.81889,33828296,"[8, 0, 96, 62, 255, 255, 0, 0]"
604.819583,33828290,"[8, 0, 64, 64, 255, 255, 0, 0]"
604.82028,33827907,"[0, 0, 0, 226, 0, 16, 220, 255]"
604.820962,33828291,"[0, 0, 192, 245, 255, 255, 0, 0]"
604.821677,33929312,"[0, 0, 0, 0, 0, 64, 0, 0]"
604.822367,84159691,"[0, 0, 200, 201, 255, 127, 78, 38]"
604.823063,352595220,"[255, 255, 255, 159, 0, 8, 128, 1]"
604.823756,352596180,"[241, 223, 6, 208, 1, 0, 0, 5]"
604.824453,84159690,"[1, 0, 200, 239, 255, 127, 126, 39]"
604.825143,33930271,"[0, 0, 0, 0, 209, 234, 141, 42]"
604.825847,33827926,"[0, 0, 0, 98, 0, 16, 2, 0]"
604.826526,134551553,"[0, 0, 0, 0, 0, 0, 0, 192]"
604.827237,134551617,"[0, 0, 0, 64, 0, 0, 0, 0]"
604.827919,33827911,"[0, 0, 0, 226, 0, 16, 21, 0]"
604.82862,33827908,"[0, 0, 0, 98, 0, 16, 253, 255]"
604.829302,33827905,"[0, 0, 0, 98, 0, 16, 22, 0]"
604.829999,33929246,"[0, 0, 250, 6, 0, 22, 64, 0]"
604.830685,33929310,"[0, 0, 0, 0, 0, 64, 0, 0]"
604.831396,33929248,"[0, 0, 254, 6, 0, 24, 64, 0]"
604.832078,84159691,"[0, 0, 200, 201, 255, 127, 78, 38]"
604.832828,352595220,"[0, 0, 0, 144, 0, 8, 128, 1]"
604.833604,84159690,"[242, 255, 199, 239, 255, 191, 126, 39]"
604.834154,33827926,"[0, 0, 0, 98, 0, 16, 244, 255]"
604.834844,33828310,"[0, 0, 0, 147, 0, 0, 0, 0]"
604.836187,33827911,"[0, 0, 0, 226, 0, 16, 21, 0]"
604.836361,33828295,"[0, 0, 192, 26, 255, 255, 0, 0]"
604.836935,33929247,"[0, 0, 250, 6, 0, 24, 64, 0]"
604.837613,33827912,"[0, 0, 0, 98, 0, 16, 233, 255]"
604.838318,84159693,"[2, 0, 152, 207, 255, 127, 123, 38]"
604.839,33828292,"[0, 0, 32, 39, 255, 255, 0, 0]"
604.8397,33828294,"[200, 255, 31, 191, 255, 255, 0, 0]"
604.84039,33827909,"[0, 0, 0, 98, 0, 16, 13, 0]"
604.841087,33828314,"[0, 0, 192, 162, 0, 0, 0, 0]"
604.841825,84159692,"[2, 0, 16, 208, 255, 255, 128, 38]"
604.842471,84159691,"[0, 0, 200, 201, 255, 127, 78, 38]"
604.843156,352595220,"[255, 255, 255, 159, 0, 8, 128, 1]"
604.843849,352596180,"[241, 223, 6, 208, 1, 0, 0, 5]"
604.84453,352596500,"[176, 255, 76, 0, 204, 63, 0, 4]"
604.845229,84159690,"[1, 0, 200, 239, 255, 63, 126, 39]"
604.845907,33827926,"[0, 0, 0, 98, 0, 16, 247, 255]"
604.846617,134551553,"[0, 0, 0, 0, 0, 0, 0, 192]"
604.847303,134551617,"[0, 0, 0, 64, 0, 0, 0, 0]"
604.847995,134551681,"[0, 4, 32, 0, 0, 0, 0, 0]"
604.848676,84159693,"[2, 0, 152, 207, 255, 191, 123, 38]"
604.849376,134551809,"[141, 6, 144, 128, 0, 28, 0, 0]"
604.850061,33827907,"[0, 0, 0, 226, 0, 16, 231, 255]"
604.850714,84159684,"[6, 0, 184, 220, 255, 255, 229, 38]"
604.851406,33929248,"[0, 0, 254, 6, 0, 24, 64, 0]"
604.852105,84159691,"[0, 0, 200, 201, 255, 127, 78, 38]"
604.852813,352595220,"[255, 255, 255, 159, 0, 8, 128, 1]"
604.853692,84159690,"[4, 0, 192, 239, 255, 63, 126, 39]"
604.854182,33827926,"[0, 0, 0, 98, 0, 16, 4, 0]"
604.854881,33828310,"[0, 0, 0, 147, 0, 0, 0, 0]"
604.856237,33827911,"[0, 0, 0, 226, 0, 16, 10, 0]"
604.856394,33828295,"[0, 0, 192, 26, 255, 255, 0, 0]"
604.856938,33929247,"[0, 0, 249, 6, 0, 24, 64, 0]"
604.857631,84159693,"[24, 0, 160, 207, 255, 191, 123, 38]"
604.858321,33827912,"[0, 0, 0, 98, 0, 16, 5, 0]"
604.859025,33828292,"[0, 0, 32, 39, 255, 255, 0, 0]"
604.859711,33828294,"[16, 0, 0, 191, 255, 255, 0, 0]"
604.860408,33827930,"[0, 0, 0, 226, 0, 16, 243, 255]"
604.861097,33828314,"[0, 0, 192, 162, 0, 0, 0, 0]"
604.861808,84159692,"[2, 0, 16, 208, 255, 255, 128, 38]"
604.86248,84159691,"[0, 0, 200, 201, 255, 127, 78, 38]"
604.863176,352595220,"[255, 255, 255, 159, 0, 8, 128, 1]"
604.863859,352596180,"[241, 223, 6, 208, 1, 0, 0, 5]"
604.864552,84159690,"[7, 0, 192, 239, 255, 127, 126, 39]"
604.865234,33827926,"[0, 0, 0, 98, 0, 16, 0, 0]"
604.865939,134551553,"[0, 0, 0, 0, 0, 0, 0, 192]"
604.866632,134551617,"[0, 0, 0, 64, 0, 0, 0, 0]"
604.867322,33880072,"[213, 102, 202, 164, 4, 221, 0, 0]"
604.868004,134551681,"[0, 4, 32, 0, 0, 0, 0, 0]"
604.868704,33827908,"[0, 0, 0, 98, 0, 16, 8, 0]"
604.86938,84160644,"[182, 192, 0, 0, 0, 0, 0, 0]"
604.870076,33827907,"[0, 0, 0, 226, 0, 16, 227, 255]"
604.870809,84175812,"[0, 0, 0, 0, 1, 26, 19, 128]"
604.871459,33929248,"[0, 0, 254, 6, 0, 24, 64, 0]"
604.872141,84159684,"[3, 0, 176, 220, 255, 191, 229, 38]"
604.87286,84159691,"[0, 0, 200, 201, 255, 127, 78, 38]"
604.873546,352595220,"[255, 255, 255, 159, 0, 8, 128, 1]"
604.874244,84159690,"[4, 0, 200, 239, 255, 127, 126, 39]"
604.874926,33827926,"[0, 0, 0, 98, 0, 16, 254, 255]"
604.875634,33828310,"[0, 0, 0, 147, 0, 0, 0, 0]"
604.876321,33827911,"[0, 0, 0, 226, 0, 16, 249, 255]"
604.877017,33828295,"[0, 0, 192, 26, 255, 255, 0, 0]"
604.877696,33929247,"[0, 0, 249, 6, 0, 24, 64, 0]"
604.878408,33827912,"[0, 0, 0, 98, 0, 16, 238, 255]"
604.879097,33828292,"[0, 0, 32, 39, 255, 255, 0, 0]"
604.879801,33828290,"[8, 0, 64, 64, 255, 255, 0, 0]"
604.88048,33828291,"[0, 0, 192, 245, 255, 255, 0, 0]"
604.881198,33828314,"[0, 0, 192, 162, 0, 0, 0, 0]"
604.881873,84159692,"[2, 0, 16, 208, 255, 191, 128, 38]"
604.882574,84159691,"[0, 0, 200, 201, 255, 127, 78, 38]"
604.883248,352595220,"[255, 255, 255, 159, 0, 8, 128, 1]"
604.883946,352596180,"[241, 223, 6, 208, 1, 0, 0, 5]"
604.884624,84159690,"[1, 0, 200, 239, 255, 127, 126, 39]"
604.885322,33827926,"[0, 0, 0, 98, 0, 16, 248, 255]"
604.886008,134551553,"[0, 0, 0, 0, 0, 0, 0, 192]"
604.886708,134551617,"[0, 0, 0, 64, 0, 0, 0, 0]"
604.887394,33827911,"[0, 0, 0, 226, 0, 16, 13, 0]"
604.888093,33929247,"[0, 0, 249, 6, 0, 24, 64, 0]"
604.888799,33827910,"[0, 0, 0, 98, 0, 16, 252, 255]"
604.889481,134551745,"[0, 0, 0, 3, 0, 0, 1, 0]"
604.890158,33827907,"[0, 0, 0, 226, 0, 16, 196, 255]"
604.890858,84159692,"[2, 0, 16, 208, 255, 191, 128, 38]"
604.891547,84160652,"[173, 192, 216, 123, 24, 0, 0, 0]"
604.892246,84166476,"[0, 0, 0, 0, 24, 0, 0, 0]"
604.892924,84161611,"[0, 0, 0, 0, 0, 0, 0, 0]"
604.89362,352595220,"[255, 255, 255, 159, 0, 8, 128, 1]"
604.894298,84166475,"[0, 0, 0, 0, 24, 0, 0, 0]"
604.894997,84159690,"[0, 0, 200, 239, 255, 191, 126, 39]"
604.895679,33828310,"[0, 0, 0, 147, 0, 0, 0, 0]"
604.896378,84166474,"[0, 0, 0, 0, 24, 0, 0, 0]"
604.897063,33827911,"[0, 0, 0, 226, 0, 16, 13, 0]"
604.897798,33828295,"[0, 0, 192, 26, 255, 255, 0, 0]"
604.898444,84159693,"[2, 0, 160, 207, 255, 191, 123, 38]"
604.899136,33827905,"[0, 0, 0, 98, 0, 16, 248, 255]"
604.899821,33929246,"[0, 0, 250, 6, 0, 22, 64, 0]"
604.900524,84159684,"[4, 0, 176, 220, 255, 191, 229, 38]"
604.901202,33828314,"[0, 0, 192, 162, 0, 0, 0, 0]"
604.901923,84159692,"[2, 0, 16, 208, 255, 255, 128, 38]"
604.902609,84159691,"[0, 0, 200, 201, 255, 191, 78, 38]"
604.903321,352595220,"[255, 255, 255, 159, 0, 8, 128, 1]"
604.904003,352596180,"[241, 223, 6, 208, 1, 0, 0, 5]"
604.904703,84159690,"[208, 255, 199, 239, 255, 63, 126, 39]"
604.905393,33827926,"[0, 0, 0, 98, 0, 16, 255, 255]"
604.906092,134551553,"[0, 0, 0, 0, 0, 0, 0, 192]"
604.906789,134551617,"[0, 0, 0, 64, 0, 0, 0, 0]"
604.907475,33827911,"[0, 0, 0, 226, 0, 16, 249, 255]"
604.908164,33929247,"[0, 0, 248, 6, 0, 24, 64, 0]"
604.908854,33827910,"[0, 0, 0, 98, 0, 16, 14, 0]"
604.90954,134551809,"[142, 6, 144, 128, 0, 28, 0, 0]"
604.910265,33827930,"[0, 0, 0, 226, 0, 16, 13, 0]"
604.910955,84159692,"[2, 0, 16, 208, 255, 191, 128, 38]"
604.91167,33929248,"[0, 0, 254, 6, 0, 24, 64, 0]"
604.91236,84211722,"[59, 201, 168, 217, 3, 106, 0, 0]"
604.913056,84159691,"[0, 0, 200, 201, 255, 127, 78, 38]"
604.91379,352595220,"[0, 0, 0, 144, 0, 8, 128, 1]"
604.914439,84159690,"[4, 0, 192, 239, 255, 127, 126, 39]"
604.915121,33827926,"[0, 0, 0, 98, 0, 16, 9, 0]"
604.915819,33828310,"[0, 0, 0, 147, 0, 0, 0, 0]"
604.916503,33827911,"[0, 0, 0, 226, 0, 16, 9, 0]"
604.917199,33828295,"[0, 0, 192, 26, 255, 255, 0, 0]"
604.917882,33929247,"[0, 0, 249, 6, 0, 24, 64, 0]"
604.918575,33827908,"[0, 0, 0, 98, 0, 16, 5, 0]"
604.91928,33828294,"[16, 0, 0, 191, 255, 255, 0, 0]"
604.919983,33828289,"[0, 0, 64, 188, 255, 255, 0, 0]"
604.920669,84159684,"[2, 0, 176, 220, 255, 63, 229, 38]"
604.921366,33929248,"[0, 0, 254, 6, 0, 24, 64, 0]"
604.922048,33929312,"[0, 0, 0, 0, 0, 64, 0, 0]"
604.922781,84159691,"[0, 0, 200, 201, 255, 127, 78, 38]"
604.923438,352595220,"[0, 0, 0, 144, 0, 8, 128, 1]"
604.924142,352596180,"[241, 223, 6, 208, 1, 0, 0, 5]"
604.924839,84159690,"[7, 0, 200, 239, 255, 191, 126, 39]"
604.925532,33827926,"[0, 0, 0, 98, 0, 16, 254, 255]"
604.926221,134551553,"[0, 0, 0, 0, 0, 0, 0, 192]"
604.926919,134551617,"[0, 0, 0, 64, 0, 0, 0, 0]"
604.927605,33827911,"[0, 0, 0, 226, 0, 16, 246, 255]"
604.928302,33929311,"[0, 0, 0, 0, 0, 64, 0, 0]"
604.928984,33827906,"[0, 0, 0, 98, 0, 16, 237, 255]"
604.933952,134551809,"[142, 6, 144, 128, 0, 28, 0, 0]"
604.934705,33827930,"[0, 0, 0, 226, 0, 16, 23, 0]"
604.935404,33827926,"[0, 0, 0, 98, 0, 16, 254, 255]"
604.936089,33828310,"[0, 0, 0, 147, 0, 0, 0, 0]"
604.936782,33827911,"[0, 0, 0, 226, 0, 16, 242, 255]"
604.93747,33828295,"[0, 0, 192, 26, 255, 255, 0, 0]"
604.93807,84159693,"[1, 0, 152, 207, 255, 191, 123, 38]"
604.938854,33827906,"[0, 0, 0, 98, 0, 16, 254, 255]"
604.939621,33828294,"[12, 0, 32, 191, 255, 255, 0, 0]"
604.940313,33827909,"[0, 0, 0, 98, 0, 16, 254, 255]"
604.940998,33828293,"[0, 0, 128, 82, 0, 0, 0, 0]"
604.941775,84159692,"[2, 0, 16, 208, 255, 191, 128, 38]"
604.942287,352647188,"[194, 151, 67, 207, 117, 181, 0, 0]"
604.942979,84159691,"[0, 0, 200, 201, 255, 127, 78, 38]"
604.943604,352596180,"[241, 223, 6, 208, 1, 0, 0, 5]"
604.94429,352596500,"[120, 255, 80, 0, 212, 63, 0, 4]"
604.944982,84159690,"[3, 0, 208, 239, 255, 191, 126, 39]"
604.94567,33828950,"[212, 74, 40, 37, 0, 0, 0, 0]"
604.946363,33828246,"[0, 0, 0, 147, 0, 0, 0, 0]"
604.947053,134551617,"[0, 0, 0, 64, 0, 0, 0, 0]"
604.947771,33827911,"[0, 0, 0, 226, 0, 16, 255, 255]"
604.948429,33827912,"[0, 0, 0, 98, 0, 16, 245, 255]"
604.949118,33827905,"[0, 0, 0, 98, 0, 16, 21, 0]"
604.949808,33929246,"[0, 0, 250, 6, 0, 22, 64, 0]"
604.950494,33929310,"[0, 0, 0, 0, 0, 64, 0, 0]"
604.951183,33929248,"[0, 0, 254, 6, 0, 24, 64, 0]"
604.951873,84159691,"[0, 0, 200, 201, 255, 127, 78, 38]"
604.952556,352595220,"[0, 0, 0, 144, 0, 8, 128, 1]"
604.953538,84159690,"[3, 0, 208, 239, 255, 191, 126, 39]"
604.953939,33827926,"[0, 0, 0, 98, 0, 16, 1, 0]"
604.954542,33828310,"[0, 0, 0, 147, 0, 0, 0, 0]"
604.955633,33880090,"[233, 55, 199, 7, 43, 174, 0, 0]"
604.95612,33827911,"[0, 0, 0, 226, 0, 16, 253, 255]"
604.95677,33828295,"[0, 0, 192, 26, 255, 255, 0, 0]"
604.957327,33929247,"[0, 0, 249, 6, 0, 24, 64, 0]"
604.95788,84159693,"[1, 0, 152, 207, 255, 191, 123, 38]"
604.958566,33827910,"[0, 0, 0, 98, 0, 16, 2, 0]"
604.959255,33828290,"[8, 0, 64, 64, 255, 255, 0, 0]"
604.959938,33929246,"[0, 0, 250, 6, 0, 22, 64, 0]"
604.960645,84159684,"[0, 0, 168, 220, 255, 127, 229, 38]"
604.961328,33929248,"[0, 0, 254, 6, 0, 24, 64, 0]"
604.962039,33929312,"[0, 0, 0, 0, 0, 64, 0, 0]"
604.962765,84159691,"[0, 0, 200, 201, 255, 127, 78, 38]"
604.963422,352595220,"[0, 0, 0, 144, 0, 8, 128, 1]"
604.964104,352596180,"[241, 223, 6, 208, 1, 0, 0, 5]"
604.964808,84159690,"[3, 0, 208, 239, 255, 127, 126, 39]"
604.965494,33827926,"[0, 0, 0, 98, 0, 16, 4, 0]"
604.96619,134551553,"[0, 0, 0, 0, 0, 0, 0, 192]"
604.966873,134551617,"[0, 0, 0, 64, 0, 0, 0, 0]"
604.967581,33844167,"[0, 0, 0, 0, 1, 26, 19, 0]"
604.968263,33929311,"[0, 0, 0, 0, 0, 64, 0, 0]"
604.968967,33844162,"[0, 0, 0, 0, 1, 26, 19, 0]"
604.969646,33828168,"[252, 127, 0, 128, 91, 20, 22, 20]"
604.970343,33828929,"[0, 243, 199, 46, 0, 0, 0, 0]"
604.970996,33827905,"[0, 0, 0, 98, 0, 16, 2, 0]"
604.971758,33828552,"[0, 0, 4, 0, 0, 0, 0, 0]"
604.972408,33828353,"[0, 0, 0, 0, 0, 0, 0, 128]"
604.973105,33827908,"[0, 0, 0, 98, 0, 16, 8, 0]"
604.973759,33828226,"[0, 0, 192, 116, 0, 0, 0, 0]"
604.974409,33828354,"[0, 0, 0, 0, 0, 0, 0, 128]"
604.975105,33828420,"[0, 0, 0, 0, 0, 0, 0, 128]"
604.975759,33828310,"[0, 0, 0, 147, 0, 0, 0, 0]"
604.976407,33828546,"[0, 0, 4, 0, 0, 0, 0, 0]"
604.977106,33834821,"[0, 0, 0, 0, 0, 3, 128, 0]"
604.977756,33827911,"[0, 0, 0, 226, 0, 16, 14, 0]"
604.978424,33827912,"[0, 0, 0, 98, 0, 16, 251, 255]"
604.979108,33827906,"[0, 0, 0, 98, 0, 16, 255, 255]"
604.979759,33828290,"[8, 0, 64, 64, 255, 255, 0, 0]"
604.980419,33828954,"[104, 198, 41, 41, 0, 0, 0, 0]"
604.981111,33827907,"[0, 0, 0, 226, 0, 16, 196, 255]"
604.981754,33828550,"[0, 0, 4, 0, 0, 0, 0, 0]"
604.982435,33827910,"[0, 0, 0, 98, 0, 16, 247, 255]"
604.98312,33828378,"[0, 0, 0, 0, 0, 31, 0, 128]"
604.983756,33929246,"[0, 0, 250, 6, 0, 22, 64, 0]"
604.984431,84159690,"[6, 0, 200, 239, 255, 127, 126, 39]"
604.98513,84159690,"[3, 0, 200, 239, 255, 127, 126, 39]"
604.985752,84211723,"[12, 170, 224, 162, 135, 211, 0, 0]"
604.986433,84159691,"[0, 0, 200, 201, 255, 127, 78, 38]"
604.987118,134551809,"[142, 6, 144, 128, 0, 28, 0, 0]"
604.987796,33827911,"[0, 0, 0, 226, 0, 16, 17, 0]"
604.988478,33827912,"[0, 0, 0, 98, 0, 16, 247, 255]"
604.989184,33827905,"[0, 0, 0, 98, 0, 16, 8, 0]"
604.989799,33929246,"[0, 0, 250, 6, 0, 22, 64, 0]"
604.990487,84159684,"[2, 0, 168, 220, 255, 255, 229, 38]"
604.991165,33929248,"[0, 0, 254, 6, 0, 24, 64, 0]"
604.99178,84159691,"[0, 0, 200, 201, 255, 127, 78, 38]"
604.992465,352611284,"[0, 0, 0, 0, 1, 26, 19, 0]"
604.993161,352601940,"[0, 0, 0, 0, 0, 96, 4, 0]"
604.993772,352595220,"[0, 0, 0, 144, 0, 8, 128, 1]"
604.994458,352596820,"[0, 0, 0, 0, 0, 0, 0, 0]"
604.99514,84159690,"[3, 0, 200, 239, 255, 127, 126, 39]"
604.995759,33828310,"[0, 0, 0, 147, 0, 0, 0, 0]"
604.996444,33827911,"[0, 0, 0, 226, 0, 16, 1, 0]"
604.997126,33828295,"[0, 0, 192, 26, 255, 255, 0, 0]"
604.997752,33929247,"[0, 0, 249, 6, 0, 24, 64, 0]"
604.99843,33827912,"[0, 0, 0, 98, 0, 16, 245, 255]"
604.99912,33827905,"[0, 0, 0, 98, 0, 16, 11, 0]"
604.999745,33828290,"[8, 0, 64, 64, 255, 255, 0, 0]"
605.000431,33828293,"[0, 0, 128, 82, 0, 0, 0, 0]"
605.001127,33929248,"[0, 0, 254, 6, 0, 24, 64, 0]"
605.001745,33929312,"[0, 0, 0, 0, 0, 64, 0, 0]"
605.002431,84159691,"[0, 0, 200, 201, 255, 127, 78, 38]"
605.003121,352595220,"[0, 0, 0, 144, 0, 8, 128, 1]"
605.003753,352596180,"[241, 223, 6, 208, 1, 0, 0, 5]"
605.004482,84159690,"[3, 0, 200, 239, 255, 127, 126, 39]"
605.005171,33827926,"[0, 0, 0, 98, 0, 16, 252, 255]"
605.005875,134551553,"[0, 0, 0, 0, 0, 0, 0, 192]"
605.006568,134551617,"[0, 0, 0, 64, 0, 0, 0, 0]"
605.00725,33827911,"[0, 0, 0, 226, 0, 16, 8, 0]"
605.007868,134551681,"[0, 4, 32, 0, 0, 0, 0, 0]"
605.008547,33827908,"[0, 0, 0, 98, 0, 16, 33, 0]"
605.009243,33827905,"[0, 0, 0, 98, 0, 16, 6, 0]"
605.009854,33827907,"[0, 0, 0, 226, 0, 16, 207, 255]"
605.010547,84159684,"[247, 255, 167, 220, 255, 191, 229, 38]"
605.011222,33929248,"[0, 0, 254, 6, 0, 24, 64, 0]"
605.01184,84159691,"[0, 0, 200, 201, 255, 127, 78, 38]"
605.012524,352595220,"[0, 0, 0, 144, 0, 8, 128, 1]"
605.013505,84159690,"[3, 0, 200, 239, 255, 63, 126, 39]"
605.013855,33827926,"[0, 0, 0, 98, 0, 16, 255, 255]"
605.014543,33828310,"[0, 0, 0, 147, 0, 0, 0, 0]"
605.016054,33827911,"[0, 0, 0, 226, 0, 16, 13, 0]"
605.016226,33828295,"[0, 0, 192, 26, 255, 255, 0, 0]"
605.016587,33929247,"[0, 0, 249, 6, 0, 24, 64, 0]"
605.017239,84159693,"[4, 0, 152, 207, 255, 191, 123, 38]"
605.017871,33827912,"[0, 0, 0, 98, 0, 16, 245, 255]"
605.018557,33827908,"[0, 0, 0, 98, 0, 16, 26, 0]"
605.019261,33827905,"[0, 0, 0, 98, 0, 16, 7, 0]"
605.019879,33828289,"[0, 0, 64, 188, 255, 255, 0, 0]"
605.020565,84159684,"[255, 255, 175, 220, 255, 127, 229, 38]"
605.021225,33929248,"[0, 0, 254, 6, 0, 24, 64, 0]"
605.021862,84159692,"[1, 0, 16, 208, 255, 191, 128, 38]"
605.022544,84159691,"[0, 0, 200, 201, 255, 127, 78, 38]"
605.023229,352595220,"[0, 0, 0, 144, 0, 8, 128, 1]"
605.023843,352596180,"[241, 223, 6, 208, 1, 0, 0, 5]"
605.024532,84159690,"[6, 0, 192, 239, 255, 127, 126, 39]"
605.025808,33827926,"[0, 0, 0, 98, 0, 16, 249, 255]"
605.026496,134551553,"[0, 0, 0, 0, 0, 0, 0, 192]"
605.027132,134551617,"[0, 0, 0, 64, 0, 0, 0, 0]"
605.027831,134551681,"[0, 4, 32, 0, 0, 0, 0, 0]"
605.028456,84159693,"[4, 0, 160, 207, 255, 191, 123, 38]"
605.029155,33827905,"[0, 0, 0, 98, 0, 16, 5, 0]"
605.029777,134551809,"[142, 6, 144, 128, 0, 28, 0, 0]"
605.03048,33929310,"[0, 0, 0, 0, 0, 64, 0, 0]"
605.031122,33929248,"[0, 0, 254, 6, 0, 24, 64, 0]"
605.031794,84159691,"[0, 0, 200, 201, 255, 127, 78, 38]"
605.032488,352595220,"[0, 0, 0, 144, 0, 8, 128, 1]"
605.03361,84159690,"[3, 0, 192, 239, 255, 191, 126, 39]"
605.033867,33827926,"[0, 0, 0, 98, 0, 16, 251, 255]"
605.034557,33828310,"[0, 0, 0, 147, 0, 0, 0, 0]"
605.036035,33827911,"[0, 0, 0, 226, 0, 16, 255, 255]"
605.036205,33828295,"[0, 0, 192, 26, 255, 255, 0, 0]"
605.036576,33929247,"[0, 0, 249, 6, 0, 24, 64, 0]"
605.037235,33827912,"[0, 0, 0, 98, 0, 16, 242, 255]"
605.037925,84159693,"[1, 0, 160, 207, 255, 191, 123, 38]"
605.038618,33828296,"[16, 0, 128, 62, 255, 255, 0, 0]"
605.039301,33827905,"[0, 0, 0, 98, 0, 16, 250, 255]"
605.03999,33828289,"[0, 0, 64, 188, 255, 255, 0, 0]"
605.04073,84159684,"[0, 0, 168, 220, 255, 127, 229, 38]"
605.041366,33929312,"[0, 0, 0, 0, 0, 64, 0, 0]"
605.042048,84159692,"[4, 0, 16, 208, 255, 191, 128, 38]"
605.042738,84159691,"[0, 0, 200, 201, 255, 127, 78, 38]"
605.043424,352595220,"[0, 0, 0, 144, 0, 8, 128, 1]"
605.044113,352596500,"[132, 255, 92, 0, 156, 63, 0, 4]"
605.044795,84159690,"[3, 0, 200, 239, 255, 63, 126, 39]"
605.045481,33827926,"[0, 0, 0, 98, 0, 16, 248, 255]"
605.046178,134551553,"[0, 0, 0, 0, 0, 0, 0, 192]"
605.046853,134551617,"[0, 0, 0, 64, 0, 0, 0, 0]"
605.047554,33827911,"[0, 0, 0, 226, 0, 16, 9, 0]"
605.048236,33929247,"[0, 0, 249, 6, 0, 24, 64, 0]"
605.048926,33827906,"[0, 0, 0, 98, 0, 16, 250, 255]"
605.049611,33880065,"[225, 160, 165, 107, 46, 30, 0, 0]"
605.050302,33827909,"[0, 0, 0, 98, 0, 16, 246, 255]"
605.051077,84159692,"[7, 0, 16, 208, 255, 191, 128, 38]"
605.051774,33929248,"[0, 0, 254, 6, 0, 24, 64, 0]"
605.05246,84159691,"[0, 0, 200, 201, 255, 127, 78, 38]"
605.053156,352595220,"[0, 0, 0, 144, 0, 8, 128, 1]"
605.05384,84159690,"[3, 0, 200, 239, 255, 191, 126, 39]"
605.054533,33827926,"[0, 0, 0, 98, 0, 16, 0, 0]"
605.055215,33828310,"[0, 0, 0, 147, 0, 0, 0, 0]"
605.056089,33827911,"[0, 0, 0, 226, 0, 16, 255, 255]"
605.056599,33828295,"[0, 0, 192, 26, 255, 255, 0, 0]"
605.057289,33929247,"[0, 0, 249, 6, 0, 24, 64, 0]"
605.057971,33827912,"[0, 0, 0, 98, 0, 16, 253, 255]"
605.058719,33827908,"[0, 0, 0, 98, 0, 16, 26, 0]"
605.059354,33828292,"[0, 0, 32, 39, 255, 255, 0, 0]"
605.060036,33827907,"[0, 0, 0, 226, 0, 16, 194, 255]"
605.060726,84159692,"[1, 0, 16, 208, 255, 191, 128, 38]"
605.061434,33929312,"[0, 0, 0, 0, 0, 64, 0, 0]"
605.062116,84211725,"[153, 33, 23, 45, 255, 204, 0, 0]"
605.062806,84159691,"[0, 0, 200, 201, 255, 127, 78, 38]"
605.063492,352595220,"[0, 0, 0, 144, 0, 8, 128, 1]"
605.064181,352596180,"[241, 223, 6, 208, 1, 0, 0, 5]"
605.064864,84159690,"[3, 0, 200, 239, 255, 191, 126, 39]"
605.065557,33827926,"[0, 0, 0, 98, 0, 16, 252, 255]"
605.06626,134551553,"[0, 0, 0, 0, 0, 0, 0, 192]"
605.066904,134551617,"[0, 0, 0, 64, 0, 0, 0, 0]"
605.067592,33827911,"[0, 0, 0, 226, 0, 16, 6, 0]"
605.068292,33827912,"[0, 0, 0, 98, 0, 16, 239, 255]"
605.068977,134551745,"[0, 0, 0, 3, 0, 0, 1, 0]"
605.069719,84159684,"[6, 0, 176, 220, 255, 127, 229, 38]"
605.070372,33827930,"[0, 0, 0, 226, 0, 16, 244, 255]"
605.071071,33929248,"[0, 0, 254, 6, 0, 24, 64, 0]"
605.071766,84159691,"[0, 0, 200, 201, 255, 127, 78, 38]"
605.072467,352595220,"[0, 0, 0, 144, 0, 8, 128, 1]"
605.073455,84159690,"[0, 0, 200, 239, 255, 127, 126, 39]"
605.073843,33827926,"[0, 0, 0, 98, 0, 16, 247, 255]"
605.074525,33828310,"[0, 0, 0, 147, 0, 0, 0, 0]"
605.076075,33827911,"[0, 0, 0, 226, 0, 16, 245, 255]"
605.07626,33828295,"[0, 0, 192, 26, 255, 255, 0, 0]"
605.076622,33929247,"[0, 0, 249, 6, 0, 24, 64, 0]"
605.07731,84159693,"[1, 0, 160, 207, 255, 191, 123, 38]"
605.078023,33827912,"[0, 0, 0, 98, 0, 16, 248, 255]"
605.078709,33827908,"[0, 0, 0, 98, 0, 16, 9, 0]"
605.079405,33828294,"[0, 0, 32, 191, 255, 255, 0, 0]"
605.080096,33827909,"[0, 0, 0, 98, 0, 16, 249, 255]"
605.080796,33929246,"[0, 0, 251, 6, 0, 22, 64, 0]"
605.081485,33929312,"[0, 0, 0, 0, 0, 64, 0, 0]"
605.082182,352647188,"[116, 129, 251, 53, 253, 35, 0, 0]"
605.082872,84159691,"[0, 0, 200, 201, 255, 127, 78, 38]"
605.083586,352596180,"[241, 223, 6, 208, 1, 0, 0, 5]"
605.08427,84159690,"[3, 0, 200, 239, 255, 127, 126, 39]"
605.084967,33827926,"[0, 0, 0, 98, 0, 16, 239, 255]"
605.085704,134551553,"[0, 0, 0, 0, 0, 0, 0, 192]"
605.086361,134551617,"[0, 0, 0, 64, 0, 0, 0, 0]"
605.087043,84211716,"[9, 194, 192, 140, 109, 231, 0, 0]"
605.087747,33827911,"[0, 0, 0, 226, 0, 16, 249, 255]"
605.088455,84159693,"[1, 0, 160, 207, 255, 191, 123, 38]"
605.089158,33827905,"[0, 0, 0, 98, 0, 16, 6, 0]"
605.089841,33929246,"[0, 0, 251, 6, 0, 22, 64, 0]"
605.090541,84159684,"[8, 0, 184, 220, 255, 255, 229, 38]"
605.091209,33929248,"[0, 0, 254, 6, 0, 24, 64, 0]"
605.091921,84159691,"[0, 0, 200, 201, 255, 127, 78, 38]"
605.092608,352595220,"[0, 0, 0, 144, 0, 8, 128, 1]"
605.093526,84159690,"[3, 0, 200, 239, 255, 127, 126, 39]"
605.093998,33827926,"[0, 0, 0, 98, 0, 16, 5, 0]"
605.094703,33828310,"[0, 0, 0, 147, 0, 0, 0, 0]"
605.096111,33827911,"[0, 0, 0, 226, 0, 16, 7, 0]"
605.096298,33828295,"[0, 0, 192, 26, 255, 255, 0, 0]"
605.096776,33929247,"[0, 0, 249, 6, 0, 24, 64, 0]"
605.097492,33827912,"[0, 0, 0, 98, 0, 16, 238, 255]"
605.098181,84159693,"[1, 0, 160, 207, 255, 191, 123, 38]"
605.0989,33827910,"[0, 0, 0, 98, 0, 16, 249, 255]"
605.099586,33828294,"[12, 0, 32, 191, 255, 255, 0, 0]"
605.10029,33827907,"[0, 0, 0, 226, 0, 16, 219, 255]"
605.100972,33828293,"[0, 0, 128, 82, 0, 0, 0, 0]"
605.101698,33929312,"[0, 0, 0, 0, 0, 64, 0, 0]"
605.102377,33880072,"[196, 245, 166, 52, 153, 215, 0, 0]"
605.10308,84159691,"[0, 0, 200, 201, 255, 127, 78, 38]"
605.103763,352596180,"[241, 223, 6, 208, 1, 0, 0, 5]"
605.104463,84159690,"[3, 0, 200, 239, 255, 127, 126, 39]"
605.105145,33827926,"[0, 0, 0, 98, 0, 16, 255, 255]"
605.105849,134551553,"[0, 0, 0, 0, 0, 0, 0, 192]"
605.106542,134551617,"[0, 0, 0, 64, 0, 0, 0, 0]"
605.107246,33827911,"[0, 0, 0, 226, 0, 16, 16, 0]"
605.107928,134551681,"[0, 4, 32, 0, 0, 0, 0, 0]"
605.108697,33827908,"[0, 0, 0, 98, 0, 16, 7, 0]"
605.109326,134551809,"[142, 6, 144, 128, 0, 28, 0, 0]"
605.110036,33827909,"[0, 0, 0, 98, 0, 16, 248, 255]"
605.110719,84159692,"[1, 0, 8, 208, 255, 191, 128, 38]"
605.11146,33929248,"[0, 0, 254, 6, 0, 24, 64, 0]"
605.112116,84159691,"[0, 0, 200, 201, 255, 127, 78, 38]"
605.112823,352595220,"[0, 0, 0, 144, 0, 8, 128, 1]"
605.113504,84159690,"[2, 0, 200, 239, 255, 127, 126, 39]"
605.1142,33827926,"[0, 0, 0, 98, 0, 16, 4, 0]"
605.114886,33828310,"[0, 0, 0, 147, 0, 0, 0, 0]"
605.116107,33827911,"[0, 0, 0, 226, 0, 16, 15, 0]"
605.116297,33828295,"[0, 0, 192, 26, 255, 255, 0, 0]"
605.116974,33929247,"[0, 0, 249, 6, 0, 24, 64, 0]"
605.117695,84161604,"[0, 0, 0, 0, 0, 0, 0, 0]"
605.118362,33827912,"[0, 0, 0, 98, 0, 16, 245, 255]"
605.119047,33828292,"[0, 0, 32, 39, 255, 255, 0, 0]"
605.119747,84160644,"[182, 192, 0, 0, 0, 0, 0, 0]"
605.120428,33929246,"[0, 0, 250, 6, 0, 22, 64, 0]"
605.121148,33828314,"[0, 0, 192, 162, 0, 0, 0, 0]"
605.121834,84166468,"[0, 0, 0, 0, 0, 0, 0, 0]"
605.122536,84159691,"[0, 0, 200, 201, 255, 127, 78, 38]"
605.123221,352595220,"[0, 0, 0, 144, 0, 8, 128, 1]"
605.123914,352596180,"[241, 223, 6, 208, 1, 0, 0, 5]"
605.124595,84159690,"[2, 0, 200, 239, 255, 127, 126, 39]"
605.125288,33827926,"[0, 0, 0, 98, 0, 16, 255, 255]"
605.125976,134551553,"[0, 0, 0, 0, 0, 0, 0, 192]"
605.126696,134551617,"[0, 0, 0, 64, 0, 0, 0, 0]"
605.127304,33827911,"[0, 0, 0, 226, 0, 16, 242, 255]"
605.128,134551745,"[0, 0, 0, 3, 0, 0, 1, 0]"
605.12869,33827910,"[0, 0, 0, 98, 0, 16, 252, 255]"
605.129383,134551809,"[140, 6, 144, 128, 0, 28, 0, 0]"
605.130072,33827907,"[0, 0, 0, 226, 0, 16, 219, 255]"
605.13077,84159692,"[1, 0, 16, 208, 255, 191, 128, 38]"
605.131448,84211722,"[112, 150, 23, 32, 97, 206, 0, 0]"
605.132152,84159691,"[0, 0, 200, 201, 255, 127, 78, 38]"
605.132835,352595220,"[0, 0, 0, 144, 0, 8, 128, 1]"
605.133627,84159690,"[2, 0, 200, 239, 255, 191, 126, 39]"
605.134219,33827926,"[0, 0, 0, 98, 0, 16, 254, 255]"
605.134916,33828310,"[0, 0, 0, 147, 0, 0, 0, 0]"
605.136067,33827911,"[0, 0, 0, 226, 0, 16, 242, 255]"
605.136311,33828295,"[0, 0, 192, 26, 255, 255, 0, 0]"
605.137014,33929247,"[0, 0, 249, 6, 0, 24, 64, 0]"
605.137711,84159693,"[4, 0, 152, 207, 255, 191, 123, 38]"
605.13839,84161613,"[0, 0, 253, 255, 255, 7, 0, 0]"
605.139093,33827905,"[0, 0, 0, 98, 0, 16, 254, 255]"
605.139776,84160653,"[173, 192, 0, 131, 24, 0, 0, 0]"
605.140476,33929246,"[0, 0, 250, 6, 0, 22, 64, 0]"
605.141158,33929248,"[0, 0, 254, 6, 0, 24, 64, 0]"
605.141827,84166477,"[0, 0, 0, 0, 24, 0, 0, 0]"
605.14252,84175820,"[0, 0, 0, 1, 1, 26, 19, 0]"
605.143224,84161611,"[0, 0, 0, 0, 0, 0, 0, 0]"
605.143906,84166475,"[0, 0, 0, 0, 24, 0, 0, 0]"
605.144607,352596500,"[168, 255, 116, 0, 192, 63, 0, 4]"
605.14529,84161610,"[0, 0, 253, 255, 255, 7, 0, 0]"
605.145993,84166474,"[0, 0, 0, 0, 24, 0, 0, 0]"
605.146683,134551553,"[0, 0, 0, 0, 0, 0, 0, 192]"
605.147376,134551617,"[0, 0, 0, 64, 0, 0, 0, 0]"
605.148065,134551745,"[0, 0, 0, 3, 0, 0, 1, 0]"
605.148763,33827910,"[0, 0, 0, 98, 0, 16, 7, 0]"
605.149448,134551809,"[140, 6, 144, 128, 0, 28, 0, 0]"
605.150152,33827930,"[0, 0, 0, 226, 0, 16, 43, 0]"
605.150835,84159692,"[1, 0, 16, 208, 255, 191, 128, 38]"
605.151542,33929248,"[0, 0, 254, 6, 0, 24, 64, 0]"
605.152224,84159691,"[0, 0, 200, 201, 255, 127, 78, 38]"
605.152922,352595220,"[0, 0, 0, 144, 0, 8, 128, 1]"
605.153678,84159690,"[2, 0, 200, 239, 255, 191, 126, 39]"
605.154315,33827926,"[0, 0, 0, 98, 0, 16, 1, 0]"
605.15499,33828310,"[0, 0, 0, 147, 0, 0, 0, 0]"
605.156099,33827911,"[0, 0, 0, 226, 0, 16, 7, 0]"
605.156384,33828295,"[0, 0, 192, 26, 255, 255, 0, 0]"
605.157066,33929247,"[0, 0, 249, 6, 0, 24, 64, 0]"
605.157759,33827912,"[0, 0, 0, 98, 0, 16, 244, 255]"
605.158454,33828296,"[12, 0, 96, 62, 255, 255, 0, 0]"
605.159139,33827905,"[0, 0, 0, 98, 0, 16, 7, 0]"
605.159831,33929246,"[0, 0, 251, 6, 0, 22, 64, 0]"
605.160442,33828291,"[0, 0, 192, 245, 255, 255, 0, 0]"
605.161113,33929312,"[0, 0, 0, 0, 0, 64, 0, 0]"
605.161806,84159692,"[7, 0, 8, 208, 255, 127, 128, 38]"
605.162501,84159691,"[0, 0, 200, 201, 255, 127, 78, 38]"
605.163193,33880070,"[236, 194, 195, 189, 150, 234, 0, 0]"
605.163773,352596180,"[241, 223, 6, 192, 1, 0, 0, 5]"
605.16449,33880066,"[183, 184, 227, 8, 217, 141, 0, 0]"
605.165132,33827926,"[0, 0, 0, 98, 0, 16, 7, 0]"
605.165817,134551553,"[0, 0, 0, 0, 0, 0, 0, 192]"
605.166456,134551617,"[0, 0, 0, 64, 0, 0, 0, 0]"
605.167148,33827911,"[0, 0, 0, 226, 0, 16, 8, 0]"
605.167784,134551681,"[0, 8, 32, 0, 0, 0, 0, 0]"
605.168473,33827908,"[0, 0, 0, 98, 0, 16, 6, 0]"
605.169115,33827905,"[0, 0, 0, 98, 0, 16, 251, 255]"
605.169801,33929246,"[0, 0, 251, 6, 0, 22, 64, 0]"
605.170447,33929310,"[0, 0, 0, 0, 0, 64, 0, 0]"
605.171139,33929248,"[0, 0, 254, 6, 0, 24, 64, 0]"
605.171831,84159691,"[0, 0, 200, 201, 255, 127, 78, 38]"
605.172527,352595220,"[0, 0, 0, 144, 0, 8, 128, 1]"
605.173522,84159690,"[2, 0, 200, 239, 255, 127, 126, 39]"
605.173891,33827926,"[0, 0, 0, 98, 0, 16, 255, 255]"
605.174498,33828310,"[0, 0, 0, 147, 0, 0, 0, 0]"
605.176002,33827911,"[0, 0, 0, 226, 0, 16, 3, 0]"
605.176673,33828295,"[0, 0, 192, 26, 255, 255, 0, 0]"
605.177236,33929247,"[0, 0, 249, 6, 0, 24, 64, 0]"
605.177854,84159693,"[3, 0, 160, 207, 255, 127, 123, 38]"
605.17849,33827908,"[0, 0, 0, 98, 0, 16, 249, 255]"
605.181526,33827905,"[0, 0, 0, 98, 0, 16, 251, 255]"
605.182244,33828289,"[0, 0, 64, 188, 255, 255, 0, 0]"
605.182941,84159691,"[0, 0, 200, 201, 255, 127, 78, 38]"
605.183667,352596180,"[241, 223, 6, 192, 1, 0, 0, 5]"
605.184324,84159690,"[2, 0, 200, 239, 255, 127, 126, 39]"
605.185006,33827926,"[0, 0, 0, 98, 0, 16, 253, 255]"
605.185697,134551553,"[0, 0, 0, 0, 0, 0, 0, 192]"
605.186383,134551617,"[0, 0, 0, 64, 0, 0, 0, 0]"
605.187073,33827911,"[0, 0, 0, 226, 0, 16, 1, 0]"
605.188043,134551681,"[0, 8, 32, 0, 0, 0, 0, 0]"
605.188704,33929311,"[0, 0, 0, 0, 0, 64, 0, 0]"
605.189354,134551809,"[140, 6, 144, 128, 0, 28, 0, 0]"
605.19,33827909,"[0, 0, 0, 98, 0, 16, 7, 0]"
605.190676,84159684,"[0, 0, 168, 220, 255, 191, 229, 38]"
605.191369,33929248,"[0, 0, 254, 6, 0, 24, 64, 0]"
605.192001,84159691,"[0, 0, 200, 201, 255, 127, 78, 38]"
605.19269,352595220,"[1, 0, 0, 144, 0, 8, 128, 1]"
605.193384,33880065,"[100, 180, 81, 176, 215, 20, 0, 0]"
605.194015,84159690,"[2, 0, 200, 239, 255, 63, 126, 39]"
605.194698,33844182,"[0, 0, 0, 0, 1, 26, 19, 0]"
605.195384,33834838,"[0, 0, 0, 0, 0, 0, 128, 0]"
605.196001,33828182,"[255, 127, 0, 192, 89, 20, 24, 0]"
605.196684,33828310,"[0, 0, 0, 147, 0, 0, 0, 0]"
605.197377,33828438,"[0, 0, 0, 0, 0, 0, 0, 128]"
605.197994,33929247,"[0, 0, 249, 6, 0, 24, 64, 0]"
605.198677,33827910,"[0, 0, 0, 98, 0, 16, 4, 0]"
605.19937,33828292,"[0, 0, 32, 39, 255, 255, 0, 0]"
605.199995,84159693,"[3, 0, 152, 207, 255, 191, 123, 38]"
605.200678,33828291,"[0, 0, 192, 245, 255, 255, 0, 0]"
605.20137,84159692,"[4, 0, 16, 208, 255, 191, 128, 38]"
605.201977,84159691,"[0, 0, 200, 201, 255, 127, 78, 38]"
605.202662,352595220,"[1, 0, 0, 144, 0, 8, 128, 1]"
605.203358,352596180,"[241, 223, 6, 192, 1, 0, 0, 5]"
605.204082,84159690,"[2, 0, 200, 239, 255, 127, 126, 39]"
605.204655,33827926,"[0, 0, 0, 98, 0, 16, 245, 255]"
605.205558,134551553,"[0, 0, 0, 0, 0, 0, 0, 192]"
605.206221,134551617,"[0, 0, 0, 64, 0, 0, 0, 0]"
605.206914,33827911,"[0, 0, 0, 226, 0, 16, 16, 0]"
605.207546,134551681,"[0, 8, 32, 0, 0, 0, 0, 0]"
605.208238,33929311,"[0, 0, 0, 0, 0, 64, 0, 0]"
605.20893,84159693,"[53, 0, 160, 207, 255, 191, 123, 38]"
605.209548,134551809,"[141, 6, 144, 128, 0, 28, 0, 0]"
605.210233,33827930,"[0, 0, 0, 226, 0, 16, 25, 0]"
605.210947,33929248,"[0, 0, 254, 6, 0, 24, 64, 0]"
605.211565,84159691,"[0, 0, 200, 201, 255, 127, 78, 38]"
605.212257,352595220,"[1, 0, 0, 144, 0, 8, 128, 1]"
605.213458,84159690,"[2, 0, 200, 239, 255, 191, 126, 39]"
605.21368,33827926,"[0, 0, 0, 98, 0, 16, 255, 255]"
605.214279,33828310,"[0, 0, 0, 147, 0, 0, 0, 0]"
605.216061,33844167,"[0, 0, 0, 0, 1, 26, 19, 0]"
605.216231,33834823,"[0, 0, 0, 0, 0, 3, 128, 0]"
605.216558,33929247,"[0, 0, 249, 6, 0, 24, 64, 0]"
605.216966,33828935,"[0, 243, 199, 46, 0, 0, 0, 0]"
605.217649,33844168,"[0, 0, 0, 0, 1, 26, 19, 0]"
605.218292,33827911,"[0, 0, 0, 226, 0, 16, 20, 0]"
605.218988,33834824,"[128, 0, 0, 0, 128, 11, 192, 0]"
605.21965,33828295,"[0, 0, 192, 26, 255, 255, 0, 0]"
605.220314,33828232,"[0, 0, 0, 92, 0, 0, 0, 0]"
605.220996,33828162,"[254, 127, 0, 64, 91, 19, 24, 21]"
605.22165,33828551,"[0, 0, 4, 0, 0, 0, 0, 0]"
605.222336,33827908,"[0, 0, 0, 98, 0, 16, 22, 0]"
605.223032,33828418,"[0, 0, 0, 0, 0, 0, 0, 128]"
605.223722,33834819,"[0, 0, 0, 0, 0, 3, 128, 0]"
605.224416,33828420,"[0, 0, 0, 0, 0, 0, 0, 128]"
605.225105,33828929,"[0, 243, 199, 46, 0, 0, 0, 0]"
605.225737,33828227,"[0, 0, 192, 245, 255, 255, 0, 0]"
605.226423,33828225,"[0, 0, 64, 188, 255, 255, 0, 0]"
605.227112,33828165,"[255, 127, 0, 0, 91, 19, 24, 20]"
605.227723,33827911,"[0, 0, 0, 226, 0, 16, 0, 0]"
605.228409,33827912,"[0, 0, 0, 98, 0, 16, 249, 255]"
605.229106,33827906,"[0, 0, 0, 98, 0, 16, 240, 255]"
605.229724,33828485,"[8, 0, 0, 0, 0, 0, 0, 0]"
605.230417,33844186,"[0, 0, 0, 0, 1, 26, 19, 128]"
605.231106,33834842,"[0, 0, 0, 0, 0, 8, 192, 0]"
605.231732,33929247,"[0, 0, 249, 6, 0, 24, 64, 0]"
605.232417,33828422,"[0, 0, 0, 0, 0, 0, 0, 128]"
605.233106,33828186,"[233, 127, 0, 64, 91, 19, 22, 20]"
605.233725,84159684,"[8, 0, 184, 220, 255, 191, 229, 38]"
605.23441,84159691,"[0, 0, 200, 201, 255, 127, 78, 38]"
605.235114,33828442,"[0, 0, 0, 0, 0, 0, 0, 128]"
605.235747,33828506,"[12, 0, 0, 0, 0, 0, 0, 0]"
605.23644,134551553,"[0, 0, 0, 0, 0, 0, 0, 192]"
605.237129,134551745,"[0, 0, 0, 3, 0, 0, 1, 0]"
605.237804,352595220,"[1, 0, 0, 144, 0, 8, 128, 1]"
605.23849,33828295,"[0, 0, 192, 26, 255, 255, 0, 0]"
605.239179,33827905,"[0, 0, 0, 98, 0, 16, 6, 0]"
605.239805,33828289,"[0, 0, 64, 188, 255, 255, 0, 0]"
605.240498,84159684,"[0, 0, 168, 220, 255, 127, 229, 38]"
605.241216,33828314,"[0, 0, 192, 162, 0, 0, 0, 0]"
605.241913,33929312,"[0, 0, 0, 0, 0, 64, 0, 0]"
605.242639,84159691,"[0, 0, 200, 201, 255, 127, 78, 38]"
605.243289,352611284,"[0, 0, 0, 0, 1, 26, 19, 0]"
605.243899,352596308,"[96, 21, 0, 6, 0, 0, 0, 2]"
605.244639,352596500,"[144, 255, 132, 0, 112, 64, 0, 4]"
605.245275,33827926,"[0, 0, 0, 98, 0, 16, 252, 255]"
605.245964,352596884,"[201, 255, 95, 0, 109, 2, 0, 0]"
605.246648,134551553,"[0, 0, 0, 0, 0, 0, 0, 192]"
605.247337,33827911,"[0, 0, 0, 226, 0, 16, 234, 255]"
605.248029,134551745,"[0, 0, 0, 3, 0, 0, 1, 0]"
605.248728,33827910,"[0, 0, 0, 98, 0, 16, 232, 255]"
605.249417,134551809,"[141, 6, 144, 128, 0, 28, 0, 0]"
605.250109,33827909,"[0, 0, 0, 98, 0, 16, 12, 0]"
605.250794,84159692,"[3, 0, 16, 208, 255, 191, 128, 38]"
605.251497,33929248,"[0, 0, 254, 6, 0, 24, 64, 0]"
605.252153,84159691,"[0, 0, 200, 201, 255, 127, 78, 38]"
605.252839,352595220,"[1, 0, 0, 144, 0, 8, 128, 1]"
605.253589,84159690,"[2, 0, 208, 239, 255, 191, 126, 39]"
605.254166,33827926,"[0, 0, 0, 98, 0, 16, 255, 255]"
605.254852,33828310,"[0, 0, 0, 147, 0, 0, 0, 0]"
605.256045,33827911,"[0, 0, 0, 226, 0, 16, 10, 0]"
605.256247,33828295,"[0, 0, 192, 26, 255, 255, 0, 0]"
605.256854,33929247,"[0, 0, 249, 6, 0, 24, 64, 0]"
605.257543,84159693,"[3, 0, 160, 207, 255, 191, 123, 38]"
605.258234,33827912,"[0, 0, 0, 98, 0, 16, 233, 255]"
605.25892,33828292,"[0, 0, 32, 39, 255, 255, 0, 0]"
605.259634,33828294,"[8, 0, 64, 191, 255, 255, 0, 0]"
605.26023,33827930,"[0, 0, 0, 226, 0, 16, 32, 0]"
605.260922,33828314,"[0, 0, 192, 162, 0, 0, 0, 0]"
605.261679,84159692,"[3, 0, 16, 208, 255, 191, 128, 38]"
605.262379,84159691,"[0, 0, 200, 201, 255, 127, 78, 38]"
605.263069,352595220,"[1, 0, 0, 144, 0, 8, 128, 1]"
605.263773,352596180,"[241, 223, 6, 192, 1, 0, 0, 5]"
605.26438,33880071,"[83, 197, 37, 200, 96, 79, 0, 0]"
605.265069,33827926,"[0, 0, 0, 98, 0, 16, 255, 255]"
605.265752,352647188,"[58, 219, 219, 178, 108, 183, 0, 0]"
605.266431,134551553,"[0, 0, 0, 0, 0, 0, 0, 192]"
605.267062,134551617,"[0, 0, 0, 64, 0, 0, 0, 0]"
605.26763,134551681,"[0, 8, 32, 0, 0, 0, 0, 0]"
605.268064,33929311,"[0, 0, 0, 0, 0, 64, 0, 0]"
605.268624,33827906,"[0, 0, 0, 98, 0, 16, 246, 255]"
605.269072,33827905,"[0, 0, 0, 98, 0, 16, 16, 0]"
605.269626,33827909,"[0, 0, 0, 98, 0, 16, 17, 0]"
605.270102,84159684,"[1, 0, 176, 220, 255, 127, 229, 38]"
605.270684,33929248,"[0, 0, 254, 6, 0, 24, 64, 0]"
605.271248,84159691,"[0, 0, 200, 201, 255, 127, 78, 38]"
605.271917,352595220,"[2, 0, 0, 144, 0, 8, 128, 1]"
605.272771,33880086,"[83, 242, 40, 85, 149, 179, 0, 0]"
605.273477,84159690,"[2, 0, 200, 239, 255, 127, 126, 39]"
605.273653,33827926,"[0, 0, 0, 98, 0, 16, 252, 255]"
605.273853,33828310,"[0, 0, 0, 147, 0, 0, 0, 0]"
605.275943,33827911,"[0, 0, 0, 226, 0, 16, 253, 255]"
605.276144,33828295,"[0, 0, 192, 26, 255, 255, 0, 0]"
605.276552,33929247,"[0, 0, 249, 6, 0, 24, 64, 0]"
605.276756,33827912,"[0, 0, 0, 98, 0, 16, 249, 255]"
605.27689,84159693,"[3, 0, 160, 207, 255, 191, 123, 38]"
605.277463,33827908,"[0, 0, 0, 98, 0, 16, 2, 0]"
605.278009,33827910,"[0, 0, 0, 98, 0, 16, 10, 0]"
605.27862,33827906,"[0, 0, 0, 98, 0, 16, 2, 0]"
605.279075,33828294,"[8, 0, 32, 191, 255, 255, 0, 0]"
605.279664,33827907,"[0, 0, 0, 226, 0, 16, 197, 255]"
605.280307,84159684,"[252, 255, 167, 220, 255, 191, 229, 38]"
605.28091,33929248,"[0, 0, 254, 6, 0, 24, 64, 0]"
605.281474,84159692,"[3, 0, 16, 208, 255, 191, 128, 38]"
605.282062,84159691,"[0, 0, 200, 201, 255, 191, 78, 38]"
605.282623,352595220,"[2, 0, 0, 144, 0, 8, 128, 1]"
605.28315,352596180,"[241, 223, 6, 192, 1, 0, 0, 5]"
605.283717,84211724,"[44, 234, 104, 105, 138, 87, 0, 0]"
605.284339,84159690,"[2, 0, 200, 239, 255, 127, 126, 39]"
605.285028,33827926,"[0, 0, 0, 98, 0, 16, 249, 255]"
605.285646,84211716,"[181, 189, 143, 200, 51, 188, 0, 0]"
605.286325,134551553,"[0, 0, 0, 0, 0, 0, 0, 192]"
605.287014,134551617,"[0, 0, 0, 64, 0, 0, 0, 0]"
605.287704,33827911,"[0, 0, 0, 226, 0, 16, 14, 0]"
605.28839,33929311,"[0, 0, 0, 0, 0, 64, 0, 0]"
605.289072,33827905,"[0, 0, 0, 98, 0, 16, 18, 0]"
605.289769,33929246,"[0, 0, 251, 6, 0, 22, 64, 0]"
605.290462,84159684,"[11, 0, 184, 220, 255, 191, 229, 38]"
605.291151,84159692,"[241, 255, 15, 208, 255, 191, 128, 38]"
605.291846,33929248,"[0, 0, 254, 6, 0, 24, 64, 0]"
605.292535,84159691,"[0, 0, 200, 201, 255, 191, 78, 38]"
605.293233,352595220,"[2, 0, 0, 144, 0, 8, 128, 1]"
605.293844,84159690,"[2, 0, 200, 239, 255, 127, 126, 39]"
605.294525,33827926,"[0, 0, 0, 98, 0, 16, 255, 255]"
605.295196,33828310,"[0, 0, 0, 147, 0, 0, 0, 0]"
605.295981,33827911,"[0, 0, 0, 226, 0, 16, 240, 255]"
605.296614,33828295,"[0, 0, 192, 26, 255, 255, 0, 0]"
605.297274,33929247,"[0, 0, 249, 6, 0, 24, 64, 0]"
605.297973,33827912,"[0, 0, 0, 98, 0, 16, 249, 255]"
605.298666,33827908,"[0, 0, 0, 98, 0, 16, 19, 0]"
605.299354,33828290,"[196, 255, 63, 64, 255, 255, 0, 0]"
605.300046,33827907,"[0, 0, 0, 226, 0, 16, 228, 255]"
605.30076,33828291,"[0, 0, 192, 245, 255, 255, 0, 0]"
605.301455,84159692,"[0, 0, 8, 208, 255, 191, 128, 38]"
605.30207,84159691,"[0, 0, 200, 201, 255, 127, 78, 38]"
605.302755,352595220,"[2, 0, 0, 144, 0, 8, 128, 1]"
605.303444,352596180,"[241, 223, 6, 192, 1, 0, 0, 5]"
605.304093,33880090,"[62, 11, 124, 16, 173, 32, 0, 0]"
605.304772,84159690,"[2, 0, 200, 239, 255, 127, 126, 39]"
605.30546,33827926,"[0, 0, 0, 98, 0, 16, 3, 0]"
605.306088,134551553,"[0, 0, 0, 0, 0, 0, 0, 192]"
605.306781,134551617,"[0, 0, 0, 64, 0, 0, 0, 0]"
605.30746,33827911,"[0, 0, 0, 226, 0, 16, 6, 0]"
605.308085,33827912,"[0, 0, 0, 98, 0, 16, 231, 255]"
605.308775,84159693,"[3, 0, 160, 207, 255, 191, 123, 38]"
605.309461,134551809,"[141, 6, 144, 128, 0, 28, 0, 0]"
605.310085,33827930,"[0, 0, 0, 226, 0, 16, 231, 255]"
605.310775,33929248,"[0, 0, 254, 6, 0, 24, 64, 0]"
605.311605,84159691,"[0, 0, 200, 201, 255, 127, 78, 38]"
605.312239,352595220,"[2, 0, 0, 144, 0, 8, 128, 1]"
605.313427,84159690,"[2, 0, 200, 239, 255, 127, 126, 39]"
605.313616,33827926,"[0, 0, 0, 98, 0, 16, 3, 0]"
605.314247,33828310,"[0, 0, 0, 147, 0, 0, 0, 0]"
605.31595,33827911,"[0, 0, 0, 226, 0, 16, 6, 0]"
605.316136,33828295,"[0, 0, 192, 26, 255, 255, 0, 0]"
605.316485,33929247,"[0, 0, 249, 6, 0, 24, 64, 0]"
605.316985,33827912,"[0, 0, 0, 98, 0, 16, 254, 255]"
605.317675,84159693,"[3, 0, 160, 207, 255, 191, 123, 38]"
605.318368,33828296,"[12, 0, 128, 62, 255, 255, 0, 0]"
605.319064,33828292,"[0, 0, 32, 39, 255, 255, 0, 0]"
605.319747,33929246,"[0, 0, 250, 6, 0, 22, 64, 0]"
605.32044,84159684,"[0, 0, 168, 220, 255, 191, 229, 38]"
605.321129,33828314,"[0, 0, 192, 162, 0, 0, 0, 0]"
605.321819,33929312,"[0, 0, 0, 0, 0, 64, 0, 0]"
605.32244,84159691,"[0, 0, 200, 201, 255, 127, 78, 38]"
605.32313,352595220,"[2, 0, 0, 144, 0, 8, 128, 1]"
605.323798,352596180,"[241, 223, 6, 192, 1, 0, 0, 5]"
605.324491,33880065,"[103, 176, 90, 52, 126, 193, 0, 0]"
605.325173,33827926,"[0, 0, 0, 98, 0, 16, 4, 0]"
605.325867,134551553,"[0, 0, 0, 0, 0, 0, 0, 192]"
605.3266,134551617,"[0, 0, 0, 64, 0, 0, 0, 0]"
605.327256,33827911,"[0, 0, 0, 226, 0, 16, 1, 0]"
605.327932,134551745,"[0, 0, 0, 3, 0, 0, 1, 0]"
605.328629,33827910,"[0, 0, 0, 98, 0, 16, 14, 0]"
605.329329,33827905,"[0, 0, 0, 98, 0, 16, 248, 255]"
605.330025,33827909,"[0, 0, 0, 98, 0, 16, 0, 0]"
605.330651,84159692,"[0, 0, 8, 208, 255, 191, 128, 38]"
605.331344,33929248,"[0, 0, 255, 6, 0, 24, 64, 0]"
605.332033,84159691,"[0, 0, 200, 201, 255, 127, 78, 38]"
605.332665,352595220,"[2, 0, 0, 144, 0, 8, 128, 1]"
605.333359,84159690,"[8, 0, 216, 239, 255, 191, 126, 39]"
605.33404,33827926,"[0, 0, 0, 98, 0, 16, 248, 255]"
605.334665,33828310,"[0, 0, 0, 147, 0, 0, 0, 0]"
605.335959,33827911,"[0, 0, 0, 226, 0, 16, 6, 0]"
605.336136,33828295,"[0, 0, 192, 26, 255, 255, 0, 0]"
605.336818,33929247,"[0, 0, 249, 6, 0, 24, 64, 0]"
605.337513,84159693,"[2, 0, 160, 207, 255, 191, 123, 38]"
605.338198,33827912,"[0, 0, 0, 98, 0, 16, 248, 255]"
605.338813,33827906,"[0, 0, 0, 98, 0, 16, 249, 255]"
605.339508,33828294,"[32, 0, 96, 191, 255, 255, 0, 0]"
605.340179,33827909,"[0, 0, 0, 98, 0, 16, 11, 0]"
605.340872,33828293,"[0, 0, 128, 82, 0, 0, 0, 0]"
605.341593,33929312,"[0, 0, 0, 0, 0, 64, 0, 0]"
605.342245,84159691,"[0, 0, 200, 201, 255, 127, 78, 38]"
605.342945,352595220,"[2, 0, 0, 144, 0, 8, 128, 1]"
605.343637,352596244,"[29, 255, 215, 0, 33, 127, 0, 0]"
605.344261,352596500,"[164, 255, 120, 0, 224, 63, 0, 4]"
605.344961,84159690,"[1, 0, 208, 239, 255, 191, 126, 39]"
605.345661,33880072,"[40, 73, 246, 162, 185, 115, 0, 0]"
605.346342,134551553,"[0, 0, 0, 0, 0, 0, 0, 192]"
605.346971,134551617,"[0, 0, 0, 64, 0, 0, 0, 0]"
605.347649,134551681,"[0, 4, 32, 0, 0, 0, 0, 0]"
605.348324,33827912,"[0, 0, 0, 98, 0, 16, 237, 255]"
605.349015,33827905,"[0, 0, 0, 98, 0, 16, 14, 0]"
605.349708,33929246,"[0, 0, 251, 6, 0, 22, 64, 0]"
605.350397,84159684,"[252, 255, 175, 220, 255, 191, 229, 38]"
605.351088,33929248,"[0, 0, 254, 6, 0, 24, 64, 0]"
605.351781,84159691,"[0, 0, 200, 201, 255, 127, 78, 38]"
605.352462,352595220,"[2, 0, 0, 144, 0, 8, 128, 1]"
605.353514,84159690,"[1, 0, 208, 239, 255, 191, 126, 39]"
605.353854,33827926,"[0, 0, 0, 98, 0, 16, 251, 255]"
605.354588,33828310,"[0, 0, 0, 147, 0, 0, 0, 0]"
605.356028,33827911,"[0, 0, 0, 226, 0, 16, 19, 0]"
605.356214,33828295,"[0, 0, 192, 26, 255, 255, 0, 0]"
605.356586,33929247,"[0, 0, 249, 6, 0, 24, 64, 0]"
605.35723,33827912,"[0, 0, 0, 98, 0, 16, 251, 255]"
605.357905,84159693,"[2, 0, 160, 207, 255, 191, 123, 38]"
605.358603,33827908,"[0, 0, 0, 98, 0, 16, 5, 0]"
605.359296,33828290,"[12, 0, 64, 64, 255, 255, 0, 0]"
605.359992,33827909,"[0, 0, 0, 98, 0, 16, 244, 255]"
605.360675,33828293,"[0, 0, 128, 82, 0, 0, 0, 0]"
605.36139,84159692,"[3, 0, 16, 208, 255, 191, 128, 38]"
605.362079,84159691,"[3, 0, 192, 201, 255, 127, 78, 38]"
605.362762,352595220,"[2, 0, 0, 144, 0, 8, 128, 1]"
605.363383,352596180,"[241, 223, 6, 192, 1, 0, 0, 5]"
605.364072,84159690,"[1, 0, 208, 239, 255, 191, 126, 39]"
605.364748,33827926,"[0, 0, 0, 98, 0, 16, 242, 255]"
605.365439,134551553,"[0, 0, 0, 0, 0, 0, 0, 192]"
605.366129,134551617,"[0, 0, 0, 64, 0, 0, 0, 0]"
605.366812,84211725,"[74, 189, 116, 215, 178, 101, 0, 0]"
605.367498,33827911,"[0, 0, 0, 226, 0, 16, 7, 0]"
605.368194,33827912,"[0, 0, 0, 98, 0, 16, 245, 255]"
605.368877,33827906,"[0, 0, 0, 98, 0, 16, 9, 0]"
605.369581,134551809,"[141, 6, 144, 128, 0, 28, 0, 0]"
605.370266,33929310,"[0, 0, 0, 0, 0, 64, 0, 0]"
605.370956,33929248,"[0, 0, 254, 6, 0, 24, 64, 0]"
605.371581,84159684,"[1, 0, 176, 220, 255, 127, 229, 38]"
605.372259,84159691,"[3, 0, 200, 201, 255, 127, 78, 38]"
605.372935,352595220,"[2, 0, 0, 144, 0, 8, 128, 1]"
605.37363,84159690,"[1, 0, 208, 239, 255, 191, 126, 39]"
605.374308,33827926,"[0, 0, 0, 98, 0, 16, 0, 0]"
605.375005,33828310,"[0, 0, 0, 147, 0, 0, 0, 0]"
605.375695,33880071,"[66, 78, 118, 193, 140, 124, 0, 0]"
605.376388,33827911,"[0, 0, 0, 226, 0, 16, 9, 0]"
605.37707,33828295,"[0, 0, 192, 26, 255, 255, 0, 0]"
605.377767,33929247,"[0, 0, 248, 6, 0, 24, 64, 0]"
605.37846,33827908,"[0, 0, 0, 98, 0, 16, 248, 255]"
605.379149,33828290,"[208, 255, 63, 64, 255, 255, 0, 0]"
605.379768,33828289,"[0, 0, 128, 188, 255, 255, 0, 0]"
605.380475,84159684,"[254, 255, 175, 220, 255, 63, 230, 38]"
605.381157,33929312,"[0, 0, 0, 0, 0, 64, 0, 0]"
605.381838,84159692,"[3, 0, 8, 208, 255, 127, 128, 38]"
605.382573,84159691,"[2, 0, 200, 201, 255, 127, 78, 38]"
605.383218,352595220,"[2, 0, 0, 128, 0, 8, 128, 1]"
605.383911,352596180,"[241, 223, 6, 192, 1, 0, 0, 5]"
605.384603,84159690,"[1, 0, 208, 239, 255, 191, 126, 39]"
605.385292,33827926,"[0, 0, 0, 98, 0, 16, 253, 255]"
605.385984,33880068,"[172, 216, 30, 183, 196, 33, 0, 0]"
605.386669,134551553,"[0, 0, 0, 0, 0, 0, 0, 192]"
605.387358,134551617,"[0, 0, 0, 64, 0, 0, 0, 0]"
605.387972,134551745,"[0, 0, 0, 3, 0, 0, 2, 0]"
605.388665,33827906,"[0, 0, 0, 98, 0, 16, 9, 0]"
605.389332,84161613,"[0, 0, 253, 255, 255, 7, 0, 0]"
605.390031,33827909,"[0, 0, 0, 98, 0, 16, 12, 0]"
605.390709,84160653,"[173, 192, 0, 131, 24, 0, 0, 0]"
605.391483,84166477,"[0, 0, 0, 0, 24, 0, 0, 0]"
605.392167,84166476,"[0, 0, 0, 0, 24, 0, 0, 0]"
605.392867,84159691,"[2, 0, 200, 201, 255, 127, 78, 38]"
605.393567,84175819,"[0, 0, 0, 1, 1, 26, 19, 0]"
605.394248,84166475,"[0, 0, 0, 0, 24, 0, 0, 0]"
605.394891,84159690,"[1, 0, 208, 239, 255, 191, 126, 39]"
605.395576,84160650,"[172, 192, 8, 131, 24, 0, 0, 0]"
605.396264,84166474,"[0, 0, 0, 0, 24, 0, 0, 0]"
605.396943,33827911,"[0, 0, 0, 226, 0, 16, 17, 0]"
605.397597,84211724,"[178, 222, 93, 135, 128, 125, 0, 0]"
605.398298,33827912,"[0, 0, 0, 98, 0, 16, 254, 255]"
605.39898,33828292,"[8, 0, 32, 39, 255, 255, 0, 0]"
605.399662,33828289,"[0, 0, 128, 188, 255, 255, 0, 0]"
605.400355,84159684,"[1, 0, 176, 220, 255, 191, 229, 38]"
605.400973,33929248,"[0, 0, 253, 6, 0, 24, 64, 0]"
605.401663,84159692,"[2, 0, 16, 208, 255, 191, 128, 38]"
605.402356,84159691,"[2, 0, 200, 201, 255, 127, 78, 38]"
605.402973,352595220,"[3, 0, 0, 128, 0, 8, 128, 1]"
605.403656,352596180,"[241, 223, 6, 192, 1, 0, 0, 5]"
605.404349,84159690,"[1, 0, 208, 239, 255, 191, 126, 39]"
605.404967,33827926,"[0, 0, 0, 98, 0, 16, 254, 255]"
605.405649,134551553,"[0, 0, 0, 0, 0, 0, 0, 192]"
605.4064,134551617,"[0, 0, 0, 64, 0, 0, 0, 0]"
605.407024,33827911,"[0, 0, 0, 226, 0, 16, 14, 0]"
605.407714,134551681,"[0, 4, 32, 0, 0, 0, 0, 0]"
605.408386,33827908,"[0, 0, 0, 98, 0, 16, 23, 0]"
605.409082,134551809,"[141, 6, 144, 128, 0, 28, 0, 0]"
605.409772,33929310,"[0, 0, 0, 0, 0, 64, 0, 0]"
605.410465,84159684,"[0, 0, 176, 220, 255, 63, 229, 38]"
605.411162,33929248,"[0, 0, 254, 6, 0, 24, 64, 0]"
605.411859,84159691,"[2, 0, 200, 201, 255, 127, 78, 38]"
605.412556,352595220,"[3, 0, 0, 128, 0, 8, 128, 1]"
605.41332,84159690,"[1, 0, 208, 239, 255, 191, 126, 39]"
605.413929,33827926,"[0, 0, 0, 98, 0, 16, 251, 255]"
605.414619,33828310,"[0, 0, 0, 147, 0, 0, 0, 0]"
605.415932,33827911,"[0, 0, 0, 226, 0, 16, 23, 0]"
605.41609,33828295,"[0, 0, 192, 26, 255, 255, 0, 0]"
605.416608,33929247,"[0, 0, 249, 6, 0, 24, 64, 0]"
605.417309,33827912,"[0, 0, 0, 98, 0, 16, 255, 255]"
605.417991,84159693,"[2, 0, 160, 207, 255, 191, 123, 38]"
605.418688,33827910,"[0, 0, 0, 98, 0, 16, 253, 255]"
605.419381,33828294,"[4, 0, 64, 191, 255, 255, 0, 0]"
605.42007,33827909,"[0, 0, 0, 98, 0, 16, 255, 255]"
605.420753,33828293,"[0, 0, 128, 82, 0, 0, 0, 0]"
605.421439,84159692,"[2, 0, 8, 208, 255, 191, 128, 38]"
605.421984,84159691,"[2, 0, 200, 201, 255, 127, 78, 38]"
605.422588,352595220,"[3, 0, 0, 128, 0, 8, 128, 1]"
605.423303,352596180,"[241, 223, 6, 192, 1, 0, 0, 5]"
605.423992,84159690,"[1, 0, 208, 239, 255, 191, 126, 39]"
605.424675,33827926,"[0, 0, 0, 98, 0, 16, 242, 255]"
605.425374,134551553,"[0, 0, 0, 0, 0, 0, 0, 192]"
605.42605,134551617,"[0, 0, 0, 64, 0, 0, 0, 0]"
605.426746,33827911,"[0, 0, 0, 226, 0, 16, 2, 0]"
605.427435,134551681,"[0, 4, 32, 0, 0, 0, 0, 0]"
605.428127,33827912,"[0, 0, 0, 98, 0, 16, 251, 255]"
605.428812,33827906,"[0, 0, 0, 98, 0, 16, 233, 255]"
605.429547,134551809,"[141, 6, 144, 128, 0, 28, 0, 0]"
605.430192,33827930,"[0, 0, 0, 226, 0, 16, 6, 0]"
605.430892,33929248,"[0, 0, 254, 6, 0, 24, 64, 0]"
605.431575,84159691,"[2, 0, 200, 201, 255, 127, 78, 38]"
605.432276,352595220,"[3, 0, 0, 128, 0, 8, 128, 1]"
605.433385,84159690,"[7, 0, 200, 239, 255, 191, 126, 39]"
605.433658,33827926,"[0, 0, 0, 98, 0, 16, 5, 0]"
605.434343,33828310,"[0, 0, 0, 147, 0, 0, 0, 0]"
605.4359,33827911,"[0, 0, 0, 226, 0, 16, 251, 255]"
605.43607,33828295,"[0, 0, 192, 26, 255, 255, 0, 0]"
605.436406,33929247,"[0, 0, 249, 6, 0, 24, 64, 0]"
605.437631,33827912,"[0, 0, 0, 98, 0, 16, 248, 255]"
605.441594,84159693,"[2, 0, 160, 207, 255, 191, 123, 38]"
605.442331,33828292,"[8, 0, 32, 39, 255, 255, 0, 0]"
605.442948,84159691,"[2, 0, 200, 201, 255, 127, 78, 38]"
605.443645,352596436,"[247, 255, 31, 1, 0, 28, 0, 0]"
605.444274,352596500,"[172, 255, 72, 0, 8, 64, 0, 4]"
605.444963,33844182,"[0, 0, 0, 0, 1, 26, 19, 0]"
605.445595,33828950,"[212, 74, 40, 37, 0, 0, 0, 0]"
605.446289,33828374,"[0, 0, 0, 0, 0, 0, 1, 128]"
605.44692,33828438,"[0, 0, 0, 0, 0, 0, 0, 128]"
605.44761,33828566,"[0, 0, 4, 0, 0, 0, 0, 0]"
605.448238,33827912,"[0, 0, 0, 98, 0, 16, 244, 255]"
605.448935,84159693,"[2, 0, 160, 207, 255, 191, 123, 38]"
605.449546,33929246,"[0, 0, 251, 6, 0, 22, 64, 0]"
605.450246,84159684,"[3, 0, 184, 220, 255, 127, 229, 38]"
605.450986,33929248,"[0, 0, 253, 6, 0, 24, 64, 0]"
605.451669,84211722,"[192, 251, 156, 33, 251, 8, 0, 0]"
605.452326,84159691,"[2, 0, 200, 201, 255, 127, 78, 38]"
605.453008,352595220,"[3, 0, 0, 128, 0, 8, 128, 1]"
605.453648,33880066,"[132, 20, 54, 181, 43, 75, 0, 0]"
605.454539,84159690,"[4, 0, 200, 239, 255, 191, 126, 39]"
605.455232,33827926,"[0, 0, 0, 98, 0, 16, 4, 0]"
605.455936,33828310,"[0, 0, 0, 147, 0, 0, 0, 0]"
605.456619,33827911,"[0, 0, 0, 226, 0, 16, 13, 0]"
605.457326,33828295,"[0, 0, 192, 26, 255, 255, 0, 0]"
605.457937,84159693,"[2, 0, 160, 207, 255, 191, 123, 38]"
605.458627,33828292,"[8, 0, 32, 39, 255, 255, 0, 0]"
605.459305,33828289,"[0, 0, 128, 188, 255, 255, 0, 0]"
605.459937,33827909,"[0, 0, 0, 98, 0, 16, 5, 0]"
605.46062,33828293,"[0, 0, 128, 82, 0, 0, 0, 0]"
605.46132,84159692,"[2, 0, 8, 208, 255, 191, 128, 38]"
605.461944,84159691,"[2, 0, 200, 201, 255, 127, 78, 38]"
605.462634,352595220,"[3, 0, 0, 128, 0, 8, 128, 1]"
605.463328,352596180,"[241, 223, 6, 192, 1, 0, 0, 5]"
605.464017,84159690,"[1, 0, 200, 239, 255, 127, 126, 39]"
605.4647,33827926,"[0, 0, 0, 98, 0, 16, 0, 0]"
605.465399,134551553,"[0, 0, 0, 0, 0, 0, 0, 192]"
605.466009,134551617,"[0, 0, 0, 64, 0, 0, 0, 0]"
605.466706,33844167,"[0, 0, 0, 0, 1, 26, 19, 0]"
605.467399,33834823,"[0, 0, 0, 0, 0, 3, 128, 0]"
605.468103,33844168,"[0, 0, 0, 0, 1, 26, 19, 0]"
605.468786,33844166,"[0, 0, 0, 0, 1, 26, 19, 0]"
605.469533,33828231,"[0, 0, 192, 26, 255, 255, 0, 0]"
605.470111,33834820,"[128, 0, 0, 0, 128, 11, 192, 0]"
605.470772,33828162,"[245, 127, 0, 0, 91, 19, 24, 21]"
605.471335,33828424,"[0, 0, 0, 0, 0, 0, 0, 128]"
605.472006,33828488,"[8, 0, 0, 0, 0, 0, 0, 0]"
605.472818,33828356,"[0, 0, 0, 0, 0, 0, 0, 128]"
605.473532,33844161,"[0, 0, 0, 0, 1, 26, 19, 0]"
605.47422,33844163,"[0, 0, 0, 0, 1, 26, 19, 0]"
605.474927,33828929,"[0, 243, 199, 46, 0, 0, 0, 0]"
605.475619,33828310,"[0, 0, 0, 147, 0, 0, 0, 0]"
605.476301,33834842,"[0, 0, 0, 0, 0, 8, 192, 0]"
605.476993,33828163,"[234, 127, 0, 0, 91, 20, 25, 20]"
605.477699,33828227,"[0, 0, 192, 245, 255, 255, 0, 0]"
605.478388,33827912,"[0, 0, 0, 98, 0, 16, 237, 255]"
605.479087,33828296,"[8, 0, 128, 62, 255, 255, 0, 0]"
605.479787,33828481,"[8, 0, 0, 0, 0, 0, 0, 0]"
605.480529,33834821,"[0, 0, 0, 0, 0, 3, 128, 0]"
605.481174,33828506,"[12, 0, 0, 0, 0, 0, 0, 0]"
605.481874,33827909,"[0, 0, 0, 98, 0, 16, 254, 255]"
605.482566,33929248,"[0, 0, 255, 6, 0, 24, 64, 0]"
605.483254,33929248,"[0, 0, 254, 6, 0, 24, 64, 0]"
605.483975,33929312,"[0, 0, 0, 0, 0, 64, 0, 0]"
605.484675,84159692,"[2, 0, 8, 208, 255, 191, 128, 38]"
605.485356,33827909,"[0, 0, 0, 98, 0, 16, 255, 255]"
605.486062,134551745,"[0, 0, 0, 2, 0, 0, 1, 0]"
605.486748,134551553,"[0, 0, 0, 0, 0, 0, 0, 192]"
605.487412,33827911,"[0, 0, 0, 226, 0, 16, 6, 0]"
605.488101,33827912,"[0, 0, 0, 98, 0, 16, 10, 0]"
605.488813,33827910,"[0, 0, 0, 98, 0, 16, 4, 0]"
605.489524,134551809,"[141, 6, 144, 128, 0, 28, 0, 0]"
605.49021,33929246,"[0, 0, 250, 6, 0, 22, 64, 0]"
605.490892,33929248,"[0, 0, 254, 6, 0, 24, 64, 0]"
605.491599,84159691,"[2, 0, 200, 201, 255, 127, 78, 38]"
605.492287,84211725,"[173, 8, 145, 137, 63, 19, 0, 0]"
605.492983,352611284,"[0, 0, 0, 0, 1, 26, 19, 0]"
605.493759,352596308,"[108, 21, 0, 22, 0, 0, 0, 2]"
605.494521,352596820,"[0, 0, 0, 0, 0, 0, 0, 0]"
605.495156,33827926,"[0, 0, 0, 98, 0, 16, 252, 255]"
605.495875,33828310,"[0, 0, 0, 147, 0, 0, 0, 0]"
605.496558,33827911,"[0, 0, 0, 226, 0, 16, 11, 0]"
605.497271,33828295,"[0, 0, 192, 26, 255, 255, 0, 0]"
605.497947,33929247,"[0, 0, 249, 6, 0, 24, 64, 0]"
605.498651,33828292,"[8, 0, 32, 39, 255, 255, 0, 0]"
605.499337,84159693,"[2, 0, 160, 207, 255, 191, 123, 38]"
605.500041,33827907,"[0, 0, 0, 226, 0, 16, 203, 255]"
605.500731,33828291,"[0, 0, 192, 245, 255, 255, 0, 0]"
605.501438,84159692,"[2, 0, 16, 208, 255, 191, 128, 38]"
605.502128,84159691,"[2, 0, 200, 201, 255, 127, 78, 38]"
605.502832,352595220,"[3, 0, 0, 128, 0, 8, 128, 1]"
605.503515,352596180,"[241, 223, 6, 192, 1, 0, 0, 5]"
605.504229,84159690,"[16, 0, 216, 239, 255, 191, 126, 39]"
605.504911,33827926,"[0, 0, 0, 98, 0, 16, 255, 255]"
605.505616,134551553,"[0, 0, 0, 0, 0, 0, 0, 192]"
605.506302,134551617,"[0, 0, 0, 64, 0, 0, 0, 0]"
605.506998,33827911,"[0, 0, 0, 226, 0, 16, 11, 0]"
605.507681,134551681,"[0, 8, 32, 0, 0, 0, 0, 0]"
605.508381,134551745,"[0, 0, 0, 2, 0, 0, 1, 0]"
605.509063,33827905,"[0, 0, 0, 98, 0, 16, 248, 255]"
605.509775,33827909,"[0, 0, 0, 98, 0, 16, 252, 255]"
605.510515,84159684,"[2, 0, 176, 220, 255, 255, 229, 38]"
605.511193,33929248,"[0, 0, 254, 6, 0, 24, 64, 0]"
605.511876,84159691,"[2, 0, 200, 201, 255, 127, 78, 38]"
605.512573,352595220,"[3, 0, 0, 128, 0, 8, 128, 1]"
605.513266,84159690,"[1, 0, 208, 239, 255, 191, 126, 39]"
605.513978,33827926,"[0, 0, 0, 98, 0, 16, 2, 0]"
605.514661,33828310,"[0, 0, 0, 147, 0, 0, 0, 0]"
605.515841,33827911,"[0, 0, 0, 226, 0, 16, 12, 0]"
605.516041,33828295,"[0, 0, 192, 26, 255, 255, 0, 0]"
605.516737,33929247,"[0, 0, 249, 6, 0, 24, 64, 0]"
605.517418,84159693,"[2, 0, 160, 207, 255, 191, 123, 38]"
605.518117,33827912,"[0, 0, 0, 98, 0, 16, 242, 255]"
605.518803,33828292,"[8, 0, 32, 39, 255, 255, 0, 0]"
605.519509,33828294,"[4, 0, 64, 191, 255, 255, 0, 0]"
605.52019,33828291,"[0, 0, 192, 245, 255, 255, 0, 0]"
605.520883,33828293,"[0, 0, 128, 82, 0, 0, 0, 0]"
605.521568,33929312,"[0, 0, 0, 0, 0, 64, 0, 0]"
605.52227,84159691,"[2, 0, 200, 201, 255, 127, 78, 38]"
605.522949,352595220,"[3, 0, 0, 128, 0, 8, 128, 1]"
605.523641,352596180,"[241, 223, 6, 192, 1, 0, 0, 5]"
605.52433,84159690,"[208, 255, 207, 239, 255, 127, 126, 39]"
605.525022,33827926,"[0, 0, 0, 98, 0, 16, 0, 0]"
605.525712,134551553,"[0, 0, 0, 0, 0, 0, 0, 192]"
605.526407,134551617,"[0, 0, 0, 64, 0, 0, 0, 0]"
605.527092,33827911,"[0, 0, 0, 226, 0, 16, 1, 0]"
605.527785,33929247,"[0, 0, 248, 6, 0, 24, 64, 0]"
605.528506,33827910,"[0, 0, 0, 98, 0, 16, 13, 0]"
605.529179,134551809,"[142, 6, 144, 128, 0, 28, 0, 0]"
605.529865,33827907,"[0, 0, 0, 226, 0, 16, 231, 255]"
605.530565,84159692,"[2, 0, 8, 208, 255, 191, 128, 38]"
605.531252,33929248,"[0, 0, 254, 6, 0, 24, 64, 0]"
605.531952,84159691,"[2, 0, 200, 201, 255, 127, 78, 38]"
605.532635,352595220,"[3, 0, 0, 128, 0, 8, 128, 1]"
605.533343,84159690,"[4, 0, 200, 239, 255, 127, 126, 39]"
605.534031,33827926,"[0, 0, 0, 98, 0, 16, 255, 255]"
605.534728,33828310,"[0, 0, 0, 147, 0, 0, 0, 0]"
605.535582,33880086,"[84, 71, 67, 113, 161, 149, 0, 0]"
605.536102,33827911,"[0, 0, 0, 226, 0, 16, 243, 255]"
605.536792,33828295,"[0, 0, 192, 26, 255, 255, 0, 0]"
605.537504,33929247,"[0, 0, 249, 6, 0, 24, 64, 0]"
605.53811,33827912,"[0, 0, 0, 98, 0, 16, 252, 255]"
605.5388,33828292,"[8, 0, 32, 39, 255, 255, 0, 0]"
605.539497,84211723,"[6, 24, 115, 211, 251, 77, 0, 0]"
605.540182,33827930,"[0, 0, 0, 226, 0, 16, 0, 0]"
605.540865,33828314,"[0, 0, 192, 162, 0, 0, 0, 0]"
605.541584,84159692,"[24, 0, 16, 208, 255, 191, 128, 38]"
605.542269,84159691,"[2, 0, 200, 201, 255, 191, 78, 38]"
605.542959,352595220,"[3, 0, 0, 128, 0, 8, 128, 1]"
605.543649,352596436,"[22, 0, 192, 0, 0, 16, 0, 0]"
605.544342,352596500,"[100, 255, 124, 0, 120, 64, 0, 4]"
605.545031,33827926,"[0, 0, 0, 98, 0, 16, 2, 0]"
605.545747,134551553,"[0, 0, 0, 0, 0, 0, 0, 192]"
605.546495,134551617,"[0, 0, 0, 64, 0, 0, 0, 0]"
605.547137,33827911,"[0, 0, 0, 226, 0, 16, 15, 0]"
605.54782,33929247,"[0, 0, 249, 6, 0, 24, 64, 0]"
605.548517,134551745,"[0, 0, 0, 3, 0, 0, 1, 0]"
605.549195,134551809,"[142, 6, 144, 128, 0, 28, 0, 0]"
605.549899,33827907,"[0, 0, 0, 226, 0, 16, 227, 255]"
605.550582,84159692,"[2, 0, 16, 208, 255, 191, 128, 38]"
605.551282,33929248,"[0, 0, 254, 6, 0, 24, 64, 0]"
605.551964,84159691,"[5, 0, 208, 201, 255, 127, 78, 38]"
605.552661,352595220,"[4, 0, 0, 128, 0, 8, 128, 1]"
605.553353,84159690,"[0, 0, 200, 239, 255, 191, 126, 39]"
605.554055,33827926,"[0, 0, 0, 98, 0, 16, 255, 255]"
605.554738,33828310,"[0, 0, 0, 147, 0, 0, 0, 0]"
605.555863,33827911,"[0, 0, 0, 226, 0, 16, 1, 0]"
605.55612,33828295,"[0, 0, 192, 26, 255, 255, 0, 0]"
605.556814,33929247,"[0, 0, 248, 6, 0, 24, 64, 0]"
605.557497,84159693,"[1, 0, 160, 207, 255, 191, 123, 38]"
605.558196,33827912,"[0, 0, 0, 98, 0, 16, 247, 255]"
605.558879,33828292,"[20, 0, 64, 39, 255, 255, 0, 0]"
605.559569,33929246,"[0, 0, 250, 6, 0, 22, 64, 0]"
605.560254,84159684,"[3, 0, 176, 220, 255, 191, 229, 38]"
605.560959,33828314,"[0, 0, 192, 162, 0, 0, 0, 0]"
605.561636,84159692,"[2, 0, 16, 208, 255, 191, 128, 38]"
605.562331,84159691,"[2, 0, 200, 201, 255, 191, 78, 38]"
605.563023,352595220,"[4, 0, 0, 128, 0, 8, 128, 1]"
605.563716,352596180,"[241, 223, 6, 192, 1, 0, 0, 5]"
605.564397,84159690,"[0, 0, 200, 239, 255, 127, 126, 39]"
605.565089,33827926,"[0, 0, 0, 98, 0, 16, 255, 255]"
605.565771,134551553,"[0, 0, 0, 0, 0, 0, 0, 192]"
605.566485,134551617,"[0, 0, 0, 64, 0, 0, 0, 0]"
605.567158,33827911,"[0, 0, 0, 226, 0, 16, 253, 255]"
605.567858,33929247,"[0, 0, 249, 6, 0, 24, 64, 0]"
605.568537,33827910,"[0, 0, 0, 98, 0, 16, 0, 0]"
605.569232,134551809,"[142, 6, 144, 128, 0, 28, 0, 0]"
605.56991,33827909,"[0, 0, 0, 98, 0, 16, 254, 255]"
605.570581,84159692,"[2, 0, 16, 208, 255, 191, 128, 38]"
605.571262,33929248,"[0, 0, 254, 6, 0, 24, 64, 0]"
605.571969,84159691,"[2, 0, 200, 201, 255, 191, 78, 38]"
605.572661,352595220,"[4, 0, 0, 128, 0, 8, 128, 1]"
605.573364,84211716,"[13, 122, 48, 111, 57, 92, 0, 0]"
605.57405,84159690,"[0, 0, 200, 239, 255, 127, 126, 39]"
605.574742,33827926,"[0, 0, 0, 98, 0, 16, 5, 0]"
605.575485,33828310,"[0, 0, 0, 147, 0, 0, 0, 0]"
605.576123,33880067,"[92, 119, 212, 65, 209, 15, 0, 0]"
605.576808,33827911,"[0, 0, 0, 226, 0, 16, 5, 0]"
605.577506,33828295,"[0, 0, 192, 26, 255, 255, 0, 0]"
605.578184,84159693,"[1, 0, 160, 207, 255, 191, 123, 38]"
605.578881,33828292,"[8, 0, 32, 39, 255, 255, 0, 0]"
605.579571,33929246,"[0, 0, 250, 6, 0, 22, 64, 0]"
605.580271,84159684,"[252, 255, 175, 220, 255, 191, 229, 38]"
605.580946,33929248,"[0, 0, 254, 6, 0, 24, 64, 0]"
605.581644,84159692,"[2, 0, 16, 208, 255, 191, 128, 38]"
605.58233,84159691,"[2, 0, 200, 201, 255, 127, 78, 38]"
605.583026,352595220,"[3, 0, 0, 128, 0, 8, 128, 1]"
605.583709,352596180,"[241, 223, 6, 192, 1, 0, 0, 5]"
605.584402,84159690,"[0, 0, 200, 239, 255, 127, 126, 39]"
605.585091,33827926,"[0, 0, 0, 98, 0, 16, 9, 0]"
605.585791,134551553,"[0, 0, 0, 0, 0, 0, 0, 192]"
605.586481,134551617,"[0, 0, 0, 64, 0, 0, 0, 0]"
605.587173,33827911,"[0, 0, 0, 226, 0, 16, 16, 0]"
605.587856,33929247,"[0, 0, 248, 6, 0, 24, 64, 0]"
605.588553,33827908,"[0, 0, 0, 98, 0, 16, 12, 0]"
605.589238,33827905,"[0, 0, 0, 98, 0, 16, 247, 255]"
605.589928,33827907,"[0, 0, 0, 226, 0, 16, 210, 255]"
605.590611,84159692,"[1, 0, 16, 208, 255, 191, 128, 38]"
605.591304,33929248,"[0, 0, 254, 6, 0, 24, 64, 0]"
605.592,84159691,"[1, 0, 200, 201, 255, 127, 78, 38]"
605.592697,352595220,"[4, 0, 0, 128, 0, 8, 128, 1]"
605.593382,84159690,"[0, 0, 200, 239, 255, 191, 126, 39]"
605.594076,33827926,"[0, 0, 0, 98, 0, 16, 248, 255]"
605.594759,33828310,"[0, 0, 0, 147, 0, 0, 0, 0]"
605.595776,352647188,"[178, 146, 115, 18, 111, 235, 0, 0]"
605.596141,33827911,"[0, 0, 0, 226, 0, 16, 25, 0]"
605.596838,33828295,"[0, 0, 192, 26, 255, 255, 0, 0]"
605.597514,33929247,"[0, 0, 249, 6, 0, 24, 64, 0]"
605.598213,84159693,"[1, 0, 160, 207, 255, 191, 123, 38]"
605.598903,33827905,"[0, 0, 0, 98, 0, 16, 255, 255]"
605.5996,33828294,"[0, 0, 32, 191, 255, 255, 0, 0]"
605.600279,33828293,"[0, 0, 128, 82, 0, 0, 0, 0]"
605.60099,33929248,"[0, 0, 254, 6, 0, 24, 64, 0]"
605.60168,84159692,"[255, 255, 15, 208, 255, 191, 128, 38]"
605.60238,84159691,"[1, 0, 200, 201, 255, 127, 78, 38]"
605.603062,352595220,"[4, 0, 0, 128, 0, 8, 128, 1]"
605.603759,352596180,"[241, 223, 6, 192, 1, 0, 0, 5]"
605.604471,84159690,"[0, 0, 200, 239, 255, 127, 126, 39]"
605.605163,33827926,"[0, 0, 0, 98, 0, 16, 249, 255]"
605.605854,134551553,"[0, 0, 0, 0, 0, 0, 0, 192]"
605.606554,134551617,"[0, 0, 0, 64, 0, 0, 0, 0]"
605.607235,33827911,"[0, 0, 0, 226, 0, 16, 4, 0]"
605.607934,33929311,"[0, 0, 0, 0, 0, 64, 0, 0]"
605.60862,33827910,"[0, 0, 0, 98, 0, 16, 2, 0]"
605.609316,33827905,"[0, 0, 0, 98, 0, 16, 11, 0]"
605.609993,33827930,"[0, 0, 0, 226, 0, 16, 14, 0]"
605.610693,33929248,"[0, 0, 255, 6, 0, 24, 64, 0]"
605.611389,33880069,"[101, 183, 86, 138, 71, 177, 0, 0]"
605.612087,84159691,"[1, 0, 200, 201, 255, 127, 78, 38]"
605.612766,352595220,"[4, 0, 0, 128, 0, 8, 128, 1]"
605.613467,84159690,"[0, 0, 200, 239, 255, 191, 126, 39]"
605.614157,33827926,"[0, 0, 0, 98, 0, 16, 248, 255]"
605.614864,33828310,"[0, 0, 0, 147, 0, 0, 0, 0]"
605.61588,33827911,"[0, 0, 0, 226, 0, 16, 252, 255]"
605.616261,33828295,"[0, 0, 192, 26, 255, 255, 0, 0]"
605.616947,33929247,"[0, 0, 249, 6, 0, 24, 64, 0]"
605.61764,84161604,"[0, 0, 0, 0, 0, 0, 0, 0]"
605.618322,84159693,"[1, 0, 152, 207, 255, 191, 123, 38]"
605.61902,33828290,"[4, 0, 32, 64, 255, 255, 0, 0]"
605.619706,33929246,"[0, 0, 249, 6, 0, 22, 64, 0]"
605.620462,84160644,"[182, 192, 0, 0, 0, 0, 0, 0]"
605.621093,33929248,"[0, 0, 254, 6, 0, 24, 64, 0]"
605.621793,84166468,"[0, 0, 0, 0, 0, 0, 0, 0]"
605.622476,84159691,"[1, 0, 200, 201, 255, 191, 78, 38]"
605.623176,352595220,"[4, 0, 0, 128, 0, 8, 128, 1]"
605.623858,352596180,"[241, 223, 6, 176, 1, 0, 0, 5]"
605.624556,33880066,"[76, 181, 53, 197, 120, 239, 0, 0]"
605.625248,33827926,"[0, 0, 0, 98, 0, 16, 249, 255]"
605.625945,134551553,"[0, 0, 0, 0, 0, 0, 0, 192]"
605.626628,134551617,"[0, 0, 0, 64, 0, 0, 0, 0]"
605.627328,33827911,"[0, 0, 0, 226, 0, 16, 255, 255]"
605.628017,84159693,"[4, 0, 160, 207, 255, 191, 123, 38]"
605.628714,33827910,"[0, 0, 0, 98, 0, 16, 8, 0]"
605.629462,33827905,"[0, 0, 0, 98, 0, 16, 8, 0]"
605.630104,33827930,"[0, 0, 0, 226, 0, 16, 8, 0]"
605.630787,33929248,"[0, 0, 254, 6, 0, 24, 64, 0]"
605.63152,33880090,"[153, 143, 190, 47, 178, 181, 0, 0]"
605.632212,84159691,"[51, 0, 208, 201, 255, 191, 78, 38]"
605.632902,352595220,"[4, 0, 0, 128, 0, 8, 128, 1]"
605.633587,84159690,"[210, 255, 207, 239, 255, 127, 126, 39]"
605.634287,33827926,"[0, 0, 0, 98, 0, 16, 255, 255]"
605.634969,33828310,"[0, 0, 0, 147, 0, 0, 0, 0]"
605.635844,33827911,"[0, 0, 0, 226, 0, 16, 2, 0]"
605.636354,33828295,"[0, 0, 192, 26, 255, 255, 0, 0]"
605.63705,33929247,"[0, 0, 248, 6, 0, 24, 64, 0]"
605.637741,84159693,"[4, 0, 160, 207, 255, 191, 123, 38]"
605.638459,33827908,"[0, 0, 0, 98, 0, 16, 17, 0]"
605.63913,33827905,"[0, 0, 0, 98, 0, 16, 244, 255]"
605.63982,33827907,"[0, 0, 0, 226, 0, 16, 215, 255]"
605.640503,33828291,"[0, 0, 192, 245, 255, 255, 0, 0]"
605.641203,84159692,"[1, 0, 8, 208, 255, 127, 128, 38]"
605.641893,84166477,"[0, 0, 0, 0, 24, 0, 0, 0]"
605.64259,84166476,"[0, 0, 0, 0, 24, 0, 0, 0]"
605.643283,352595220,"[4, 0, 0, 128, 0, 8, 128, 1]"
605.643979,352596436,"[239, 255, 95, 2, 0, 253, 255, 15]"
605.644662,352596500,"[116, 255, 88, 0, 212, 63, 0, 4]"
605.645362,33880068,"[70, 230, 189, 110, 242, 79, 0, 0]"
605.646044,84175818,"[0, 0, 0, 1, 1, 26, 19, 0]"
605.646741,134551617,"[0, 0, 0, 64, 0, 0, 0, 0]"
605.647453,33827911,"[0, 0, 0, 226, 0, 16, 6, 0]"
605.648124,33827912,"[0, 0, 0, 98, 0, 16, 241, 255]"
605.648828,33827906,"[0, 0, 0, 98, 0, 16, 231, 255]"
605.649532,33929246,"[0, 0, 250, 6, 0, 22, 64, 0]"
605.65021,84159684,"[2, 0, 176, 220, 255, 255, 229, 38]"
605.650915,33929248,"[0, 0, 254, 6, 0, 24, 64, 0]"
605.651607,84159691,"[1, 0, 200, 201, 255, 127, 78, 38]"
605.652305,352595220,"[4, 0, 0, 128, 0, 8, 128, 1]"
605.652987,84211723,"[125, 149, 84, 56, 199, 182, 0, 0]"
605.653688,84159690,"[3, 0, 200, 239, 255, 127, 126, 39]"
605.654451,33827926,"[0, 0, 0, 98, 0, 16, 5, 0]"
605.655082,33828310,"[0, 0, 0, 147, 0, 0, 0, 0]"
605.655818,33827911,"[0, 0, 0, 226, 0, 16, 2, 0]"
605.656458,33828295,"[0, 0, 192, 26, 255, 255, 0, 0]"
605.657145,33929247,"[0, 0, 248, 6, 0, 24, 64, 0]"
605.657845,84159693,"[1, 0, 160, 207, 255, 191, 123, 38]"
605.658538,33827910,"[0, 0, 0, 98, 0, 16, 251, 255]"
605.65924,33828290,"[4, 0, 32, 64, 255, 255, 0, 0]"
605.659925,33827907,"[0, 0, 0, 226, 0, 16, 195, 255]"
605.660589,33828293,"[0, 0, 128, 82, 0, 0, 0, 0]"
605.661278,84159692,"[1, 0, 8, 208, 255, 191, 128, 38]"
605.661977,84159691,"[1, 0, 200, 201, 255, 127, 78, 38]"
605.662662,84211725,"[229, 54, 237, 159, 75, 80, 0, 0]"
605.663358,352596180,"[241, 223, 6, 176, 1, 0, 0, 5]"
605.664043,84159690,"[3, 0, 200, 239, 255, 127, 126, 39]"
605.664742,33827926,"[0, 0, 0, 98, 0, 16, 246, 255]"
605.665445,134551553,"[0, 0, 0, 0, 0, 0, 0, 192]"
605.666126,134551617,"[0, 0, 0, 64, 0, 0, 0, 0]"
605.666812,33827911,"[0, 0, 0, 226, 0, 16, 14, 0]"
605.667509,134551681,"[0, 4, 32, 0, 0, 0, 0, 0]"
605.668194,84159693,"[1, 0, 160, 207, 255, 191, 123, 38]"
605.668892,33827910,"[0, 0, 0, 98, 0, 16, 10, 0]"
605.669574,33929246,"[0, 0, 250, 6, 0, 22, 64, 0]"
605.670282,84159684,"[248, 255, 175, 220, 255, 191, 229, 38]"
605.670964,33929248,"[0, 0, 253, 6, 0, 24, 64, 0]"
605.671661,84159691,"[1, 0, 200, 201, 255, 127, 78, 38]"
605.672341,352595220,"[4, 0, 0, 128, 0, 8, 128, 1]"
605.673236,84159690,"[3, 0, 200, 239, 255, 191, 126, 39]"
605.673725,33827926,"[0, 0, 0, 98, 0, 16, 247, 255]"
605.674444,33828310,"[0, 0, 0, 147, 0, 0, 0, 0]"
605.675801,33827911,"[0, 0, 0, 226, 0, 16, 23, 0]"
605.675973,33828295,"[0, 0, 192, 26, 255, 255, 0, 0]"
605.676484,33929247,"[0, 0, 248, 6, 0, 24, 64, 0]"
605.67719,84159693,"[1, 0, 160, 207, 255, 191, 123, 38]"
605.677881,33827912,"[0, 0, 0, 98, 0, 16, 249, 255]"
605.678578,33827910,"[0, 0, 0, 98, 0, 16, 239, 255]"
605.679256,33828294,"[12, 0, 32, 191, 255, 255, 0, 0]"
605.679953,33827909,"[0, 0, 0, 98, 0, 16, 253, 255]"
605.680643,33828293,"[0, 0, 128, 82, 0, 0, 0, 0]"
605.681343,84159692,"[1, 0, 16, 208, 255, 191, 128, 38]"
605.682025,84159691,"[1, 0, 200, 201, 255, 127, 78, 38]"
605.682722,352595220,"[4, 0, 0, 128, 0, 8, 128, 1]"
605.683434,352596180,"[241, 223, 6, 176, 1, 0, 0, 5]"
605.684105,84159690,"[3, 0, 200, 239, 255, 63, 126, 39]"
605.684795,33827926,"[0, 0, 0, 98, 0, 16, 1, 0]"
605.685493,134551553,"[0, 0, 0, 0, 0, 0, 0, 192]"
605.686185,134551617,"[0, 0, 0, 64, 0, 0, 0, 0]"
605.686875,33827911,"[0, 0, 0, 226, 0, 16, 25, 0]"
605.687558,134551681,"[0, 4, 32, 0, 0, 0, 0, 0]"
605.688258,33827912,"[0, 0, 0, 98, 0, 16, 254, 255]"
605.688941,33827905,"[0, 0, 0, 98, 0, 16, 254, 255]"
605.689645,33827907,"[0, 0, 0, 226, 0, 16, 213, 255]"
605.690331,84159684,"[5, 0, 192, 220, 255, 127, 229, 38]"
605.691049,33929248,"[0, 0, 254, 6, 0, 24, 64, 0]"
605.691732,84211724,"[222, 80, 209, 132, 105, 61, 0, 0]"
605.692436,33880071,"[102, 218, 167, 163, 55, 196, 0, 0]"
605.693128,352595220,"[4, 0, 0, 128, 0, 8, 128, 1]"
605.693823,84159690,"[241, 255, 199, 239, 255, 127, 126, 39]"
605.694513,33844182,"[0, 0, 0, 0, 1, 26, 19, 0]"
605.695213,33834838,"[0, 0, 0, 0, 0, 0, 128, 0]"
605.695896,33827926,"[0, 0, 0, 98, 0, 16, 10, 0]"
605.696588,33828310,"[0, 0, 0, 147, 0, 0, 0, 0]"
605.697276,33828438,"[0, 0, 0, 0, 0, 0, 0, 128]"
605.702297,33828566,"[0, 0, 4, 0, 0, 0, 0, 0]"
605.703052,33827910,"[0, 0, 0, 98, 0, 16, 6, 0]"
605.703752,352596180,"[241, 223, 6, 176, 1, 0, 0, 5]"
605.704437,84159690,"[6, 0, 208, 239, 255, 127, 126, 39]"
605.705324,33827926,"[0, 0, 0, 98, 0, 16, 5, 0]"
605.705959,134551553,"[0, 0, 0, 0, 0, 0, 0, 192]"
605.706652,134551617,"[0, 0, 0, 64, 0, 0, 0, 0]"
605.70734,33827911,"[0, 0, 0, 226, 0, 16, 14, 0]"
605.708032,33827912,"[0, 0, 0, 98, 0, 16, 241, 255]"
605.708717,33827906,"[0, 0, 0, 98, 0, 16, 7, 0]"
605.709424,134551809,"[142, 6, 144, 128, 0, 28, 0, 0]"
605.710098,33827930,"[0, 0, 0, 226, 0, 16, 17, 0]"
605.710804,84159692,"[4, 0, 16, 208, 255, 191, 128, 38]"
605.711483,33929248,"[0, 0, 254, 6, 0, 24, 64, 0]"
605.712183,84159691,"[1, 0, 200, 201, 255, 127, 78, 38]"
605.712859,352595220,"[4, 0, 0, 128, 0, 8, 128, 1]"
605.713564,84159690,"[24, 0, 200, 239, 255, 191, 126, 39]"
605.714249,33827926,"[0, 0, 0, 98, 0, 16, 0, 0]"
605.714946,33828310,"[0, 0, 0, 147, 0, 0, 0, 0]"
605.715842,33844167,"[0, 0, 0, 0, 1, 26, 19, 0]"
605.716323,33834823,"[0, 0, 0, 0, 0, 3, 128, 0]"
605.717005,33929247,"[0, 0, 248, 6, 0, 24, 64, 0]"
605.717702,33844168,"[0, 0, 0, 0, 1, 26, 19, 0]"
605.718421,33834824,"[128, 0, 0, 0, 128, 11, 192, 0]"
605.719091,33834818,"[128, 0, 0, 0, 128, 11, 192, 0]"
605.719774,33827906,"[0, 0, 0, 98, 0, 16, 254, 255]"
605.720486,33828226,"[0, 0, 192, 116, 0, 0, 0, 0]"
605.721063,33828354,"[0, 0, 0, 0, 0, 0, 0, 128]"
605.721695,33828482,"[8, 0, 0, 0, 0, 0, 0, 0]"
605.722421,33828552,"[0, 0, 4, 0, 0, 0, 0, 0]"
605.723063,33834817,"[0, 0, 0, 0, 0, 3, 128, 0]"
605.723753,33827908,"[0, 0, 0, 98, 0, 16, 30, 0]"
605.724458,33834822,"[128, 0, 0, 0, 128, 11, 192, 0]"
605.725143,33827926,"[0, 0, 0, 98, 0, 16, 245, 255]"
605.725833,33827909,"[0, 0, 0, 98, 0, 16, 247, 255]"
605.726516,33828934,"[0, 243, 199, 46, 0, 0, 0, 0]"
605.727215,33828355,"[0, 0, 0, 0, 0, 0, 0, 128]"
605.727905,33828230,"[0, 0, 192, 61, 0, 0, 0, 0]"
605.728602,33828419,"[0, 0, 0, 0, 0, 0, 0, 128]"
605.729244,33828422,"[0, 0, 0, 0, 0, 0, 0, 128]"
605.729941,33828486,"[8, 0, 0, 0, 0, 0, 0, 0]"
605.730624,33827907,"[0, 0, 0, 226, 0, 16, 210, 255]"
605.731325,33827910,"[0, 0, 0, 98, 0, 16, 5, 0]"
605.732007,33828954,"[104, 198, 41, 41, 0, 0, 0, 0]"
605.732704,33827930,"[0, 0, 0, 226, 0, 16, 5, 0]"
605.733415,84159684,"[254, 255, 175, 220, 255, 191, 229, 38]"
605.734086,84159691,"[13, 0, 208, 201, 255, 191, 78, 38]"
605.734776,33828250,"[0, 0, 192, 162, 0, 0, 0, 0]"
605.735473,84159690,"[52, 0, 200, 239, 255, 191, 126, 39]"
605.736158,134551809,"[142, 6, 144, 128, 0, 28, 0, 0]"
605.736848,33828506,"[12, 0, 0, 0, 0, 0, 0, 0]"
605.737509,33828295,"[0, 0, 192, 26, 255, 255, 0, 0]"
605.738209,84159693,"[1, 0, 160, 207, 255, 191, 123, 38]"
605.738849,33828292,"[52, 0, 64, 39, 255, 255, 0, 0]"
605.739546,33929246,"[0, 0, 250, 6, 0, 22, 64, 0]"
605.740231,84159684,"[6, 0, 184, 220, 255, 255, 229, 38]"
605.740921,33929248,"[0, 0, 254, 6, 0, 24, 64, 0]"
605.741605,84159692,"[1, 0, 8, 208, 255, 191, 128, 38]"
605.742301,84159691,"[1, 0, 200, 201, 255, 191, 78, 38]"
605.742986,352611284,"[0, 0, 0, 0, 1, 26, 19, 0]"
605.743678,352596244,"[36, 255, 217, 0, 33, 127, 0, 0]"
605.744406,352596692,"[0, 0, 0, 0, 1, 0, 0, 0]"
605.74508,33827926,"[0, 0, 0, 98, 0, 16, 5, 0]"
605.745766,352596884,"[200, 255, 95, 0, 108, 2, 0, 0]"
605.746472,134551553,"[0, 0, 0, 0, 0, 0, 0, 192]"
605.747174,33827911,"[0, 0, 0, 226, 0, 16, 255, 255]"
605.747874,33929311,"[0, 0, 0, 0, 0, 64, 0, 0]"
605.748553,134551745,"[0, 0, 0, 3, 0, 0, 2, 0]"
605.749247,33827905,"[0, 0, 0, 98, 0, 16, 9, 0]"
605.749933,33827930,"[0, 0, 0, 226, 0, 16, 249, 255]"
605.750597,33929248,"[0, 0, 254, 6, 0, 24, 64, 0]"
605.751279,84159691,"[1, 0, 200, 201, 255, 191, 78, 38]"
605.751986,352595220,"[4, 0, 0, 128, 0, 8, 128, 1]"
605.753256,84159690,"[210, 255, 199, 239, 255, 63, 126, 39]"
605.753506,33827926,"[0, 0, 0, 98, 0, 16, 8, 0]"
605.754057,33828310,"[0, 0, 0, 147, 0, 0, 0, 0]"
605.755861,33827911,"[0, 0, 0, 226, 0, 16, 20, 0]"
605.756031,33828295,"[0, 0, 192, 26, 255, 255, 0, 0]"
605.75624,33929247,"[0, 0, 248, 6, 0, 24, 64, 0]"
605.756811,84159693,"[0, 0, 160, 207, 255, 191, 123, 38]"
605.757516,33827912,"[0, 0, 0, 98, 0, 16, 240, 255]"
605.758194,33827908,"[0, 0, 0, 98, 0, 16, 17, 0]"
605.758891,33828292,"[4, 0, 32, 39, 255, 255, 0, 0]"
605.759574,33929246,"[0, 0, 250, 6, 0, 22, 64, 0]"
605.760274,84159684,"[247, 255, 167, 220, 255, 127, 229, 38]"
605.760964,33929248,"[0, 0, 254, 6, 0, 24, 64, 0]"
605.761654,33880070,"[141, 37, 111, 157, 110, 93, 0, 0]"
605.762401,84159691,"[1, 0, 200, 201, 255, 127, 78, 38]"
605.763043,352595220,"[4, 0, 0, 128, 0, 8, 128, 1]"
605.763726,352596180,"[241, 223, 6, 176, 1, 0, 0, 5]"
605.764423,84159690,"[18, 0, 200, 239, 255, 191, 126, 39]"
605.765108,33827926,"[0, 0, 0, 98, 0, 16, 14, 0]"
605.765799,134551553,"[0, 0, 0, 0, 0, 0, 0, 192]"
605.766496,134551617,"[0, 0, 0, 64, 0, 0, 0, 0]"
605.767203,33827911,"[0, 0, 0, 226, 0, 16, 21, 0]"
605.767885,33929311,"[0, 0, 0, 0, 0, 64, 0, 0]"
605.768583,134551745,"[0, 0, 0, 3, 0, 0, 2, 0]"
605.769268,33827905,"[0, 0, 0, 98, 0, 16, 8, 0]"
605.769965,33827930,"[0, 0, 0, 226, 0, 16, 21, 0]"
605.770662,84159692,"[1, 0, 16, 208, 255, 191, 128, 38]"
605.771395,33929248,"[0, 0, 254, 6, 0, 24, 64, 0]"
605.772044,84159691,"[1, 0, 200, 201, 255, 127, 78, 38]"
605.772741,352595220,"[5, 0, 0, 128, 0, 8, 128, 1]"
605.773418,84159690,"[2, 0, 200, 239, 255, 191, 126, 39]"
605.774119,33827926,"[0, 0, 0, 98, 0, 16, 9, 0]"
605.774802,33828310,"[0, 0, 0, 147, 0, 0, 0, 0]"
605.775839,33827911,"[0, 0, 0, 226, 0, 16, 20, 0]"
605.776161,33828295,"[0, 0, 192, 26, 255, 255, 0, 0]"
605.77686,33929247,"[0, 0, 248, 6, 0, 24, 64, 0]"
605.777542,33827912,"[0, 0, 0, 98, 0, 16, 246, 255]"
605.778256,84159693,"[0, 0, 160, 207, 255, 191, 123, 38]"
605.778939,33828294,"[8, 0, 32, 191, 255, 255, 0, 0]"
605.779636,33828289,"[232, 0, 0, 189, 255, 255, 6, 0]"
605.780391,84159684,"[255, 255, 175, 220, 255, 255, 228, 38]"
605.781047,33929312,"[0, 0, 0, 0, 0, 64, 0, 0]"
605.78173,84159692,"[4, 0, 16, 208, 255, 191, 128, 38]"
605.782434,84159691,"[1, 0, 200, 201, 255, 191, 78, 38]"
605.78312,352595220,"[5, 0, 0, 128, 0, 8, 128, 1]"
605.783817,352596180,"[241, 223, 6, 176, 1, 0, 0, 5]"
605.784514,84159690,"[5, 0, 200, 239, 255, 63, 126, 39]"
605.785214,33827926,"[0, 0, 0, 98, 0, 16, 252, 255]"
605.785911,134551553,"[0, 0, 0, 0, 0, 0, 0, 192]"
605.786603,134551617,"[0, 0, 0, 64, 0, 0, 0, 0]"
605.787306,33827911,"[0, 0, 0, 226, 0, 16, 10, 0]"
605.788012,84159693,"[3, 0, 152, 207, 255, 191, 123, 38]"
605.78869,33827906,"[0, 0, 0, 98, 0, 16, 8, 0]"
605.789383,134551809,"[142, 6, 144, 128, 0, 28, 0, 0]"
605.79007,33929310,"[0, 0, 0, 0, 0, 64, 0, 0]"
605.790721,33929248,"[0, 0, 254, 6, 0, 24, 64, 0]"
605.791385,33880072,"[23, 113, 36, 49, 217, 219, 0, 0]"
605.791939,84159691,"[0, 0, 200, 201, 255, 127, 78, 38]"
605.792561,352595220,"[5, 0, 0, 128, 0, 8, 128, 1]"
605.793206,84159690,"[2, 0, 200, 239, 255, 63, 126, 39]"
605.793813,33827926,"[0, 0, 0, 98, 0, 16, 5, 0]"
605.794414,33828310,"[0, 0, 0, 147, 0, 0, 0, 0]"
605.795796,33827911,"[0, 0, 0, 226, 0, 16, 5, 0]"
605.795966,33828295,"[0, 0, 192, 26, 255, 255, 0, 0]"
605.796249,33929247,"[0, 0, 248, 6, 0, 24, 64, 0]"
605.796813,33827912,"[0, 0, 0, 98, 0, 16, 245, 255]"
605.797379,84159693,"[3, 0, 152, 207, 255, 191, 123, 38]"
605.797975,33827908,"[0, 0, 0, 98, 0, 16, 18, 0]"
605.798554,33827905,"[0, 0, 0, 98, 0, 16, 14, 0]"
605.799193,33828296,"[12, 0, 96, 62, 255, 255, 0, 0]"
605.799801,33827907,"[0, 0, 0, 226, 0, 16, 222, 255]"
605.800394,84159692,"[4, 0, 16, 208, 255, 127, 128, 38]"
605.80104,33929312,"[0, 0, 0, 0, 0, 64, 0, 0]"
605.801676,33880086,"[36, 182, 56, 63, 247, 96, 0, 0]"
605.80229,84159691,"[0, 0, 200, 201, 255, 127, 78, 38]"
605.802922,352595220,"[5, 0, 0, 128, 0, 8, 128, 1]"
605.803562,352596180,"[241, 223, 6, 176, 1, 4, 0, 5]"
605.804168,84159690,"[2, 0, 200, 239, 255, 191, 126, 39]"
605.804786,33827926,"[0, 0, 0, 98, 0, 16, 4, 0]"
605.805397,134551553,"[0, 0, 0, 0, 0, 0, 0, 192]"
605.806003,134551617,"[0, 0, 0, 64, 0, 0, 0, 0]"
605.806592,33827911,"[0, 0, 0, 226, 0, 16, 253, 255]"
605.807176,134551681,"[0, 8, 32, 0, 0, 0, 0, 0]"
605.80778,84159693,"[3, 0, 160, 207, 255, 191, 123, 38]"
605.808391,33827910,"[0, 0, 0, 98, 0, 16, 10, 0]"
605.809004,33827905,"[0, 0, 0, 98, 0, 16, 4, 0]"
605.809608,33827909,"[0, 0, 0, 98, 0, 16, 14, 0]"
605.810229,84159684,"[10, 0, 192, 220, 255, 191, 229, 38]"
605.810832,33929248,"[0, 0, 253, 6, 0, 24, 64, 0]"
605.811408,84159691,"[0, 0, 200, 201, 255, 127, 78, 38]"
605.812005,352595220,"[5, 0, 0, 128, 0, 8, 128, 1]"
605.81332,84159690,"[2, 0, 200, 239, 255, 127, 126, 39]"
605.813515,33827926,"[0, 0, 0, 98, 0, 16, 255, 255]"
605.814002,33828310,"[0, 0, 0, 147, 0, 0, 0, 0]"
605.815762,33827911,"[0, 0, 0, 226, 0, 16, 10, 0]"
605.815934,33828295,"[0, 0, 192, 26, 255, 255, 0, 0]"
605.816229,33929247,"[0, 0, 248, 6, 0, 24, 64, 0]"
605.816702,33827912,"[0, 0, 0, 98, 0, 16, 7, 0]"
605.817392,84159693,"[3, 0, 160, 207, 255, 191, 123, 38]"
605.818006,33828296,"[12, 0, 128, 62, 255, 255, 0, 0]"
605.818696,33827905,"[0, 0, 0, 98, 0, 16, 2, 0]"
605.8194,33828294,"[8, 0, 32, 191, 255, 255, 0, 0]"
605.820035,84159684,"[8, 0, 176, 220, 255, 191, 229, 38]"
605.820725,33929248,"[0, 0, 254, 6, 0, 24, 64, 0]"
605.821415,84159692,"[0, 0, 8, 208, 255, 191, 128, 38]"
605.822049,84211724,"[161, 88, 239, 86, 83, 222, 0, 0]"
605.822732,84159691,"[0, 0, 200, 201, 255, 127, 78, 38]"
605.823429,352596180,"[241, 223, 6, 176, 1, 4, 0, 5]"
605.824043,33880066,"[176, 147, 48, 165, 215, 211, 0, 0]"
605.824733,84159690,"[2, 0, 200, 239, 255, 191, 126, 39]"
605.825415,33827926,"[0, 0, 0, 98, 0, 16, 255, 255]"
605.826036,134551553,"[0, 0, 0, 0, 0, 0, 0, 192]"
605.826719,134551617,"[0, 0, 0, 64, 0, 0, 0, 0]"
605.827409,33827911,"[0, 0, 0, 226, 0, 16, 3, 0]"
605.828022,84159693,"[3, 0, 160, 207, 255, 191, 123, 38]"
605.828712,33827905,"[0, 0, 0, 98, 0, 16, 11, 0]"
605.829402,134551809,"[142, 6, 144, 128, 0, 28, 0, 0]"
605.830022,33827930,"[0, 0, 0, 226, 0, 16, 40, 0]"
605.830712,33929248,"[0, 0, 254, 6, 0, 24, 64, 0]"
605.831401,84159691,"[0, 0, 200, 201, 255, 127, 78, 38]"
605.832023,352595220,"[6, 0, 0, 128, 0, 8, 128, 1]"
605.833166,84159690,"[2, 0, 200, 239, 255, 127, 126, 39]"
605.833396,33880067,"[124, 202, 98, 154, 213, 199, 0, 0]"
605.834007,33827926,"[0, 0, 0, 98, 0, 16, 255, 255]"
605.834692,33828310,"[0, 0, 0, 147, 0, 0, 0, 0]"
605.835772,33827911,"[0, 0, 0, 226, 0, 16, 18, 0]"
605.835998,33828295,"[0, 0, 192, 26, 255, 255, 0, 0]"
605.836681,33929247,"[0, 0, 248, 6, 0, 24, 64, 0]"
605.837374,33827912,"[0, 0, 0, 98, 0, 16, 237, 255]"
605.838012,84159693,"[3, 0, 160, 207, 255, 191, 123, 38]"
605.838627,33827906,"[0, 0, 0, 98, 0, 16, 254, 255]"
605.839355,33828296,"[12, 0, 128, 62, 255, 255, 0, 0]"
605.839951,33827930,"[0, 0, 0, 226, 0, 16, 27, 0]"
605.840651,33929248,"[0, 0, 254, 6, 0, 24, 64, 0]"
605.841358,84159692,"[0, 0, 8, 208, 255, 191, 128, 38]"
605.841975,84159691,"[0, 0, 200, 201, 255, 127, 78, 38]"
605.84266,352595220,"[5, 0, 0, 128, 0, 8, 128, 1]"
605.84336,352596244,"[37, 255, 217, 0, 33, 127, 0, 0]"
605.843977,352596500,"[4, 255, 72, 255, 168, 64, 0, 4]"
605.844663,84159690,"[2, 0, 200, 239, 255, 191, 126, 39]"
605.845356,33827926,"[0, 0, 0, 98, 0, 16, 253, 255]"
605.845966,134551553,"[0, 0, 0, 0, 0, 0, 0, 192]"
605.846651,134551617,"[0, 0, 0, 64, 0, 0, 0, 0]"
605.847356,33827911,"[0, 0, 0, 226, 0, 16, 254, 255]"
605.847969,84159693,"[3, 0, 160, 207, 255, 191, 123, 38]"
605.848652,33827906,"[0, 0, 0, 98, 0, 16, 224, 255]"
605.849356,33827905,"[0, 0, 0, 98, 0, 16, 17, 0]"
605.849969,33929310,"[0, 0, 0, 0, 0, 64, 0, 0]"
605.85066,33929248,"[0, 0, 254, 6, 0, 24, 64, 0]"
605.851366,84159691,"[0, 0, 200, 201, 255, 127, 78, 38]"
605.851984,352595220,"[5, 0, 0, 128, 0, 8, 128, 1]"
605.852667,84211716,"[135, 66, 118, 223, 208, 2, 0, 0]"
605.85336,84159690,"[2, 0, 200, 239, 255, 63, 126, 39]"
605.853988,33827926,"[0, 0, 0, 98, 0, 16, 0, 0]"
605.854679,33828310,"[0, 0, 0, 147, 0, 0, 0, 0]"
605.855816,33827911,"[0, 0, 0, 226, 0, 16, 6, 0]"
605.855994,33828295,"[0, 0, 192, 26, 255, 255, 0, 0]"
605.856682,33929247,"[0, 0, 248, 6, 0, 24, 64, 0]"
605.857372,84159693,"[3, 0, 160, 207, 255, 191, 123, 38]"
605.857992,33827912,"[0, 0, 0, 98, 0, 16, 237, 255]"
605.858675,33827906,"[0, 0, 0, 98, 0, 16, 231, 255]"
605.859372,33828294,"[8, 0, 32, 191, 255, 255, 0, 0]"
605.859993,33827930,"[0, 0, 0, 226, 0, 16, 38, 0]"
605.860676,33828314,"[0, 0, 192, 162, 0, 0, 0, 0]"
605.861366,84159692,"[0, 0, 8, 208, 255, 191, 128, 38]"
605.862,84159691,"[0, 0, 200, 201, 255, 127, 78, 38]"
605.862683,352595220,"[6, 0, 0, 128, 0, 8, 128, 1]"
605.863373,352596180,"[241, 223, 6, 176, 1, 4, 0, 5]"
605.863994,84159690,"[5, 0, 192, 239, 255, 191, 126, 39]"
605.864684,33827926,"[0, 0, 0, 98, 0, 16, 1, 0]"
605.865369,134551553,"[0, 0, 0, 0, 0, 0, 0, 192]"
605.865982,134551617,"[0, 0, 0, 64, 0, 0, 0, 0]"
605.866672,33827911,"[0, 0, 0, 226, 0, 16, 14, 0]"
605.867362,134551681,"[0, 8, 32, 0, 0, 0, 0, 0]"
605.867975,33827912,"[0, 0, 0, 98, 0, 16, 242, 255]"
605.868665,33827906,"[0, 0, 0, 98, 0, 16, 225, 255]"
605.869355,134551809,"[142, 6, 144, 128, 0, 28, 0, 0]"
605.869975,33827930,"[0, 0, 0, 226, 0, 16, 8, 0]"
605.870651,84159684,"[5, 0, 184, 220, 255, 127, 229, 38]"
605.871367,84159691,"[0, 0, 200, 201, 255, 127, 78, 38]"
605.871988,33880069,"[161, 94, 19, 19, 126, 197, 0, 0]"
605.872678,352595220,"[6, 0, 0, 128, 0, 8, 128, 1]"
605.873371,84159690,"[21, 0, 208, 239, 255, 127, 126, 39]"
605.873986,33827926,"[0, 0, 0, 98, 0, 16, 3, 0]"
605.874676,33828310,"[0, 0, 0, 147, 0, 0, 0, 0]"
605.875785,33827911,"[0, 0, 0, 226, 0, 16, 6, 0]"
605.876007,33828295,"[0, 0, 192, 26, 255, 255, 0, 0]"
605.876687,33929247,"[0, 0, 248, 6, 0, 24, 64, 0]"
605.877379,84159693,"[3, 0, 160, 207, 255, 191, 123, 38]"
605.877996,33827912,"[0, 0, 0, 98, 0, 16, 244, 255]"
605.878696,33828294,"[84, 0, 64, 191, 255, 255, 0, 0]"
605.879389,84211725,"[174, 192, 45, 233, 75, 88, 0, 0]"
605.880084,33827930,"[0, 0, 0, 226, 0, 16, 20, 0]"
605.880762,33828314,"[0, 0, 192, 162, 0, 0, 0, 0]"
605.881448,84159692,"[0, 0, 8, 208, 255, 191, 128, 38]"
605.882065,84159691,"[0, 0, 200, 201, 255, 127, 78, 38]"
605.882758,352595220,"[7, 0, 0, 128, 0, 8, 128, 1]"
605.883521,352596180,"[241, 223, 6, 176, 1, 4, 0, 5]"
605.884216,84159690,"[2, 0, 200, 239, 255, 127, 126, 39]"
605.884908,33827926,"[0, 0, 0, 98, 0, 16, 253, 255]"
605.88559,134551553,"[0, 0, 0, 0, 0, 0, 0, 192]"
605.886207,134551617,"[0, 0, 0, 64, 0, 0, 0, 0]"
605.886893,33827911,"[0, 0, 0, 226, 0, 16, 8, 0]"
605.887571,134551681,"[0, 8, 32, 0, 0, 0, 0, 0]"
605.888335,33827908,"[0, 0, 0, 98, 0, 16, 24, 0]"
605.888959,33827905,"[0, 0, 0, 98, 0, 16, 13, 0]"
605.889652,33827909,"[0, 0, 0, 98, 0, 16, 235, 255]"
605.890337,84175821,"[0, 0, 0, 1, 1, 26, 19, 0]"
605.891032,84161612,"[0, 0, 0, 0, 0, 0, 0, 0]"
605.891718,84175820,"[0, 0, 0, 1, 1, 26, 19, 0]"
605.892422,84159691,"[0, 0, 200, 201, 255, 127, 78, 38]"
605.893107,352595220,"[6, 0, 0, 128, 0, 8, 128, 1]"
605.893805,84166475,"[0, 0, 0, 0, 24, 0, 0, 0]"
605.894415,84159690,"[243, 255, 199, 239, 255, 63, 126, 39]"
605.895108,33828310,"[0, 0, 0, 147, 0, 0, 0, 0]"
605.895783,84166474,"[0, 0, 0, 0, 24, 0, 0, 0]"
605.896481,33827911,"[0, 0, 0, 226, 0, 16, 30, 0]"
605.897166,33828295,"[0, 0, 192, 26, 255, 255, 0, 0]"
605.89787,33827912,"[0, 0, 0, 98, 0, 16, 250, 255]"
605.89856,33827906,"[0, 0, 0, 98, 0, 16, 7, 0]"
605.899252,33828294,"[204, 255, 31, 191, 255, 255, 0, 0]"
605.899935,33827909,"[0, 0, 0, 98, 0, 16, 233, 255]"
605.900654,33828291,"[0, 0, 192, 245, 255, 255, 0, 0]"
605.901344,33929312,"[0, 0, 0, 0, 0, 64, 0, 0]"
605.902036,84159691,"[0, 0, 200, 201, 255, 127, 78, 38]"
605.902719,352595220,"[6, 0, 0, 128, 0, 8, 128, 1]"
605.903416,352596180,"[241, 223, 6, 176, 1, 4, 0, 5]"
605.904101,84159690,"[2, 0, 192, 239, 255, 127, 126, 39]"
605.904799,33827926,"[0, 0, 0, 98, 0, 16, 250, 255]"
605.905429,134551553,"[0, 0, 0, 0, 0, 0, 0, 192]"
605.906122,134551617,"[0, 0, 0, 64, 0, 0, 0, 0]"
605.906876,33827911,"[0, 0, 0, 226, 0, 16, 15, 0]"
605.907573,134551681,"[0, 8, 32, 0, 0, 0, 0, 0]"
605.908328,33827908,"[0, 0, 0, 98, 0, 16, 23, 0]"
605.908962,134551809,"[142, 6, 144, 128, 0, 28, 0, 0]"
605.909573,33827907,"[0, 0, 0, 226, 0, 16, 231, 255]"
605.910328,84159692,"[3, 0, 16, 208, 255, 127, 128, 38]"
605.910941,33929248,"[0, 0, 254, 6, 0, 24, 64, 0]"
605.911638,84159691,"[0, 0, 200, 201, 255, 127, 78, 38]"
605.912329,352595220,"[6, 0, 0, 128, 0, 8, 128, 1]"
605.913013,352647188,"[58, 68, 86, 232, 238, 187, 0, 0]"
605.913698,84159690,"[2, 0, 192, 239, 255, 63, 126, 39]"
605.914396,33827926,"[0, 0, 0, 98, 0, 16, 255, 255]"
605.915081,33828310,"[0, 0, 0, 147, 0, 0, 0, 0]"
605.915778,33827911,"[0, 0, 0, 226, 0, 16, 6, 0]"
605.916463,33828295,"[0, 0, 192, 26, 255, 255, 0, 0]"
605.917162,33929247,"[0, 0, 248, 6, 0, 24, 64, 0]"
605.917766,84159693,"[3, 0, 160, 207, 255, 191, 123, 38]"
605.918463,33827910,"[0, 0, 0, 98, 0, 16, 25, 0]"
605.919141,33828289,"[0, 0, 0, 189, 255, 255, 0, 0]"
605.919838,33827907,"[0, 0, 0, 226, 0, 16, 229, 255]"
605.920528,33828293,"[0, 0, 128, 82, 0, 0, 0, 0]"
605.921213,84159692,"[6, 0, 16, 208, 255, 127, 128, 38]"
605.921907,84159691,"[0, 0, 200, 201, 255, 127, 78, 38]"
605.9226,352595220,"[6, 0, 0, 128, 0, 8, 128, 1]"
605.923321,352596180,"[241, 223, 6, 176, 1, 4, 0, 5]"
605.92398,84159690,"[2, 0, 192, 239, 255, 191, 126, 39]"
605.924666,33827926,"[0, 0, 0, 98, 0, 16, 254, 255]"
605.92536,134551553,"[0, 0, 0, 0, 0, 0, 0, 192]"
605.92597,134551617,"[0, 0, 0, 64, 0, 0, 0, 0]"
605.926663,33827911,"[0, 0, 0, 226, 0, 16, 3, 0]"
605.927341,134551681,"[0, 8, 32, 0, 0, 0, 0, 0]"
605.928036,84159693,"[3, 0, 160, 207, 255, 191, 123, 38]"
605.928722,33827905,"[0, 0, 0, 98, 0, 16, 7, 0]"
605.929414,134551809,"[141, 6, 144, 128, 0, 28, 0, 0]"
605.930102,33929310,"[0, 0, 0, 0, 0, 64, 0, 0]"
605.930816,33929248,"[0, 0, 253, 6, 0, 24, 64, 0]"
605.931501,84159691,"[0, 0, 200, 201, 255, 127, 78, 38]"
605.932198,352595220,"[5, 0, 0, 128, 0, 8, 128, 1]"
605.933236,84159690,"[8, 0, 200, 239, 255, 63, 126, 39]"
605.933573,33827926,"[0, 0, 0, 98, 0, 16, 255, 255]"
605.934193,33828310,"[0, 0, 0, 147, 0, 0, 0, 0]"
605.935708,33827911,"[0, 0, 0, 226, 0, 16, 14, 0]"
605.935879,33828295,"[0, 0, 192, 26, 255, 255, 0, 0]"
605.936316,33929247,"[0, 0, 248, 6, 0, 24, 64, 0]"
605.936947,84159693,"[0, 0, 152, 207, 255, 191, 123, 38]"
605.937651,33827912,"[0, 0, 0, 98, 0, 16, 250, 255]"
605.938334,33827908,"[0, 0, 0, 98, 0, 16, 18, 0]"
605.939026,33828294,"[32, 0, 32, 191, 255, 255, 0, 0]"
605.939709,33828289,"[0, 0, 0, 189, 255, 255, 0, 0]"
605.940407,33828291,"[0, 0, 192, 245, 255, 255, 0, 0]"
605.941092,84159692,"[3, 0, 8, 208, 255, 191, 128, 38]"
605.941782,84159691,"[0, 0, 200, 201, 255, 127, 78, 38]"
605.942393,352595220,"[6, 0, 0, 128, 0, 8, 128, 1]"
605.943085,352596180,"[241, 223, 6, 176, 1, 4, 0, 5]"
605.94376,352596500,"[176, 255, 176, 255, 0, 63, 0, 4]"
605.944458,84159690,"[0, 0, 192, 239, 255, 127, 126, 39]"
605.945143,33834838,"[0, 0, 0, 0, 0, 0, 128, 0]"
605.945833,33828182,"[254, 127, 0, 192, 89, 20, 24, 0]"
605.946415,134551553,"[0, 0, 0, 0, 0, 0, 0, 192]"
605.947007,33827911,"[0, 0, 0, 226, 0, 16, 18, 0]"
605.94751,33929311,"[0, 0, 0, 0, 0, 64, 0, 0]"
605.948044,134551745,"[0, 0, 0, 3, 0, 0, 1, 0]"
605.948734,134551809,"[141, 6, 144, 128, 0, 28, 0, 0]"
605.949431,33929246,"[0, 0, 250, 6, 0, 22, 64, 0]"
605.950116,84159684,"[252, 255, 175, 220, 255, 127, 229, 38]"
605.950806,33929248,"[0, 0, 253, 6, 0, 24, 64, 0]"
605.95149,84159691,"[0, 0, 200, 201, 255, 127, 78, 38]"
605.952184,352595220,"[7, 0, 0, 128, 0, 8, 128, 1]"
605.952869,33880065,"[53, 136, 11, 111, 5, 106, 0, 0]"
605.953566,84159690,"[2, 0, 192, 239, 255, 63, 126, 39]"
605.954306,33827926,"[0, 0, 0, 98, 0, 16, 251, 255]"
605.954948,33828310,"[0, 0, 0, 147, 0, 0, 0, 0]"
605.955717,33827911,"[0, 0, 0, 226, 0, 16, 247, 255]"
605.956345,33828295,"[0, 0, 192, 26, 255, 255, 0, 0]"
605.95703,33929247,"[0, 0, 248, 6, 0, 24, 64, 0]"
605.957735,84159693,"[3, 0, 160, 207, 255, 191, 123, 38]"
605.958417,33827910,"[0, 0, 0, 98, 0, 16, 2, 0]"
605.95911,33828294,"[8, 0, 0, 191, 255, 255, 0, 0]"
605.959792,33929246,"[0, 0, 250, 6, 0, 22, 64, 0]"
605.960454,33828293,"[0, 0, 128, 82, 0, 0, 0, 0]"
605.961139,84159692,"[3, 0, 8, 208, 255, 191, 128, 38]"
605.961829,84159691,"[0, 0, 200, 201, 255, 127, 78, 38]"
605.963029,352595220,"[7, 0, 0, 128, 0, 8, 128, 1]"
605.963647,352596180,"[241, 223, 6, 176, 1, 4, 0, 5]"
605.964301,84159690,"[215, 255, 199, 239, 255, 127, 126, 39]"
605.967524,33827926,"[0, 0, 0, 98, 0, 16, 6, 0]"
605.968301,134551553,"[0, 0, 0, 0, 0, 0, 0, 192]"
605.968869,33844161,"[0, 0, 0, 0, 1, 26, 19, 0]"
605.969568,33834817,"[0, 0, 0, 0, 0, 3, 128, 0]"
605.970185,33828356,"[0, 0, 0, 0, 0, 0, 0, 128]"
605.970991,33827905,"[0, 0, 0, 98, 0, 16, 252, 255]"
605.971797,33828161,"[250, 127, 0, 64, 91, 18, 24, 20]"
605.972454,33828226,"[0, 0, 192, 116, 0, 0, 0, 0]"
605.973142,33828481,"[8, 0, 0, 0, 0, 0, 0, 0]"
605.973841,33828227,"[0, 0, 192, 245, 255, 255, 0, 0]"
605.974478,33828355,"[0, 0, 0, 0, 0, 0, 0, 128]"
605.975172,33828310,"[0, 0, 0, 147, 0, 0, 0, 0]"
605.975808,33828165,"[250, 127, 0, 0, 91, 19, 24, 20]"
605.976487,33828229,"[0, 0, 128, 82, 0, 0, 0, 0]"
605.977175,33828358,"[0, 0, 0, 0, 0, 0, 0, 128]"
605.977853,33828422,"[0, 0, 0, 0, 0, 0, 0, 128]"
605.978567,33828485,"[8, 0, 0, 0, 0, 0, 0, 0]"
605.979295,33828292,"[0, 0, 32, 39, 255, 255, 0, 0]"
605.979884,33828488,"[8, 0, 0, 0, 0, 0, 0, 0]"
605.980569,33827910,"[0, 0, 0, 98, 0, 16, 2, 0]"
605.98129,33827912,"[0, 0, 0, 98, 0, 16, 250, 255]"
605.981954,33828954,"[104, 198, 41, 41, 0, 0, 0, 0]"
605.982644,33929310,"[0, 0, 0, 0, 0, 64, 0, 0]"
605.983334,84159690,"[4, 0, 208, 239, 255, 191, 126, 39]"
605.983962,84159684,"[1, 0, 176, 220, 255, 191, 229, 38]"
605.984666,84159690,"[1, 0, 200, 239, 255, 127, 126, 39]"
605.985413,84211723,"[252, 178, 160, 184, 22, 160, 0, 0]"
605.986113,33827930,"[0, 0, 0, 226, 0, 16, 39, 0]"
605.98681,33828314,"[0, 0, 192, 162, 0, 0, 0, 0]"
605.987522,134551681,"[0, 8, 32, 0, 0, 0, 0, 0]"
605.988114,33827908,"[0, 0, 0, 98, 0, 16, 30, 0]"
605.988847,33880070,"[254, 88, 45, 154, 225, 207, 0, 0]"
605.989508,134551809,"[141, 6, 144, 128, 0, 28, 0, 0]"
605.990207,84159684,"[254, 255, 175, 220, 255, 127, 229, 38]"
605.99089,33929248,"[0, 0, 253, 6, 0, 24, 64, 0]"
605.991681,84159691,"[0, 0, 200, 201, 255, 127, 78, 38]"
605.992371,352611284,"[0, 0, 0, 0, 1, 26, 19, 0]"
605.993063,352601940,"[0, 0, 0, 0, 0, 96, 4, 0]"
605.993753,352596692,"[2, 0, 245, 255, 255, 255, 0, 0]"
605.99445,352596884,"[201, 255, 93, 0, 103, 2, 0, 0]"
605.995078,33828310,"[0, 0, 0, 147, 0, 0, 0, 0]"
605.995775,33880071,"[58, 175, 195, 233, 91, 96, 0, 0]"
605.996458,33827911,"[0, 0, 0, 226, 0, 16, 16, 0]"
605.997157,33828295,"[0, 0, 192, 26, 255, 255, 0, 0]"
605.99784,84159693,"[2, 0, 160, 207, 255, 191, 123, 38]"
605.99853,33828292,"[0, 0, 32, 39, 255, 255, 0, 0]"
605.999165,33828294,"[204, 0, 64, 191, 255, 255, 0, 0]"
605.999855,33827909,"[0, 0, 0, 98, 0, 16, 20, 0]"
606.000545,33828293,"[0, 0, 128, 82, 0, 0, 0, 0]"
606.00118,84159692,"[3, 0, 8, 208, 255, 191, 128, 38]"
606.001855,84159691,"[0, 0, 200, 201, 255, 127, 78, 38]"
606.002553,352595220,"[7, 0, 0, 128, 0, 8, 128, 1]"
606.003279,352596180,"[241, 223, 6, 176, 1, 4, 0, 5]"
606.003906,84159690,"[1, 0, 200, 239, 255, 127, 126, 39]"
606.004582,33827926,"[0, 0, 0, 98, 0, 16, 2, 0]"
606.005289,134551553,"[0, 0, 0, 0, 0, 0, 0, 192]"
606.005974,134551617,"[0, 0, 0, 64, 0, 0, 0, 0]"
606.006671,33827911,"[0, 0, 0, 226, 0, 16, 14, 0]"
606.007282,134551681,"[0, 8, 32, 0, 0, 0, 0, 0]"
606.007967,84159693,"[2, 0, 160, 207, 255, 191, 123, 38]"
606.008643,33827906,"[0, 0, 0, 98, 0, 16, 227, 255]"
606.009347,33929246,"[0, 0, 250, 6, 0, 22, 64, 0]"
606.010032,33827930,"[0, 0, 0, 226, 0, 16, 22, 0]"
606.010736,33929248,"[0, 0, 253, 6, 0, 24, 64, 0]"
606.011424,84159691,"[0, 0, 200, 201, 255, 127, 78, 38]"
606.012122,352595220,"[7, 0, 0, 128, 0, 8, 128, 1]"
606.013083,84159690,"[1, 0, 200, 239, 255, 127, 126, 39]"
606.013493,33827926,"[0, 0, 0, 98, 0, 16, 254, 255]"
606.014184,33828310,"[0, 0, 0, 147, 0, 0, 0, 0]"
606.015657,33827911,"[0, 0, 0, 226, 0, 16, 2, 0]"
606.015856,33828295,"[0, 0, 192, 26, 255, 255, 0, 0]"
606.016175,33929247,"[0, 0, 248, 6, 0, 24, 64, 0]"
606.016854,33827912,"[0, 0, 0, 98, 0, 16, 250, 255]"
606.017553,84159693,"[2, 0, 160, 207, 255, 191, 123, 38]"
606.018274,33827908,"[0, 0, 0, 98, 0, 16, 8, 0]"
606.018927,33828290,"[12, 0, 32, 64, 255, 255, 0, 0]"
606.019626,33827907,"[0, 0, 0, 226, 0, 16, 211, 255]"
606.020284,84159692,"[3, 0, 8, 208, 255, 191, 128, 38]"
606.020936,33929312,"[0, 0, 0, 0, 0, 64, 0, 0]"
606.021636,84159691,"[0, 0, 200, 201, 255, 127, 78, 38]"
606.022321,352595220,"[7, 0, 0, 128, 0, 8, 128, 1]"
606.023009,352596180,"[241, 223, 6, 176, 1, 4, 0, 5]"
606.023625,84159690,"[1, 0, 200, 239, 255, 191, 126, 39]"
606.02431,33827926,"[0, 0, 0, 98, 0, 16, 252, 255]"
606.025013,134551553,"[0, 0, 0, 0, 0, 0, 0, 192]"
606.02568,134551617,"[0, 0, 0, 64, 0, 0, 0, 0]"
606.026366,33827911,"[0, 0, 0, 226, 0, 16, 17, 0]"
606.027065,84211724,"[62, 172, 29, 40, 32, 131, 0, 0]"
606.027748,33929311,"[0, 0, 0, 0, 0, 64, 0, 0]"
606.028445,33827910,"[0, 0, 0, 98, 0, 16, 10, 0]"
606.029416,134551809,"[143, 6, 144, 128, 0, 28, 0, 0]"
606.03013,33827909,"[0, 0, 0, 98, 0, 16, 249, 255]"
606.030762,33929248,"[0, 0, 254, 6, 0, 24, 64, 0]"
606.031452,84159691,"[0, 0, 200, 201, 255, 127, 78, 38]"
606.032154,352595220,"[7, 0, 0, 128, 0, 8, 128, 1]"
606.033192,84159690,"[1, 0, 200, 239, 255, 127, 126, 39]"
606.033478,33827926,"[0, 0, 0, 98, 0, 16, 249, 255]"
606.034168,33880086,"[77, 155, 14, 66, 142, 152, 0, 0]"
606.034797,33828310,"[0, 0, 0, 147, 0, 0, 0, 0]"
606.035672,33827911,"[0, 0, 0, 226, 0, 16, 24, 0]"
606.036116,33828295,"[0, 0, 192, 26, 255, 255, 0, 0]"
606.036813,33929247,"[0, 0, 249, 6, 0, 24, 64, 0]"
606.03746,84159693,"[2, 0, 160, 207, 255, 191, 123, 38]"
606.038152,33828296,"[8, 0, 128, 62, 255, 255, 0, 0]"
606.038814,33828290,"[12, 0, 32, 64, 255, 255, 0, 0]"
606.039518,33929246,"[0, 0, 250, 6, 0, 22, 64, 0]"
606.040265,84159684,"[3, 0, 176, 220, 255, 127, 229, 38]"
606.040893,33929312,"[0, 0, 0, 0, 0, 64, 0, 0]"
606.041511,84159691,"[0, 0, 200, 201, 255, 127, 78, 38]"
606.042259,352595220,"[7, 0, 0, 128, 0, 8, 128, 1]"
606.042823,352596180,"[241, 223, 6, 176, 1, 4, 0, 5]"
606.04352,352596500,"[208, 255, 84, 0, 180, 60, 0, 4]"
606.04414,84159690,"[1, 0, 192, 239, 255, 127, 126, 39]"
606.044837,33827926,"[0, 0, 0, 98, 0, 16, 8, 0]"
606.045459,134551553,"[0, 0, 0, 0, 0, 0, 0, 192]"
606.046151,134551617,"[0, 0, 0, 64, 0, 0, 0, 0]"
606.046784,33827911,"[0, 0, 0, 226, 0, 16, 19, 0]"
606.047481,33929247,"[0, 0, 248, 6, 0, 24, 64, 0]"
606.048094,134551745,"[0, 0, 0, 3, 0, 0, 2, 0]"
606.048792,134551809,"[143, 6, 144, 128, 0, 28, 0, 0]"
606.04941,33929310,"[0, 0, 0, 0, 0, 64, 0, 0]"
606.050109,84159684,"[255, 255, 175, 220, 255, 127, 229, 38]"
606.050828,33929248,"[0, 0, 254, 6, 0, 24, 64, 0]"
606.051518,84159691,"[0, 0, 200, 201, 255, 127, 78, 38]"
606.052258,352595220,"[7, 0, 0, 128, 0, 8, 128, 1]"
606.053176,84159690,"[4, 0, 200, 239, 255, 63, 126, 39]"
606.053584,33827926,"[0, 0, 0, 98, 0, 16, 5, 0]"
606.054267,33828310,"[0, 0, 0, 147, 0, 0, 0, 0]"
606.055669,33827911,"[0, 0, 0, 226, 0, 16, 19, 0]"
606.055855,33828295,"[0, 0, 192, 26, 255, 255, 0, 0]"
606.056356,33929247,"[0, 0, 249, 6, 0, 24, 64, 0]"
606.057037,84159693,"[2, 0, 160, 207, 255, 191, 123, 38]"
606.057729,33827912,"[0, 0, 0, 98, 0, 16, 243, 255]"
606.058415,33827910,"[0, 0, 0, 98, 0, 16, 3, 0]"
606.05911,33828294,"[16, 0, 32, 191, 255, 255, 0, 0]"
606.059788,33827909,"[0, 0, 0, 98, 0, 16, 22, 0]"
606.060488,84159692,"[2, 0, 16, 208, 255, 191, 128, 38]"
606.061176,33929312,"[0, 0, 0, 0, 0, 64, 0, 0]"
606.061875,84159691,"[0, 0, 200, 201, 255, 127, 78, 38]"
606.062554,352595220,"[7, 0, 0, 128, 0, 8, 128, 1]"
606.063253,352596180,"[241, 223, 6, 160, 1, 4, 0, 5]"
606.063934,84159690,"[1, 0, 200, 239, 255, 63, 126, 39]"
606.064634,33827926,"[0, 0, 0, 98, 0, 16, 251, 255]"
606.065319,84211716,"[216, 194, 92, 253, 185, 213, 0, 0]"
606.066021,134551553,"[0, 0, 0, 0, 0, 0, 0, 192]"
606.0667,134551617,"[0, 0, 0, 64, 0, 0, 0, 0]"
606.0674,134551681,"[0, 8, 32, 0, 0, 0, 0, 0]"
606.068087,33827912,"[0, 0, 0, 98, 0, 16, 246, 255]"
606.068801,33827905,"[0, 0, 0, 98, 0, 16, 2, 0]"
606.06948,33929246,"[0, 0, 250, 6, 0, 22, 64, 0]"
606.070249,84159684,"[250, 255, 167, 220, 255, 127, 229, 38]"
606.070874,33929248,"[0, 0, 254, 6, 0, 24, 64, 0]"
606.071574,84159691,"[0, 0, 200, 201, 255, 127, 78, 38]"
606.072256,352595220,"[7, 0, 0, 128, 0, 8, 128, 1]"
606.073177,84159690,"[57, 0, 208, 239, 255, 127, 126, 39]"
606.073642,33827926,"[0, 0, 0, 98, 0, 16, 243, 255]"
606.074339,33828310,"[0, 0, 0, 147, 0, 0, 0, 0]"
606.07564,33827911,"[0, 0, 0, 226, 0, 16, 19, 0]"
606.075814,33828295,"[0, 0, 192, 26, 255, 255, 0, 0]"
606.076411,33929247,"[0, 0, 249, 6, 0, 24, 64, 0]"
606.07711,33827912,"[0, 0, 0, 98, 0, 16, 254, 255]"
606.077786,84159693,"[2, 0, 160, 207, 255, 191, 123, 38]"
606.078483,33827906,"[0, 0, 0, 98, 0, 16, 244, 255]"
606.079168,33828296,"[8, 0, 128, 62, 255, 255, 0, 0]"
606.079872,33827909,"[0, 0, 0, 98, 0, 16, 247, 255]"
606.080548,33828291,"[0, 0, 192, 245, 255, 255, 0, 0]"
606.081274,33929312,"[0, 0, 0, 0, 0, 64, 0, 0]"
606.081959,84159691,"[0, 0, 200, 201, 255, 127, 78, 38]"
606.082663,352595220,"[7, 0, 0, 128, 0, 8, 128, 1]"
606.083346,352596180,"[241, 223, 6, 176, 1, 4, 0, 5]"
606.084045,84159690,"[1, 0, 200, 239, 255, 63, 126, 39]"
606.084728,33827926,"[0, 0, 0, 98, 0, 16, 247, 255]"
606.085431,134551553,"[0, 0, 0, 0, 0, 0, 0, 192]"
606.086116,134551617,"[0, 0, 0, 64, 0, 0, 0, 0]"
606.086806,33827911,"[0, 0, 0, 226, 0, 16, 22, 0]"
606.087503,134551681,"[0, 4, 32, 0, 0, 0, 0, 0]"
606.088243,33827908,"[0, 0, 0, 98, 0, 16, 10, 0]"
606.088914,33827906,"[0, 0, 0, 98, 0, 16, 239, 255]"
606.089611,33827907,"[0, 0, 0, 226, 0, 16, 215, 255]"
606.090301,84159692,"[244, 255, 15, 208, 255, 127, 128, 38]"
606.091001,33929248,"[0, 0, 253, 6, 0, 24, 64, 0]"
606.091691,84159691,"[0, 0, 200, 201, 255, 127, 78, 38]"
606.092388,33880066,"[45, 231, 26, 235, 27, 7, 0, 0]"
606.093073,352595220,"[7, 0, 0, 128, 0, 8, 128, 1]"
606.09377,84159690,"[1, 0, 200, 239, 255, 191, 126, 39]"
606.094453,33827926,"[0, 0, 0, 98, 0, 16, 251, 255]"
606.095146,33828310,"[0, 0, 0, 147, 0, 0, 0, 0]"
606.095831,33827911,"[0, 0, 0, 226, 0, 16, 9, 0]"
606.096528,33828295,"[0, 0, 192, 26, 255, 255, 0, 0]"
606.097239,33929247,"[0, 0, 248, 6, 0, 24, 64, 0]"
606.097918,84159693,"[2, 0, 160, 207, 255, 191, 123, 38]"
606.0986,33827905,"[0, 0, 0, 98, 0, 16, 255, 255]"
606.099291,33828290,"[208, 255, 63, 64, 255, 255, 0, 0]"
606.099968,84159684,"[2, 0, 176, 220, 255, 127, 229, 38]"
606.100666,33828314,"[0, 0, 192, 162, 0, 0, 0, 0]"
606.101355,33929312,"[0, 0, 0, 0, 0, 64, 0, 0]"
606.102056,84211725,"[197, 213, 234, 103, 153, 9, 0, 0]"
606.102742,84159691,"[0, 0, 200, 201, 255, 127, 78, 38]"
606.103442,352596180,"[241, 223, 6, 176, 1, 4, 0, 5]"
606.104122,84159690,"[1, 0, 200, 239, 255, 191, 126, 39]"
606.104822,33827926,"[0, 0, 0, 98, 0, 16, 246, 255]"
606.105504,134551553,"[0, 0, 0, 0, 0, 0, 0, 192]"
606.106231,134551617,"[0, 0, 0, 64, 0, 0, 0, 0]"
606.106898,33827911,"[0, 0, 0, 226, 0, 16, 14, 0]"
606.107605,33929247,"[0, 0, 249, 6, 0, 24, 64, 0]"
606.108291,84159693,"[2, 0, 160, 207, 255, 191, 123, 38]"
606.109,33880065,"[6, 29, 30, 93, 245, 72, 0, 0]"
606.109685,33827909,"[0, 0, 0, 98, 0, 16, 8, 0]"
606.110342,84159692,"[2, 0, 8, 208, 255, 127, 128, 38]"
606.11103,33929248,"[0, 0, 253, 6, 0, 24, 64, 0]"
606.11173,84159691,"[0, 0, 200, 201, 255, 127, 78, 38]"
606.112416,352595220,"[7, 0, 0, 128, 0, 8, 128, 1]"
606.113111,84159690,"[1, 0, 200, 239, 255, 191, 126, 39]"
606.113795,33827926,"[0, 0, 0, 98, 0, 16, 250, 255]"
606.114495,33828310,"[0, 0, 0, 147, 0, 0, 0, 0]"
606.115717,33827911,"[0, 0, 0, 226, 0, 16, 11, 0]"
606.115899,33828295,"[0, 0, 192, 26, 255, 255, 0, 0]"
606.116455,33929247,"[0, 0, 248, 6, 0, 24, 64, 0]"
606.117097,84161604,"[0, 0, 0, 0, 0, 0, 0, 0]"
606.117787,33827912,"[0, 0, 0, 98, 0, 16, 7, 0]"
606.118484,33827906,"[0, 0, 0, 98, 0, 16, 7, 0]"
606.119224,33828294,"[4, 0, 32, 191, 255, 255, 0, 0]"
606.119881,33827909,"[0, 0, 0, 98, 0, 16, 20, 0]"
606.120564,33827930,"[0, 0, 0, 226, 0, 16, 35, 0]"
606.12126,33929312,"[0, 0, 0, 0, 0, 64, 0, 0]"
606.121946,84159684,"[250, 255, 167, 220, 255, 127, 229, 38]"
606.122643,84159691,"[0, 0, 200, 201, 255, 127, 78, 38]"
606.123326,352596180,"[241, 223, 6, 160, 1, 4, 0, 5]"
606.124018,84159690,"[1, 0, 200, 239, 255, 191, 126, 39]"
606.124701,33827926,"[0, 0, 0, 98, 0, 16, 249, 255]"
606.125397,134551553,"[0, 0, 0, 0, 0, 0, 0, 192]"
606.126082,134551617,"[0, 0, 0, 64, 0, 0, 0, 0]"
606.126779,33827911,"[0, 0, 0, 226, 0, 16, 6, 0]"
606.127476,134551681,"[0, 4, 32, 0, 0, 0, 0, 0]"
606.128223,134551745,"[0, 0, 0, 3, 0, 0, 2, 0]"
606.128859,33827905,"[0, 0, 0, 98, 0, 16, 0, 0]"
606.129556,33827907,"[0, 0, 0, 226, 0, 16, 228, 255]"
606.130238,352647188,"[232, 255, 132, 200, 56, 223, 0, 0]"
606.130938,33929248,"[0, 0, 253, 6, 0, 24, 64, 0]"
606.131635,84159691,"[0, 0, 200, 201, 255, 127, 78, 38]"
606.132376,352595220,"[7, 0, 0, 128, 0, 8, 128, 1]"
606.133097,84159690,"[1, 0, 200, 239, 255, 127, 126, 39]"
606.133771,33827926,"[0, 0, 0, 98, 0, 16, 4, 0]"
606.134454,33828310,"[0, 0, 0, 147, 0, 0, 0, 0]"
606.135729,33827911,"[0, 0, 0, 226, 0, 16, 1, 0]"
606.135897,33828295,"[0, 0, 192, 26, 255, 255, 0, 0]"
606.13654,33929247,"[0, 0, 248, 6, 0, 24, 64, 0]"
606.137222,84159693,"[2, 0, 160, 207, 255, 191, 123, 38]"
606.137923,33827912,"[0, 0, 0, 98, 0, 16, 246, 255]"
606.138606,33827906,"[0, 0, 0, 98, 0, 16, 252, 255]"
606.13931,33828296,"[8, 0, 128, 62, 255, 255, 0, 0]"
606.139995,33929246,"[0, 0, 250, 6, 0, 22, 64, 0]"
606.140706,33828293,"[0, 0, 128, 82, 0, 0, 0, 0]"
606.141396,84175821,"[0, 0, 0, 1, 1, 26, 19, 0]"
606.142089,84175820,"[0, 0, 0, 1, 1, 26, 19, 0]"
606.142772,33880090,"[181, 7, 90, 116, 83, 145, 0, 0]"
606.143469,352596244,"[43, 255, 219, 0, 33, 127, 0, 0]"
606.144215,352596500,"[92, 255, 124, 0, 92, 63, 0, 4]"
606.144858,33827926,"[0, 0, 0, 98, 0, 16, 1, 0]"
606.145541,84166474,"[0, 0, 0, 0, 24, 0, 0, 0]"
606.146237,134551553,"[0, 0, 0, 0, 0, 0, 0, 192]"
606.146934,134551617,"[0, 0, 0, 64, 0, 0, 0, 0]"
606.14764,33929247,"[0, 0, 248, 6, 0, 24, 64, 0]"
606.148319,33827910,"[0, 0, 0, 98, 0, 16, 15, 0]"
606.149021,134551809,"[142, 6, 144, 128, 0, 28, 0, 0]"
606.149706,33827909,"[0, 0, 0, 98, 0, 16, 13, 0]"
606.150406,84159692,"[2, 0, 8, 208, 255, 127, 128, 38]"
606.151086,33929248,"[0, 0, 253, 6, 0, 24, 64, 0]"
606.151786,84159691,"[0, 0, 200, 201, 255, 127, 78, 38]"
606.152472,352595220,"[6, 0, 0, 128, 0, 8, 128, 1]"
606.153211,84159690,"[4, 0, 192, 239, 255, 127, 126, 39]"
606.153866,33827926,"[0, 0, 0, 98, 0, 16, 5, 0]"
606.154566,33828310,"[0, 0, 0, 147, 0, 0, 0, 0]"
606.15559,33827911,"[0, 0, 0, 226, 0, 16, 8, 0]"
606.155949,33828295,"[0, 0, 192, 26, 255, 255, 0, 0]"
606.15663,33929247,"[0, 0, 248, 6, 0, 24, 64, 0]"
606.15733,84159693,"[2, 0, 160, 207, 255, 191, 123, 38]"
606.15801,33827908,"[0, 0, 0, 98, 0, 16, 24, 0]"
606.15871,33827905,"[0, 0, 0, 98, 0, 16, 253, 255]"
606.159396,33828289,"[0, 0, 0, 189, 255, 255, 0, 0]"
606.16009,33828293,"[0, 0, 128, 82, 0, 0, 0, 0]"
606.160776,33929248,"[0, 0, 253, 6, 0, 24, 64, 0]"
606.161469,84159692,"[2, 0, 8, 208, 255, 191, 128, 38]"
606.162201,84159691,"[0, 0, 200, 201, 255, 127, 78, 38]"
606.162858,352595220,"[7, 0, 0, 128, 0, 8, 128, 1]"
606.163556,352596180,"[241, 223, 6, 160, 1, 4, 0, 5]"
606.164252,84159690,"[3, 0, 200, 239, 255, 127, 126, 39]"
606.164931,33827926,"[0, 0, 0, 98, 0, 16, 255, 255]"
606.165621,134551553,"[0, 0, 0, 0, 0, 0, 0, 192]"
606.166318,134551617,"[0, 0, 0, 64, 0, 0, 0, 0]"
606.167018,33827911,"[0, 0, 0, 226, 0, 16, 253, 255]"
606.1677,33929311,"[0, 0, 0, 0, 0, 64, 0, 0]"
606.16839,134551745,"[0, 0, 0, 3, 0, 0, 1, 0]"
606.169076,134551809,"[141, 6, 144, 128, 0, 28, 0, 0]"
606.169773,33827930,"[0, 0, 0, 226, 0, 16, 249, 255]"
606.170456,33929248,"[0, 0, 253, 6, 0, 24, 64, 0]"
606.1712,84159691,"[0, 0, 200, 201, 255, 127, 78, 38]"
606.171864,352595220,"[7, 0, 0, 128, 0, 8, 128, 1]"
606.173115,84159690,"[3, 0, 200, 239, 255, 127, 126, 39]"
606.173374,33827926,"[0, 0, 0, 98, 0, 16, 254, 255]"
606.173947,33828310,"[0, 0, 0, 147, 0, 0, 0, 0]"
606.175635,33827911,"[0, 0, 0, 226, 0, 16, 8, 0]"
606.175836,33828295,"[0, 0, 192, 26, 255, 255, 0, 0]"
606.176043,33929247,"[0, 0, 248, 6, 0, 24, 64, 0]"
606.176724,84159693,"[2, 0, 160, 207, 255, 191, 123, 38]"
606.177407,33827912,"[0, 0, 0, 98, 0, 16, 249, 255]"
606.178106,33828296,"[8, 0, 128, 62, 255, 255, 0, 0]"
606.178789,33827905,"[0, 0, 0, 98, 0, 16, 248, 255]"
606.179479,33828289,"[0, 0, 0, 189, 255, 255, 0, 0]"
606.180197,84159692,"[2, 0, 8, 208, 255, 191, 128, 38]"
606.180861,33929248,"[0, 0, 254, 6, 0, 24, 64, 0]"
606.181544,33929312,"[0, 0, 0, 0, 0, 64, 0, 0]"
606.182241,84159691,"[0, 0, 200, 201, 255, 127, 78, 38]"
606.182926,352595220,"[7, 0, 0, 128, 0, 8, 128, 1]"
606.183631,352596180,"[241, 223, 6, 160, 1, 4, 0, 5]"
606.184314,84159690,"[3, 0, 200, 239, 255, 191, 126, 39]"
606.185006,33827926,"[0, 0, 0, 98, 0, 16, 249, 255]"
606.185703,134551553,"[0, 0, 0, 0, 0, 0, 0, 192]"
606.1864,134551617,"[0, 0, 0, 64, 0, 0, 0, 0]"
606.187085,33827911,"[0, 0, 0, 226, 0, 16, 22, 0]"
606.187775,84159693,"[2, 0, 160, 207, 255, 191, 123, 38]"
606.188465,33827906,"[0, 0, 0, 98, 0, 16, 1, 0]"
606.18919,33827905,"[0, 0, 0, 98, 0, 16, 244, 255]"
606.189848,33827930,"[0, 0, 0, 226, 0, 16, 13, 0]"
606.190545,33929248,"[0, 0, 253, 6, 0, 24, 64, 0]"
606.191227,33880068,"[12, 81, 86, 152, 167, 232, 0, 0]"
606.191923,84159691,"[0, 0, 200, 201, 255, 127, 78, 38]"
606.192609,352595220,"[7, 0, 0, 128, 0, 8, 128, 1]"
606.193288,84159690,"[3, 0, 200, 239, 255, 63, 126, 39]"
606.193983,33844182,"[0, 0, 0, 0, 1, 26, 19, 0]"
606.194683,33834838,"[0, 0, 0, 0, 0, 0, 128, 0]"
606.195361,33880071,"[53, 114, 217, 39, 140, 108, 0, 0]"
606.196056,33828310,"[0, 0, 0, 147, 0, 0, 0, 0]"
606.196749,33828374,"[0, 0, 0, 0, 0, 0, 0, 128]"
606.197449,33929247,"[0, 0, 249, 6, 0, 24, 64, 0]"
606.19819,33827908,"[0, 0, 0, 98, 0, 16, 10, 0]"
606.198829,33828294,"[12, 0, 32, 191, 255, 255, 0, 0]"
606.199515,33828289,"[0, 0, 0, 189, 255, 255, 0, 0]"
606.200185,84159684,"[252, 255, 175, 220, 255, 63, 229, 38]"
606.20086,33929312,"[0, 0, 0, 0, 0, 64, 0, 0]"
606.201552,84159692,"[2, 0, 8, 208, 255, 191, 128, 38]"
606.202237,84159691,"[0, 0, 200, 201, 255, 127, 78, 38]"
606.202926,352595220,"[7, 0, 0, 128, 0, 8, 128, 1]"
606.203611,352596180,"[241, 223, 6, 160, 1, 4, 0, 5]"
606.204311,84159690,"[210, 255, 199, 239, 255, 63, 126, 39]"
606.204999,33827926,"[0, 0, 0, 98, 0, 16, 1, 0]"
606.205705,134551553,"[0, 0, 0, 0, 0, 0, 0, 192]"
606.206391,33880066,"[18, 226, 204, 225, 50, 74, 0, 0]"
606.207091,33827911,"[0, 0, 0, 226, 0, 16, 10, 0]"
606.207788,84159693,"[1, 0, 160, 207, 255, 191, 123, 38]"
606.208521,134551809,"[141, 6, 144, 128, 0, 28, 0, 0]"
606.209203,33827905,"[0, 0, 0, 98, 0, 16, 7, 0]"
606.209896,33827930,"[0, 0, 0, 226, 0, 16, 59, 0]"
606.210579,33880069,"[116, 42, 64, 110, 12, 80, 0, 0]"
606.211276,84159691,"[0, 0, 200, 201, 255, 127, 78, 38]"
606.211959,352595220,"[7, 0, 0, 128, 0, 8, 128, 1]"
606.21315,84159690,"[3, 0, 200, 239, 255, 191, 126, 39]"
606.213335,33827926,"[0, 0, 0, 98, 0, 16, 7, 0]"
606.21403,33828310,"[0, 0, 0, 147, 0, 0, 0, 0]"
606.215591,33844167,"[0, 0, 0, 0, 1, 26, 19, 0]"
606.215777,33834823,"[0, 0, 0, 0, 0, 3, 128, 0]"
606.216094,33929247,"[0, 0, 248, 6, 0, 24, 64, 0]"
606.216797,33844168,"[0, 0, 0, 0, 1, 26, 19, 0]"
606.21748,33828935,"[0, 243, 199, 46, 0, 0, 0, 0]"
606.218176,33827911,"[0, 0, 0, 226, 0, 16, 32, 0]"
606.218855,33834818,"[128, 0, 0, 0, 128, 11, 192, 0]"
606.219552,33827906,"[0, 0, 0, 98, 0, 16, 254, 255]"
606.220249,33828295,"[0, 0, 192, 26, 255, 255, 0, 0]"
606.220949,33828932,"[0, 243, 199, 46, 0, 0, 0, 0]"
606.221624,33828423,"[0, 0, 0, 0, 0, 0, 0, 128]"
606.222322,33828292,"[0, 0, 32, 39, 255, 255, 0, 0]"
606.222999,33828356,"[0, 0, 0, 0, 0, 0, 4, 128]"
606.228,33844161,"[0, 0, 0, 0, 1, 26, 19, 0]"
606.228748,33828548,"[0, 0, 4, 0, 0, 0, 0, 0]"
606.229445,33834842,"[0, 0, 0, 0, 0, 8, 192, 0]"
606.23017,33828486,"[8, 0, 0, 0, 0, 0, 0, 0]"
606.230842,33828545,"[0, 0, 4, 0, 0, 0, 0, 0]"
606.231525,33827905,"[0, 0, 0, 98, 0, 16, 29, 0]"
606.232214,33929248,"[0, 0, 254, 6, 0, 24, 64, 0]"
606.2329,33828250,"[0, 0, 192, 162, 0, 0, 0, 0]"
606.23359,33828314,"[0, 0, 192, 162, 0, 0, 0, 0]"
606.234272,84159691,"[0, 0, 200, 201, 255, 127, 78, 38]"
606.234965,33828442,"[0, 0, 0, 0, 0, 0, 0, 128]"
606.235655,134551617,"[0, 0, 0, 64, 0, 0, 0, 0]"
606.236344,352595220,"[6, 0, 0, 128, 0, 8, 128, 1]"
606.236947,352595220,"[6, 0, 0, 128, 0, 8, 128, 1]"
606.237611,84159693,"[1, 0, 160, 207, 255, 191, 123, 38]"
606.238325,33828292,"[0, 0, 32, 39, 255, 255, 0, 0]"
606.239165,33828294,"[12, 0, 32, 191, 255, 255, 0, 0]"
606.239847,33827909,"[0, 0, 0, 98, 0, 16, 254, 255]"
606.240525,33828314,"[0, 0, 192, 162, 0, 0, 0, 0]"
606.241224,84211723,"[153, 41, 39, 18, 245, 113, 0, 0]"
606.241913,84159691,"[0, 0, 200, 201, 255, 127, 78, 38]"
606.242605,352611284,"[0, 0, 0, 0, 1, 26, 19, 0]"
606.243305,352595220,"[6, 0, 0, 128, 0, 8, 128, 1]"
606.244,352596436,"[223, 255, 31, 0, 0, 10, 0, 0]"
606.244685,84159690,"[3, 0, 200, 239, 255, 127, 126, 39]"
606.245385,352596884,"[205, 255, 93, 0, 109, 2, 0, 0]"
606.246066,134551553,"[0, 0, 0, 0, 0, 0, 0, 192]"
606.246758,134551617,"[0, 0, 0, 64, 0, 0, 0, 0]"
606.247444,33929247,"[0, 0, 248, 6, 0, 24, 64, 0]"
606.248164,134551745,"[0, 0, 0, 3, 0, 0, 2, 0]"
606.248824,33827905,"[0, 0, 0, 98, 0, 16, 6, 0]"
606.249545,33827907,"[0, 0, 0, 226, 0, 16, 204, 255]"
606.25023,84159692,"[2, 0, 8, 208, 255, 63, 128, 38]"
606.250925,33929248,"[0, 0, 253, 6, 0, 24, 64, 0]"
606.251611,84159691,"[0, 0, 200, 201, 255, 127, 78, 38]"
606.252301,352595220,"[7, 0, 0, 128, 0, 8, 128, 1]"
606.252986,84159690,"[210, 255, 199, 239, 255, 63, 126, 39]"
606.253612,33827926,"[0, 0, 0, 98, 0, 16, 243, 255]"
606.254187,33828310,"[0, 0, 0, 147, 0, 0, 0, 0]"
606.2556,33827911,"[0, 0, 0, 226, 0, 16, 5, 0]"
606.255744,33828295,"[0, 0, 192, 26, 255, 255, 0, 0]"
606.256382,33929247,"[0, 0, 248, 6, 0, 24, 64, 0]"
606.257082,33827912,"[0, 0, 0, 98, 0, 16, 231, 255]"
606.257722,84159693,"[1, 0, 160, 207, 255, 191, 123, 38]"
606.258404,33828292,"[0, 0, 32, 39, 255, 255, 0, 0]"
606.259158,33828294,"[72, 255, 31, 191, 255, 255, 0, 0]"
606.259736,33827909,"[0, 0, 0, 98, 0, 16, 23, 0]"
606.260434,33828314,"[0, 0, 192, 162, 0, 0, 0, 0]"
606.261159,84159692,"[1, 0, 8, 208, 255, 191, 128, 38]"
606.261765,84159691,"[0, 0, 200, 201, 255, 127, 78, 38]"
606.262463,352595220,"[7, 0, 0, 128, 0, 8, 128, 1]"
606.263159,352596180,"[241, 223, 6, 160, 1, 4, 0, 5]"
606.263773,84159690,"[3, 0, 192, 239, 255, 191, 126, 39]"
606.264463,33827926,"[0, 0, 0, 98, 0, 16, 252, 255]"
606.265155,134551553,"[0, 0, 0, 0, 0, 0, 0, 192]"
606.265784,134551617,"[0, 0, 0, 64, 0, 0, 0, 0]"
606.267175,33827911,"[0, 0, 0, 226, 0, 16, 15, 0]"
606.267753,134551681,"[0, 4, 32, 0, 0, 0, 0, 0]"
606.268314,134551809,"[141, 6, 144, 128, 0, 28, 0, 0]"
606.268833,33827906,"[0, 0, 0, 98, 0, 16, 240, 255]"
606.269387,33827909,"[0, 0, 0, 98, 0, 16, 18, 0]"
606.269935,84159684,"[8, 0, 176, 220, 255, 127, 229, 38]"
606.270654,33929248,"[0, 0, 253, 6, 0, 24, 64, 0]"
606.271164,84159691,"[0, 0, 200, 201, 255, 127, 78, 38]"
606.27167,352595220,"[7, 0, 0, 128, 0, 8, 128, 1]"
606.273129,84159690,"[3, 0, 200, 239, 255, 191, 126, 39]"
606.273359,33827926,"[0, 0, 0, 98, 0, 16, 3, 0]"
606.273603,33828310,"[0, 0, 0, 147, 0, 0, 0, 0]"
606.275605,33827911,"[0, 0, 0, 226, 0, 16, 14, 0]"
606.275777,33828295,"[0, 0, 192, 26, 255, 255, 0, 0]"
606.276021,33929247,"[0, 0, 248, 6, 0, 24, 64, 0]"
606.276284,84159693,"[51, 0, 160, 207, 255, 191, 123, 38]"
606.276965,33827912,"[0, 0, 0, 98, 0, 16, 242, 255]"
606.277583,33827908,"[0, 0, 0, 98, 0, 16, 21, 0]"
606.278273,33827910,"[0, 0, 0, 98, 0, 16, 2, 0]"
606.278965,33828289,"[0, 0, 0, 189, 255, 255, 0, 0]"
606.279583,33827907,"[0, 0, 0, 226, 0, 16, 204, 255]"
606.280273,33828293,"[0, 0, 128, 82, 0, 0, 0, 0]"
606.280966,84159692,"[1, 0, 8, 208, 255, 191, 128, 38]"
606.281579,84159691,"[0, 0, 200, 201, 255, 127, 78, 38]"
606.282264,352595220,"[7, 0, 0, 128, 0, 8, 128, 1]"
606.282952,352596180,"[241, 223, 6, 160, 1, 4, 0, 5]"
606.283575,84159690,"[3, 0, 200, 239, 255, 127, 126, 39]"
606.284267,33827926,"[0, 0, 0, 98, 0, 16, 0, 0]"
606.284956,134551553,"[0, 0, 0, 0, 0, 0, 0, 192]"
606.285565,134551617,"[0, 0, 0, 64, 0, 0, 0, 0]"
606.286252,33827911,"[0, 0, 0, 226, 0, 16, 12, 0]"
606.286933,134551681,"[0, 4, 32, 0, 0, 0, 0, 0]"
606.287548,33929311,"[0, 0, 0, 0, 0, 64, 0, 0]"
606.288233,33827910,"[0, 0, 0, 98, 0, 16, 0, 0]"
606.288914,33827905,"[0, 0, 0, 98, 0, 16, 10, 0]"
606.289536,33827907,"[0, 0, 0, 226, 0, 16, 204, 255]"
606.290221,84159692,"[1, 0, 16, 208, 255, 191, 128, 38]"
606.290924,33929248,"[0, 0, 253, 6, 0, 24, 64, 0]"
606.291546,84159691,"[0, 0, 200, 201, 255, 127, 78, 38]"
606.292231,352595220,"[7, 0, 0, 128, 0, 8, 128, 1]"
606.292969,84159690,"[3, 0, 200, 239, 255, 191, 126, 39]"
606.293523,33880067,"[72, 244, 203, 238, 211, 99, 0, 0]"
606.294208,33827926,"[0, 0, 0, 98, 0, 16, 254, 255]"
606.294896,33828310,"[0, 0, 0, 147, 0, 0, 0, 0]"
606.295511,84211724,"[48, 240, 112, 88, 6, 238, 0, 0]"
606.29619,33827911,"[0, 0, 0, 226, 0, 16, 19, 0]"
606.296886,33828295,"[0, 0, 192, 26, 255, 255, 0, 0]"
606.297504,33929247,"[0, 0, 248, 6, 0, 24, 64, 0]"
606.298186,33827910,"[0, 0, 0, 98, 0, 16, 250, 255]"
606.298894,33828290,"[4, 0, 64, 64, 255, 255, 0, 0]"
606.299526,33827907,"[0, 0, 0, 226, 0, 16, 209, 255]"
606.300223,33828291,"[0, 0, 192, 245, 255, 255, 0, 0]"
606.300916,84159692,"[4, 0, 8, 208, 255, 191, 128, 38]"
606.301563,84159691,"[0, 0, 200, 201, 255, 127, 78, 38]"
606.302259,352595220,"[7, 0, 0, 128, 0, 8, 128, 1]"
606.302945,352596180,"[241, 223, 6, 160, 1, 4, 0, 5]"
606.303603,84159690,"[6, 0, 216, 239, 255, 191, 126, 39]"
606.304286,33827926,"[0, 0, 0, 98, 0, 16, 255, 255]"
606.30497,134551553,"[0, 0, 0, 0, 0, 0, 0, 192]"
606.305589,134551617,"[0, 0, 0, 64, 0, 0, 0, 0]"
606.306286,33827911,"[0, 0, 0, 226, 0, 16, 12, 0]"
606.30705,134551681,"[0, 4, 32, 0, 0, 0, 0, 0]"
606.307748,33929311,"[0, 0, 0, 0, 0, 64, 0, 0]"
606.308438,33827906,"[0, 0, 0, 98, 0, 16, 251, 255]"
606.309141,134551809,"[141, 6, 144, 128, 0, 28, 0, 0]"
606.309741,33827930,"[0, 0, 0, 226, 0, 16, 55, 0]"
606.310431,33929248,"[0, 0, 253, 6, 0, 24, 64, 0]"
606.311138,84159691,"[0, 0, 200, 201, 255, 127, 78, 38]"
606.311795,352595220,"[7, 0, 0, 128, 0, 8, 128, 1]"
606.313073,84159690,"[6, 0, 200, 239, 255, 191, 126, 39]"
606.313288,33827926,"[0, 0, 0, 98, 0, 16, 3, 0]"
606.313861,33828310,"[0, 0, 0, 147, 0, 0, 0, 0]"
606.315572,33827911,"[0, 0, 0, 226, 0, 16, 20, 0]"
606.315758,33828295,"[0, 0, 192, 26, 255, 255, 0, 0]"
606.315993,33929247,"[0, 0, 248, 6, 0, 24, 64, 0]"
606.316633,84159693,"[1, 0, 160, 207, 255, 191, 123, 38]"
606.317243,33827912,"[0, 0, 0, 98, 0, 16, 242, 255]"
606.317843,33827908,"[0, 0, 0, 98, 0, 16, 10, 0]"
606.318468,33828292,"[0, 0, 32, 39, 255, 255, 0, 0]"
606.319135,33828294,"[24, 0, 32, 191, 255, 255, 0, 0]"
606.319713,33827930,"[0, 0, 0, 226, 0, 16, 47, 0]"
606.320353,33828314,"[0, 0, 192, 162, 0, 0, 0, 0]"
606.321017,84159692,"[1, 0, 8, 208, 255, 63, 128, 38]"
606.321613,84159691,"[0, 0, 200, 201, 255, 127, 78, 38]"
606.322173,352595220,"[7, 0, 0, 128, 0, 8, 128, 1]"
606.322744,352596180,"[241, 223, 6, 160, 1, 4, 0, 5]"
606.323329,84159690,"[52, 0, 208, 239, 255, 191, 126, 39]"
606.323885,33827926,"[0, 0, 0, 98, 0, 16, 3, 0]"
606.324884,134551553,"[0, 0, 0, 0, 0, 0, 0, 192]"
606.32513,134551617,"[0, 0, 0, 64, 0, 0, 0, 0]"
606.325747,33827911,"[0, 0, 0, 226, 0, 16, 15, 0]"
606.326388,134551681,"[0, 4, 32, 0, 0, 0, 0, 0]"
606.327041,33929247,"[0, 0, 248, 6, 0, 24, 64, 0]"
606.327649,134551745,"[0, 0, 0, 3, 0, 0, 1, 0]"
606.328285,33827906,"[0, 0, 0, 98, 0, 16, 3, 0]"
606.328923,33827905,"[0, 0, 0, 98, 0, 16, 9, 0]"
606.329566,33827909,"[0, 0, 0, 98, 0, 16, 236, 255]"
606.330173,84159692,"[1, 0, 8, 208, 255, 127, 128, 38]"
606.330798,33929248,"[0, 0, 253, 6, 0, 24, 64, 0]"
606.331392,84159691,"[0, 0, 200, 201, 255, 191, 78, 38]"
606.331996,352595220,"[7, 0, 0, 128, 0, 8, 128, 1]"
606.33287,84159690,"[6, 0, 200, 239, 255, 191, 126, 39]"
606.333287,33827926,"[0, 0, 0, 98, 0, 16, 1, 0]"
606.333837,33828310,"[0, 0, 0, 147, 0, 0, 0, 0]"
606.335603,33827911,"[0, 0, 0, 226, 0, 16, 15, 0]"
606.335768,33828295,"[0, 0, 192, 26, 255, 255, 0, 0]"
606.33598,33929247,"[0, 0, 248, 6, 0, 24, 64, 0]"
606.336296,84159693,"[1, 0, 160, 207, 255, 191, 123, 38]"
606.336879,33827912,"[0, 0, 0, 98, 0, 16, 254, 255]"
606.33748,33828296,"[4, 0, 128, 62, 255, 255, 0, 0]"
606.338129,33827910,"[0, 0, 0, 98, 0, 16, 22, 0]"
606.338782,33828290,"[4, 0, 32, 64, 255, 255, 0, 0]"
606.339489,33827909,"[0, 0, 0, 98, 0, 16, 239, 255]"
606.340174,84159684,"[0, 0, 168, 220, 255, 191, 229, 38]"
606.340876,33929312,"[0, 0, 0, 0, 0, 64, 0, 0]"
606.341555,84159692,"[1, 0, 8, 208, 255, 127, 128, 38]"
606.342259,84159691,"[0, 0, 200, 201, 255, 191, 78, 38]"
606.342945,352595220,"[7, 0, 0, 128, 0, 8, 128, 1]"
606.343642,352596500,"[112, 255, 144, 0, 128, 63, 0, 4]"
606.344325,84159690,"[2, 0, 200, 239, 255, 191, 126, 39]"
606.345017,33827926,"[0, 0, 0, 98, 0, 16, 1, 0]"
606.3457,134551553,"[0, 0, 0, 0, 0, 0, 0, 192]"
606.34639,134551617,"[0, 0, 0, 64, 0, 0, 0, 0]"
606.347122,33827911,"[0, 0, 0, 226, 0, 16, 4, 0]"
606.347916,84159693,"[4, 0, 152, 207, 255, 191, 123, 38]"
606.348599,33827906,"[0, 0, 0, 98, 0, 16, 13, 0]"
606.349296,33929246,"[0, 0, 249, 6, 0, 22, 64, 0]"
606.349974,84159684,"[5, 0, 176, 220, 255, 191, 229, 38]"
606.350686,33929248,"[0, 0, 253, 6, 0, 24, 64, 0]"
606.351368,84159691,"[0, 0, 200, 201, 255, 191, 78, 38]"
606.352123,352595220,"[7, 0, 0, 128, 0, 8, 128, 1]"
606.353088,84159690,"[2, 0, 200, 239, 255, 191, 126, 39]"
606.353439,33827926,"[0, 0, 0, 98, 0, 16, 254, 255]"
606.354121,33828310,"[0, 0, 0, 147, 0, 0, 0, 0]"
606.35558,33827911,"[0, 0, 0, 226, 0, 16, 3, 0]"
606.355738,33828295,"[0, 0, 192, 26, 255, 255, 0, 0]"
606.356202,33929247,"[0, 0, 247, 6, 0, 24, 64, 0]"
606.356891,33827912,"[0, 0, 0, 98, 0, 16, 244, 255]"
606.357581,84159693,"[4, 0, 152, 207, 255, 191, 123, 38]"
606.358263,33827910,"[0, 0, 0, 98, 0, 16, 10, 0]"
606.358956,33828294,"[8, 0, 32, 191, 255, 255, 0, 0]"
606.359646,33827909,"[0, 0, 0, 98, 0, 16, 253, 255]"
606.360343,33828291,"[0, 0, 192, 245, 255, 255, 0, 0]"
606.361028,33929312,"[0, 0, 0, 0, 0, 64, 0, 0]"
606.361718,84159691,"[3, 0, 208, 201, 255, 127, 78, 38]"
606.362408,352595220,"[7, 0, 0, 128, 0, 8, 128, 1]"
606.363111,352596180,"[241, 223, 6, 160, 1, 4, 0, 5]"
606.363747,84159690,"[2, 0, 200, 239, 255, 191, 126, 39]"
606.36443,33827926,"[0, 0, 0, 98, 0, 16, 1, 0]"
606.365122,134551553,"[0, 0, 0, 0, 0, 0, 0, 192]"
606.365808,134551617,"[0, 0, 0, 64, 0, 0, 0, 0]"
606.36649,33827911,"[0, 0, 0, 226, 0, 16, 17, 0]"
606.36718,134551681,"[0, 4, 32, 0, 0, 0, 0, 0]"
606.367865,33827912,"[0, 0, 0, 98, 0, 16, 227, 255]"
606.368563,33827905,"[0, 0, 0, 98, 0, 16, 11, 0]"
606.369252,33929246,"[0, 0, 249, 6, 0, 22, 64, 0]"
606.369945,84161604,"[0, 0, 0, 0, 0, 0, 0, 0]"
606.37062,84160644,"[181, 192, 0, 0, 0, 0, 0, 0]"
606.371318,84166468,"[0, 0, 0, 0, 0, 0, 0, 0]"
606.372005,84159684,"[2, 0, 176, 220, 255, 127, 229, 38]"
606.372698,352647188,"[73, 180, 5, 85, 253, 111, 0, 0]"
606.37339,352595220,"[6, 0, 0, 128, 0, 8, 128, 1]"
606.374111,84159690,"[2, 0, 208, 239, 255, 191, 126, 39]"
606.374757,33827926,"[0, 0, 0, 98, 0, 16, 251, 255]"
606.375456,33828310,"[0, 0, 0, 147, 0, 0, 0, 0]"
606.376142,33827911,"[0, 0, 0, 226, 0, 16, 6, 0]"
606.376831,33828295,"[0, 0, 192, 26, 255, 255, 0, 0]"
606.377523,33929247,"[0, 0, 248, 6, 0, 24, 64, 0]"
606.378208,33827908,"[0, 0, 0, 98, 0, 16, 6, 0]"
606.378918,33828292,"[8, 0, 32, 39, 255, 255, 0, 0]"
606.379554,33827907,"[0, 0, 0, 226, 0, 16, 212, 255]"
606.380239,33828291,"[0, 0, 192, 245, 255, 255, 0, 0]"
606.380955,84159692,"[1, 0, 16, 208, 255, 191, 128, 38]"
606.381641,84159684,"[8, 0, 176, 220, 255, 127, 229, 38]"
606.382334,84159691,"[2, 0, 200, 201, 255, 191, 78, 38]"
606.383021,352596180,"[241, 223, 6, 160, 1, 4, 0, 5]"
606.383709,84159690,"[5, 0, 200, 239, 255, 191, 126, 39]"
606.384394,33827926,"[0, 0, 0, 98, 0, 16, 250, 255]"
606.385103,134551553,"[0, 0, 0, 0, 0, 0, 0, 192]"
606.385785,134551617,"[0, 0, 0, 64, 0, 0, 0, 0]"
606.38647,33827911,"[0, 0, 0, 226, 0, 16, 10, 0]"
606.387153,134551681,"[0, 4, 32, 0, 0, 0, 0, 0]"
606.387839,134551745,"[0, 0, 0, 3, 0, 0, 1, 0]"
606.388529,134551809,"[140, 6, 144, 128, 0, 28, 0, 0]"
606.389225,33929246,"[0, 0, 250, 6, 0, 22, 64, 0]"
606.389911,84160653,"[172, 192, 248, 130, 24, 0, 0, 0]"
606.390601,84166477,"[0, 0, 0, 0, 24, 0, 0, 0]"
606.391284,84159692,"[1, 0, 16, 208, 255, 191, 128, 38]"
606.391976,84160652,"[171, 192, 216, 123, 24, 0, 0, 0]"
606.392659,84166476,"[0, 0, 0, 0, 24, 0, 0, 0]"
606.393349,84161611,"[0, 0, 0, 0, 0, 0, 0, 0]"
606.394096,84175819,"[0, 0, 0, 1, 1, 26, 19, 0]"
606.394732,33827926,"[0, 0, 0, 98, 0, 16, 255, 255]"
606.395422,84159690,"[2, 0, 200, 239, 255, 191, 126, 39]"
606.396183,84160650,"[171, 192, 8, 131, 24, 0, 0, 0]"
606.396869,84166474,"[0, 0, 0, 0, 24, 0, 0, 0]"
606.397559,33828295,"[0, 0, 192, 26, 255, 255, 0, 0]"
606.398248,33929247,"[0, 0, 248, 6, 0, 24, 64, 0]"
606.398934,33828294,"[8, 0, 32, 191, 255, 255, 0, 0]"
606.399624,33827907,"[0, 0, 0, 226, 0, 16, 205, 255]"
606.400314,33828293,"[0, 0, 128, 82, 0, 0, 0, 0]"
606.400999,84159692,"[1, 0, 16, 208, 255, 191, 128, 38]"
606.401689,84159684,"[2, 0, 168, 220, 255, 191, 229, 38]"
606.402372,84159691,"[3, 0, 200, 201, 255, 191, 78, 38]"
606.403097,352596180,"[241, 223, 6, 160, 1, 4, 0, 5]"
606.403747,84159690,"[2, 0, 208, 239, 255, 191, 126, 39]"
606.404444,33827926,"[0, 0, 0, 98, 0, 16, 252, 255]"
606.405128,134551553,"[0, 0, 0, 0, 0, 0, 0, 192]"
606.405821,134551617,"[0, 0, 0, 64, 0, 0, 0, 0]"
606.406497,33827911,"[0, 0, 0, 226, 0, 16, 5, 0]"
606.407186,134551681,"[0, 8, 32, 0, 0, 0, 0, 0]"
606.407879,84159693,"[0, 0, 160, 207, 255, 191, 123, 38]"
606.408569,134551809,"[139, 6, 144, 128, 0, 28, 0, 0]"
606.409265,33827907,"[0, 0, 0, 226, 0, 16, 223, 255]"
606.409951,33929310,"[0, 0, 0, 0, 0, 64, 0, 0]"
606.410728,33929248,"[0, 0, 252, 6, 0, 24, 64, 0]"
606.411425,33880066,"[102, 173, 107, 122, 196, 110, 0, 0]"
606.412121,84159691,"[6, 0, 208, 201, 255, 191, 78, 38]"
606.412807,352595220,"[7, 0, 0, 128, 0, 8, 128, 1]"
606.413494,84159690,"[6, 0, 200, 239, 255, 127, 126, 39]"
606.414184,33827926,"[0, 0, 0, 98, 0, 16, 3, 0]"
606.414869,33828310,"[0, 0, 0, 147, 0, 0, 0, 0]"
606.415602,33827911,"[0, 0, 0, 226, 0, 16, 250, 255]"
606.416245,33828295,"[0, 0, 192, 26, 255, 255, 0, 0]"
606.416934,33929247,"[0, 0, 248, 6, 0, 24, 64, 0]"
606.417619,84159693,"[0, 0, 160, 207, 255, 191, 123, 38]"
606.418312,33827906,"[0, 0, 0, 98, 0, 16, 253, 255]"
606.419,33828294,"[24, 0, 32, 191, 255, 255, 0, 0]"
606.419685,33827909,"[0, 0, 0, 98, 0, 16, 7, 0]"
606.420378,33828293,"[0, 0, 128, 82, 0, 0, 0, 0]"
606.421084,84159692,"[4, 0, 8, 208, 255, 191, 128, 38]"
606.421751,84159684,"[0, 0, 168, 220, 255, 255, 229, 38]"
606.422444,84159691,"[3, 0, 208, 201, 255, 191, 78, 38]"
606.423135,352596180,"[241, 223, 6, 160, 1, 4, 0, 5]"
606.423824,84159690,"[2, 0, 200, 239, 255, 191, 126, 39]"
606.424573,33827926,"[0, 0, 0, 98, 0, 16, 2, 0]"
606.425271,134551553,"[0, 0, 0, 0, 0, 0, 0, 192]"
606.425959,134551617,"[0, 0, 0, 64, 0, 0, 0, 0]"
606.426659,33827911,"[0, 0, 0, 226, 0, 16, 30, 0]"
606.427337,134551681,"[0, 8, 32, 0, 0, 0, 0, 0]"
606.428086,134551745,"[0, 0, 0, 3, 0, 0, 2, 0]"
606.428718,33827905,"[0, 0, 0, 98, 0, 16, 8, 0]"
606.429417,33827907,"[0, 0, 0, 226, 0, 16, 232, 255]"
606.430102,84159692,"[10, 0, 24, 208, 255, 191, 128, 38]"
606.430791,33929248,"[0, 0, 252, 6, 0, 24, 64, 0]"
606.431476,84159684,"[6, 0, 184, 220, 255, 191, 229, 38]"
606.432173,84159691,"[3, 0, 208, 201, 255, 191, 78, 38]"
606.432852,352595220,"[6, 0, 0, 128, 0, 8, 128, 1]"
606.433566,84159690,"[2, 0, 200, 239, 255, 191, 126, 39]"
606.434248,33827926,"[0, 0, 0, 98, 0, 16, 248, 255]"
606.434956,33828310,"[0, 0, 0, 147, 0, 0, 0, 0]"
606.435636,33827911,"[0, 0, 0, 226, 0, 16, 0, 0]"
606.436326,33828295,"[0, 0, 192, 26, 255, 255, 0, 0]"
606.43708,33929247,"[0, 0, 247, 6, 0, 24, 64, 0]"
606.437715,84159693,"[3, 0, 152, 207, 255, 191, 123, 38]"
606.438398,33827906,"[0, 0, 0, 98, 0, 16, 233, 255]"
606.439095,33828296,"[248, 255, 127, 62, 255, 255, 0, 0]"
606.439781,33827930,"[0, 0, 0, 226, 0, 16, 3, 0]"
606.440499,33828314,"[0, 0, 192, 162, 0, 0, 0, 0]"
606.441188,84159692,"[4, 0, 8, 208, 255, 191, 128, 38]"
606.441889,84159684,"[5, 0, 176, 220, 255, 127, 229, 38]"
606.442572,84159691,"[3, 0, 208, 201, 255, 191, 78, 38]"
606.443268,352596436,"[2, 0, 128, 0, 0, 8, 0, 0]"
606.443954,352596500,"[132, 255, 128, 0, 232, 63, 0, 4]"
606.444644,33844182,"[0, 0, 0, 0, 1, 26, 19, 0]"
606.445334,33828950,"[212, 74, 40, 37, 0, 0, 0, 0]"
606.446073,33828374,"[0, 0, 0, 0, 0, 0, 0, 128]"
606.446723,33828438,"[0, 0, 0, 0, 0, 0, 0, 128]"
606.447421,33929247,"[0, 0, 248, 6, 0, 24, 64, 0]"
606.448095,33827908,"[0, 0, 0, 98, 0, 16, 15, 0]"
606.448788,134551809,"[139, 6, 144, 128, 0, 28, 0, 0]"
606.449471,33827907,"[0, 0, 0, 226, 0, 16, 220, 255]"
606.450168,84159692,"[4, 0, 8, 208, 255, 127, 128, 38]"
606.450853,33929248,"[0, 0, 253, 6, 0, 24, 64, 0]"
606.451551,84159684,"[0, 0, 168, 220, 255, 127, 229, 38]"
606.45224,84159691,"[3, 0, 208, 201, 255, 191, 78, 38]"
606.452933,352595220,"[6, 0, 0, 128, 0, 8, 128, 1]"
606.453645,84159690,"[0, 0, 192, 239, 255, 191, 126, 39]"
606.454342,33827926,"[0, 0, 0, 98, 0, 16, 2, 0]"
606.455067,33828310,"[0, 0, 0, 147, 0, 0, 0, 0]"
606.455734,33827911,"[0, 0, 0, 226, 0, 16, 5, 0]"
606.456431,33828295,"[0, 0, 192, 26, 255, 255, 0, 0]"
606.457127,33929247,"[0, 0, 248, 6, 0, 24, 64, 0]"
606.457813,33827912,"[0, 0, 0, 98, 0, 16, 253, 255]"
606.45851,33827906,"[0, 0, 0, 98, 0, 16, 2, 0]"
606.4592,33929246,"[0, 0, 249, 6, 0, 22, 64, 0]"
606.459893,33827930,"[0, 0, 0, 226, 0, 16, 65, 0]"
606.460576,33828314,"[0, 0, 192, 162, 0, 0, 0, 0]"
606.461273,33929312,"[0, 0, 0, 0, 0, 64, 0, 0]"
606.461961,84159684,"[0, 0, 168, 220, 255, 127, 229, 38]"
606.462653,84159691,"[3, 0, 208, 201, 255, 191, 78, 38]"
606.463346,352596180,"[241, 223, 6, 160, 1, 4, 0, 5]"
606.464066,84159690,"[2, 0, 200, 239, 255, 191, 126, 39]"
606.464747,33827926,"[0, 0, 0, 98, 0, 16, 249, 255]"
606.465448,134551553,"[0, 0, 0, 0, 0, 0, 0, 192]"
606.466126,134551617,"[0, 0, 0, 64, 0, 0, 0, 0]"
606.466822,33844167,"[0, 0, 0, 0, 1, 26, 19, 0]"
606.467507,33929247,"[0, 0, 248, 6, 0, 24, 64, 0]"
606.468206,33827911,"[0, 0, 0, 226, 0, 16, 3, 0]"
606.468888,33827912,"[0, 0, 0, 98, 0, 16, 252, 255]"
606.469587,33828232,"[0, 0, 0, 92, 0, 0, 0, 0]"
606.470273,33828423,"[0, 0, 0, 0, 0, 0, 0, 128]"
606.471064,33828487,"[8, 0, 0, 0, 0, 0, 0, 0]"
606.471689,33828552,"[0, 0, 4, 0, 0, 0, 0, 0]"
606.472381,33828546,"[0, 0, 4, 0, 0, 0, 0, 0]"
606.473073,33844166,"[0, 0, 0, 0, 1, 26, 19, 0]"
606.473769,33834821,"[0, 0, 0, 0, 0, 3, 128, 0]"
606.474454,33828163,"[228, 127, 0, 0, 91, 20, 25, 20]"
606.475146,33828484,"[8, 0, 0, 0, 0, 0, 0, 0]"
606.475828,33828417,"[0, 0, 0, 0, 0, 0, 0, 128]"
606.476527,33827909,"[0, 0, 0, 98, 0, 16, 243, 255]"
606.477217,33827911,"[0, 0, 0, 226, 0, 16, 8, 0]"
606.47791,33828295,"[0, 0, 192, 26, 255, 255, 0, 0]"
606.478593,33828357,"[0, 0, 0, 0, 0, 0, 0, 128]"
606.479297,33828290,"[16, 0, 32, 64, 255, 255, 0, 0]"
606.479982,33828547,"[0, 0, 4, 0, 0, 0, 0, 0]"
606.480687,33844186,"[0, 0, 0, 0, 1, 26, 19, 128]"
606.481362,33827907,"[0, 0, 0, 226, 0, 16, 195, 255]"
606.482059,33929247,"[0, 0, 248, 6, 0, 24, 64, 0]"
606.482745,33827930,"[0, 0, 0, 226, 0, 16, 50, 0]"
606.483442,33828186,"[231, 127, 0, 64, 91, 19, 22, 20]"
606.484124,84159693,"[3, 0, 160, 207, 255, 191, 123, 38]"
606.484817,33828442,"[0, 0, 0, 0, 0, 0, 0, 128]"
606.485507,33828506,"[12, 0, 0, 0, 0, 0, 0, 0]"
606.490522,352595220,"[7, 0, 0, 128, 0, 8, 128, 1]"
606.491268,352595220,"[7, 0, 0, 128, 0, 8, 128, 1]"
606.491962,84159684,"[6, 0, 184, 220, 255, 127, 229, 38]"
606.492644,84211725,"[154, 148, 207, 18, 174, 41, 0, 0]"
606.493334,352595220,"[7, 0, 0, 128, 0, 8, 128, 1]"
606.494052,352596820,"[0, 0, 0, 0, 0, 0, 0, 0]"
606.49471,33827926,"[0, 0, 0, 98, 0, 16, 9, 0]"
606.4954,33828310,"[0, 0, 0, 147, 0, 0, 0, 0]"
606.496085,33827911,"[0, 0, 0, 226, 0, 16, 3, 0]"
606.496771,33828295,"[0, 0, 192, 26, 255, 255, 0, 0]"
606.497461,33929247,"[0, 0, 247, 6, 0, 24, 64, 0]"
606.498143,33827908,"[0, 0, 0, 98, 0, 16, 2, 0]"
606.498836,33828292,"[12, 0, 64, 39, 255, 255, 0, 0]"
606.499519,33827909,"[0, 0, 0, 98, 0, 16, 232, 255]"
606.50023,33828293,"[0, 0, 128, 82, 0, 0, 0, 0]"
606.500923,84159692,"[3, 0, 8, 208, 255, 191, 128, 38]"
606.50157,84159684,"[15, 0, 184, 220, 255, 127, 229, 38]"
606.50223,84159691,"[3, 0, 208, 201, 255, 191, 78, 38]"
606.502931,352596180,"[241, 223, 6, 160, 1, 4, 0, 5]"
606.503563,84159690,"[2, 0, 208, 239, 255, 191, 126, 39]"
606.50439,33827926,"[0, 0, 0, 98, 0, 16, 5, 0]"
606.505045,134551553,"[0, 0, 0, 0, 0, 0, 0, 192]"
606.505731,134551617,"[0, 0, 0, 64, 0, 0, 0, 0]"
606.506432,33827911,"[0, 0, 0, 226, 0, 16, 13, 0]"
606.507054,134551681,"[0, 4, 32, 0, 0, 0, 0, 0]"
606.507742,33827912,"[0, 0, 0, 98, 0, 16, 248, 255]"
606.508435,33827906,"[0, 0, 0, 98, 0, 16, 249, 255]"
606.509127,33929246,"[0, 0, 249, 6, 0, 22, 64, 0]"
606.509815,33827930,"[0, 0, 0, 226, 0, 16, 49, 0]"
606.510529,33929248,"[0, 0, 253, 6, 0, 24, 64, 0]"
606.511136,84159684,"[6, 0, 184, 220, 255, 127, 229, 38]"
606.511825,84159691,"[3, 0, 208, 201, 255, 191, 78, 38]"
606.512525,352595220,"[7, 0, 0, 128, 0, 8, 128, 1]"
606.513212,84159690,"[243, 255, 207, 239, 255, 127, 126, 39]"
606.5139,33827926,"[0, 0, 0, 98, 0, 16, 251, 255]"
606.5146,33828310,"[0, 0, 0, 147, 0, 0, 0, 0]"
606.515488,33827911,"[0, 0, 0, 226, 0, 16, 3, 0]"
606.515905,33828295,"[0, 0, 192, 26, 255, 255, 0, 0]"
606.51659,33929247,"[0, 0, 248, 6, 0, 24, 64, 0]"
606.517297,84159693,"[3, 0, 160, 207, 255, 191, 123, 38]"
606.518038,33827908,"[0, 0, 0, 98, 0, 16, 0, 0]"
606.518684,33827905,"[0, 0, 0, 98, 0, 16, 12, 0]"
606.519307,33828289,"[0, 0, 0, 189, 255, 255, 0, 0]"
606.520041,84159692,"[3, 0, 8, 208, 255, 191, 128, 38]"
606.520539,33929248,"[0, 0, 253, 6, 0, 24, 64, 0]"
606.521146,33929312,"[0, 0, 0, 0, 0, 64, 0, 0]"
606.521919,84159684,"[0, 0, 168, 220, 255, 127, 229, 38]"
606.522667,84159691,"[3, 0, 208, 201, 255, 191, 78, 38]"
606.523379,352596180,"[241, 223, 6, 160, 1, 4, 0, 5]"
606.524068,84159690,"[2, 0, 200, 239, 255, 191, 126, 39]"
606.524768,33827926,"[0, 0, 0, 98, 0, 16, 251, 255]"
606.525458,134551553,"[0, 0, 0, 0, 0, 0, 0, 192]"
606.526154,134551617,"[0, 0, 0, 64, 0, 0, 0, 0]"
606.526848,33827911,"[0, 0, 0, 226, 0, 16, 14, 0]"
606.527545,33929311,"[0, 0, 0, 0, 0, 64, 0, 0]"
606.528227,134551745,"[0, 0, 0, 3, 0, 0, 2, 0]"
606.528927,33827906,"[0, 0, 0, 98, 0, 16, 253, 255]"
606.529624,33827930,"[0, 0, 0, 226, 0, 16, 46, 0]"
606.53035,33929248,"[0, 0, 253, 6, 0, 24, 64, 0]"
606.531039,84159684,"[2, 0, 176, 220, 255, 191, 229, 38]"
606.53174,84159691,"[3, 0, 208, 201, 255, 191, 78, 38]"
606.532423,352595220,"[7, 0, 0, 128, 0, 8, 128, 1]"
606.533139,84159690,"[2, 0, 200, 239, 255, 191, 126, 39]"
606.533826,33827926,"[0, 0, 0, 98, 0, 16, 245, 255]"
606.53453,33828310,"[0, 0, 0, 147, 0, 0, 0, 0]"
606.535511,33827911,"[0, 0, 0, 226, 0, 16, 22, 0]"
606.535912,33828295,"[0, 0, 192, 26, 255, 255, 0, 0]"
606.536602,33929247,"[0, 0, 248, 6, 0, 24, 64, 0]"
606.537278,84159693,"[3, 0, 160, 207, 255, 191, 123, 38]"
606.538025,33827908,"[0, 0, 0, 98, 0, 16, 32, 0]"
606.538711,33827905,"[0, 0, 0, 98, 0, 16, 9, 0]"
606.539394,33827907,"[0, 0, 0, 226, 0, 16, 238, 255]"
606.540097,33828291,"[0, 0, 192, 245, 255, 255, 0, 0]"
606.540783,33929312,"[0, 0, 0, 0, 0, 64, 0, 0]"
606.54148,84159684,"[1, 0, 168, 220, 255, 127, 229, 38]"
606.542169,84159691,"[3, 0, 208, 201, 255, 191, 78, 38]"
606.54287,352595220,"[7, 0, 0, 128, 0, 8, 128, 1]"
606.54356,352596500,"[136, 255, 116, 0, 164, 63, 0, 4]"
606.54427,84159690,"[2, 0, 200, 239, 255, 191, 126, 39]"
606.545025,33827926,"[0, 0, 0, 98, 0, 16, 254, 255]"
606.545661,134551553,"[0, 0, 0, 0, 0, 0, 0, 192]"
606.546343,134551617,"[0, 0, 0, 64, 0, 0, 0, 0]"
606.547047,33827911,"[0, 0, 0, 226, 0, 16, 14, 0]"
606.547733,84159693,"[241, 255, 159, 207, 255, 127, 123, 38]"
606.548358,134551809,"[141, 6, 144, 128, 0, 28, 0, 0]"
606.54904,33929246,"[0, 0, 250, 6, 0, 22, 64, 0]"
606.549755,33827930,"[0, 0, 0, 226, 0, 16, 5, 0]"
606.550459,84211724,"[194, 196, 101, 75, 58, 186, 0, 0]"
606.551163,84159684,"[1, 0, 168, 220, 255, 127, 229, 38]"
606.551853,84159691,"[3, 0, 208, 201, 255, 127, 78, 38]"
606.55256,352595220,"[7, 0, 0, 128, 0, 8, 128, 1]"
606.553246,84159690,"[2, 0, 208, 239, 255, 127, 126, 39]"
606.554024,33827926,"[0, 0, 0, 98, 0, 16, 246, 255]"
606.554663,33828310,"[0, 0, 0, 147, 0, 0, 0, 0]"
606.555504,33827911,"[0, 0, 0, 226, 0, 16, 24, 0]"
606.556051,33828295,"[0, 0, 192, 26, 255, 255, 0, 0]"
606.556747,33929247,"[0, 0, 248, 6, 0, 24, 64, 0]"
606.557432,84159693,"[3, 0, 152, 207, 255, 191, 123, 38]"
606.558124,33827910,"[0, 0, 0, 98, 0, 16, 0, 0]"
606.558813,33828290,"[12, 0, 64, 64, 255, 255, 0, 0]"
606.559519,33827907,"[0, 0, 0, 226, 0, 16, 206, 255]"
606.560197,33828291,"[0, 0, 192, 245, 255, 255, 0, 0]"
606.560921,84159692,"[6, 0, 8, 208, 255, 191, 128, 38]"
606.561599,84159684,"[15, 0, 184, 220, 255, 63, 229, 38]"
606.562299,84159691,"[6, 0, 208, 201, 255, 127, 78, 38]"
606.563019,352596180,"[241, 223, 6, 160, 1, 4, 0, 5]"
606.563679,84159690,"[2, 0, 200, 239, 255, 127, 126, 39]"
606.564365,33827926,"[0, 0, 0, 98, 0, 16, 0, 0]"
606.565073,134551553,"[0, 0, 0, 0, 0, 0, 0, 192]"
606.565762,134551617,"[0, 0, 0, 64, 0, 0, 0, 0]"
606.566461,33827911,"[0, 0, 0, 226, 0, 16, 2, 0]"
606.567144,134551681,"[0, 4, 32, 0, 0, 0, 0, 0]"
606.567844,84159693,"[3, 0, 152, 207, 255, 191, 123, 38]"
606.568541,33827906,"[0, 0, 0, 98, 0, 16, 5, 0]"
606.569245,33929310,"[0, 0, 0, 0, 0, 64, 0, 0]"
606.569938,33880065,"[60, 152, 134, 16, 3, 12, 0, 0]"
606.570585,33929248,"[0, 0, 253, 6, 0, 24, 64, 0]"
606.571275,84159684,"[3, 0, 168, 220, 255, 191, 229, 38]"
606.572014,84159691,"[3, 0, 200, 201, 255, 191, 78, 38]"
606.572672,352595220,"[7, 0, 0, 128, 0, 8, 128, 1]"
606.573365,84159690,"[2, 0, 200, 239, 255, 127, 126, 39]"
606.574047,33827926,"[0, 0, 0, 98, 0, 16, 5, 0]"
606.574747,33828310,"[0, 0, 0, 147, 0, 0, 0, 0]"
606.57543,33827911,"[0, 0, 0, 226, 0, 16, 11, 0]"
606.576122,33828295,"[0, 0, 192, 26, 255, 255, 0, 0]"
606.576801,33929247,"[0, 0, 248, 6, 0, 24, 64, 0]"
606.577491,84159693,"[3, 0, 160, 207, 255, 191, 123, 38]"
606.57818,33828292,"[12, 0, 32, 39, 255, 255, 0, 0]"
606.578887,33828290,"[212, 0, 96, 64, 255, 255, 0, 0]"
606.579563,33827907,"[0, 0, 0, 226, 0, 16, 213, 255]"
606.58026,84159692,"[3, 0, 16, 208, 255, 191, 128, 38]"
606.581007,33929312,"[0, 0, 0, 0, 0, 64, 0, 0]"
606.58165,84159684,"[12, 0, 192, 220, 255, 191, 229, 38]"
606.582333,84159691,"[3, 0, 200, 201, 255, 127, 78, 38]"
606.583036,352596180,"[241, 223, 6, 160, 1, 4, 0, 5]"
606.583722,84159690,"[2, 0, 200, 239, 255, 127, 126, 39]"
606.584419,33827926,"[0, 0, 0, 98, 0, 16, 4, 0]"
606.585109,134551553,"[0, 0, 0, 0, 0, 0, 0, 192]"
606.585823,134551617,"[0, 0, 0, 64, 0, 0, 0, 0]"
606.586513,33827911,"[0, 0, 0, 226, 0, 16, 13, 0]"
606.587188,134551681,"[0, 4, 32, 0, 0, 0, 0, 0]"
606.587881,134551745,"[0, 0, 0, 3, 0, 0, 1, 0]"
606.588585,33827905,"[0, 0, 0, 98, 0, 16, 250, 255]"
606.589203,33827907,"[0, 0, 0, 226, 0, 16, 199, 255]"
606.589896,33929310,"[0, 0, 0, 0, 0, 64, 0, 0]"
606.590593,33929248,"[0, 0, 253, 6, 0, 24, 64, 0]"
606.591211,84159684,"[254, 255, 167, 220, 255, 127, 229, 38]"
606.591896,84159691,"[2, 0, 200, 201, 255, 191, 78, 38]"
606.592594,84211716,"[175, 68, 144, 114, 133, 89, 0, 0]"
606.593211,352595220,"[7, 0, 0, 128, 0, 8, 128, 1]"
606.593897,84159690,"[2, 0, 200, 239, 255, 127, 126, 39]"
606.594594,33827926,"[0, 0, 0, 98, 0, 16, 254, 255]"
606.595226,33828310,"[0, 0, 0, 147, 0, 0, 0, 0]"
606.595909,33827911,"[0, 0, 0, 226, 0, 16, 12, 0]"
606.596601,33828295,"[0, 0, 192, 26, 255, 255, 0, 0]"
606.597222,33929247,"[0, 0, 247, 6, 0, 24, 64, 0]"
606.597911,33827908,"[0, 0, 0, 98, 0, 16, 31, 0]"
606.598604,33827905,"[0, 0, 0, 98, 0, 16, 8, 0]"
606.599225,33880071,"[59, 240, 46, 114, 23, 167, 0, 0]"
606.599906,33827930,"[0, 0, 0, 226, 0, 16, 56, 0]"
606.600599,33929248,"[0, 0, 253, 6, 0, 24, 64, 0]"
606.60122,33929312,"[0, 0, 0, 0, 0, 64, 0, 0]"
606.601909,84159691,"[2, 0, 208, 201, 255, 191, 78, 38]"
606.602594,352595220,"[7, 0, 0, 128, 0, 8, 128, 1]"
606.603215,352596180,"[241, 223, 6, 160, 1, 4, 0, 5]"
606.603897,84159690,"[1, 0, 200, 239, 255, 191, 126, 39]"
606.60459,33827926,"[0, 0, 0, 98, 0, 16, 255, 255]"
606.6052,134551553,"[0, 0, 0, 0, 0, 0, 0, 192]"
606.605895,134551617,"[0, 0, 0, 64, 0, 0, 0, 0]"
606.606581,33827911,"[0, 0, 0, 226, 0, 16, 14, 0]"
606.607216,33929247,"[0, 0, 247, 6, 0, 24, 64, 0]"
606.607905,84159693,"[2, 0, 160, 207, 255, 191, 123, 38]"
606.608605,33827905,"[0, 0, 0, 98, 0, 16, 254, 255]"
606.609226,33929310,"[0, 0, 0, 0, 0, 64, 0, 0]"
606.609915,33827930,"[0, 0, 0, 226, 0, 16, 47, 0]"
606.610607,84159692,"[3, 0, 16, 208, 255, 191, 128, 38]"
606.611235,33929248,"[0, 0, 254, 6, 0, 24, 64, 0]"
606.611992,84159691,"[5, 0, 200, 201, 255, 191, 78, 38]"
606.612613,33880086,"[241, 66, 152, 169, 56, 186, 0, 0]"
606.61323,352595220,"[7, 0, 0, 128, 0, 8, 128, 1]"
606.613916,84159690,"[8, 0, 216, 239, 255, 191, 126, 39]"
606.614606,33827926,"[0, 0, 0, 98, 0, 16, 254, 255]"
606.615224,33828310,"[0, 0, 0, 147, 0, 0, 0, 0]"
606.615907,33827911,"[0, 0, 0, 226, 0, 16, 1, 0]"
606.616597,33828295,"[0, 0, 192, 26, 255, 255, 0, 0]"
606.617214,33929247,"[0, 0, 247, 6, 0, 24, 64, 0]"
606.6179,33827908,"[0, 0, 0, 98, 0, 16, 13, 0]"
606.61859,33827906,"[0, 0, 0, 98, 0, 16, 2, 0]"
606.619207,33929246,"[0, 0, 248, 6, 0, 22, 64, 0]"
606.619893,84160644,"[182, 192, 0, 0, 0, 0, 0, 0]"
606.620619,33929248,"[0, 0, 253, 6, 0, 24, 64, 0]"
606.621229,84175812,"[0, 0, 0, 0, 1, 26, 19, 128]"
606.621991,84159691,"[2, 0, 200, 201, 255, 127, 78, 38]"
606.622612,352595220,"[7, 0, 0, 128, 0, 8, 128, 1]"
606.623222,352596180,"[241, 223, 6, 160, 1, 4, 0, 5]"
606.623908,84159690,"[1, 0, 208, 239, 255, 191, 126, 39]"
606.624613,33827926,"[0, 0, 0, 98, 0, 16, 2, 0]"
606.625218,134551553,"[0, 0, 0, 0, 0, 0, 0, 192]"
606.625904,134551617,"[0, 0, 0, 64, 0, 0, 0, 0]"
606.626616,33827911,"[0, 0, 0, 226, 0, 16, 241, 255]"
606.62724,33929247,"[0, 0, 248, 6, 0, 24, 64, 0]"
606.627987,134551745,"[0, 0, 0, 3, 0, 0, 1, 0]"
606.628623,33827905,"[0, 0, 0, 98, 0, 16, 7, 0]"
606.62924,33827907,"[0, 0, 0, 226, 0, 16, 220, 255]"
606.629981,33827930,"[0, 0, 0, 226, 0, 16, 24, 0]"
606.630624,33929248,"[0, 0, 253, 6, 0, 24, 64, 0]"
606.631248,84159684,"[10, 0, 184, 220, 255, 127, 229, 38]"
606.631981,84159691,"[2, 0, 200, 201, 255, 191, 78, 38]"
606.632638,352595220,"[7, 0, 0, 128, 0, 8, 128, 1]"
606.633262,84159690,"[4, 0, 208, 239, 255, 191, 126, 39]"
606.633981,33827926,"[0, 0, 0, 98, 0, 16, 254, 255]"
606.634631,33828310,"[0, 0, 0, 147, 0, 0, 0, 0]"
606.635474,33827911,"[0, 0, 0, 226, 0, 16, 12, 0]"
606.635981,33828295,"[0, 0, 192, 26, 255, 255, 0, 0]"
606.636638,33929247,"[0, 0, 248, 6, 0, 24, 64, 0]"
606.637255,84159693,"[2, 0, 160, 207, 255, 191, 123, 38]"
606.637981,33827908,"[0, 0, 0, 98, 0, 16, 31, 0]"
606.638631,33827905,"[0, 0, 0, 98, 0, 16, 249, 255]"
606.639248,33828289,"[0, 0, 0, 189, 255, 255, 0, 0]"
606.639982,84159692,"[6, 0, 8, 208, 255, 191, 128, 38]"
606.640632,33828314,"[0, 0, 192, 162, 0, 0, 0, 0]"
606.641263,84166477,"[0, 0, 0, 0, 24, 0, 0, 0]"
606.641977,84159691,"[2, 0, 200, 201, 255, 191, 78, 38]"
606.642638,84160651,"[172, 192, 88, 128, 24, 0, 0, 0]"
606.643259,352596180,"[241, 223, 6, 160, 1, 4, 0, 5]"
606.64398,352596500,"[180, 255, 72, 0, 156, 63, 0, 4]"
606.64464,33827926,"[0, 0, 0, 98, 0, 16, 6, 0]"
606.645268,84166474,"[0, 0, 0, 0, 24, 0, 0, 0]"
606.645975,134551553,"[0, 0, 0, 0, 0, 0, 0, 192]"
606.646642,134551617,"[0, 0, 0, 64, 0, 0, 0, 0]"
606.647256,33929247,"[0, 0, 248, 6, 0, 24, 64, 0]"
606.647977,33827910,"[0, 0, 0, 98, 0, 16, 11, 0]"
606.648631,33827905,"[0, 0, 0, 98, 0, 16, 244, 255]"
606.649252,33827909,"[0, 0, 0, 98, 0, 16, 10, 0]"
606.649973,33929310,"[0, 0, 0, 0, 0, 64, 0, 0]"
606.650647,33929248,"[0, 0, 253, 6, 0, 24, 64, 0]"
606.651276,84159684,"[4, 0, 184, 220, 255, 191, 229, 38]"
606.651975,84159691,"[2, 0, 200, 201, 255, 191, 78, 38]"
606.652656,352595220,"[7, 0, 0, 128, 0, 8, 128, 1]"
606.653277,84159690,"[1, 0, 200, 239, 255, 191, 126, 39]"
606.653969,33827926,"[0, 0, 0, 98, 0, 16, 248, 255]"
606.654651,33828310,"[0, 0, 0, 147, 0, 0, 0, 0]"
606.655273,33880072,"[129, 116, 51, 186, 102, 9, 0, 0]"
606.655967,33827911,"[0, 0, 0, 226, 0, 16, 24, 0]"
606.656656,33828295,"[0, 0, 192, 26, 255, 255, 0, 0]"
606.657274,33929247,"[0, 0, 247, 6, 0, 24, 64, 0]"
606.657971,33827910,"[0, 0, 0, 98, 0, 16, 0, 0]"
606.6587,33827905,"[0, 0, 0, 98, 0, 16, 244, 255]"
606.659311,33827907,"[0, 0, 0, 226, 0, 16, 226, 255]"
606.66,33828291,"[0, 0, 192, 245, 255, 255, 0, 0]"
606.660671,33929312,"[0, 0, 0, 0, 0, 64, 0, 0]"
606.661369,33880068,"[240, 6, 22, 251, 183, 182, 0, 0]"
606.662051,84159691,"[2, 0, 208, 201, 255, 191, 78, 38]"
606.662744,352595220,"[7, 0, 0, 128, 0, 8, 128, 1]"
606.663441,84211722,"[221, 113, 230, 148, 162, 179, 0, 0]"
606.664145,84159690,"[1, 0, 200, 239, 255, 191, 126, 39]"
606.664823,33827926,"[0, 0, 0, 98, 0, 16, 253, 255]"
606.66552,134551553,"[0, 0, 0, 0, 0, 0, 0, 192]"
606.666217,134551617,"[0, 0, 0, 64, 0, 0, 0, 0]"
606.666964,33827911,"[0, 0, 0, 226, 0, 16, 34, 0]"
606.667514,84159693,"[2, 0, 160, 207, 255, 191, 123, 38]"
606.668217,33827906,"[0, 0, 0, 98, 0, 16, 234, 255]"
606.668889,33827905,"[0, 0, 0, 98, 0, 16, 2, 0]"
606.669593,33827930,"[0, 0, 0, 226, 0, 16, 41, 0]"
606.670268,84159692,"[2, 0, 16, 208, 255, 191, 128, 38]"
606.670965,33929248,"[0, 0, 252, 6, 0, 24, 64, 0]"
606.671651,84159684,"[4, 0, 176, 220, 255, 191, 229, 38]"
606.672341,84159691,"[2, 0, 208, 201, 255, 191, 78, 38]"
606.673023,352595220,"[7, 0, 0, 128, 0, 8, 128, 1]"
606.673723,84159690,"[1, 0, 200, 239, 255, 127, 126, 39]"
606.674413,33827926,"[0, 0, 0, 98, 0, 16, 9, 0]"
606.675102,33828310,"[0, 0, 0, 147, 0, 0, 0, 0]"
606.675716,33827911,"[0, 0, 0, 226, 0, 16, 38, 0]"
606.676406,33828295,"[0, 0, 192, 26, 255, 255, 0, 0]"
606.677088,33929247,"[0, 0, 247, 6, 0, 24, 64, 0]"
606.677781,33827908,"[0, 0, 0, 98, 0, 16, 23, 0]"
606.678464,33827906,"[0, 0, 0, 98, 0, 16, 6, 0]"
606.679146,33929246,"[0, 0, 248, 6, 0, 22, 64, 0]"
606.679846,33827930,"[0, 0, 0, 226, 0, 16, 54, 0]"
606.680558,33929248,"[0, 0, 252, 6, 0, 24, 64, 0]"
606.681247,33929312,"[0, 0, 0, 0, 0, 64, 0, 0]"
606.681958,84159691,"[2, 0, 208, 201, 255, 191, 78, 38]"
606.682594,352595220,"[7, 0, 0, 128, 0, 8, 128, 1]"
606.683306,352596180,"[241, 223, 6, 160, 1, 4, 0, 5]"
606.683995,84159690,"[1, 0, 200, 239, 255, 127, 126, 39]"
606.684688,33827926,"[0, 0, 0, 98, 0, 16, 3, 0]"
606.685371,134551553,"[0, 0, 0, 0, 0, 0, 0, 192]"
606.686067,134551617,"[0, 0, 0, 64, 0, 0, 0, 0]"
606.686703,33827911,"[0, 0, 0, 226, 0, 16, 2, 0]"
606.687402,33929311,"[0, 0, 0, 0, 0, 64, 0, 0]"
606.688087,134551745,"[0, 0, 0, 3, 0, 0, 2, 0]"
606.688783,33827905,"[0, 0, 0, 98, 0, 16, 242, 255]"
606.689461,33827909,"[0, 0, 0, 98, 0, 16, 247, 255]"
606.690153,84159692,"[5, 0, 8, 208, 255, 191, 128, 38]"
606.690778,33929248,"[0, 0, 253, 6, 0, 24, 64, 0]"
606.691464,84159684,"[0, 0, 168, 220, 255, 191, 229, 38]"
606.692226,84159691,"[2, 0, 208, 201, 255, 191, 78, 38]"
606.692947,352595220,"[7, 0, 0, 128, 0, 8, 128, 1]"
606.693615,84159690,"[1, 0, 200, 239, 255, 191, 126, 39]"
606.694307,33844182,"[0, 0, 0, 0, 1, 26, 19, 0]"
606.69495,33828950,"[212, 74, 40, 37, 0, 0, 0, 0]"
606.695631,33828182,"[0, 0, 0, 192, 89, 20, 24, 0]"
606.69631,33828310,"[0, 0, 0, 147, 0, 0, 0, 0]"
606.696952,33827911,"[0, 0, 0, 226, 0, 16, 25, 0]"
606.697633,33827912,"[0, 0, 0, 98, 0, 16, 247, 255]"
606.698326,33828292,"[8, 0, 64, 39, 255, 255, 0, 0]"
606.698947,33828296,"[8, 0, 128, 62, 255, 255, 0, 0]"
606.699629,33827930,"[0, 0, 0, 226, 0, 16, 54, 0]"
606.700385,33828314,"[0, 0, 192, 162, 0, 0, 0, 0]"
606.701084,84159692,"[52, 0, 24, 208, 255, 191, 128, 38]"
606.701772,84159684,"[10, 0, 192, 220, 255, 191, 229, 38]"
606.70247,84159691,"[209, 255, 207, 201, 255, 191, 78, 38]"
606.703087,352596180,"[241, 223, 6, 160, 1, 4, 0, 5]"
606.70378,84159690,"[23, 0, 208, 239, 255, 191, 126, 39]"
606.704463,33827926,"[0, 0, 0, 98, 0, 16, 251, 255]"
606.70515,134551553,"[0, 0, 0, 0, 0, 0, 0, 192]"
606.705836,134551617,"[0, 0, 0, 64, 0, 0, 0, 0]"
606.706433,33827911,"[0, 0, 0, 226, 0, 16, 6, 0]"
606.706957,33929247,"[0, 0, 248, 6, 0, 24, 64, 0]"
606.70765,134551745,"[0, 0, 0, 3, 0, 0, 2, 0]"
606.708332,33827906,"[0, 0, 0, 98, 0, 16, 253, 255]"
606.709036,33827905,"[0, 0, 0, 98, 0, 16, 1, 0]"
606.709715,33929246,"[0, 0, 249, 6, 0, 22, 64, 0]"
606.710434,33929248,"[0, 0, 253, 6, 0, 24, 64, 0]"
606.711123,84159684,"[2, 0, 176, 220, 255, 127, 229, 38]"
606.711823,84159691,"[2, 0, 200, 201, 255, 127, 78, 38]"
606.712506,352595220,"[7, 0, 0, 128, 0, 8, 128, 1]"
606.713209,84159690,"[7, 0, 200, 239, 255, 191, 126, 39]"
606.713942,33827926,"[0, 0, 0, 98, 0, 16, 251, 255]"
606.714599,33828310,"[0, 0, 0, 147, 0, 0, 0, 0]"
606.715594,33844167,"[0, 0, 0, 0, 1, 26, 19, 0]"
606.715979,33929247,"[0, 0, 248, 6, 0, 24, 64, 0]"
606.716666,84159693,"[2, 0, 160, 207, 255, 191, 123, 38]"
606.717363,33834823,"[0, 0, 0, 0, 0, 3, 128, 0]"
606.718052,33844164,"[0, 0, 0, 0, 1, 26, 19, 0]"
606.718753,33828167,"[255, 127, 0, 0, 91, 19, 24, 20]"
606.719436,33828936,"[0, 243, 199, 46, 0, 0, 0, 0]"
606.720132,33828228,"[0, 0, 192, 81, 255, 255, 0, 0]"
606.720818,33828292,"[8, 0, 32, 39, 255, 255, 0, 0]"
606.721479,33828423,"[0, 0, 0, 0, 0, 0, 0, 128]"
606.722175,33828294,"[28, 0, 32, 191, 255, 255, 0, 0]"
606.722937,33828548,"[0, 0, 4, 0, 0, 0, 0, 0]"
606.72358,33844162,"[0, 0, 0, 0, 1, 26, 19, 0]"
606.724277,33828929,"[0, 243, 199, 46, 0, 0, 0, 0]"
606.724966,33844186,"[0, 0, 0, 0, 1, 26, 19, 128]"
606.725667,33827909,"[0, 0, 0, 98, 0, 16, 15, 0]"
606.726349,33828165,"[248, 127, 0, 0, 91, 19, 24, 21]"
606.727046,33828954,"[104, 198, 41, 41, 0, 0, 0, 0]"
606.727732,33827912,"[0, 0, 0, 98, 0, 16, 254, 255]"
606.728436,33828353,"[0, 0, 0, 0, 0, 0, 0, 128]"
606.729118,33828418,"[0, 0, 0, 0, 0, 0, 0, 128]"
606.729811,33828485,"[8, 0, 0, 0, 0, 0, 0, 0]"
606.730494,33828506,"[12, 0, 0, 0, 0, 0, 0, 0]"
606.73119,33827906,"[0, 0, 0, 98, 0, 16, 4, 0]"
606.731934,33929246,"[0, 0, 249, 6, 0, 22, 64, 0]"
606.73258,33828163,"[232, 127, 0, 0, 91, 20, 25, 20]"
606.733258,33929248,"[0, 0, 253, 6, 0, 24, 64, 0]"
606.73395,84159684,"[253, 255, 167, 220, 255, 127, 229, 38]"
606.734639,33827926,"[0, 0, 0, 98, 0, 16, 249, 255]"
606.735339,84159691,"[2, 0, 200, 201, 255, 191, 78, 38]"
606.736023,134551617,"[0, 0, 0, 64, 0, 0, 0, 0]"
606.736719,352595220,"[7, 0, 0, 128, 0, 8, 128, 1]"
606.737398,33929247,"[0, 0, 248, 6, 0, 24, 64, 0]"
606.738103,33827910,"[0, 0, 0, 98, 0, 16, 241, 255]"
606.738785,33828294,"[4, 0, 64, 191, 255, 255, 0, 0]"
606.739478,33827907,"[0, 0, 0, 226, 0, 16, 217, 255]"
606.740162,33828291,"[0, 0, 192, 245, 255, 255, 0, 0]"
606.740926,84159692,"[2, 0, 8, 208, 255, 127, 128, 38]"
606.741579,84159684,"[6, 0, 184, 220, 255, 63, 229, 38]"
606.742279,84159691,"[2, 0, 200, 201, 255, 191, 78, 38]"
606.742963,352595220,"[7, 0, 0, 128, 0, 8, 128, 1]"
606.743659,352596372,"[1, 0, 240, 255, 255, 0, 0, 144]"
606.744344,352596820,"[0, 0, 0, 0, 0, 0, 0, 0]"
606.745043,352596884,"[201, 255, 96, 0, 106, 2, 0, 0]"
606.745732,134551553,"[0, 0, 0, 0, 0, 0, 0, 192]"
606.746431,134551617,"[0, 0, 0, 64, 0, 0, 0, 0]"
606.747114,134551681,"[0, 4, 32, 0, 0, 0, 0, 0]"
606.747807,134551745,"[0, 0, 0, 3, 0, 0, 2, 0]"
606.748497,33827905,"[0, 0, 0, 98, 0, 16, 15, 0]"
606.749193,33929310,"[0, 0, 0, 0, 0, 64, 0, 0]"
606.749926,33827930,"[0, 0, 0, 226, 0, 16, 2, 0]"
606.751191,33929248,"[0, 0, 252, 6, 0, 24, 64, 0]"
606.751834,84159684,"[5, 0, 176, 220, 255, 191, 229, 38]"
606.752395,84159691,"[2, 0, 200, 201, 255, 191, 78, 38]"
606.752983,352595220,"[7, 0, 0, 128, 0, 8, 128, 1]"
606.75349,84159690,"[1, 0, 208, 239, 255, 191, 126, 39]"
606.754021,33827926,"[0, 0, 0, 98, 0, 16, 2, 0]"
606.754577,33828310,"[0, 0, 0, 147, 0, 0, 0, 0]"
606.755363,33827911,"[0, 0, 0, 226, 0, 16, 1, 0]"
606.755728,33828295,"[0, 0, 192, 26, 255, 255, 0, 0]"
606.756267,33929247,"[0, 0, 248, 6, 0, 24, 64, 0]"
606.756802,84159693,"[2, 0, 160, 207, 255, 191, 123, 38]"
606.757334,33827912,"[0, 0, 0, 98, 0, 16, 247, 255]"
606.757915,33828292,"[8, 0, 32, 39, 255, 255, 0, 0]"
606.75868,33827905,"[0, 0, 0, 98, 0, 16, 8, 0]"
606.75932,33827907,"[0, 0, 0, 226, 0, 16, 222, 255]"
606.760103,84159692,"[2, 0, 8, 208, 255, 191, 128, 38]"
606.760796,33929312,"[0, 0, 0, 0, 0, 64, 0, 0]"
606.761471,84159684,"[4, 0, 184, 220, 255, 127, 229, 38]"
606.762168,84159691,"[2, 0, 208, 201, 255, 191, 78, 38]"
606.762915,352596180,"[241, 223, 6, 160, 1, 4, 0, 5]"
606.763558,84211723,"[58, 224, 179, 187, 176, 143, 0, 0]"
606.764247,84159690,"[239, 255, 207, 239, 255, 191, 126, 39]"
606.764937,33827926,"[0, 0, 0, 98, 0, 16, 245, 255]"
606.76563,134551553,"[0, 0, 0, 0, 0, 0, 0, 192]"
606.766269,134551617,"[0, 0, 0, 64, 0, 0, 0, 0]"
606.766952,33827911,"[0, 0, 0, 226, 0, 16, 17, 0]"
606.767638,33827912,"[0, 0, 0, 98, 0, 16, 247, 255]"
606.768278,134551809,"[139, 6, 144, 128, 0, 28, 0, 0]"
606.768952,33827905,"[0, 0, 0, 98, 0, 16, 2, 0]"
606.769638,33929246,"[0, 0, 249, 6, 0, 22, 64, 0]"
606.770357,33929248,"[0, 0, 253, 6, 0, 24, 64, 0]"
606.771053,84159684,"[5, 0, 184, 220, 255, 63, 229, 38]"
606.771746,84159691,"[243, 255, 207, 201, 255, 191, 78, 38]"
606.772444,352595220,"[7, 0, 0, 128, 0, 8, 128, 1]"
606.773132,84159690,"[4, 0, 200, 239, 255, 191, 126, 39]"
606.773832,33827926,"[0, 0, 0, 98, 0, 16, 249, 255]"
606.774479,33828310,"[0, 0, 0, 147, 0, 0, 0, 0]"
606.775403,33827911,"[0, 0, 0, 226, 0, 16, 24, 0]"
606.77591,33828295,"[0, 0, 192, 26, 255, 255, 0, 0]"
606.776555,33929247,"[0, 0, 247, 6, 0, 24, 64, 0]"
606.777183,84159693,"[2, 0, 160, 207, 255, 191, 123, 38]"
606.777911,33827908,"[0, 0, 0, 98, 0, 16, 25, 0]"
606.778501,33828294,"[16, 0, 32, 191, 255, 255, 0, 0]"
606.7792,33929246,"[0, 0, 249, 6, 0, 22, 64, 0]"
606.779825,33828296,"[8, 0, 128, 62, 255, 255, 0, 0]"
606.780525,33929312,"[0, 0, 0, 0, 0, 64, 0, 0]"
606.78116,84159692,"[2, 0, 8, 208, 255, 191, 128, 38]"
606.781923,84159691,"[1, 0, 200, 201, 255, 191, 78, 38]"
606.782562,352595220,"[8, 0, 0, 128, 0, 8, 128, 1]"
606.783247,352596180,"[241, 223, 6, 160, 1, 4, 0, 5]"
606.78394,84159690,"[1, 0, 200, 239, 255, 191, 126, 39]"
606.784628,33827926,"[0, 0, 0, 98, 0, 16, 3, 0]"
606.785321,134551553,"[0, 0, 0, 0, 0, 0, 0, 192]"
606.786013,134551617,"[0, 0, 0, 64, 0, 0, 0, 0]"
606.786694,33827911,"[0, 0, 0, 226, 0, 16, 25, 0]"
606.787288,33929311,"[0, 0, 0, 0, 0, 64, 0, 0]"
606.787916,33827910,"[0, 0, 0, 98, 0, 16, 248, 255]"
606.788619,33827905,"[0, 0, 0, 98, 0, 16, 5, 0]"
606.789254,33827907,"[0, 0, 0, 226, 0, 16, 209, 255]"
606.789947,84159692,"[23, 0, 24, 208, 255, 191, 128, 38]"
606.790579,33929248,"[0, 0, 252, 6, 0, 24, 64, 0]"
606.791271,84159684,"[2, 0, 176, 220, 255, 127, 229, 38]"
606.791904,84159691,"[1, 0, 208, 201, 255, 191, 78, 38]"
606.79259,352595220,"[8, 0, 0, 128, 0, 8, 128, 1]"
606.793284,84159690,"[1, 0, 200, 239, 255, 191, 126, 39]"
606.793966,33827926,"[0, 0, 0, 98, 0, 16, 247, 255]"
606.794666,33828310,"[0, 0, 0, 147, 0, 0, 0, 0]"
606.795349,33827911,"[0, 0, 0, 226, 0, 16, 253, 255]"
606.796041,33828295,"[0, 0, 192, 26, 255, 255, 0, 0]"
606.796727,33929247,"[0, 0, 248, 6, 0, 24, 64, 0]"
606.797366,84159693,"[2, 0, 160, 207, 255, 191, 123, 38]"
606.797984,33828292,"[4, 0, 64, 39, 255, 255, 0, 0]"
606.798605,33828296,"[8, 0, 128, 62, 255, 255, 0, 0]"
606.799302,33827909,"[0, 0, 0, 98, 0, 16, 246, 255]"
606.80002,33828291,"[0, 0, 192, 245, 255, 255, 0, 0]"
606.800706,33929312,"[0, 0, 0, 0, 0, 64, 0, 0]"
606.801403,84159684,"[2, 0, 176, 220, 255, 191, 229, 38]"
606.802092,84159691,"[1, 0, 208, 201, 255, 191, 78, 38]"
606.8028,352596180,"[241, 223, 6, 160, 1, 4, 0, 5]"
606.803382,84159690,"[4, 0, 200, 239, 255, 191, 126, 39]"
606.804057,33827926,"[0, 0, 0, 98, 0, 16, 252, 255]"
606.804749,134551553,"[0, 0, 0, 0, 0, 0, 0, 192]"
606.805447,134551617,"[0, 0, 0, 64, 0, 0, 0, 0]"
606.80615,33827911,"[0, 0, 0, 226, 0, 16, 22, 0]"
606.806898,134551681,"[0, 8, 32, 0, 0, 0, 0, 0]"
606.807526,84159693,"[2, 0, 160, 207, 255, 191, 123, 38]"
606.808222,33827906,"[0, 0, 0, 98, 0, 16, 17, 0]"
606.80892,33827905,"[0, 0, 0, 98, 0, 16, 240, 255]"
606.809613,33827930,"[0, 0, 0, 226, 0, 16, 23, 0]"
606.81031,33929248,"[0, 0, 252, 6, 0, 24, 64, 0]"
606.810999,84159684,"[6, 0, 184, 220, 255, 63, 229, 38]"
606.811692,84159691,"[1, 0, 208, 201, 255, 191, 78, 38]"
606.812404,352595220,"[8, 0, 0, 128, 0, 8, 128, 1]"
606.813118,84159690,"[4, 0, 200, 239, 255, 127, 126, 39]"
606.813746,33827926,"[0, 0, 0, 98, 0, 16, 1, 0]"
606.814443,33828310,"[0, 0, 0, 147, 0, 0, 0, 0]"
606.815133,33880070,"[21, 46, 19, 107, 57, 193, 0, 0]"
606.815893,33827911,"[0, 0, 0, 226, 0, 16, 13, 0]"
606.816543,33828295,"[0, 0, 192, 26, 255, 255, 0, 0]"
606.817232,33929247,"[0, 0, 247, 6, 0, 24, 64, 0]"
606.817929,33827908,"[0, 0, 0, 98, 0, 16, 5, 0]"
606.818629,33828292,"[4, 0, 64, 39, 255, 255, 0, 0]"
606.819312,33827907,"[0, 0, 0, 226, 0, 16, 210, 255]"
606.820016,84159692,"[5, 0, 8, 208, 255, 191, 128, 38]"
606.820716,33929312,"[0, 0, 0, 0, 0, 64, 0, 0]"
606.821411,84159684,"[253, 255, 175, 220, 255, 191, 229, 38]"
606.822103,84159691,"[1, 0, 208, 201, 255, 191, 78, 38]"
606.822798,352595220,"[8, 0, 0, 128, 0, 8, 128, 1]"
606.823484,352596180,"[241, 223, 6, 160, 1, 4, 0, 5]"
606.824176,84159690,"[4, 0, 200, 239, 255, 191, 126, 39]"
606.824889,33827926,"[0, 0, 0, 98, 0, 16, 250, 255]"
606.825585,134551553,"[0, 0, 0, 0, 0, 0, 0, 192]"
606.82627,134551617,"[0, 0, 0, 64, 0, 0, 0, 0]"
606.82697,33827911,"[0, 0, 0, 226, 0, 16, 244, 255]"
606.827658,33827912,"[0, 0, 0, 98, 0, 16, 236, 255]"
606.828351,134551809,"[139, 6, 144, 128, 0, 28, 0, 0]"
606.82905,33827905,"[0, 0, 0, 98, 0, 16, 253, 255]"
606.829774,33929246,"[0, 0, 249, 6, 0, 22, 64, 0]"
606.830459,84159692,"[1, 0, 8, 208, 255, 191, 128, 38]"
606.831158,84159684,"[1, 0, 176, 220, 255, 63, 229, 38]"
606.831886,84159691,"[208, 255, 207, 201, 255, 127, 78, 38]"
606.832539,352595220,"[8, 0, 0, 128, 0, 8, 128, 1]"
606.833245,84159690,"[22, 0, 208, 239, 255, 191, 126, 39]"
606.833937,33827926,"[0, 0, 0, 98, 0, 16, 248, 255]"
606.834626,33828310,"[0, 0, 0, 147, 0, 0, 0, 0]"
606.835376,33827911,"[0, 0, 0, 226, 0, 16, 254, 255]"
606.836,33828295,"[0, 0, 192, 26, 255, 255, 0, 0]"
606.836682,33929247,"[0, 0, 248, 6, 0, 24, 64, 0]"
606.837315,33827912,"[0, 0, 0, 98, 0, 16, 247, 255]"
606.838004,33827910,"[0, 0, 0, 98, 0, 16, 5, 0]"
606.838697,33828294,"[88, 0, 64, 191, 255, 255, 0, 0]"
606.839401,33827907,"[0, 0, 0, 226, 0, 16, 208, 255]"
606.840083,84159692,"[1, 0, 8, 208, 255, 191, 128, 38]"
606.840777,33929312,"[0, 0, 0, 0, 0, 64, 0, 0]"
606.841488,84159684,"[3, 0, 176, 220, 255, 127, 229, 38]"
606.842185,84159691,"[4, 0, 200, 201, 255, 191, 78, 38]"
606.842882,352596180,"[241, 223, 6, 160, 1, 4, 0, 5]"
606.843568,352596500,"[140, 255, 100, 0, 176, 63, 0, 4]"
606.844257,84159690,"[3, 0, 208, 239, 255, 191, 126, 39]"
606.844882,33827926,"[0, 0, 0, 98, 0, 16, 253, 255]"
606.845381,134551553,"[0, 0, 0, 0, 0, 0, 0, 192]"
606.845927,134551617,"[0, 0, 0, 64, 0, 0, 0, 0]"
606.846497,33827911,"[0, 0, 0, 226, 0, 16, 250, 255]"
606.847079,33929311,"[0, 0, 0, 0, 0, 64, 0, 0]"
606.84765,33827908,"[0, 0, 0, 98, 0, 16, 10, 0]"
606.848224,33827906,"[0, 0, 0, 98, 0, 16, 1, 0]"
606.848885,33929246,"[0, 0, 248, 6, 0, 22, 64, 0]"
606.849334,33827930,"[0, 0, 0, 226, 0, 16, 243, 255]"
606.84993,84159692,"[4, 0, 24, 208, 255, 191, 128, 38]"
606.850486,33929248,"[0, 0, 253, 6, 0, 24, 64, 0]"
606.85106,84159684,"[12, 0, 184, 220, 255, 255, 229, 38]"
606.851638,84159691,"[7, 0, 208, 201, 255, 191, 78, 38]"
606.852241,352595220,"[8, 0, 0, 128, 0, 8, 128, 1]"
606.852849,84159690,"[3, 0, 208, 239, 255, 191, 126, 39]"
606.853425,33827926,"[0, 0, 0, 98, 0, 16, 244, 255]"
606.854006,33828310,"[0, 0, 0, 147, 0, 0, 0, 0]"
606.85538,33827911,"[0, 0, 0, 226, 0, 16, 17, 0]"
606.855566,33828295,"[0, 0, 192, 26, 255, 255, 0, 0]"
606.855769,33929247,"[0, 0, 248, 6, 0, 24, 64, 0]"
606.856191,84159693,"[1, 0, 160, 207, 255, 191, 123, 38]"
606.856769,33827912,"[0, 0, 0, 98, 0, 16, 247, 255]"
606.857323,33827908,"[0, 0, 0, 98, 0, 16, 54, 0]"
606.857875,33827910,"[0, 0, 0, 98, 0, 16, 242, 255]"
606.85841,33828290,"[16, 0, 96, 64, 255, 255, 0, 0]"
606.858999,33828289,"[0, 0, 0, 189, 255, 255, 0, 0]"
606.859563,33827930,"[0, 0, 0, 226, 0, 16, 18, 0]"
606.860173,33828314,"[0, 0, 192, 162, 0, 0, 0, 0]"
606.860877,33930271,"[0, 0, 0, 0, 209, 234, 141, 42]"
606.861563,84159684,"[1, 0, 168, 220, 255, 63, 229, 38]"
606.862252,84159691,"[1, 0, 208, 201, 255, 191, 78, 38]"
606.862942,352596180,"[241, 223, 6, 160, 1, 4, 0, 5]"
606.863628,84159690,"[245, 255, 207, 239, 255, 191, 126, 39]"
606.864333,33827926,"[0, 0, 0, 98, 0, 16, 250, 255]"
606.865014,134551553,"[0, 0, 0, 0, 0, 0, 0, 192]"
606.865707,134551617,"[0, 0, 0, 64, 0, 0, 0, 0]"
606.866396,33827911,"[0, 0, 0, 226, 0, 16, 18, 0]"
606.867088,134551681,"[0, 8, 32, 0, 0, 0, 0, 0]"
606.86779,33827908,"[0, 0, 0, 98, 0, 16, 30, 0]"
606.868483,33827905,"[0, 0, 0, 98, 0, 16, 255, 255]"
606.869168,33929310,"[0, 0, 0, 0, 0, 64, 0, 0]"
606.869882,84175812,"[0, 0, 0, 0, 1, 26, 19, 128]"
606.870556,84159692,"[1, 0, 16, 208, 255, 191, 128, 38]"
606.871255,84159684,"[5, 0, 176, 220, 255, 127, 229, 38]"
606.871934,84159691,"[1, 0, 208, 201, 255, 191, 78, 38]"
606.872636,352595220,"[8, 0, 0, 128, 0, 8, 128, 1]"
606.873318,84159690,"[3, 0, 200, 239, 255, 127, 126, 39]"
606.874017,33827926,"[0, 0, 0, 98, 0, 16, 249, 255]"
606.874698,33828310,"[0, 0, 0, 147, 0, 0, 0, 0]"
606.875392,33827911,"[0, 0, 0, 226, 0, 16, 21, 0]"
606.876073,33828295,"[0, 0, 192, 26, 255, 255, 0, 0]"
606.876769,33929247,"[0, 0, 248, 6, 0, 24, 64, 0]"
606.877454,84159693,"[1, 0, 160, 207, 255, 191, 123, 38]"
606.878153,33827910,"[0, 0, 0, 98, 0, 16, 251, 255]"
606.878874,33828292,"[4, 0, 64, 39, 255, 255, 0, 0]"
606.879548,33827909,"[0, 0, 0, 98, 0, 16, 240, 255]"
606.880226,33828314,"[0, 0, 192, 162, 0, 0, 0, 0]"
606.880918,84159692,"[1, 0, 16, 208, 255, 191, 128, 38]"
606.881621,84159684,"[9, 0, 184, 220, 255, 191, 229, 38]"
606.882319,84159691,"[1, 0, 200, 201, 255, 191, 78, 38]"
606.883001,352596180,"[241, 223, 6, 160, 1, 4, 0, 5]"
606.883701,84159690,"[3, 0, 200, 239, 255, 191, 126, 39]"
606.884384,33827926,"[0, 0, 0, 98, 0, 16, 3, 0]"
606.885085,134551553,"[0, 0, 0, 0, 0, 0, 0, 192]"
606.885771,134551617,"[0, 0, 0, 64, 0, 0, 0, 0]"
606.886461,33880072,"[83, 14, 89, 145, 11, 245, 0, 0]"
606.88715,33929247,"[0, 0, 248, 6, 0, 24, 64, 0]"
606.887883,84159693,"[1, 0, 160, 207, 255, 191, 123, 38]"
606.888569,33827906,"[0, 0, 0, 98, 0, 16, 245, 255]"
606.889266,33827907,"[0, 0, 0, 226, 0, 16, 194, 255]"
606.889948,84159692,"[1, 0, 16, 208, 255, 191, 128, 38]"
606.89067,84175820,"[0, 0, 0, 1, 1, 26, 19, 0]"
606.891353,33880071,"[180, 225, 72, 142, 134, 10, 0, 0]"
606.892057,84159691,"[1, 0, 200, 201, 255, 127, 78, 38]"
606.892742,84175819,"[0, 0, 0, 1, 1, 26, 19, 0]"
606.893411,84166475,"[0, 0, 0, 0, 24, 0, 0, 0]"
606.894093,84159690,"[19, 0, 216, 239, 255, 127, 126, 39]"
606.894862,33828310,"[0, 0, 0, 147, 0, 0, 0, 0]"
606.89549,84166474,"[0, 0, 0, 0, 24, 0, 0, 0]"
606.896187,33827911,"[0, 0, 0, 226, 0, 16, 18, 0]"
606.896862,33828295,"[0, 0, 192, 26, 255, 255, 0, 0]"
606.897563,84159693,"[1, 0, 160, 207, 255, 191, 123, 38]"
606.898245,33827906,"[0, 0, 0, 98, 0, 16, 244, 255]"
606.898942,33929246,"[0, 0, 248, 6, 0, 22, 64, 0]"
606.89962,33827930,"[0, 0, 0, 226, 0, 16, 33, 0]"
606.900318,33828314,"[0, 0, 192, 162, 0, 0, 0, 0]"
606.901,84159692,"[1, 0, 16, 208, 255, 191, 128, 38]"
606.901693,84159684,"[0, 0, 168, 220, 255, 127, 229, 38]"
606.902383,84159691,"[1, 0, 200, 201, 255, 191, 78, 38]"
606.903079,352596180,"[241, 223, 6, 160, 1, 4, 0, 5]"
606.903765,84159690,"[6, 0, 200, 239, 255, 191, 126, 39]"
606.904455,33827926,"[0, 0, 0, 98, 0, 16, 1, 0]"
606.905144,84211716,"[229, 99, 27, 107, 106, 98, 0, 0]"
606.905863,134551553,"[0, 0, 0, 0, 0, 0, 0, 192]"
606.906556,134551617,"[0, 0, 0, 64, 0, 0, 0, 0]"
606.907259,33929247,"[0, 0, 247, 6, 0, 24, 64, 0]"
606.907942,33827910,"[0, 0, 0, 98, 0, 16, 255, 255]"
606.908643,33827905,"[0, 0, 0, 98, 0, 16, 254, 255]"
606.909325,33827907,"[0, 0, 0, 226, 0, 16, 218, 255]"
606.910015,84159692,"[255, 255, 15, 208, 255, 191, 128, 38]"
606.910708,33929248,"[0, 0, 252, 6, 0, 24, 64, 0]"
606.911403,84159684,"[6, 0, 184, 220, 255, 191, 229, 38]"
606.912088,84159691,"[16, 0, 216, 201, 255, 191, 78, 38]"
606.912783,352595220,"[8, 0, 0, 128, 0, 8, 128, 1]"
606.91347,84159690,"[25, 0, 216, 239, 255, 191, 126, 39]"
606.914168,33827926,"[0, 0, 0, 98, 0, 16, 252, 255]"
606.914861,33828310,"[0, 0, 0, 147, 0, 0, 0, 0]"
606.915554,33827911,"[0, 0, 0, 226, 0, 16, 19, 0]"
606.916239,33828295,"[0, 0, 192, 26, 255, 255, 0, 0]"
606.916932,33929247,"[0, 0, 247, 6, 0, 24, 64, 0]"
606.91762,84159693,"[1, 0, 160, 207, 255, 191, 123, 38]"
606.918313,33827906,"[0, 0, 0, 98, 0, 16, 7, 0]"
606.918998,33828294,"[100, 0, 96, 191, 255, 255, 0, 0]"
606.919693,33827930,"[0, 0, 0, 226, 0, 16, 10, 0]"
606.920379,33929248,"[0, 0, 252, 6, 0, 24, 64, 0]"
606.921099,84159692,"[1, 0, 8, 208, 255, 191, 128, 38]"
606.92178,84159691,"[1, 0, 208, 201, 255, 191, 78, 38]"
606.92248,352595220,"[8, 0, 0, 128, 0, 8, 128, 1]"
606.923158,352596180,"[241, 223, 6, 160, 1, 4, 0, 5]"
606.923858,84159690,"[6, 0, 200, 239, 255, 191, 126, 39]"
606.924532,33827926,"[0, 0, 0, 98, 0, 16, 2, 0]"
606.925232,134551553,"[0, 0, 0, 0, 0, 0, 0, 192]"
606.925932,134551617,"[0, 0, 0, 64, 0, 0, 0, 0]"
606.926635,33827911,"[0, 0, 0, 226, 0, 16, 19, 0]"
606.927318,33929311,"[0, 0, 0, 0, 0, 64, 0, 0]"
606.928014,33827910,"[0, 0, 0, 98, 0, 16, 30, 0]"
606.928714,134551809,"[139, 6, 144, 128, 0, 28, 0, 0]"
606.929404,33827909,"[0, 0, 0, 98, 0, 16, 234, 255]"
606.930086,33929248,"[0, 0, 253, 6, 0, 24, 64, 0]"
606.930848,84159684,"[255, 255, 175, 220, 255, 127, 229, 38]"
606.931477,84159691,"[4, 0, 200, 201, 255, 127, 78, 38]"
606.93218,352595220,"[8, 0, 0, 128, 0, 8, 128, 1]"
606.932913,84159690,"[3, 0, 200, 239, 255, 191, 126, 39]"
606.93353,33827926,"[0, 0, 0, 98, 0, 16, 247, 255]"
606.934212,33828310,"[0, 0, 0, 147, 0, 0, 0, 0]"
606.935273,33827911,"[0, 0, 0, 226, 0, 16, 19, 0]"
606.935602,33828295,"[0, 0, 192, 26, 255, 255, 0, 0]"
606.936294,33929247,"[0, 0, 248, 6, 0, 24, 64, 0]"
606.936976,33827912,"[0, 0, 0, 98, 0, 16, 241, 255]"
606.937676,84159693,"[1, 0, 152, 207, 255, 191, 123, 38]"
606.938359,33827906,"[0, 0, 0, 98, 0, 16, 0, 0]"
606.939063,33929246,"[0, 0, 248, 6, 0, 22, 64, 0]"
606.939749,33827930,"[0, 0, 0, 226, 0, 16, 92, 0]"
606.940446,33929248,"[0, 0, 252, 6, 0, 24, 64, 0]"
606.941128,84159692,"[242, 255, 15, 208, 255, 191, 128, 38]"
606.941846,84159691,"[4, 0, 200, 201, 255, 191, 78, 38]"
606.942518,352595220,"[8, 0, 0, 128, 0, 8, 128, 1]"
606.943222,352596500,"[152, 255, 80, 0, 224, 63, 0, 4]"
606.943897,84159690,"[3, 0, 200, 239, 255, 191, 126, 39]"
606.944597,33834838,"[0, 0, 0, 0, 0, 0, 128, 0]"
606.94528,33827926,"[0, 0, 0, 98, 0, 16, 251, 255]"
606.945984,134551553,"[0, 0, 0, 0, 0, 0, 0, 192]"
606.94667,33828438,"[0, 0, 0, 0, 0, 0, 0, 128]"
606.947381,33828566,"[0, 0, 4, 0, 0, 0, 0, 0]"
606.947912,84159693,"[4, 0, 160, 207, 255, 191, 123, 38]"
606.948447,134551809,"[139, 6, 144, 128, 0, 28, 0, 0]"
606.949137,33827909,"[0, 0, 0, 98, 0, 16, 251, 255]"
606.949848,33929310,"[0, 0, 0, 0, 0, 64, 0, 0]"
606.95052,33929248,"[0, 0, 253, 6, 0, 24, 64, 0]"
606.951216,84159684,"[252, 255, 167, 220, 255, 191, 229, 38]"
606.951899,84159691,"[50, 0, 216, 201, 255, 191, 78, 38]"
606.952592,352595220,"[8, 0, 0, 128, 0, 8, 128, 1]"
606.953278,84159690,"[3, 0, 208, 239, 255, 191, 126, 39]"
606.953974,33827926,"[0, 0, 0, 98, 0, 16, 254, 255]"
606.95466,33828310,"[0, 0, 0, 147, 0, 0, 0, 0]"
606.95535,33827911,"[0, 0, 0, 226, 0, 16, 18, 0]"
606.956035,33828295,"[0, 0, 192, 26, 255, 255, 0, 0]"
606.956728,352647188,"[66, 70, 86, 33, 79, 120, 0, 0]"
606.957413,33929247,"[0, 0, 248, 6, 0, 24, 64, 0]"
606.958105,33827906,"[0, 0, 0, 98, 0, 16, 246, 255]"
606.958882,33828292,"[200, 0, 96, 39, 255, 255, 0, 0]"
606.959585,33827907,"[0, 0, 0, 226, 0, 16, 216, 255]"
606.960278,33828314,"[0, 0, 192, 162, 0, 0, 0, 0]"
606.960962,84159692,"[1, 0, 8, 208, 255, 191, 128, 38]"
606.961651,84159684,"[1, 0, 168, 220, 255, 255, 229, 38]"
606.962337,84211724,"[24, 180, 107, 29, 151, 195, 0, 0]"
606.963021,352596180,"[241, 223, 6, 160, 1, 4, 0, 5]"
606.963717,84159690,"[244, 255, 207, 239, 255, 127, 126, 39]"
606.964403,33827926,"[0, 0, 0, 98, 0, 16, 6, 0]"
606.965092,134551553,"[0, 0, 0, 0, 0, 0, 0, 192]"
606.965834,134551617,"[0, 0, 0, 64, 0, 0, 0, 0]"
606.966473,33844167,"[0, 0, 0, 0, 1, 26, 19, 0]"
606.967214,33929247,"[0, 0, 247, 6, 0, 24, 64, 0]"
606.967914,33844168,"[0, 0, 0, 0, 1, 26, 19, 0]"
606.968602,33834820,"[128, 0, 0, 0, 128, 11, 192, 0]"
606.969295,33828936,"[0, 243, 199, 46, 0, 0, 0, 0]"
606.969987,33828228,"[0, 0, 192, 81, 255, 255, 0, 0]"
606.970689,33828356,"[0, 0, 0, 0, 0, 0, 1, 128]"
606.971368,33828162,"[255, 127, 0, 0, 91, 19, 25, 21]"
606.972065,33828226,"[0, 0, 192, 116, 0, 0, 0, 0]"
606.972751,33828552,"[0, 0, 4, 0, 0, 0, 0, 0]"
606.973448,33828546,"[0, 0, 4, 0, 0, 0, 0, 0]"
606.97413,33828166,"[245, 127, 0, 0, 91, 20, 24, 20]"
606.974834,33828230,"[0, 0, 192, 61, 0, 0, 0, 0]"
606.975527,33828931,"[0, 243, 199, 46, 0, 0, 0, 0]"
606.976224,33828353,"[0, 0, 0, 0, 0, 0, 0, 128]"
606.976906,33828550,"[0, 0, 4, 0, 0, 0, 0, 0]"
606.977607,33828481,"[8, 0, 0, 0, 0, 0, 0, 0]"
606.978289,33827906,"[0, 0, 0, 98, 0, 16, 249, 255]"
606.978986,33828290,"[4, 0, 32, 64, 255, 255, 0, 0]"
606.979672,33844186,"[0, 0, 0, 0, 1, 26, 19, 128]"
606.980383,33828289,"[0, 0, 0, 189, 255, 255, 0, 0]"
606.981072,33929248,"[0, 0, 252, 6, 0, 24, 64, 0]"
606.981827,33828954,"[104, 198, 41, 41, 0, 0, 0, 0]"
606.982455,33929310,"[0, 0, 0, 0, 0, 64, 0, 0]"
606.983166,33828186,"[241, 127, 0, 0, 91, 19, 22, 20]"
606.983849,84159692,"[10, 0, 24, 208, 255, 191, 128, 38]"
606.984556,33827926,"[0, 0, 0, 98, 0, 16, 7, 0]"
606.985246,134551745,"[0, 0, 0, 3, 0, 0, 2, 0]"
606.985943,352595220,"[8, 0, 0, 128, 0, 8, 128, 1]"
606.986629,352596180,"[241, 223, 6, 160, 1, 4, 0, 5]"
606.987326,33828314,"[0, 0, 192, 162, 0, 0, 0, 0]"
606.988001,33827910,"[0, 0, 0, 98, 0, 16, 245, 255]"
606.988701,134551809,"[142, 6, 144, 128, 0, 28, 0, 0]"
606.989391,33827909,"[0, 0, 0, 98, 0, 16, 6, 0]"
606.990087,33929248,"[0, 0, 252, 6, 0, 24, 64, 0]"
606.990828,84159684,"[253, 255, 167, 220, 255, 191, 229, 38]"
606.99147,84159691,"[3, 0, 208, 201, 255, 191, 78, 38]"
606.992167,352611284,"[0, 0, 0, 0, 1, 26, 19, 0]"
606.992864,352595220,"[9, 0, 0, 128, 0, 8, 128, 1]"
606.99355,352596628,"[228, 104, 0, 0, 0, 0, 0, 0]"
606.994239,352596884,"[201, 255, 93, 0, 108, 2, 0, 0]"
606.994922,33828310,"[0, 0, 0, 147, 0, 0, 0, 0]"
606.995615,33827911,"[0, 0, 0, 226, 0, 16, 7, 0]"
606.996305,33828295,"[0, 0, 192, 26, 255, 255, 0, 0]"
606.996994,33929247,"[0, 0, 248, 6, 0, 24, 64, 0]"
606.99768,33827908,"[0, 0, 0, 98, 0, 16, 21, 0]"
606.998492,33827906,"[0, 0, 0, 98, 0, 16, 255, 255]"
606.999189,33828290,"[4, 0, 64, 64, 255, 255, 0, 0]"
606.999828,33828291,"[0, 0, 192, 245, 255, 255, 0, 0]"
607.000507,33929312,"[0, 0, 0, 0, 0, 64, 0, 0]"
607.001203,84159684,"[12, 0, 184, 220, 255, 127, 229, 38]"
607.001827,84159691,"[3, 0, 208, 201, 255, 191, 78, 38]"
607.002515,352595220,"[9, 0, 0, 128, 0, 8, 128, 1]"
607.003207,352596180,"[241, 223, 6, 160, 1, 4, 0, 5]"
607.003843,84159690,"[18, 0, 216, 239, 255, 127, 126, 39]"
607.004524,33827926,"[0, 0, 0, 98, 0, 16, 0, 0]"
607.005224,134551553,"[0, 0, 0, 0, 0, 0, 0, 192]"
607.005839,134551617,"[0, 0, 0, 64, 0, 0, 0, 0]"
607.006527,84211716,"[231, 93, 153, 148, 191, 163, 0, 0]"
607.007219,33929247,"[0, 0, 247, 6, 0, 24, 64, 0]"
607.007841,33827908,"[0, 0, 0, 98, 0, 16, 16, 0]"
607.008523,33827906,"[0, 0, 0, 98, 0, 16, 255, 255]"
607.009215,33827909,"[0, 0, 0, 98, 0, 16, 13, 0]"
607.009943,84159692,"[4, 0, 8, 208, 255, 191, 128, 38]"
607.010624,33929248,"[0, 0, 252, 6, 0, 24, 64, 0]"
607.011317,84159684,"[8, 0, 184, 220, 255, 63, 229, 38]"
607.012009,84159691,"[3, 0, 208, 201, 255, 191, 78, 38]"
607.012704,352595220,"[9, 0, 0, 128, 0, 8, 128, 1]"
607.013384,84159690,"[2, 0, 200, 239, 255, 191, 126, 39]"
607.014033,33827926,"[0, 0, 0, 98, 0, 16, 252, 255]"
607.015157,33828310,"[0, 0, 0, 147, 0, 0, 0, 0]"
607.015814,33880068,"[218, 63, 4, 23, 61, 255, 0, 0]"
607.016397,33827911,"[0, 0, 0, 226, 0, 16, 3, 0]"
607.016993,33929247,"[0, 0, 247, 6, 0, 24, 64, 0]"
607.02005,33828296,"[4, 0, 128, 62, 255, 255, 0, 0]"
607.020812,33827905,"[0, 0, 0, 98, 0, 16, 232, 255]"
607.021397,84159684,"[0, 0, 168, 220, 255, 191, 229, 38]"
607.022094,84159691,"[3, 0, 208, 201, 255, 191, 78, 38]"
607.022722,352596180,"[241, 223, 6, 160, 1, 4, 0, 5]"
607.023414,84159690,"[2, 0, 200, 239, 255, 127, 126, 39]"
607.024039,33827926,"[0, 0, 0, 98, 0, 16, 255, 255]"
607.024736,134551553,"[0, 0, 0, 0, 0, 0, 0, 192]"
607.025362,134551617,"[0, 0, 0, 64, 0, 0, 0, 0]"
607.026058,33827911,"[0, 0, 0, 226, 0, 16, 8, 0]"
607.026686,134551681,"[0, 8, 32, 0, 0, 0, 0, 0]"
607.027376,84159693,"[1, 0, 160, 207, 255, 191, 123, 38]"
607.028008,33827910,"[0, 0, 0, 98, 0, 16, 15, 0]"
607.028701,33827906,"[0, 0, 0, 98, 0, 16, 244, 255]"
607.029341,33827909,"[0, 0, 0, 98, 0, 16, 15, 0]"
607.030037,84159692,"[0, 0, 8, 208, 255, 127, 128, 38]"
607.030666,33929248,"[0, 0, 252, 6, 0, 24, 64, 0]"
607.031363,84159684,"[249, 255, 167, 220, 255, 63, 229, 38]"
607.031987,84159691,"[3, 0, 208, 201, 255, 191, 78, 38]"
607.032695,352595220,"[9, 0, 0, 128, 0, 8, 128, 1]"
607.033313,84159690,"[2, 0, 200, 239, 255, 191, 126, 39]"
607.034009,33827926,"[0, 0, 0, 98, 0, 16, 248, 255]"
607.034631,33828310,"[0, 0, 0, 147, 0, 0, 0, 0]"
607.03532,33827911,"[0, 0, 0, 226, 0, 16, 28, 0]"
607.035954,33828295,"[0, 0, 192, 26, 255, 255, 0, 0]"
607.03664,33929247,"[0, 0, 247, 6, 0, 24, 64, 0]"
607.037302,84159693,"[0, 0, 160, 207, 255, 191, 123, 38]"
607.038055,33827910,"[0, 0, 0, 98, 0, 16, 5, 0]"
607.038684,33828292,"[12, 0, 64, 39, 255, 255, 0, 0]"
607.039381,33827909,"[0, 0, 0, 98, 0, 16, 2, 0]"
607.040078,84159692,"[0, 0, 8, 208, 255, 191, 128, 38]"
607.040803,33929312,"[0, 0, 0, 0, 0, 64, 0, 0]"
607.041461,84159684,"[0, 0, 168, 220, 255, 63, 229, 38]"
607.042143,84159691,"[3, 0, 208, 201, 255, 191, 78, 38]"
607.04284,352596180,"[241, 223, 6, 176, 1, 4, 0, 5]"
607.043518,352596500,"[116, 255, 56, 0, 156, 63, 0, 4]"
607.044208,84159690,"[2, 0, 200, 239, 255, 127, 126, 39]"
607.044948,33827926,"[0, 0, 0, 98, 0, 16, 252, 255]"
607.045648,134551553,"[0, 0, 0, 0, 0, 0, 0, 192]"
607.04633,134551617,"[0, 0, 0, 64, 0, 0, 0, 0]"
607.047022,134551681,"[0, 4, 32, 0, 0, 0, 0, 0]"
607.047704,84159693,"[0, 0, 160, 207, 255, 191, 123, 38]"
607.048397,33827905,"[0, 0, 0, 98, 0, 16, 0, 0]"
607.049081,33929310,"[0, 0, 0, 0, 0, 64, 0, 0]"
607.049802,33827930,"[0, 0, 0, 226, 0, 16, 13, 0]"
607.050462,33929248,"[0, 0, 252, 6, 0, 24, 64, 0]"
607.051154,84159684,"[253, 255, 167, 220, 255, 191, 229, 38]"
607.05184,84159691,"[3, 0, 208, 201, 255, 191, 78, 38]"
607.052528,352595220,"[9, 0, 0, 128, 0, 8, 128, 1]"
607.053197,84159690,"[2, 0, 200, 239, 255, 63, 126, 39]"
607.053798,33827926,"[0, 0, 0, 98, 0, 16, 253, 255]"
607.054416,33828310,"[0, 0, 0, 147, 0, 0, 0, 0]"
607.055222,33827911,"[0, 0, 0, 226, 0, 16, 20, 0]"
607.055855,33828295,"[0, 0, 192, 26, 255, 255, 0, 0]"
607.056536,33929247,"[0, 0, 247, 6, 0, 24, 64, 0]"
607.057221,84159693,"[0, 0, 160, 207, 255, 191, 123, 38]"
607.057921,33827910,"[0, 0, 0, 98, 0, 16, 30, 0]"
607.058623,33828289,"[0, 0, 0, 189, 255, 255, 0, 0]"
607.059302,33827907,"[0, 0, 0, 226, 0, 16, 203, 255]"
607.059987,33828291,"[0, 0, 192, 245, 255, 255, 0, 0]"
607.060633,33929312,"[0, 0, 0, 0, 0, 64, 0, 0]"
607.061254,84159684,"[3, 0, 176, 220, 255, 127, 229, 38]"
607.061876,84159691,"[3, 0, 208, 201, 255, 191, 78, 38]"
607.06257,352595220,"[9, 0, 0, 128, 0, 8, 128, 1]"
607.063187,352596180,"[241, 223, 6, 176, 1, 4, 0, 5]"
607.063884,84159690,"[2, 0, 200, 239, 255, 191, 126, 39]"
607.064498,33827926,"[0, 0, 0, 98, 0, 16, 3, 0]"
607.065196,134551553,"[0, 0, 0, 0, 0, 0, 0, 192]"
607.065828,134551617,"[0, 0, 0, 64, 0, 0, 0, 0]"
607.066521,33827911,"[0, 0, 0, 226, 0, 16, 33, 0]"
607.067146,33929247,"[0, 0, 247, 6, 0, 24, 64, 0]"
607.06785,33827910,"[0, 0, 0, 98, 0, 16, 253, 255]"
607.068464,134551809,"[139, 6, 144, 128, 0, 28, 0, 0]"
607.069161,33827907,"[0, 0, 0, 226, 0, 16, 209, 255]"
607.069815,84159692,"[3, 0, 8, 208, 255, 127, 128, 38]"
607.070637,33880065,"[227, 176, 19, 206, 164, 87, 0, 0]"
607.071334,84159684,"[6, 0, 184, 220, 255, 63, 229, 38]"
607.072024,84159691,"[3, 0, 208, 201, 255, 191, 78, 38]"
607.072786,352595220,"[9, 0, 0, 128, 0, 8, 128, 1]"
607.073428,84159690,"[8, 0, 208, 239, 255, 191, 126, 39]"
607.074125,33827926,"[0, 0, 0, 98, 0, 16, 248, 255]"
607.074815,33828310,"[0, 0, 0, 147, 0, 0, 0, 0]"
607.075518,33827911,"[0, 0, 0, 226, 0, 16, 17, 0]"
607.076207,33828295,"[0, 0, 192, 26, 255, 255, 0, 0]"
607.076897,33929247,"[0, 0, 246, 6, 0, 24, 64, 0]"
607.077598,84159693,"[3, 0, 152, 207, 255, 191, 123, 38]"
607.078302,33827905,"[0, 0, 0, 98, 0, 16, 8, 0]"
607.078991,33929246,"[0, 0, 248, 6, 0, 22, 64, 0]"
607.079692,33827930,"[0, 0, 0, 226, 0, 16, 246, 255]"
607.080382,33929248,"[0, 0, 252, 6, 0, 24, 64, 0]"
607.081085,84159692,"[3, 0, 8, 208, 255, 191, 128, 38]"
607.081783,84159691,"[3, 0, 208, 201, 255, 191, 78, 38]"
607.082483,352595220,"[9, 0, 0, 128, 0, 8, 128, 1]"
607.083172,352596180,"[241, 223, 6, 176, 1, 4, 0, 5]"
607.083876,84159690,"[2, 0, 208, 239, 255, 191, 126, 39]"
607.084562,33827926,"[0, 0, 0, 98, 0, 16, 252, 255]"
607.085259,134551553,"[0, 0, 0, 0, 0, 0, 0, 192]"
607.085949,134551617,"[0, 0, 0, 64, 0, 0, 0, 0]"
607.086634,33827911,"[0, 0, 0, 226, 0, 16, 248, 255]"
607.087317,33929311,"[0, 0, 0, 0, 0, 64, 0, 0]"
607.088021,33827910,"[0, 0, 0, 98, 0, 16, 251, 255]"
607.088783,33827905,"[0, 0, 0, 98, 0, 16, 4, 0]"
607.089433,33827909,"[0, 0, 0, 98, 0, 16, 251, 255]"
607.090122,33929248,"[0, 0, 253, 6, 0, 24, 64, 0]"
607.090826,84159684,"[254, 255, 175, 220, 255, 255, 229, 38]"
607.091508,84159691,"[3, 0, 208, 201, 255, 191, 78, 38]"
607.092214,352595220,"[9, 0, 0, 128, 0, 8, 128, 1]"
607.092904,84159690,"[209, 255, 207, 239, 255, 127, 126, 39]"
607.093599,33880090,"[142, 151, 195, 248, 208, 14, 0, 0]"
607.094292,33827926,"[0, 0, 0, 98, 0, 16, 2, 0]"
607.094991,33828310,"[0, 0, 0, 147, 0, 0, 0, 0]"
607.09568,33827911,"[0, 0, 0, 226, 0, 16, 10, 0]"
607.096387,33828295,"[0, 0, 192, 26, 255, 255, 0, 0]"
607.097085,33929247,"[0, 0, 247, 6, 0, 24, 64, 0]"
607.097792,33827908,"[0, 0, 0, 98, 0, 16, 14, 0]"
607.098481,33828294,"[68, 255, 63, 191, 255, 255, 0, 0]"
607.099187,33827907,"[0, 0, 0, 226, 0, 16, 230, 255]"
607.099865,84159692,"[3, 0, 8, 208, 255, 127, 128, 38]"
607.100589,33929312,"[0, 0, 0, 0, 0, 64, 0, 0]"
607.101275,33880072,"[30, 202, 96, 140, 99, 173, 0, 0]"
607.10198,84159691,"[6, 0, 200, 201, 255, 127, 78, 38]"
607.102683,352595220,"[9, 0, 0, 128, 0, 8, 128, 1]"
607.103319,352596180,"[241, 223, 6, 176, 1, 4, 0, 5]"
607.104004,84159690,"[2, 0, 200, 239, 255, 127, 126, 39]"
607.104774,33827926,"[0, 0, 0, 98, 0, 16, 3, 0]"
607.105399,134551553,"[0, 0, 0, 0, 0, 0, 0, 192]"
607.106119,134551617,"[0, 0, 0, 64, 0, 0, 0, 0]"
607.106798,33827911,"[0, 0, 0, 226, 0, 16, 3, 0]"
607.107506,33827912,"[0, 0, 0, 98, 0, 16, 251, 255]"
607.108188,33827906,"[0, 0, 0, 98, 0, 16, 9, 0]"
607.108899,33929246,"[0, 0, 248, 6, 0, 22, 64, 0]"
607.109585,33827930,"[0, 0, 0, 226, 0, 16, 49, 0]"
607.110282,33929248,"[0, 0, 252, 6, 0, 24, 64, 0]"
607.110964,84159684,"[2, 0, 176, 220, 255, 255, 229, 38]"
607.111672,84159691,"[3, 0, 200, 201, 255, 191, 78, 38]"
607.112354,352595220,"[10, 0, 0, 128, 0, 8, 128, 1]"
607.113061,84159690,"[2, 0, 200, 239, 255, 191, 126, 39]"
607.113773,33827926,"[0, 0, 0, 98, 0, 16, 4, 0]"
607.114466,33828310,"[0, 0, 0, 147, 0, 0, 0, 0]"
607.115262,33827911,"[0, 0, 0, 226, 0, 16, 5, 0]"
607.115854,33828295,"[0, 0, 192, 26, 255, 255, 0, 0]"
607.116533,33929247,"[0, 0, 247, 6, 0, 24, 64, 0]"
607.117251,84159693,"[3, 0, 160, 207, 255, 191, 123, 38]"
607.117948,33827908,"[0, 0, 0, 98, 0, 16, 5, 0]"
607.118641,33828289,"[0, 0, 0, 189, 255, 255, 0, 0]"
607.119324,33827909,"[0, 0, 0, 98, 0, 16, 17, 0]"
607.119913,33828293,"[0, 0, 128, 82, 0, 0, 0, 0]"
607.120591,84166468,"[0, 0, 0, 0, 0, 0, 0, 0]"
607.121303,84159684,"[2, 0, 176, 220, 255, 255, 229, 38]"
607.121985,84159691,"[3, 0, 200, 201, 255, 191, 78, 38]"
607.122642,352596180,"[241, 223, 6, 176, 1, 4, 0, 5]"
607.123326,84159690,"[21, 0, 208, 239, 255, 127, 126, 39]"
607.124029,33827926,"[0, 0, 0, 98, 0, 16, 3, 0]"
607.124766,134551553,"[0, 0, 0, 0, 0, 0, 0, 192]"
607.125423,134551617,"[0, 0, 0, 64, 0, 0, 0, 0]"
607.126105,33827911,"[0, 0, 0, 226, 0, 16, 19, 0]"
607.126809,134551681,"[0, 4, 32, 0, 0, 0, 0, 0]"
607.127495,33827912,"[0, 0, 0, 98, 0, 16, 253, 255]"
607.128206,33827905,"[0, 0, 0, 98, 0, 16, 250, 255]"
607.128889,134551809,"[141, 6, 144, 128, 0, 28, 0, 0]"
607.129611,33929246,"[0, 0, 249, 6, 0, 22, 64, 0]"
607.130301,33929248,"[0, 0, 252, 6, 0, 24, 64, 0]"
607.13099,84159684,"[1, 0, 176, 220, 255, 127, 229, 38]"
607.131676,84159691,"[210, 255, 207, 201, 255, 127, 78, 38]"
607.13238,352595220,"[10, 0, 0, 128, 0, 8, 128, 1]"
607.133069,33880067,"[160, 174, 33, 73, 12, 208, 0, 0]"
607.133766,84159690,"[2, 0, 200, 239, 255, 191, 126, 39]"
607.134445,33827926,"[0, 0, 0, 98, 0, 16, 247, 255]"
607.135149,33828310,"[0, 0, 0, 147, 0, 0, 0, 0]"
607.135842,33827911,"[0, 0, 0, 226, 0, 16, 20, 0]"
607.136545,33828295,"[0, 0, 192, 26, 255, 255, 0, 0]"
607.137223,33929247,"[0, 0, 247, 6, 0, 24, 64, 0]"
607.137943,33827910,"[0, 0, 0, 98, 0, 16, 5, 0]"
607.138625,33828296,"[12, 0, 128, 62, 255, 255, 0, 0]"
607.139339,33827907,"[0, 0, 0, 226, 0, 16, 203, 255]"
607.140023,33828291,"[0, 0, 192, 245, 255, 255, 0, 0]"
607.140759,84161612,"[0, 0, 0, 0, 0, 0, 0, 0]"
607.141412,84175820,"[0, 0, 0, 1, 1, 26, 19, 0]"
607.142111,84161611,"[0, 0, 0, 0, 0, 0, 0, 0]"
607.142796,84175819,"[0, 0, 0, 1, 1, 26, 19, 0]"
607.143492,352596500,"[128, 255, 132, 0, 100, 63, 0, 4]"
607.144176,84159690,"[2, 0, 200, 239, 255, 127, 126, 39]"
607.144883,84160650,"[170, 192, 8, 131, 24, 0, 0, 0]"
607.145572,84166474,"[0, 0, 0, 0, 24, 0, 0, 0]"
607.146286,134551617,"[0, 0, 0, 64, 0, 0, 0, 0]"
607.14697,134551681,"[0, 4, 32, 0, 0, 0, 0, 0]"
607.147673,33827908,"[0, 0, 0, 98, 0, 16, 11, 0]"
607.148359,134551809,"[141, 6, 144, 128, 0, 28, 0, 0]"
607.149058,33929310,"[0, 0, 0, 0, 0, 64, 0, 0]"
607.14975,84159692,"[3, 0, 16, 208, 255, 191, 128, 38]"
607.150453,33929248,"[0, 0, 252, 6, 0, 24, 64, 0]"
607.151138,84159684,"[7, 0, 184, 220, 255, 191, 229, 38]"
607.151844,84159691,"[3, 0, 200, 201, 255, 191, 78, 38]"
607.152524,352595220,"[10, 0, 0, 128, 0, 8, 128, 1]"
607.153243,84159690,"[2, 0, 200, 239, 255, 191, 126, 39]"
607.153926,84211725,"[234, 73, 211, 238, 83, 216, 0, 0]"
607.154626,33827926,"[0, 0, 0, 98, 0, 16, 253, 255]"
607.155316,33828310,"[0, 0, 0, 147, 0, 0, 0, 0]"
607.156027,33827911,"[0, 0, 0, 226, 0, 16, 29, 0]"
607.156745,33828295,"[0, 0, 192, 26, 255, 255, 0, 0]"
607.157424,33827912,"[0, 0, 0, 98, 0, 16, 237, 255]"
607.158113,33828292,"[12, 0, 32, 39, 255, 255, 0, 0]"
607.158803,33828294,"[8, 0, 32, 191, 255, 255, 0, 0]"
607.159496,33828289,"[0, 0, 0, 189, 255, 255, 0, 0]"
607.160222,33929248,"[0, 0, 252, 6, 0, 24, 64, 0]"
607.160904,84159692,"[3, 0, 16, 208, 255, 191, 128, 38]"
607.161612,84159691,"[210, 255, 207, 201, 255, 127, 78, 38]"
607.162295,352595220,"[10, 0, 0, 128, 0, 8, 128, 1]"
607.163005,352596180,"[241, 223, 6, 176, 1, 8, 0, 5]"
607.163746,84159690,"[5, 0, 216, 239, 255, 191, 126, 39]"
607.164403,33827926,"[0, 0, 0, 98, 0, 16, 3, 0]"
607.165087,134551553,"[0, 0, 0, 0, 0, 0, 0, 192]"
607.165799,134551617,"[0, 0, 0, 64, 0, 0, 0, 0]"
607.166485,33880086,"[185, 86, 120, 149, 51, 152, 0, 0]"
607.167195,33880066,"[90, 42, 24, 43, 37, 76, 0, 0]"
607.167878,33827908,"[0, 0, 0, 98, 0, 16, 1, 0]"
607.168607,134551809,"[141, 6, 144, 128, 0, 28, 0, 0]"
607.169217,33827907,"[0, 0, 0, 226, 0, 16, 203, 255]"
607.169922,84159692,"[3, 0, 16, 208, 255, 191, 128, 38]"
607.170615,33929248,"[0, 0, 252, 6, 0, 24, 64, 0]"
607.171305,84159684,"[6, 0, 176, 220, 255, 127, 229, 38]"
607.171987,84159691,"[3, 0, 200, 201, 255, 191, 78, 38]"
607.172741,352595220,"[10, 0, 0, 128, 0, 8, 128, 1]"
607.173312,84159690,"[243, 255, 207, 239, 255, 127, 126, 39]"
607.174002,33827926,"[0, 0, 0, 98, 0, 16, 251, 255]"
607.174735,33828310,"[0, 0, 0, 147, 0, 0, 0, 0]"
607.175409,33827911,"[0, 0, 0, 226, 0, 16, 17, 0]"
607.176084,33828295,"[0, 0, 192, 26, 255, 255, 0, 0]"
607.176767,33929247,"[0, 0, 247, 6, 0, 24, 64, 0]"
607.177352,84159693,"[3, 0, 152, 207, 255, 127, 123, 38]"
607.177977,33827906,"[0, 0, 0, 98, 0, 16, 250, 255]"
607.178655,33828294,"[204, 255, 63, 191, 255, 255, 0, 0]"
607.179353,33827907,"[0, 0, 0, 226, 0, 16, 202, 255]"
607.180035,33828293,"[0, 0, 128, 82, 0, 0, 0, 0]"
607.180739,84159692,"[210, 255, 15, 208, 255, 127, 128, 38]"
607.18143,84159684,"[4, 0, 176, 220, 255, 191, 229, 38]"
607.182122,84159691,"[3, 0, 200, 201, 255, 191, 78, 38]"
607.182821,352596180,"[241, 223, 6, 176, 1, 8, 0, 5]"
607.18351,33880069,"[168, 85, 85, 99, 31, 83, 0, 0]"
607.184195,84159690,"[2, 0, 200, 239, 255, 127, 126, 39]"
607.184894,33827926,"[0, 0, 0, 98, 0, 16, 252, 255]"
607.185512,134551553,"[0, 0, 0, 0, 0, 0, 0, 192]"
607.186211,134551617,"[0, 0, 0, 64, 0, 0, 0, 0]"
607.186904,134551681,"[0, 4, 32, 0, 0, 0, 0, 0]"
607.187599,84159693,"[3, 0, 152, 207, 255, 127, 123, 38]"
607.188292,134551809,"[141, 6, 144, 128, 0, 28, 0, 0]"
607.188984,33929246,"[0, 0, 248, 6, 0, 22, 64, 0]"
607.189623,33827930,"[0, 0, 0, 226, 0, 16, 20, 0]"
607.190323,33929248,"[0, 0, 252, 6, 0, 24, 64, 0]"
607.191022,84159684,"[4, 0, 184, 220, 255, 127, 229, 38]"
607.191728,84159691,"[244, 255, 207, 201, 255, 191, 78, 38]"
607.192389,352595220,"[11, 0, 0, 128, 0, 8, 128, 1]"
607.193091,84159690,"[2, 0, 200, 239, 255, 191, 126, 39]"
607.193727,33844182,"[0, 0, 0, 0, 1, 26, 19, 0]"
607.194338,33834838,"[0, 0, 0, 0, 0, 0, 128, 0]"
607.195016,33827926,"[0, 0, 0, 98, 0, 16, 254, 255]"
607.19573,33828310,"[0, 0, 0, 147, 0, 0, 0, 0]"
607.196319,33828374,"[0, 0, 0, 0, 0, 0, 0, 128]"
607.196923,33929247,"[0, 0, 247, 6, 0, 24, 64, 0]"
607.19758,33827912,"[0, 0, 0, 98, 0, 16, 238, 255]"
607.19824,33827910,"[0, 0, 0, 98, 0, 16, 19, 0]"
607.198822,33828294,"[8, 0, 32, 191, 255, 255, 0, 0]"
607.199444,33827930,"[0, 0, 0, 226, 0, 16, 243, 255]"
607.200104,33828314,"[0, 0, 192, 162, 0, 0, 0, 0]"
607.200758,84159692,"[53, 0, 16, 208, 255, 191, 128, 38]"
607.20148,84159684,"[254, 255, 175, 220, 255, 191, 229, 38]"
607.202141,84159691,"[2, 0, 200, 201, 255, 191, 78, 38]"
607.202788,352596180,"[241, 159, 6, 176, 1, 8, 0, 5]"
607.203517,84159690,"[20, 0, 208, 239, 255, 191, 126, 39]"
607.204184,33827926,"[0, 0, 0, 98, 0, 16, 242, 255]"
607.204837,134551553,"[0, 0, 0, 0, 0, 0, 0, 192]"
607.205559,134551617,"[0, 0, 0, 64, 0, 0, 0, 0]"
607.206176,33827911,"[0, 0, 0, 226, 0, 16, 12, 0]"
607.206831,134551681,"[0, 4, 32, 0, 0, 0, 0, 0]"
607.20756,33827912,"[0, 0, 0, 98, 0, 16, 232, 255]"
607.208177,33827906,"[0, 0, 0, 98, 0, 16, 14, 0]"
607.208824,33929310,"[0, 0, 0, 0, 0, 64, 0, 0]"
607.209474,33827930,"[0, 0, 0, 226, 0, 16, 244, 255]"
607.210127,33929248,"[0, 0, 252, 6, 0, 24, 64, 0]"
607.210853,84159684,"[2, 0, 176, 220, 255, 127, 229, 38]"
607.211467,84159691,"[2, 0, 208, 201, 255, 191, 78, 38]"
607.21212,352595220,"[12, 0, 0, 128, 0, 8, 128, 1]"
607.212847,33880068,"[115, 57, 98, 127, 124, 166, 0, 0]"
607.213461,84159690,"[1, 0, 208, 239, 255, 191, 126, 39]"
607.214151,33827926,"[0, 0, 0, 98, 0, 16, 248, 255]"
607.214912,33828310,"[0, 0, 0, 147, 0, 0, 0, 0]"
607.215613,33844167,"[0, 0, 0, 0, 1, 26, 19, 0]"
607.216216,33834823,"[0, 0, 0, 0, 0, 3, 128, 0]"
607.216913,33929247,"[0, 0, 247, 6, 0, 24, 64, 0]"
607.217606,33828935,"[0, 243, 199, 46, 0, 0, 0, 0]"
607.218303,33828936,"[0, 243, 199, 46, 0, 0, 0, 0]"
607.218993,33828295,"[0, 0, 192, 26, 255, 255, 0, 0]"
607.219719,33828359,"[0, 0, 0, 0, 0, 0, 2, 128]"
607.220325,33828424,"[0, 0, 0, 0, 0, 0, 0, 128]"
607.221015,33828551,"[0, 0, 4, 0, 0, 0, 0, 0]"
607.221719,33844163,"[0, 0, 0, 0, 1, 26, 19, 0]"
607.222405,33828482,"[8, 0, 0, 0, 0, 0, 0, 0]"
607.223094,33828161,"[251, 127, 0, 64, 91, 18, 24, 20]"
607.223791,33844165,"[0, 0, 0, 0, 1, 26, 19, 0]"
607.224413,33828353,"[0, 0, 0, 0, 0, 0, 0, 128]"
607.225102,33828355,"[0, 0, 0, 0, 0, 0, 0, 128]"
607.225799,33844166,"[0, 0, 0, 0, 1, 26, 19, 0]"
607.226496,33828483,"[8, 0, 0, 0, 0, 0, 0, 0]"
607.227188,33828484,"[8, 0, 0, 0, 0, 0, 0, 0]"
607.227887,33828548,"[0, 0, 4, 0, 0, 0, 0, 0]"
607.228505,33828357,"[0, 0, 0, 0, 0, 0, 0, 128]"
607.22919,33828421,"[0, 0, 0, 0, 0, 0, 0, 128]"
607.229798,33929246,"[0, 0, 248, 6, 0, 22, 64, 0]"
607.230394,33929247,"[0, 0, 247, 6, 0, 24, 64, 0]"
607.231157,33827930,"[0, 0, 0, 226, 0, 16, 19, 0]"
607.231878,33828422,"[0, 0, 0, 0, 0, 0, 0, 128]"
607.23258,33929248,"[0, 0, 252, 6, 0, 24, 64, 0]"
607.23328,84159691,"[2, 0, 208, 201, 255, 191, 78, 38]"
607.233972,84159692,"[210, 255, 15, 208, 255, 63, 128, 38]"
607.234714,33828506,"[12, 0, 0, 0, 0, 0, 0, 0]"
607.23536,33828570,"[0, 0, 4, 196, 68, 0, 0, 0]"
607.236059,134551809,"[140, 6, 144, 128, 0, 28, 0, 0]"
607.236709,33827911,"[0, 0, 0, 226, 0, 16, 0, 0]"
607.237377,84159693,"[3, 0, 160, 207, 255, 191, 123, 38]"
607.238075,33827910,"[0, 0, 0, 98, 0, 16, 10, 0]"
607.238768,33828292,"[8, 0, 64, 39, 255, 255, 0, 0]"
607.239457,33827909,"[0, 0, 0, 98, 0, 16, 254, 255]"
607.240155,33827930,"[0, 0, 0, 226, 0, 16, 244, 255]"
607.24077,84159692,"[3, 0, 8, 208, 255, 191, 128, 38]"
607.241459,84159684,"[1, 0, 176, 220, 255, 127, 229, 38]"
607.242149,84159691,"[2, 0, 208, 201, 255, 191, 78, 38]"
607.242846,352595220,"[13, 0, 0, 128, 0, 8, 128, 1]"
607.243532,352596436,"[15, 0, 112, 1, 0, 37, 0, 0]"
607.244228,352596820,"[0, 0, 0, 0, 0, 0, 0, 0]"
607.244854,352596884,"[201, 255, 95, 0, 109, 2, 0, 0]"
607.245489,134551553,"[0, 0, 0, 0, 0, 0, 0, 192]"
607.246121,134551617,"[0, 0, 0, 64, 0, 0, 0, 0]"
607.246818,134551681,"[0, 4, 32, 0, 0, 0, 0, 0]"
607.247504,33827912,"[0, 0, 0, 98, 0, 16, 237, 255]"
607.248143,33827906,"[0, 0, 0, 98, 0, 16, 239, 255]"
607.248833,33827905,"[0, 0, 0, 98, 0, 16, 248, 255]"
607.249526,33929246,"[0, 0, 248, 6, 0, 22, 64, 0]"
607.250251,33929248,"[0, 0, 252, 6, 0, 24, 64, 0]"
607.250948,84159684,"[9, 0, 192, 220, 255, 127, 229, 38]"
607.251703,84159691,"[2, 0, 208, 201, 255, 191, 78, 38]"
607.252346,84211716,"[146, 159, 152, 87, 236, 88, 0, 0]"
607.252963,352595220,"[14, 0, 0, 128, 0, 8, 128, 1]"
607.253703,84159690,"[1, 0, 200, 239, 255, 127, 126, 39]"
607.254346,33827926,"[0, 0, 0, 98, 0, 16, 246, 255]"
607.25497,33828310,"[0, 0, 0, 147, 0, 0, 0, 0]"
607.255701,33827911,"[0, 0, 0, 226, 0, 16, 13, 0]"
607.256351,33828295,"[0, 0, 192, 26, 255, 255, 0, 0]"
607.25699,33929247,"[0, 0, 247, 6, 0, 24, 64, 0]"
607.257702,33827910,"[0, 0, 0, 98, 0, 16, 248, 255]"
607.258373,33828290,"[12, 0, 32, 64, 255, 255, 0, 0]"
607.259005,33828289,"[0, 0, 0, 189, 255, 255, 0, 0]"
607.259702,84211724,"[137, 116, 29, 54, 159, 63, 0, 0]"
607.260395,33929248,"[0, 0, 252, 6, 0, 24, 64, 0]"
607.261013,84159692,"[2, 0, 8, 208, 255, 127, 128, 38]"
607.261703,84159691,"[2, 0, 208, 201, 255, 191, 78, 38]"
607.262381,352595220,"[14, 0, 0, 128, 0, 8, 128, 1]"
607.263013,352596180,"[241, 159, 6, 176, 1, 8, 0, 5]"
607.263703,84159690,"[1, 0, 200, 239, 255, 191, 126, 39]"
607.264396,33827926,"[0, 0, 0, 98, 0, 16, 252, 255]"
607.265022,134551553,"[0, 0, 0, 0, 0, 0, 0, 192]"
607.269602,134551617,"[0, 0, 0, 64, 0, 0, 0, 0]"
607.270292,33827911,"[0, 0, 0, 226, 0, 16, 252, 255]"
607.270988,33929248,"[0, 0, 252, 6, 0, 24, 64, 0]"
607.2717,84159684,"[3, 0, 176, 220, 255, 127, 229, 38]"
607.272381,84159691,"[2, 0, 208, 201, 255, 191, 78, 38]"
607.273066,352647188,"[240, 174, 231, 132, 37, 173, 0, 0]"
607.273766,84159690,"[1, 0, 200, 239, 255, 127, 126, 39]"
607.274454,33828310,"[0, 0, 0, 147, 0, 0, 0, 0]"
607.275168,33827911,"[0, 0, 0, 226, 0, 16, 248, 255]"
607.275843,33828295,"[0, 0, 192, 26, 255, 255, 0, 0]"
607.280878,33929247,"[0, 0, 247, 6, 0, 24, 64, 0]"
607.28169,84159693,"[2, 0, 152, 207, 255, 191, 123, 38]"
607.282301,84159691,"[2, 0, 208, 201, 255, 191, 78, 38]"
607.282979,352596180,"[241, 159, 6, 176, 1, 8, 0, 5]"
607.283693,84159690,"[1, 0, 200, 239, 255, 191, 126, 39]"
607.284374,33827926,"[0, 0, 0, 98, 0, 16, 4, 0]"
607.285074,134551553,"[0, 0, 0, 0, 0, 0, 0, 192]"
607.285753,134551617,"[0, 0, 0, 64, 0, 0, 0, 0]"
607.286427,33827911,"[0, 0, 0, 226, 0, 16, 1, 0]"
607.287124,33929247,"[0, 0, 247, 6, 0, 24, 64, 0]"
607.287793,33827910,"[0, 0, 0, 98, 0, 16, 253, 255]"
607.288479,33827905,"[0, 0, 0, 98, 0, 16, 251, 255]"
607.289175,33827909,"[0, 0, 0, 98, 0, 16, 252, 255]"
607.289851,84159692,"[2, 0, 8, 208, 255, 127, 128, 38]"
607.290551,33929248,"[0, 0, 251, 6, 0, 24, 64, 0]"
607.291233,84159684,"[14, 0, 192, 220, 255, 127, 229, 38]"
607.292067,84159691,"[2, 0, 208, 201, 255, 191, 78, 38]"
607.292771,352595220,"[13, 0, 0, 128, 0, 8, 128, 1]"
607.29345,84159690,"[1, 0, 200, 239, 255, 63, 126, 39]"
607.294153,33827926,"[0, 0, 0, 98, 0, 16, 6, 0]"
607.294843,33828310,"[0, 0, 0, 147, 0, 0, 0, 0]"
607.295551,84211722,"[112, 239, 44, 125, 0, 180, 0, 0]"
607.296233,33827911,"[0, 0, 0, 226, 0, 16, 13, 0]"
607.296937,33828295,"[0, 0, 192, 26, 255, 255, 0, 0]"
607.297685,33827908,"[0, 0, 0, 98, 0, 16, 31, 0]"
607.298335,33827905,"[0, 0, 0, 98, 0, 16, 0, 0]"
607.299017,33828289,"[0, 0, 0, 189, 255, 255, 0, 0]"
607.299721,84159692,"[2, 0, 8, 208, 255, 127, 128, 38]"
607.300407,33929312,"[0, 0, 0, 0, 0, 64, 0, 0]"
607.301111,84159684,"[253, 255, 175, 220, 255, 127, 229, 38]"
607.301793,84159691,"[2, 0, 208, 201, 255, 191, 78, 38]"
607.302494,352595220,"[12, 0, 0, 128, 0, 8, 128, 1]"
607.303176,352596180,"[241, 159, 6, 176, 1, 8, 0, 5]"
607.303729,33880071,"[211, 13, 8, 46, 45, 67, 0, 0]"
607.304351,33827926,"[0, 0, 0, 98, 0, 16, 9, 0]"
607.305056,134551553,"[0, 0, 0, 0, 0, 0, 0, 192]"
607.305688,134551617,"[0, 0, 0, 64, 0, 0, 0, 0]"
607.306396,33827911,"[0, 0, 0, 226, 0, 16, 10, 0]"
607.307085,134551745,"[0, 0, 0, 2, 0, 0, 2, 0]"
607.307782,33827908,"[0, 0, 0, 98, 0, 16, 243, 255]"
607.308468,134551809,"[140, 6, 144, 128, 0, 28, 0, 0]"
607.309179,33827909,"[0, 0, 0, 98, 0, 16, 240, 255]"
607.309862,84159692,"[2, 0, 8, 208, 255, 127, 128, 38]"
607.310584,33929248,"[0, 0, 252, 6, 0, 24, 64, 0]"
607.311265,84159684,"[0, 0, 168, 220, 255, 127, 229, 38]"
607.31197,84159691,"[2, 0, 208, 201, 255, 191, 78, 38]"
607.312681,352595220,"[13, 0, 0, 128, 0, 8, 128, 1]"
607.313375,84159690,"[1, 0, 200, 239, 255, 127, 126, 39]"
607.314064,33827926,"[0, 0, 0, 98, 0, 16, 5, 0]"
607.314768,33828310,"[0, 0, 0, 147, 0, 0, 0, 0]"
607.315455,33827911,"[0, 0, 0, 226, 0, 16, 16, 0]"
607.316151,33828295,"[0, 0, 192, 26, 255, 255, 0, 0]"
607.316839,33929247,"[0, 0, 247, 6, 0, 24, 64, 0]"
607.317542,33827912,"[0, 0, 0, 98, 0, 16, 245, 255]"
607.318226,33827906,"[0, 0, 0, 98, 0, 16, 253, 255]"
607.318933,33828290,"[8, 0, 32, 64, 255, 255, 0, 0]"
607.319675,33828293,"[0, 0, 128, 82, 0, 0, 0, 0]"
607.320208,33929312,"[0, 0, 0, 0, 0, 64, 0, 0]"
607.320822,84159692,"[2, 0, 8, 208, 255, 127, 128, 38]"
607.321518,84159691,"[2, 0, 208, 201, 255, 191, 78, 38]"
607.322231,352595220,"[13, 0, 0, 128, 0, 8, 128, 1]"
607.322931,352596180,"[241, 159, 6, 176, 1, 8, 0, 5]"
607.323673,84159690,"[1, 0, 200, 239, 255, 191, 126, 39]"
607.324319,33827926,"[0, 0, 0, 98, 0, 16, 249, 255]"
607.325011,33880069,"[202, 139, 35, 231, 140, 22, 0, 0]"
607.32571,134551553,"[0, 0, 0, 0, 0, 0, 0, 192]"
607.326399,134551617,"[0, 0, 0, 64, 0, 0, 0, 0]"
607.327105,33929247,"[0, 0, 246, 6, 0, 24, 64, 0]"
607.327783,33827908,"[0, 0, 0, 98, 0, 16, 7, 0]"
607.328493,33827905,"[0, 0, 0, 98, 0, 16, 7, 0]"
607.329178,33827909,"[0, 0, 0, 98, 0, 16, 244, 255]"
607.329884,84159692,"[2, 0, 8, 208, 255, 191, 128, 38]"
607.330573,33929248,"[0, 0, 252, 6, 0, 24, 64, 0]"
607.331273,84159684,"[255, 255, 175, 220, 255, 255, 229, 38]"
607.331969,84159691,"[2, 0, 208, 201, 255, 191, 78, 38]"
607.332666,352595220,"[13, 0, 0, 128, 0, 8, 128, 1]"
607.333352,84159690,"[1, 0, 200, 239, 255, 127, 126, 39]"
607.334049,33827926,"[0, 0, 0, 98, 0, 16, 252, 255]"
607.334732,33828310,"[0, 0, 0, 147, 0, 0, 0, 0]"
607.335435,33827911,"[0, 0, 0, 226, 0, 16, 0, 0]"
607.336124,33828295,"[0, 0, 192, 26, 255, 255, 0, 0]"
607.336829,33929247,"[0, 0, 247, 6, 0, 24, 64, 0]"
607.337507,33827912,"[0, 0, 0, 98, 0, 16, 245, 255]"
607.338211,33827906,"[0, 0, 0, 98, 0, 16, 240, 255]"
607.338915,33929246,"[0, 0, 248, 6, 0, 22, 64, 0]"
607.339663,33827930,"[0, 0, 0, 226, 0, 16, 10, 0]"
607.340313,33929248,"[0, 0, 252, 6, 0, 24, 64, 0]"
607.341024,84159692,"[2, 0, 8, 208, 255, 191, 128, 38]"
607.341714,84159691,"[2, 0, 208, 201, 255, 191, 78, 38]"
607.342407,352595220,"[13, 0, 0, 128, 0, 8, 128, 1]"
607.343096,352596500,"[208, 255, 24, 0, 68, 64, 0, 4]"
607.343793,84159690,"[1, 0, 200, 239, 255, 191, 126, 39]"
607.344479,33827926,"[0, 0, 0, 98, 0, 16, 0, 0]"
607.345175,134551553,"[0, 0, 0, 0, 0, 0, 0, 192]"
607.345865,134551617,"[0, 0, 0, 64, 0, 0, 0, 0]"
607.346566,33827911,"[0, 0, 0, 226, 0, 16, 16, 0]"
607.347255,33929311,"[0, 0, 0, 0, 0, 64, 0, 0]"
607.347959,33827906,"[0, 0, 0, 98, 0, 16, 241, 255]"
607.348664,33827905,"[0, 0, 0, 98, 0, 16, 2, 0]"
607.349357,33827909,"[0, 0, 0, 98, 0, 16, 11, 0]"
607.350039,33929248,"[0, 0, 252, 6, 0, 24, 64, 0]"
607.35075,84159684,"[255, 255, 175, 220, 255, 191, 229, 38]"
607.351451,84159691,"[2, 0, 208, 201, 255, 191, 78, 38]"
607.352161,352595220,"[14, 0, 0, 128, 0, 8, 128, 1]"
607.35285,84159690,"[1, 0, 200, 239, 255, 127, 126, 39]"
607.353691,33827926,"[0, 0, 0, 98, 0, 16, 253, 255]"
607.354377,33828310,"[0, 0, 0, 147, 0, 0, 0, 0]"
607.355174,33827911,"[0, 0, 0, 226, 0, 16, 23, 0]"
607.355774,33828295,"[0, 0, 192, 26, 255, 255, 0, 0]"
607.356467,33929247,"[0, 0, 247, 6, 0, 24, 64, 0]"
607.357149,84159693,"[2, 0, 152, 207, 255, 191, 123, 38]"
607.357853,33827910,"[0, 0, 0, 98, 0, 16, 243, 255]"
607.358539,33828296,"[68, 255, 127, 62, 255, 255, 0, 0]"
607.35925,33827907,"[0, 0, 0, 226, 0, 16, 223, 255]"
607.359933,33828293,"[0, 0, 128, 82, 0, 0, 0, 0]"
607.360659,84159692,"[243, 255, 15, 208, 255, 127, 128, 38]"
607.361323,84159684,"[252, 255, 167, 220, 255, 191, 229, 38]"
607.362022,84159691,"[2, 0, 208, 201, 255, 191, 78, 38]"
607.362721,352596180,"[241, 159, 6, 176, 1, 8, 0, 5]"
607.36341,84159690,"[1, 0, 200, 239, 255, 127, 126, 39]"
607.364095,33827926,"[0, 0, 0, 98, 0, 16, 4, 0]"
607.364809,134551553,"[0, 0, 0, 0, 0, 0, 0, 192]"
607.36549,134551617,"[0, 0, 0, 64, 0, 0, 0, 0]"
607.36621,33827911,"[0, 0, 0, 226, 0, 16, 27, 0]"
607.366903,134551681,"[0, 4, 32, 0, 0, 0, 0, 0]"
607.367652,84159693,"[21, 0, 168, 207, 255, 191, 123, 38]"
607.368262,33827905,"[0, 0, 0, 98, 0, 16, 16, 0]"
607.368842,84175812,"[0, 0, 0, 0, 1, 26, 19, 128]"
607.369509,33929310,"[0, 0, 0, 0, 0, 64, 0, 0]"
607.370187,33929248,"[0, 0, 252, 6, 0, 24, 64, 0]"
607.370675,84159684,"[255, 255, 175, 220, 255, 191, 229, 38]"
607.371349,84159691,"[5, 0, 200, 201, 255, 191, 78, 38]"
607.3719,352595220,"[13, 0, 0, 128, 0, 8, 128, 1]"
607.37261,84159690,"[1, 0, 200, 239, 255, 191, 126, 39]"
607.372986,33827926,"[0, 0, 0, 98, 0, 16, 3, 0]"
607.373499,33828310,"[0, 0, 0, 147, 0, 0, 0, 0]"
607.375144,33827911,"[0, 0, 0, 226, 0, 16, 4, 0]"
607.375329,33828295,"[0, 0, 192, 26, 255, 255, 0, 0]"
607.375556,33880066,"[119, 62, 52, 14, 254, 143, 0, 0]"
607.375705,33929247,"[0, 0, 247, 6, 0, 24, 64, 0]"
607.376141,84159693,"[209, 255, 159, 207, 255, 127, 123, 38]"
607.3767,33827912,"[0, 0, 0, 98, 0, 16, 241, 255]"
607.377278,33827908,"[0, 0, 0, 98, 0, 16, 4, 0]"
607.377874,33827906,"[0, 0, 0, 98, 0, 16, 251, 255]"
607.378445,33828292,"[20, 0, 32, 39, 255, 255, 0, 0]"
607.379019,33827909,"[0, 0, 0, 98, 0, 16, 242, 255]"
607.379568,33828293,"[0, 0, 128, 82, 0, 0, 0, 0]"
607.38015,84159692,"[2, 0, 8, 208, 255, 191, 128, 38]"
607.38071,84159684,"[16, 0, 192, 220, 255, 63, 229, 38]"
607.38131,84159691,"[2, 0, 200, 201, 255, 191, 78, 38]"
607.381877,352595220,"[13, 0, 0, 128, 0, 8, 128, 1]"
607.382462,352596180,"[241, 159, 6, 176, 1, 8, 0, 5]"
607.383026,84159690,"[1, 0, 200, 239, 255, 127, 126, 39]"
607.383645,33827926,"[0, 0, 0, 98, 0, 16, 253, 255]"
607.384402,134551553,"[0, 0, 0, 0, 0, 0, 0, 192]"
607.384871,134551617,"[0, 0, 0, 64, 0, 0, 0, 0]"
607.385557,33827911,"[0, 0, 0, 226, 0, 16, 4, 0]"
607.386254,134551681,"[0, 4, 32, 0, 0, 0, 0, 0]"
607.386937,134551745,"[0, 0, 0, 3, 0, 0, 2, 0]"
607.387655,33827908,"[0, 0, 0, 98, 0, 16, 31, 0]"
607.388341,33827905,"[0, 0, 0, 98, 0, 16, 20, 0]"
607.389045,33827907,"[0, 0, 0, 226, 0, 16, 208, 255]"
607.389728,84166477,"[0, 0, 0, 0, 24, 0, 0, 0]"
607.390435,84161612,"[0, 0, 0, 0, 0, 0, 0, 0]"
607.391124,84175820,"[0, 0, 0, 1, 1, 26, 19, 0]"
607.391814,84159691,"[1, 0, 208, 201, 255, 191, 78, 38]"
607.3925,352595220,"[13, 0, 0, 128, 0, 8, 128, 1]"
607.393225,84166475,"[0, 0, 0, 0, 24, 0, 0, 0]"
607.393915,84159690,"[1, 0, 200, 239, 255, 127, 126, 39]"
607.394641,84160650,"[171, 192, 8, 131, 24, 0, 0, 0]"
607.395298,84166474,"[0, 0, 0, 0, 24, 0, 0, 0]"
607.395995,33827911,"[0, 0, 0, 226, 0, 16, 14, 0]"
607.396678,33828295,"[0, 0, 192, 26, 255, 255, 0, 0]"
607.397385,33827912,"[0, 0, 0, 98, 0, 16, 246, 255]"
607.398074,33828292,"[4, 0, 64, 39, 255, 255, 0, 0]"
607.398786,33828294,"[4, 0, 32, 191, 255, 255, 0, 0]"
607.399472,33827930,"[0, 0, 0, 226, 0, 16, 242, 255]"
607.400197,33929248,"[0, 0, 252, 6, 0, 24, 64, 0]"
607.400844,84159692,"[2, 0, 8, 208, 255, 191, 128, 38]"
607.401749,84159691,"[1, 0, 200, 201, 255, 191, 78, 38]"
607.402435,352595220,"[13, 0, 0, 128, 0, 8, 128, 1]"
607.403146,352596180,"[241, 159, 6, 176, 1, 8, 0, 5]"
607.403785,84159690,"[1, 0, 200, 239, 255, 191, 126, 39]"
607.404529,33827926,"[0, 0, 0, 98, 0, 16, 247, 255]"
607.405232,134551553,"[0, 0, 0, 0, 0, 0, 0, 192]"
607.40585,134551617,"[0, 0, 0, 64, 0, 0, 0, 0]"
607.406469,33827911,"[0, 0, 0, 226, 0, 16, 2, 0]"
607.407196,84159693,"[2, 0, 160, 207, 255, 191, 123, 38]"
607.407874,33827910,"[0, 0, 0, 98, 0, 16, 16, 0]"
607.408638,134551809,"[140, 6, 144, 128, 0, 28, 0, 0]"
607.409277,33827909,"[0, 0, 0, 98, 0, 16, 254, 255]"
607.409968,33929248,"[0, 0, 252, 6, 0, 24, 64, 0]"
607.410647,84159684,"[3, 0, 168, 220, 255, 127, 229, 38]"
607.411356,84159691,"[1, 0, 200, 201, 255, 191, 78, 38]"
607.412041,352595220,"[13, 0, 0, 128, 0, 8, 128, 1]"
607.412754,84159690,"[1, 0, 200, 239, 255, 191, 126, 39]"
607.413438,33827926,"[0, 0, 0, 98, 0, 16, 249, 255]"
607.414151,33828310,"[0, 0, 0, 147, 0, 0, 0, 0]"
607.415203,33827911,"[0, 0, 0, 226, 0, 16, 19, 0]"
607.415534,33828295,"[0, 0, 192, 26, 255, 255, 0, 0]"
607.41622,33929247,"[0, 0, 246, 6, 0, 24, 64, 0]"
607.416926,84159693,"[2, 0, 160, 207, 255, 191, 123, 38]"
607.417633,33827912,"[0, 0, 0, 98, 0, 16, 239, 255]"
607.418322,33827905,"[0, 0, 0, 98, 0, 16, 252, 255]"
607.419006,33828289,"[0, 0, 0, 189, 255, 255, 0, 0]"
607.419713,33929246,"[0, 0, 248, 6, 0, 22, 64, 0]"
607.420402,84159692,"[2, 0, 16, 208, 255, 191, 128, 38]"
607.421101,33880072,"[237, 251, 249, 160, 154, 1, 0, 0]"
607.421779,84159691,"[1, 0, 208, 201, 255, 191, 78, 38]"
607.422494,352595220,"[13, 0, 0, 128, 0, 8, 128, 1]"
607.423183,352596180,"[241, 159, 6, 176, 1, 8, 0, 5]"
607.423888,84159690,"[4, 0, 208, 239, 255, 191, 126, 39]"
607.424628,33827926,"[0, 0, 0, 98, 0, 16, 254, 255]"
607.425285,134551553,"[0, 0, 0, 0, 0, 0, 0, 192]"
607.425967,134551617,"[0, 0, 0, 64, 0, 0, 0, 0]"
607.426679,33827911,"[0, 0, 0, 226, 0, 16, 10, 0]"
607.427365,33827912,"[0, 0, 0, 98, 0, 16, 234, 255]"
607.428068,33827906,"[0, 0, 0, 98, 0, 16, 250, 255]"
607.428751,33827905,"[0, 0, 0, 98, 0, 16, 9, 0]"
607.429487,33929310,"[0, 0, 0, 0, 0, 64, 0, 0]"
607.430169,33929248,"[0, 0, 251, 6, 0, 24, 64, 0]"
607.430859,84159684,"[254, 255, 167, 220, 255, 63, 229, 38]"
607.431545,84159691,"[4, 0, 200, 201, 255, 127, 78, 38]"
607.432249,352595220,"[14, 0, 0, 128, 0, 8, 128, 1]"
607.43293,84159690,"[4, 0, 200, 239, 255, 127, 126, 39]"
607.433627,33827926,"[0, 0, 0, 98, 0, 16, 0, 0]"
607.434292,33828310,"[0, 0, 0, 147, 0, 0, 0, 0]"
607.435108,33827911,"[0, 0, 0, 226, 0, 16, 22, 0]"
607.435629,33828295,"[0, 0, 192, 26, 255, 255, 0, 0]"
607.436293,33929247,"[0, 0, 247, 6, 0, 24, 64, 0]"
607.436975,84159693,"[2, 0, 152, 207, 255, 191, 123, 38]"
607.437644,33828296,"[68, 255, 127, 62, 255, 255, 0, 0]"
607.438322,33827905,"[0, 0, 0, 98, 0, 16, 254, 255]"
607.43899,33828289,"[0, 0, 0, 189, 255, 255, 0, 0]"
607.439673,33827930,"[0, 0, 0, 226, 0, 16, 20, 0]"
607.44033,33929312,"[0, 0, 0, 0, 0, 64, 0, 0]"
607.441012,84159692,"[2, 0, 8, 208, 255, 191, 128, 38]"
607.44168,84159691,"[1, 0, 200, 201, 255, 191, 78, 38]"
607.442366,33880090,"[24, 17, 144, 7, 59, 59, 0, 0]"
607.443027,352596500,"[204, 255, 52, 0, 160, 64, 0, 4]"
607.44371,84159690,"[4, 0, 200, 239, 255, 191, 126, 39]"
607.444374,33834838,"[0, 0, 0, 0, 0, 0, 128, 0]"
607.445063,33827926,"[0, 0, 0, 98, 0, 16, 4, 0]"
607.44576,33828374,"[0, 0, 0, 0, 0, 0, 0, 128]"
607.446453,33828502,"[4, 0, 0, 0, 0, 0, 0, 0]"
607.447114,33929311,"[0, 0, 0, 0, 0, 64, 0, 0]"
607.447804,84159693,"[23, 0, 168, 207, 255, 191, 123, 38]"
607.448468,33827905,"[0, 0, 0, 98, 0, 16, 6, 0]"
607.44915,33827909,"[0, 0, 0, 98, 0, 16, 248, 255]"
607.449811,84159692,"[2, 0, 8, 208, 255, 191, 128, 38]"
607.450497,33929248,"[0, 0, 252, 6, 0, 24, 64, 0]"
607.451172,84159684,"[248, 255, 167, 220, 255, 63, 229, 38]"
607.451859,84159691,"[51, 0, 216, 201, 255, 191, 78, 38]"
607.452512,352595220,"[14, 0, 0, 128, 0, 8, 128, 1]"
607.453197,84159690,"[3, 0, 200, 239, 255, 127, 126, 39]"
607.453854,33827926,"[0, 0, 0, 98, 0, 16, 254, 255]"
607.454618,33828310,"[0, 0, 0, 147, 0, 0, 0, 0]"
607.455212,33827911,"[0, 0, 0, 226, 0, 16, 0, 0]"
607.455901,33828295,"[0, 0, 192, 26, 255, 255, 0, 0]"
607.456615,33929247,"[0, 0, 246, 6, 0, 24, 64, 0]"
607.457239,33827912,"[0, 0, 0, 98, 0, 16, 251, 255]"
607.457868,33827906,"[0, 0, 0, 98, 0, 16, 17, 0]"
607.45861,33828294,"[12, 0, 32, 191, 255, 255, 0, 0]"
607.459255,33827907,"[0, 0, 0, 226, 0, 16, 193, 255]"
607.459941,33828291,"[0, 0, 192, 245, 255, 255, 0, 0]"
607.460662,84159692,"[1, 0, 8, 208, 255, 127, 128, 38]"
607.461343,84159684,"[255, 255, 175, 220, 255, 191, 229, 38]"
607.462042,84159691,"[4, 0, 200, 201, 255, 127, 78, 38]"
607.462735,352596180,"[241, 159, 6, 176, 1, 8, 0, 5]"
607.463452,352647188,"[193, 178, 4, 245, 16, 26, 0, 0]"
607.464101,84159690,"[3, 0, 200, 239, 255, 191, 126, 39]"
607.464801,33827926,"[0, 0, 0, 98, 0, 16, 254, 255]"
607.465496,134551553,"[0, 0, 0, 0, 0, 0, 0, 192]"
607.466195,134551617,"[0, 0, 0, 64, 0, 0, 0, 0]"
607.466881,134551681,"[0, 4, 32, 0, 0, 0, 0, 0]"
607.467607,33844168,"[0, 0, 0, 0, 1, 26, 19, 0]"
607.468263,33834824,"[128, 0, 0, 0, 128, 11, 192, 0]"
607.468961,33828929,"[0, 243, 199, 46, 0, 0, 0, 0]"
607.469651,33828168,"[254, 127, 0, 64, 91, 20, 23, 20]"
607.470351,33828232,"[0, 0, 192, 91, 0, 0, 0, 0]"
607.471033,33844162,"[0, 0, 0, 0, 1, 26, 19, 0]"
607.47173,33828488,"[8, 0, 0, 0, 0, 0, 0, 0]"
607.472416,33828545,"[0, 0, 4, 0, 0, 0, 0, 0]"
607.47312,33834821,"[0, 0, 0, 0, 0, 3, 128, 0]"
607.473795,33828548,"[0, 0, 4, 0, 0, 0, 0, 0]"
607.474489,33834822,"[128, 0, 0, 0, 128, 11, 192, 0]"
607.475178,33828357,"[0, 0, 0, 0, 0, 0, 0, 128]"
607.475882,33828421,"[0, 0, 0, 0, 0, 0, 0, 128]"
607.476601,33828954,"[104, 198, 41, 41, 0, 0, 0, 0]"
607.477264,33828186,"[253, 127, 0, 0, 91, 19, 23, 20]"
607.477954,33828250,"[0, 0, 192, 162, 0, 0, 0, 0]"
607.478652,33828378,"[0, 0, 0, 0, 0, 31, 0, 128]"
607.47933,33828486,"[8, 0, 0, 0, 0, 0, 0, 0]"
607.480034,33827909,"[0, 0, 0, 98, 0, 16, 5, 0]"
607.480717,33828294,"[12, 0, 32, 191, 255, 255, 0, 0]"
607.481417,33828931,"[0, 243, 199, 46, 0, 0, 0, 0]"
607.482106,33828163,"[231, 127, 0, 192, 90, 20, 25, 20]"
607.482811,33929246,"[0, 0, 247, 6, 0, 22, 64, 0]"
607.483496,84159690,"[3, 0, 200, 239, 255, 191, 126, 39]"
607.484193,33828483,"[8, 0, 0, 0, 0, 0, 0, 0]"
607.48489,134551809,"[138, 6, 144, 128, 0, 28, 0, 0]"
607.485602,352595220,"[14, 0, 0, 128, 0, 8, 128, 1]"
607.48628,352596180,"[241, 159, 6, 176, 1, 8, 0, 5]"
607.486977,33929311,"[0, 0, 0, 0, 0, 64, 0, 0]"
607.487653,33827910,"[0, 0, 0, 98, 0, 16, 247, 255]"
607.48836,134551809,"[138, 6, 144, 128, 0, 28, 0, 0]"
607.489049,33827907,"[0, 0, 0, 226, 0, 16, 224, 255]"
607.489711,84159692,"[1, 0, 16, 208, 255, 191, 128, 38]"
607.490389,33929248,"[0, 0, 252, 6, 0, 24, 64, 0]"
607.491093,84159684,"[0, 0, 168, 220, 255, 127, 229, 38]"
607.491783,84159691,"[246, 255, 207, 201, 255, 127, 78, 38]"
607.492483,352611284,"[0, 0, 0, 0, 1, 26, 19, 0]"
607.493165,352596692,"[1, 0, 1, 0, 1, 0, 0, 0]"
607.493862,352596884,"[203, 255, 95, 0, 108, 2, 0, 0]"
607.494595,33828310,"[0, 0, 0, 147, 0, 0, 0, 0]"
607.495263,33827911,"[0, 0, 0, 226, 0, 16, 31, 0]"
607.495946,33828295,"[0, 0, 192, 26, 255, 255, 0, 0]"
607.496645,33929247,"[0, 0, 247, 6, 0, 24, 64, 0]"
607.497326,84159693,"[1, 0, 152, 207, 255, 191, 123, 38]"
607.498025,33828292,"[216, 255, 63, 39, 255, 255, 0, 0]"
607.498703,33828296,"[4, 0, 96, 62, 255, 255, 0, 0]"
607.499399,33827930,"[0, 0, 0, 226, 0, 16, 34, 0]"
607.500091,33828314,"[0, 0, 192, 162, 0, 0, 0, 0]"
607.500784,33929312,"[0, 0, 0, 0, 0, 64, 0, 0]"
607.501472,84159684,"[255, 255, 175, 220, 255, 127, 229, 38]"
607.502164,84159691,"[1, 0, 200, 201, 255, 191, 78, 38]"
607.502849,352596180,"[241, 223, 6, 176, 1, 8, 0, 5]"
607.503591,84159690,"[0, 0, 200, 239, 255, 127, 126, 39]"
607.504244,33827926,"[0, 0, 0, 98, 0, 16, 253, 255]"
607.504946,134551553,"[0, 0, 0, 0, 0, 0, 0, 192]"
607.505631,134551617,"[0, 0, 0, 64, 0, 0, 0, 0]"
607.506292,33827911,"[0, 0, 0, 226, 0, 16, 25, 0]"
607.506983,33929311,"[0, 0, 0, 0, 0, 64, 0, 0]"
607.507683,33827908,"[0, 0, 0, 98, 0, 16, 8, 0]"
607.508372,33827905,"[0, 0, 0, 98, 0, 16, 11, 0]"
607.509063,33827907,"[0, 0, 0, 226, 0, 16, 217, 255]"
607.509742,33880068,"[185, 153, 213, 40, 126, 231, 0, 0]"
607.510445,33929248,"[0, 0, 252, 6, 0, 24, 64, 0]"
607.511129,84159684,"[251, 255, 167, 220, 255, 191, 229, 38]"
607.511836,84159691,"[23, 0, 208, 201, 255, 191, 78, 38]"
607.512584,352595220,"[14, 0, 0, 128, 0, 8, 128, 1]"
607.513226,84159690,"[0, 0, 200, 239, 255, 191, 126, 39]"
607.513909,33827926,"[0, 0, 0, 98, 0, 16, 249, 255]"
607.514606,33828310,"[0, 0, 0, 147, 0, 0, 0, 0]"
607.515282,33827911,"[0, 0, 0, 226, 0, 16, 254, 255]"
607.515987,33828295,"[0, 0, 192, 26, 255, 255, 0, 0]"
607.51667,33929247,"[0, 0, 247, 6, 0, 24, 64, 0]"
607.517363,33827912,"[0, 0, 0, 98, 0, 16, 236, 255]"
607.518045,33827906,"[0, 0, 0, 98, 0, 16, 241, 255]"
607.518749,33828296,"[252, 255, 127, 62, 255, 255, 0, 0]"
607.519435,33827930,"[0, 0, 0, 226, 0, 16, 15, 0]"
607.520146,33828314,"[0, 0, 192, 162, 0, 0, 0, 0]"
607.520836,33929312,"[0, 0, 0, 0, 0, 64, 0, 0]"
607.521583,84159684,"[1, 0, 168, 220, 255, 63, 229, 38]"
607.522225,84159691,"[1, 0, 200, 201, 255, 191, 78, 38]"
607.522951,352596180,"[241, 223, 6, 176, 1, 8, 0, 5]"
607.523634,84159690,"[6, 0, 208, 239, 255, 191, 126, 39]"
607.524334,33827926,"[0, 0, 0, 98, 0, 16, 254, 255]"
607.525016,134551553,"[0, 0, 0, 0, 0, 0, 0, 192]"
607.525713,134551617,"[0, 0, 0, 64, 0, 0, 0, 0]"
607.526399,33827911,"[0, 0, 0, 226, 0, 16, 0, 0]"
607.527095,33929311,"[0, 0, 0, 0, 0, 64, 0, 0]"
607.527785,33827910,"[0, 0, 0, 98, 0, 16, 236, 255]"
607.529086,33827905,"[0, 0, 0, 98, 0, 16, 4, 0]"
607.529769,33827909,"[0, 0, 0, 98, 0, 16, 247, 255]"
607.53047,33929248,"[0, 0, 251, 6, 0, 24, 64, 0]"
607.531151,84159684,"[249, 255, 159, 220, 255, 191, 229, 38]"
607.531849,84159691,"[1, 0, 200, 201, 255, 191, 78, 38]"
607.532582,352595220,"[15, 0, 0, 128, 0, 8, 128, 1]"
607.533238,84159690,"[6, 0, 200, 239, 255, 127, 126, 39]"
607.533921,33827926,"[0, 0, 0, 98, 0, 16, 4, 0]"
607.534618,33828310,"[0, 0, 0, 147, 0, 0, 0, 0]"
607.535306,33827911,"[0, 0, 0, 226, 0, 16, 11, 0]"
607.53601,33828295,"[0, 0, 192, 26, 255, 255, 0, 0]"
607.536693,33929247,"[0, 0, 246, 6, 0, 24, 64, 0]"
607.541686,84159693,"[1, 0, 152, 207, 255, 127, 123, 38]"
607.542439,33827905,"[0, 0, 0, 98, 0, 16, 255, 255]"
607.543137,352596500,"[180, 255, 96, 0, 144, 64, 0, 4]"
607.543816,84159690,"[3, 0, 200, 239, 255, 191, 126, 39]"
607.544572,33827926,"[0, 0, 0, 98, 0, 16, 1, 0]"
607.545196,134551553,"[0, 0, 0, 0, 0, 0, 0, 192]"
607.545882,134551617,"[0, 0, 0, 64, 0, 0, 0, 0]"
607.546574,33827911,"[0, 0, 0, 226, 0, 16, 8, 0]"
607.547255,84159693,"[1, 0, 152, 207, 255, 191, 123, 38]"
607.547948,134551809,"[141, 6, 144, 128, 0, 28, 0, 0]"
607.548633,33827905,"[0, 0, 0, 98, 0, 16, 1, 0]"
607.549308,33827930,"[0, 0, 0, 226, 0, 16, 250, 255]"
607.550035,33929248,"[0, 0, 252, 6, 0, 24, 64, 0]"
607.550713,84159684,"[0, 0, 168, 220, 255, 255, 229, 38]"
607.551409,84159691,"[1, 0, 208, 201, 255, 191, 78, 38]"
607.552094,352595220,"[15, 0, 0, 128, 0, 8, 128, 1]"
607.552737,84159690,"[3, 0, 200, 239, 255, 127, 126, 39]"
607.553572,33827926,"[0, 0, 0, 98, 0, 16, 251, 255]"
607.554282,33828310,"[0, 0, 0, 147, 0, 0, 0, 0]"
607.555164,33827911,"[0, 0, 0, 226, 0, 16, 14, 0]"
607.555627,33828295,"[0, 0, 192, 26, 255, 255, 0, 0]"
607.556316,33929247,"[0, 0, 246, 6, 0, 24, 64, 0]"
607.557027,84159693,"[4, 0, 160, 207, 255, 191, 123, 38]"
607.55771,33827910,"[0, 0, 0, 98, 0, 16, 2, 0]"
607.55841,33827906,"[0, 0, 0, 98, 0, 16, 6, 0]"
607.55902,33827909,"[0, 0, 0, 98, 0, 16, 242, 255]"
607.55971,84159692,"[1, 0, 8, 208, 255, 127, 128, 38]"
607.560396,33929312,"[0, 0, 0, 0, 0, 64, 0, 0]"
607.561092,84159684,"[4, 0, 184, 220, 255, 191, 229, 38]"
607.561775,84159691,"[1, 0, 208, 201, 255, 191, 78, 38]"
607.56249,352595220,"[14, 0, 0, 128, 0, 8, 128, 1]"
607.563193,352596180,"[241, 223, 6, 176, 1, 8, 0, 5]"
607.563883,84159690,"[3, 0, 200, 239, 255, 191, 126, 39]"
607.564573,33827926,"[0, 0, 0, 98, 0, 16, 3, 0]"
607.565273,134551553,"[0, 0, 0, 0, 0, 0, 0, 192]"
607.565962,134551617,"[0, 0, 0, 64, 0, 0, 0, 0]"
607.56666,33827911,"[0, 0, 0, 226, 0, 16, 14, 0]"
607.567274,33827912,"[0, 0, 0, 98, 0, 16, 241, 255]"
607.567963,33827906,"[0, 0, 0, 98, 0, 16, 248, 255]"
607.568739,33929246,"[0, 0, 247, 6, 0, 22, 64, 0]"
607.569432,33929310,"[0, 0, 0, 0, 0, 64, 0, 0]"
607.570172,33929248,"[0, 0, 251, 6, 0, 24, 64, 0]"
607.570768,84159684,"[248, 255, 167, 220, 255, 255, 228, 38]"
607.571418,84159691,"[1, 0, 208, 201, 255, 191, 78, 38]"
607.572093,352595220,"[15, 0, 0, 128, 0, 8, 128, 1]"
607.57279,33880072,"[145, 222, 62, 68, 174, 225, 0, 0]"
607.573433,84159690,"[3, 0, 200, 239, 255, 191, 126, 39]"
607.574115,33827926,"[0, 0, 0, 98, 0, 16, 6, 0]"
607.574805,33828310,"[0, 0, 0, 147, 0, 0, 0, 0]"
607.575559,33827911,"[0, 0, 0, 226, 0, 16, 20, 0]"
607.576122,33828295,"[0, 0, 192, 26, 255, 255, 0, 0]"
607.576819,33929247,"[0, 0, 246, 6, 0, 24, 64, 0]"
607.577433,33827912,"[0, 0, 0, 98, 0, 16, 252, 255]"
607.578129,33827905,"[0, 0, 0, 98, 0, 16, 5, 0]"
607.578747,33828290,"[4, 0, 32, 64, 255, 255, 0, 0]"
607.579448,33827930,"[0, 0, 0, 226, 0, 16, 231, 255]"
607.580166,33929248,"[0, 0, 251, 6, 0, 24, 64, 0]"
607.580863,84159692,"[1, 0, 8, 208, 255, 127, 128, 38]"
607.58156,84159691,"[4, 0, 200, 201, 255, 191, 78, 38]"
607.582202,352595220,"[15, 0, 0, 128, 0, 8, 128, 1]"
607.582885,352596180,"[241, 223, 6, 176, 1, 8, 0, 5]"
607.583567,84159690,"[3, 0, 200, 239, 255, 127, 126, 39]"
607.584209,33827926,"[0, 0, 0, 98, 0, 16, 250, 255]"
607.584894,134551553,"[0, 0, 0, 0, 0, 0, 0, 192]"
607.585584,134551617,"[0, 0, 0, 64, 0, 0, 0, 0]"
607.586277,33827911,"[0, 0, 0, 226, 0, 16, 23, 0]"
607.58687,33929247,"[0, 0, 246, 6, 0, 24, 64, 0]"
607.587556,33827908,"[0, 0, 0, 98, 0, 16, 13, 0]"
607.588216,33827905,"[0, 0, 0, 98, 0, 16, 6, 0]"
607.588901,33827907,"[0, 0, 0, 226, 0, 16, 223, 255]"
607.589594,33827930,"[0, 0, 0, 226, 0, 16, 248, 255]"
607.590267,33929248,"[0, 0, 251, 6, 0, 24, 64, 0]"
607.590967,84159684,"[245, 255, 159, 220, 255, 127, 229, 38]"
607.591652,84159691,"[53, 0, 208, 201, 255, 191, 78, 38]"
607.592341,352595220,"[14, 0, 0, 128, 0, 8, 128, 1]"
607.593026,84159690,"[3, 0, 200, 239, 255, 191, 126, 39]"
607.593719,33827926,"[0, 0, 0, 98, 0, 16, 245, 255]"
607.594407,33828310,"[0, 0, 0, 147, 0, 0, 0, 0]"
607.595106,84211724,"[170, 74, 24, 69, 77, 185, 0, 0]"
607.595792,33827911,"[0, 0, 0, 226, 0, 16, 10, 0]"
607.596555,33828295,"[0, 0, 192, 26, 255, 255, 0, 0]"
607.597172,33929247,"[0, 0, 247, 6, 0, 24, 64, 0]"
607.597858,33827906,"[0, 0, 0, 98, 0, 16, 251, 255]"
607.598551,33828294,"[12, 0, 32, 191, 255, 255, 0, 0]"
607.599238,33827930,"[0, 0, 0, 226, 0, 16, 19, 0]"
607.599987,33828314,"[0, 0, 192, 162, 0, 0, 0, 0]"
607.600708,33929312,"[0, 0, 0, 0, 0, 64, 0, 0]"
607.601397,84159684,"[2, 0, 176, 220, 255, 127, 229, 38]"
607.602101,84159691,"[4, 0, 208, 201, 255, 191, 78, 38]"
607.602791,352596180,"[241, 223, 6, 176, 1, 8, 0, 5]"
607.603553,84159690,"[3, 0, 200, 239, 255, 127, 126, 39]"
607.604216,33827926,"[0, 0, 0, 98, 0, 16, 1, 0]"
607.604922,134551553,"[0, 0, 0, 0, 0, 0, 0, 192]"
607.605605,134551617,"[0, 0, 0, 64, 0, 0, 0, 0]"
607.606312,33827911,"[0, 0, 0, 226, 0, 16, 12, 0]"
607.606994,33929311,"[0, 0, 0, 0, 0, 64, 0, 0]"
607.607692,33827910,"[0, 0, 0, 98, 0, 16, 9, 0]"
607.608378,33827905,"[0, 0, 0, 98, 0, 16, 3, 0]"
607.609088,33827909,"[0, 0, 0, 98, 0, 16, 236, 255]"
607.609771,33929248,"[0, 0, 251, 6, 0, 24, 64, 0]"
607.61055,84159684,"[6, 0, 184, 220, 255, 255, 229, 38]"
607.6112,84159691,"[3, 0, 208, 201, 255, 191, 78, 38]"
607.611911,352595220,"[15, 0, 0, 128, 0, 8, 128, 1]"
607.6126,84159690,"[3, 0, 200, 239, 255, 127, 126, 39]"
607.613296,33827926,"[0, 0, 0, 98, 0, 16, 3, 0]"
607.613986,33828310,"[0, 0, 0, 147, 0, 0, 0, 0]"
607.61508,33827911,"[0, 0, 0, 226, 0, 16, 17, 0]"
607.615374,33828295,"[0, 0, 192, 26, 255, 255, 0, 0]"
607.616071,33929247,"[0, 0, 246, 6, 0, 24, 64, 0]"
607.616754,33827912,"[0, 0, 0, 98, 0, 16, 237, 255]"
607.617469,84159693,"[4, 0, 160, 207, 255, 191, 123, 38]"
607.618151,33827905,"[0, 0, 0, 98, 0, 16, 12, 0]"
607.618862,84161604,"[0, 0, 0, 0, 0, 0, 0, 0]"
607.619552,33828289,"[0, 0, 0, 189, 255, 255, 0, 0]"
607.620187,33929248,"[0, 0, 252, 6, 0, 24, 64, 0]"
607.620884,84175812,"[0, 0, 0, 0, 1, 26, 19, 128]"
607.621581,84159691,"[3, 0, 208, 201, 255, 191, 78, 38]"
607.622267,352595220,"[15, 0, 0, 128, 0, 8, 128, 1]"
607.622971,352596180,"[241, 159, 6, 176, 1, 8, 0, 5]"
607.623661,84159690,"[3, 0, 200, 239, 255, 127, 126, 39]"
607.624354,33827926,"[0, 0, 0, 98, 0, 16, 2, 0]"
607.62505,134551553,"[0, 0, 0, 0, 0, 0, 0, 192]"
607.625747,134551617,"[0, 0, 0, 64, 0, 0, 0, 0]"
607.626433,33827911,"[0, 0, 0, 226, 0, 16, 19, 0]"
607.627137,84159693,"[4, 0, 160, 207, 255, 191, 123, 38]"
607.627827,33827910,"[0, 0, 0, 98, 0, 16, 255, 255]"
607.628538,33827906,"[0, 0, 0, 98, 0, 16, 245, 255]"
607.629209,33827930,"[0, 0, 0, 226, 0, 16, 234, 255]"
607.629899,84159692,"[1, 0, 8, 208, 255, 191, 128, 38]"
607.630596,33929248,"[0, 0, 251, 6, 0, 24, 64, 0]"
607.631289,84159684,"[0, 0, 168, 220, 255, 191, 229, 38]"
607.631967,84159691,"[3, 0, 208, 201, 255, 191, 78, 38]"
607.632666,352595220,"[15, 0, 0, 128, 0, 8, 128, 1]"
607.633348,84159690,"[3, 0, 200, 239, 255, 191, 126, 39]"
607.634054,33827926,"[0, 0, 0, 98, 0, 16, 250, 255]"
607.63474,33828310,"[0, 0, 0, 147, 0, 0, 0, 0]"
607.635436,33827911,"[0, 0, 0, 226, 0, 16, 255, 255]"
607.636121,33828295,"[0, 0, 192, 26, 255, 255, 0, 0]"
607.636863,33929247,"[0, 0, 246, 6, 0, 24, 64, 0]"
607.637548,84161613,"[0, 0, 253, 255, 255, 7, 0, 0]"
607.638243,33828290,"[4, 0, 32, 64, 255, 255, 0, 0]"
607.638929,33828289,"[0, 0, 0, 189, 255, 255, 0, 0]"
607.639657,84160653,"[173, 192, 248, 130, 24, 0, 0, 0]"
607.640359,33929312,"[0, 0, 0, 0, 0, 64, 0, 0]"
607.641058,84166477,"[0, 0, 0, 0, 24, 0, 0, 0]"
607.641737,84159691,"[3, 0, 208, 201, 255, 191, 78, 38]"
607.642446,352595220,"[15, 0, 0, 128, 0, 8, 128, 1]"
607.643131,352596436,"[244, 255, 143, 0, 0, 24, 0, 0]"
607.643838,352596500,"[128, 255, 88, 0, 128, 63, 0, 4]"
607.644531,84161610,"[0, 0, 253, 255, 255, 7, 0, 0]"
607.645247,84166474,"[0, 0, 0, 0, 24, 0, 0, 0]"
607.645932,134551617,"[0, 0, 0, 64, 0, 0, 0, 0]"
607.646653,33827911,"[0, 0, 0, 226, 0, 16, 10, 0]"
607.647382,33827912,"[0, 0, 0, 98, 0, 16, 245, 255]"
607.648079,33827906,"[0, 0, 0, 98, 0, 16, 236, 255]"
607.648762,33929310,"[0, 0, 0, 0, 0, 64, 0, 0]"
607.649531,33827930,"[0, 0, 0, 226, 0, 16, 36, 0]"
607.650158,33880065,"[237, 36, 198, 243, 117, 235, 0, 0]"
607.650856,84159684,"[0, 0, 168, 220, 255, 191, 229, 38]"
607.651546,84159691,"[3, 0, 208, 201, 255, 191, 78, 38]"
607.652238,352595220,"[15, 0, 0, 128, 0, 8, 128, 1]"
607.652927,84159690,"[3, 0, 200, 239, 255, 191, 126, 39]"
607.653625,33827926,"[0, 0, 0, 98, 0, 16, 254, 255]"
607.65431,33828310,"[0, 0, 0, 147, 0, 0, 0, 0]"
607.655011,84211716,"[102, 32, 171, 38, 64, 255, 0, 0]"
607.655696,33827911,"[0, 0, 0, 226, 0, 16, 8, 0]"
607.656396,33828295,"[0, 0, 192, 26, 255, 255, 0, 0]"
607.657078,33929247,"[0, 0, 246, 6, 0, 24, 64, 0]"
607.657783,33827910,"[0, 0, 0, 98, 0, 16, 9, 0]"
607.658523,33828294,"[12, 0, 32, 191, 255, 255, 0, 0]"
607.659179,33827909,"[0, 0, 0, 98, 0, 16, 252, 255]"
607.659869,33828293,"[0, 0, 128, 82, 0, 0, 0, 0]"
607.660574,84159692,"[4, 0, 8, 208, 255, 191, 128, 38]"
607.661259,84159684,"[0, 0, 168, 220, 255, 63, 229, 38]"
607.661956,84159691,"[3, 0, 208, 201, 255, 191, 78, 38]"
607.662639,352596180,"[241, 223, 6, 176, 1, 12, 0, 5]"
607.663332,84159690,"[213, 255, 207, 239, 255, 127, 126, 39]"
607.664014,84211725,"[50, 243, 216, 232, 130, 190, 0, 0]"
607.664718,33827926,"[0, 0, 0, 98, 0, 16, 253, 255]"
607.665404,134551553,"[0, 0, 0, 0, 0, 0, 0, 192]"
607.6661,134551617,"[0, 0, 0, 64, 0, 0, 0, 0]"
607.666783,134551681,"[0, 4, 32, 0, 0, 0, 0, 0]"
607.667524,84159693,"[3, 0, 152, 207, 255, 127, 123, 38]"
607.66818,33827905,"[0, 0, 0, 98, 0, 16, 13, 0]"
607.668884,33827907,"[0, 0, 0, 226, 0, 16, 242, 255]"
607.669567,33827930,"[0, 0, 0, 226, 0, 16, 237, 255]"
607.670296,33929248,"[0, 0, 251, 6, 0, 24, 64, 0]"
607.670985,84159684,"[4, 0, 176, 220, 255, 127, 229, 38]"
607.671682,84159691,"[3, 0, 208, 201, 255, 191, 78, 38]"
607.672368,352595220,"[15, 0, 0, 128, 0, 8, 128, 1]"
607.673073,84159690,"[2, 0, 200, 239, 255, 127, 126, 39]"
607.673756,33827926,"[0, 0, 0, 98, 0, 16, 248, 255]"
607.674518,33828310,"[0, 0, 0, 147, 0, 0, 0, 0]"
607.675164,33827911,"[0, 0, 0, 226, 0, 16, 8, 0]"
607.675878,33828295,"[0, 0, 192, 26, 255, 255, 0, 0]"
607.676514,33929247,"[0, 0, 246, 6, 0, 24, 64, 0]"
607.677145,33827912,"[0, 0, 0, 98, 0, 16, 252, 255]"
607.677979,33827906,"[0, 0, 0, 98, 0, 16, 255, 255]"
607.678551,33828292,"[12, 0, 64, 39, 255, 255, 0, 0]"
607.679176,33827930,"[0, 0, 0, 226, 0, 16, 1, 0]"
607.680279,33828293,"[0, 0, 128, 82, 0, 0, 0, 0]"
607.681006,84159692,"[3, 0, 8, 208, 255, 191, 128, 38]"
607.681762,84159691,"[3, 0, 208, 201, 255, 191, 78, 38]"
607.682401,352595220,"[16, 0, 0, 128, 0, 8, 128, 1]"
607.68305,352596180,"[241, 159, 6, 192, 1, 12, 0, 5]"
607.683736,84159690,"[2, 0, 200, 239, 255, 191, 126, 39]"
607.684432,33827926,"[0, 0, 0, 98, 0, 16, 254, 255]"
607.685138,134551553,"[0, 0, 0, 0, 0, 0, 0, 192]"
607.68583,134551617,"[0, 0, 0, 64, 0, 0, 0, 0]"
607.688223,33827911,"[0, 0, 0, 226, 0, 16, 11, 0]"
607.689,134551745,"[0, 0, 0, 2, 0, 0, 2, 0]"
607.689905,33827930,"[0, 0, 0, 226, 0, 16, 12, 0]"
607.690534,33929248,"[0, 0, 251, 6, 0, 24, 64, 0]"
607.691257,84159684,"[244, 255, 167, 220, 255, 127, 229, 38]"
607.691949,84159691,"[3, 0, 208, 201, 255, 191, 78, 38]"
607.692647,352595220,"[16, 0, 0, 128, 0, 8, 128, 1]"
607.69334,84159690,"[2, 0, 200, 239, 255, 191, 126, 39]"
607.694036,33844182,"[0, 0, 0, 0, 1, 26, 19, 0]"
607.694726,33828950,"[212, 74, 40, 37, 0, 0, 0, 0]"
607.695419,33828246,"[0, 0, 0, 147, 0, 0, 0, 0]"
607.696101,33828374,"[0, 0, 0, 0, 0, 0, 0, 128]"
607.696798,33828295,"[0, 0, 192, 26, 255, 255, 0, 0]"
607.69751,33827908,"[0, 0, 0, 98, 0, 16, 5, 0]"
607.698202,33827905,"[0, 0, 0, 98, 0, 16, 0, 0]"
607.698892,33828289,"[0, 0, 0, 189, 255, 255, 0, 0]"
607.699554,84159692,"[3, 0, 8, 208, 255, 191, 128, 38]"
607.700239,33929248,"[0, 0, 251, 6, 0, 24, 64, 0]"
607.700936,33929312,"[0, 0, 0, 0, 0, 64, 0, 0]"
607.701576,84159691,"[3, 0, 208, 201, 255, 191, 78, 38]"
607.702268,352595220,"[16, 0, 0, 128, 0, 8, 128, 1]"
607.702929,352596180,"[241, 159, 6, 176, 1, 12, 0, 5]"
607.705062,84159690,"[2, 0, 200, 239, 255, 191, 126, 39]"
607.705795,33827926,"[0, 0, 0, 98, 0, 16, 248, 255]"
607.706499,33827911,"[0, 0, 0, 226, 0, 16, 21, 0]"
607.70722,134551745,"[0, 0, 0, 2, 0, 0, 2, 0]"
607.707925,134551809,"[140, 6, 144, 128, 0, 28, 0, 0]"
607.708615,33929246,"[0, 0, 248, 6, 0, 22, 64, 0]"
607.709315,33827930,"[0, 0, 0, 226, 0, 16, 25, 0]"
607.709997,33929248,"[0, 0, 251, 6, 0, 24, 64, 0]"
607.710687,84159684,"[1, 0, 176, 220, 255, 191, 229, 38]"
607.711395,84159691,"[3, 0, 208, 201, 255, 191, 78, 38]"
607.712084,352595220,"[16, 0, 0, 128, 0, 8, 128, 1]"
607.712781,84159690,"[2, 0, 200, 239, 255, 127, 126, 39]"
607.713499,33827926,"[0, 0, 0, 98, 0, 16, 251, 255]"
607.71417,33828310,"[0, 0, 0, 147, 0, 0, 0, 0]"
607.715008,33844167,"[0, 0, 0, 0, 1, 26, 19, 0]"
607.7155,33834823,"[0, 0, 0, 0, 0, 3, 128, 0]"
607.716149,33929247,"[0, 0, 246, 6, 0, 24, 64, 0]"
607.716861,84159693,"[3, 0, 152, 207, 255, 191, 123, 38]"
607.717558,33844164,"[0, 0, 0, 0, 1, 26, 19, 0]"
607.71825,33834818,"[128, 0, 0, 0, 128, 11, 192, 0]"
607.718947,33828295,"[0, 0, 192, 26, 255, 255, 0, 0]"
607.719637,33828228,"[0, 0, 192, 81, 255, 255, 0, 0]"
607.720265,33828226,"[0, 0, 192, 116, 0, 0, 0, 0]"
607.720854,33828354,"[0, 0, 0, 0, 0, 0, 0, 128]"
607.721533,33828934,"[0, 243, 199, 46, 0, 0, 0, 0]"
607.722292,33844161,"[0, 0, 0, 0, 1, 26, 19, 0]"
607.722984,33828230,"[0, 0, 192, 61, 0, 0, 0, 0]"
607.723698,33844186,"[0, 0, 0, 0, 1, 26, 19, 128]"
607.724401,33827926,"[0, 0, 0, 98, 0, 16, 252, 255]"
607.725086,33828161,"[254, 127, 0, 0, 91, 18, 24, 20]"
607.725778,33828227,"[0, 0, 192, 245, 255, 255, 0, 0]"
607.726492,33828550,"[0, 0, 4, 0, 0, 0, 0, 0]"
607.727166,33828355,"[0, 0, 0, 0, 0, 0, 0, 128]"
607.727865,33828419,"[0, 0, 0, 0, 0, 0, 0, 128]"
607.728572,33828954,"[104, 198, 41, 41, 0, 0, 0, 0]"
607.72926,33828545,"[0, 0, 4, 0, 0, 0, 0, 0]"
607.729974,33827909,"[0, 0, 0, 98, 0, 16, 243, 255]"
607.730659,33929247,"[0, 0, 246, 6, 0, 24, 64, 0]"
607.731362,33828168,"[247, 127, 0, 64, 91, 20, 23, 20]"
607.732054,33828378,"[0, 0, 0, 0, 0, 31, 0, 128]"
607.732753,33929248,"[0, 0, 251, 6, 0, 24, 64, 0]"
607.733488,84159684,"[0, 0, 168, 220, 255, 63, 229, 38]"
607.734141,84159690,"[2, 0, 200, 239, 255, 191, 126, 39]"
607.734833,84159691,"[3, 0, 208, 201, 255, 191, 78, 38]"
607.735526,134551617,"[0, 0, 0, 64, 0, 0, 0, 0]"
607.736235,352596180,"[241, 223, 6, 192, 1, 12, 0, 5]"
607.738133,33929247,"[0, 0, 246, 6, 0, 24, 64, 0]"
607.738838,33827910,"[0, 0, 0, 98, 0, 16, 4, 0]"
607.739542,84159692,"[3, 0, 8, 208, 255, 191, 128, 38]"
607.740242,33828314,"[0, 0, 192, 162, 0, 0, 0, 0]"
607.740939,33929312,"[0, 0, 0, 0, 0, 64, 0, 0]"
607.741622,84159691,"[3, 0, 208, 201, 255, 191, 78, 38]"
607.742329,352611284,"[0, 0, 0, 0, 1, 26, 19, 0]"
607.743025,352596244,"[33, 255, 215, 0, 33, 127, 0, 0]"
607.743715,352596500,"[156, 255, 92, 0, 160, 63, 0, 4]"
607.744485,352596884,"[205, 255, 93, 0, 109, 2, 0, 0]"
607.745119,352647188,"[19, 74, 54, 71, 71, 227, 0, 0]"
607.745809,134551617,"[0, 0, 0, 64, 0, 0, 0, 0]"
607.746506,33827911,"[0, 0, 0, 226, 0, 16, 251, 255]"
607.747199,134551745,"[0, 0, 0, 2, 0, 0, 2, 0]"
607.747889,134551809,"[140, 6, 144, 128, 0, 28, 0, 0]"
607.748593,33929246,"[0, 0, 247, 6, 0, 22, 64, 0]"
607.749293,33827930,"[0, 0, 0, 226, 0, 16, 253, 255]"
607.749983,33929248,"[0, 0, 251, 6, 0, 24, 64, 0]"
607.750673,84159684,"[251, 255, 175, 220, 255, 191, 229, 38]"
607.751366,84159691,"[3, 0, 208, 201, 255, 191, 78, 38]"
607.752062,352595220,"[16, 0, 0, 128, 0, 8, 128, 1]"
607.752762,84159690,"[2, 0, 200, 239, 255, 127, 126, 39]"
607.753589,33827926,"[0, 0, 0, 98, 0, 16, 246, 255]"
607.754181,33828310,"[0, 0, 0, 147, 0, 0, 0, 0]"
607.754955,33827911,"[0, 0, 0, 226, 0, 16, 11, 0]"
607.755563,33828295,"[0, 0, 192, 26, 255, 255, 0, 0]"
607.756277,33929247,"[0, 0, 246, 6, 0, 24, 64, 0]"
607.756902,33827912,"[0, 0, 0, 98, 0, 16, 248, 255]"
607.757585,33827910,"[0, 0, 0, 98, 0, 16, 248, 255]"
607.758285,33828290,"[12, 0, 32, 64, 255, 255, 0, 0]"
607.758895,33827907,"[0, 0, 0, 226, 0, 16, 225, 255]"
607.759585,33828293,"[0, 0, 128, 82, 0, 0, 0, 0]"
607.760307,84159692,"[3, 0, 8, 208, 255, 191, 128, 38]"
607.760996,84159684,"[253, 255, 175, 220, 255, 255, 229, 38]"
607.761679,84159691,"[3, 0, 208, 201, 255, 191, 78, 38]"
607.762393,352595220,"[16, 0, 0, 128, 0, 8, 128, 1]"
607.763097,352596180,"[241, 223, 6, 192, 1, 12, 0, 5]"
607.763787,84159690,"[2, 0, 200, 239, 255, 127, 126, 39]"
607.764484,33827926,"[0, 0, 0, 98, 0, 16, 252, 255]"
607.765176,134551553,"[0, 0, 0, 0, 0, 0, 0, 192]"
607.765866,134551617,"[0, 0, 0, 64, 0, 0, 0, 0]"
607.766564,33827911,"[0, 0, 0, 226, 0, 16, 18, 0]"
607.767256,33827912,"[0, 0, 0, 98, 0, 16, 247, 255]"
607.767878,33827906,"[0, 0, 0, 98, 0, 16, 251, 255]"
607.768585,33929246,"[0, 0, 248, 6, 0, 22, 64, 0]"
607.769274,33827930,"[0, 0, 0, 226, 0, 16, 25, 0]"
607.771016,84159692,"[3, 0, 8, 208, 255, 127, 128, 38]"
607.771892,84159684,"[3, 0, 176, 220, 255, 255, 229, 38]"
607.772585,352595220,"[16, 0, 0, 128, 0, 8, 128, 1]"
607.773273,84159690,"[2, 0, 200, 239, 255, 191, 126, 39]"
607.773979,33827926,"[0, 0, 0, 98, 0, 16, 251, 255]"
607.774672,33828310,"[0, 0, 0, 147, 0, 0, 0, 0]"
607.775367,33827911,"[0, 0, 0, 226, 0, 16, 22, 0]"
607.776052,33828295,"[0, 0, 192, 26, 255, 255, 0, 0]"
607.776759,33929247,"[0, 0, 246, 6, 0, 24, 64, 0]"
607.777473,33827912,"[0, 0, 0, 98, 0, 16, 245, 255]"
607.778146,33827905,"[0, 0, 0, 98, 0, 16, 254, 255]"
607.778832,33828289,"[0, 0, 64, 189, 255, 255, 0, 0]"
607.779531,33827930,"[0, 0, 0, 226, 0, 16, 2, 0]"
607.780219,33929312,"[0, 0, 0, 0, 0, 64, 0, 0]"
607.780926,84159692,"[3, 0, 8, 208, 255, 191, 128, 38]"
607.781611,84159691,"[3, 0, 200, 201, 255, 191, 78, 38]"
607.782314,352595220,"[16, 0, 0, 128, 0, 8, 128, 1]"
607.782996,352596180,"[241, 159, 6, 192, 1, 12, 0, 5]"
607.783715,84159690,"[2, 0, 200, 239, 255, 127, 126, 39]"
607.78447,33827926,"[0, 0, 0, 98, 0, 16, 4, 0]"
607.785069,134551553,"[0, 0, 0, 0, 0, 0, 0, 192]"
607.786226,134551617,"[0, 0, 0, 64, 0, 0, 0, 0]"
607.788788,33827911,"[0, 0, 0, 226, 0, 16, 15, 0]"
607.789366,33827908,"[0, 0, 0, 98, 0, 16, 8, 0]"
607.791747,33929248,"[0, 0, 251, 6, 0, 24, 64, 0]"
607.792466,84159684,"[255, 255, 167, 220, 255, 255, 229, 38]"
607.793165,352595220,"[16, 0, 0, 128, 0, 8, 128, 1]"
607.793862,84159690,"[2, 0, 200, 239, 255, 191, 126, 39]"
607.794559,33828310,"[0, 0, 0, 147, 0, 0, 0, 0]"
607.795248,33827911,"[0, 0, 0, 226, 0, 16, 26, 0]"
607.795945,33828295,"[0, 0, 192, 26, 255, 255, 0, 0]"
607.796643,33929247,"[0, 0, 246, 6, 0, 24, 64, 0]"
607.797336,33827912,"[0, 0, 0, 98, 0, 16, 245, 255]"
607.798032,33828292,"[12, 0, 64, 39, 255, 255, 0, 0]"
607.79865,33929246,"[0, 0, 248, 6, 0, 22, 64, 0]"
607.799336,33827930,"[0, 0, 0, 226, 0, 16, 37, 0]"
607.800033,33828314,"[0, 0, 192, 162, 0, 0, 0, 0]"
607.800737,33929312,"[0, 0, 0, 0, 0, 64, 0, 0]"
607.801463,84159691,"[0, 0, 200, 201, 255, 191, 78, 38]"
607.802134,352595220,"[16, 0, 0, 128, 0, 8, 128, 1]"
607.802766,352596180,"[241, 159, 6, 192, 1, 12, 0, 5]"
607.803514,84159690,"[2, 0, 200, 239, 255, 191, 126, 39]"
607.804191,33827926,"[0, 0, 0, 98, 0, 16, 2, 0]"
607.804839,134551553,"[0, 0, 0, 0, 0, 0, 0, 192]"
607.805507,134551617,"[0, 0, 0, 64, 0, 0, 0, 0]"
607.806235,33880067,"[3, 55, 119, 46, 201, 22, 0, 0]"
607.806846,33929311,"[0, 0, 0, 0, 0, 64, 0, 0]"
607.807537,33827908,"[0, 0, 0, 98, 0, 16, 9, 0]"
607.808229,33827905,"[0, 0, 0, 98, 0, 16, 12, 0]"
607.808926,33827907,"[0, 0, 0, 226, 0, 16, 210, 255]"
607.809609,84159692,"[3, 0, 8, 208, 255, 127, 128, 38]"
607.810302,33929248,"[0, 0, 251, 6, 0, 24, 64, 0]"
607.810919,84159684,"[6, 0, 176, 220, 255, 255, 229, 38]"
607.811609,84159691,"[3, 0, 200, 201, 255, 191, 78, 38]"
607.812302,352595220,"[16, 0, 0, 128, 0, 8, 128, 1]"
607.812999,84159690,"[2, 0, 200, 239, 255, 191, 126, 39]"
607.813726,33827926,"[0, 0, 0, 98, 0, 16, 254, 255]"
607.81438,33828310,"[0, 0, 0, 147, 0, 0, 0, 0]"
607.815,33827911,"[0, 0, 0, 226, 0, 16, 4, 0]"
607.815688,33828295,"[0, 0, 192, 26, 255, 255, 0, 0]"
607.816459,33929247,"[0, 0, 245, 6, 0, 24, 64, 0]"
607.817054,84159693,"[3, 0, 152, 207, 255, 127, 123, 38]"
607.81774,33827906,"[0, 0, 0, 98, 0, 16, 14, 0]"
607.818454,33828294,"[8, 0, 32, 191, 255, 255, 0, 0]"
607.819134,33827909,"[0, 0, 0, 98, 0, 16, 253, 255]"
607.819742,33828291,"[0, 0, 192, 245, 255, 255, 0, 0]"
607.820339,84159692,"[3, 0, 8, 208, 255, 191, 128, 38]"
607.820925,84159684,"[0, 0, 168, 220, 255, 63, 229, 38]"
607.821547,84159691,"[2, 0, 208, 201, 255, 191, 78, 38]"
607.822228,352595220,"[16, 0, 0, 128, 0, 8, 128, 1]"
607.822892,352596180,"[241, 223, 6, 192, 1, 12, 0, 5]"
607.823585,84159690,"[2, 0, 200, 239, 255, 127, 126, 39]"
607.824287,33827926,"[0, 0, 0, 98, 0, 16, 2, 0]"
607.824986,134551553,"[0, 0, 0, 0, 0, 0, 0, 192]"
607.825679,134551617,"[0, 0, 0, 64, 0, 0, 0, 0]"
607.826449,84211722,"[158, 86, 33, 87, 131, 96, 0, 0]"
607.82708,84159693,"[3, 0, 152, 207, 255, 127, 123, 38]"
607.827794,33827906,"[0, 0, 0, 98, 0, 16, 239, 255]"
607.828485,33827905,"[0, 0, 0, 98, 0, 16, 9, 0]"
607.829184,33827930,"[0, 0, 0, 226, 0, 16, 74, 0]"
607.829867,33929248,"[0, 0, 251, 6, 0, 24, 64, 0]"
607.830578,84159684,"[1, 0, 168, 220, 255, 63, 229, 38]"
607.831263,84159691,"[2, 0, 208, 201, 255, 191, 78, 38]"
607.831982,352595220,"[16, 0, 0, 128, 0, 8, 128, 1]"
607.832596,84159690,"[246, 255, 199, 239, 255, 191, 126, 39]"
607.833291,33827926,"[0, 0, 0, 98, 0, 16, 4, 0]"
607.833988,33828310,"[0, 0, 0, 147, 0, 0, 0, 0]"
607.835012,33827911,"[0, 0, 0, 226, 0, 16, 2, 0]"
607.835447,33828295,"[0, 0, 192, 26, 255, 255, 0, 0]"
607.836082,33929247,"[0, 0, 246, 6, 0, 24, 64, 0]"
607.836887,84159693,"[3, 0, 152, 207, 255, 127, 123, 38]"
607.837483,33828296,"[12, 0, 96, 62, 255, 255, 0, 0]"
607.838111,33828289,"[0, 0, 64, 189, 255, 255, 0, 0]"
607.838851,33827907,"[0, 0, 0, 226, 0, 16, 234, 255]"
607.839577,33828291,"[0, 0, 192, 245, 255, 255, 0, 0]"
607.840292,33929312,"[0, 0, 0, 0, 0, 64, 0, 0]"
607.840988,84159684,"[6, 0, 176, 220, 255, 127, 229, 38]"
607.841685,84159691,"[2, 0, 208, 201, 255, 191, 78, 38]"
607.842447,352595220,"[16, 0, 0, 128, 0, 8, 128, 1]"
607.843075,352596500,"[144, 255, 140, 0, 192, 63, 0, 4]"
607.843765,84159690,"[2, 0, 200, 239, 255, 191, 126, 39]"
607.844469,33827926,"[0, 0, 0, 98, 0, 16, 255, 255]"
607.845169,134551553,"[0, 0, 0, 0, 0, 0, 0, 192]"
607.845859,134551617,"[0, 0, 0, 64, 0, 0, 0, 0]"
607.846556,33827911,"[0, 0, 0, 226, 0, 16, 22, 0]"
607.847263,84159693,"[3, 0, 152, 207, 255, 127, 123, 38]"
607.847952,33827906,"[0, 0, 0, 98, 0, 16, 1, 0]"
607.848585,33827905,"[0, 0, 0, 98, 0, 16, 13, 0]"
607.84927,33929246,"[0, 0, 248, 6, 0, 22, 64, 0]"
607.849989,33929248,"[0, 0, 252, 6, 0, 24, 64, 0]"
607.850693,84159684,"[9, 0, 176, 220, 255, 127, 229, 38]"
607.851441,84159691,"[2, 0, 208, 201, 255, 191, 78, 38]"
607.852083,352595220,"[16, 0, 0, 128, 0, 8, 128, 1]"
607.852728,84159690,"[2, 0, 200, 239, 255, 127, 126, 39]"
607.853548,33827926,"[0, 0, 0, 98, 0, 16, 250, 255]"
607.854132,33828310,"[0, 0, 0, 147, 0, 0, 0, 0]"
607.855013,33827911,"[0, 0, 0, 226, 0, 16, 12, 0]"
607.85544,33828295,"[0, 0, 192, 26, 255, 255, 0, 0]"
607.856118,33929247,"[0, 0, 246, 6, 0, 24, 64, 0]"
607.856757,84159693,"[3, 0, 152, 207, 255, 127, 123, 38]"
607.857452,33828296,"[12, 0, 96, 62, 255, 255, 0, 0]"
607.858154,33828290,"[208, 0, 96, 64, 255, 255, 0, 0]"
607.858868,33828289,"[0, 0, 64, 189, 255, 255, 0, 0]"
607.859553,33827930,"[0, 0, 0, 226, 0, 16, 254, 255]"
607.860262,33929312,"[0, 0, 0, 0, 0, 64, 0, 0]"
607.860905,84159692,"[6, 0, 8, 208, 255, 63, 128, 38]"
607.861591,84159691,"[5, 0, 200, 201, 255, 191, 78, 38]"
607.862294,352595220,"[16, 0, 0, 128, 0, 8, 128, 1]"
607.862964,352596180,"[241, 223, 6, 192, 1, 12, 0, 5]"
607.863657,84159690,"[1, 0, 200, 239, 255, 127, 126, 39]"
607.864352,33827926,"[0, 0, 0, 98, 0, 16, 255, 255]"
607.864988,134551553,"[0, 0, 0, 0, 0, 0, 0, 192]"
607.86568,134551617,"[0, 0, 0, 64, 0, 0, 0, 0]"
607.866436,33827911,"[0, 0, 0, 226, 0, 16, 9, 0]"
607.867075,134551745,"[0, 0, 0, 3, 0, 0, 2, 0]"
607.867767,84161604,"[0, 0, 0, 0, 0, 0, 0, 0]"
607.86846,84175812,"[0, 0, 0, 0, 1, 26, 19, 128]"
607.869155,33827930,"[0, 0, 0, 226, 0, 16, 26, 0]"
607.869805,33929248,"[0, 0, 251, 6, 0, 24, 64, 0]"
607.870434,84159684,"[14, 0, 184, 220, 255, 127, 229, 38]"
607.870981,84159691,"[52, 0, 208, 201, 255, 191, 78, 38]"
607.871581,352595220,"[16, 0, 0, 128, 0, 8, 128, 1]"
607.872465,33880069,"[8, 75, 87, 86, 91, 149, 0, 0]"
607.873186,84159690,"[1, 0, 200, 239, 255, 191, 126, 39]"
607.873876,33827926,"[0, 0, 0, 98, 0, 16, 248, 255]"
607.874573,33828310,"[0, 0, 0, 147, 0, 0, 0, 0]"
607.875268,33827911,"[0, 0, 0, 226, 0, 16, 21, 0]"
607.875958,33828295,"[0, 0, 192, 26, 255, 255, 0, 0]"
607.876655,33929247,"[0, 0, 246, 6, 0, 24, 64, 0]"
607.877341,33828296,"[8, 0, 96, 62, 255, 255, 0, 0]"
607.878037,33827905,"[0, 0, 0, 98, 0, 16, 1, 0]"
607.878778,33828292,"[208, 0, 64, 39, 255, 255, 0, 0]"
607.879475,33828291,"[0, 0, 192, 245, 255, 255, 0, 0]"
607.880124,33929312,"[0, 0, 0, 0, 0, 64, 0, 0]"
607.880771,84159684,"[255, 255, 167, 220, 255, 127, 229, 38]"
607.881461,84159691,"[2, 0, 208, 201, 255, 255, 78, 38]"
607.882182,352595220,"[17, 0, 0, 128, 0, 8, 128, 1]"
607.882872,352596180,"[241, 223, 6, 192, 1, 12, 0, 5]"
607.883576,84159690,"[1, 0, 200, 239, 255, 191, 126, 39]"
607.884261,33827926,"[0, 0, 0, 98, 0, 16, 254, 255]"
607.884966,134551553,"[0, 0, 0, 0, 0, 0, 0, 192]"
607.885649,134551617,"[0, 0, 0, 64, 0, 0, 0, 0]"
607.886432,33827911,"[0, 0, 0, 226, 0, 16, 29, 0]"
607.886995,134551745,"[0, 0, 0, 3, 0, 0, 2, 0]"
607.887591,84161613,"[0, 0, 253, 255, 255, 7, 0, 0]"
607.888277,134551809,"[138, 6, 144, 128, 0, 28, 0, 0]"
607.888952,33827907,"[0, 0, 0, 226, 0, 16, 213, 255]"
607.889642,33929248,"[0, 0, 251, 6, 0, 24, 64, 0]"
607.890343,84161612,"[0, 0, 0, 0, 0, 0, 0, 0]"
607.891046,84175820,"[0, 0, 0, 1, 1, 26, 19, 0]"
607.891758,84161611,"[0, 0, 0, 0, 0, 0, 0, 0]"
607.892441,352595220,"[16, 0, 0, 128, 0, 8, 128, 1]"
607.89314,33880068,"[134, 96, 12, 78, 133, 90, 0, 0]"
607.893844,84159690,"[1, 0, 200, 239, 255, 191, 126, 39]"
607.894427,84160650,"[171, 192, 8, 131, 24, 0, 0, 0]"
607.894975,84166474,"[0, 0, 0, 0, 24, 0, 0, 0]"
607.895529,33827911,"[0, 0, 0, 226, 0, 16, 20, 0]"
607.896099,33828295,"[0, 0, 192, 26, 255, 255, 0, 0]"
607.896681,33929247,"[0, 0, 246, 6, 0, 24, 64, 0]"
607.897258,33827908,"[0, 0, 0, 98, 0, 16, 12, 0]"
607.897862,33827905,"[0, 0, 0, 98, 0, 16, 12, 0]"
607.898422,33929246,"[0, 0, 247, 6, 0, 22, 64, 0]"
607.898942,33827930,"[0, 0, 0, 226, 0, 16, 0, 0]"
607.899532,33828293,"[0, 0, 128, 82, 0, 0, 0, 0]"
607.900116,84159692,"[2, 0, 16, 208, 255, 127, 128, 38]"
607.900677,84159684,"[10, 0, 184, 220, 255, 63, 229, 38]"
607.901268,84211724,"[89, 186, 71, 71, 200, 102, 0, 0]"
607.901887,84159691,"[2, 0, 208, 201, 255, 191, 78, 38]"
607.902466,352596180,"[241, 223, 6, 192, 1, 12, 0, 5]"
607.903105,84159690,"[1, 0, 200, 239, 255, 127, 126, 39]"
607.903664,33827926,"[0, 0, 0, 98, 0, 16, 252, 255]"
607.90425,134551553,"[0, 0, 0, 0, 0, 0, 0, 192]"
607.90493,134551617,"[0, 0, 0, 64, 0, 0, 0, 0]"
607.905553,33827911,"[0, 0, 0, 226, 0, 16, 13, 0]"
607.90605,134551681,"[0, 4, 32, 0, 0, 0, 0, 0]"
607.906651,33929311,"[0, 0, 0, 0, 0, 64, 0, 0]"
607.907283,33827908,"[0, 0, 0, 98, 0, 16, 11, 0]"
607.907897,33827905,"[0, 0, 0, 98, 0, 16, 7, 0]"
607.908512,33827907,"[0, 0, 0, 226, 0, 16, 213, 255]"
607.909108,33929310,"[0, 0, 0, 0, 0, 64, 0, 0]"
607.909779,33929248,"[0, 0, 251, 6, 0, 24, 64, 0]"
607.910423,84159684,"[0, 0, 168, 220, 255, 63, 229, 38]"
607.910969,84159691,"[2, 0, 200, 201, 255, 191, 78, 38]"
607.911478,352595220,"[17, 0, 0, 128, 0, 8, 128, 1]"
607.912333,84159690,"[1, 0, 200, 239, 255, 191, 126, 39]"
607.912757,33827926,"[0, 0, 0, 98, 0, 16, 5, 0]"
607.913462,33828310,"[0, 0, 0, 147, 0, 0, 0, 0]"
607.914965,33827911,"[0, 0, 0, 226, 0, 16, 10, 0]"
607.915164,33828295,"[0, 0, 192, 26, 255, 255, 0, 0]"
607.915548,33929247,"[0, 0, 246, 6, 0, 24, 64, 0]"
607.916246,33827912,"[0, 0, 0, 98, 0, 16, 243, 255]"
607.916946,84159693,"[2, 0, 152, 207, 255, 127, 123, 38]"
607.917646,33827908,"[0, 0, 0, 98, 0, 16, 21, 0]"
607.918339,33828289,"[0, 0, 64, 189, 255, 255, 0, 0]"
607.919036,33827907,"[0, 0, 0, 226, 0, 16, 199, 255]"
607.919668,33828293,"[0, 0, 128, 82, 0, 0, 0, 0]"
607.920282,84211716,"[93, 55, 195, 105, 225, 166, 0, 0]"
607.920878,84159684,"[4, 0, 184, 220, 255, 191, 229, 38]"
607.921525,84159691,"[2, 0, 200, 201, 255, 191, 78, 38]"
607.922282,352595220,"[17, 0, 0, 128, 0, 8, 128, 1]"
607.922993,352596180,"[241, 223, 6, 176, 1, 12, 0, 5]"
607.92369,84159690,"[1, 0, 200, 239, 255, 127, 126, 39]"
607.924416,33827926,"[0, 0, 0, 98, 0, 16, 250, 255]"
607.925022,134551553,"[0, 0, 0, 0, 0, 0, 0, 192]"
607.925712,134551617,"[0, 0, 0, 64, 0, 0, 0, 0]"
607.926417,33827911,"[0, 0, 0, 226, 0, 16, 36, 0]"
607.927109,84159693,"[2, 0, 152, 207, 255, 191, 123, 38]"
607.927799,33827906,"[0, 0, 0, 98, 0, 16, 3, 0]"
607.928489,33929246,"[0, 0, 247, 6, 0, 22, 64, 0]"
607.929181,33827930,"[0, 0, 0, 226, 0, 16, 247, 255]"
607.929807,33929248,"[0, 0, 251, 6, 0, 24, 64, 0]"
607.930497,84159684,"[0, 0, 176, 220, 255, 191, 229, 38]"
607.931196,84159691,"[2, 0, 200, 201, 255, 191, 78, 38]"
607.9319,352595220,"[17, 0, 0, 128, 0, 8, 128, 1]"
607.932597,84159690,"[1, 0, 200, 239, 255, 191, 126, 39]"
607.933305,33827926,"[0, 0, 0, 98, 0, 16, 248, 255]"
607.933929,33828310,"[0, 0, 0, 147, 0, 0, 0, 0]"
607.934939,33827911,"[0, 0, 0, 226, 0, 16, 38, 0]"
607.935327,33828295,"[0, 0, 192, 26, 255, 255, 0, 0]"
607.93603,33929247,"[0, 0, 246, 6, 0, 24, 64, 0]"
607.936728,84159693,"[2, 0, 152, 207, 255, 127, 123, 38]"
607.937334,33828296,"[8, 0, 96, 62, 255, 255, 0, 0]"
607.937966,33827905,"[0, 0, 0, 98, 0, 16, 10, 0]"
607.93862,33828289,"[0, 0, 64, 189, 255, 255, 0, 0]"
607.939205,33828293,"[0, 0, 128, 82, 0, 0, 0, 0]"
607.939931,33929248,"[0, 0, 251, 6, 0, 24, 64, 0]"
607.940621,33929312,"[0, 0, 0, 0, 0, 64, 0, 0]"
607.941411,84159684,"[249, 255, 167, 220, 255, 191, 229, 38]"
607.942032,84159691,"[2, 0, 208, 201, 255, 191, 78, 38]"
607.942736,352596436,"[18, 0, 160, 0, 0, 5, 0, 0]"
607.943419,352596500,"[112, 255, 104, 0, 192, 63, 0, 4]"
607.944126,33844182,"[0, 0, 0, 0, 1, 26, 19, 0]"
607.944808,33828950,"[212, 74, 40, 37, 0, 0, 0, 0]"
607.945527,33828374,"[0, 0, 0, 0, 0, 0, 0, 128]"
607.946212,33828438,"[0, 0, 0, 0, 0, 0, 0, 128]"
607.946917,33929311,"[0, 0, 0, 0, 0, 64, 0, 0]"
607.947608,33827910,"[0, 0, 0, 98, 0, 16, 246, 255]"
607.948318,134551809,"[139, 6, 144, 128, 0, 28, 0, 0]"
607.949003,33827907,"[0, 0, 0, 226, 0, 16, 232, 255]"
607.949703,84159692,"[2, 0, 8, 208, 255, 127, 128, 38]"
607.950409,33929248,"[0, 0, 251, 6, 0, 24, 64, 0]"
607.951104,84159684,"[4, 0, 176, 220, 255, 63, 229, 38]"
607.95179,84159691,"[2, 0, 208, 201, 255, 191, 78, 38]"
607.952503,352595220,"[17, 0, 0, 128, 0, 8, 128, 1]"
607.95427,84159690,"[1, 0, 200, 239, 255, 127, 126, 39]"
607.95504,33827926,"[0, 0, 0, 98, 0, 16, 254, 255]"
607.955747,33828310,"[0, 0, 0, 147, 0, 0, 0, 0]"
607.956404,33827911,"[0, 0, 0, 226, 0, 16, 3, 0]"
607.956979,84159693,"[2, 0, 152, 207, 255, 127, 123, 38]"
607.95753,33827906,"[0, 0, 0, 98, 0, 16, 5, 0]"
607.958253,33828289,"[0, 0, 64, 189, 255, 255, 0, 0]"
607.958946,33827909,"[0, 0, 0, 98, 0, 16, 2, 0]"
607.959645,33828291,"[0, 0, 192, 245, 255, 255, 0, 0]"
607.960402,33929312,"[0, 0, 0, 0, 0, 64, 0, 0]"
607.961033,84159684,"[9, 0, 176, 220, 255, 127, 229, 38]"
607.961732,84159691,"[2, 0, 208, 201, 255, 191, 78, 38]"
607.962404,352596180,"[241, 223, 6, 192, 1, 12, 0, 5]"
607.963054,84159690,"[1, 0, 200, 239, 255, 191, 126, 39]"
607.963765,33827926,"[0, 0, 0, 98, 0, 16, 244, 255]"
607.964464,134551553,"[0, 0, 0, 0, 0, 0, 0, 192]"
607.965157,134551617,"[0, 0, 0, 64, 0, 0, 0, 0]"
607.965854,33844167,"[0, 0, 0, 0, 1, 26, 19, 0]"
607.966551,134551681,"[0, 8, 32, 0, 0, 0, 0, 0]"
607.967243,33844168,"[0, 0, 0, 0, 1, 26, 19, 0]"
607.96794,33828936,"[0, 243, 199, 46, 0, 0, 0, 0]"
607.96863,33828231,"[0, 0, 192, 26, 255, 255, 0, 0]"
607.969323,33828360,"[0, 0, 0, 0, 0, 0, 0, 128]"
607.970034,33828161,"[255, 127, 0, 0, 91, 18, 24, 20]"
607.970624,33828932,"[0, 243, 199, 46, 0, 0, 0, 0]"
607.971237,33828552,"[0, 0, 4, 0, 0, 0, 0, 0]"
607.971912,33844162,"[0, 0, 0, 0, 1, 26, 19, 0]"
607.972617,33828356,"[0, 0, 0, 0, 0, 0, 0, 128]"
607.973317,33844163,"[0, 0, 0, 0, 1, 26, 19, 0]"
607.974021,33828162,"[248, 127, 0, 0, 91, 19, 25, 21]"
607.974711,33828358,"[0, 0, 0, 0, 0, 0, 0, 128]"
607.975401,33844186,"[0, 0, 0, 0, 1, 26, 19, 128]"
607.976107,33828546,"[0, 0, 4, 0, 0, 0, 0, 0]"
607.976819,33827907,"[0, 0, 0, 226, 0, 16, 200, 255]"
607.977516,33827908,"[0, 0, 0, 98, 0, 16, 14, 0]"
607.978215,33827906,"[0, 0, 0, 98, 0, 16, 0, 0]"
607.978833,33828292,"[8, 0, 64, 39, 255, 255, 0, 0]"
607.979531,33828421,"[0, 0, 0, 0, 0, 0, 0, 128]"
607.980223,33828485,"[8, 0, 0, 0, 0, 0, 0, 0]"
607.980913,33828186,"[238, 127, 0, 0, 91, 19, 23, 20]"
607.981603,33929246,"[0, 0, 247, 6, 0, 22, 64, 0]"
607.982303,33828291,"[0, 0, 192, 245, 255, 255, 0, 0]"
607.982913,33828378,"[0, 0, 0, 0, 0, 31, 0, 128]"
607.983611,84159691,"[2, 0, 208, 201, 255, 191, 78, 38]"
607.984304,33828506,"[12, 0, 0, 0, 0, 0, 0, 0]"
607.985,134551809,"[139, 6, 144, 128, 0, 28, 0, 0]"
607.98569,134551553,"[0, 0, 0, 0, 0, 0, 0, 192]"
607.986275,352596180,"[241, 223, 6, 192, 1, 12, 0, 5]"
607.986864,134551745,"[0, 0, 0, 3, 0, 0, 2, 0]"
607.987446,33827910,"[0, 0, 0, 98, 0, 16, 249, 255]"
607.98811,33827906,"[0, 0, 0, 98, 0, 16, 10, 0]"
607.988843,33827907,"[0, 0, 0, 226, 0, 16, 216, 255]"
607.989547,33827930,"[0, 0, 0, 226, 0, 16, 61, 0]"
607.990189,33929248,"[0, 0, 251, 6, 0, 24, 64, 0]"
607.990872,84159684,"[9, 0, 184, 220, 255, 191, 229, 38]"
607.991576,84159691,"[2, 0, 208, 201, 255, 191, 78, 38]"
607.992277,352611284,"[0, 0, 0, 0, 1, 26, 19, 0]"
607.992968,352596692,"[1, 0, 0, 0, 255, 255, 0, 0]"
607.993654,352596884,"[203, 255, 95, 0, 106, 2, 0, 0]"
607.994389,33828310,"[0, 0, 0, 147, 0, 0, 0, 0]"
607.995048,33827911,"[0, 0, 0, 226, 0, 16, 33, 0]"
607.995743,33828295,"[0, 0, 192, 26, 255, 255, 0, 0]"
607.996429,33929247,"[0, 0, 246, 6, 0, 24, 64, 0]"
607.997138,33827912,"[0, 0, 0, 98, 0, 16, 240, 255]"
607.997823,33828292,"[8, 0, 64, 39, 255, 255, 0, 0]"
607.99853,33828294,"[92, 0, 96, 191, 255, 255, 0, 0]"
607.999211,33827930,"[0, 0, 0, 226, 0, 16, 52, 0]"
607.999946,33828293,"[0, 0, 128, 82, 0, 0, 0, 0]"
608.000638,84159692,"[2, 0, 8, 208, 255, 127, 128, 38]"
608.001387,84159691,"[2, 0, 208, 201, 255, 191, 78, 38]"
608.00204,352595220,"[16, 0, 0, 128, 0, 8, 128, 1]"
608.002746,352596180,"[241, 223, 6, 192, 1, 12, 0, 5]"
608.00339,84159690,"[1, 0, 200, 239, 255, 191, 126, 39]"
608.003978,33827926,"[0, 0, 0, 98, 0, 16, 254, 255]"
608.004639,134551553,"[0, 0, 0, 0, 0, 0, 0, 192]"
608.005214,134551617,"[0, 0, 0, 64, 0, 0, 0, 0]"
608.005871,33827911,"[0, 0, 0, 226, 0, 16, 32, 0]"
608.006557,134551681,"[0, 8, 32, 0, 0, 0, 0, 0]"
608.007259,84159693,"[2, 0, 152, 207, 255, 191, 123, 38]"
608.007952,33827906,"[0, 0, 0, 98, 0, 16, 255, 255]"
608.008649,33929310,"[0, 0, 0, 0, 0, 64, 0, 0]"
608.009382,33827930,"[0, 0, 0, 226, 0, 16, 12, 0]"
608.010046,33929248,"[0, 0, 251, 6, 0, 24, 64, 0]"
608.010736,84211724,"[147, 35, 69, 111, 190, 234, 0, 0]"
608.011448,84159691,"[2, 0, 208, 201, 255, 191, 78, 38]"
608.012133,352595220,"[17, 0, 0, 128, 0, 8, 128, 1]"
608.01284,84159690,"[1, 0, 200, 239, 255, 127, 126, 39]"
608.013523,33827926,"[0, 0, 0, 98, 0, 16, 252, 255]"
608.014223,33828310,"[0, 0, 0, 147, 0, 0, 0, 0]"
608.014941,33827911,"[0, 0, 0, 226, 0, 16, 17, 0]"
608.015613,33828295,"[0, 0, 192, 26, 255, 255, 0, 0]"
608.016299,33929247,"[0, 0, 246, 6, 0, 24, 64, 0]"
608.01701,33827912,"[0, 0, 0, 98, 0, 16, 250, 255]"
608.017693,33828292,"[8, 0, 64, 39, 255, 255, 0, 0]"
608.018419,33828296,"[8, 0, 96, 62, 255, 255, 0, 0]"
608.019096,33827909,"[0, 0, 0, 98, 0, 16, 0, 0]"
608.020898,33828293,"[0, 0, 128, 82, 0, 0, 0, 0]"
608.021682,84159692,"[2, 0, 8, 208, 255, 191, 128, 38]"
608.0224,352595220,"[16, 0, 0, 128, 0, 8, 128, 1]"
608.023013,352596180,"[241, 223, 6, 192, 1, 12, 0, 5]"
608.023703,84159690,"[1, 0, 200, 239, 255, 127, 126, 39]"
608.024394,33827926,"[0, 0, 0, 98, 0, 16, 252, 255]"
608.025093,134551553,"[0, 0, 0, 0, 0, 0, 0, 192]"
608.025783,134551617,"[0, 0, 0, 64, 0, 0, 0, 0]"
608.026487,33827911,"[0, 0, 0, 226, 0, 16, 30, 0]"
608.027172,84159693,"[2, 0, 152, 207, 255, 127, 123, 38]"
608.027877,33827906,"[0, 0, 0, 98, 0, 16, 249, 255]"
608.02856,33827905,"[0, 0, 0, 98, 0, 16, 4, 0]"
608.029259,33929310,"[0, 0, 0, 0, 0, 64, 0, 0]"
608.029913,33929248,"[0, 0, 250, 6, 0, 24, 64, 0]"
608.03056,84159684,"[248, 255, 167, 220, 255, 191, 229, 38]"
608.031245,84159691,"[2, 0, 208, 201, 255, 191, 78, 38]"
608.031949,352595220,"[17, 0, 0, 128, 0, 8, 128, 1]"
608.032643,84159690,"[1, 0, 200, 239, 255, 191, 126, 39]"
608.033377,33827926,"[0, 0, 0, 98, 0, 16, 254, 255]"
608.034004,33828310,"[0, 0, 0, 147, 0, 0, 0, 0]"
608.034958,33827911,"[0, 0, 0, 226, 0, 16, 24, 0]"
608.035414,33828295,"[0, 0, 192, 26, 255, 255, 0, 0]"
608.036121,33929247,"[0, 0, 246, 6, 0, 24, 64, 0]"
608.03811,33827912,"[0, 0, 0, 98, 0, 16, 238, 255]"
608.038816,33827908,"[0, 0, 0, 98, 0, 16, 252, 255]"
608.03953,33828291,"[0, 0, 192, 245, 255, 255, 0, 0]"
608.040211,84159692,"[2, 0, 8, 208, 255, 127, 128, 38]"
608.040918,84159684,"[0, 0, 168, 220, 255, 191, 229, 38]"
608.041596,84159691,"[1, 0, 208, 201, 255, 191, 78, 38]"
608.042373,352595220,"[17, 0, 0, 128, 0, 8, 128, 1]"
608.043005,352596500,"[108, 255, 152, 0, 24, 64, 0, 4]"
608.043704,84159690,"[1, 0, 200, 239, 255, 63, 126, 39]"
608.04439,33827926,"[0, 0, 0, 98, 0, 16, 252, 255]"
608.045092,84211723,"[130, 9, 32, 96, 80, 87, 0, 0]"
608.04577,134551617,"[0, 0, 0, 64, 0, 0, 0, 0]"
608.046477,33827911,"[0, 0, 0, 226, 0, 16, 12, 0]"
608.047164,33827912,"[0, 0, 0, 98, 0, 16, 232, 255]"
608.047864,33827906,"[0, 0, 0, 98, 0, 16, 0, 0]"
608.048543,33929246,"[0, 0, 248, 6, 0, 22, 64, 0]"
608.049188,33827930,"[0, 0, 0, 226, 0, 16, 9, 0]"
608.050373,33929248,"[0, 0, 251, 6, 0, 24, 64, 0]"
608.050976,84159684,"[0, 0, 168, 220, 255, 191, 229, 38]"
608.054164,84159691,"[1, 0, 208, 201, 255, 191, 78, 38]"
608.054955,352595220,"[17, 0, 0, 128, 0, 8, 128, 1]"
608.055847,33828310,"[0, 0, 0, 147, 0, 0, 0, 0]"
608.056573,33827911,"[0, 0, 0, 226, 0, 16, 7, 0]"
608.057265,33827912,"[0, 0, 0, 98, 0, 16, 243, 255]"
608.057948,33827905,"[0, 0, 0, 98, 0, 16, 4, 0]"
608.058573,33929246,"[0, 0, 247, 6, 0, 22, 64, 0]"
608.059251,33827930,"[0, 0, 0, 226, 0, 16, 12, 0]"
608.059963,33929248,"[0, 0, 251, 6, 0, 24, 64, 0]"
608.060653,84159692,"[2, 0, 8, 208, 255, 127, 128, 38]"
608.061364,84159691,"[1, 0, 208, 201, 255, 191, 78, 38]"
608.062049,352595220,"[17, 0, 0, 128, 0, 9, 128, 1]"
608.062746,352596180,"[241, 31, 7, 176, 1, 12, 0, 5]"
608.063451,84159690,"[1, 0, 200, 239, 255, 127, 126, 39]"
608.064222,33827926,"[0, 0, 0, 98, 0, 16, 252, 255]"
608.064912,134551553,"[0, 0, 0, 0, 0, 0, 0, 192]"
608.065609,134551617,"[0, 0, 0, 64, 0, 0, 0, 0]"
608.066364,33827911,"[0, 0, 0, 226, 0, 16, 6, 0]"
608.067006,134551745,"[0, 0, 0, 3, 0, 0, 2, 0]"
608.06771,33827910,"[0, 0, 0, 98, 0, 16, 238, 255]"
608.068393,33827905,"[0, 0, 0, 98, 0, 16, 241, 255]"
608.069092,33827930,"[0, 0, 0, 226, 0, 16, 52, 0]"
608.069725,33929248,"[0, 0, 251, 6, 0, 24, 64, 0]"
608.070458,84159684,"[7, 0, 176, 220, 255, 63, 229, 38]"
608.071079,84159691,"[1, 0, 208, 201, 255, 191, 78, 38]"
608.071761,352595220,"[15, 0, 0, 128, 0, 9, 128, 1]"
608.07247,84159690,"[1, 0, 200, 239, 255, 191, 126, 39]"
608.073174,33827926,"[0, 0, 0, 98, 0, 16, 0, 0]"
608.073864,33828310,"[0, 0, 0, 147, 0, 0, 0, 0]"
608.074518,33880066,"[56, 172, 36, 165, 218, 61, 0, 0]"
608.075225,33827911,"[0, 0, 0, 226, 0, 16, 18, 0]"
608.075915,33828295,"[0, 0, 192, 26, 255, 255, 0, 0]"
608.076605,33929247,"[0, 0, 246, 6, 0, 24, 64, 0]"
608.077359,33827912,"[0, 0, 0, 98, 0, 16, 244, 255]"
608.078059,33827905,"[0, 0, 0, 98, 0, 16, 247, 255]"
608.078706,33828289,"[0, 0, 64, 189, 255, 255, 0, 0]"
608.079403,33828291,"[0, 0, 192, 245, 255, 255, 0, 0]"
608.080045,33929312,"[0, 0, 0, 0, 0, 64, 0, 0]"
608.080735,84159692,"[1, 0, 8, 208, 255, 191, 128, 38]"
608.081425,84159691,"[1, 0, 208, 201, 255, 191, 78, 38]"
608.082125,352595220,"[12, 0, 0, 128, 0, 9, 128, 1]"
608.082807,352596180,"[241, 95, 7, 192, 1, 8, 0, 5]"
608.083501,33880071,"[143, 129, 98, 117, 69, 239, 0, 0]"
608.084132,33827926,"[0, 0, 0, 98, 0, 16, 255, 255]"
608.084818,134551553,"[0, 0, 0, 0, 0, 0, 0, 192]"
608.085581,134551617,"[0, 0, 0, 64, 0, 0, 0, 0]"
608.086351,33827911,"[0, 0, 0, 226, 0, 16, 11, 0]"
608.086912,134551745,"[0, 0, 0, 3, 0, 0, 2, 0]"
608.087506,134551809,"[139, 6, 144, 128, 0, 28, 0, 0]"
608.088137,33827905,"[0, 0, 0, 98, 0, 16, 53, 0]"
608.088787,33827909,"[0, 0, 0, 98, 0, 16, 253, 255]"
608.089508,84159692,"[1, 0, 8, 208, 255, 191, 128, 38]"
608.090238,33929248,"[0, 0, 251, 6, 0, 24, 64, 0]"
608.090924,84159684,"[252, 255, 167, 220, 255, 191, 229, 38]"
608.091616,84159691,"[1, 0, 208, 201, 255, 191, 78, 38]"
608.092234,352595220,"[9, 0, 0, 128, 0, 9, 128, 1]"
608.092924,84159690,"[0, 0, 200, 239, 255, 191, 126, 39]"
608.09361,33827926,"[0, 0, 0, 98, 0, 16, 253, 255]"
608.094352,33828310,"[0, 0, 0, 147, 0, 0, 0, 0]"
608.094989,33827911,"[0, 0, 0, 226, 0, 16, 255, 255]"
608.095776,33828295,"[0, 0, 192, 26, 255, 255, 0, 0]"
608.096468,33929247,"[0, 0, 246, 6, 0, 24, 64, 0]"
608.097163,84159693,"[1, 0, 152, 207, 255, 127, 123, 38]"
608.097849,33827906,"[0, 0, 0, 98, 0, 16, 0, 0]"
608.098548,33929246,"[0, 0, 247, 6, 0, 22, 64, 0]"
608.099184,33827930,"[0, 0, 0, 226, 0, 16, 237, 255]"
608.099874,33828314,"[0, 0, 192, 162, 0, 0, 0, 0]"
608.100564,33929312,"[0, 0, 0, 0, 0, 64, 0, 0]"
608.101256,84159684,"[1, 0, 168, 220, 255, 127, 229, 38]"
608.101939,84159691,"[1, 0, 208, 201, 255, 191, 78, 38]"
608.102629,352596180,"[241, 95, 7, 192, 1, 4, 0, 5]"
608.103347,84159690,"[3, 0, 208, 239, 255, 191, 126, 39]"
608.103932,33827926,"[0, 0, 0, 98, 0, 16, 255, 255]"
608.104568,134551553,"[0, 0, 0, 0, 0, 0, 0, 192]"
608.105344,134551617,"[0, 0, 0, 64, 0, 0, 0, 0]"
608.105987,33827911,"[0, 0, 0, 226, 0, 16, 6, 0]"
608.106684,33929247,"[0, 0, 246, 6, 0, 24, 64, 0]"
608.107381,84159693,"[1, 0, 152, 207, 255, 191, 123, 38]"
608.108081,33827905,"[0, 0, 0, 98, 0, 16, 34, 0]"
608.108785,33827907,"[0, 0, 0, 226, 0, 16, 196, 255]"
608.109475,33827930,"[0, 0, 0, 226, 0, 16, 244, 255]"
608.11016,33929248,"[0, 0, 250, 6, 0, 24, 64, 0]"
608.11085,84159684,"[253, 255, 167, 220, 255, 127, 229, 38]"
608.111547,84159691,"[4, 0, 208, 201, 255, 127, 78, 38]"
608.112246,352595220,"[8, 0, 0, 144, 0, 9, 128, 1]"
608.112933,84159690,"[3, 0, 208, 239, 255, 191, 126, 39]"
608.113616,33827926,"[0, 0, 0, 98, 0, 16, 3, 0]"
608.114251,33828310,"[0, 0, 0, 147, 0, 0, 0, 0]"
608.114935,84211722,"[95, 7, 197, 29, 26, 119, 0, 0]"
608.115698,33827911,"[0, 0, 0, 226, 0, 16, 35, 0]"
608.116396,33828295,"[0, 0, 192, 26, 255, 255, 0, 0]"
608.117088,84161604,"[0, 0, 0, 0, 0, 0, 0, 0]"
608.117771,33828292,"[16, 0, 64, 39, 255, 255, 0, 0]"
608.118389,33828296,"[4, 0, 96, 62, 255, 255, 0, 0]"
608.119081,33827930,"[0, 0, 0, 226, 0, 16, 10, 0]"
608.119843,33828291,"[0, 0, 192, 245, 255, 255, 0, 0]"
608.120447,84175812,"[0, 0, 0, 0, 1, 26, 19, 128]"
608.121039,84159684,"[1, 0, 168, 220, 255, 127, 229, 38]"
608.121693,84159691,"[1, 0, 200, 201, 255, 191, 78, 38]"
608.122354,352596180,"[241, 95, 7, 192, 1, 8, 0, 5]"
608.123046,84211716,"[148, 97, 69, 14, 135, 185, 0, 0]"
608.123729,84159690,"[3, 0, 208, 239, 255, 191, 126, 39]"
608.124347,33827926,"[0, 0, 0, 98, 0, 16, 245, 255]"
608.125039,134551553,"[0, 0, 0, 0, 0, 0, 0, 192]"
608.125729,134551617,"[0, 0, 0, 64, 0, 0, 0, 0]"
608.126398,33827911,"[0, 0, 0, 226, 0, 16, 20, 0]"
608.127047,33827912,"[0, 0, 0, 98, 0, 16, 233, 255]"
608.127737,134551809,"[139, 6, 144, 128, 0, 28, 0, 0]"
608.128397,33929246,"[0, 0, 247, 6, 0, 22, 64, 0]"
608.129091,33827930,"[0, 0, 0, 226, 0, 16, 46, 0]"
608.129784,33929248,"[0, 0, 251, 6, 0, 24, 64, 0]"
608.130484,33880086,"[27, 125, 237, 0, 244, 90, 0, 0]"
608.131179,84159684,"[254, 255, 167, 220, 255, 191, 229, 38]"
608.131878,84159691,"[23, 0, 208, 201, 255, 191, 78, 38]"
608.132571,352595220,"[15, 0, 0, 128, 0, 9, 128, 1]"
608.133259,84159690,"[3, 0, 208, 239, 255, 191, 126, 39]"
608.133944,33827926,"[0, 0, 0, 98, 0, 16, 240, 255]"
608.134566,33828310,"[0, 0, 0, 147, 0, 0, 0, 0]"
608.135255,33827911,"[0, 0, 0, 226, 0, 16, 14, 0]"
608.135948,33828295,"[0, 0, 192, 26, 255, 255, 0, 0]"
608.13664,33929247,"[0, 0, 246, 6, 0, 24, 64, 0]"
608.137229,33827912,"[0, 0, 0, 98, 0, 16, 246, 255]"
608.137886,33827905,"[0, 0, 0, 98, 0, 16, 220, 255]"
608.138509,33828294,"[12, 0, 64, 191, 255, 255, 0, 0]"
608.13921,33827930,"[0, 0, 0, 226, 0, 16, 14, 0]"
608.139903,33828314,"[0, 0, 192, 162, 0, 0, 0, 0]"
608.140596,84161612,"[0, 0, 0, 0, 0, 0, 0, 0]"
608.141338,84159684,"[14, 0, 192, 220, 255, 63, 230, 38]"
608.142004,84166476,"[0, 0, 0, 0, 24, 0, 0, 0]"
608.142704,352596244,"[29, 255, 231, 0, 33, 127, 0, 0]"
608.143397,352596500,"[20, 0, 228, 0, 20, 59, 0, 4]"
608.144017,33827926,"[0, 0, 0, 98, 0, 16, 243, 255]"
608.144715,84175818,"[0, 0, 0, 1, 1, 26, 19, 0]"
608.14534,84166474,"[0, 0, 0, 0, 24, 0, 0, 0]"
608.146039,134551617,"[0, 0, 0, 64, 0, 0, 0, 0]"
608.146672,33929247,"[0, 0, 245, 6, 0, 24, 64, 0]"
608.147369,33827908,"[0, 0, 0, 98, 0, 16, 17, 0]"
608.147982,33827905,"[0, 0, 0, 98, 0, 16, 232, 255]"
608.14868,33827907,"[0, 0, 0, 226, 0, 16, 212, 255]"
608.149405,84159692,"[1, 0, 8, 208, 255, 191, 128, 38]"
608.150091,33929248,"[0, 0, 250, 6, 0, 24, 64, 0]"
608.150781,33880067,"[182, 224, 124, 234, 72, 65, 0, 0]"
608.15147,84159691,"[1, 0, 200, 201, 255, 191, 78, 38]"
608.152163,352595220,"[21, 0, 0, 128, 0, 9, 128, 1]"
608.152833,84159690,"[3, 0, 200, 239, 255, 191, 126, 39]"
608.154707,33827926,"[0, 0, 0, 98, 0, 16, 243, 255]"
608.155411,33828310,"[0, 0, 0, 147, 0, 0, 0, 0]"
608.15619,33827911,"[0, 0, 0, 226, 0, 16, 13, 0]"
608.156887,33929247,"[0, 0, 246, 6, 0, 24, 64, 0]"
608.157584,33827908,"[0, 0, 0, 98, 0, 16, 15, 0]"
608.158331,33828289,"[0, 0, 0, 189, 255, 255, 0, 0]"
608.158916,33827909,"[0, 0, 0, 98, 0, 16, 252, 255]"
608.159606,33828293,"[0, 0, 128, 82, 0, 0, 0, 0]"
608.160331,84159692,"[1, 0, 8, 208, 255, 127, 128, 38]"
608.160995,84159684,"[255, 255, 167, 220, 255, 127, 229, 38]"
608.161677,84159691,"[1, 0, 208, 201, 255, 191, 78, 38]"
608.162374,352596180,"[241, 95, 7, 192, 1, 12, 0, 5]"
608.162987,84159690,"[3, 0, 200, 239, 255, 127, 126, 39]"
608.163685,33827926,"[0, 0, 0, 98, 0, 16, 244, 255]"
608.16437,134551553,"[0, 0, 0, 0, 0, 0, 0, 192]"
608.165062,134551617,"[0, 0, 0, 64, 0, 0, 0, 0]"
608.165745,33827911,"[0, 0, 0, 226, 0, 16, 0, 0]"
608.166442,134551681,"[0, 4, 32, 0, 0, 0, 0, 0]"
608.167055,33827912,"[0, 0, 0, 98, 0, 16, 243, 255]"
608.167752,33827906,"[0, 0, 0, 98, 0, 16, 245, 255]"
608.168507,33929246,"[0, 0, 247, 6, 0, 22, 64, 0]"
608.169206,33827930,"[0, 0, 0, 226, 0, 16, 42, 0]"
608.170857,33929248,"[0, 0, 250, 6, 0, 24, 64, 0]"
608.171662,84159684,"[13, 0, 192, 220, 255, 191, 229, 38]"
608.172367,352595220,"[18, 0, 0, 144, 0, 9, 128, 1]"
608.173059,84159690,"[3, 0, 200, 239, 255, 127, 126, 39]"
608.173755,33827926,"[0, 0, 0, 98, 0, 16, 1, 0]"
608.174441,33828310,"[0, 0, 0, 147, 0, 0, 0, 0]"
608.17506,33827911,"[0, 0, 0, 226, 0, 16, 255, 255]"
608.175746,33828295,"[0, 0, 192, 26, 255, 255, 0, 0]"
608.176438,33929247,"[0, 0, 245, 6, 0, 24, 64, 0]"
608.17707,84159693,"[1, 0, 152, 207, 255, 127, 123, 38]"
608.177762,33827906,"[0, 0, 0, 98, 0, 16, 241, 255]"
608.178455,33828294,"[12, 0, 32, 191, 255, 255, 0, 0]"
608.179072,33827930,"[0, 0, 0, 226, 0, 16, 3, 0]"
608.179758,33828314,"[0, 0, 192, 162, 0, 0, 0, 0]"
608.180471,84159692,"[1, 0, 8, 208, 255, 191, 128, 38]"
608.181088,84159684,"[253, 255, 167, 220, 255, 191, 229, 38]"
608.181774,84159691,"[1, 0, 208, 201, 255, 191, 78, 38]"
608.18246,352596180,"[241, 95, 7, 192, 1, 8, 0, 5]"
608.183077,84159690,"[3, 0, 200, 239, 255, 127, 126, 39]"
608.183762,33827926,"[0, 0, 0, 98, 0, 16, 248, 255]"
608.184455,134551553,"[0, 0, 0, 0, 0, 0, 0, 192]"
608.185072,134551617,"[0, 0, 0, 64, 0, 0, 0, 0]"
608.185765,33827911,"[0, 0, 0, 226, 0, 16, 22, 0]"
608.187529,134551681,"[0, 4, 32, 0, 0, 0, 0, 0]"
608.188349,84159693,"[1, 0, 152, 207, 255, 127, 123, 38]"
608.189056,33827909,"[0, 0, 0, 98, 0, 16, 10, 0]"
608.189753,33929248,"[0, 0, 251, 6, 0, 24, 64, 0]"
608.190443,84159684,"[13, 0, 192, 220, 255, 127, 229, 38]"
608.191135,84159691,"[1, 0, 208, 201, 255, 191, 78, 38]"
608.191818,352595220,"[12, 0, 0, 128, 0, 9, 128, 1]"
608.192504,84159690,"[3, 0, 200, 239, 255, 127, 126, 39]"
608.193197,33844182,"[0, 0, 0, 0, 1, 26, 19, 0]"
608.193887,33834838,"[0, 0, 0, 0, 0, 0, 128, 0]"
608.194577,33828950,"[212, 74, 40, 37, 0, 0, 0, 0]"
608.195317,33828246,"[0, 0, 0, 147, 0, 0, 0, 0]"
608.195959,33828310,"[0, 0, 0, 147, 0, 0, 0, 0]"
608.196642,33828295,"[0, 0, 192, 26, 255, 255, 0, 0]"
608.197339,33828566,"[0, 0, 4, 0, 0, 0, 0, 0]"
608.198024,33827906,"[0, 0, 0, 98, 0, 16, 234, 255]"
608.198714,33828290,"[4, 0, 32, 64, 255, 255, 0, 0]"
608.199404,84159692,"[1, 0, 8, 208, 255, 127, 128, 38]"
608.200096,33929312,"[0, 0, 0, 0, 0, 64, 0, 0]"
608.200779,84159684,"[2, 0, 184, 220, 255, 191, 229, 38]"
608.201476,84159691,"[4, 0, 200, 201, 255, 191, 78, 38]"
608.202169,352595220,"[10, 0, 0, 128, 0, 9, 128, 1]"
608.20283,352596180,"[241, 95, 7, 192, 1, 4, 0, 5]"
608.204661,84159690,"[3, 0, 200, 239, 255, 191, 126, 39]"
608.205372,33827926,"[0, 0, 0, 98, 0, 16, 253, 255]"
608.206072,134551617,"[0, 0, 0, 64, 0, 0, 0, 0]"
608.206762,33929311,"[0, 0, 0, 0, 0, 64, 0, 0]"
608.207452,33827908,"[0, 0, 0, 98, 0, 16, 7, 0]"
608.208144,33880090,"[107, 117, 20, 147, 11, 127, 0, 0]"
608.208834,33827907,"[0, 0, 0, 226, 0, 16, 212, 255]"
608.209538,84159692,"[1, 0, 8, 208, 255, 191, 128, 38]"
608.210223,33929248,"[0, 0, 251, 6, 0, 24, 64, 0]"
608.210913,84159684,"[8, 0, 184, 220, 255, 191, 229, 38]"
608.211603,84159691,"[51, 0, 208, 201, 255, 191, 78, 38]"
608.212308,352595220,"[10, 0, 0, 128, 0, 9, 128, 1]"
608.212978,84159690,"[25, 0, 208, 239, 255, 191, 126, 39]"
608.213669,33827926,"[0, 0, 0, 98, 0, 16, 254, 255]"
608.214359,33828310,"[0, 0, 0, 147, 0, 0, 0, 0]"
608.215049,33844167,"[0, 0, 0, 0, 1, 26, 19, 0]"
608.215733,33834823,"[0, 0, 0, 0, 0, 3, 128, 0]"
608.216437,33929247,"[0, 0, 245, 6, 0, 24, 64, 0]"
608.217115,84159693,"[1, 0, 152, 207, 255, 127, 123, 38]"
608.217805,33844161,"[0, 0, 0, 0, 1, 26, 19, 0]"
608.218492,33828295,"[0, 0, 192, 26, 255, 255, 0, 0]"
608.219187,33828228,"[0, 0, 192, 81, 255, 255, 0, 0]"
608.220908,33828929,"[0, 243, 199, 46, 0, 0, 0, 0]"
608.221608,33827906,"[0, 0, 0, 98, 0, 16, 250, 255]"
608.222315,33844163,"[0, 0, 0, 0, 1, 26, 19, 0]"
608.222995,33828418,"[0, 0, 0, 0, 0, 0, 0, 128]"
608.223695,33827907,"[0, 0, 0, 226, 0, 16, 207, 255]"
608.224381,33828546,"[0, 0, 4, 0, 0, 0, 0, 0]"
608.225068,33828165,"[253, 127, 0, 192, 90, 19, 24, 21]"
608.225754,33828166,"[248, 127, 0, 0, 91, 20, 25, 20]"
608.226447,33827911,"[0, 0, 0, 226, 0, 16, 3, 0]"
608.227134,33828483,"[8, 0, 0, 0, 0, 0, 0, 0]"
608.22782,33828421,"[0, 0, 0, 0, 0, 0, 0, 128]"
608.228505,33828232,"[0, 0, 192, 91, 0, 0, 0, 0]"
608.2292,33828549,"[0, 0, 4, 0, 0, 0, 0, 0]"
608.229878,33827910,"[0, 0, 0, 98, 0, 16, 0, 0]"
608.230571,33929246,"[0, 0, 247, 6, 0, 22, 64, 0]"
608.231306,33828552,"[0, 0, 4, 0, 0, 0, 0, 0]"
608.231952,33929311,"[0, 0, 0, 0, 0, 64, 0, 0]"
608.232637,33828186,"[239, 127, 0, 0, 91, 19, 23, 20]"
608.233337,84159691,"[1, 0, 208, 201, 255, 191, 78, 38]"
608.234015,33828378,"[0, 0, 0, 0, 0, 31, 0, 128]"
608.234712,33828442,"[0, 0, 0, 0, 0, 0, 0, 128]"
608.235395,134551809,"[140, 6, 144, 128, 0, 28, 0, 0]"
608.236145,33827930,"[0, 0, 0, 226, 0, 16, 224, 255]"
608.238133,33929247,"[0, 0, 245, 6, 0, 24, 64, 0]"
608.238852,33828296,"[4, 0, 96, 62, 255, 255, 0, 0]"
608.239542,33828291,"[0, 0, 192, 245, 255, 255, 0, 0]"
608.240304,84159692,"[245, 255, 15, 208, 255, 127, 128, 38]"
608.240939,84159684,"[247, 255, 167, 220, 255, 127, 229, 38]"
608.241629,84159691,"[1, 0, 208, 201, 255, 191, 78, 38]"
608.242312,352601940,"[0, 0, 0, 0, 0, 96, 4, 0]"
608.243004,352596372,"[2, 0, 240, 255, 255, 0, 0, 144]"
608.243687,352596500,"[136, 0, 160, 255, 124, 61, 0, 4]"
608.244384,352596884,"[200, 255, 95, 0, 109, 2, 0, 0]"
608.245069,134551553,"[0, 0, 0, 0, 0, 0, 0, 192]"
608.245759,134551617,"[0, 0, 0, 64, 0, 0, 0, 0]"
608.246456,134551681,"[0, 4, 32, 0, 0, 0, 0, 0]"
608.247141,33827912,"[0, 0, 0, 98, 0, 16, 243, 255]"
608.247831,33827906,"[0, 0, 0, 98, 0, 16, 254, 255]"
608.248521,33929310,"[0, 0, 0, 0, 0, 64, 0, 0]"
608.249206,33827930,"[0, 0, 0, 226, 0, 16, 8, 0]"
608.249896,33929248,"[0, 0, 250, 6, 0, 24, 64, 0]"
608.250586,84159684,"[248, 255, 167, 220, 255, 127, 229, 38]"
608.251298,84159691,"[1, 0, 208, 201, 255, 191, 78, 38]"
608.251918,352595220,"[16, 0, 0, 128, 0, 9, 128, 1]"
608.252549,84159690,"[3, 0, 200, 239, 255, 191, 126, 39]"
608.253296,33827926,"[0, 0, 0, 98, 0, 16, 248, 255]"
608.253837,33828310,"[0, 0, 0, 147, 0, 0, 0, 0]"
608.254873,33827911,"[0, 0, 0, 226, 0, 16, 255, 255]"
608.255088,33828295,"[0, 0, 192, 26, 255, 255, 0, 0]"
608.255794,33929247,"[0, 0, 246, 6, 0, 24, 64, 0]"
608.256477,84159693,"[1, 0, 152, 207, 255, 127, 123, 38]"
608.257176,33827912,"[0, 0, 0, 98, 0, 16, 252, 255]"
608.257866,33827906,"[0, 0, 0, 98, 0, 16, 247, 255]"
608.258556,33929246,"[0, 0, 247, 6, 0, 22, 64, 0]"
608.25929,33828291,"[0, 0, 192, 245, 255, 255, 0, 0]"
608.259939,33828314,"[0, 0, 192, 162, 0, 0, 0, 0]"
608.260622,33929312,"[0, 0, 0, 0, 0, 64, 0, 0]"
608.261304,84159691,"[1, 0, 200, 201, 255, 127, 78, 38]"
608.261997,352595220,"[16, 0, 0, 128, 0, 9, 128, 1]"
608.262679,352596180,"[241, 95, 7, 192, 1, 12, 0, 5]"
608.263375,84159690,"[3, 0, 208, 239, 255, 191, 126, 39]"
608.264056,33827926,"[0, 0, 0, 98, 0, 16, 2, 0]"
608.264699,134551553,"[0, 0, 0, 0, 0, 0, 0, 192]"
608.268804,134551617,"[0, 0, 0, 64, 0, 0, 0, 0]"
608.269468,33827911,"[0, 0, 0, 226, 0, 16, 1, 0]"
608.271352,33929248,"[0, 0, 251, 6, 0, 24, 64, 0]"
608.272068,84159684,"[0, 0, 168, 220, 255, 191, 229, 38]"
608.272768,352595220,"[15, 0, 0, 128, 0, 9, 128, 1]"
608.273447,84159690,"[3, 0, 208, 239, 255, 191, 126, 39]"
608.274141,33828310,"[0, 0, 0, 147, 0, 0, 0, 0]"
608.274898,33827911,"[0, 0, 0, 226, 0, 16, 2, 0]"
608.275524,33828295,"[0, 0, 192, 26, 255, 255, 0, 0]"
608.276204,33929247,"[0, 0, 245, 6, 0, 24, 64, 0]"
608.276904,84159693,"[1, 0, 152, 207, 255, 127, 123, 38]"
608.27759,33827910,"[0, 0, 0, 98, 0, 16, 244, 255]"
608.278297,33828294,"[12, 0, 64, 191, 255, 255, 0, 0]"
608.278975,33827909,"[0, 0, 0, 98, 0, 16, 254, 255]"
608.279672,33828293,"[0, 0, 128, 82, 0, 0, 0, 0]"
608.280362,84159692,"[0, 0, 8, 208, 255, 191, 128, 38]"
608.281055,84159684,"[5, 0, 176, 220, 255, 191, 229, 38]"
608.281737,84159691,"[1, 0, 200, 201, 255, 191, 78, 38]"
608.282456,352596180,"[241, 95, 7, 192, 1, 8, 0, 5]"
608.283141,84159690,"[2, 0, 208, 239, 255, 191, 126, 39]"
608.283839,33827926,"[0, 0, 0, 98, 0, 16, 3, 0]"
608.284533,134551553,"[0, 0, 0, 0, 0, 0, 0, 192]"
608.28528,134551617,"[0, 0, 0, 64, 0, 0, 0, 0]"
608.285922,33827911,"[0, 0, 0, 226, 0, 16, 11, 0]"
608.286634,33930271,"[0, 0, 0, 0, 209, 234, 141, 42]"
608.287281,33827908,"[0, 0, 0, 98, 0, 16, 6, 0]"
608.287872,134551809,"[138, 6, 144, 128, 0, 28, 0, 0]"
608.288591,33929310,"[0, 0, 0, 0, 0, 64, 0, 0]"
608.289288,33827930,"[0, 0, 0, 226, 0, 16, 238, 255]"
608.289988,33929248,"[0, 0, 251, 6, 0, 24, 64, 0]"
608.290671,84159684,"[3, 0, 184, 220, 255, 63, 229, 38]"
608.291368,84159691,"[0, 0, 200, 201, 255, 127, 78, 38]"
608.292003,352595220,"[12, 0, 0, 128, 0, 9, 128, 1]"
608.292686,84159690,"[2, 0, 208, 239, 255, 191, 126, 39]"
608.293376,33827926,"[0, 0, 0, 98, 0, 16, 0, 0]"
608.294069,33828310,"[0, 0, 0, 147, 0, 0, 0, 0]"
608.29481,33827911,"[0, 0, 0, 226, 0, 16, 24, 0]"
608.295474,33828295,"[0, 0, 192, 26, 255, 255, 0, 0]"
608.296167,33929247,"[0, 0, 245, 6, 0, 24, 64, 0]"
608.296857,84159693,"[1, 0, 152, 207, 255, 127, 123, 38]"
608.29754,33827910,"[0, 0, 0, 98, 0, 16, 242, 255]"
608.29828,33828294,"[8, 0, 64, 191, 255, 255, 0, 0]"
608.298943,33827909,"[0, 0, 0, 98, 0, 16, 254, 255]"
608.299734,33828293,"[0, 0, 128, 82, 0, 0, 0, 0]"
608.300424,33929312,"[0, 0, 0, 0, 0, 64, 0, 0]"
608.301123,84159684,"[2, 0, 168, 220, 255, 127, 229, 38]"
608.301806,84159691,"[0, 0, 200, 201, 255, 191, 78, 38]"
608.302504,352596180,"[241, 95, 7, 192, 1, 8, 0, 5]"
608.303273,84159690,"[6, 0, 200, 239, 255, 191, 126, 39]"
608.303821,33827926,"[0, 0, 0, 98, 0, 16, 249, 255]"
608.304454,33880069,"[35, 9, 98, 252, 34, 170, 0, 0]"
608.30516,134551553,"[0, 0, 0, 0, 0, 0, 0, 192]"
608.305793,134551617,"[0, 0, 0, 64, 0, 0, 0, 0]"
608.306497,134551681,"[0, 4, 32, 0, 0, 0, 0, 0]"
608.307182,84159693,"[0, 0, 152, 207, 255, 127, 123, 38]"
608.30788,33827905,"[0, 0, 0, 98, 0, 16, 8, 0]"
608.308558,33929310,"[0, 0, 0, 0, 0, 64, 0, 0]"
608.309271,33827930,"[0, 0, 0, 226, 0, 16, 63, 0]"
608.309952,33929248,"[0, 0, 250, 6, 0, 24, 64, 0]"
608.310645,84159684,"[0, 0, 168, 220, 255, 127, 229, 38]"
608.31133,84159691,"[3, 0, 208, 201, 255, 191, 78, 38]"
608.312025,352595220,"[10, 0, 0, 128, 0, 9, 128, 1]"
608.312708,84159690,"[52, 0, 208, 239, 255, 191, 126, 39]"
608.313393,33827926,"[0, 0, 0, 98, 0, 16, 247, 255]"
608.314616,33828310,"[0, 0, 0, 147, 0, 0, 0, 0]"
608.315292,33827911,"[0, 0, 0, 226, 0, 16, 251, 255]"
608.315916,33828295,"[0, 0, 192, 26, 255, 255, 0, 0]"
608.316693,33929247,"[0, 0, 245, 6, 0, 24, 64, 0]"
608.319875,33827908,"[0, 0, 0, 98, 0, 16, 20, 0]"
608.320539,33828290,"[12, 0, 32, 64, 255, 255, 0, 0]"
608.321266,84159691,"[3, 0, 208, 201, 255, 191, 78, 38]"
608.322025,352595220,"[10, 0, 0, 128, 0, 9, 128, 1]"
608.322732,352596180,"[241, 95, 7, 192, 1, 4, 0, 5]"
608.323418,84159690,"[244, 255, 207, 239, 255, 127, 126, 39]"
608.324111,33827926,"[0, 0, 0, 98, 0, 16, 3, 0]"
608.324793,134551553,"[0, 0, 0, 0, 0, 0, 0, 192]"
608.325412,134551617,"[0, 0, 0, 64, 0, 0, 0, 0]"
608.326104,33827911,"[0, 0, 0, 226, 0, 16, 19, 0]"
608.326787,33929311,"[0, 0, 0, 0, 0, 64, 0, 0]"
608.327405,33827910,"[0, 0, 0, 98, 0, 16, 240, 255]"
608.32809,33827905,"[0, 0, 0, 98, 0, 16, 9, 0]"
608.328773,33827909,"[0, 0, 0, 98, 0, 16, 238, 255]"
608.329527,84159692,"[0, 0, 8, 208, 255, 191, 128, 38]"
608.33026,33929248,"[0, 0, 250, 6, 0, 24, 64, 0]"
608.33091,84159684,"[5, 0, 184, 220, 255, 127, 229, 38]"
608.331607,84159691,"[3, 0, 208, 201, 255, 191, 78, 38]"
608.332297,352595220,"[11, 0, 0, 128, 0, 9, 128, 1]"
608.332989,84159690,"[2, 0, 200, 239, 255, 191, 126, 39]"
608.333636,33827926,"[0, 0, 0, 98, 0, 16, 250, 255]"
608.334326,33828310,"[0, 0, 0, 147, 0, 0, 0, 0]"
608.334964,33827911,"[0, 0, 0, 226, 0, 16, 21, 0]"
608.335654,33880068,"[211, 103, 135, 46, 222, 213, 0, 0]"
608.336286,33828295,"[0, 0, 192, 26, 255, 255, 0, 0]"
608.336971,33929247,"[0, 0, 245, 6, 0, 24, 64, 0]"
608.337597,33828292,"[12, 0, 64, 39, 255, 255, 0, 0]"
608.338402,33828296,"[0, 0, 96, 62, 255, 255, 0, 0]"
608.339058,33827907,"[0, 0, 0, 226, 0, 16, 202, 255]"
608.339748,33828314,"[0, 0, 192, 162, 0, 0, 0, 0]"
608.340431,84159692,"[3, 0, 8, 208, 255, 191, 128, 38]"
608.341066,84159684,"[253, 255, 167, 220, 255, 63, 229, 38]"
608.341748,84159691,"[3, 0, 208, 201, 255, 191, 78, 38]"
608.342431,352596244,"[31, 255, 234, 0, 33, 127, 0, 0]"
608.343138,352596500,"[220, 255, 96, 0, 184, 64, 0, 4]"
608.343835,84159690,"[2, 0, 200, 239, 255, 191, 126, 39]"
608.344525,33827926,"[0, 0, 0, 98, 0, 16, 250, 255]"
608.345257,134551553,"[0, 0, 0, 0, 0, 0, 0, 192]"
608.345929,134551617,"[0, 0, 0, 64, 0, 0, 0, 0]"
608.346619,33929247,"[0, 0, 245, 6, 0, 24, 64, 0]"
608.347258,33827908,"[0, 0, 0, 98, 0, 16, 20, 0]"
608.347922,33827905,"[0, 0, 0, 98, 0, 16, 240, 255]"
608.348612,33827907,"[0, 0, 0, 226, 0, 16, 213, 255]"
608.349258,33827930,"[0, 0, 0, 226, 0, 16, 74, 0]"
608.349915,84159692,"[3, 0, 8, 208, 255, 191, 128, 38]"
608.350598,84159684,"[12, 0, 192, 220, 255, 191, 229, 38]"
608.351251,84159691,"[3, 0, 208, 201, 255, 191, 78, 38]"
608.351901,352595220,"[13, 0, 0, 128, 0, 9, 128, 1]"
608.352586,84159690,"[2, 0, 208, 239, 255, 191, 126, 39]"
608.35339,33827926,"[0, 0, 0, 98, 0, 16, 0, 0]"
608.353979,33828310,"[0, 0, 0, 147, 0, 0, 0, 0]"
608.354788,33827911,"[0, 0, 0, 226, 0, 16, 4, 0]"
608.355133,33828295,"[0, 0, 192, 26, 255, 255, 0, 0]"
608.35589,33929247,"[0, 0, 245, 6, 0, 24, 64, 0]"
608.356575,84159693,"[0, 0, 152, 207, 255, 191, 123, 38]"
608.357282,33827912,"[0, 0, 0, 98, 0, 16, 235, 255]"
608.35797,33827905,"[0, 0, 0, 98, 0, 16, 240, 255]"
608.358663,33828289,"[0, 0, 0, 189, 255, 255, 0, 0]"
608.359376,33827930,"[0, 0, 0, 226, 0, 16, 23, 0]"
608.360064,33929312,"[0, 0, 0, 0, 0, 64, 0, 0]"
608.36075,84159692,"[53, 0, 16, 208, 255, 191, 128, 38]"
608.361442,84159691,"[3, 0, 208, 201, 255, 191, 78, 38]"
608.36213,352595220,"[14, 0, 0, 144, 0, 9, 128, 1]"
608.362808,352596180,"[241, 95, 7, 192, 1, 8, 0, 5]"
608.36343,84159690,"[2, 0, 208, 239, 255, 191, 126, 39]"
608.364118,33827926,"[0, 0, 0, 98, 0, 16, 1, 0]"
608.36479,33880066,"[255, 180, 164, 51, 122, 200, 0, 0]"
608.36544,134551553,"[0, 0, 0, 0, 0, 0, 0, 192]"
608.366036,134551617,"[0, 0, 0, 64, 0, 0, 0, 0]"
608.366736,33929311,"[0, 0, 0, 0, 0, 64, 0, 0]"
608.367372,33827908,"[0, 0, 0, 98, 0, 16, 254, 255]"
608.368052,84160644,"[181, 192, 0, 0, 0, 0, 0, 0]"
608.368745,33827909,"[0, 0, 0, 98, 0, 16, 255, 255]"
608.369464,84166468,"[0, 0, 0, 0, 0, 0, 0, 0]"
608.370049,33929248,"[0, 0, 250, 6, 0, 24, 64, 0]"
608.370696,84159684,"[251, 255, 167, 220, 255, 63, 229, 38]"
608.371357,84159691,"[3, 0, 208, 201, 255, 191, 78, 38]"
608.372049,352595220,"[14, 0, 0, 144, 0, 9, 128, 1]"
608.372743,84159690,"[209, 255, 207, 239, 255, 127, 126, 39]"
608.373433,33827926,"[0, 0, 0, 98, 0, 16, 253, 255]"
608.374119,33828310,"[0, 0, 0, 147, 0, 0, 0, 0]"
608.374809,33827911,"[0, 0, 0, 226, 0, 16, 18, 0]"
608.375387,33828295,"[0, 0, 192, 26, 255, 255, 0, 0]"
608.376029,33929247,"[0, 0, 245, 6, 0, 24, 64, 0]"
608.376719,33827912,"[0, 0, 0, 98, 0, 16, 228, 255]"
608.377416,33827910,"[0, 0, 0, 98, 0, 16, 8, 0]"
608.378101,33828294,"[68, 255, 63, 191, 255, 255, 0, 0]"
608.378791,33827907,"[0, 0, 0, 226, 0, 16, 227, 255]"
608.379431,33828291,"[0, 0, 192, 245, 255, 255, 0, 0]"
608.380123,84159692,"[3, 0, 8, 208, 255, 191, 128, 38]"
608.380885,84159684,"[3, 0, 184, 220, 255, 127, 229, 38]"
608.381582,84159691,"[3, 0, 208, 201, 255, 191, 78, 38]"
608.382271,352596180,"[241, 95, 7, 192, 1, 8, 0, 5]"
608.382966,84159690,"[2, 0, 200, 239, 255, 191, 126, 39]"
608.383577,33827926,"[0, 0, 0, 98, 0, 16, 253, 255]"
608.384274,352647188,"[17, 11, 184, 93, 35, 155, 0, 0]"
608.384952,134551553,"[0, 0, 0, 0, 0, 0, 0, 192]"
608.385642,134551617,"[0, 0, 0, 64, 0, 0, 0, 0]"
608.386267,33827911,"[0, 0, 0, 226, 0, 16, 12, 0]"
608.386989,33827912,"[0, 0, 0, 98, 0, 16, 230, 255]"
608.387628,134551809,"[137, 6, 144, 128, 0, 28, 0, 0]"
608.388318,33929246,"[0, 0, 246, 6, 0, 22, 64, 0]"
608.389003,33827930,"[0, 0, 0, 226, 0, 16, 248, 255]"
608.389715,84159692,"[247, 255, 15, 208, 255, 127, 128, 38]"
608.390405,84160652,"[171, 192, 200, 123, 24, 0, 0, 0]"
608.391097,84159684,"[251, 255, 167, 220, 255, 127, 229, 38]"
608.391737,84161611,"[0, 0, 0, 0, 0, 0, 0, 0]"
608.392427,84166475,"[0, 0, 0, 0, 24, 0, 0, 0]"
608.393119,84159690,"[2, 0, 208, 239, 255, 191, 126, 39]"
608.393809,84161610,"[0, 0, 253, 255, 255, 7, 0, 0]"
608.394492,84175818,"[0, 0, 0, 1, 1, 26, 19, 0]"
608.395232,84166474,"[0, 0, 0, 0, 24, 0, 0, 0]"
608.39581,33827911,"[0, 0, 0, 226, 0, 16, 20, 0]"
608.3965,33929247,"[0, 0, 245, 6, 0, 24, 64, 0]"
608.397232,33827912,"[0, 0, 0, 98, 0, 16, 247, 255]"
608.397882,33828294,"[8, 0, 64, 191, 255, 255, 0, 0]"
608.398567,33828289,"[0, 0, 0, 189, 255, 255, 0, 0]"
608.399252,33827930,"[0, 0, 0, 226, 0, 16, 32, 0]"
608.399884,33929312,"[0, 0, 0, 0, 0, 64, 0, 0]"
608.40057,33880072,"[59, 200, 23, 251, 31, 236, 0, 0]"
608.401326,84159691,"[53, 0, 208, 201, 255, 191, 78, 38]"
608.402028,352595220,"[13, 0, 0, 144, 0, 9, 128, 1]"
608.402735,352596180,"[241, 95, 7, 192, 1, 8, 0, 5]"
608.403428,33880071,"[240, 135, 118, 80, 211, 239, 0, 0]"
608.404045,33827926,"[0, 0, 0, 98, 0, 16, 0, 0]"
608.404737,134551553,"[0, 0, 0, 0, 0, 0, 0, 192]"
608.405409,134551617,"[0, 0, 0, 64, 0, 0, 0, 0]"
608.406103,33827911,"[0, 0, 0, 226, 0, 16, 18, 0]"
608.406789,33929311,"[0, 0, 0, 0, 0, 64, 0, 0]"
608.407475,33827908,"[0, 0, 0, 98, 0, 16, 17, 0]"
608.408223,134551809,"[138, 6, 144, 128, 0, 28, 0, 0]"
608.408862,33827909,"[0, 0, 0, 98, 0, 16, 254, 255]"
608.409548,84159692,"[53, 0, 24, 208, 255, 191, 128, 38]"
608.410247,33929248,"[0, 0, 250, 6, 0, 24, 64, 0]"
608.410935,84159684,"[254, 255, 167, 220, 255, 191, 229, 38]"
608.411621,84159691,"[3, 0, 208, 201, 255, 191, 78, 38]"
608.412242,352595220,"[12, 0, 0, 144, 0, 9, 128, 1]"
608.412931,84159690,"[2, 0, 208, 239, 255, 191, 126, 39]"
608.413567,33827926,"[0, 0, 0, 98, 0, 16, 248, 255]"
608.414221,33828310,"[0, 0, 0, 147, 0, 0, 0, 0]"
608.414811,33827911,"[0, 0, 0, 226, 0, 16, 13, 0]"
608.415411,33828295,"[0, 0, 192, 26, 255, 255, 0, 0]"
608.416002,84159693,"[210, 255, 159, 207, 255, 127, 123, 38]"
608.416563,33827912,"[0, 0, 0, 98, 0, 16, 241, 255]"
608.417119,33827908,"[0, 0, 0, 98, 0, 16, 30, 0]"
608.417672,33827905,"[0, 0, 0, 98, 0, 16, 3, 0]"
608.418247,84211723,"[199, 204, 68, 217, 244, 84, 0, 0]"
608.418803,33827930,"[0, 0, 0, 226, 0, 16, 251, 255]"
608.4194,33828293,"[0, 0, 128, 82, 0, 0, 0, 0]"
608.419998,84159692,"[3, 0, 16, 208, 255, 191, 128, 38]"
608.420545,84159684,"[2, 0, 168, 220, 255, 127, 229, 38]"
608.4211,84159691,"[3, 0, 208, 201, 255, 191, 78, 38]"
608.421675,352595220,"[12, 0, 0, 144, 0, 9, 128, 1]"
608.422279,352596180,"[241, 95, 7, 192, 1, 8, 0, 5]"
608.422828,84159690,"[2, 0, 208, 239, 255, 191, 126, 39]"
608.423417,33827926,"[0, 0, 0, 98, 0, 16, 7, 0]"
608.423985,134551553,"[0, 0, 0, 0, 0, 0, 0, 192]"
608.424556,134551617,"[0, 0, 0, 64, 0, 0, 0, 0]"
608.42511,33827911,"[0, 0, 0, 226, 0, 16, 254, 255]"
608.425714,134551681,"[0, 8, 32, 0, 0, 0, 0, 0]"
608.426325,33929247,"[0, 0, 245, 6, 0, 24, 64, 0]"
608.426931,84159693,"[3, 0, 152, 207, 255, 191, 123, 38]"
608.427556,33827906,"[0, 0, 0, 98, 0, 16, 0, 0]"
608.428217,33929246,"[0, 0, 246, 6, 0, 22, 64, 0]"
608.428802,33827930,"[0, 0, 0, 226, 0, 16, 233, 255]"
608.429413,33929248,"[0, 0, 249, 6, 0, 24, 64, 0]"
608.430014,84159684,"[7, 0, 176, 220, 255, 127, 229, 38]"
608.430625,84159691,"[3, 0, 208, 201, 255, 191, 78, 38]"
608.431215,352595220,"[12, 0, 0, 144, 0, 9, 128, 1]"
608.432385,84159690,"[243, 255, 207, 239, 255, 191, 126, 39]"
608.432546,33827926,"[0, 0, 0, 98, 0, 16, 4, 0]"
608.433217,33828310,"[0, 0, 0, 147, 0, 0, 0, 0]"
608.434669,84211716,"[251, 53, 154, 204, 168, 106, 0, 0]"
608.434813,33827911,"[0, 0, 0, 226, 0, 16, 8, 0]"
608.435136,33828295,"[0, 0, 192, 26, 255, 255, 0, 0]"
608.435833,33929247,"[0, 0, 245, 6, 0, 24, 64, 0]"
608.436516,84159693,"[3, 0, 152, 207, 255, 127, 123, 38]"
608.437213,33827912,"[0, 0, 0, 98, 0, 16, 247, 255]"
608.437899,33827905,"[0, 0, 0, 98, 0, 16, 4, 0]"
608.438596,33828289,"[0, 0, 0, 189, 255, 255, 0, 0]"
608.439279,33828291,"[0, 0, 192, 245, 255, 255, 0, 0]"
608.439971,33929312,"[0, 0, 0, 0, 0, 64, 0, 0]"
608.440654,84159684,"[2, 0, 168, 220, 255, 191, 229, 38]"
608.441351,84159691,"[3, 0, 208, 201, 255, 191, 78, 38]"
608.442036,352595220,"[13, 0, 0, 144, 0, 9, 128, 1]"
608.442726,352596500,"[96, 255, 164, 0, 212, 64, 0, 4]"
608.443414,84159690,"[2, 0, 200, 239, 255, 191, 126, 39]"
608.444116,33834838,"[0, 0, 0, 0, 0, 0, 128, 0]"
608.444801,33827926,"[0, 0, 0, 98, 0, 16, 250, 255]"
608.445501,134551617,"[0, 0, 0, 64, 0, 0, 0, 0]"
608.446207,33828438,"[0, 0, 0, 0, 0, 0, 0, 128]"
608.446882,134551681,"[0, 8, 32, 0, 0, 0, 0, 0]"
608.44756,84159693,"[3, 0, 152, 207, 255, 127, 123, 38]"
608.448259,134551809,"[138, 6, 144, 128, 0, 28, 0, 0]"
608.448947,33827930,"[0, 0, 0, 226, 0, 16, 251, 255]"
608.449668,33929248,"[0, 0, 250, 6, 0, 24, 64, 0]"
608.450354,84159684,"[2, 0, 168, 220, 255, 191, 229, 38]"
608.45107,84159691,"[3, 0, 208, 201, 255, 191, 78, 38]"
608.451748,352595220,"[14, 0, 0, 144, 0, 9, 128, 1]"
608.452445,84159690,"[2, 0, 200, 239, 255, 191, 126, 39]"
608.453201,33827926,"[0, 0, 0, 98, 0, 16, 253, 255]"
608.453854,33828310,"[0, 0, 0, 147, 0, 0, 0, 0]"
608.454723,33827911,"[0, 0, 0, 226, 0, 16, 18, 0]"
608.455242,33828295,"[0, 0, 192, 26, 255, 255, 0, 0]"
608.455924,33929247,"[0, 0, 245, 6, 0, 24, 64, 0]"
608.456617,84159693,"[3, 0, 152, 207, 255, 127, 123, 38]"
608.457295,33828296,"[12, 0, 96, 62, 255, 255, 0, 0]"
608.457997,33827905,"[0, 0, 0, 98, 0, 16, 7, 0]"
608.458682,33828289,"[0, 0, 0, 189, 255, 255, 0, 0]"
608.45938,33828293,"[0, 0, 128, 82, 0, 0, 0, 0]"
608.460065,84159692,"[52, 0, 24, 208, 255, 191, 128, 38]"
608.460755,84159684,"[255, 255, 167, 220, 255, 191, 229, 38]"
608.461445,84159691,"[3, 0, 208, 201, 255, 191, 78, 38]"
608.462199,352595220,"[14, 0, 0, 144, 0, 9, 128, 1]"
608.462849,352596180,"[241, 95, 7, 192, 1, 8, 0, 5]"
608.463539,84159690,"[2, 0, 200, 239, 255, 191, 126, 39]"
608.464228,33827926,"[0, 0, 0, 98, 0, 16, 248, 255]"
608.464921,134551553,"[0, 0, 0, 0, 0, 0, 0, 192]"
608.465604,134551617,"[0, 0, 0, 64, 0, 0, 0, 0]"
608.466301,33844167,"[0, 0, 0, 0, 1, 26, 19, 0]"
608.466979,84159693,"[3, 0, 152, 207, 255, 127, 123, 38]"
608.467676,33828167,"[249, 127, 0, 192, 90, 20, 25, 20]"
608.468359,33828932,"[0, 243, 199, 46, 0, 0, 0, 0]"
608.469059,33827912,"[0, 0, 0, 98, 0, 16, 239, 255]"
608.469741,33828930,"[0, 243, 199, 46, 0, 0, 0, 0]"
608.470439,33828420,"[0, 0, 0, 0, 0, 0, 0, 128]"
608.4712,33828424,"[0, 0, 0, 0, 0, 0, 0, 128]"
608.471857,33828418,"[0, 0, 0, 0, 0, 0, 0, 128]"
608.47254,33828546,"[0, 0, 4, 0, 0, 0, 0, 0]"
608.473236,33844166,"[0, 0, 0, 0, 1, 26, 19, 0]"
608.473929,33828161,"[253, 127, 0, 0, 91, 18, 24, 20]"
608.474619,33828225,"[0, 0, 0, 189, 255, 255, 0, 0]"
608.475302,33834822,"[128, 0, 0, 0, 128, 11, 192, 0]"
608.476002,33828165,"[251, 127, 0, 192, 90, 19, 24, 21]"
608.476684,33828229,"[0, 0, 128, 82, 0, 0, 0, 0]"
608.477389,33827908,"[0, 0, 0, 98, 0, 16, 46, 0]"
608.478074,33828289,"[0, 0, 0, 189, 255, 255, 0, 0]"
608.478778,33827907,"[0, 0, 0, 226, 0, 16, 204, 255]"
608.479461,33929246,"[0, 0, 247, 6, 0, 22, 64, 0]"
608.480193,33828293,"[0, 0, 128, 82, 0, 0, 0, 0]"
608.480858,33828230,"[0, 0, 192, 61, 0, 0, 0, 0]"
608.481555,33929312,"[0, 0, 0, 0, 0, 64, 0, 0]"
608.482244,33828486,"[8, 0, 0, 0, 0, 0, 0, 0]"
608.482923,33828506,"[12, 0, 0, 0, 0, 0, 0, 0]"
608.483641,33828294,"[8, 0, 32, 191, 255, 255, 0, 0]"
608.484339,84211722,"[153, 78, 20, 219, 26, 246, 0, 0]"
608.485031,134551809,"[138, 6, 144, 128, 0, 28, 0, 0]"
608.485728,134551617,"[0, 0, 0, 64, 0, 0, 0, 0]"
608.486411,134551681,"[0, 4, 32, 0, 0, 0, 0, 0]"
608.48711,84159693,"[3, 0, 152, 207, 255, 127, 123, 38]"
608.487793,33827906,"[0, 0, 0, 98, 0, 16, 248, 255]"
608.488487,33929310,"[0, 0, 0, 0, 0, 64, 0, 0]"
608.489186,33827930,"[0, 0, 0, 226, 0, 16, 245, 255]"
608.489882,33929248,"[0, 0, 250, 6, 0, 24, 64, 0]"
608.49056,84159684,"[19, 0, 192, 220, 255, 191, 229, 38]"
608.491259,84159691,"[0, 0, 200, 201, 255, 191, 78, 38]"
608.491941,352611284,"[0, 0, 0, 0, 1, 26, 19, 0]"
608.492633,352596372,"[2, 0, 240, 255, 255, 0, 0, 144]"
608.493319,352596884,"[201, 255, 93, 0, 108, 2, 0, 0]"
608.494014,33827926,"[0, 0, 0, 98, 0, 16, 253, 255]"
608.494692,352647188,"[79, 23, 16, 159, 35, 27, 0, 0]"
608.495393,33827911,"[0, 0, 0, 226, 0, 16, 31, 0]"
608.496073,33828295,"[0, 0, 192, 26, 255, 255, 0, 0]"
608.496773,84159693,"[3, 0, 152, 207, 255, 127, 123, 38]"
608.497459,33827908,"[0, 0, 0, 98, 0, 16, 46, 0]"
608.498186,33828289,"[0, 0, 0, 189, 255, 255, 0, 0]"
608.498804,33827907,"[0, 0, 0, 226, 0, 16, 213, 255]"
608.499503,33828291,"[0, 0, 192, 245, 255, 255, 0, 0]"
608.500188,33929312,"[0, 0, 0, 0, 0, 64, 0, 0]"
608.501046,84159684,"[9, 0, 184, 220, 255, 191, 229, 38]"
608.501746,84159691,"[3, 0, 200, 201, 255, 191, 78, 38]"
608.502446,352596180,"[241, 95, 7, 192, 1, 8, 0, 5]"
608.50318,84159690,"[1, 0, 192, 239, 255, 127, 126, 39]"
608.503833,33827926,"[0, 0, 0, 98, 0, 16, 1, 0]"
608.504519,134551553,"[0, 0, 0, 0, 0, 0, 0, 192]"
608.505222,134551617,"[0, 0, 0, 64, 0, 0, 0, 0]"
608.505908,33827911,"[0, 0, 0, 226, 0, 16, 17, 0]"
608.506612,33929247,"[0, 0, 245, 6, 0, 24, 64, 0]"
608.507295,33827908,"[0, 0, 0, 98, 0, 16, 14, 0]"
608.507987,33827905,"[0, 0, 0, 98, 0, 16, 251, 255]"
608.508677,33827909,"[0, 0, 0, 98, 0, 16, 7, 0]"
608.509339,84159692,"[2, 0, 8, 208, 255, 191, 128, 38]"
608.510016,33929248,"[0, 0, 250, 6, 0, 24, 64, 0]"
608.510721,84159684,"[3, 0, 168, 220, 255, 191, 229, 38]"
608.511396,84159691,"[0, 0, 200, 201, 255, 127, 78, 38]"
608.512096,352595220,"[14, 0, 0, 144, 0, 9, 128, 1]"
608.512781,84159690,"[1, 0, 200, 239, 255, 127, 126, 39]"
608.5135,33827926,"[0, 0, 0, 98, 0, 16, 249, 255]"
608.514203,33828310,"[0, 0, 0, 147, 0, 0, 0, 0]"
608.514901,33827911,"[0, 0, 0, 226, 0, 16, 26, 0]"
608.515577,33828295,"[0, 0, 192, 26, 255, 255, 0, 0]"
608.516274,33929247,"[0, 0, 245, 6, 0, 24, 64, 0]"
608.516959,33827912,"[0, 0, 0, 98, 0, 16, 237, 255]"
608.517657,33828294,"[4, 0, 32, 191, 255, 255, 0, 0]"
608.518339,33828296,"[12, 0, 96, 62, 255, 255, 0, 0]"
608.519039,33827930,"[0, 0, 0, 226, 0, 16, 1, 0]"
608.519722,33828293,"[0, 0, 128, 82, 0, 0, 0, 0]"
608.520419,84159692,"[2, 0, 8, 208, 255, 191, 128, 38]"
608.521173,84159684,"[7, 0, 184, 220, 255, 127, 229, 38]"
608.521808,84159691,"[2, 0, 200, 201, 255, 191, 78, 38]"
608.522498,352596180,"[241, 95, 7, 192, 1, 8, 0, 5]"
608.523187,84159690,"[1, 0, 200, 239, 255, 191, 126, 39]"
608.523873,33827926,"[0, 0, 0, 98, 0, 16, 9, 0]"
608.524572,134551553,"[0, 0, 0, 0, 0, 0, 0, 192]"
608.525254,134551617,"[0, 0, 0, 64, 0, 0, 0, 0]"
608.525954,33827911,"[0, 0, 0, 226, 0, 16, 19, 0]"
608.52663,33929311,"[0, 0, 0, 0, 0, 64, 0, 0]"
608.527327,33827908,"[0, 0, 0, 98, 0, 16, 12, 0]"
608.528019,33827905,"[0, 0, 0, 98, 0, 16, 251, 255]"
608.528716,33827907,"[0, 0, 0, 226, 0, 16, 229, 255]"
608.529406,84159692,"[2, 0, 8, 208, 255, 127, 128, 38]"
608.530167,33929248,"[0, 0, 250, 6, 0, 24, 64, 0]"
608.530796,84159684,"[5, 0, 184, 220, 255, 127, 229, 38]"
608.5315,84159691,"[21, 0, 216, 201, 255, 127, 78, 38]"
608.532175,352595220,"[14, 0, 0, 144, 0, 9, 128, 1]"
608.532876,84159690,"[1, 0, 200, 239, 255, 63, 126, 39]"
608.533561,33827926,"[0, 0, 0, 98, 0, 16, 253, 255]"
608.53426,33828310,"[0, 0, 0, 147, 0, 0, 0, 0]"
608.534946,33827911,"[0, 0, 0, 226, 0, 16, 25, 0]"
608.535645,33828295,"[0, 0, 192, 26, 255, 255, 0, 0]"
608.536324,33929247,"[0, 0, 245, 6, 0, 24, 64, 0]"
608.537026,84159693,"[3, 0, 152, 207, 255, 127, 123, 38]"
608.537711,33827906,"[0, 0, 0, 98, 0, 16, 0, 0]"
608.538404,33929246,"[0, 0, 247, 6, 0, 22, 64, 0]"
608.539084,33827930,"[0, 0, 0, 226, 0, 16, 10, 0]"
608.539805,33828314,"[0, 0, 192, 162, 0, 0, 0, 0]"
608.540491,33929312,"[0, 0, 0, 0, 0, 64, 0, 0]"
608.541197,84159684,"[2, 0, 168, 220, 255, 191, 229, 38]"
608.541885,84159691,"[2, 0, 200, 201, 255, 191, 78, 38]"
608.542585,352596436,"[238, 255, 47, 0, 0, 251, 255, 15]"
608.543263,352596500,"[92, 255, 144, 0, 168, 64, 0, 4]"
608.543951,33827926,"[0, 0, 0, 98, 0, 16, 246, 255]"
608.544644,134551553,"[0, 0, 0, 0, 0, 0, 0, 192]"
608.545336,134551617,"[0, 0, 0, 64, 0, 0, 0, 0]"
608.546017,84211725,"[61, 213, 94, 147, 201, 203, 0, 0]"
608.54671,33929311,"[0, 0, 0, 0, 0, 64, 0, 0]"
608.547395,33827910,"[0, 0, 0, 98, 0, 16, 10, 0]"
608.548158,33827905,"[0, 0, 0, 98, 0, 16, 3, 0]"
608.548797,33827907,"[0, 0, 0, 226, 0, 16, 208, 255]"
608.549495,33929248,"[0, 0, 250, 6, 0, 24, 64, 0]"
608.550185,84159684,"[12, 0, 192, 220, 255, 191, 229, 38]"
608.550885,84159691,"[18, 0, 216, 201, 255, 127, 78, 38]"
608.551568,352595220,"[14, 0, 0, 144, 0, 9, 128, 1]"
608.552271,84159690,"[1, 0, 200, 239, 255, 191, 126, 39]"
608.552954,33827926,"[0, 0, 0, 98, 0, 16, 246, 255]"
608.553652,33828310,"[0, 0, 0, 147, 0, 0, 0, 0]"
608.554803,33827911,"[0, 0, 0, 226, 0, 16, 26, 0]"
608.555032,33880071,"[0, 107, 11, 62, 223, 64, 0, 0]"
608.555716,33929247,"[0, 0, 245, 6, 0, 24, 64, 0]"
608.556414,84159693,"[2, 0, 152, 207, 255, 127, 123, 38]"
608.557153,33827912,"[0, 0, 0, 98, 0, 16, 236, 255]"
608.557796,33827905,"[0, 0, 0, 98, 0, 16, 1, 0]"
608.558479,33828296,"[12, 0, 96, 62, 255, 255, 0, 0]"
608.559153,33827930,"[0, 0, 0, 226, 0, 16, 10, 0]"
608.559832,33828314,"[0, 0, 192, 162, 0, 0, 0, 0]"
608.560537,84211724,"[9, 251, 176, 156, 9, 178, 0, 0]"
608.561219,84159691,"[2, 0, 200, 201, 255, 127, 78, 38]"
608.561919,352595220,"[13, 0, 0, 144, 0, 9, 128, 1]"
608.562609,352596180,"[241, 95, 7, 192, 1, 8, 0, 5]"
608.563306,84159690,"[1, 0, 200, 239, 255, 191, 126, 39]"
608.563998,33827926,"[0, 0, 0, 98, 0, 16, 6, 0]"
608.564696,134551553,"[0, 0, 0, 0, 0, 0, 0, 192]"
608.565378,134551617,"[0, 0, 0, 64, 0, 0, 0, 0]"
608.566071,33827911,"[0, 0, 0, 226, 0, 16, 23, 0]"
608.566754,134551745,"[0, 0, 0, 3, 0, 0, 2, 0]"
608.567444,134551809,"[136, 6, 144, 128, 0, 28, 0, 0]"
608.568154,33827905,"[0, 0, 0, 98, 0, 16, 0, 0]"
608.568826,33827909,"[0, 0, 0, 98, 0, 16, 249, 255]"
608.569516,33929248,"[0, 0, 250, 6, 0, 24, 64, 0]"
608.570234,84159684,"[4, 0, 176, 220, 255, 127, 229, 38]"
608.57092,84159691,"[2, 0, 200, 201, 255, 127, 78, 38]"
608.571617,352595220,"[13, 0, 0, 144, 0, 9, 128, 1]"
608.572303,84159690,"[1, 0, 200, 239, 255, 191, 126, 39]"
608.573005,33827926,"[0, 0, 0, 98, 0, 16, 3, 0]"
608.573688,33828310,"[0, 0, 0, 147, 0, 0, 0, 0]"
608.574704,33827911,"[0, 0, 0, 226, 0, 16, 13, 0]"
608.579487,33828295,"[0, 0, 192, 26, 255, 255, 0, 0]"
608.580186,33929247,"[0, 0, 246, 6, 0, 24, 64, 0]"
608.580881,33929312,"[0, 0, 0, 0, 0, 64, 0, 0]"
608.58156,84159691,"[2, 0, 200, 201, 255, 127, 78, 38]"
608.582259,352596180,"[241, 95, 7, 192, 1, 8, 0, 5]"
608.582933,84159690,"[1, 0, 200, 239, 255, 191, 126, 39]"
608.583626,33827926,"[0, 0, 0, 98, 0, 16, 246, 255]"
608.58431,134551553,"[0, 0, 0, 0, 0, 0, 0, 192]"
608.585005,134551617,"[0, 0, 0, 64, 0, 0, 0, 0]"
608.585684,33827911,"[0, 0, 0, 226, 0, 16, 253, 255]"
608.586567,134551681,"[0, 4, 32, 0, 0, 0, 0, 0]"
608.587295,84159693,"[2, 0, 152, 207, 255, 127, 123, 38]"
608.587983,33827905,"[0, 0, 0, 98, 0, 16, 15, 0]"
608.588661,33827907,"[0, 0, 0, 226, 0, 16, 197, 255]"
608.589297,84159692,"[2, 0, 8, 208, 255, 191, 128, 38]"
608.589985,33929248,"[0, 0, 250, 6, 0, 24, 64, 0]"
608.590713,84159684,"[254, 255, 175, 220, 255, 127, 229, 38]"
608.591335,84159691,"[2, 0, 200, 201, 255, 127, 78, 38]"
608.592016,352595220,"[14, 0, 0, 144, 0, 9, 128, 1]"
608.592709,84159690,"[1, 0, 200, 239, 255, 63, 126, 39]"
608.593345,33827926,"[0, 0, 0, 98, 0, 16, 253, 255]"
608.59403,33828310,"[0, 0, 0, 147, 0, 0, 0, 0]"
608.594721,33880066,"[163, 225, 249, 238, 1, 5, 0, 0]"
608.59534,33827911,"[0, 0, 0, 226, 0, 16, 11, 0]"
608.596025,33828295,"[0, 0, 192, 26, 255, 255, 0, 0]"
608.596715,84159693,"[2, 0, 152, 207, 255, 127, 123, 38]"
608.597347,33827910,"[0, 0, 0, 98, 0, 16, 8, 0]"
608.598047,33828294,"[4, 0, 32, 191, 255, 255, 0, 0]"
608.59873,33827907,"[0, 0, 0, 226, 0, 16, 204, 255]"
608.599449,33828291,"[0, 0, 192, 245, 255, 255, 0, 0]"
608.600138,33929312,"[0, 0, 0, 0, 0, 64, 0, 0]"
608.600824,84159684,"[7, 0, 176, 220, 255, 191, 229, 38]"
608.601514,84159691,"[2, 0, 200, 201, 255, 127, 78, 38]"
608.60221,352596180,"[241, 95, 7, 192, 1, 8, 0, 5]"
608.602831,84159690,"[1, 0, 200, 239, 255, 191, 126, 39]"
608.603428,33827926,"[0, 0, 0, 98, 0, 16, 3, 0]"
608.604135,134551553,"[0, 0, 0, 0, 0, 0, 0, 192]"
608.604742,134551617,"[0, 0, 0, 64, 0, 0, 0, 0]"
608.605424,33827911,"[0, 0, 0, 226, 0, 16, 5, 0]"
608.606135,134551681,"[0, 4, 32, 0, 0, 0, 0, 0]"
608.606778,134551745,"[0, 0, 0, 3, 0, 0, 2, 0]"
608.607461,134551809,"[136, 6, 144, 128, 0, 28, 0, 0]"
608.608157,33827905,"[0, 0, 0, 98, 0, 16, 8, 0]"
608.608843,33827930,"[0, 0, 0, 226, 0, 16, 252, 255]"
608.60954,33929248,"[0, 0, 250, 6, 0, 24, 64, 0]"
608.610222,84159684,"[5, 0, 184, 220, 255, 191, 229, 38]"
608.610915,84159691,"[2, 0, 200, 201, 255, 191, 78, 38]"
608.611598,352595220,"[14, 0, 0, 144, 0, 9, 128, 1]"
608.612288,84211722,"[37, 41, 213, 177, 129, 29, 0, 0]"
608.612974,84159690,"[1, 0, 200, 239, 255, 127, 126, 39]"
608.613671,33827926,"[0, 0, 0, 98, 0, 16, 254, 255]"
608.614354,33828310,"[0, 0, 0, 147, 0, 0, 0, 0]"
608.61504,33827911,"[0, 0, 0, 226, 0, 16, 16, 0]"
608.615738,33828295,"[0, 0, 192, 26, 255, 255, 0, 0]"
608.616435,33929247,"[0, 0, 245, 6, 0, 24, 64, 0]"
608.617131,84161604,"[0, 0, 0, 0, 0, 0, 0, 0]"
608.617824,33827906,"[0, 0, 0, 98, 0, 16, 250, 255]"
608.618514,33929246,"[0, 0, 246, 6, 0, 22, 64, 0]"
608.619218,84160644,"[181, 192, 0, 0, 0, 0, 0, 0]"
608.61981,33929248,"[0, 0, 250, 6, 0, 24, 64, 0]"
608.620479,84175812,"[0, 0, 0, 0, 1, 26, 19, 128]"
608.621161,84159684,"[4, 0, 176, 220, 255, 191, 229, 38]"
608.621861,352595220,"[14, 0, 0, 144, 0, 9, 128, 1]"
608.622544,352596180,"[241, 95, 7, 192, 1, 8, 0, 5]"
608.62324,84159690,"[1, 0, 200, 239, 255, 191, 126, 39]"
608.623929,33827926,"[0, 0, 0, 98, 0, 16, 249, 255]"
608.624629,134551553,"[0, 0, 0, 0, 0, 0, 0, 192]"
608.625314,134551617,"[0, 0, 0, 64, 0, 0, 0, 0]"
608.626009,33827911,"[0, 0, 0, 226, 0, 16, 15, 0]"
608.626695,33929311,"[0, 0, 0, 0, 0, 64, 0, 0]"
608.627395,33827910,"[0, 0, 0, 98, 0, 16, 251, 255]"
608.628122,33827906,"[0, 0, 0, 98, 0, 16, 4, 0]"
608.628775,33827909,"[0, 0, 0, 98, 0, 16, 255, 255]"
608.629461,33929248,"[0, 0, 250, 6, 0, 24, 64, 0]"
608.630181,84159684,"[252, 255, 167, 220, 255, 191, 229, 38]"
608.630855,84159691,"[2, 0, 200, 201, 255, 191, 78, 38]"
608.631555,352595220,"[14, 0, 0, 144, 0, 9, 128, 1]"
608.632235,84159690,"[26, 0, 208, 239, 255, 191, 126, 39]"
608.632928,33827926,"[0, 0, 0, 98, 0, 16, 245, 255]"
608.633621,33828310,"[0, 0, 0, 147, 0, 0, 0, 0]"
608.634666,33827911,"[0, 0, 0, 226, 0, 16, 5, 0]"
608.635012,33828295,"[0, 0, 192, 26, 255, 255, 0, 0]"
608.635704,33929247,"[0, 0, 245, 6, 0, 24, 64, 0]"
608.636439,33827912,"[0, 0, 0, 98, 0, 16, 238, 255]"
608.637131,33827908,"[0, 0, 0, 98, 0, 16, 40, 0]"
608.637671,33828294,"[104, 0, 64, 191, 255, 255, 0, 0]"
608.638378,33828289,"[0, 0, 64, 189, 255, 255, 0, 0]"
608.639118,33828291,"[0, 0, 192, 245, 255, 255, 0, 0]"
608.639711,33929248,"[0, 0, 250, 6, 0, 24, 64, 0]"
608.640401,84160652,"[171, 192, 208, 123, 24, 0, 0, 0]"
608.641119,84166476,"[0, 0, 0, 0, 24, 0, 0, 0]"
608.641725,84159691,"[2, 0, 200, 201, 255, 191, 78, 38]"
608.642408,84175819,"[0, 0, 0, 1, 1, 26, 19, 0]"
608.643119,352596500,"[132, 255, 144, 0, 76, 64, 0, 4]"
608.64374,84159690,"[4, 0, 200, 239, 255, 191, 126, 39]"
608.644423,84175818,"[0, 0, 0, 1, 1, 26, 19, 0]"
608.64512,84166474,"[0, 0, 0, 0, 24, 0, 0, 0]"
608.645741,134551617,"[0, 0, 0, 64, 0, 0, 0, 0]"
608.646424,33929247,"[0, 0, 244, 6, 0, 24, 64, 0]"
608.64712,134551745,"[0, 0, 0, 3, 0, 0, 2, 0]"
608.647749,33827905,"[0, 0, 0, 98, 0, 16, 20, 0]"
608.648439,33827907,"[0, 0, 0, 226, 0, 16, 196, 255]"
608.649128,33827930,"[0, 0, 0, 226, 0, 16, 22, 0]"
608.649749,33929248,"[0, 0, 250, 6, 0, 24, 64, 0]"
608.650439,84159684,"[7, 0, 184, 220, 255, 191, 229, 38]"
608.651128,84159691,"[52, 0, 208, 201, 255, 191, 78, 38]"
608.651742,352595220,"[14, 0, 0, 144, 0, 9, 128, 1]"
608.652428,84159690,"[4, 0, 200, 239, 255, 127, 126, 39]"
608.653225,33827926,"[0, 0, 0, 98, 0, 16, 2, 0]"
608.653925,33828310,"[0, 0, 0, 147, 0, 0, 0, 0]"
608.654644,33827911,"[0, 0, 0, 226, 0, 16, 248, 255]"
608.655301,33828295,"[0, 0, 192, 26, 255, 255, 0, 0]"
608.655922,33929247,"[0, 0, 245, 6, 0, 24, 64, 0]"
608.656612,84159693,"[2, 0, 152, 207, 255, 127, 123, 38]"
608.657302,33827910,"[0, 0, 0, 98, 0, 16, 0, 0]"
608.657915,33828289,"[0, 0, 64, 189, 255, 255, 0, 0]"
608.658619,33827907,"[0, 0, 0, 226, 0, 16, 216, 255]"
608.659302,84159692,"[2, 0, 8, 208, 255, 127, 128, 38]"
608.660009,33929248,"[0, 0, 250, 6, 0, 24, 64, 0]"
608.660699,84159684,"[7, 0, 176, 220, 255, 63, 229, 38]"
608.661374,84159691,"[2, 0, 208, 201, 255, 191, 78, 38]"
608.662107,352595220,"[14, 0, 0, 144, 0, 9, 128, 1]"
608.662771,352596180,"[241, 95, 7, 192, 1, 8, 0, 5]"
608.663461,84159690,"[0, 0, 200, 239, 255, 191, 126, 39]"
608.664107,33827926,"[0, 0, 0, 98, 0, 16, 7, 0]"
608.664764,134551553,"[0, 0, 0, 0, 0, 0, 0, 192]"
608.665433,134551617,"[0, 0, 0, 64, 0, 0, 0, 0]"
608.666129,33827911,"[0, 0, 0, 226, 0, 16, 20, 0]"
608.666815,134551745,"[0, 0, 0, 3, 0, 0, 2, 0]"
608.667505,134551809,"[136, 6, 144, 128, 0, 28, 0, 0]"
608.668201,33929246,"[0, 0, 245, 6, 0, 22, 64, 0]"
608.668891,33827930,"[0, 0, 0, 226, 0, 16, 13, 0]"
608.669584,33929248,"[0, 0, 250, 6, 0, 24, 64, 0]"
608.670283,84159684,"[6, 0, 184, 220, 255, 255, 228, 38]"
608.670978,84159691,"[2, 0, 200, 201, 255, 127, 78, 38]"
608.671664,352595220,"[14, 0, 0, 144, 0, 9, 128, 1]"
608.672282,84159690,"[0, 0, 200, 239, 255, 191, 126, 39]"
608.672965,33827926,"[0, 0, 0, 98, 0, 16, 0, 0]"
608.67365,33828310,"[0, 0, 0, 147, 0, 0, 0, 0]"
608.674343,352647188,"[157, 24, 138, 184, 22, 44, 0, 0]"
608.675098,33827911,"[0, 0, 0, 226, 0, 16, 20, 0]"
608.67573,33828295,"[0, 0, 192, 26, 255, 255, 0, 0]"
608.676416,33929247,"[0, 0, 245, 6, 0, 24, 64, 0]"
608.677115,33827908,"[0, 0, 0, 98, 0, 16, 39, 0]"
608.67781,33827905,"[0, 0, 0, 98, 0, 16, 5, 0]"
608.67851,33828289,"[0, 0, 64, 189, 255, 255, 0, 0]"
608.679202,33880065,"[243, 229, 158, 112, 134, 171, 0, 0]"
608.67989,33929312,"[0, 0, 0, 0, 0, 64, 0, 0]"
608.680583,84159684,"[0, 0, 168, 220, 255, 191, 229, 38]"
608.681276,84159691,"[2, 0, 200, 201, 255, 191, 78, 38]"
608.681963,352595220,"[14, 0, 0, 144, 0, 9, 128, 1]"
608.682656,352596180,"[241, 95, 7, 192, 1, 8, 0, 5]"
608.683278,84159690,"[0, 0, 200, 239, 255, 127, 126, 39]"
608.683971,33827926,"[0, 0, 0, 98, 0, 16, 249, 255]"
608.684733,134551553,"[0, 0, 0, 0, 0, 0, 0, 192]"
608.685437,134551617,"[0, 0, 0, 64, 0, 0, 0, 0]"
608.686126,33827911,"[0, 0, 0, 226, 0, 16, 13, 0]"
608.686827,134551745,"[0, 0, 0, 3, 0, 0, 2, 0]"
608.68743,134551809,"[136, 6, 144, 128, 0, 28, 0, 0]"
608.68812,33827905,"[0, 0, 0, 98, 0, 16, 4, 0]"
608.688798,33827930,"[0, 0, 0, 226, 0, 16, 33, 0]"
608.68951,33929248,"[0, 0, 249, 6, 0, 24, 64, 0]"
608.690192,84159684,"[0, 0, 168, 220, 255, 127, 229, 38]"
608.690971,84159691,"[17, 0, 216, 201, 255, 191, 78, 38]"
608.691661,352595220,"[14, 0, 0, 144, 0, 9, 128, 1]"
608.692351,84159690,"[0, 0, 192, 239, 255, 127, 126, 39]"
608.69309,33844182,"[0, 0, 0, 0, 1, 26, 19, 0]"
608.693733,33834838,"[0, 0, 0, 0, 0, 0, 128, 0]"
608.694358,33828950,"[212, 74, 40, 37, 0, 0, 0, 0]"
608.695091,33828310,"[0, 0, 0, 147, 0, 0, 0, 0]"
608.695734,33828374,"[0, 0, 0, 0, 0, 0, 0, 128]"
608.696431,33828295,"[0, 0, 192, 26, 255, 255, 0, 0]"
608.69712,84159693,"[2, 0, 152, 207, 255, 191, 123, 38]"
608.697806,33827905,"[0, 0, 0, 98, 0, 16, 18, 0]"
608.698381,33828296,"[8, 0, 96, 62, 255, 255, 0, 0]"
608.699085,33827909,"[0, 0, 0, 98, 0, 16, 241, 255]"
608.699763,33929248,"[0, 0, 249, 6, 0, 24, 64, 0]"
608.70046,33828314,"[0, 0, 192, 162, 0, 0, 0, 0]"
608.701135,84159684,"[6, 0, 176, 220, 255, 191, 229, 38]"
608.701828,84159691,"[1, 0, 208, 201, 255, 191, 78, 38]"
608.702525,352596180,"[241, 95, 7, 192, 1, 8, 0, 5]"
608.703222,84159690,"[3, 0, 192, 239, 255, 63, 126, 39]"
608.703901,33827926,"[0, 0, 0, 98, 0, 16, 5, 0]"
608.704598,134551553,"[0, 0, 0, 0, 0, 0, 0, 192]"
608.705288,134551617,"[0, 0, 0, 64, 0, 0, 0, 0]"
608.705973,33827911,"[0, 0, 0, 226, 0, 16, 24, 0]"
608.706591,33929311,"[0, 0, 0, 0, 0, 64, 0, 0]"
608.707281,134551745,"[0, 0, 0, 3, 0, 0, 2, 0]"
608.707959,134551809,"[136, 6, 144, 128, 0, 28, 0, 0]"
608.708649,33827909,"[0, 0, 0, 98, 0, 16, 254, 255]"
608.709332,84159692,"[51, 0, 16, 208, 255, 191, 128, 38]"
608.710086,33929248,"[0, 0, 250, 6, 0, 24, 64, 0]"
608.710714,84159684,"[251, 255, 167, 220, 255, 127, 229, 38]"
608.711411,84159691,"[1, 0, 208, 201, 255, 191, 78, 38]"
608.712093,352595220,"[14, 0, 0, 144, 0, 9, 128, 1]"
608.712786,84159690,"[3, 0, 192, 239, 255, 127, 126, 39]"
608.713488,33827926,"[0, 0, 0, 98, 0, 16, 4, 0]"
608.714186,33828310,"[0, 0, 0, 147, 0, 0, 0, 0]"
608.714822,33844167,"[0, 0, 0, 0, 1, 26, 19, 0]"
608.715508,33834823,"[0, 0, 0, 0, 0, 3, 128, 0]"
608.7162,33929247,"[0, 0, 244, 6, 0, 24, 64, 0]"
608.716895,33844168,"[0, 0, 0, 0, 1, 26, 19, 0]"
608.717581,33844166,"[0, 0, 0, 0, 1, 26, 19, 0]"
608.718274,33828167,"[249, 127, 0, 192, 90, 20, 25, 20]"
608.718884,33828161,"[252, 127, 0, 0, 91, 18, 24, 20]"
608.719576,33828359,"[0, 0, 0, 0, 0, 0, 0, 128]"
608.720283,33828360,"[0, 0, 0, 0, 0, 0, 0, 128]"
608.720985,33828424,"[0, 0, 0, 0, 0, 0, 0, 128]"
608.72167,33828481,"[8, 0, 0, 0, 0, 0, 0, 0]"
608.722363,33828552,"[0, 0, 4, 0, 0, 0, 0, 0]"
608.723076,33828484,"[8, 0, 0, 0, 0, 0, 0, 0]"
608.72375,33834819,"[0, 0, 0, 0, 0, 3, 128, 0]"
608.724429,33828931,"[0, 243, 199, 46, 0, 0, 0, 0]"
608.725128,33828230,"[0, 0, 192, 61, 0, 0, 0, 0]"
608.725823,33828290,"[204, 0, 64, 64, 255, 255, 0, 0]"
608.726509,33827909,"[0, 0, 0, 98, 0, 16, 241, 255]"
608.727123,33828354,"[0, 0, 0, 0, 0, 0, 0, 128]"
608.727819,33828293,"[0, 0, 128, 82, 0, 0, 0, 0]"
608.72849,33828482,"[8, 0, 0, 0, 0, 0, 0, 0]"
608.729151,33828546,"[0, 0, 4, 0, 0, 0, 0, 0]"
608.729794,33828549,"[0, 0, 4, 0, 0, 0, 0, 0]"
608.730491,33827907,"[0, 0, 0, 226, 0, 16, 214, 255]"
608.731116,33929248,"[0, 0, 249, 6, 0, 24, 64, 0]"
608.731809,33929248,"[0, 0, 249, 6, 0, 24, 64, 0]"
608.732499,33828186,"[241, 127, 0, 0, 91, 19, 23, 20]"
608.733144,84159692,"[1, 0, 8, 208, 255, 191, 128, 38]"
608.733838,33828378,"[0, 0, 0, 0, 0, 31, 0, 128]"
608.734528,134551617,"[0, 0, 0, 64, 0, 0, 0, 0]"
608.735231,134551809,"[137, 6, 144, 128, 0, 28, 0, 0]"
608.735917,33827930,"[0, 0, 0, 226, 0, 16, 67, 0]"
608.736607,33929247,"[0, 0, 245, 6, 0, 24, 64, 0]"
608.737304,33827910,"[0, 0, 0, 98, 0, 16, 250, 255]"
608.737996,33828296,"[8, 0, 96, 62, 255, 255, 0, 0]"
608.738679,33827909,"[0, 0, 0, 98, 0, 16, 242, 255]"
608.739297,33929248,"[0, 0, 249, 6, 0, 24, 64, 0]"
608.739982,84159692,"[1, 0, 8, 208, 255, 191, 128, 38]"
608.740672,84159684,"[4, 0, 184, 220, 255, 127, 229, 38]"
608.74129,84159691,"[4, 0, 200, 201, 255, 191, 78, 38]"
608.741976,352601940,"[0, 0, 0, 0, 0, 96, 4, 0]"
608.742658,352596308,"[178, 21, 0, 22, 0, 0, 0, 6]"
608.743277,352596500,"[148, 255, 88, 0, 224, 63, 0, 4]"
608.743954,33827926,"[0, 0, 0, 98, 0, 16, 254, 255]"
608.744645,134551553,"[0, 0, 0, 0, 0, 0, 0, 192]"
608.745262,134551617,"[0, 0, 0, 64, 0, 0, 0, 0]"
608.745962,33827911,"[0, 0, 0, 226, 0, 16, 27, 0]"
608.746638,33929311,"[0, 0, 0, 0, 0, 64, 0, 0]"
608.747255,33827910,"[0, 0, 0, 98, 0, 16, 242, 255]"
608.747941,33827905,"[0, 0, 0, 98, 0, 16, 1, 0]"
608.748631,33827909,"[0, 0, 0, 98, 0, 16, 9, 0]"
608.74935,84159692,"[1, 0, 8, 208, 255, 191, 128, 38]"
608.750061,33929248,"[0, 0, 250, 6, 0, 24, 64, 0]"
608.750675,84159684,"[3, 0, 176, 220, 255, 127, 229, 38]"
608.751286,84159691,"[20, 0, 208, 201, 255, 191, 78, 38]"
608.751985,352595220,"[14, 0, 0, 144, 0, 9, 128, 1]"
608.752671,84159690,"[6, 0, 192, 239, 255, 127, 126, 39]"
608.75331,33827926,"[0, 0, 0, 98, 0, 16, 255, 255]"
608.754064,33828310,"[0, 0, 0, 147, 0, 0, 0, 0]"
608.754691,33827911,"[0, 0, 0, 226, 0, 16, 26, 0]"
608.755319,33828295,"[0, 0, 192, 26, 255, 255, 0, 0]"
608.756059,33929247,"[0, 0, 245, 6, 0, 24, 64, 0]"
608.756766,33827912,"[0, 0, 0, 98, 0, 16, 232, 255]"
608.757464,33827910,"[0, 0, 0, 98, 0, 16, 1, 0]"
608.758153,33828292,"[80, 0, 64, 39, 255, 255, 0, 0]"
608.758843,33827930,"[0, 0, 0, 226, 0, 16, 21, 0]"
608.759472,33828314,"[0, 0, 192, 162, 0, 0, 0, 0]"
608.760164,33929312,"[0, 0, 0, 0, 0, 64, 0, 0]"
608.760839,84159684,"[254, 255, 175, 220, 255, 127, 229, 38]"
608.761531,84159691,"[1, 0, 208, 201, 255, 191, 78, 38]"
608.762216,352596180,"[241, 95, 7, 192, 1, 8, 0, 5]"
608.762912,84159690,"[3, 0, 200, 239, 255, 127, 126, 39]"
608.763604,33827926,"[0, 0, 0, 98, 0, 16, 255, 255]"
608.764309,134551553,"[0, 0, 0, 0, 0, 0, 0, 192]"
608.765057,134551617,"[0, 0, 0, 64, 0, 0, 0, 0]"
608.765689,33827911,"[0, 0, 0, 226, 0, 16, 16, 0]"
608.766375,33929247,"[0, 0, 244, 6, 0, 24, 64, 0]"
608.76706,84159693,"[2, 0, 152, 207, 255, 127, 123, 38]"
608.767678,33827905,"[0, 0, 0, 98, 0, 16, 241, 255]"
608.76837,33827907,"[0, 0, 0, 226, 0, 16, 218, 255]"
608.769055,33827930,"[0, 0, 0, 226, 0, 16, 41, 0]"
608.769736,33929248,"[0, 0, 250, 6, 0, 24, 64, 0]"
608.770429,33880070,"[234, 246, 21, 10, 131, 146, 0, 0]"
608.771121,84159684,"[10, 0, 192, 220, 255, 127, 229, 38]"
608.771816,84159691,"[1, 0, 208, 201, 255, 191, 78, 38]"
608.772502,352595220,"[14, 0, 0, 144, 0, 9, 128, 1]"
608.773187,84159690,"[3, 0, 200, 239, 255, 63, 126, 39]"
608.773875,33827926,"[0, 0, 0, 98, 0, 16, 249, 255]"
608.774565,33828310,"[0, 0, 0, 147, 0, 0, 0, 0]"
608.775257,33827911,"[0, 0, 0, 226, 0, 16, 14, 0]"
608.775864,33828295,"[0, 0, 192, 26, 255, 255, 0, 0]"
608.776554,33929247,"[0, 0, 244, 6, 0, 24, 64, 0]"
608.777229,33827908,"[0, 0, 0, 98, 0, 16, 15, 0]"
608.777922,33828289,"[0, 0, 64, 189, 255, 255, 0, 0]"
608.778605,33827907,"[0, 0, 0, 226, 0, 16, 198, 255]"
608.779302,33828291,"[0, 0, 192, 245, 255, 255, 0, 0]"
608.780048,84159692,"[1, 0, 8, 208, 255, 191, 128, 38]"
608.780705,84159684,"[9, 0, 184, 220, 255, 127, 229, 38]"
608.781388,84159691,"[1, 0, 208, 201, 255, 191, 78, 38]"
608.782085,352596180,"[241, 95, 7, 192, 1, 8, 0, 5]"
608.782778,84159690,"[3, 0, 200, 239, 255, 127, 126, 39]"
608.783468,33827926,"[0, 0, 0, 98, 0, 16, 0, 0]"
608.784086,134551553,"[0, 0, 0, 0, 0, 0, 0, 192]"
608.784771,134551617,"[0, 0, 0, 64, 0, 0, 0, 0]"
608.785497,33827911,"[0, 0, 0, 226, 0, 16, 18, 0]"
608.786143,134551681,"[0, 8, 32, 0, 0, 0, 0, 0]"
608.786822,84159693,"[1, 0, 152, 207, 255, 127, 123, 38]"
608.787512,33827906,"[0, 0, 0, 98, 0, 16, 6, 0]"
608.788201,33929246,"[0, 0, 246, 6, 0, 22, 64, 0]"
608.788901,33827930,"[0, 0, 0, 226, 0, 16, 214, 255]"
608.789599,33929248,"[0, 0, 249, 6, 0, 24, 64, 0]"
608.790296,84159684,"[8, 0, 176, 220, 255, 127, 229, 38]"
608.791042,84159691,"[1, 0, 208, 201, 255, 191, 78, 38]"
608.791678,352595220,"[14, 0, 0, 144, 0, 9, 128, 1]"
608.792299,84159690,"[3, 0, 200, 239, 255, 127, 126, 39]"
608.793593,33827926,"[0, 0, 0, 98, 0, 16, 254, 255]"
608.794276,33828310,"[0, 0, 0, 147, 0, 0, 0, 0]"
608.794962,33827911,"[0, 0, 0, 226, 0, 16, 20, 0]"
608.795652,33828295,"[0, 0, 192, 26, 255, 255, 0, 0]"
608.796342,33929247,"[0, 0, 245, 6, 0, 24, 64, 0]"
608.797045,33827912,"[0, 0, 0, 98, 0, 16, 236, 255]"
608.797724,33827905,"[0, 0, 0, 98, 0, 16, 6, 0]"
608.798421,33828289,"[0, 0, 64, 189, 255, 255, 0, 0]"
608.799103,33827930,"[0, 0, 0, 226, 0, 16, 30, 0]"
608.799796,33929248,"[0, 0, 250, 6, 0, 24, 64, 0]"
608.800486,33929312,"[0, 0, 0, 0, 0, 64, 0, 0]"
608.801168,84159691,"[1, 0, 208, 201, 255, 191, 78, 38]"
608.801861,84211716,"[56, 211, 47, 146, 13, 118, 0, 0]"
608.802551,352596180,"[241, 95, 7, 192, 1, 8, 0, 5]"
608.803241,84159690,"[210, 255, 199, 239, 255, 127, 126, 39]"
608.803923,33827926,"[0, 0, 0, 98, 0, 16, 247, 255]"
608.804608,134551553,"[0, 0, 0, 0, 0, 0, 0, 192]"
608.805301,134551617,"[0, 0, 0, 64, 0, 0, 0, 0]"
608.806042,33827911,"[0, 0, 0, 226, 0, 16, 28, 0]"
608.806759,84159693,"[1, 0, 152, 207, 255, 127, 123, 38]"
608.807459,134551809,"[135, 6, 144, 128, 0, 28, 0, 0]"
608.808136,33929246,"[0, 0, 246, 6, 0, 22, 64, 0]"
608.808832,33827930,"[0, 0, 0, 226, 0, 16, 2, 0]"
608.809609,33929248,"[0, 0, 250, 6, 0, 24, 64, 0]"
608.810309,84159684,"[0, 0, 168, 220, 255, 127, 229, 38]"
608.811043,84159691,"[1, 0, 208, 201, 255, 191, 78, 38]"
608.811689,352595220,"[14, 0, 0, 144, 0, 9, 128, 1]"
608.812375,84159690,"[3, 0, 200, 239, 255, 127, 126, 39]"
608.813066,33827926,"[0, 0, 0, 98, 0, 16, 253, 255]"
608.813755,33828310,"[0, 0, 0, 147, 0, 0, 0, 0]"
608.814688,33827911,"[0, 0, 0, 226, 0, 16, 15, 0]"
608.815135,33828295,"[0, 0, 192, 26, 255, 255, 0, 0]"
608.815824,33929247,"[0, 0, 244, 6, 0, 24, 64, 0]"
608.81651,84159693,"[1, 0, 152, 207, 255, 191, 123, 38]"
608.817201,33827908,"[0, 0, 0, 98, 0, 16, 18, 0]"
608.81789,33828290,"[4, 0, 32, 64, 255, 255, 0, 0]"
608.818582,33827907,"[0, 0, 0, 226, 0, 16, 194, 255]"
608.819273,84159692,"[51, 0, 16, 208, 255, 191, 128, 38]"
608.819958,33929312,"[0, 0, 0, 0, 0, 64, 0, 0]"
608.820648,84159684,"[254, 255, 175, 220, 255, 191, 229, 38]"
608.821338,84159691,"[1, 0, 208, 201, 255, 191, 78, 38]"
608.822113,352595220,"[14, 0, 0, 144, 0, 9, 128, 1]"
608.822814,352596180,"[241, 95, 7, 192, 1, 8, 0, 5]"
608.823504,84159690,"[3, 0, 200, 239, 255, 191, 126, 39]"
608.8242,33880086,"[198, 78, 73, 88, 136, 225, 0, 0]"
608.824886,134551553,"[0, 0, 0, 0, 0, 0, 0, 192]"
608.825576,134551617,"[0, 0, 0, 64, 0, 0, 0, 0]"
608.826258,134551681,"[0, 4, 32, 0, 0, 0, 0, 0]"
608.826951,84159693,"[1, 0, 152, 207, 255, 127, 123, 38]"
608.827641,33827906,"[0, 0, 0, 98, 0, 16, 252, 255]"
608.828331,33929310,"[0, 0, 0, 0, 0, 64, 0, 0]"
608.829035,33827930,"[0, 0, 0, 226, 0, 16, 29, 0]"
608.829706,33929248,"[0, 0, 249, 6, 0, 24, 64, 0]"
608.83041,84159684,"[0, 0, 168, 220, 255, 191, 229, 38]"
608.831085,84159691,"[1, 0, 208, 201, 255, 191, 78, 38]"
608.831771,352595220,"[14, 0, 0, 144, 0, 9, 128, 1]"
608.832454,84159690,"[3, 0, 200, 239, 255, 191, 126, 39]"
608.833143,33827926,"[0, 0, 0, 98, 0, 16, 255, 255]"
608.833836,33828310,"[0, 0, 0, 147, 0, 0, 0, 0]"
608.834533,84211723,"[169, 3, 114, 32, 231, 45, 0, 0]"
608.835216,33827911,"[0, 0, 0, 226, 0, 16, 4, 0]"
608.835909,33828295,"[0, 0, 192, 26, 255, 255, 0, 0]"
608.836592,33929247,"[0, 0, 244, 6, 0, 24, 64, 0]"
608.841636,33827910,"[0, 0, 0, 98, 0, 16, 1, 0]"
608.842405,33828292,"[4, 0, 64, 39, 255, 255, 0, 0]"
608.843044,84211725,"[151, 130, 87, 250, 150, 253, 0, 0]"
608.843737,33827926,"[0, 0, 0, 98, 0, 16, 248, 255]"
608.844428,134551553,"[0, 0, 0, 0, 0, 0, 0, 192]"
608.84511,134551617,"[0, 0, 0, 64, 0, 0, 0, 0]"
608.845803,33827911,"[0, 0, 0, 226, 0, 16, 3, 0]"
608.846486,33929311,"[0, 0, 0, 0, 0, 64, 0, 0]"
608.847182,33827910,"[0, 0, 0, 98, 0, 16, 239, 255]"
608.847868,33827905,"[0, 0, 0, 98, 0, 16, 9, 0]"
608.848554,33827909,"[0, 0, 0, 98, 0, 16, 251, 255]"
608.849238,84159692,"[4, 0, 24, 208, 255, 191, 128, 38]"
608.849927,33929248,"[0, 0, 249, 6, 0, 24, 64, 0]"
608.850634,84159684,"[0, 0, 168, 220, 255, 127, 229, 38]"
608.851277,84159691,"[245, 255, 207, 201, 255, 191, 78, 38]"
608.852025,352595220,"[14, 0, 0, 144, 0, 9, 128, 1]"
608.852707,84159690,"[0, 0, 192, 239, 255, 127, 126, 39]"
608.853264,33827926,"[0, 0, 0, 98, 0, 16, 1, 0]"
608.85384,33828310,"[0, 0, 0, 147, 0, 0, 0, 0]"
608.854589,33827911,"[0, 0, 0, 226, 0, 16, 10, 0]"
608.85527,33828295,"[0, 0, 192, 26, 255, 255, 0, 0]"
608.855945,33929247,"[0, 0, 245, 6, 0, 24, 64, 0]"
608.856637,84159693,"[1, 0, 152, 207, 255, 127, 123, 38]"
608.857323,33827910,"[0, 0, 0, 98, 0, 16, 7, 0]"
608.858022,33828289,"[0, 0, 64, 189, 255, 255, 0, 0]"
608.858696,33827909,"[0, 0, 0, 98, 0, 16, 254, 255]"
608.859396,33828291,"[0, 0, 192, 245, 255, 255, 0, 0]"
608.860081,33929312,"[0, 0, 0, 0, 0, 64, 0, 0]"
608.860769,84159684,"[0, 0, 168, 220, 255, 191, 229, 38]"
608.861455,84159691,"[1, 0, 200, 201, 255, 127, 78, 38]"
608.862154,352596180,"[241, 31, 7, 192, 1, 8, 0, 5]"
608.862842,84159690,"[210, 255, 199, 239, 255, 127, 126, 39]"
608.863528,33827926,"[0, 0, 0, 98, 0, 16, 6, 0]"
608.864209,134551553,"[0, 0, 0, 0, 0, 0, 0, 192]"
608.864902,84211724,"[51, 119, 127, 178, 188, 210, 0, 0]"
608.865585,134551617,"[0, 0, 0, 64, 0, 0, 0, 0]"
608.866275,134551681,"[0, 4, 32, 0, 0, 0, 0, 0]"
608.867014,33827912,"[0, 0, 0, 98, 0, 16, 244, 255]"
608.867621,33827905,"[0, 0, 0, 98, 0, 16, 17, 0]"
608.868311,84175812,"[0, 0, 0, 0, 1, 26, 19, 128]"
608.869022,33929246,"[0, 0, 246, 6, 0, 22, 64, 0]"
608.869729,84159692,"[4, 0, 8, 208, 255, 127, 128, 38]"
608.87034,84159684,"[253, 255, 167, 220, 255, 127, 229, 38]"
608.871087,84159691,"[1, 0, 200, 201, 255, 127, 78, 38]"
608.871809,352595220,"[13, 0, 0, 144, 0, 9, 128, 1]"
608.872496,84159690,"[2, 0, 200, 239, 255, 191, 126, 39]"
608.873199,33827926,"[0, 0, 0, 98, 0, 16, 2, 0]"
608.873885,33828310,"[0, 0, 0, 147, 0, 0, 0, 0]"
608.874583,33827911,"[0, 0, 0, 226, 0, 16, 5, 0]"
608.875268,33828295,"[0, 0, 192, 26, 255, 255, 0, 0]"
608.876009,33929247,"[0, 0, 245, 6, 0, 24, 64, 0]"
608.876658,84159693,"[1, 0, 152, 207, 255, 127, 123, 38]"
608.877356,33828292,"[4, 0, 32, 39, 255, 255, 0, 0]"
608.878038,33828294,"[8, 0, 32, 191, 255, 255, 0, 0]"
608.878738,33827907,"[0, 0, 0, 226, 0, 16, 227, 255]"
608.879421,33828291,"[0, 0, 192, 245, 255, 255, 0, 0]"
608.880124,33929312,"[0, 0, 0, 0, 0, 64, 0, 0]"
608.88081,84159684,"[2, 0, 168, 220, 255, 127, 229, 38]"
608.8815,84159691,"[1, 0, 200, 201, 255, 127, 78, 38]"
608.882182,352596180,"[241, 31, 7, 192, 1, 8, 0, 5]"
608.882875,84159690,"[2, 0, 200, 239, 255, 63, 126, 39]"
608.883558,33827926,"[0, 0, 0, 98, 0, 16, 10, 0]"
608.884317,134551553,"[0, 0, 0, 0, 0, 0, 0, 192]"
608.885014,134551617,"[0, 0, 0, 64, 0, 0, 0, 0]"
608.885628,33827911,"[0, 0, 0, 226, 0, 16, 15, 0]"
608.886252,33929247,"[0, 0, 244, 6, 0, 24, 64, 0]"
608.886881,84161613,"[0, 0, 253, 255, 255, 7, 0, 0]"
608.8876,33880070,"[236, 233, 185, 196, 103, 103, 0, 0]"
608.888275,33929246,"[0, 0, 246, 6, 0, 22, 64, 0]"
608.889007,84175821,"[0, 0, 0, 1, 1, 26, 19, 0]"
608.889679,84166477,"[0, 0, 0, 0, 24, 0, 0, 0]"
608.890369,84175820,"[0, 0, 0, 1, 1, 26, 19, 0]"
608.891065,84159691,"[1, 0, 200, 201, 255, 127, 78, 38]"
608.891758,84160651,"[171, 192, 80, 128, 24, 0, 0, 0]"
608.892448,84166475,"[0, 0, 0, 0, 24, 0, 0, 0]"
608.893145,84159690,"[2, 0, 200, 239, 255, 127, 126, 39]"
608.893772,33827926,"[0, 0, 0, 98, 0, 16, 12, 0]"
608.894458,84175818,"[0, 0, 0, 1, 1, 26, 19, 0]"
608.895156,84166474,"[0, 0, 0, 0, 24, 0, 0, 0]"
608.895859,33827911,"[0, 0, 0, 226, 0, 16, 21, 0]"
608.896545,33929247,"[0, 0, 245, 6, 0, 24, 64, 0]"
608.897244,33827908,"[0, 0, 0, 98, 0, 16, 24, 0]"
608.897862,33828292,"[4, 0, 32, 39, 255, 255, 0, 0]"
608.898554,33827907,"[0, 0, 0, 226, 0, 16, 194, 255]"
608.899317,33828291,"[0, 0, 192, 245, 255, 255, 0, 0]"
608.900009,84159692,"[50, 0, 24, 208, 255, 191, 128, 38]"
608.900698,84159684,"[8, 0, 184, 220, 255, 191, 229, 38]"
608.901397,84159691,"[1, 0, 200, 201, 255, 127, 78, 38]"
608.902096,352596180,"[241, 31, 7, 192, 1, 8, 0, 5]"
608.902799,84159690,"[2, 0, 200, 239, 255, 127, 126, 39]"
608.903498,33827926,"[0, 0, 0, 98, 0, 16, 249, 255]"
608.904182,134551553,"[0, 0, 0, 0, 0, 0, 0, 192]"
608.904878,134551617,"[0, 0, 0, 64, 0, 0, 0, 0]"
608.905577,33827911,"[0, 0, 0, 226, 0, 16, 11, 0]"
608.906277,134551681,"[0, 4, 32, 0, 0, 0, 0, 0]"
608.906997,84159693,"[1, 0, 152, 207, 255, 127, 123, 38]"
608.907679,33827905,"[0, 0, 0, 98, 0, 16, 19, 0]"
608.908364,33827909,"[0, 0, 0, 98, 0, 16, 251, 255]"
608.909054,33827930,"[0, 0, 0, 226, 0, 16, 253, 255]"
608.909761,33929248,"[0, 0, 249, 6, 0, 24, 64, 0]"
608.910451,84159684,"[251, 255, 167, 220, 255, 127, 229, 38]"
608.911148,33880068,"[233, 250, 166, 183, 1, 66, 0, 0]"
608.911841,84159691,"[1, 0, 200, 201, 255, 191, 78, 38]"
608.912531,352595220,"[12, 0, 0, 144, 0, 9, 128, 1]"
608.913227,84159690,"[2, 0, 200, 239, 255, 191, 126, 39]"
608.913996,33828310,"[0, 0, 0, 147, 0, 0, 0, 0]"
608.914638,33827911,"[0, 0, 0, 226, 0, 16, 21, 0]"
608.915433,33828295,"[0, 0, 192, 26, 255, 255, 0, 0]"
608.916208,33929247,"[0, 0, 245, 6, 0, 24, 64, 0]"
608.916991,84159693,"[1, 0, 152, 207, 255, 127, 123, 38]"
608.917627,33827906,"[0, 0, 0, 98, 0, 16, 242, 255]"
608.918317,33828289,"[0, 0, 64, 189, 255, 255, 0, 0]"
608.919013,33828291,"[0, 0, 192, 245, 255, 255, 0, 0]"
608.919721,33929312,"[0, 0, 0, 0, 0, 64, 0, 0]"
608.920411,84159684,"[5, 0, 176, 220, 255, 127, 229, 38]"
608.921114,84159691,"[0, 0, 200, 201, 255, 127, 78, 38]"
608.921807,352595220,"[11, 0, 0, 144, 0, 9, 128, 1]"
608.922497,352596180,"[241, 95, 7, 192, 1, 8, 0, 5]"
608.923194,84159690,"[21, 0, 216, 239, 255, 191, 126, 39]"
608.92388,33827926,"[0, 0, 0, 98, 0, 16, 250, 255]"
608.92457,134551553,"[0, 0, 0, 0, 0, 0, 0, 192]"
608.925274,134551617,"[0, 0, 0, 64, 0, 0, 0, 0]"
608.925985,33827911,"[0, 0, 0, 226, 0, 16, 19, 0]"
608.926664,134551745,"[0, 0, 0, 3, 0, 0, 2, 0]"
608.927361,33827906,"[0, 0, 0, 98, 0, 16, 14, 0]"
608.92805,33827905,"[0, 0, 0, 98, 0, 16, 21, 0]"
608.928743,33827930,"[0, 0, 0, 226, 0, 16, 247, 255]"
608.929462,33929248,"[0, 0, 249, 6, 0, 24, 64, 0]"
608.930158,84159684,"[9, 0, 192, 220, 255, 63, 229, 38]"
608.930772,84159691,"[0, 0, 200, 201, 255, 191, 78, 38]"
608.931476,352595220,"[11, 0, 0, 144, 0, 9, 128, 1]"
608.932164,84159690,"[2, 0, 208, 239, 255, 191, 126, 39]"
608.932855,33827926,"[0, 0, 0, 98, 0, 16, 253, 255]"
608.933552,33828310,"[0, 0, 0, 147, 0, 0, 0, 0]"
608.934661,33827911,"[0, 0, 0, 226, 0, 16, 1, 0]"
608.93498,33828295,"[0, 0, 192, 26, 255, 255, 0, 0]"
608.935651,33929247,"[0, 0, 244, 6, 0, 24, 64, 0]"
608.936385,84159693,"[1, 0, 152, 207, 255, 127, 123, 38]"
608.937067,33827908,"[0, 0, 0, 98, 0, 16, 1, 0]"
608.937767,33827906,"[0, 0, 0, 98, 0, 16, 246, 255]"
608.938475,33828289,"[0, 0, 64, 189, 255, 255, 0, 0]"
608.93916,84159692,"[3, 0, 16, 208, 255, 191, 128, 38]"
608.939856,33929248,"[0, 0, 249, 6, 0, 24, 64, 0]"
608.940548,33929312,"[0, 0, 0, 0, 0, 64, 0, 0]"
608.94124,84159691,"[0, 0, 200, 201, 255, 191, 78, 38]"
608.941982,352595220,"[11, 0, 0, 144, 0, 9, 128, 1]"
608.942649,352596436,"[14, 0, 96, 3, 0, 238, 255, 15]"
608.943349,84159690,"[2, 0, 208, 239, 255, 191, 126, 39]"
608.944048,33834838,"[0, 0, 0, 0, 0, 0, 128, 0]"
608.944737,33828182,"[253, 127, 0, 128, 89, 20, 25, 0]"
608.945429,134551617,"[0, 0, 0, 64, 0, 0, 0, 0]"
608.946022,33827911,"[0, 0, 0, 226, 0, 16, 14, 0]"
608.946591,33827912,"[0, 0, 0, 98, 0, 16, 246, 255]"
608.947191,134551745,"[0, 0, 0, 3, 0, 0, 2, 0]"
608.947808,134551809,"[137, 6, 144, 128, 0, 28, 0, 0]"
608.948381,33827909,"[0, 0, 0, 98, 0, 16, 5, 0]"
608.948974,84159692,"[3, 0, 16, 208, 255, 191, 128, 38]"
608.949465,33929248,"[0, 0, 250, 6, 0, 24, 64, 0]"
608.950044,84159684,"[10, 0, 192, 220, 255, 191, 229, 38]"
608.950584,84159691,"[0, 0, 200, 201, 255, 127, 78, 38]"
608.951092,352595220,"[11, 0, 0, 144, 0, 9, 128, 1]"
608.952019,84159690,"[0, 0, 200, 239, 255, 127, 126, 39]"
608.9523,33827926,"[0, 0, 0, 98, 0, 16, 247, 255]"
608.952739,33828310,"[0, 0, 0, 147, 0, 0, 0, 0]"
608.954583,33827911,"[0, 0, 0, 226, 0, 16, 11, 0]"
608.954755,33828295,"[0, 0, 192, 26, 255, 255, 0, 0]"
608.954899,33929247,"[0, 0, 244, 6, 0, 24, 64, 0]"
608.95525,84159693,"[1, 0, 152, 207, 255, 127, 123, 38]"
608.955644,33827912,"[0, 0, 0, 98, 0, 16, 248, 255]"
608.956197,33827908,"[0, 0, 0, 98, 0, 16, 24, 0]"
608.956789,33828296,"[4, 0, 96, 62, 255, 255, 0, 0]"
608.957335,33828294,"[0, 0, 32, 191, 255, 255, 0, 0]"
608.957855,33828290,"[12, 0, 64, 64, 255, 255, 0, 0]"
608.958416,33827909,"[0, 0, 0, 98, 0, 16, 247, 255]"
608.959019,33828291,"[0, 0, 192, 245, 255, 255, 0, 0]"
608.959582,33929248,"[0, 0, 249, 6, 0, 24, 64, 0]"
608.960121,84159692,"[3, 0, 16, 208, 255, 191, 128, 38]"
608.960677,84159691,"[0, 0, 200, 201, 255, 127, 78, 38]"
608.961237,352595220,"[11, 0, 0, 144, 0, 9, 128, 1]"
608.961851,352596180,"[241, 95, 7, 192, 1, 8, 0, 5]"
608.962429,84159690,"[2, 0, 200, 239, 255, 191, 126, 39]"
608.962989,33827926,"[0, 0, 0, 98, 0, 16, 248, 255]"
608.9637,33880065,"[21, 27, 150, 142, 71, 197, 0, 0]"
608.964384,134551553,"[0, 0, 0, 0, 0, 0, 0, 192]"
608.965073,134551617,"[0, 0, 0, 64, 0, 0, 0, 0]"
608.965781,33844167,"[0, 0, 0, 0, 1, 26, 19, 0]"
608.966478,33929247,"[0, 0, 244, 6, 0, 24, 64, 0]"
608.967167,33827911,"[0, 0, 0, 226, 0, 16, 10, 0]"
608.967868,33828936,"[0, 243, 199, 46, 0, 0, 0, 0]"
608.968558,33834820,"[128, 0, 0, 0, 128, 11, 192, 0]"
608.969247,33828932,"[0, 243, 199, 46, 0, 0, 0, 0]"
608.969966,33827908,"[0, 0, 0, 98, 0, 16, 22, 0]"
608.970651,33828487,"[8, 0, 0, 0, 0, 0, 0, 0]"
608.971341,33828356,"[0, 0, 0, 0, 0, 0, 0, 128]"
608.972031,33828420,"[0, 0, 0, 0, 0, 0, 0, 128]"
608.972716,33844162,"[0, 0, 0, 0, 1, 26, 19, 0]"
608.973414,33844186,"[0, 0, 0, 0, 1, 26, 19, 128]"
608.97411,33828358,"[0, 0, 0, 0, 0, 0, 0, 128]"
608.97481,33827906,"[0, 0, 0, 98, 0, 16, 18, 0]"
608.9755,33828162,"[247, 127, 0, 192, 90, 19, 25, 21]"
608.976197,33827911,"[0, 0, 0, 226, 0, 16, 14, 0]"
608.97689,33828354,"[0, 0, 0, 0, 0, 0, 0, 128]"
608.977623,33828292,"[0, 0, 32, 39, 255, 255, 0, 0]"
608.978313,33828355,"[0, 0, 0, 0, 0, 0, 0, 128]"
608.979017,33828421,"[0, 0, 0, 0, 0, 0, 0, 128]"
608.97971,33828483,"[8, 0, 0, 0, 0, 0, 0, 0]"
608.980407,33827906,"[0, 0, 0, 98, 0, 16, 254, 255]"
608.981096,33828549,"[0, 0, 4, 0, 0, 0, 0, 0]"
608.981796,33828442,"[0, 0, 0, 0, 0, 0, 0, 128]"
608.982501,33828506,"[12, 0, 0, 0, 0, 0, 0, 0]"
608.983204,84159691,"[0, 0, 200, 201, 255, 127, 78, 38]"
608.983959,33827926,"[0, 0, 0, 98, 0, 16, 248, 255]"
608.984589,134551745,"[0, 0, 0, 3, 0, 0, 2, 0]"
608.985275,134551617,"[0, 0, 0, 64, 0, 0, 0, 0]"
608.985967,352596180,"[241, 95, 7, 192, 1, 4, 0, 5]"
608.986676,84159693,"[1, 0, 152, 207, 255, 127, 123, 38]"
608.987369,134551809,"[139, 6, 144, 128, 0, 28, 0, 0]"
608.988061,33827905,"[0, 0, 0, 98, 0, 16, 19, 0]"
608.988764,33827930,"[0, 0, 0, 226, 0, 16, 38, 0]"
608.989449,84159692,"[3, 0, 16, 208, 255, 191, 128, 38]"
608.990148,84159684,"[254, 255, 175, 220, 255, 127, 229, 38]"
608.990851,84159691,"[0, 0, 200, 201, 255, 191, 78, 38]"
608.991536,352611284,"[0, 0, 0, 0, 1, 26, 19, 0]"
608.992235,352595220,"[10, 0, 0, 144, 0, 9, 128, 1]"
608.992963,352596820,"[0, 0, 0, 0, 0, 0, 0, 0]"
608.993645,84159690,"[2, 0, 200, 239, 255, 191, 126, 39]"
608.994288,33828310,"[0, 0, 0, 147, 0, 0, 0, 0]"
608.994986,33827911,"[0, 0, 0, 226, 0, 16, 7, 0]"
608.995682,33828295,"[0, 0, 192, 26, 255, 255, 0, 0]"
608.996382,33929247,"[0, 0, 245, 6, 0, 24, 64, 0]"
608.99708,33827908,"[0, 0, 0, 98, 0, 16, 45, 0]"
608.997769,33828290,"[12, 0, 64, 64, 255, 255, 0, 0]"
608.998461,33827907,"[0, 0, 0, 226, 0, 16, 216, 255]"
608.99916,84159692,"[3, 0, 16, 208, 255, 191, 128, 38]"
608.999856,33929312,"[0, 0, 0, 0, 0, 64, 0, 0]"
609.000539,84211723,"[202, 213, 182, 50, 105, 198, 0, 0]"
609.00125,84159691,"[213, 255, 207, 201, 255, 127, 78, 38]"
609.001954,352595220,"[9, 0, 0, 144, 0, 9, 128, 1]"
609.002633,352596180,"[241, 95, 7, 192, 1, 4, 0, 5]"
609.00333,84159690,"[2, 0, 200, 239, 255, 127, 126, 39]"
609.004027,33827926,"[0, 0, 0, 98, 0, 16, 251, 255]"
609.004713,134551553,"[0, 0, 0, 0, 0, 0, 0, 192]"
609.00541,134551617,"[0, 0, 0, 64, 0, 0, 0, 0]"
609.006099,33827911,"[0, 0, 0, 226, 0, 16, 15, 0]"
609.006792,33827912,"[0, 0, 0, 98, 0, 16, 235, 255]"
609.007496,33827906,"[0, 0, 0, 98, 0, 16, 3, 0]"
609.0082,33929246,"[0, 0, 246, 6, 0, 22, 64, 0]"
609.008948,33827930,"[0, 0, 0, 226, 0, 16, 22, 0]"
609.009583,33929248,"[0, 0, 249, 6, 0, 24, 64, 0]"
609.01028,84159684,"[9, 0, 184, 220, 255, 63, 229, 38]"
609.010969,84159691,"[3, 0, 200, 201, 255, 191, 78, 38]"
609.011677,352595220,"[9, 0, 0, 144, 0, 9, 128, 1]"
609.012372,84159690,"[2, 0, 200, 239, 255, 191, 126, 39]"
609.013054,33827926,"[0, 0, 0, 98, 0, 16, 253, 255]"
609.013755,33828310,"[0, 0, 0, 147, 0, 0, 0, 0]"
609.014487,33827911,"[0, 0, 0, 226, 0, 16, 31, 0]"
609.015137,33828295,"[0, 0, 192, 26, 255, 255, 0, 0]"
609.015838,33929247,"[0, 0, 244, 6, 0, 24, 64, 0]"
609.016535,84159693,"[0, 0, 152, 207, 255, 127, 123, 38]"
609.017224,33827910,"[0, 0, 0, 98, 0, 16, 3, 0]"
609.017943,33828289,"[0, 0, 192, 188, 255, 255, 0, 0]"
609.018607,33827909,"[0, 0, 0, 98, 0, 16, 5, 0]"
609.019304,33828293,"[0, 0, 128, 82, 0, 0, 0, 0]"
609.020008,84159692,"[3, 0, 16, 208, 255, 191, 128, 38]"
609.020715,84159684,"[1, 0, 176, 220, 255, 127, 229, 38]"
609.021405,84159691,"[3, 0, 200, 201, 255, 127, 78, 38]"
609.022101,352596180,"[241, 95, 7, 192, 1, 4, 0, 5]"
609.022789,84159690,"[1, 0, 200, 239, 255, 191, 126, 39]"
609.023493,33827926,"[0, 0, 0, 98, 0, 16, 253, 255]"
609.024194,134551553,"[0, 0, 0, 0, 0, 0, 0, 192]"
609.024942,134551617,"[0, 0, 0, 64, 0, 0, 0, 0]"
609.025585,33827911,"[0, 0, 0, 226, 0, 16, 13, 0]"
609.026282,33929247,"[0, 0, 245, 6, 0, 23, 64, 0]"
609.026964,33827908,"[0, 0, 0, 98, 0, 16, 33, 0]"
609.027671,33827905,"[0, 0, 0, 98, 0, 16, 23, 0]"
609.028368,33827909,"[0, 0, 0, 98, 0, 16, 6, 0]"
609.029065,84159692,"[3, 0, 16, 208, 255, 255, 128, 38]"
609.02975,33929248,"[0, 0, 249, 6, 0, 24, 64, 0]"
609.030442,33880066,"[109, 9, 149, 49, 192, 14, 0, 0]"
609.031134,84159691,"[3, 0, 200, 201, 255, 191, 78, 38]"
609.031823,352595220,"[7, 0, 0, 144, 0, 9, 128, 1]"
609.032533,84159690,"[1, 0, 200, 239, 255, 191, 126, 39]"
609.033224,33827926,"[0, 0, 0, 98, 0, 16, 3, 0]"
609.033938,33828310,"[0, 0, 0, 147, 0, 0, 0, 0]"
609.034619,33827911,"[0, 0, 0, 226, 0, 16, 4, 0]"
609.035307,33828295,"[0, 0, 192, 26, 255, 255, 0, 0]"
609.035999,33929247,"[0, 0, 244, 6, 0, 23, 64, 0]"
609.036716,84159693,"[0, 0, 152, 207, 255, 127, 123, 38]"
609.037408,33828292,"[12, 0, 32, 39, 255, 255, 0, 0]"
609.038093,33929246,"[0, 0, 246, 6, 0, 22, 64, 0]"
609.038796,33827930,"[0, 0, 0, 226, 0, 16, 237, 255]"
609.039481,33828293,"[0, 0, 128, 82, 0, 0, 0, 0]"
609.040194,33929312,"[0, 0, 0, 0, 0, 64, 0, 0]"
609.040929,84159684,"[251, 255, 167, 220, 255, 63, 229, 38]"
609.041604,84159691,"[6, 0, 208, 201, 255, 191, 78, 38]"
609.042289,352596436,"[0, 0, 112, 0, 0, 237, 255, 15]"
609.042988,352596500,"[124, 255, 72, 0, 208, 62, 0, 4]"
609.04367,33827926,"[0, 0, 0, 98, 0, 16, 3, 0]"
609.04437,134551553,"[0, 0, 0, 0, 0, 0, 0, 192]"
609.045059,134551617,"[0, 0, 0, 64, 0, 0, 0, 0]"
609.045752,33880069,"[188, 21, 188, 102, 125, 148, 0, 0]"
609.046443,33929311,"[0, 0, 0, 0, 0, 64, 0, 0]"
609.047132,33827910,"[0, 0, 0, 98, 0, 16, 247, 255]"
609.04781,33827905,"[0, 0, 0, 98, 0, 16, 32, 0]"
609.048515,33827907,"[0, 0, 0, 226, 0, 16, 228, 255]"
609.049197,33929248,"[0, 0, 249, 6, 0, 24, 64, 0]"
609.049931,84159684,"[254, 255, 167, 220, 255, 63, 229, 38]"
609.050595,33880072,"[197, 61, 199, 232, 118, 1, 0, 0]"
609.051263,84159691,"[244, 255, 207, 201, 255, 127, 78, 38]"
609.051945,352595220,"[7, 0, 0, 144, 0, 9, 128, 1]"
609.052639,84159690,"[1, 0, 200, 239, 255, 127, 126, 39]"
609.053321,33827926,"[0, 0, 0, 98, 0, 16, 253, 255]"
609.054018,33828310,"[0, 0, 0, 147, 0, 0, 0, 0]"
609.054708,33827911,"[0, 0, 0, 226, 0, 16, 9, 0]"
609.055405,33828295,"[0, 0, 192, 26, 255, 255, 0, 0]"
609.056087,33929247,"[0, 0, 245, 6, 0, 23, 64, 0]"
609.05678,33827912,"[0, 0, 0, 98, 0, 16, 239, 255]"
609.057463,33827906,"[0, 0, 0, 98, 0, 16, 252, 255]"
609.05816,33929246,"[0, 0, 246, 6, 0, 22, 64, 0]"
609.058846,33827930,"[0, 0, 0, 226, 0, 16, 59, 0]"
609.059543,33828314,"[0, 0, 192, 162, 0, 0, 0, 0]"
609.060232,84159692,"[3, 0, 16, 208, 255, 255, 128, 38]"
609.060929,84159684,"[0, 0, 160, 220, 255, 191, 229, 38]"
609.061615,84159691,"[3, 0, 200, 201, 255, 191, 78, 38]"
609.062312,33930270,"[0, 0, 0, 0, 183, 16, 215, 120]"
609.062994,84159690,"[1, 0, 200, 239, 255, 191, 126, 39]"
609.063695,33827926,"[0, 0, 0, 98, 0, 16, 2, 0]"
609.064378,134551553,"[0, 0, 0, 0, 0, 0, 0, 192]"
609.065153,134551617,"[0, 0, 0, 64, 0, 0, 0, 0]"
609.065922,33827911,"[0, 0, 0, 226, 0, 16, 6, 0]"
609.066479,33929311,"[0, 0, 0, 0, 0, 64, 0, 0]"
609.067182,134551809,"[139, 6, 144, 128, 0, 28, 0, 0]"
609.067923,33827905,"[0, 0, 0, 98, 0, 16, 21, 0]"
609.068573,33827909,"[0, 0, 0, 98, 0, 16, 3, 0]"
609.069269,84159692,"[3, 0, 16, 208, 255, 255, 128, 38]"
609.069966,84159684,"[248, 255, 159, 220, 255, 191, 229, 38]"
609.070674,84159691,"[6, 0, 216, 201, 255, 191, 78, 38]"
609.071357,352595220,"[6, 0, 0, 144, 0, 9, 128, 1]"
609.072061,84159690,"[1, 0, 200, 239, 255, 127, 126, 39]"
609.07275,33827926,"[0, 0, 0, 98, 0, 16, 255, 255]"
609.073447,33828310,"[0, 0, 0, 147, 0, 0, 0, 0]"
609.074596,33827911,"[0, 0, 0, 226, 0, 16, 8, 0]"
609.074842,33828295,"[0, 0, 192, 26, 255, 255, 0, 0]"
609.075536,33929247,"[0, 0, 244, 6, 0, 23, 64, 0]"
609.076234,84159693,"[0, 0, 152, 207, 255, 127, 123, 38]"
609.07692,33827912,"[0, 0, 0, 98, 0, 16, 0, 0]"
609.077616,33827905,"[0, 0, 0, 98, 0, 16, 16, 0]"
609.078308,33929246,"[0, 0, 245, 6, 0, 22, 64, 0]"
609.079028,33827930,"[0, 0, 0, 226, 0, 16, 252, 255]"
609.079724,33929248,"[0, 0, 249, 6, 0, 24, 64, 0]"
609.080416,33929312,"[0, 0, 0, 0, 0, 64, 0, 0]"
609.081108,84159691,"[3, 0, 200, 201, 255, 127, 78, 38]"
609.081804,352595220,"[5, 0, 0, 144, 0, 9, 128, 1]"
609.082504,352596180,"[241, 31, 7, 192, 1, 4, 0, 5]"
609.083195,84159690,"[1, 0, 200, 239, 255, 63, 126, 39]"
609.083909,33827926,"[0, 0, 0, 98, 0, 16, 3, 0]"
609.084591,134551553,"[0, 0, 0, 0, 0, 0, 0, 192]"
609.085276,134551617,"[0, 0, 0, 64, 0, 0, 0, 0]"
609.085961,33827911,"[0, 0, 0, 226, 0, 16, 9, 0]"
609.086614,84159693,"[0, 0, 152, 207, 255, 127, 123, 38]"
609.087911,134551809,"[139, 6, 144, 128, 0, 28, 0, 0]"
609.088487,33929246,"[0, 0, 245, 6, 0, 22, 64, 0]"
609.092181,33929248,"[0, 0, 249, 6, 0, 24, 64, 0]"
609.092914,84159684,"[4, 0, 176, 220, 255, 63, 229, 38]"
609.093614,84159690,"[51, 0, 208, 239, 255, 191, 126, 39]"
609.094297,33828310,"[0, 0, 0, 147, 0, 0, 0, 0]"
609.095,33827911,"[0, 0, 0, 226, 0, 16, 15, 0]"
609.095686,33828295,"[0, 0, 192, 26, 255, 255, 0, 0]"
609.09639,33929247,"[0, 0, 244, 6, 0, 23, 64, 0]"
609.097072,33827910,"[0, 0, 0, 98, 0, 16, 15, 0]"
609.09778,33827906,"[0, 0, 0, 98, 0, 16, 21, 0]"
609.098469,33827909,"[0, 0, 0, 98, 0, 16, 7, 0]"
609.099166,33828291,"[0, 0, 192, 245, 255, 255, 0, 0]"
609.099906,33929312,"[0, 0, 0, 0, 0, 64, 0, 0]"
609.100549,84159684,"[0, 0, 160, 220, 255, 191, 229, 38]"
609.101231,84159691,"[3, 0, 200, 201, 255, 191, 78, 38]"
609.101957,352596180,"[241, 31, 7, 208, 1, 0, 0, 5]"
609.102592,84159690,"[1, 0, 200, 239, 255, 127, 126, 39]"
609.103231,33880067,"[169, 69, 227, 192, 104, 42, 0, 0]"
609.103971,33827926,"[0, 0, 0, 98, 0, 16, 8, 0]"
609.104665,134551553,"[0, 0, 0, 0, 0, 0, 0, 192]"
609.105347,134551617,"[0, 0, 0, 64, 0, 0, 0, 0]"
609.106051,33827911,"[0, 0, 0, 226, 0, 16, 28, 0]"
609.106737,84159693,"[0, 0, 152, 207, 255, 127, 123, 38]"
609.107434,33827906,"[0, 0, 0, 98, 0, 16, 5, 0]"
609.108138,33827905,"[0, 0, 0, 98, 0, 16, 28, 0]"
609.1089,33929246,"[0, 0, 245, 6, 0, 22, 64, 0]"
609.109506,84159692,"[52, 0, 24, 208, 255, 255, 128, 38]"
609.110152,84159684,"[5, 0, 176, 220, 255, 127, 229, 38]"
609.1109,84159691,"[2, 0, 208, 201, 255, 191, 78, 38]"
609.11155,352595220,"[3, 0, 0, 144, 0, 9, 128, 1]"
609.112239,84211725,"[85, 200, 63, 183, 198, 18, 0, 0]"
609.112943,84159690,"[1, 0, 200, 239, 255, 191, 126, 39]"
609.113629,33827926,"[0, 0, 0, 98, 0, 16, 252, 255]"
609.114327,33828310,"[0, 0, 0, 147, 0, 0, 0, 0]"
609.115012,33827911,"[0, 0, 0, 226, 0, 16, 9, 0]"
609.115726,33828295,"[0, 0, 192, 26, 255, 255, 0, 0]"
609.116416,33929247,"[0, 0, 244, 6, 0, 23, 64, 0]"
609.117142,33827908,"[0, 0, 0, 98, 0, 16, 27, 0]"
609.117896,33827905,"[0, 0, 0, 98, 0, 16, 36, 0]"
609.118532,33827907,"[0, 0, 0, 226, 0, 16, 203, 255]"
609.1192,33828293,"[0, 0, 128, 82, 0, 0, 0, 0]"
609.119814,84159692,"[2, 0, 24, 208, 255, 255, 128, 38]"
609.120425,84159684,"[0, 0, 160, 220, 255, 191, 229, 38]"
609.12115,84211724,"[169, 159, 59, 196, 94, 49, 0, 0]"
609.121791,352595220,"[2, 0, 0, 144, 0, 9, 128, 1]"
609.122484,352596180,"[241, 31, 7, 192, 1, 0, 0, 5]"
609.123169,84159690,"[51, 0, 208, 239, 255, 191, 126, 39]"
609.123889,33827926,"[0, 0, 0, 98, 0, 16, 248, 255]"
609.124571,134551553,"[0, 0, 0, 0, 0, 0, 0, 192]"
609.125285,134551617,"[0, 0, 0, 64, 0, 0, 0, 0]"
609.12597,33827911,"[0, 0, 0, 226, 0, 16, 12, 0]"
609.126672,134551745,"[0, 0, 0, 3, 0, 0, 2, 0]"
609.127351,33827906,"[0, 0, 0, 98, 0, 16, 16, 0]"
609.128064,33929246,"[0, 0, 246, 6, 0, 22, 64, 0]"
609.128752,33827930,"[0, 0, 0, 226, 0, 16, 11, 0]"
609.129452,33929248,"[0, 0, 249, 6, 0, 24, 64, 0]"
609.130137,84159684,"[255, 255, 167, 220, 255, 63, 229, 38]"
609.130886,84159691,"[2, 0, 200, 201, 255, 127, 78, 38]"
609.131525,352595220,"[1, 0, 0, 144, 0, 9, 128, 1]"
609.132265,84159690,"[7, 0, 200, 239, 255, 127, 126, 39]"
609.132894,33827926,"[0, 0, 0, 98, 0, 16, 247, 255]"
609.133604,33828310,"[0, 0, 0, 147, 0, 0, 0, 0]"
609.13453,33827911,"[0, 0, 0, 226, 0, 16, 7, 0]"
609.134992,33828295,"[0, 0, 192, 26, 255, 255, 0, 0]"
609.135695,33929247,"[0, 0, 244, 6, 0, 23, 64, 0]"
609.13631,33827912,"[0, 0, 0, 98, 0, 16, 239, 255]"
609.136992,33827910,"[0, 0, 0, 98, 0, 16, 3, 0]"
609.137699,33827905,"[0, 0, 0, 98, 0, 16, 38, 0]"
609.138382,33828289,"[0, 0, 128, 187, 255, 255, 2, 0]"
609.13905,84159692,"[2, 0, 24, 208, 255, 255, 128, 38]"
609.139735,33929312,"[0, 0, 0, 0, 0, 64, 0, 0]"
609.140433,84166477,"[0, 0, 0, 0, 24, 0, 0, 0]"
609.141122,84159691,"[2, 0, 200, 201, 255, 191, 78, 38]"
609.141891,84175819,"[0, 0, 0, 1, 1, 26, 19, 0]"
609.142519,352596436,"[2, 0, 96, 254, 255, 214, 255, 15]"
609.143216,352596500,"[164, 255, 76, 0, 120, 64, 0, 4]"
609.143906,33827926,"[0, 0, 0, 98, 0, 16, 253, 255]"
609.144606,84166474,"[0, 0, 0, 0, 24, 0, 0, 0]"
609.145296,134551617,"[0, 0, 0, 64, 0, 0, 0, 0]"
609.145992,33827911,"[0, 0, 0, 226, 0, 16, 13, 0]"
609.146671,33827912,"[0, 0, 0, 98, 0, 16, 242, 255]"
609.147368,134551809,"[135, 6, 144, 128, 0, 28, 0, 0]"
609.14805,33929246,"[0, 0, 245, 6, 0, 22, 64, 0]"
609.14875,33827930,"[0, 0, 0, 226, 0, 16, 253, 255]"
609.149433,84159692,"[2, 0, 24, 208, 255, 255, 128, 38]"
609.150144,84159684,"[6, 0, 176, 220, 255, 191, 229, 38]"
609.150891,84159691,"[2, 0, 200, 201, 255, 127, 78, 38]"
609.151541,352595220,"[0, 0, 0, 144, 0, 9, 128, 1]"
609.152234,84159690,"[1, 0, 200, 239, 255, 127, 126, 39]"
609.152967,33827926,"[0, 0, 0, 98, 0, 16, 249, 255]"
609.153653,33828310,"[0, 0, 0, 147, 0, 0, 0, 0]"
609.154514,33827911,"[0, 0, 0, 226, 0, 16, 19, 0]"
609.155042,33828295,"[0, 0, 192, 26, 255, 255, 0, 0]"
609.155749,33929247,"[0, 0, 244, 6, 0, 23, 64, 0]"
609.156439,84159693,"[0, 0, 152, 207, 255, 127, 123, 38]"
609.157136,33827910,"[0, 0, 0, 98, 0, 16, 4, 0]"
609.157898,33827905,"[0, 0, 0, 98, 0, 16, 39, 0]"
609.158533,84211723,"[49, 18, 61, 232, 156, 211, 0, 0]"
609.159222,33828291,"[0, 0, 192, 245, 255, 255, 0, 0]"
609.15992,33929312,"[0, 0, 0, 0, 0, 64, 0, 0]"
609.160613,33880071,"[11, 152, 24, 169, 133, 177, 0, 0]"
609.16131,84159691,"[2, 0, 200, 201, 255, 191, 78, 38]"
609.161992,352596180,"[241, 31, 7, 208, 1, 0, 0, 5]"
609.162692,84159690,"[1, 0, 200, 239, 255, 127, 126, 39]"
609.163375,33827926,"[0, 0, 0, 98, 0, 16, 252, 255]"
609.164071,134551553,"[0, 0, 0, 0, 0, 0, 0, 192]"
609.164757,134551617,"[0, 0, 0, 64, 0, 0, 0, 0]"
609.165461,33827911,"[0, 0, 0, 226, 0, 16, 4, 0]"
609.166143,134551681,"[0, 4, 32, 0, 0, 0, 0, 0]"
609.166894,84159693,"[0, 0, 152, 207, 255, 127, 123, 38]"
609.167534,33827906,"[0, 0, 0, 98, 0, 16, 7, 0]"
609.168233,33827905,"[0, 0, 0, 98, 0, 16, 31, 0]"
609.168918,33929310,"[0, 0, 0, 0, 0, 64, 0, 0]"
609.169656,33929248,"[0, 0, 248, 6, 0, 24, 64, 0]"
609.170341,84159684,"[0, 0, 168, 220, 255, 255, 229, 38]"
609.17104,84159691,"[2, 0, 200, 201, 255, 191, 78, 38]"
609.171722,352595220,"[0, 0, 0, 144, 0, 9, 128, 1]"
609.172421,84159690,"[1, 0, 200, 239, 255, 191, 126, 39]"
609.173106,33827926,"[0, 0, 0, 98, 0, 16, 2, 0]"
609.173801,33828310,"[0, 0, 0, 147, 0, 0, 0, 0]"
609.174494,352647188,"[111, 90, 221, 60, 83, 51, 0, 0]"
609.175202,33827911,"[0, 0, 0, 226, 0, 16, 28, 0]"
609.175895,33828295,"[0, 0, 192, 26, 255, 255, 0, 0]"
609.17659,84159693,"[0, 0, 152, 207, 255, 127, 123, 38]"
609.177276,33828292,"[8, 0, 32, 39, 255, 255, 0, 0]"
609.177975,33929246,"[0, 0, 246, 6, 0, 22, 64, 0]"
609.178656,33827930,"[0, 0, 0, 226, 0, 16, 219, 255]"
609.179356,33828314,"[0, 0, 192, 162, 0, 0, 0, 0]"
609.180048,84159692,"[24, 0, 32, 208, 255, 255, 128, 38]"
609.180743,84159684,"[9, 0, 184, 220, 255, 191, 229, 38]"
609.181436,84159691,"[52, 0, 208, 201, 255, 191, 78, 38]"
609.182133,352596180,"[241, 31, 7, 208, 1, 0, 0, 5]"
609.182887,84159690,"[19, 0, 208, 239, 255, 127, 126, 39]"
609.183523,33827926,"[0, 0, 0, 98, 0, 16, 253, 255]"
609.184208,134551553,"[0, 0, 0, 0, 0, 0, 0, 192]"
609.184912,134551617,"[0, 0, 0, 64, 0, 0, 0, 0]"
609.185598,33827911,"[0, 0, 0, 226, 0, 16, 35, 0]"
609.186331,33929247,"[0, 0, 244, 6, 0, 23, 64, 0]"
609.187013,33827908,"[0, 0, 0, 98, 0, 16, 21, 0]"
609.187706,33827905,"[0, 0, 0, 98, 0, 16, 8, 0]"
609.188396,33827907,"[0, 0, 0, 226, 0, 16, 201, 255]"
609.189093,84159692,"[2, 0, 24, 208, 255, 255, 128, 38]"
609.189779,33929248,"[0, 0, 249, 6, 0, 24, 64, 0]"
609.190476,84159684,"[255, 255, 175, 220, 255, 191, 229, 38]"
609.191158,84159691,"[2, 0, 208, 201, 255, 191, 78, 38]"
609.191884,352595220,"[1, 0, 0, 144, 0, 9, 128, 1]"
609.192512,84159690,"[7, 0, 200, 239, 255, 191, 126, 39]"
609.193209,33844182,"[0, 0, 0, 0, 1, 26, 19, 0]"
609.193891,33834838,"[0, 0, 0, 0, 0, 0, 128, 0]"
609.194592,33827926,"[0, 0, 0, 98, 0, 16, 2, 0]"
609.195274,33828310,"[0, 0, 0, 147, 0, 0, 0, 0]"
609.195971,33828438,"[0, 0, 0, 0, 0, 0, 0, 128]"
609.196664,33828566,"[0, 0, 4, 0, 0, 0, 0, 0]"
609.197368,33828292,"[8, 0, 64, 39, 255, 255, 0, 0]"
609.19805,33828296,"[0, 0, 96, 62, 255, 255, 0, 0]"
609.19875,33827909,"[0, 0, 0, 98, 0, 16, 9, 0]"
609.199433,33828293,"[0, 0, 128, 82, 0, 0, 0, 0]"
609.200151,33929312,"[0, 0, 0, 0, 0, 64, 0, 0]"
609.200877,84159684,"[6, 0, 184, 220, 255, 63, 229, 38]"
609.201541,84159691,"[2, 0, 208, 201, 255, 127, 78, 38]"
609.202224,352596180,"[241, 31, 7, 208, 1, 0, 0, 5]"
609.202928,84159690,"[1, 0, 200, 239, 255, 191, 126, 39]"
609.203614,33827926,"[0, 0, 0, 98, 0, 16, 5, 0]"
609.204311,134551553,"[0, 0, 0, 0, 0, 0, 0, 192]"
609.204993,134551617,"[0, 0, 0, 64, 0, 0, 0, 0]"
609.205701,33827911,"[0, 0, 0, 226, 0, 16, 0, 0]"
609.206384,33929311,"[0, 0, 0, 0, 0, 64, 0, 0]"
609.20708,33827908,"[0, 0, 0, 98, 0, 16, 18, 0]"
609.207759,33827905,"[0, 0, 0, 98, 0, 16, 0, 0]"
609.208456,33827909,"[0, 0, 0, 98, 0, 16, 10, 0]"
609.209138,84159692,"[2, 0, 24, 208, 255, 255, 128, 38]"
609.209795,33929248,"[0, 0, 249, 6, 0, 24, 64, 0]"
609.210478,84159684,"[7, 0, 176, 220, 255, 191, 229, 38]"
609.211181,84159691,"[2, 0, 200, 201, 255, 127, 78, 38]"
609.211876,352595220,"[1, 0, 0, 144, 0, 9, 128, 1]"
609.212565,84159690,"[4, 0, 208, 239, 255, 191, 126, 39]"
609.213249,33827926,"[0, 0, 0, 98, 0, 16, 1, 0]"
609.213956,33828310,"[0, 0, 0, 147, 0, 0, 0, 0]"
609.214645,84211725,"[245, 185, 230, 237, 185, 84, 0, 0]"
609.215344,33880068,"[9, 121, 161, 134, 42, 108, 0, 0]"
609.216022,33834823,"[0, 0, 0, 0, 0, 3, 128, 0]"
609.216718,84159693,"[0, 0, 152, 207, 255, 127, 123, 38]"
609.217403,33828167,"[244, 127, 0, 192, 90, 20, 25, 20]"
609.218102,33827908,"[0, 0, 0, 98, 0, 16, 7, 0]"
609.218784,33828164,"[252, 127, 0, 192, 90, 19, 24, 21]"
609.219483,33828161,"[246, 127, 0, 0, 91, 18, 24, 21]"
609.220168,33828487,"[8, 0, 0, 0, 0, 0, 0, 0]"
609.220875,33828484,"[8, 0, 0, 0, 0, 0, 0, 0]"
609.221556,33828417,"[0, 0, 0, 0, 0, 0, 0, 128]"
609.222248,33828931,"[0, 243, 199, 46, 0, 0, 0, 0]"
609.222941,33834821,"[0, 0, 0, 0, 0, 3, 128, 0]"
609.223636,33828418,"[0, 0, 0, 0, 0, 0, 0, 128]"
609.224336,33827909,"[0, 0, 0, 98, 0, 16, 2, 0]"
609.225007,33844168,"[0, 0, 0, 0, 1, 26, 19, 0]"
609.225695,33828293,"[0, 0, 128, 82, 0, 0, 0, 0]"
609.226395,33828357,"[0, 0, 0, 0, 0, 0, 0, 128]"
609.227077,33827908,"[0, 0, 0, 98, 0, 16, 20, 0]"
609.22777,33827906,"[0, 0, 0, 98, 0, 16, 247, 255]"
609.228453,33828422,"[0, 0, 0, 0, 0, 0, 0, 128]"
609.229171,33828486,"[8, 0, 0, 0, 0, 0, 0, 0]"
609.229876,33828549,"[0, 0, 4, 0, 0, 0, 0, 0]"
609.230555,33828314,"[0, 0, 192, 162, 0, 0, 0, 0]"
609.231229,33929246,"[0, 0, 245, 6, 0, 22, 64, 0]"
609.231927,33828552,"[0, 0, 4, 0, 0, 0, 0, 0]"
609.232612,33929312,"[0, 0, 0, 0, 0, 64, 0, 0]"
609.233317,84159692,"[2, 0, 24, 208, 255, 255, 128, 38]"
609.234013,33828310,"[0, 0, 0, 147, 0, 0, 0, 0]"
609.234706,134551553,"[0, 0, 0, 0, 0, 0, 0, 192]"
609.235396,352595220,"[1, 0, 0, 144, 0, 9, 128, 1]"
609.236093,33827911,"[0, 0, 0, 226, 0, 16, 34, 0]"
609.236778,33827912,"[0, 0, 0, 98, 0, 16, 241, 255]"
609.237476,33827905,"[0, 0, 0, 98, 0, 16, 16, 0]"
609.238165,33929246,"[0, 0, 244, 6, 0, 22, 64, 0]"
609.238876,33828293,"[0, 0, 128, 82, 0, 0, 0, 0]"
609.239548,33929248,"[0, 0, 249, 6, 0, 24, 64, 0]"
609.240244,33929312,"[0, 0, 0, 0, 0, 64, 0, 0]"
609.240949,84159691,"[2, 0, 200, 201, 255, 191, 78, 38]"
609.241642,352611284,"[0, 0, 0, 0, 1, 26, 19, 0]"
609.242325,352596180,"[241, 31, 7, 208, 1, 0, 0, 5]"
609.243021,352596692,"[1, 0, 4, 0, 1, 0, 0, 0]"
609.243714,84159690,"[0, 0, 200, 239, 255, 127, 126, 39]"
609.244411,352596884,"[203, 255, 95, 0, 114, 2, 0, 0]"
609.245093,134551553,"[0, 0, 0, 0, 0, 0, 0, 192]"
609.245786,134551617,"[0, 0, 0, 64, 0, 0, 0, 0]"
609.246469,134551745,"[0, 0, 0, 3, 0, 0, 2, 0]"
609.247173,33827908,"[0, 0, 0, 98, 0, 16, 28, 0]"
609.24787,33827905,"[0, 0, 0, 98, 0, 16, 12, 0]"
609.248563,33827930,"[0, 0, 0, 226, 0, 16, 27, 0]"
609.249252,33929248,"[0, 0, 249, 6, 0, 24, 64, 0]"
609.24995,84159684,"[252, 255, 167, 220, 255, 191, 229, 38]"
609.250628,84159691,"[0, 0, 200, 201, 255, 127, 78, 38]"
609.251325,33880065,"[19, 57, 69, 23, 25, 184, 0, 0]"
609.252007,352595220,"[2, 0, 0, 144, 0, 9, 128, 1]"
609.252708,84159690,"[7, 0, 200, 239, 255, 63, 126, 39]"
609.253405,33827926,"[0, 0, 0, 98, 0, 16, 247, 255]"
609.254101,33828310,"[0, 0, 0, 147, 0, 0, 0, 0]"
609.254782,33827911,"[0, 0, 0, 226, 0, 16, 24, 0]"
609.255479,33828295,"[0, 0, 192, 26, 255, 255, 0, 0]"
609.256161,33929247,"[0, 0, 244, 6, 0, 23, 64, 0]"
609.256863,33827912,"[0, 0, 0, 98, 0, 16, 249, 255]"
609.257544,33828294,"[28, 0, 32, 191, 255, 255, 0, 0]"
609.258243,33929246,"[0, 0, 245, 6, 0, 22, 64, 0]"
609.258922,33828290,"[8, 0, 96, 64, 255, 255, 0, 0]"
609.259639,33828314,"[0, 0, 192, 162, 0, 0, 0, 0]"
609.260324,33929312,"[0, 0, 0, 0, 0, 64, 0, 0]"
609.261016,84159691,"[2, 0, 200, 201, 255, 127, 78, 38]"
609.261705,352595220,"[2, 0, 0, 144, 0, 9, 128, 1]"
609.262405,352596180,"[241, 31, 7, 208, 1, 0, 0, 5]"
609.263089,84159690,"[3, 0, 200, 239, 255, 191, 126, 39]"
609.26386,33827926,"[0, 0, 0, 98, 0, 16, 251, 255]"
609.264485,134551553,"[0, 0, 0, 0, 0, 0, 0, 192]"
609.265099,134551617,"[0, 0, 0, 64, 0, 0, 0, 0]"
609.265646,33827911,"[0, 0, 0, 226, 0, 16, 31, 0]"
609.266196,33929311,"[0, 0, 0, 0, 0, 64, 0, 0]"
609.266737,33827908,"[0, 0, 0, 98, 0, 16, 29, 0]"
609.267302,33827905,"[0, 0, 0, 98, 0, 16, 14, 0]"
609.26786,33929310,"[0, 0, 0, 0, 0, 64, 0, 0]"
609.268435,33827930,"[0, 0, 0, 226, 0, 16, 5, 0]"
609.269432,33929248,"[0, 0, 249, 6, 0, 24, 64, 0]"
609.270123,84159684,"[8, 0, 184, 220, 255, 127, 229, 38]"
609.270756,84159691,"[2, 0, 200, 201, 255, 127, 78, 38]"
609.271448,352595220,"[2, 0, 0, 144, 0, 9, 128, 1]"
609.272075,84159690,"[10, 0, 208, 239, 255, 191, 126, 39]"
609.272764,33827926,"[0, 0, 0, 98, 0, 16, 253, 255]"
609.273396,33828310,"[0, 0, 0, 147, 0, 0, 0, 0]"
609.274548,33827911,"[0, 0, 0, 226, 0, 16, 8, 0]"
609.274718,33828295,"[0, 0, 192, 26, 255, 255, 0, 0]"
609.275418,33929247,"[0, 0, 244, 6, 0, 23, 64, 0]"
609.276043,84159693,"[0, 0, 152, 207, 255, 127, 123, 38]"
609.276743,33827912,"[0, 0, 0, 98, 0, 16, 242, 255]"
609.277361,33827906,"[0, 0, 0, 98, 0, 16, 250, 255]"
609.27805,33929246,"[0, 0, 246, 6, 0, 22, 64, 0]"
609.278679,33827930,"[0, 0, 0, 226, 0, 16, 231, 255]"
609.279376,33828293,"[0, 0, 128, 82, 0, 0, 0, 0]"
609.279993,84159692,"[1, 0, 24, 208, 255, 255, 128, 38]"
609.280686,84159684,"[5, 0, 176, 220, 255, 127, 229, 38]"
609.281305,84159691,"[2, 0, 200, 201, 255, 191, 78, 38]"
609.282001,352596180,"[241, 31, 7, 208, 1, 0, 0, 5]"
609.282629,84159690,"[3, 0, 208, 239, 255, 191, 126, 39]"
609.283334,33827926,"[0, 0, 0, 98, 0, 16, 253, 255]"
609.283958,134551553,"[0, 0, 0, 0, 0, 0, 0, 192]"
609.284651,134551617,"[0, 0, 0, 64, 0, 0, 0, 0]"
609.285268,33827911,"[0, 0, 0, 226, 0, 16, 10, 0]"
609.285965,134551681,"[0, 4, 32, 0, 0, 0, 0, 0]"
609.286594,134551745,"[0, 0, 0, 3, 0, 0, 2, 0]"
609.287276,134551809,"[135, 6, 144, 128, 0, 28, 0, 0]"
609.28798,33827905,"[0, 0, 0, 98, 0, 16, 247, 255]"
609.288659,33827930,"[0, 0, 0, 226, 0, 16, 12, 0]"
609.289327,33929248,"[0, 0, 249, 6, 0, 24, 64, 0]"
609.289945,84159684,"[0, 0, 168, 220, 255, 127, 229, 38]"
609.290645,84159691,"[17, 0, 208, 201, 255, 191, 78, 38]"
609.291357,352595220,"[2, 0, 0, 144, 0, 9, 128, 1]"
609.291987,84159690,"[210, 255, 207, 239, 255, 127, 126, 39]"
609.292671,33827926,"[0, 0, 0, 98, 0, 16, 251, 255]"
609.293361,33828310,"[0, 0, 0, 147, 0, 0, 0, 0]"
609.294548,33827911,"[0, 0, 0, 226, 0, 16, 18, 0]"
609.29474,33828295,"[0, 0, 192, 26, 255, 255, 0, 0]"
609.295426,33929247,"[0, 0, 244, 6, 0, 23, 64, 0]"
609.296115,84159693,"[0, 0, 152, 207, 255, 127, 123, 38]"
609.296848,33827912,"[0, 0, 0, 98, 0, 16, 244, 255]"
609.297491,33827905,"[0, 0, 0, 98, 0, 16, 250, 255]"
609.298173,33929246,"[0, 0, 245, 6, 0, 22, 64, 0]"
609.29887,33827930,"[0, 0, 0, 226, 0, 16, 33, 0]"
609.299549,33828314,"[0, 0, 192, 162, 0, 0, 0, 0]"
609.300245,33929312,"[0, 0, 0, 0, 0, 64, 0, 0]"
609.300928,84159684,"[1, 0, 168, 220, 255, 63, 229, 38]"
609.301623,352595220,"[3, 0, 0, 144, 0, 9, 128, 1]"
