timestamp,model,device_type,mfg,id,api,data
1759.596696,Unknown Device,2,4,3,181,"[252, 127, 0, 192, 83, 19, 26, 24]"
1759.597271,Unknown Device,1,1,0,97,"[112, 153, 74, 252, 0, 0, 0, 255]"
1759.597842,Unknown Device,2,4,3,183,"[0, 0, 224, 251, 255, 255, 0, 0]"
1759.598467,Unknown Device,2,5,5,738,"[246, 124, 160, 51, 0, 0, 0, 128]"
1759.599028,Unknown Device,2,4,3,185,"[0, 0, 0, 0, 0, 0, 0, 128]"
1759.599569,Unknown Device,2,4,3,187,"[0, 0, 4, 0, 0, 0, 0, 0]"
1759.600101,Unknown,Unknown,Unknown,Unknown,997,"[42, 69, 108, 101, 99, 116, 114, 111]"
1759.600707,Unknown Device,2,4,4,177,"[0, 0, 0, 98, 0, 16, 1, 0]"
1759.601296,Unknown Device,2,4,2,177,"[0, 0, 0, 98, 0, 16, 233, 255]"
1759.601873,Unknown Device,2,5,9,736,"[0, 0, 153, 6, 0, 23, 32, 0]"
1759.602448,Unknown Device,21,4,20,180,"[8, 0, 0, 80, 255, 8, 128, 1]"
1759.603027,Unknown Device,2,4,3,177,"[0, 0, 0, 226, 0, 16, 14, 0]"
1759.604527,Unknown,Unknown,Unknown,Unknown,997,"[43, 110, 105, 99, 115, 0, 0, 0]"
1759.604684,Unknown Device,8,5,21,96,"[0, 0, 0, 0, 0, 0, 0, 0]"
1759.604828,Unknown Device,8,5,21,97,"[0, 0, 0, 0, 0, 0, 0, 192]"
1759.605326,Unknown Device,8,5,21,98,"[0, 0, 0, 64, 0, 0, 0, 192]"
1759.606032,Unknown Device,8,5,21,99,"[0, 0, 112, 0, 0, 0, 0, 240]"
1759.606551,Unknown Device,8,5,21,100,"[37, 38, 24, 250, 0, 192, 125, 0]"
1759.607172,Unknown Device,2,5,0,96,"[0, 0, 0, 0, 128, 3, 16, 0]"
1759.607782,Unknown Device,2,5,7,736,"[0, 0, 124, 6, 0, 24, 48, 0]"
1759.608406,Unknown Device,2,5,7,738,"[0, 0, 0, 128, 0, 0, 0, 128]"
1759.60903,Unknown Device,2,5,0,736,"[0, 0, 169, 6, 0, 24, 0, 0]"
1759.609628,Unknown Device,2,4,4,177,"[0, 0, 0, 98, 0, 16, 248, 255]"
1759.610229,Unknown,Unknown,Unknown,Unknown,997,"[44, 0, 0, 0, 0, 0, 0, 0]"
1759.610846,Unknown Device,2,4,4,183,"[0, 0, 224, 8, 0, 0, 0, 0]"
1759.611454,Unknown Device,2,4,2,183,"[0, 0, 64, 7, 0, 0, 0, 0]"
1759.612076,Unknown Device,2,5,9,736,"[0, 0, 151, 6, 0, 23, 32, 0]"
1759.612686,Unknown Device,2,4,1,183,"[0, 0, 128, 248, 255, 255, 0, 0]"
1759.613308,Unknown Device,21,4,20,285,"[0, 0, 0, 0, 0, 96, 4, 0]"
1759.613911,Unknown Device,21,4,20,196,"[34, 1, 211, 0, 32, 127, 0, 0]"
1759.614533,Unknown Device,2,4,3,183,"[0, 0, 224, 251, 255, 255, 0, 0]"
1759.615134,Unknown Device,21,4,20,205,"[0, 0, 0, 0, 0, 0, 0, 0]"
1759.615758,Unknown Device,2,5,0,100,"[0, 0, 0, 0, 0, 0, 0, 0]"
1759.616358,Unknown Device,2,5,10,736,"[0, 0, 168, 6, 0, 23, 32, 0]"
1759.61703,Unknown Device,2,5,0,96,"[0, 0, 0, 0, 128, 3, 16, 0]"
1759.617579,Unknown Device,2,5,0,99,"[0, 0, 0, 0, 0, 0, 0, 0]"
1759.618197,Unknown Device,1,1,0,97,"[112, 153, 74, 252, 0, 0, 0, 255]"
1759.619474,Unknown Device,2,4,4,177,"[0, 0, 0, 98, 0, 16, 236, 255]"
1759.619604,Unknown,Unknown,Unknown,Unknown,997,"[46, 19, 170, 170, 170, 170, 170, 170]"
1759.620027,Unknown Device,2,4,2,177,"[0, 0, 0, 98, 0, 16, 232, 255]"
1759.620643,Unknown Device,2,4,1,177,"[0, 0, 0, 226, 0, 16, 234, 255]"
1759.621247,Unknown Device,2,5,9,736,"[0, 0, 152, 6, 0, 23, 32, 0]"
1759.621875,Unknown Device,21,4,20,180,"[8, 0, 0, 80, 255, 8, 128, 1]"
1759.622482,Unknown Device,2,5,0,103,"[0, 0, 0, 0, 0, 0, 0, 0]"
1759.6231,Unknown Device,2,4,3,177,"[0, 0, 0, 226, 0, 16, 249, 255]"
1759.623702,Unknown Device,0,4,63,1,"[52, 94, 170, 125, 113, 227, 211, 30]"
1759.624659,Unknown Device,8,5,21,96,"[0, 0, 0, 0, 0, 0, 0, 0]"
1759.624916,Unknown Device,2,5,8,737,"[0, 0, 0, 0, 0, 64, 0, 0]"
1759.625542,Unknown Device,2,5,10,737,"[0, 0, 0, 0, 0, 64, 0, 0]"
1759.626138,Unknown Device,8,5,21,97,"[0, 0, 0, 0, 0, 0, 0, 192]"
1759.626751,Unknown Device,8,5,21,100,"[37, 38, 24, 250, 0, 192, 125, 0]"
1759.627355,Unknown Device,2,5,0,96,"[0, 0, 0, 0, 128, 3, 16, 0]"
1759.628031,Unknown,Unknown,Unknown,Unknown,996,"[1, 187, 170, 170, 170, 170, 170, 170]"
1759.628579,Unknown Device,2,5,7,736,"[0, 0, 124, 6, 0, 24, 48, 0]"
1759.629198,Unknown,Unknown,Unknown,Unknown,997,"[6, 251, 1, 163, 115, 5, 0, 170]"
1759.629804,Unknown Device,2,5,7,738,"[0, 0, 0, 128, 0, 0, 0, 128]"
1759.630422,Unknown Device,2,5,0,736,"[0, 0, 168, 6, 0, 24, 0, 0]"
1759.631033,Unknown Device,2,5,8,736,"[0, 0, 169, 6, 0, 24, 48, 0]"
1759.631653,Unknown Device,2,5,9,738,"[0, 0, 0, 0, 236, 140, 136, 63]"
1759.63225,Unknown Device,2,5,9,736,"[0, 0, 152, 6, 0, 23, 32, 0]"
1759.632834,Unknown Device,2,5,6,738,"[0, 0, 0, 128, 0, 0, 0, 128]"
1759.633438,Unknown Device,21,4,20,195,"[241, 159, 6, 192, 253, 3, 0, 5]"
1759.634049,Unknown Device,2,4,3,177,"[0, 0, 0, 226, 0, 16, 7, 0]"
1759.635026,Unknown Device,2,4,3,183,"[0, 0, 224, 251, 255, 255, 0, 0]"
1759.636277,Unknown Device,2,5,0,97,"[0, 0, 0, 0, 30, 51, 6, 0]"
1759.636747,Unknown Device,2,5,10,736,"[0, 0, 168, 6, 0, 23, 32, 0]"
1759.637243,Unknown Device,2,5,0,96,"[0, 0, 0, 0, 128, 3, 16, 0]"
1759.637655,Unknown,Unknown,Unknown,Unknown,996,"[1, 200, 170, 170, 170, 170, 170, 170]"
1759.638165,Unknown,Unknown,Unknown,Unknown,997,"[16, 12, 8, 0, 9, 70, 76, 32]"
1759.638713,Unknown Device,1,1,0,97,"[112, 153, 74, 252, 0, 0, 0, 255]"
1759.639401,Unknown Device,2,4,4,177,"[0, 0, 0, 98, 0, 16, 242, 255]"
1759.639892,Unknown Device,2,4,2,177,"[0, 0, 0, 98, 0, 16, 243, 255]"
1759.640581,Unknown Device,2,4,1,177,"[0, 0, 0, 226, 0, 16, 248, 255]"
1759.6411,Unknown Device,2,5,9,736,"[0, 0, 152, 6, 0, 23, 32, 0]"
1759.641711,Unknown Device,21,4,20,180,"[8, 0, 0, 80, 255, 8, 128, 1]"
1759.642383,Unknown Device,2,4,3,177,"[0, 0, 0, 226, 0, 16, 22, 0]"
1759.6429,Unknown,Unknown,Unknown,Unknown,996,"[48, 0, 5, 170, 170, 170, 170, 170]"
1759.644657,Unknown Device,8,5,21,96,"[0, 0, 0, 0, 0, 0, 0, 0]"
1759.644801,Unknown Device,8,5,21,97,"[0, 0, 0, 0, 0, 0, 0, 192]"
1759.644945,Unknown Device,8,5,21,98,"[0, 0, 0, 64, 0, 0, 0, 192]"
1759.645257,Unknown Device,8,5,21,99,"[0, 0, 112, 0, 0, 0, 0, 240]"
1759.645877,Unknown Device,8,5,21,100,"[37, 38, 24, 250, 0, 192, 125, 0]"
1759.646476,Unknown Device,2,5,0,96,"[0, 0, 0, 0, 128, 3, 16, 0]"
1759.64719,Unknown Device,2,5,7,736,"[0, 0, 124, 6, 0, 24, 48, 0]"
1759.648195,Unknown Device,2,5,7,738,"[0, 0, 0, 128, 0, 0, 0, 128]"
1759.648559,Unknown,Unknown,Unknown,Unknown,997,"[33, 75, 114, 97, 107, 101, 110, 170]"
1759.648934,Unknown Device,2,5,0,736,"[0, 0, 168, 6, 0, 24, 0, 0]"
1759.649553,Unknown Device,2,4,4,177,"[0, 0, 0, 98, 0, 16, 1, 0]"
1759.650155,Unknown Device,2,4,4,183,"[0, 0, 224, 8, 0, 0, 0, 0]"
1759.65075,Unknown Device,2,5,8,736,"[0, 0, 169, 6, 0, 24, 48, 0]"
1759.651288,Unknown Device,2,5,8,738,"[0, 0, 0, 128, 0, 0, 0, 128]"
1759.651919,Unknown Device,2,5,9,736,"[0, 0, 152, 6, 0, 23, 32, 0]"
1759.65252,Unknown Device,2,5,6,736,"[0, 0, 161, 6, 0, 24, 48, 0]"
1759.653149,Unknown Device,2,5,5,736,"[0, 0, 133, 6, 0, 24, 48, 0]"
1759.653759,Unknown Device,2,4,3,177,"[0, 0, 0, 226, 0, 16, 37, 0]"
1759.654381,Unknown Device,2,4,3,183,"[0, 0, 224, 251, 255, 255, 0, 0]"
1759.655031,Unknown Device,2,5,0,97,"[0, 0, 0, 0, 30, 50, 6, 0]"
1759.655613,Unknown Device,2,5,0,100,"[0, 0, 0, 0, 0, 0, 0, 0]"
1759.656214,Unknown Device,2,5,10,736,"[0, 0, 168, 6, 0, 23, 32, 0]"
1759.656824,Unknown,Unknown,Unknown,Unknown,996,"[2, 62, 0, 170, 170, 170, 170, 170]"
1759.657333,Unknown Device,2,5,0,96,"[0, 0, 0, 0, 128, 3, 16, 0]"
1759.658808,Unknown Device,1,1,0,97,"[112, 153, 74, 252, 0, 0, 0, 255]"
1759.659455,Unknown Device,2,4,4,177,"[0, 0, 0, 98, 0, 16, 247, 255]"
1759.659781,Unknown Device,2,4,2,177,"[0, 0, 0, 98, 0, 16, 225, 255]"
1759.660431,Unknown Device,2,4,1,177,"[0, 0, 0, 226, 0, 16, 227, 255]"
1759.6607,Unknown Device,2,5,9,736,"[0, 0, 152, 6, 0, 23, 32, 0]"
1759.661465,Unknown Device,21,4,20,180,"[8, 0, 0, 80, 255, 8, 128, 1]"
1759.661665,Unknown,Unknown,Unknown,Unknown,996,"[1, 176, 170, 170, 170, 170, 170, 170]"
1759.662133,Unknown,Unknown,Unknown,Unknown,997,"[16, 98, 240, 26, 1, 1, 0, 253]"
1759.662607,Unknown Device,2,4,3,177,"[0, 0, 0, 226, 0, 16, 24, 0]"
1759.664653,Unknown Device,8,5,21,96,"[0, 0, 0, 0, 0, 0, 0, 0]"
1759.664805,Unknown Device,8,5,21,97,"[0, 0, 0, 0, 0, 0, 0, 192]"
1759.664949,Unknown Device,8,5,21,98,"[0, 0, 0, 64, 0, 0, 0, 192]"
1759.665097,Unknown Device,8,5,21,99,"[0, 0, 112, 0, 0, 0, 0, 240]"
1759.66534,Unknown Device,8,5,21,100,"[40, 38, 24, 250, 0, 192, 125, 0]"
1759.667285,Unknown Device,0,4,63,1,"[52, 94, 169, 121, 219, 179, 255, 193]"
1759.667726,Unknown Device,2,5,0,96,"[0, 0, 0, 0, 128, 3, 16, 0]"
1759.668093,Unknown Device,2,5,7,736,"[0, 0, 124, 6, 0, 24, 48, 0]"
1759.668433,Unknown,Unknown,Unknown,Unknown,996,"[48, 0, 5, 170, 170, 170, 170, 170]"
1759.668758,Unknown Device,2,5,7,738,"[0, 0, 0, 128, 0, 0, 0, 128]"
1759.66906,Unknown Device,2,5,0,736,"[0, 0, 169, 6, 0, 24, 0, 0]"
1759.669535,Unknown Device,2,4,4,177,"[0, 0, 0, 98, 0, 16, 242, 255]"
1759.669684,Unknown Device,2,5,9,738,"[0, 0, 0, 0, 236, 140, 136, 63]"
1759.66994,Unknown Device,2,4,4,183,"[0, 0, 224, 8, 0, 0, 0, 0]"
1759.670177,Unknown Device,2,4,2,177,"[0, 0, 0, 98, 0, 16, 240, 255]"
1759.670409,Unknown Device,2,5,8,736,"[0, 0, 169, 6, 0, 24, 48, 0]"
1759.670685,Unknown Device,2,4,2,183,"[0, 0, 64, 7, 0, 0, 0, 0]"
1759.670946,Unknown Device,2,5,8,738,"[0, 0, 0, 128, 0, 0, 0, 128]"
1759.671176,Unknown Device,2,5,9,736,"[0, 0, 152, 6, 0, 23, 32, 0]"
1759.671408,Unknown Device,2,4,1,183,"[0, 0, 128, 248, 255, 255, 0, 0]"
1759.671662,Unknown Device,2,5,6,736,"[0, 0, 161, 6, 0, 24, 48, 0]"
1759.67193,Unknown Device,2,5,6,738,"[0, 0, 0, 128, 0, 0, 0, 128]"
1759.67216,Unknown Device,21,4,20,195,"[241, 159, 6, 192, 253, 3, 0, 5]"
1759.672414,Unknown Device,2,5,5,737,"[0, 0, 0, 0, 0, 64, 0, 0]"
1759.672668,Unknown Device,2,5,5,738,"[246, 124, 160, 51, 0, 0, 0, 128]"
1759.6729,Unknown Device,2,4,3,177,"[0, 0, 0, 226, 0, 16, 15, 0]"
1759.67318,Unknown Device,2,4,3,183,"[0, 0, 224, 251, 255, 255, 0, 0]"
1759.673765,Unknown,Unknown,Unknown,Unknown,997,"[33, 0, 0, 42, 1, 0, 25, 0]"
1759.67405,Unknown Device,2,5,0,97,"[0, 0, 0, 0, 30, 51, 6, 0]"
1759.674285,Unknown Device,2,5,0,98,"[0, 0, 0, 0, 0, 0, 0, 0]"
1759.674546,Unknown Device,2,5,0,100,"[0, 0, 0, 0, 0, 0, 0, 0]"
1759.674841,Unknown Device,2,5,10,736,"[0, 0, 169, 6, 0, 23, 32, 0]"
1759.676025,Unknown Device,2,5,0,96,"[0, 0, 0, 0, 128, 3, 16, 0]"
1759.6779,Unknown,Unknown,Unknown,Unknown,997,"[34, 9, 10, 233, 7, 3, 4, 30]"
1759.679401,Unknown Device,2,4,4,177,"[0, 0, 0, 98, 0, 16, 238, 255]"
1759.679701,Unknown Device,1,1,0,97,"[112, 153, 74, 252, 0, 0, 0, 255]"
1759.679845,Unknown Device,2,4,2,177,"[0, 0, 0, 98, 0, 16, 231, 255]"
1759.680448,Unknown Device,2,4,1,177,"[0, 0, 0, 226, 0, 16, 248, 255]"
1759.680663,Unknown Device,2,5,9,736,"[0, 0, 153, 6, 0, 23, 32, 0]"
1759.683065,Unknown Device,21,4,20,180,"[8, 0, 0, 80, 255, 8, 128, 1]"
1759.683801,Unknown Device,2,4,3,177,"[0, 0, 0, 226, 0, 16, 14, 0]"
1759.68434,Unknown,Unknown,Unknown,Unknown,997,"[35, 4, 0, 0, 0, 128, 0, 224]"
1759.684866,Unknown Device,8,5,21,96,"[0, 0, 0, 0, 0, 0, 0, 0]"
1759.685377,Unknown Device,8,5,21,97,"[0, 0, 0, 0, 0, 0, 0, 192]"
1759.685904,Unknown Device,8,5,21,98,"[0, 0, 0, 64, 0, 0, 0, 192]"
1759.686414,Unknown Device,8,5,21,100,"[40, 38, 24, 250, 0, 192, 125, 0]"
1759.686934,Unknown Device,2,5,0,96,"[0, 0, 0, 0, 128, 3, 16, 0]"
1759.687399,Unknown Device,2,5,7,736,"[0, 0, 124, 6, 0, 24, 48, 0]"
1759.687907,Unknown,Unknown,Unknown,Unknown,997,"[36, 171, 0, 106, 25, 14, 0, 84]"
1759.688415,Unknown Device,2,5,7,738,"[0, 0, 0, 128, 0, 0, 0, 128]"
1759.688922,Unknown Device,2,5,0,736,"[0, 0, 168, 6, 0, 24, 0, 0]"
1759.689435,Unknown Device,2,4,4,177,"[0, 0, 0, 98, 0, 16, 244, 255]"
1759.689944,Unknown Device,2,4,4,183,"[0, 0, 224, 8, 0, 0, 0, 0]"
1759.690404,Unknown Device,2,5,8,736,"[0, 0, 170, 6, 0, 24, 48, 0]"
1759.691029,Unknown Device,2,4,2,177,"[0, 0, 0, 98, 0, 16, 246, 255]"
1759.691736,Unknown Device,2,5,9,738,"[0, 0, 0, 0, 236, 140, 136, 63]"
1759.692249,Unknown Device,2,5,9,736,"[0, 0, 152, 6, 0, 23, 32, 0]"
1759.692718,Unknown Device,21,4,20,195,"[241, 159, 6, 192, 253, 3, 0, 5]"
1759.693226,Unknown Device,2,5,5,738,"[246, 124, 160, 51, 0, 0, 0, 128]"
1759.693702,Unknown Device,2,4,3,183,"[0, 0, 224, 251, 255, 255, 0, 0]"
1759.694218,Unknown,Unknown,Unknown,Unknown,997,"[37, 97, 108, 111, 110, 32, 70, 88]"
1759.69468,Unknown Device,2,5,0,97,"[0, 0, 0, 0, 30, 51, 6, 0]"
1759.695154,Unknown Device,2,5,0,98,"[0, 0, 0, 0, 0, 0, 0, 0]"
1759.695665,Unknown Device,2,5,0,100,"[0, 0, 0, 0, 0, 0, 0, 0]"
1759.696174,Unknown Device,2,5,10,736,"[0, 0, 169, 6, 0, 23, 32, 0]"
1759.696699,Unknown Device,2,5,0,96,"[0, 0, 0, 0, 128, 3, 16, 0]"
1759.697895,Unknown,Unknown,Unknown,Unknown,997,"[38, 32, 118, 101, 114, 115, 46, 32]"
1759.698191,Unknown Device,2,5,7,737,"[0, 0, 0, 0, 0, 64, 0, 0]"
1759.699409,Unknown Device,2,4,4,177,"[0, 0, 0, 98, 0, 16, 246, 255]"
1759.69977,Unknown Device,2,4,2,177,"[0, 0, 0, 98, 0, 16, 249, 255]"
1759.700404,Unknown Device,2,4,1,177,"[0, 0, 0, 226, 0, 16, 235, 255]"
1759.700653,Unknown Device,1,1,0,97,"[112, 153, 202, 252, 0, 0, 0, 255]"
1759.700781,Unknown Device,2,5,9,736,"[0, 0, 152, 6, 0, 23, 32, 0]"
1759.701288,Unknown Device,21,4,20,180,"[8, 0, 0, 80, 255, 8, 128, 1]"
1759.702267,Unknown Device,2,4,3,177,"[0, 0, 0, 226, 0, 16, 6, 0]"
1759.702854,Unknown,Unknown,Unknown,Unknown,997,"[39, 67, 0, 0, 0, 0, 0, 0]"
1759.704655,Unknown Device,8,5,21,96,"[0, 0, 0, 0, 0, 0, 0, 0]"
1759.704798,Unknown Device,8,5,21,97,"[0, 0, 0, 0, 0, 0, 0, 192]"
1759.70494,Unknown Device,8,5,21,98,"[0, 0, 0, 64, 0, 0, 0, 192]"
1759.705096,Unknown Device,8,5,21,99,"[0, 0, 112, 0, 0, 0, 0, 240]"
1759.705238,Unknown Device,8,5,21,100,"[40, 38, 24, 250, 0, 192, 125, 0]"
1759.70602,Unknown Device,2,5,0,96,"[0, 0, 0, 0, 128, 3, 16, 0]"
1759.70719,Unknown Device,2,5,7,736,"[0, 0, 124, 6, 0, 24, 48, 0]"
1759.707328,Unknown Device,0,4,63,1,"[52, 94, 170, 126, 252, 212, 95, 58]"
1759.707863,Unknown,Unknown,Unknown,Unknown,997,"[40, 0, 0, 0, 0, 0, 0, 0]"
1759.708182,Unknown Device,2,5,7,738,"[0, 0, 0, 128, 0, 0, 0, 128]"
1759.708788,Unknown Device,2,5,0,736,"[0, 0, 169, 6, 0, 24, 0, 0]"
1759.709463,Unknown Device,2,4,4,177,"[0, 0, 0, 98, 0, 16, 230, 255]"
1759.709649,Unknown Device,2,4,4,183,"[0, 0, 224, 8, 0, 0, 0, 0]"
1759.709793,Unknown Device,2,4,2,177,"[0, 0, 0, 98, 0, 16, 245, 255]"
1759.709931,Unknown Device,2,5,8,736,"[0, 0, 169, 6, 0, 24, 48, 0]"
1759.710079,Unknown Device,2,4,2,183,"[0, 0, 64, 7, 0, 0, 0, 0]"
1759.710223,Unknown Device,2,5,8,738,"[0, 0, 0, 128, 0, 0, 0, 128]"
1759.710389,Unknown Device,2,5,9,738,"[0, 0, 0, 0, 236, 140, 136, 63]"
1759.710519,Unknown Device,2,4,1,177,"[0, 0, 0, 226, 0, 16, 248, 255]"
1759.710826,Unknown Device,2,5,9,736,"[0, 0, 152, 6, 0, 23, 32, 0]"
1759.711258,Unknown Device,2,4,1,183,"[0, 0, 128, 248, 255, 255, 0, 0]"
1759.711655,Unknown Device,2,5,6,736,"[0, 0, 160, 6, 0, 24, 48, 0]"
1759.712094,Unknown Device,2,5,6,738,"[0, 0, 0, 128, 0, 0, 0, 128]"
1759.712484,Unknown Device,21,4,20,195,"[241, 95, 6, 192, 253, 3, 0, 5]"
1759.712874,Unknown Device,21,4,20,196,"[36, 1, 206, 0, 32, 127, 0, 0]"
1759.71327,Unknown Device,2,4,3,177,"[0, 0, 0, 226, 0, 16, 8, 0]"
1759.713667,Unknown Device,2,4,3,183,"[0, 0, 224, 251, 255, 255, 0, 0]"
1759.71407,Unknown,Unknown,Unknown,Unknown,997,"[41, 0, 0, 0, 67, 84, 82, 32]"
1759.714424,Unknown Device,2,5,0,97,"[0, 0, 0, 0, 30, 50, 6, 0]"
1759.714865,Unknown Device,2,5,0,98,"[0, 0, 0, 0, 0, 0, 0, 0]"
1759.71526,Unknown Device,2,5,0,100,"[0, 0, 0, 0, 0, 0, 0, 0]"
1759.715687,Unknown Device,2,5,10,736,"[0, 0, 167, 6, 0, 23, 32, 0]"
1759.716082,Unknown Device,2,5,0,96,"[0, 0, 0, 0, 128, 3, 16, 0]"
1759.717025,Unknown Device,2,5,0,99,"[0, 0, 0, 0, 0, 0, 0, 0]"
1759.71788,Unknown,Unknown,Unknown,Unknown,997,"[42, 69, 108, 101, 99, 116, 114, 111]"
1759.718029,Unknown Device,2,5,0,101,"[0, 0, 0, 0, 0, 0, 16, 0]"
1759.719401,Unknown Device,2,4,4,177,"[0, 0, 0, 98, 0, 16, 245, 255]"
1759.719765,Unknown Device,2,4,2,177,"[0, 0, 0, 98, 0, 16, 14, 0]"
1759.720028,Unknown Device,2,5,0,102,"[0, 0, 0, 0, 0, 0, 0, 0]"
1759.720506,Unknown Device,2,4,1,177,"[0, 0, 0, 226, 0, 16, 237, 255]"
1759.7207,Unknown Device,2,5,9,736,"[0, 0, 153, 6, 0, 23, 32, 0]"
1759.721296,Unknown Device,21,4,20,180,"[8, 0, 0, 80, 255, 8, 128, 1]"
1759.721633,Unknown Device,1,1,0,97,"[112, 153, 202, 252, 0, 0, 0, 255]"
1759.722322,Unknown Device,2,4,3,177,"[0, 0, 0, 226, 0, 16, 17, 0]"
1759.722843,Unknown,Unknown,Unknown,Unknown,997,"[43, 110, 105, 99, 115, 0, 0, 0]"
1759.724653,Unknown Device,8,5,21,96,"[0, 0, 0, 0, 0, 0, 0, 0]"
1759.724805,Unknown Device,8,5,21,97,"[0, 0, 0, 0, 0, 0, 0, 192]"
1759.724949,Unknown Device,8,5,21,98,"[0, 0, 0, 64, 0, 0, 0, 192]"
1759.725098,Unknown Device,8,5,21,99,"[0, 0, 112, 0, 0, 0, 0, 240]"
1759.725235,Unknown Device,8,5,21,100,"[40, 38, 24, 250, 0, 192, 125, 0]"
1759.72603,Unknown Device,2,5,0,96,"[0, 0, 0, 0, 128, 3, 16, 0]"
1759.727182,Unknown Device,2,5,7,736,"[0, 0, 125, 6, 0, 24, 48, 0]"
1759.72783,Unknown,Unknown,Unknown,Unknown,997,"[44, 0, 0, 0, 0, 0, 0, 0]"
1759.728191,Unknown Device,2,5,7,738,"[0, 0, 0, 128, 0, 0, 0, 128]"
1759.728789,Unknown Device,2,5,0,736,"[0, 0, 170, 6, 0, 24, 0, 0]"
1759.729435,Unknown Device,2,4,4,177,"[0, 0, 0, 98, 0, 16, 6, 0]"
1759.729621,Unknown Device,2,4,4,183,"[0, 0, 224, 8, 0, 0, 0, 0]"
1759.729773,Unknown Device,2,5,8,738,"[0, 0, 0, 128, 0, 0, 0, 128]"
1759.729917,Unknown Device,2,4,2,177,"[0, 0, 0, 98, 0, 16, 243, 255]"
1759.730051,Unknown Device,2,5,8,736,"[0, 0, 169, 6, 0, 24, 48, 0]"
1759.730203,Unknown Device,2,4,2,183,"[0, 0, 64, 7, 0, 0, 0, 0]"
1759.730333,Unknown Device,2,5,9,738,"[0, 0, 0, 0, 236, 140, 136, 63]"
1759.73057,Unknown Device,2,4,1,177,"[0, 0, 0, 226, 0, 16, 226, 255]"
1759.730892,Unknown Device,2,5,9,736,"[0, 0, 153, 6, 0, 23, 32, 0]"
1759.731034,Unknown Device,2,5,9,737,"[0, 0, 0, 8, 0, 64, 0, 0]"
1759.731206,Unknown Device,2,5,6,736,"[0, 0, 160, 6, 0, 24, 48, 0]"
1759.731354,Unknown Device,2,4,1,183,"[0, 0, 128, 248, 255, 255, 0, 0]"
1759.731654,Unknown Device,2,5,6,738,"[0, 0, 0, 128, 0, 0, 0, 128]"
1759.732027,Unknown Device,21,4,20,180,"[8, 0, 0, 80, 255, 8, 128, 1]"
1759.732332,Unknown Device,2,5,5,736,"[0, 0, 133, 6, 0, 24, 48, 0]"
1963.418463,Unknown Device,2,5,0,96,"[0, 0, 0, 0, 128, 3, 16, 0]"
1963.419225,Unknown Device,2,4,4,177,"[0, 0, 0, 98, 0, 16, 244, 255]"
1963.419709,Unknown Device,2,4,4,183,"[0, 0, 224, 8, 0, 0, 0, 0]"
1963.420076,Unknown Device,2,5,9,736,"[0, 0, 152, 6, 0, 23, 32, 0]"
1963.420373,Unknown Device,2,4,1,177,"[0, 0, 0, 226, 0, 16, 228, 255]"
1963.420684,Unknown Device,2,4,1,183,"[0, 0, 128, 248, 255, 255, 0, 0]"
1963.420982,Unknown Device,21,4,20,180,"[238, 255, 255, 95, 255, 8, 128, 1]"
1963.421247,Unknown Device,21,4,20,195,"[241, 95, 6, 176, 253, 235, 255, 5]"
1963.421472,Unknown,Unknown,Unknown,Unknown,996,"[1, 187, 170, 170, 170, 170, 170, 170]"
1963.421943,Unknown,Unknown,Unknown,Unknown,997,"[6, 251, 1, 163, 115, 5, 0, 170]"
1963.422298,Unknown Device,2,4,3,177,"[0, 0, 0, 226, 0, 16, 24, 0]"
1963.422485,Unknown Device,2,4,3,183,"[0, 0, 224, 251, 255, 255, 0, 0]"
1963.424063,Unknown Device,8,5,21,96,"[0, 0, 0, 0, 0, 0, 0, 0]"
1963.424201,Unknown Device,8,5,21,97,"[0, 0, 0, 0, 0, 0, 0, 192]"
1963.424344,Unknown Device,8,5,21,98,"[0, 0, 0, 64, 0, 0, 0, 192]"
1963.424496,Unknown Device,8,5,21,99,"[0, 0, 112, 0, 0, 0, 0, 240]"
1963.42464,Unknown Device,8,5,21,100,"[40, 38, 24, 250, 0, 192, 125, 0]"
1963.425621,Unknown Device,2,5,0,97,"[0, 0, 0, 0, 29, 51, 6, 0]"
1963.425765,Unknown Device,2,5,0,98,"[0, 0, 0, 0, 0, 0, 0, 0]"
1963.425917,Unknown Device,2,5,0,100,"[0, 0, 0, 0, 0, 0, 0, 0]"
1963.42662,Unknown Device,2,5,0,96,"[0, 0, 0, 0, 128, 3, 16, 0]"
1963.427324,Unknown Device,2,5,7,736,"[0, 0, 126, 6, 0, 24, 48, 0]"
1963.427909,Unknown Device,2,5,9,738,"[0, 0, 0, 0, 236, 140, 136, 63]"
1963.428044,Unknown Device,0,4,63,1,"[52, 94, 170, 123, 55, 35, 188, 202]"
1963.428188,Unknown Device,2,4,4,177,"[0, 0, 0, 98, 0, 16, 250, 255]"
1963.428325,Unknown Device,2,5,7,737,"[0, 0, 0, 0, 0, 64, 0, 0]"
1963.428469,Unknown Device,2,5,7,738,"[0, 0, 0, 128, 0, 0, 0, 128]"
1963.42872,Unknown Device,2,5,0,736,"[0, 0, 170, 6, 0, 24, 0, 0]"
1963.428864,Unknown Device,2,4,2,177,"[0, 0, 0, 98, 0, 16, 4, 0]"
1963.429009,Unknown Device,2,5,9,736,"[0, 0, 153, 6, 0, 23, 32, 0]"
1963.429555,Unknown Device,2,4,1,177,"[0, 0, 0, 226, 0, 16, 232, 255]"
1963.430302,Unknown Device,21,4,20,180,"[238, 255, 255, 95, 255, 8, 128, 1]"
1963.430445,Unknown,Unknown,Unknown,Unknown,996,"[1, 200, 170, 170, 170, 170, 170, 170]"
1963.430946,Unknown Device,2,5,5,736,"[0, 0, 135, 6, 0, 24, 48, 0]"
1963.431094,Unknown Device,2,5,8,736,"[0, 0, 171, 6, 0, 24, 48, 0]"
1963.431238,Unknown Device,2,5,5,738,"[246, 124, 160, 51, 0, 0, 0, 128]"
1963.431376,Unknown,Unknown,Unknown,Unknown,997,"[16, 12, 8, 0, 9, 82, 82, 32]"
1963.431527,Unknown Device,2,5,8,738,"[0, 0, 0, 128, 0, 0, 0, 128]"
1963.432366,Unknown Device,2,4,3,177,"[0, 0, 0, 226, 0, 16, 8, 0]"
1963.433092,Unknown Device,1,1,0,97,"[113, 7, 74, 252, 0, 0, 0, 255]"
1963.433222,Unknown Device,1,1,0,98,"[0, 228, 119, 193, 182, 168, 102, 17]"
1963.434686,Unknown Device,2,5,10,736,"[0, 0, 169, 6, 0, 24, 32, 0]"
1963.435121,Unknown Device,2,5,6,736,"[0, 0, 161, 6, 0, 24, 48, 0]"
1963.435236,Unknown Device,2,5,6,738,"[0, 0, 0, 128, 0, 0, 0, 128]"
1963.43663,Unknown Device,2,5,0,96,"[0, 0, 0, 0, 128, 3, 16, 0]"
1963.43676,Unknown,Unknown,Unknown,Unknown,996,"[48, 0, 5, 170, 170, 170, 170, 170]"
1963.438045,Unknown Device,2,4,4,177,"[0, 0, 0, 98, 0, 16, 249, 255]"
1963.438211,Unknown Device,2,4,4,183,"[0, 0, 224, 8, 0, 0, 0, 0]"
1963.438661,Unknown Device,2,4,2,177,"[0, 0, 0, 98, 0, 16, 242, 255]"
1963.438848,Unknown Device,2,4,2,183,"[0, 0, 64, 7, 0, 0, 0, 0]"
1963.438979,Unknown Device,2,5,9,736,"[0, 0, 153, 6, 0, 23, 32, 0]"
1963.439639,Unknown Device,2,4,1,177,"[0, 0, 0, 226, 0, 16, 233, 255]"
1963.439811,Unknown Device,2,4,1,183,"[0, 0, 128, 248, 255, 255, 0, 0]"
1963.44033,Unknown Device,21,4,20,180,"[237, 255, 255, 95, 255, 8, 128, 1]"
1963.440474,Unknown Device,21,4,20,195,"[241, 95, 6, 176, 253, 235, 255, 5]"
1963.442023,Unknown,Unknown,Unknown,Unknown,997,"[33, 75, 114, 97, 107, 101, 110, 170]"
1963.442294,Unknown Device,2,4,3,177,"[0, 0, 0, 226, 0, 16, 28, 0]"
1963.442474,Unknown Device,2,4,3,183,"[0, 0, 224, 251, 255, 255, 0, 0]"
1963.44405,Unknown Device,8,5,21,96,"[0, 0, 0, 0, 0, 0, 0, 0]"
1963.444194,Unknown Device,8,5,21,97,"[0, 0, 0, 0, 0, 0, 0, 192]"
1963.444346,Unknown Device,8,5,21,98,"[0, 0, 0, 64, 0, 0, 0, 192]"
1963.444489,Unknown Device,8,5,21,99,"[0, 0, 112, 0, 0, 0, 0, 240]"
1963.444627,Unknown Device,8,5,21,100,"[40, 38, 24, 250, 0, 192, 125, 0]"
1963.445849,Unknown Device,2,5,0,97,"[0, 0, 0, 0, 29, 52, 6, 0]"
1963.446008,Unknown Device,2,5,0,98,"[0, 0, 0, 0, 0, 0, 0, 0]"
1963.446156,Unknown Device,2,5,0,100,"[0, 0, 0, 0, 0, 0, 0, 0]"
1963.446614,Unknown Device,2,5,0,96,"[0, 0, 0, 0, 128, 3, 16, 0]"
1963.447318,Unknown Device,2,5,7,736,"[0, 0, 126, 6, 0, 24, 48, 0]"
1963.447903,Unknown Device,2,4,4,177,"[0, 0, 0, 98, 0, 16, 236, 255]"
1963.448037,Unknown Device,2,5,9,738,"[0, 0, 0, 0, 236, 140, 136, 63]"
1963.448314,Unknown Device,2,5,7,738,"[0, 0, 0, 128, 0, 0, 0, 128]"
1963.448689,Unknown Device,2,4,2,177,"[0, 0, 0, 98, 0, 16, 248, 255]"
1963.448818,Unknown Device,2,5,0,736,"[0, 0, 170, 6, 0, 24, 0, 0]"
1963.448968,Unknown Device,2,5,9,736,"[0, 0, 154, 6, 0, 23, 32, 0]"
1963.449644,Unknown Device,2,4,1,177,"[0, 0, 0, 226, 0, 16, 233, 255]"
1963.45073,Unknown Device,21,4,20,180,"[237, 255, 255, 95, 255, 8, 128, 1]"
1963.450943,Unknown Device,2,5,5,736,"[0, 0, 135, 6, 0, 24, 48, 0]"
1963.451084,Unknown Device,2,5,8,736,"[0, 0, 170, 6, 0, 24, 48, 0]"
1963.451227,Unknown Device,2,5,5,738,"[246, 124, 160, 51, 0, 0, 0, 128]"
1963.451377,Unknown Device,2,5,8,738,"[0, 0, 0, 128, 0, 0, 0, 128]"
1963.452258,Unknown Device,2,4,3,177,"[0, 0, 0, 226, 0, 16, 16, 0]"
1963.454031,Unknown Device,1,1,0,97,"[113, 7, 74, 252, 0, 0, 0, 255]"
1963.454683,Unknown Device,2,5,10,736,"[0, 0, 170, 6, 0, 24, 32, 0]"
1963.455083,Unknown Device,2,5,6,736,"[0, 0, 162, 6, 0, 24, 48, 0]"
1963.455234,Unknown Device,2,5,6,738,"[0, 0, 0, 128, 0, 0, 0, 128]"
1963.456614,Unknown Device,2,5,0,96,"[0, 0, 0, 0, 128, 3, 16, 0]"
1963.457613,Unknown Device,2,5,0,99,"[0, 0, 0, 0, 0, 0, 0, 0]"
1963.45799,Unknown Device,2,4,4,177,"[0, 0, 0, 98, 0, 16, 252, 255]"
1963.458187,Unknown Device,2,4,4,183,"[0, 0, 224, 8, 0, 0, 0, 0]"
1963.458647,Unknown Device,2,4,2,177,"[0, 0, 0, 98, 0, 16, 239, 255]"
1963.458832,Unknown Device,2,4,2,183,"[0, 0, 64, 7, 0, 0, 0, 0]"
1963.458975,Unknown Device,2,5,9,96,"[0, 0, 255, 255, 255, 255, 0, 0]"
1963.459116,Unknown Device,2,5,9,736,"[0, 0, 154, 6, 0, 23, 32, 0]"
1963.459258,Unknown Device,2,5,9,737,"[0, 0, 0, 8, 0, 64, 0, 0]"
1963.459648,Unknown Device,2,4,1,177,"[0, 0, 0, 226, 0, 16, 230, 255]"
1963.459847,Unknown Device,2,4,1,183,"[0, 0, 128, 248, 255, 255, 0, 0]"
1963.460727,Unknown Device,21,4,20,180,"[237, 255, 255, 95, 255, 8, 128, 1]"
1963.460884,Unknown Device,21,4,20,195,"[241, 95, 6, 176, 253, 235, 255, 5]"
1963.462284,Unknown Device,2,4,3,177,"[0, 0, 0, 226, 0, 16, 28, 0]"
1963.462455,Unknown Device,2,4,3,183,"[0, 0, 224, 251, 255, 255, 0, 0]"
1963.464052,Unknown Device,8,5,21,96,"[0, 0, 0, 0, 0, 0, 0, 0]"
1963.464196,Unknown Device,8,5,21,97,"[0, 0, 0, 0, 0, 0, 0, 192]"
1963.46434,Unknown Device,8,5,21,98,"[0, 0, 0, 64, 0, 0, 0, 192]"
1963.464484,Unknown Device,8,5,21,99,"[0, 0, 112, 0, 0, 0, 0, 240]"
1963.464621,Unknown Device,8,5,21,100,"[40, 38, 24, 250, 0, 192, 125, 0]"
1963.465615,Unknown Device,2,5,0,97,"[0, 0, 0, 0, 29, 51, 6, 0]"
1963.465759,Unknown Device,2,5,0,98,"[0, 0, 0, 0, 0, 0, 0, 0]"
1963.465903,Unknown Device,2,5,0,100,"[0, 0, 0, 0, 0, 0, 0, 0]"
1963.466621,Unknown Device,2,5,0,96,"[0, 0, 0, 0, 128, 3, 16, 0]"
1963.467317,Unknown Device,2,5,7,736,"[0, 0, 125, 6, 0, 24, 48, 0]"
1963.467923,Unknown Device,2,5,9,738,"[0, 0, 0, 0, 236, 140, 136, 63]"
1963.468065,Unknown Device,2,4,4,177,"[0, 0, 0, 98, 0, 16, 253, 255]"
1963.468308,Unknown Device,2,5,7,738,"[0, 0, 0, 128, 0, 0, 0, 128]"
1963.468659,Unknown Device,2,4,2,177,"[0, 0, 0, 98, 0, 16, 6, 0]"
1963.468803,Unknown Device,2,5,0,736,"[0, 0, 170, 6, 0, 24, 0, 0]"
1963.468954,Unknown Device,2,5,9,736,"[0, 0, 153, 6, 0, 23, 32, 0]"
1963.469651,Unknown Device,2,4,1,177,"[0, 0, 0, 226, 0, 16, 224, 255]"
1963.470652,Unknown Device,21,4,20,180,"[237, 255, 255, 95, 255, 8, 128, 1]"
1963.470946,Unknown Device,2,5,5,736,"[0, 0, 136, 6, 0, 24, 48, 0]"
1963.471095,Unknown Device,2,5,8,736,"[0, 0, 172, 6, 0, 24, 48, 0]"
1963.471224,Unknown Device,2,5,5,738,"[246, 124, 160, 51, 0, 0, 0, 128]"
1963.471376,Unknown Device,2,5,8,738,"[0, 0, 0, 128, 0, 0, 0, 128]"
1963.47152,Unknown Device,0,4,63,1,"[52, 94, 171, 125, 255, 24, 15, 113]"
1963.472408,Unknown Device,2,4,3,177,"[0, 0, 0, 226, 0, 16, 9, 0]"
1963.47463,Unknown Device,1,1,0,97,"[113, 7, 74, 252, 0, 0, 0, 255]"
1963.47476,Unknown Device,1,1,0,98,"[0, 4, 178, 179, 182, 168, 102, 17]"
1963.474898,Unknown Device,2,5,10,736,"[0, 0, 170, 6, 0, 24, 32, 0]"
1963.475089,Unknown Device,2,5,6,736,"[0, 0, 163, 6, 0, 24, 48, 0]"
1963.475233,Unknown Device,2,5,6,738,"[0, 0, 0, 128, 0, 0, 0, 128]"
1963.476605,Unknown Device,2,5,0,96,"[0, 0, 0, 0, 128, 3, 16, 0]"
1963.478017,Unknown Device,2,4,4,177,"[0, 0, 0, 98, 0, 16, 255, 255]"
1963.478226,Unknown Device,2,4,4,183,"[0, 0, 224, 8, 0, 0, 0, 0]"
1963.478676,Unknown Device,2,4,2,177,"[0, 0, 0, 98, 0, 16, 16, 0]"
1963.478834,Unknown Device,2,4,2,183,"[0, 0, 64, 7, 0, 0, 0, 0]"
1963.478978,Unknown Device,2,5,9,736,"[0, 0, 154, 6, 0, 23, 32, 0]"
1963.479675,Unknown Device,2,4,1,177,"[0, 0, 0, 226, 0, 16, 230, 255]"
1963.479897,Unknown Device,2,4,1,183,"[0, 0, 128, 248, 255, 255, 0, 0]"
1963.480494,Unknown Device,21,4,20,180,"[237, 255, 255, 95, 255, 8, 128, 1]"
1963.480652,Unknown Device,21,4,20,195,"[241, 95, 6, 176, 253, 235, 255, 5]"
1963.482277,Unknown Device,2,4,3,177,"[0, 0, 0, 226, 0, 16, 11, 0]"
1963.482464,Unknown Device,2,4,3,183,"[0, 0, 224, 251, 255, 255, 0, 0]"
1963.484053,Unknown Device,8,5,21,96,"[0, 0, 0, 0, 0, 0, 0, 0]"
1963.484197,Unknown Device,8,5,21,97,"[0, 0, 0, 0, 0, 0, 0, 192]"
1963.484341,Unknown Device,8,5,21,98,"[0, 0, 0, 64, 0, 0, 0, 192]"
1963.484478,Unknown Device,8,5,21,99,"[0, 0, 112, 0, 0, 0, 0, 240]"
1963.484622,Unknown Device,8,5,21,100,"[42, 38, 24, 250, 0, 192, 125, 0]"
1963.485597,Unknown Device,2,5,0,97,"[0, 0, 0, 0, 29, 52, 6, 0]"
1963.485763,Unknown Device,2,5,0,98,"[0, 0, 0, 0, 0, 0, 0, 0]"
1963.485892,Unknown Device,2,5,0,100,"[0, 0, 0, 0, 0, 0, 0, 0]"
1963.486652,Unknown Device,2,5,0,96,"[0, 0, 0, 0, 128, 3, 16, 0]"
1963.487306,Unknown Device,2,5,7,736,"[0, 0, 127, 6, 0, 24, 48, 0]"
1963.487919,Unknown Device,2,5,9,738,"[0, 0, 0, 0, 236, 140, 136, 63]"
1963.488054,Unknown Device,2,4,4,177,"[0, 0, 0, 98, 0, 16, 247, 255]"
1963.488333,Unknown Device,2,5,7,738,"[0, 0, 0, 128, 0, 0, 0, 128]"
1963.488676,Unknown Device,2,4,2,177,"[0, 0, 0, 98, 0, 16, 3, 0]"
1963.488814,Unknown Device,2,5,0,736,"[0, 0, 170, 6, 0, 24, 0, 0]"
1963.488958,Unknown Device,2,5,9,736,"[0, 0, 154, 6, 0, 23, 32, 0]"
1963.489548,Unknown Device,2,4,1,177,"[0, 0, 0, 226, 0, 16, 232, 255]"
1963.490365,Unknown Device,21,4,20,180,"[237, 255, 255, 95, 255, 8, 128, 1]"
1963.490943,Unknown Device,2,5,5,736,"[0, 0, 136, 6, 0, 24, 48, 0]"
1963.491091,Unknown Device,2,5,8,736,"[0, 0, 171, 6, 0, 24, 48, 0]"
1963.491229,Unknown Device,2,5,5,738,"[246, 124, 160, 51, 0, 0, 0, 128]"
1963.491373,Unknown Device,2,5,8,738,"[0, 0, 0, 128, 0, 0, 0, 128]"
1963.492247,Unknown Device,2,4,3,177,"[0, 0, 0, 226, 0, 16, 16, 0]"
1963.49467,Unknown Device,2,5,10,736,"[0, 0, 170, 6, 0, 24, 32, 0]"
1963.495079,Unknown Device,2,5,6,736,"[0, 0, 162, 6, 0, 24, 48, 0]"
1963.495221,Unknown Device,2,5,6,738,"[0, 0, 0, 128, 0, 0, 0, 128]"
1963.495372,Unknown Device,1,1,0,97,"[113, 7, 74, 252, 0, 0, 0, 255]"
1963.496649,Unknown Device,2,5,0,96,"[0, 0, 0, 0, 128, 3, 16, 0]"
1963.497965,Unknown Device,2,4,4,177,"[0, 0, 0, 98, 0, 16, 3, 0]"
1963.498141,Unknown Device,2,4,4,183,"[0, 0, 224, 8, 0, 0, 0, 0]"
1963.498764,Unknown Device,2,4,2,177,"[0, 0, 0, 98, 0, 16, 2, 0]"
1963.49892,Unknown Device,2,5,9,736,"[0, 0, 153, 6, 0, 23, 32, 0]"
1963.499067,Unknown Device,2,4,2,183,"[0, 0, 64, 7, 0, 0, 0, 0]"
1963.499606,Unknown Device,2,5,0,101,"[0, 0, 0, 0, 0, 0, 16, 0]"
1963.499748,Unknown Device,2,4,1,177,"[0, 0, 0, 226, 0, 16, 254, 255]"
1963.500334,Unknown Device,21,4,20,180,"[237, 255, 255, 95, 255, 8, 128, 1]"
1963.500477,Unknown Device,2,4,1,183,"[0, 0, 128, 248, 255, 255, 0, 0]"
1963.500619,Unknown Device,21,4,20,195,"[241, 95, 6, 176, 253, 235, 255, 5]"
1963.500756,Unknown Device,2,5,0,102,"[0, 0, 0, 0, 0, 0, 0, 0]"
1963.500898,Unknown Device,21,4,20,196,"[39, 1, 207, 0, 32, 127, 0, 0]"
1963.50106,Unknown Device,21,4,20,199,"[7, 0, 64, 0, 0, 0, 0, 0]"
1963.50121,Unknown Device,21,4,20,200,"[136, 0, 112, 0, 184, 63, 0, 4]"
1963.502338,Unknown Device,2,4,3,177,"[0, 0, 0, 226, 0, 16, 29, 0]"
1963.502522,Unknown Device,2,4,3,183,"[0, 0, 224, 251, 255, 255, 0, 0]"
1963.504043,Unknown Device,8,5,21,96,"[0, 0, 0, 0, 0, 0, 0, 0]"
1963.504186,Unknown Device,8,5,21,97,"[0, 0, 0, 0, 0, 0, 0, 192]"
1963.504337,Unknown Device,8,5,21,98,"[0, 0, 0, 64, 0, 0, 0, 192]"
1963.504479,Unknown Device,8,5,21,99,"[0, 0, 112, 0, 0, 0, 0, 240]"
1963.504622,Unknown Device,8,5,21,100,"[42, 38, 24, 250, 0, 192, 125, 0]"
1963.505623,Unknown Device,2,5,0,97,"[0, 0, 0, 0, 29, 51, 6, 0]"
1963.505765,Unknown Device,2,5,0,98,"[0, 0, 0, 0, 0, 0, 0, 0]"
1963.505916,Unknown Device,2,5,0,100,"[0, 0, 0, 0, 0, 0, 0, 0]"
1963.506634,Unknown Device,2,5,0,96,"[0, 0, 0, 0, 128, 3, 16, 0]"
1963.507303,Unknown Device,2,5,7,736,"[0, 0, 126, 6, 0, 24, 48, 0]"
1963.507636,Unknown Device,2,5,0,99,"[0, 0, 0, 0, 0, 0, 0, 0]"
1963.507914,Unknown Device,2,5,9,738,"[0, 0, 0, 0, 236, 140, 136, 63]"
1963.508048,Unknown Device,2,4,4,177,"[0, 0, 0, 98, 0, 16, 251, 255]"
1963.508311,Unknown Device,2,5,7,738,"[0, 0, 0, 128, 0, 0, 0, 128]"
1963.508715,Unknown Device,2,5,0,736,"[0, 0, 170, 6, 0, 24, 0, 0]"
1963.508843,Unknown Device,2,4,2,177,"[0, 0, 0, 98, 0, 16, 243, 255]"
1963.508986,Unknown Device,2,5,9,736,"[0, 0, 153, 6, 0, 23, 32, 0]"
1963.509604,Unknown Device,2,4,1,177,"[0, 0, 0, 226, 0, 16, 231, 255]"
1963.510314,Unknown Device,21,4,20,180,"[238, 255, 255, 95, 255, 8, 128, 1]"
1963.510956,Unknown Device,2,5,5,736,"[0, 0, 135, 6, 0, 24, 48, 0]"
1963.511091,Unknown Device,2,5,8,736,"[0, 0, 171, 6, 0, 24, 48, 0]"
1963.511228,Unknown Device,2,5,5,738,"[246, 124, 160, 51, 0, 0, 0, 128]"
1963.511386,Unknown Device,2,5,8,738,"[0, 0, 0, 128, 0, 0, 0, 128]"
1963.51229,Unknown Device,2,4,3,177,"[0, 0, 0, 226, 0, 16, 24, 0]"
1963.513172,Unknown Device,0,4,63,1,"[52, 94, 170, 124, 155, 3, 91, 180]"
1963.514663,Unknown Device,2,5,10,736,"[0, 0, 170, 6, 0, 24, 32, 0]"
1963.515075,Unknown Device,2,5,6,736,"[0, 0, 162, 6, 0, 24, 48, 0]"
1963.515219,Unknown Device,2,5,6,738,"[0, 0, 0, 128, 0, 0, 0, 128]"
1963.515876,Unknown Device,1,1,0,97,"[113, 7, 74, 252, 0, 0, 0, 255]"
1963.516629,Unknown Device,2,5,0,96,"[0, 0, 0, 0, 128, 3, 16, 0]"
1963.517916,Unknown Device,2,4,4,177,"[0, 0, 0, 98, 0, 16, 0, 0]"
1963.518107,Unknown Device,2,4,4,183,"[0, 0, 224, 8, 0, 0, 0, 0]"
1963.518735,Unknown Device,2,4,2,177,"[0, 0, 0, 98, 0, 16, 236, 255]"
1963.518907,Unknown Device,2,4,2,183,"[0, 0, 64, 7, 0, 0, 0, 0]"
1963.519098,Unknown Device,2,5,9,736,"[0, 0, 154, 6, 0, 23, 32, 0]"
1963.519628,Unknown Device,2,4,1,177,"[0, 0, 0, 226, 0, 16, 232, 255]"
1963.519815,Unknown Device,2,4,1,183,"[0, 0, 128, 248, 255, 255, 0, 0]"
1963.520298,Unknown Device,21,4,20,180,"[237, 255, 255, 95, 255, 8, 128, 1]"
1963.520449,Unknown Device,21,4,20,195,"[241, 95, 6, 176, 253, 235, 255, 5]"
1963.522345,Unknown Device,2,4,3,177,"[0, 0, 0, 226, 0, 16, 20, 0]"
1963.522517,Unknown Device,2,4,3,183,"[0, 0, 224, 251, 255, 255, 0, 0]"
1963.524037,Unknown Device,8,5,21,96,"[0, 0, 0, 0, 0, 0, 0, 0]"
1963.524181,Unknown Device,8,5,21,97,"[0, 0, 0, 0, 0, 0, 0, 192]"
1963.524333,Unknown Device,8,5,21,98,"[0, 0, 0, 64, 0, 0, 0, 192]"
1963.524477,Unknown Device,8,5,21,99,"[0, 0, 112, 0, 0, 0, 0, 240]"
1963.524606,Unknown Device,8,5,21,100,"[42, 38, 24, 250, 0, 192, 125, 0]"
1963.525616,Unknown Device,2,5,0,97,"[0, 0, 0, 0, 29, 51, 6, 0]"
1963.525774,Unknown Device,2,5,0,98,"[0, 0, 0, 0, 0, 0, 0, 0]"
1963.525918,Unknown Device,2,5,0,100,"[0, 0, 0, 0, 0, 0, 0, 0]"
1963.526621,Unknown Device,2,5,0,96,"[0, 0, 0, 0, 128, 3, 16, 0]"
1963.527297,Unknown Device,2,5,7,736,"[0, 0, 125, 6, 0, 24, 48, 0]"
1963.527912,Unknown Device,2,5,9,738,"[0, 0, 0, 0, 236, 140, 136, 63]"
1963.528046,Unknown Device,2,4,4,177,"[0, 0, 0, 98, 0, 16, 251, 255]"
1963.528325,Unknown Device,2,5,7,738,"[0, 0, 0, 128, 0, 0, 0, 128]"
1963.528711,Unknown Device,2,4,2,177,"[0, 0, 0, 98, 0, 16, 248, 255]"
1963.528848,Unknown Device,2,5,0,736,"[0, 0, 171, 6, 0, 24, 0, 0]"
1963.528993,Unknown Device,2,5,9,736,"[0, 0, 154, 6, 0, 23, 32, 0]"
1963.529632,Unknown Device,2,4,1,177,"[0, 0, 0, 226, 0, 16, 237, 255]"
1963.530322,Unknown Device,21,4,20,180,"[237, 255, 255, 95, 255, 8, 128, 1]"
1963.530935,Unknown Device,2,5,5,736,"[0, 0, 136, 6, 0, 24, 48, 0]"
1963.531085,Unknown Device,2,5,8,736,"[0, 0, 170, 6, 0, 24, 48, 0]"
1963.531215,Unknown Device,2,5,5,738,"[246, 124, 160, 51, 0, 0, 0, 128]"
1963.531367,Unknown Device,2,5,8,738,"[0, 0, 0, 128, 0, 0, 0, 128]"
1963.532312,Unknown Device,2,4,3,177,"[0, 0, 0, 226, 0, 16, 16, 0]"
1963.534676,Unknown Device,2,5,10,736,"[0, 0, 170, 6, 0, 24, 32, 0]"
1963.535074,Unknown Device,2,5,6,736,"[0, 0, 163, 6, 0, 24, 48, 0]"
1963.535227,Unknown Device,2,5,6,738,"[0, 0, 0, 128, 0, 0, 0, 128]"
1963.536393,Unknown Device,1,1,0,97,"[113, 7, 74, 252, 0, 0, 0, 255]"
1963.536622,Unknown Device,2,5,0,96,"[0, 0, 0, 0, 128, 3, 16, 0]"
1963.538019,Unknown Device,2,4,4,177,"[0, 0, 0, 98, 0, 16, 243, 255]"
1963.538185,Unknown Device,2,4,4,183,"[0, 0, 224, 8, 0, 0, 0, 0]"
1963.538663,Unknown Device,2,4,2,177,"[0, 0, 0, 98, 0, 16, 7, 0]"
1963.538836,Unknown Device,2,4,2,183,"[0, 0, 64, 7, 0, 0, 0, 0]"
1963.538974,Unknown Device,2,5,9,736,"[0, 0, 154, 6, 0, 23, 32, 0]"
1963.539608,Unknown Device,2,4,1,177,"[0, 0, 0, 226, 0, 16, 242, 255]"
1963.539793,Unknown Device,2,4,1,183,"[0, 0, 128, 248, 255, 255, 0, 0]"
1963.540293,Unknown Device,21,4,20,180,"[237, 255, 255, 95, 255, 8, 128, 1]"
1963.540436,Unknown Device,21,4,20,195,"[241, 95, 6, 176, 253, 235, 255, 5]"
1963.542294,Unknown Device,2,4,3,177,"[0, 0, 0, 226, 0, 16, 22, 0]"
1963.542487,Unknown Device,2,4,3,183,"[0, 0, 224, 251, 255, 255, 0, 0]"
1963.544045,Unknown Device,8,5,21,96,"[0, 0, 0, 0, 0, 0, 0, 0]"
1963.544187,Unknown Device,8,5,21,97,"[0, 0, 0, 0, 0, 0, 0, 192]"
1963.544323,Unknown Device,8,5,21,98,"[0, 0, 0, 64, 0, 0, 0, 192]"
1963.544466,Unknown Device,8,5,21,99,"[0, 0, 112, 0, 0, 0, 0, 240]"
1963.544616,Unknown Device,8,5,21,100,"[42, 38, 24, 250, 0, 192, 125, 0]"
1963.54693,Unknown Device,2,5,0,96,"[0, 0, 0, 0, 128, 3, 16, 0]"
1963.547049,Unknown Device,2,5,0,97,"[0, 0, 0, 0, 29, 52, 6, 0]"
1963.547192,Unknown Device,2,5,0,98,"[0, 0, 0, 0, 0, 0, 0, 0]"
1963.547342,Unknown Device,2,5,0,100,"[0, 0, 0, 0, 0, 0, 0, 0]"
1963.547485,Unknown Device,2,5,7,736,"[0, 0, 127, 6, 0, 24, 48, 0]"
1963.547705,Unknown Device,0,4,63,10,"[0, 0, 0, 0, 2, 26, 1, 0]"
1963.547848,Unknown,Unknown,Unknown,Unknown,996,"[2, 62, 0, 170, 170, 170, 170, 170]"
1963.547985,Unknown Device,2,5,9,738,"[0, 0, 0, 0, 236, 140, 136, 63]"
1963.548117,Unknown Device,2,4,4,177,"[0, 0, 0, 98, 0, 16, 246, 255]"
1963.548296,Unknown Device,2,5,7,738,"[0, 0, 0, 128, 0, 0, 0, 128]"
1963.548714,Unknown Device,2,5,0,736,"[0, 0, 170, 6, 0, 24, 0, 0]"
1963.548864,Unknown Device,2,4,2,177,"[0, 0, 0, 98, 0, 16, 247, 255]"
1963.549096,Unknown Device,2,5,9,736,"[0, 0, 155, 6, 0, 23, 32, 0]"
1963.549429,Unknown,Unknown,Unknown,Unknown,997,"[6, 126, 2, 4, 252, 65, 6, 170]"
1963.549622,Unknown Device,2,4,1,177,"[0, 0, 0, 226, 0, 16, 240, 255]"
1963.550306,Unknown Device,21,4,20,180,"[237, 255, 255, 95, 255, 8, 128, 1]"
1963.550626,Unknown,Unknown,Unknown,Unknown,997,"[6, 126, 2, 4, 252, 66, 7, 170]"
1963.550932,Unknown Device,2,5,5,736,"[0, 0, 135, 6, 0, 24, 48, 0]"
1963.551073,Unknown Device,2,5,8,736,"[0, 0, 171, 6, 0, 24, 48, 0]"
1963.551215,Unknown Device,2,5,5,738,"[246, 124, 160, 51, 0, 0, 0, 128]"
1963.551352,Unknown Device,2,5,8,738,"[0, 0, 0, 128, 0, 0, 0, 128]"
1963.551494,Unknown,Unknown,Unknown,Unknown,997,"[6, 126, 21, 4, 252, 84, 9, 170]"
1963.552284,Unknown Device,2,4,3,177,"[0, 0, 0, 226, 0, 16, 15, 0]"
1963.554662,Unknown Device,2,5,10,736,"[0, 0, 169, 6, 0, 24, 32, 0]"
1963.555068,Unknown Device,2,5,6,736,"[0, 0, 161, 6, 0, 24, 48, 0]"
1963.555206,Unknown Device,2,5,6,738,"[0, 0, 0, 128, 0, 0, 0, 128]"
1963.555635,Unknown Device,0,4,63,1,"[52, 94, 171, 124, 223, 101, 62, 140]"
1963.556617,Unknown Device,2,5,0,96,"[0, 0, 0, 0, 128, 3, 16, 0]"
1963.556968,Unknown Device,1,1,0,97,"[113, 7, 74, 252, 0, 0, 0, 255]"
1963.557608,Unknown Device,2,5,0,99,"[0, 0, 0, 0, 0, 0, 0, 0]"
1963.558014,Unknown Device,2,4,4,177,"[0, 0, 0, 98, 0, 16, 240, 255]"
1963.558195,Unknown Device,2,4,4,183,"[0, 0, 224, 8, 0, 0, 0, 0]"
1963.558653,Unknown Device,2,4,2,177,"[0, 0, 0, 98, 0, 16, 251, 255]"
1963.558856,Unknown Device,2,4,2,183,"[0, 0, 64, 7, 0, 0, 0, 0]"
1963.558987,Unknown Device,2,5,9,736,"[0, 0, 153, 6, 0, 23, 32, 0]"
1963.559641,Unknown Device,2,4,1,177,"[0, 0, 0, 226, 0, 16, 233, 255]"
1963.559806,Unknown Device,2,4,1,183,"[0, 0, 128, 248, 255, 255, 0, 0]"
1963.560283,Unknown Device,21,4,20,180,"[237, 255, 255, 95, 255, 8, 128, 1]"
1963.560435,Unknown Device,21,4,20,195,"[241, 95, 6, 176, 253, 235, 255, 5]"
1963.561694,Unknown Device,2,5,0,737,"[0, 0, 0, 8, 0, 64, 0, 0]"
1963.561875,Unknown,Unknown,Unknown,Unknown,997,"[6, 126, 2, 4, 252, 68, 8, 170]"
1963.562253,Unknown,Unknown,Unknown,Unknown,997,"[6, 126, 2, 4, 252, 67, 10, 170]"
1963.562462,Unknown Device,2,4,3,177,"[0, 0, 0, 226, 0, 16, 11, 0]"
1963.562677,Unknown Device,2,4,3,183,"[0, 0, 224, 251, 255, 255, 0, 0]"
1963.564039,Unknown Device,8,5,21,96,"[0, 0, 0, 0, 0, 0, 0, 0]"
1963.564177,Unknown Device,8,5,21,97,"[0, 0, 0, 0, 0, 0, 0, 192]"
1963.564328,Unknown Device,8,5,21,98,"[0, 0, 0, 64, 0, 0, 0, 192]"
1963.564472,Unknown Device,8,5,21,99,"[0, 0, 112, 0, 0, 0, 0, 240]"
1963.56461,Unknown Device,8,5,21,100,"[41, 38, 24, 250, 0, 192, 125, 0]"
1963.566595,Unknown Device,2,5,0,96,"[0, 0, 0, 0, 128, 3, 16, 0]"
1963.566748,Unknown Device,2,5,0,97,"[0, 0, 0, 0, 29, 52, 6, 0]"
1963.566885,Unknown Device,2,5,0,98,"[0, 0, 0, 0, 0, 0, 0, 0]"
1963.567035,Unknown Device,2,5,0,100,"[0, 0, 0, 0, 0, 0, 0, 0]"
1963.567294,Unknown Device,2,5,7,736,"[0, 0, 127, 6, 0, 24, 48, 0]"
1963.567901,Unknown Device,2,5,9,738,"[0, 0, 0, 0, 236, 140, 136, 63]"
1963.568021,Unknown Device,2,4,4,177,"[0, 0, 0, 98, 0, 16, 239, 255]"
1963.568286,Unknown Device,2,5,7,738,"[0, 0, 0, 128, 0, 0, 0, 128]"
1963.568701,Unknown Device,2,5,0,736,"[0, 0, 169, 6, 0, 24, 0, 0]"
1963.568839,Unknown Device,2,4,2,177,"[0, 0, 0, 98, 0, 16, 2, 0]"
1963.568995,Unknown Device,2,5,9,736,"[0, 0, 154, 6, 0, 23, 32, 0]"
1963.569546,Unknown Device,2,4,1,177,"[0, 0, 0, 226, 0, 16, 231, 255]"
1963.570315,Unknown Device,21,4,20,180,"[237, 255, 255, 95, 255, 8, 128, 1]"
1963.570939,Unknown Device,2,5,5,736,"[0, 0, 135, 6, 0, 24, 48, 0]"
1963.571081,Unknown Device,2,5,8,736,"[0, 0, 169, 6, 0, 24, 48, 0]"
1963.571248,Unknown Device,2,5,5,738,"[246, 124, 160, 51, 0, 0, 0, 128]"
1963.571363,Unknown Device,2,5,8,738,"[0, 0, 0, 128, 0, 0, 0, 128]"
1963.572332,Unknown Device,2,4,3,177,"[0, 0, 0, 226, 0, 16, 23, 0]"
1963.57466,Unknown Device,2,5,10,736,"[0, 0, 170, 6, 0, 24, 32, 0]"
1963.575067,Unknown Device,2,5,6,736,"[0, 0, 162, 6, 0, 24, 48, 0]"
1963.575211,Unknown Device,2,5,6,738,"[0, 0, 0, 128, 0, 0, 0, 128]"
1963.576629,Unknown Device,2,5,0,96,"[0, 0, 0, 0, 128, 3, 16, 0]"
1963.577532,Unknown Device,1,1,0,97,"[113, 7, 74, 252, 0, 0, 0, 255]"
1963.57801,Unknown Device,2,4,4,431,"[0, 0, 0, 0, 1, 26, 19, 0]"
1963.578191,Unknown Device,2,4,4,285,"[0, 0, 0, 0, 0, 0, 0, 0]"
1963.578678,Unknown Device,2,4,2,431,"[0, 0, 0, 0, 1, 26, 19, 0]"
1963.578816,Unknown Device,2,4,4,193,"[0, 243, 199, 46, 0, 0, 0, 0]"
1963.578968,Unknown Device,2,4,2,285,"[0, 0, 0, 0, 0, 0, 0, 0]"
1963.579103,Unknown Device,2,4,4,177,"[0, 0, 0, 98, 0, 16, 241, 255]"
1963.57924,Unknown Device,2,5,9,736,"[0, 0, 154, 6, 0, 23, 32, 0]"
1963.57947,Unknown Device,2,4,2,193,"[0, 243, 199, 46, 0, 0, 0, 0]"
1963.579628,Unknown Device,2,4,2,177,"[0, 0, 0, 98, 0, 16, 1, 0]"
1963.579743,Unknown Device,2,4,1,431,"[0, 0, 0, 0, 1, 26, 19, 0]"
1963.579887,Unknown Device,2,4,2,181,"[255, 127, 0, 192, 83, 21, 28, 23]"
1963.580022,Unknown Device,2,4,4,181,"[248, 127, 0, 192, 83, 21, 28, 24]"
1963.580259,Unknown Device,2,4,4,182,"[0, 0, 0, 231, 0, 0, 0, 0]"
1963.580403,Unknown Device,2,4,1,285,"[0, 0, 0, 0, 0, 0, 0, 0]"
1963.580554,Unknown Device,2,4,2,182,"[0, 0, 64, 189, 0, 0, 0, 0]"
1963.580698,Unknown Device,2,4,1,193,"[0, 243, 199, 46, 0, 0, 0, 0]"
1963.580836,Unknown Device,2,4,2,183,"[0, 0, 64, 7, 0, 0, 0, 0]"
1963.58098,Unknown Device,2,4,4,183,"[0, 0, 224, 8, 0, 0, 0, 0]"
1963.581122,Unknown Device,21,4,20,180,"[236, 255, 255, 95, 255, 8, 128, 1]"
1963.581274,Unknown Device,2,4,4,184,"[0, 0, 0, 0, 0, 0, 0, 128]"
1963.581403,Unknown Device,2,4,1,177,"[0, 0, 0, 226, 0, 16, 233, 255]"
1963.581555,Unknown Device,2,4,2,184,"[0, 0, 0, 0, 0, 0, 0, 128]"
1963.581693,Unknown Device,2,4,1,181,"[244, 127, 0, 192, 83, 20, 27, 24]"
1963.581837,Unknown Device,2,4,2,185,"[0, 0, 0, 0, 0, 0, 0, 128]"
1963.581994,Unknown Device,2,4,1,182,"[0, 0, 0, 62, 255, 255, 0, 0]"
1963.582132,Unknown Device,2,4,4,185,"[0, 0, 0, 0, 0, 0, 0, 128]"
1963.582298,Unknown Device,21,4,20,195,"[241, 95, 6, 176, 253, 235, 255, 5]"
1963.582471,Unknown Device,2,4,1,183,"[0, 0, 128, 248, 255, 255, 0, 0]"
1963.582608,Unknown Device,2,4,2,186,"[8, 0, 0, 0, 0, 0, 0, 0]"
1963.582767,Unknown Device,2,4,1,184,"[0, 0, 0, 0, 0, 0, 0, 128]"
1963.582905,Unknown Device,2,4,4,186,"[8, 0, 0, 0, 0, 0, 0, 0]"
1963.583062,Unknown Device,2,4,2,187,"[0, 0, 4, 0, 0, 0, 0, 0]"
1963.583192,Unknown Device,2,4,4,187,"[0, 0, 4, 0, 0, 0, 0, 0]"
1963.583315,Unknown Device,2,4,3,431,"[0, 0, 0, 0, 1, 26, 19, 0]"
1963.583524,Unknown Device,2,4,1,185,"[0, 0, 0, 0, 0, 0, 0, 128]"
1963.583676,Unknown Device,2,4,3,285,"[0, 0, 0, 0, 0, 0, 0, 0]"
1963.583805,Unknown Device,2,4,1,186,"[8, 0, 0, 0, 0, 0, 0, 0]"
1963.58404,Unknown Device,8,5,21,96,"[0, 0, 0, 0, 0, 0, 0, 0]"
1963.584169,Unknown Device,2,4,3,193,"[0, 243, 199, 46, 0, 0, 0, 0]"
1963.584319,Unknown Device,8,5,21,97,"[0, 0, 0, 0, 0, 0, 0, 192]"
1963.58447,Unknown Device,2,4,3,177,"[0, 0, 0, 226, 0, 16, 13, 0]"
1963.584598,Unknown Device,2,4,1,187,"[0, 0, 4, 0, 0, 0, 0, 0]"
1963.584735,Unknown Device,2,4,3,181,"[249, 127, 0, 192, 83, 19, 27, 24]"
1963.584885,Unknown Device,8,5,21,98,"[0, 0, 0, 64, 0, 0, 0, 192]"
1963.585032,Unknown Device,8,5,21,99,"[0, 0, 112, 0, 0, 0, 0, 240]"
1963.585169,Unknown Device,2,4,3,182,"[0, 0, 64, 152, 255, 255, 0, 0]"
1963.585333,Unknown Device,8,5,21,100,"[41, 38, 24, 250, 0, 192, 125, 0]"
1963.585448,Unknown Device,2,4,3,183,"[0, 0, 224, 251, 255, 255, 0, 0]"
1963.586154,Unknown Device,2,4,3,184,"[0, 0, 0, 0, 0, 0, 0, 128]"
1963.586426,Unknown Device,2,4,3,185,"[0, 0, 0, 0, 0, 0, 0, 128]"
1963.586597,Unknown Device,2,5,0,96,"[0, 0, 0, 0, 128, 3, 16, 0]"
1963.586747,Unknown Device,2,5,0,97,"[0, 0, 0, 0, 29, 51, 6, 0]"
1963.586912,Unknown Device,2,5,0,98,"[0, 0, 0, 0, 0, 0, 0, 0]"
1963.587032,Unknown Device,2,5,0,100,"[0, 0, 0, 0, 0, 0, 0, 0]"
1963.587197,Unknown Device,2,4,3,186,"[8, 0, 0, 0, 0, 0, 0, 0]"
1963.587348,Unknown Device,2,5,7,736,"[0, 0, 126, 6, 0, 24, 48, 0]"
1963.587491,Unknown Device,2,4,3,187,"[0, 0, 4, 0, 0, 0, 0, 0]"
1963.58786,Unknown Device,2,5,9,738,"[0, 0, 0, 0, 236, 140, 136, 63]"
1963.588015,Unknown Device,2,4,4,177,"[0, 0, 0, 98, 0, 16, 230, 255]"
1963.588292,Unknown Device,2,5,7,738,"[0, 0, 0, 128, 0, 0, 0, 128]"
1963.588662,Unknown Device,2,4,2,177,"[0, 0, 0, 98, 0, 16, 12, 0]"
1963.588812,Unknown Device,2,5,0,736,"[0, 0, 170, 6, 0, 24, 0, 0]"
1963.588955,Unknown Device,2,5,9,736,"[0, 0, 154, 6, 0, 23, 32, 0]"
1963.58952,Unknown Device,2,4,1,177,"[0, 0, 0, 226, 0, 16, 234, 255]"
1963.590311,Unknown Device,21,4,20,180,"[237, 255, 255, 95, 255, 8, 128, 1]"
1963.590929,Unknown Device,2,5,5,736,"[0, 0, 135, 6, 0, 24, 48, 0]"
1963.591071,Unknown Device,2,5,8,736,"[0, 0, 170, 6, 0, 24, 48, 0]"
1963.591222,Unknown Device,2,5,5,738,"[246, 124, 160, 51, 0, 0, 0, 128]"
1963.59135,Unknown Device,2,5,8,738,"[0, 0, 0, 128, 0, 0, 0, 128]"
1963.592269,Unknown Device,2,4,3,177,"[0, 0, 0, 226, 0, 16, 8, 0]"
1963.594663,Unknown Device,2,5,10,736,"[0, 0, 170, 6, 0, 24, 32, 0]"
1963.595073,Unknown Device,2,5,6,736,"[0, 0, 163, 6, 0, 24, 48, 0]"
1963.59521,Unknown Device,2,5,6,738,"[0, 0, 0, 128, 0, 0, 0, 128]"
1963.596588,Unknown Device,2,5,0,96,"[0, 0, 0, 0, 128, 3, 16, 0]"
1963.597392,Unknown Device,0,4,63,1,"[52, 94, 170, 126, 122, 12, 165, 247]"
1963.598,Unknown Device,2,4,4,177,"[0, 0, 0, 98, 0, 16, 249, 255]"
1963.598165,Unknown Device,2,4,4,183,"[0, 0, 224, 8, 0, 0, 0, 0]"
1963.598668,Unknown Device,2,4,2,177,"[0, 0, 0, 98, 0, 16, 4, 0]"
1963.598847,Unknown Device,2,4,2,183,"[0, 0, 64, 7, 0, 0, 0, 0]"
1963.598977,Unknown Device,1,1,0,97,"[113, 7, 74, 252, 0, 0, 0, 255]"
1963.599119,Unknown Device,2,5,9,736,"[0, 0, 154, 6, 0, 23, 32, 0]"
1963.5997,Unknown Device,2,4,1,177,"[0, 0, 0, 226, 0, 16, 214, 255]"
1963.599872,Unknown Device,2,4,1,183,"[0, 0, 128, 248, 255, 255, 0, 0]"
1963.600263,Unknown Device,21,4,20,431,"[0, 0, 0, 0, 1, 26, 19, 0]"
1963.600415,Unknown Device,21,4,20,285,"[0, 0, 0, 0, 0, 64, 0, 0]"
1963.600567,Unknown Device,21,4,20,180,"[237, 255, 255, 95, 255, 8, 128, 1]"
1963.600711,Unknown Device,21,4,20,195,"[241, 95, 6, 192, 253, 235, 255, 5]"
1963.600862,Unknown Device,21,4,20,196,"[37, 1, 204, 0, 32, 127, 0, 0]"
1963.601033,Unknown Device,21,4,20,197,"[45, 29, 0, 6, 176, 0, 0, 255]"
1963.601177,Unknown Device,21,4,20,198,"[4, 0, 32, 255, 255, 254, 255, 159]"
1963.601329,Unknown Device,21,4,20,199,"[14, 0, 128, 255, 255, 1, 0, 0]"
1963.60148,Unknown Device,21,4,20,203,"[0, 0, 0, 0, 0, 0, 0, 0]"
1963.60166,Unknown Device,21,4,20,200,"[180, 0, 152, 0, 128, 63, 0, 4]"
1963.60179,Unknown Device,21,4,20,202,"[7, 99, 0, 0, 0, 0, 0, 0]"
1963.601942,Unknown Device,21,4,20,205,"[0, 0, 0, 0, 0, 0, 0, 0]"
1963.602086,Unknown Device,21,4,20,206,"[166, 255, 51, 0, 164, 2, 0, 0]"
1963.602436,Unknown Device,2,4,3,177,"[0, 0, 0, 226, 0, 16, 18, 0]"
1963.603079,Unknown Device,2,4,3,183,"[0, 0, 224, 251, 255, 255, 0, 0]"
1963.603602,Unknown Device,2,5,0,103,"[0, 0, 0, 0, 0, 0, 0, 0]"
1963.604037,Unknown Device,8,5,21,96,"[0, 0, 0, 0, 0, 0, 0, 0]"
1963.604166,Unknown Device,8,5,21,97,"[0, 0, 0, 0, 0, 0, 0, 192]"
1963.604318,Unknown Device,8,5,21,98,"[0, 0, 0, 64, 0, 0, 0, 192]"
1963.60447,Unknown Device,8,5,21,99,"[0, 0, 112, 0, 0, 0, 0, 240]"
1963.6046,Unknown Device,8,5,21,100,"[41, 38, 24, 250, 0, 192, 125, 0]"
1963.604737,Unknown Device,2,5,10,737,"[0, 0, 0, 0, 0, 64, 0, 0]"
1963.606045,Unknown Device,2,5,8,737,"[0, 0, 0, 0, 0, 64, 0, 0]"
1963.606583,Unknown Device,2,5,0,97,"[0, 0, 0, 0, 29, 52, 6, 0]"
1963.606727,Unknown Device,2,5,0,98,"[0, 0, 0, 0, 0, 0, 0, 0]"
1963.606865,Unknown Device,2,5,0,100,"[0, 0, 0, 0, 0, 0, 0, 0]"
1963.607036,Unknown Device,2,5,0,96,"[0, 0, 0, 0, 128, 3, 16, 0]"
1963.607288,Unknown Device,2,5,7,736,"[0, 0, 126, 6, 0, 24, 48, 0]"
1963.607596,Unknown Device,2,5,0,99,"[0, 0, 0, 0, 0, 0, 0, 0]"
1963.60787,Unknown Device,2,5,9,738,"[0, 0, 0, 0, 236, 140, 136, 63]"
1963.608047,Unknown Device,2,4,4,177,"[0, 0, 0, 98, 0, 16, 254, 255]"
1963.608284,Unknown Device,2,5,7,738,"[0, 0, 0, 128, 0, 0, 0, 128]"
1963.608685,Unknown Device,2,5,0,736,"[0, 0, 171, 6, 0, 24, 0, 0]"
1963.608836,Unknown Device,2,4,2,177,"[0, 0, 0, 98, 0, 16, 251, 255]"
1963.608985,Unknown Device,2,5,9,736,"[0, 0, 154, 6, 0, 23, 32, 0]"
1963.609578,Unknown Device,2,4,1,177,"[0, 0, 0, 226, 0, 16, 225, 255]"
1963.610304,Unknown Device,21,4,20,180,"[237, 255, 255, 95, 255, 8, 128, 1]"
1963.610913,Unknown Device,2,5,5,736,"[0, 0, 136, 6, 0, 24, 48, 0]"
1963.611056,Unknown Device,2,5,8,736,"[0, 0, 171, 6, 0, 24, 48, 0]"
1963.611208,Unknown Device,2,5,5,738,"[246, 124, 160, 51, 0, 0, 0, 128]"
1963.611352,Unknown Device,2,5,8,738,"[0, 0, 0, 128, 0, 0, 0, 128]"
1963.612307,Unknown Device,2,4,3,177,"[0, 0, 0, 226, 0, 16, 23, 0]"
1963.613296,Unknown,Unknown,Unknown,Unknown,996,"[2, 62, 0, 170, 170, 170, 170, 170]"
1963.613575,Unknown,Unknown,Unknown,Unknown,997,"[6, 126, 21, 4, 252, 84, 9, 170]"
1963.614645,Unknown Device,2,5,10,736,"[0, 0, 170, 6, 0, 24, 32, 0]"
1963.615052,Unknown Device,2,5,6,736,"[0, 0, 163, 6, 0, 24, 48, 0]"
1963.615196,Unknown Device,2,5,6,737,"[0, 0, 0, 0, 0, 64, 0, 0]"
1963.615348,Unknown Device,2,5,6,738,"[0, 0, 0, 128, 0, 0, 0, 128]"
1963.616582,Unknown Device,2,5,0,96,"[0, 0, 0, 0, 128, 3, 16, 0]"
1963.617907,Unknown Device,2,4,4,177,"[0, 0, 0, 98, 0, 16, 244, 255]"
1963.618093,Unknown Device,2,4,4,183,"[0, 0, 224, 8, 0, 0, 0, 0]"
1963.618716,Unknown Device,2,4,2,177,"[0, 0, 0, 98, 0, 16, 241, 255]"
1963.618903,Unknown Device,2,5,9,736,"[0, 0, 153, 6, 0, 23, 32, 0]"
1963.619045,Unknown Device,2,4,2,183,"[0, 0, 64, 7, 0, 0, 0, 0]"
1963.61954,Unknown,Unknown,Unknown,Unknown,996,"[1, 176, 170, 170, 170, 170, 170, 170]"
1963.619685,Unknown Device,2,4,1,177,"[0, 0, 0, 226, 0, 16, 237, 255]"
1963.619865,Unknown,Unknown,Unknown,Unknown,997,"[16, 98, 240, 26, 1, 1, 1, 221]"
1963.620229,Unknown Device,1,1,0,97,"[113, 7, 74, 252, 0, 0, 0, 255]"
1963.620366,Unknown Device,21,4,20,180,"[236, 255, 255, 95, 255, 8, 128, 1]"
1963.62051,Unknown Device,2,4,1,183,"[0, 0, 128, 248, 255, 255, 0, 0]"
1963.620648,Unknown Device,21,4,20,195,"[241, 95, 6, 192, 253, 235, 255, 5]"
1963.622307,Unknown Device,2,4,3,177,"[0, 0, 0, 226, 0, 16, 33, 0]"
1963.622465,Unknown Device,2,4,3,183,"[0, 0, 224, 251, 255, 255, 0, 0]"
1963.624034,Unknown Device,8,5,21,96,"[0, 0, 0, 0, 0, 0, 0, 0]"
1963.624164,Unknown Device,8,5,21,97,"[0, 0, 0, 0, 0, 0, 0, 192]"
1963.624302,Unknown Device,8,5,21,98,"[0, 0, 0, 64, 0, 0, 0, 192]"
1963.624454,Unknown Device,8,5,21,99,"[0, 0, 112, 0, 0, 0, 0, 240]"
1963.624597,Unknown Device,8,5,21,100,"[41, 38, 24, 250, 0, 192, 125, 0]"
1963.625744,Unknown,Unknown,Unknown,Unknown,996,"[48, 0, 5, 170, 170, 170, 170, 170]"
1963.626579,Unknown Device,2,5,0,96,"[0, 0, 0, 0, 128, 3, 16, 0]"
1963.626717,Unknown Device,2,5,0,97,"[0, 0, 0, 0, 29, 51, 6, 0]"
1963.62687,Unknown Device,2,5,0,98,"[0, 0, 0, 0, 0, 0, 0, 0]"
1963.627018,Unknown Device,2,5,0,100,"[0, 0, 0, 0, 0, 0, 0, 0]"
1963.62727,Unknown Device,2,5,7,736,"[0, 0, 126, 6, 0, 24, 48, 0]"
1963.627997,Unknown Device,2,4,4,177,"[0, 0, 0, 98, 0, 16, 4, 0]"
1963.628135,Unknown Device,2,5,9,738,"[0, 0, 0, 0, 236, 140, 136, 63]"
1963.628287,Unknown Device,2,5,7,738,"[0, 0, 0, 128, 0, 0, 0, 128]"
1963.628666,Unknown Device,2,4,2,177,"[0, 0, 0, 98, 0, 16, 255, 255]"
1963.628818,Unknown Device,2,5,0,736,"[0, 0, 171, 6, 0, 24, 0, 0]"
1963.628955,Unknown Device,2,5,9,736,"[0, 0, 155, 6, 0, 23, 32, 0]"
1963.629541,Unknown Device,2,4,1,177,"[0, 0, 0, 226, 0, 16, 222, 255]"
1963.630295,Unknown,Unknown,Unknown,Unknown,997,"[33, 80, 6, 15, 74, 57, 72, 83]"
1963.630452,Unknown Device,21,4,20,180,"[236, 255, 255, 95, 255, 8, 128, 1]"
1963.630921,Unknown Device,2,5,5,736,"[0, 0, 136, 6, 0, 24, 48, 0]"
1963.631063,Unknown Device,2,5,8,736,"[0, 0, 171, 6, 0, 24, 48, 0]"
1963.631214,Unknown Device,2,5,5,738,"[246, 124, 160, 51, 0, 0, 0, 128]"
1963.631342,Unknown Device,2,5,8,738,"[0, 0, 0, 128, 0, 0, 0, 128]"
1963.632283,Unknown Device,2,4,3,177,"[0, 0, 0, 226, 0, 16, 29, 0]"
1963.634659,Unknown Device,2,5,10,736,"[0, 0, 170, 6, 0, 24, 32, 0]"
1963.635062,Unknown Device,2,5,6,736,"[0, 0, 162, 6, 0, 24, 48, 0]"
1963.635205,Unknown Device,2,5,6,738,"[0, 0, 0, 128, 0, 0, 0, 128]"
1963.635341,Unknown,Unknown,Unknown,Unknown,997,"[34, 30, 6, 231, 7, 2, 2, 28]"
1963.63658,Unknown Device,2,5,0,96,"[0, 0, 0, 0, 128, 3, 16, 0]"
1963.637978,Unknown Device,2,4,4,177,"[0, 0, 0, 98, 0, 16, 0, 0]"
1963.638171,Unknown Device,2,4,4,183,"[0, 0, 224, 8, 0, 0, 0, 0]"
1963.638676,Unknown Device,2,4,2,177,"[0, 0, 0, 98, 0, 16, 249, 255]"
1963.638847,Unknown Device,2,4,2,183,"[0, 0, 64, 7, 0, 0, 0, 0]"
1963.638989,Unknown Device,2,5,9,736,"[0, 0, 155, 6, 0, 23, 32, 0]"
1963.639564,Unknown Device,2,4,1,177,"[0, 0, 0, 226, 0, 16, 223, 255]"
1963.639758,Unknown Device,2,4,1,183,"[0, 0, 128, 248, 255, 255, 0, 0]"
1963.640302,Unknown,Unknown,Unknown,Unknown,997,"[35, 4, 0, 0, 0, 128, 32, 32]"
1963.640453,Unknown Device,21,4,20,180,"[236, 255, 255, 95, 255, 8, 128, 1]"
1963.640617,Unknown Device,21,4,20,195,"[241, 95, 6, 176, 253, 235, 255, 5]"
1963.641239,Unknown Device,1,1,0,97,"[113, 7, 74, 252, 0, 0, 0, 255]"
1963.641367,Unknown Device,0,4,63,1,"[52, 94, 171, 124, 34, 214, 193, 224]"
1963.642373,Unknown Device,2,4,3,177,"[0, 0, 0, 226, 0, 16, 28, 0]"
1963.642566,Unknown Device,2,4,3,183,"[0, 0, 224, 251, 255, 255, 0, 0]"
1963.64403,Unknown Device,8,5,21,96,"[0, 0, 0, 0, 0, 0, 0, 0]"
1963.64416,Unknown Device,8,5,21,97,"[0, 0, 0, 0, 0, 0, 0, 192]"
1963.644298,Unknown Device,8,5,21,98,"[0, 0, 0, 64, 0, 0, 0, 192]"
1963.64445,Unknown Device,8,5,21,99,"[0, 0, 112, 0, 0, 0, 0, 240]"
1963.64458,Unknown Device,8,5,21,100,"[43, 38, 24, 250, 0, 192, 125, 0]"
1963.645314,Unknown,Unknown,Unknown,Unknown,997,"[36, 32, 81, 25, 66, 3, 0, 80]"
1963.646568,Unknown Device,2,5,0,96,"[0, 0, 0, 0, 128, 3, 16, 0]"
1963.646713,Unknown Device,2,5,0,97,"[0, 0, 0, 0, 29, 51, 6, 0]"
1963.646865,Unknown Device,2,5,0,98,"[0, 0, 0, 0, 0, 0, 0, 0]"
1963.647014,Unknown Device,2,5,0,100,"[0, 0, 0, 0, 0, 0, 0, 0]"
1963.64728,Unknown Device,2,5,7,736,"[0, 0, 125, 6, 0, 24, 48, 0]"
1963.647874,Unknown Device,2,5,9,738,"[0, 0, 0, 0, 236, 140, 136, 63]"
1963.648031,Unknown Device,2,4,4,177,"[0, 0, 0, 98, 0, 16, 0, 0]"
1963.648269,Unknown Device,2,5,7,738,"[0, 0, 0, 128, 0, 0, 0, 128]"
1963.648656,Unknown Device,2,4,2,177,"[0, 0, 0, 98, 0, 16, 11, 0]"
1963.648771,Unknown Device,2,5,0,736,"[0, 0, 171, 6, 0, 24, 0, 0]"
1963.648923,Unknown Device,2,5,9,736,"[0, 0, 154, 6, 0, 23, 32, 0]"
1963.649508,Unknown Device,2,4,1,177,"[0, 0, 0, 226, 0, 16, 237, 255]"
1963.650301,Unknown,Unknown,Unknown,Unknown,997,"[37, 105, 103, 101, 111, 110, 32, 50]"
1963.650445,Unknown Device,21,4,20,180,"[236, 255, 255, 95, 255, 8, 128, 1]"
1963.650911,Unknown Device,2,5,5,736,"[0, 0, 136, 6, 0, 24, 48, 0]"
1963.65106,Unknown Device,2,5,8,736,"[0, 0, 170, 6, 0, 24, 48, 0]"
1963.651198,Unknown Device,2,5,5,737,"[0, 0, 0, 0, 0, 64, 0, 0]"
1963.651336,Unknown Device,2,5,5,738,"[246, 124, 160, 51, 0, 0, 0, 128]"
1963.65148,Unknown Device,2,5,8,738,"[0, 0, 0, 128, 0, 0, 0, 128]"
1963.652258,Unknown Device,2,4,3,177,"[0, 0, 0, 226, 0, 16, 32, 0]"
1963.654646,Unknown Device,2,5,10,736,"[0, 0, 169, 6, 0, 24, 32, 0]"
1963.655067,Unknown Device,2,5,6,736,"[0, 0, 162, 6, 0, 24, 48, 0]"
1963.655219,Unknown Device,2,5,6,738,"[0, 0, 0, 128, 0, 0, 0, 128]"
1963.655349,Unknown,Unknown,Unknown,Unknown,997,"[38, 32, 118, 101, 114, 115, 46, 32]"
1963.65657,Unknown Device,2,5,0,96,"[0, 0, 0, 0, 128, 3, 16, 0]"
1963.657583,Unknown Device,2,5,0,99,"[0, 0, 0, 0, 0, 0, 0, 0]"
1963.657942,Unknown Device,2,4,4,177,"[0, 0, 0, 98, 0, 16, 2, 0]"
1963.658142,Unknown Device,2,4,4,183,"[0, 0, 224, 8, 0, 0, 0, 0]"
1963.658642,Unknown Device,2,4,2,177,"[0, 0, 0, 98, 0, 16, 10, 0]"
1963.658818,Unknown Device,2,4,2,183,"[0, 0, 64, 7, 0, 0, 0, 0]"
1963.658961,Unknown Device,2,5,9,736,"[0, 0, 154, 6, 0, 23, 32, 0]"
1963.659541,Unknown Device,2,4,1,177,"[0, 0, 0, 226, 0, 16, 235, 255]"
1963.65975,Unknown Device,2,4,1,183,"[0, 0, 128, 248, 255, 255, 0, 0]"
1963.660306,Unknown,Unknown,Unknown,Unknown,997,"[39, 83, 0, 0, 0, 0, 0, 0]"
1963.66045,Unknown Device,21,4,20,180,"[235, 255, 255, 95, 255, 8, 128, 1]"
1963.660608,Unknown Device,21,4,20,195,"[241, 95, 6, 192, 253, 235, 255, 5]"
1963.661983,Unknown Device,1,1,0,97,"[113, 7, 74, 252, 0, 0, 0, 255]"
1963.66233,Unknown Device,2,4,3,177,"[0, 0, 0, 226, 0, 16, 27, 0]"
1963.662503,Unknown Device,2,4,3,183,"[0, 0, 224, 251, 255, 255, 0, 0]"
1963.664004,Unknown Device,8,5,21,96,"[0, 0, 0, 0, 0, 0, 0, 0]"
1963.664149,Unknown Device,8,5,21,97,"[0, 0, 0, 0, 0, 0, 0, 192]"
1963.664292,Unknown Device,8,5,21,98,"[0, 0, 0, 64, 0, 0, 0, 192]"
1963.664444,Unknown Device,8,5,21,99,"[0, 0, 112, 0, 0, 0, 0, 240]"
1963.664574,Unknown Device,8,5,21,100,"[43, 38, 24, 250, 0, 192, 125, 0]"
1963.665309,Unknown,Unknown,Unknown,Unknown,997,"[40, 0, 0, 0, 0, 0, 0, 0]"
1963.666565,Unknown Device,2,5,0,96,"[0, 0, 0, 0, 128, 3, 16, 0]"
1963.666711,Unknown Device,2,5,0,97,"[0, 0, 0, 0, 29, 52, 6, 0]"
1963.666854,Unknown Device,2,5,0,98,"[0, 0, 0, 0, 0, 0, 0, 0]"
1963.667003,Unknown Device,2,5,0,100,"[0, 0, 0, 0, 0, 0, 0, 0]"
1963.667283,Unknown Device,2,5,7,736,"[0, 0, 127, 6, 0, 24, 48, 0]"
1963.66787,Unknown Device,2,5,9,738,"[0, 0, 0, 0, 236, 140, 136, 63]"
1963.668013,Unknown Device,2,4,4,177,"[0, 0, 0, 98, 0, 16, 241, 255]"
1963.668265,Unknown Device,2,5,7,738,"[0, 0, 0, 128, 0, 0, 0, 128]"
1963.668668,Unknown Device,2,5,0,736,"[0, 0, 170, 6, 0, 24, 0, 0]"
1963.668812,Unknown Device,2,4,2,177,"[0, 0, 0, 98, 0, 16, 16, 0]"
1963.668968,Unknown Device,2,5,9,736,"[0, 0, 154, 6, 0, 23, 32, 0]"
1963.669623,Unknown Device,2,4,1,177,"[0, 0, 0, 226, 0, 16, 241, 255]"
1963.67027,Unknown,Unknown,Unknown,Unknown,997,"[41, 0, 0, 0, 67, 114, 111, 115]"
1963.670431,Unknown Device,21,4,20,180,"[235, 255, 255, 95, 255, 7, 128, 1]"
1963.670905,Unknown Device,2,5,5,736,"[0, 0, 136, 6, 0, 24, 48, 0]"
1963.671053,Unknown Device,2,5,8,736,"[0, 0, 170, 6, 0, 24, 48, 0]"
1963.671183,Unknown Device,2,5,5,738,"[246, 124, 160, 51, 0, 0, 0, 128]"
1963.671335,Unknown Device,2,5,8,738,"[0, 0, 0, 128, 0, 0, 0, 128]"
1963.672313,Unknown Device,2,4,3,177,"[0, 0, 0, 226, 0, 16, 10, 0]"
1963.67463,Unknown Device,2,5,10,736,"[0, 0, 170, 6, 0, 24, 32, 0]"
1963.675041,Unknown Device,2,5,6,736,"[0, 0, 162, 6, 0, 24, 48, 0]"
1963.675183,Unknown Device,2,5,6,738,"[0, 0, 0, 128, 0, 0, 0, 128]"
1963.675326,Unknown,Unknown,Unknown,Unknown,997,"[42, 115, 32, 84, 104, 101, 32, 82]"
1963.676567,Unknown Device,2,5,0,96,"[0, 0, 0, 0, 128, 3, 16, 0]"
1963.677866,Unknown Device,2,4,4,177,"[0, 0, 0, 98, 0, 16, 255, 255]"
1963.67804,Unknown Device,2,4,4,183,"[0, 0, 224, 8, 0, 0, 0, 0]"
1963.678267,Unknown Device,2,5,7,737,"[0, 0, 0, 0, 0, 64, 0, 0]"
1963.67872,Unknown Device,2,4,2,177,"[0, 0, 0, 98, 0, 16, 1, 0]"
1963.678885,Unknown Device,2,5,9,736,"[0, 0, 154, 6, 0, 23, 32, 0]"
1963.679033,Unknown Device,2,4,2,183,"[0, 0, 64, 7, 0, 0, 0, 0]"
1963.679649,Unknown Device,2,4,1,177,"[0, 0, 0, 226, 0, 16, 233, 255]"
1963.679834,Unknown Device,2,4,1,183,"[0, 0, 128, 248, 255, 255, 0, 0]"
1963.680264,Unknown,Unknown,Unknown,Unknown,997,"[43, 111, 97, 100, 32, 69, 108, 101]"
1963.680421,Unknown Device,21,4,20,180,"[235, 255, 255, 95, 255, 8, 128, 1]"
1963.680564,Unknown Device,21,4,20,195,"[241, 95, 6, 192, 253, 235, 255, 5]"
1963.682235,Unknown Device,2,4,3,177,"[0, 0, 0, 226, 0, 16, 13, 0]"
1963.6824,Unknown Device,2,4,3,183,"[0, 0, 224, 251, 255, 255, 0, 0]"
1963.682726,Unknown Device,1,1,0,97,"[113, 7, 202, 252, 0, 0, 0, 255]"
1963.683271,Unknown Device,0,4,63,1,"[52, 94, 170, 120, 131, 203, 155, 249]"
1963.684005,Unknown Device,8,5,21,96,"[0, 0, 0, 0, 0, 0, 0, 0]"
1963.684148,Unknown Device,8,5,21,97,"[0, 0, 0, 0, 0, 0, 0, 192]"
1963.684284,Unknown Device,8,5,21,98,"[0, 0, 0, 64, 0, 0, 0, 192]"
1963.684427,Unknown Device,8,5,21,99,"[0, 0, 112, 0, 0, 0, 0, 240]"
1963.68457,Unknown Device,8,5,21,100,"[43, 38, 24, 250, 0, 192, 125, 0]"
1963.685283,Unknown,Unknown,Unknown,Unknown,997,"[44, 99, 116, 114, 111, 110, 105, 99]"
1963.686561,Unknown Device,2,5,0,96,"[0, 0, 0, 0, 128, 3, 16, 0]"
1963.686704,Unknown Device,2,5,0,97,"[0, 0, 0, 0, 29, 52, 6, 0]"
1963.686855,Unknown Device,2,5,0,98,"[0, 0, 0, 0, 0, 0, 0, 0]"
1963.687003,Unknown Device,2,5,0,100,"[0, 0, 0, 0, 0, 0, 0, 0]"
1963.687266,Unknown Device,2,5,7,736,"[0, 0, 126, 6, 0, 24, 48, 0]"
1963.687874,Unknown Device,2,5,9,738,"[0, 0, 0, 0, 236, 140, 136, 63]"
1963.688008,Unknown Device,2,4,4,177,"[0, 0, 0, 98, 0, 16, 252, 255]"
1963.68825,Unknown Device,2,5,7,738,"[0, 0, 0, 128, 0, 0, 0, 128]"
1963.68866,Unknown Device,2,5,0,736,"[0, 0, 170, 6, 0, 24, 0, 0]"
1963.688803,Unknown Device,2,4,2,177,"[0, 0, 0, 98, 0, 16, 253, 255]"
1963.688954,Unknown Device,2,5,9,736,"[0, 0, 154, 6, 0, 23, 32, 0]"
1963.689603,Unknown Device,2,4,1,177,"[0, 0, 0, 226, 0, 16, 218, 255]"
1963.690323,Unknown,Unknown,Unknown,Unknown,997,"[45, 115, 0, 0, 0, 0, 0, 0]"
1963.690453,Unknown Device,21,4,20,180,"[235, 255, 255, 95, 255, 8, 128, 1]"
1963.690898,Unknown Device,2,5,5,736,"[0, 0, 135, 6, 0, 24, 48, 0]"
1963.691032,Unknown Device,2,5,8,736,"[0, 0, 171, 6, 0, 24, 48, 0]"
1963.69117,Unknown Device,2,5,5,738,"[246, 124, 160, 51, 0, 0, 0, 128]"
1963.691329,Unknown Device,2,5,8,738,"[0, 0, 0, 128, 0, 0, 0, 128]"
1963.692284,Unknown Device,2,4,3,177,"[0, 0, 0, 226, 0, 16, 26, 0]"
1963.69462,Unknown Device,2,5,10,736,"[0, 0, 170, 6, 0, 24, 32, 0]"
1963.695041,Unknown Device,2,5,6,736,"[0, 0, 162, 6, 0, 24, 48, 0]"
1963.695185,Unknown Device,2,5,6,738,"[0, 0, 0, 128, 0, 0, 0, 128]"
1963.695323,Unknown,Unknown,Unknown,Unknown,997,"[46, 19, 170, 170, 170, 170, 170, 170]"
1963.696555,Unknown Device,2,5,0,96,"[0, 0, 0, 0, 128, 3, 16, 0]"
1963.697962,Unknown Device,2,4,4,177,"[0, 0, 0, 98, 0, 16, 242, 255]"
1963.698129,Unknown Device,2,4,4,183,"[0, 0, 224, 8, 0, 0, 0, 0]"
1963.698671,Unknown Device,2,4,2,177,"[0, 0, 0, 98, 0, 16, 251, 255]"
1963.698844,Unknown Device,2,4,2,183,"[0, 0, 64, 7, 0, 0, 0, 0]"
1963.698987,Unknown Device,2,5,9,736,"[0, 0, 154, 6, 0, 23, 32, 0]"
1963.69958,Unknown Device,2,5,0,101,"[0, 0, 0, 0, 0, 0, 16, 0]"
1963.699732,Unknown Device,2,4,1,177,"[0, 0, 0, 226, 0, 16, 234, 255]"
1963.700258,Unknown Device,21,4,20,180,"[235, 255, 255, 95, 255, 8, 128, 1]"
1963.700403,Unknown Device,21,4,20,195,"[241, 95, 6, 192, 253, 235, 255, 5]"
1963.700555,Unknown Device,2,4,1,183,"[0, 0, 128, 248, 255, 255, 0, 0]"
1963.700699,Unknown Device,2,5,0,102,"[0, 0, 0, 0, 0, 0, 0, 0]"
1963.700843,Unknown Device,21,4,20,196,"[37, 1, 202, 0, 32, 127, 0, 0]"
1963.701014,Unknown Device,21,4,20,199,"[26, 0, 224, 0, 0, 254, 255, 15]"
1963.701144,Unknown Device,21,4,20,200,"[124, 0, 128, 0, 224, 63, 0, 4]"
1963.702241,Unknown Device,2,4,3,177,"[0, 0, 0, 226, 0, 16, 28, 0]"
1963.702442,Unknown Device,2,4,3,183,"[0, 0, 224, 251, 255, 255, 0, 0]"
1963.703392,Unknown,Unknown,Unknown,Unknown,996,"[1, 187, 170, 170, 170, 170, 170, 170]"
1963.703649,Unknown,Unknown,Unknown,Unknown,997,"[6, 251, 1, 163, 82, 5, 0, 170]"
1963.703794,Unknown Device,1,1,0,97,"[113, 7, 202, 252, 0, 0, 0, 255]"
1963.704007,Unknown Device,8,5,21,96,"[0, 0, 0, 0, 0, 0, 0, 0]"
1963.704137,Unknown Device,8,5,21,97,"[0, 0, 0, 0, 0, 0, 0, 192]"
1963.704281,Unknown Device,8,5,21,98,"[0, 0, 0, 64, 0, 0, 0, 192]"
1963.704433,Unknown Device,8,5,21,99,"[0, 0, 112, 0, 0, 0, 0, 240]"
1963.704563,Unknown Device,8,5,21,100,"[43, 38, 24, 250, 0, 192, 125, 0]"
1963.706557,Unknown Device,2,5,0,100,"[0, 0, 0, 0, 0, 0, 0, 0]"
1963.706701,Unknown Device,2,5,0,96,"[0, 0, 0, 0, 128, 3, 16, 0]"
1963.706846,Unknown Device,2,5,0,97,"[0, 0, 0, 0, 29, 52, 6, 0]"
1963.707017,Unknown Device,2,5,0,98,"[0, 0, 0, 0, 0, 0, 0, 0]"
1963.707261,Unknown Device,2,5,7,736,"[0, 0, 126, 6, 0, 24, 48, 0]"
1963.707591,Unknown Device,2,5,0,99,"[0, 0, 0, 0, 0, 0, 0, 0]"
1963.707857,Unknown Device,2,5,9,738,"[0, 0, 0, 0, 236, 140, 136, 63]"
1963.708006,Unknown Device,2,4,4,177,"[0, 0, 0, 98, 0, 16, 235, 255]"
1963.708264,Unknown Device,2,5,7,738,"[0, 0, 0, 128, 0, 0, 0, 128]"
1963.708658,Unknown Device,2,5,0,736,"[0, 0, 170, 6, 0, 24, 0, 0]"
1963.708796,Unknown Device,2,4,2,177,"[0, 0, 0, 98, 0, 16, 240, 255]"
1963.70894,Unknown Device,2,5,9,736,"[0, 0, 154, 6, 0, 23, 32, 0]"
1963.709083,Unknown Device,2,5,9,737,"[0, 0, 0, 8, 0, 64, 0, 0]"
1963.709519,Unknown Device,2,4,1,177,"[0, 0, 0, 226, 0, 16, 240, 255]"
1963.710275,Unknown Device,21,4,20,180,"[235, 255, 255, 95, 255, 8, 128, 1]"
1963.710905,Unknown Device,2,5,5,736,"[0, 0, 135, 6, 0, 24, 48, 0]"
1963.71104,Unknown Device,2,5,8,736,"[0, 0, 171, 6, 0, 24, 48, 0]"
1963.71117,Unknown Device,2,5,5,738,"[246, 124, 160, 51, 0, 0, 0, 128]"
1963.711314,Unknown Device,2,5,8,738,"[0, 0, 0, 128, 0, 0, 0, 128]"
1963.712295,Unknown Device,2,4,3,177,"[0, 0, 0, 226, 0, 16, 30, 0]"
1963.712732,Unknown,Unknown,Unknown,Unknown,996,"[1, 200, 170, 170, 170, 170, 170, 170]"
1963.713003,Unknown,Unknown,Unknown,Unknown,997,"[3, 8, 0, 0, 170, 170, 170, 170]"
1963.714635,Unknown Device,2,5,10,736,"[0, 0, 170, 6, 0, 24, 32, 0]"
1963.71504,Unknown Device,2,5,6,736,"[0, 0, 162, 6, 0, 24, 48, 0]"
1963.715184,Unknown Device,2,5,6,738,"[0, 0, 0, 128, 0, 0, 0, 128]"
1963.716571,Unknown Device,2,5,0,96,"[0, 0, 0, 0, 128, 3, 16, 0]"
1963.717991,Unknown Device,2,4,4,177,"[0, 0, 0, 98, 0, 16, 254, 255]"
1963.718164,Unknown Device,2,4,4,183,"[0, 0, 224, 8, 0, 0, 0, 0]"
1963.718692,Unknown Device,2,4,2,177,"[0, 0, 0, 98, 0, 16, 3, 0]"
1963.718879,Unknown Device,2,4,2,183,"[0, 0, 64, 7, 0, 0, 0, 0]"
1963.719028,Unknown Device,2,5,9,736,"[0, 0, 155, 6, 0, 23, 32, 0]"
1963.719157,Unknown,Unknown,Unknown,Unknown,996,"[2, 197, 9, 170, 170, 170, 170, 170]"
1963.719412,Unknown,Unknown,Unknown,Unknown,997,"[2, 5, 9, 170, 170, 170, 170, 170]"
1963.719597,Unknown Device,2,4,1,177,"[0, 0, 0, 226, 0, 16, 226, 255]"
1963.719796,Unknown Device,2,4,1,183,"[0, 0, 128, 248, 255, 255, 0, 0]"
1963.720268,Unknown Device,21,4,20,180,"[235, 255, 255, 95, 255, 8, 128, 1]"
1963.720425,Unknown Device,21,4,20,195,"[241, 95, 6, 192, 253, 235, 255, 5]"
1963.720731,Unknown,Unknown,Unknown,Unknown,996,"[2, 197, 15, 170, 170, 170, 170, 170]"
1963.721005,Unknown,Unknown,Unknown,Unknown,997,"[2, 5, 15, 170, 170, 170, 170, 170]"
1963.72232,Unknown Device,2,4,3,177,"[0, 0, 0, 226, 0, 16, 18, 0]"
1963.722491,Unknown Device,2,4,3,183,"[0, 0, 224, 251, 255, 255, 0, 0]"
1963.723992,Unknown Device,8,5,21,96,"[0, 0, 0, 0, 0, 0, 0, 0]"
1963.724143,Unknown Device,8,5,21,97,"[0, 0, 0, 0, 0, 0, 0, 192]"
1963.724286,Unknown Device,8,5,21,98,"[0, 0, 0, 64, 0, 0, 0, 192]"
1963.724429,Unknown Device,8,5,21,99,"[0, 0, 112, 0, 0, 0, 0, 240]"
1963.724565,Unknown Device,8,5,21,100,"[41, 38, 24, 250, 0, 192, 125, 0]"
1963.724708,Unknown Device,1,1,0,97,"[113, 7, 202, 252, 0, 0, 0, 255]"
1963.725103,Unknown Device,0,4,63,1,"[52, 94, 170, 123, 179, 130, 157, 221]"
1963.726579,Unknown Device,2,5,0,96,"[0, 0, 0, 0, 128, 3, 16, 0]"
1963.726715,Unknown Device,2,5,0,97,"[0, 0, 0, 0, 29, 51, 6, 0]"
1963.726872,Unknown Device,2,5,0,98,"[0, 0, 0, 0, 0, 0, 0, 0]"
1963.72702,Unknown Device,2,5,0,100,"[0, 0, 0, 0, 0, 0, 0, 0]"
1963.727255,Unknown Device,2,5,7,736,"[0, 0, 126, 6, 0, 24, 48, 0]"
1963.727843,Unknown Device,2,5,9,738,"[0, 0, 0, 0, 236, 140, 136, 63]"
1963.728004,Unknown Device,2,4,4,177,"[0, 0, 0, 98, 0, 16, 254, 255]"
1963.728254,Unknown Device,2,5,7,738,"[0, 0, 0, 128, 0, 0, 0, 128]"
1963.728566,Unknown Device,2,4,2,177,"[0, 0, 0, 98, 0, 16, 0, 0]"
1963.728703,Unknown Device,2,5,0,736,"[0, 0, 171, 6, 0, 24, 0, 0]"
1963.729197,Unknown Device,2,5,9,736,"[0, 0, 154, 6, 0, 23, 32, 0]"
1963.729551,Unknown Device,2,4,1,177,"[0, 0, 0, 226, 0, 16, 229, 255]"
1963.730271,Unknown Device,21,4,20,180,"[235, 255, 255, 95, 255, 7, 128, 1]"
1963.730887,Unknown Device,2,5,5,736,"[0, 0, 136, 6, 0, 24, 48, 0]"
1963.731034,Unknown Device,2,5,8,736,"[0, 0, 171, 6, 0, 24, 48, 0]"
1963.731171,Unknown Device,2,5,5,738,"[246, 124, 160, 51, 0, 0, 0, 128]"
1963.731313,Unknown Device,2,5,8,738,"[0, 0, 0, 128, 0, 0, 0, 128]"
1963.732309,Unknown Device,2,4,3,177,"[0, 0, 0, 226, 0, 16, 18, 0]"
1963.734618,Unknown Device,2,5,10,736,"[0, 0, 169, 6, 0, 24, 32, 0]"
1963.73503,Unknown Device,2,5,6,736,"[0, 0, 161, 6, 0, 24, 48, 0]"
1963.735174,Unknown Device,2,5,6,738,"[0, 0, 0, 128, 0, 0, 0, 128]"
1963.736585,Unknown Device,2,5,0,96,"[0, 0, 0, 0, 128, 3, 16, 0]"
1963.737931,Unknown Device,2,4,4,177,"[0, 0, 0, 98, 0, 16, 1, 0]"
1963.738116,Unknown Device,2,4,4,183,"[0, 0, 224, 8, 0, 0, 0, 0]"
1963.738652,Unknown Device,2,4,2,177,"[0, 0, 0, 98, 0, 16, 10, 0]"
1963.738838,Unknown Device,2,4,2,183,"[0, 0, 64, 7, 0, 0, 0, 0]"
1963.738981,Unknown Device,2,5,9,736,"[0, 0, 153, 6, 0, 23, 32, 0]"
1963.739546,Unknown Device,2,4,1,177,"[0, 0, 0, 226, 0, 16, 228, 255]"
1963.739718,Unknown Device,2,4,1,183,"[0, 0, 128, 248, 255, 255, 0, 0]"
1963.740288,Unknown Device,21,4,20,180,"[235, 255, 255, 95, 255, 8, 128, 1]"
1963.740454,Unknown Device,21,4,20,195,"[241, 95, 6, 192, 253, 235, 255, 5]"
1963.742296,Unknown Device,2,4,3,177,"[0, 0, 0, 226, 0, 16, 5, 0]"
1963.742469,Unknown Device,2,4,3,183,"[0, 0, 224, 251, 255, 255, 0, 0]"
1963.743983,Unknown Device,8,5,21,96,"[0, 0, 0, 0, 0, 0, 0, 0]"
1963.74415,Unknown Device,8,5,21,97,"[0, 0, 0, 0, 0, 0, 0, 192]"
1963.74428,Unknown Device,8,5,21,98,"[0, 0, 0, 64, 0, 0, 0, 192]"
1963.744424,Unknown Device,8,5,21,99,"[0, 0, 112, 0, 0, 0, 0, 240]"
1963.744554,Unknown Device,8,5,21,100,"[41, 38, 24, 250, 0, 192, 125, 0]"
1963.745694,Unknown Device,1,1,0,97,"[113, 7, 202, 252, 0, 0, 0, 255]"
1963.746569,Unknown Device,2,5,0,96,"[0, 0, 0, 0, 128, 3, 16, 0]"
1963.746707,Unknown Device,2,5,0,97,"[0, 0, 0, 0, 29, 52, 6, 0]"
1963.746851,Unknown Device,2,5,0,98,"[0, 0, 0, 0, 0, 0, 0, 0]"
1963.747001,Unknown Device,2,5,0,100,"[0, 0, 0, 0, 0, 0, 0, 0]"
1963.747281,Unknown Device,2,5,7,736,"[0, 0, 126, 6, 0, 24, 48, 0]"
1963.747852,Unknown Device,2,5,9,738,"[0, 0, 0, 0, 236, 140, 136, 63]"
1963.747987,Unknown Device,2,4,4,177,"[0, 0, 0, 98, 0, 16, 243, 255]"
1963.748253,Unknown Device,2,5,7,738,"[0, 0, 0, 128, 0, 0, 0, 128]"
1963.748661,Unknown Device,2,5,0,736,"[0, 0, 170, 6, 0, 24, 0, 0]"
1963.748805,Unknown Device,2,4,2,177,"[0, 0, 0, 98, 0, 16, 0, 0]"
1963.748953,Unknown Device,2,5,9,736,"[0, 0, 154, 6, 0, 23, 32, 0]"
1963.749533,Unknown Device,2,4,1,177,"[0, 0, 0, 226, 0, 16, 223, 255]"
1963.750266,Unknown Device,21,4,20,180,"[235, 255, 255, 95, 255, 8, 128, 1]"
1963.750888,Unknown Device,2,5,5,736,"[0, 0, 135, 6, 0, 24, 48, 0]"
1963.75103,Unknown Device,2,5,8,736,"[0, 0, 170, 6, 0, 24, 48, 0]"
1963.751174,Unknown Device,2,5,5,738,"[246, 124, 160, 51, 0, 0, 0, 128]"
1963.751319,Unknown Device,2,5,8,738,"[0, 0, 0, 128, 0, 0, 0, 128]"
1963.752266,Unknown Device,2,4,3,177,"[0, 0, 0, 226, 0, 16, 20, 0]"
1963.754621,Unknown Device,2,5,10,736,"[0, 0, 170, 6, 0, 24, 32, 0]"
1963.75502,Unknown Device,2,5,6,736,"[0, 0, 162, 6, 0, 24, 48, 0]"
1963.755164,Unknown Device,2,5,6,738,"[0, 0, 0, 128, 0, 0, 0, 128]"
1963.756554,Unknown Device,2,5,0,96,"[0, 0, 0, 0, 128, 3, 16, 0]"
1963.757558,Unknown Device,2,5,0,99,"[0, 0, 0, 0, 0, 0, 0, 0]"
1963.757895,Unknown Device,2,4,4,177,"[0, 0, 0, 98, 0, 16, 232, 255]"
1963.758044,Unknown Device,2,4,4,183,"[0, 0, 224, 8, 0, 0, 0, 0]"
1963.758623,Unknown Device,2,4,2,177,"[0, 0, 0, 98, 0, 16, 250, 255]"
1963.758803,Unknown Device,2,4,2,183,"[0, 0, 64, 7, 0, 0, 0, 0]"
1963.758951,Unknown Device,2,5,9,736,"[0, 0, 155, 6, 0, 23, 32, 0]"
1963.759539,Unknown Device,2,4,1,177,"[0, 0, 0, 226, 0, 16, 229, 255]"
1963.759697,Unknown Device,2,4,1,183,"[0, 0, 128, 248, 255, 255, 0, 0]"
1963.760253,Unknown Device,21,4,20,180,"[235, 255, 255, 95, 255, 8, 128, 1]"
1963.760405,Unknown Device,21,4,20,195,"[241, 95, 6, 192, 253, 235, 255, 5]"
1963.76224,Unknown Device,2,4,3,177,"[0, 0, 0, 226, 0, 16, 27, 0]"
1963.762435,Unknown Device,2,4,3,183,"[0, 0, 224, 251, 255, 255, 0, 0]"
1963.763978,Unknown Device,8,5,21,96,"[0, 0, 0, 0, 0, 0, 0, 0]"
1963.764129,Unknown Device,8,5,21,97,"[0, 0, 0, 0, 0, 0, 0, 192]"
1963.764272,Unknown Device,8,5,21,98,"[0, 0, 0, 64, 0, 0, 0, 192]"
1963.764437,Unknown Device,8,5,21,99,"[0, 0, 112, 0, 0, 0, 0, 240]"
1963.764551,Unknown Device,8,5,21,100,"[41, 38, 24, 250, 0, 192, 125, 0]"
1963.766549,Unknown Device,2,5,0,96,"[0, 0, 0, 0, 128, 3, 16, 0]"
1963.766692,Unknown Device,2,5,0,97,"[0, 0, 0, 0, 29, 52, 6, 0]"
1963.766834,Unknown Device,1,1,0,97,"[113, 7, 202, 252, 0, 0, 0, 255]"
1963.766975,Unknown Device,0,4,63,1,"[52, 94, 170, 121, 70, 7, 149, 99]"
1963.767119,Unknown Device,2,5,0,98,"[0, 0, 0, 0, 0, 0, 0, 0]"
1963.76727,Unknown Device,2,5,0,100,"[0, 0, 0, 0, 0, 0, 0, 0]"
1963.767413,Unknown Device,2,5,7,736,"[0, 0, 126, 6, 0, 24, 48, 0]"
1963.767831,Unknown Device,2,5,9,738,"[0, 0, 0, 0, 236, 140, 136, 63]"
1963.767979,Unknown Device,2,4,4,177,"[0, 0, 0, 98, 0, 16, 2, 0]"
1963.768243,Unknown Device,2,5,7,738,"[0, 0, 0, 128, 0, 0, 0, 128]"
1963.768647,Unknown Device,2,5,0,736,"[0, 0, 170, 6, 0, 24, 0, 0]"
1963.76879,Unknown Device,2,4,2,177,"[0, 0, 0, 98, 0, 16, 248, 255]"
1963.768927,Unknown Device,2,5,9,736,"[0, 0, 153, 6, 0, 23, 32, 0]"
1963.769561,Unknown Device,2,4,1,177,"[0, 0, 0, 226, 0, 16, 230, 255]"
1963.770261,Unknown Device,21,4,20,180,"[235, 255, 255, 95, 255, 8, 128, 1]"
1963.770885,Unknown Device,2,5,5,736,"[0, 0, 135, 6, 0, 24, 48, 0]"
1963.771019,Unknown Device,2,5,8,736,"[0, 0, 170, 6, 0, 24, 48, 0]"
1963.771162,Unknown Device,2,5,5,738,"[246, 124, 160, 51, 0, 0, 0, 128]"
1963.771312,Unknown Device,2,5,8,738,"[0, 0, 0, 128, 0, 0, 0, 128]"
1963.772266,Unknown Device,2,4,3,177,"[0, 0, 0, 226, 0, 16, 16, 0]"
1963.774624,Unknown Device,2,5,10,736,"[0, 0, 169, 6, 0, 24, 32, 0]"
1963.775033,Unknown Device,2,5,6,736,"[0, 0, 162, 6, 0, 24, 48, 0]"
1963.775176,Unknown Device,2,5,6,738,"[0, 0, 0, 128, 0, 0, 0, 128]"
1963.776555,Unknown Device,2,5,0,96,"[0, 0, 0, 0, 128, 3, 16, 0]"
1963.777868,Unknown Device,2,4,4,177,"[0, 0, 0, 98, 0, 16, 251, 255]"
1963.77803,Unknown Device,2,4,4,183,"[0, 0, 224, 8, 0, 0, 0, 0]"
1963.778598,Unknown Device,2,4,2,177,"[0, 0, 0, 98, 0, 16, 245, 255]"
1963.778791,Unknown Device,2,4,2,183,"[0, 0, 64, 7, 0, 0, 0, 0]"
1963.778938,Unknown Device,2,5,9,736,"[0, 0, 152, 6, 0, 23, 32, 0]"
1963.779527,Unknown Device,2,4,1,177,"[0, 0, 0, 226, 0, 16, 237, 255]"
1963.779722,Unknown Device,2,4,1,183,"[0, 0, 128, 248, 255, 255, 0, 0]"
1963.780277,Unknown Device,21,4,20,180,"[235, 255, 255, 95, 255, 8, 128, 1]"
1963.780421,Unknown Device,21,4,20,195,"[241, 95, 6, 192, 253, 235, 255, 5]"
1963.782251,Unknown Device,2,4,3,177,"[0, 0, 0, 226, 0, 16, 31, 0]"
1963.782423,Unknown Device,2,4,3,183,"[0, 0, 224, 251, 255, 255, 0, 0]"
1963.783989,Unknown Device,8,5,21,96,"[0, 0, 0, 0, 0, 0, 0, 0]"
1963.784133,Unknown Device,8,5,21,97,"[0, 0, 0, 0, 0, 0, 0, 192]"
1963.784271,Unknown Device,8,5,21,98,"[0, 0, 0, 64, 0, 0, 0, 192]"
1963.784415,Unknown Device,8,5,21,99,"[0, 0, 112, 0, 0, 0, 0, 240]"
1963.784559,Unknown Device,8,5,21,100,"[41, 38, 24, 250, 0, 192, 125, 0]"
1963.786545,Unknown Device,2,5,0,96,"[0, 0, 0, 0, 128, 3, 16, 0]"
1963.786683,Unknown Device,2,5,0,97,"[0, 0, 0, 0, 29, 52, 6, 0]"
1963.786841,Unknown Device,2,5,0,98,"[0, 0, 0, 0, 0, 0, 0, 0]"
1963.786975,Unknown Device,2,5,0,100,"[0, 0, 0, 0, 0, 0, 0, 0]"
1963.787228,Unknown Device,2,5,7,736,"[0, 0, 126, 6, 0, 24, 48, 0]"
1963.787415,Unknown Device,1,1,0,97,"[113, 7, 202, 252, 0, 0, 0, 255]"
1963.787845,Unknown Device,2,5,9,738,"[0, 0, 0, 0, 236, 140, 136, 63]"
1963.787965,Unknown Device,2,4,4,177,"[0, 0, 0, 98, 0, 16, 232, 255]"
1963.78826,Unknown Device,2,5,7,738,"[0, 0, 0, 128, 0, 0, 0, 128]"
1963.788618,Unknown Device,2,4,2,177,"[0, 0, 0, 98, 0, 16, 251, 255]"
1963.788755,Unknown Device,2,5,0,736,"[0, 0, 170, 6, 0, 24, 0, 0]"
1963.788914,Unknown Device,2,5,9,736,"[0, 0, 154, 6, 0, 23, 32, 0]"
1963.789534,Unknown Device,2,4,1,177,"[0, 0, 0, 226, 0, 16, 245, 255]"
1963.790268,Unknown Device,21,4,20,180,"[235, 255, 255, 95, 255, 8, 128, 1]"
1963.790875,Unknown Device,2,5,5,736,"[0, 0, 135, 6, 0, 24, 48, 0]"
1963.791024,Unknown Device,2,5,8,736,"[0, 0, 170, 6, 0, 24, 48, 0]"
1963.791162,Unknown Device,2,5,5,738,"[246, 124, 160, 51, 0, 0, 0, 128]"
1963.791306,Unknown Device,2,5,8,738,"[0, 0, 0, 128, 0, 0, 0, 128]"
1963.792225,Unknown Device,2,4,3,177,"[0, 0, 0, 226, 0, 16, 32, 0]"
1963.794603,Unknown Device,2,5,10,736,"[0, 0, 170, 6, 0, 24, 32, 0]"
1963.795016,Unknown Device,2,5,6,736,"[0, 0, 162, 6, 0, 24, 48, 0]"
1963.795168,Unknown Device,2,5,6,738,"[0, 0, 0, 128, 0, 0, 0, 128]"
1963.796536,Unknown Device,2,5,0,96,"[0, 0, 0, 0, 128, 3, 16, 0]"
1963.797941,Unknown Device,2,4,4,177,"[0, 0, 0, 98, 0, 16, 241, 255]"
1963.798118,Unknown Device,2,4,4,183,"[0, 0, 224, 8, 0, 0, 0, 0]"
1963.798572,Unknown Device,2,4,2,177,"[0, 0, 0, 98, 0, 16, 11, 0]"
1963.79873,Unknown Device,2,4,2,183,"[0, 0, 64, 7, 0, 0, 0, 0]"
1963.798882,Unknown Device,2,5,9,736,"[0, 0, 154, 6, 0, 23, 32, 0]"
1963.799508,Unknown Device,2,4,1,177,"[0, 0, 0, 226, 0, 16, 244, 255]"
1963.799703,Unknown Device,2,4,1,183,"[0, 0, 128, 248, 255, 255, 0, 0]"
1963.800641,Unknown Device,21,4,20,180,"[235, 255, 255, 95, 255, 8, 128, 1]"
1963.800799,Unknown Device,21,4,20,195,"[241, 95, 6, 192, 253, 235, 255, 5]"
1963.800941,Unknown Device,21,4,20,196,"[36, 1, 201, 0, 33, 127, 0, 0]"
1963.8011,Unknown Device,21,4,20,199,"[29, 0, 176, 255, 255, 251, 255, 15]"
1963.801259,Unknown Device,21,4,20,200,"[152, 0, 104, 0, 184, 63, 0, 4]"
1963.802297,Unknown Device,2,4,3,177,"[0, 0, 0, 226, 0, 16, 24, 0]"
1963.802471,Unknown Device,2,4,3,183,"[0, 0, 224, 251, 255, 255, 0, 0]"
1963.803971,Unknown Device,8,5,21,96,"[0, 0, 0, 0, 0, 0, 0, 0]"
1963.804117,Unknown Device,8,5,21,97,"[0, 0, 0, 0, 0, 0, 0, 192]"
1963.804274,Unknown Device,8,5,21,98,"[0, 0, 0, 64, 0, 0, 0, 192]"
1963.804419,Unknown Device,8,5,21,99,"[0, 0, 112, 0, 0, 0, 0, 240]"
1963.804549,Unknown Device,8,5,21,100,"[41, 38, 24, 250, 0, 192, 125, 0]"
1963.806548,Unknown Device,2,5,0,96,"[0, 0, 0, 0, 128, 3, 16, 0]"
1963.806678,Unknown Device,2,5,0,97,"[0, 0, 0, 0, 29, 51, 6, 0]"
1963.806836,Unknown Device,2,5,0,98,"[0, 0, 0, 0, 0, 0, 0, 0]"
1963.806993,Unknown Device,2,5,0,100,"[0, 0, 0, 0, 0, 0, 0, 0]"
1963.807237,Unknown Device,2,5,7,736,"[0, 0, 126, 6, 0, 24, 48, 0]"
1963.807546,Unknown Device,2,5,0,99,"[0, 0, 0, 0, 0, 0, 0, 0]"
1963.807804,Unknown Device,2,5,9,738,"[0, 0, 0, 0, 236, 140, 136, 63]"
1963.807952,Unknown Device,2,4,4,177,"[0, 0, 0, 98, 0, 16, 251, 255]"
1963.808133,Unknown Device,1,1,0,97,"[113, 7, 202, 252, 0, 0, 0, 255]"
1963.808277,Unknown Device,2,5,7,738,"[0, 0, 0, 128, 0, 0, 0, 128]"
1963.808643,Unknown Device,2,5,0,736,"[0, 0, 167, 6, 0, 24, 0, 0]"
1963.808787,Unknown Device,2,4,2,177,"[0, 0, 0, 98, 0, 16, 3, 0]"
1963.808917,Unknown Device,2,5,9,736,"[0, 0, 153, 6, 0, 23, 32, 0]"
1963.809172,Unknown Device,0,4,63,1,"[52, 94, 170, 122, 243, 179, 196, 16]"
1963.809639,Unknown Device,2,4,1,177,"[0, 0, 0, 226, 0, 16, 229, 255]"
1963.810593,Unknown Device,21,4,20,180,"[235, 255, 255, 95, 255, 8, 128, 1]"
1963.81087,Unknown Device,2,5,5,736,"[0, 0, 135, 6, 0, 24, 48, 0]"
1963.811004,Unknown Device,2,5,8,736,"[0, 0, 170, 6, 0, 24, 48, 0]"
1963.811147,Unknown Device,2,5,5,738,"[246, 124, 160, 51, 0, 0, 0, 128]"
1963.811289,Unknown Device,2,5,8,738,"[0, 0, 0, 128, 0, 0, 0, 128]"
1963.811638,Unknown Device,2,5,0,737,"[0, 0, 0, 8, 0, 64, 0, 0]"
1963.812329,Unknown Device,2,4,3,177,"[0, 0, 0, 226, 0, 16, 32, 0]"
1963.814601,Unknown Device,2,5,10,736,"[0, 0, 170, 6, 0, 24, 32, 0]"
1963.81501,Unknown Device,2,5,6,736,"[0, 0, 162, 6, 0, 24, 48, 0]"
1963.815175,Unknown Device,2,5,6,738,"[0, 0, 0, 128, 0, 0, 0, 128]"
1963.816538,Unknown Device,2,5,0,96,"[0, 0, 0, 0, 128, 3, 16, 0]"
1963.817894,Unknown Device,2,4,4,177,"[0, 0, 0, 98, 0, 16, 254, 255]"
1963.81807,Unknown Device,2,4,4,183,"[0, 0, 224, 8, 0, 0, 0, 0]"
1963.818672,Unknown Device,2,4,2,177,"[0, 0, 0, 98, 0, 16, 7, 0]"
1963.818843,Unknown Device,2,4,2,183,"[0, 0, 64, 7, 0, 0, 0, 0]"
1963.818985,Unknown Device,2,5,9,736,"[0, 0, 154, 6, 0, 23, 32, 0]"
1963.819615,Unknown Device,2,4,1,177,"[0, 0, 0, 226, 0, 16, 227, 255]"
1963.819814,Unknown Device,2,4,1,183,"[0, 0, 128, 248, 255, 255, 0, 0]"
1963.820471,Unknown Device,21,4,20,180,"[235, 255, 255, 95, 255, 8, 128, 1]"
1963.820628,Unknown Device,21,4,20,195,"[241, 95, 6, 192, 253, 235, 255, 5]"
1963.822165,Unknown Device,2,4,3,177,"[0, 0, 0, 226, 0, 16, 37, 0]"
1963.822358,Unknown Device,2,4,3,183,"[0, 0, 224, 251, 255, 255, 0, 0]"
1963.823565,Unknown Device,0,4,63,10,"[0, 0, 0, 0, 2, 26, 1, 0]"
1963.823764,Unknown,Unknown,Unknown,Unknown,996,"[2, 62, 0, 170, 170, 170, 170, 170]"
1963.823968,Unknown Device,8,5,21,96,"[0, 0, 0, 0, 0, 0, 0, 0]"
1963.824119,Unknown Device,8,5,21,97,"[0, 0, 0, 0, 0, 0, 0, 192]"
1963.824264,Unknown Device,8,5,21,98,"[0, 0, 0, 64, 0, 0, 0, 192]"
1963.824408,Unknown Device,8,5,21,99,"[0, 0, 112, 0, 0, 0, 0, 240]"
1963.824538,Unknown Device,8,5,21,100,"[41, 38, 24, 250, 0, 192, 125, 0]"
1963.825628,Unknown Device,2,5,0,96,"[0, 0, 255, 255, 255, 255, 0, 0]"
1963.826547,Unknown Device,2,5,0,96,"[0, 0, 0, 0, 128, 3, 16, 0]"
1963.826677,Unknown Device,2,5,0,97,"[0, 0, 0, 0, 29, 52, 6, 0]"
1963.826821,Unknown Device,2,5,0,98,"[0, 0, 0, 0, 0, 0, 0, 0]"
1963.826955,Unknown,Unknown,Unknown,Unknown,997,"[6, 126, 2, 4, 252, 68, 8, 170]"
1963.8271,Unknown Device,2,5,0,100,"[0, 0, 0, 0, 0, 0, 0, 0]"
1963.827252,Unknown Device,2,5,7,736,"[0, 0, 126, 6, 0, 24, 48, 0]"
1963.827609,Unknown Device,2,5,0,752,"[0, 0, 0, 0, 206, 32, 59, 159]"
1963.827818,Unknown Device,2,5,9,738,"[0, 0, 0, 0, 236, 140, 136, 63]"
1963.82801,Unknown Device,2,4,4,431,"[0, 0, 0, 0, 1, 26, 19, 0]"
1963.828182,Unknown Device,2,4,4,285,"[0, 0, 0, 0, 0, 0, 0, 0]"
1963.828327,Unknown Device,2,5,7,738,"[0, 0, 0, 128, 0, 0, 0, 128]"
1963.828649,Unknown Device,2,5,0,736,"[0, 0, 169, 6, 0, 24, 0, 0]"
1963.828779,Unknown Device,2,4,4,193,"[0, 243, 199, 46, 0, 0, 0, 0]"
1963.828909,Unknown Device,2,4,2,431,"[0, 0, 0, 0, 1, 26, 19, 0]"
1963.829052,Unknown Device,2,4,4,177,"[0, 0, 0, 98, 0, 16, 246, 255]"
1963.829196,Unknown Device,2,5,9,736,"[0, 0, 154, 6, 0, 23, 32, 0]"
1963.829326,Unknown Device,2,4,4,181,"[251, 127, 0, 192, 83, 21, 28, 24]"
1963.82947,Unknown Device,2,4,2,285,"[0, 0, 0, 0, 0, 0, 0, 0]"
1963.829594,Unknown Device,2,4,1,431,"[0, 0, 0, 0, 1, 26, 19, 0]"
1963.829738,Unknown Device,2,4,2,193,"[0, 243, 199, 46, 0, 0, 0, 0]"
1963.829882,Unknown Device,2,4,4,182,"[0, 0, 0, 231, 0, 0, 0, 0]"
1963.830031,Unknown Device,1,1,0,97,"[113, 7, 202, 252, 0, 0, 0, 255]"
1963.830169,Unknown Device,2,4,4,184,"[0, 0, 0, 0, 0, 0, 0, 128]"
1963.830328,Unknown Device,2,4,1,285,"[0, 0, 0, 0, 0, 0, 0, 0]"
1963.830472,Unknown Device,2,4,2,177,"[0, 0, 0, 98, 0, 16, 252, 255]"
1963.830616,Unknown Device,2,4,1,193,"[0, 243, 199, 46, 0, 0, 0, 0]"
1963.830746,Unknown Device,2,4,2,181,"[254, 127, 0, 0, 84, 21, 28, 23]"
1963.830898,Unknown Device,2,4,1,177,"[0, 0, 0, 226, 0, 16, 234, 255]"
1963.831033,Unknown Device,2,4,2,182,"[0, 0, 64, 189, 0, 0, 0, 0]"
1963.831177,Unknown Device,2,4,4,185,"[0, 0, 0, 0, 0, 0, 0, 128]"
1963.831321,Unknown Device,2,5,5,736,"[0, 0, 135, 6, 0, 24, 48, 0]"
1963.831472,Unknown Device,2,4,1,181,"[245, 127, 0, 0, 84, 20, 27, 24]"
1963.831616,Unknown Device,2,4,2,184,"[0, 0, 0, 0, 0, 0, 0, 128]"
1963.83176,Unknown Device,2,4,1,182,"[0, 0, 0, 62, 255, 255, 0, 0]"
1963.831905,Unknown Device,2,4,2,185,"[0, 0, 0, 0, 0, 0, 0, 128]"
1963.832047,Unknown Device,2,4,4,186,"[8, 0, 0, 0, 0, 0, 0, 0]"
1963.832192,Unknown Device,2,5,8,736,"[0, 0, 171, 6, 0, 24, 48, 0]"
1963.832336,Unknown Device,2,4,4,187,"[0, 0, 4, 0, 0, 0, 0, 0]"
1963.83248,Unknown Device,2,4,1,184,"[0, 0, 0, 0, 0, 0, 0, 128]"
1963.832624,Unknown Device,2,4,2,186,"[8, 0, 0, 0, 0, 0, 0, 0]"
1963.832776,Unknown Device,2,4,1,185,"[0, 0, 0, 0, 0, 0, 0, 128]"
1963.832924,Unknown Device,2,4,2,187,"[0, 0, 4, 0, 0, 0, 0, 0]"
1963.833041,Unknown Device,2,4,3,431,"[0, 0, 0, 0, 1, 26, 19, 0]"
1963.833185,Unknown Device,2,5,5,738,"[246, 124, 160, 51, 0, 0, 0, 128]"
1963.833323,Unknown Device,2,4,3,285,"[0, 0, 0, 0, 0, 0, 0, 0]"
1963.833467,Unknown Device,2,5,8,738,"[0, 0, 0, 128, 0, 0, 0, 128]"
1963.833611,Unknown Device,2,4,1,186,"[8, 0, 0, 0, 0, 0, 0, 0]"
1963.833756,Unknown Device,2,4,3,193,"[0, 243, 199, 46, 0, 0, 0, 0]"
1963.8339,Unknown Device,2,4,1,187,"[0, 0, 4, 0, 0, 0, 0, 0]"
1963.834042,Unknown Device,21,4,20,180,"[235, 255, 255, 95, 255, 8, 128, 1]"
1963.834187,Unknown Device,2,4,3,177,"[0, 0, 0, 226, 0, 16, 33, 0]"
1963.834388,Unknown Device,2,4,3,181,"[239, 127, 0, 192, 83, 19, 27, 24]"
1963.834611,Unknown Device,2,5,10,736,"[0, 0, 170, 6, 0, 24, 32, 0]"
1963.835002,Unknown Device,2,5,6,736,"[0, 0, 162, 6, 0, 24, 48, 0]"
1963.835146,Unknown Device,2,4,3,182,"[0, 0, 64, 152, 255, 255, 0, 0]"
1963.835297,Unknown Device,2,5,6,738,"[0, 0, 0, 128, 0, 0, 0, 128]"
1963.835441,Unknown Device,2,4,3,184,"[0, 0, 0, 0, 0, 0, 0, 128]"
1963.83611,Unknown Device,2,4,3,185,"[0, 0, 0, 0, 0, 0, 0, 128]"
1963.836382,Unknown Device,2,4,3,186,"[8, 0, 0, 0, 0, 0, 0, 0]"
1963.836534,Unknown Device,2,5,0,96,"[0, 0, 0, 0, 128, 3, 16, 0]"
1963.837146,Unknown Device,2,4,3,187,"[0, 0, 4, 0, 0, 0, 0, 0]"
1963.837575,Unknown,Unknown,Unknown,Unknown,997,"[6, 126, 2, 4, 252, 66, 7, 170]"
1963.837944,Unknown Device,2,4,4,177,"[0, 0, 0, 98, 0, 16, 240, 255]"
1963.838146,Unknown Device,2,4,4,183,"[0, 0, 224, 8, 0, 0, 0, 0]"
1963.838284,Unknown,Unknown,Unknown,Unknown,997,"[6, 126, 2, 4, 252, 67, 10, 170]"
1963.838414,Unknown,Unknown,Unknown,Unknown,997,"[6, 126, 21, 4, 252, 84, 9, 170]"
1963.838658,Unknown Device,2,4,2,177,"[0, 0, 0, 98, 0, 16, 3, 0]"
1963.83883,Unknown Device,2,4,2,183,"[0, 0, 64, 7, 0, 0, 0, 0]"
1963.838972,Unknown Device,2,5,9,736,"[0, 0, 154, 6, 0, 23, 32, 0]"
1963.839386,Unknown,Unknown,Unknown,Unknown,997,"[6, 126, 2, 4, 252, 65, 6, 170]"
1963.839609,Unknown Device,2,4,1,177,"[0, 0, 0, 226, 0, 16, 223, 255]"
1963.839852,Unknown Device,2,4,1,183,"[0, 0, 128, 248, 255, 255, 0, 0]"
1963.840265,Unknown Device,21,4,20,180,"[235, 255, 255, 95, 255, 8, 128, 1]"
1963.840424,Unknown Device,21,4,20,195,"[241, 95, 6, 192, 253, 235, 255, 5]"
1963.842195,Unknown Device,2,4,3,177,"[0, 0, 0, 226, 0, 16, 28, 0]"
1963.842354,Unknown Device,2,4,3,183,"[0, 0, 224, 251, 255, 255, 0, 0]"
1963.843965,Unknown Device,8,5,21,96,"[0, 0, 0, 0, 0, 0, 0, 0]"
1963.84411,Unknown Device,8,5,21,97,"[0, 0, 0, 0, 0, 0, 0, 192]"
1963.844254,Unknown Device,8,5,21,98,"[0, 0, 0, 64, 0, 0, 0, 192]"
1963.844421,Unknown Device,8,5,21,99,"[0, 0, 112, 0, 0, 0, 0, 240]"
1963.844536,Unknown Device,8,5,21,100,"[41, 38, 24, 250, 0, 192, 125, 0]"
1963.846521,Unknown Device,2,5,0,96,"[0, 0, 0, 0, 128, 3, 16, 0]"
1963.846664,Unknown Device,2,5,0,97,"[0, 0, 0, 0, 29, 52, 6, 0]"
1963.846844,Unknown Device,2,5,0,98,"[0, 0, 0, 0, 0, 0, 0, 0]"
1963.846964,Unknown Device,2,5,0,100,"[0, 0, 0, 0, 0, 0, 0, 0]"
1963.847236,Unknown Device,2,5,7,736,"[0, 0, 127, 6, 0, 24, 48, 0]"
1963.847801,Unknown Device,2,5,9,738,"[0, 0, 0, 0, 236, 140, 136, 63]"
1963.847949,Unknown Device,2,4,4,177,"[0, 0, 0, 98, 0, 16, 247, 255]"
1963.84823,Unknown Device,2,5,7,738,"[0, 0, 0, 128, 0, 0, 0, 128]"
1963.84863,Unknown Device,2,5,0,736,"[0, 0, 169, 6, 0, 24, 0, 0]"
1963.848768,Unknown Device,2,4,2,177,"[0, 0, 0, 98, 0, 16, 246, 255]"
1963.848912,Unknown Device,2,5,9,736,"[0, 0, 154, 6, 0, 23, 32, 0]"
1963.849525,Unknown Device,2,4,1,177,"[0, 0, 0, 226, 0, 16, 218, 255]"
1963.85023,Unknown Device,21,4,20,431,"[0, 0, 0, 0, 1, 26, 19, 0]"
1963.850374,Unknown Device,21,4,20,285,"[0, 0, 0, 0, 0, 64, 0, 0]"
1963.850518,Unknown Device,21,4,20,180,"[235, 255, 255, 95, 255, 8, 128, 1]"
1963.850676,Unknown Device,21,4,20,197,"[41, 29, 0, 22, 176, 0, 0, 255]"
1963.850828,Unknown Device,21,4,20,198,"[4, 0, 32, 255, 255, 254, 255, 159]"
1963.850961,Unknown Device,2,5,5,736,"[0, 0, 136, 6, 0, 24, 48, 0]"
1963.851106,Unknown Device,2,5,8,736,"[0, 0, 171, 6, 0, 24, 48, 0]"
1963.85125,Unknown Device,2,5,5,738,"[246, 124, 160, 51, 0, 0, 0, 128]"
1963.851387,Unknown Device,1,1,0,97,"[113, 7, 202, 252, 0, 0, 0, 255]"
1963.851532,Unknown Device,2,5,8,738,"[0, 0, 0, 128, 0, 0, 0, 128]"
1963.851676,Unknown Device,21,4,20,203,"[3, 0, 0, 0, 255, 255, 0, 0]"
1963.851834,Unknown Device,21,4,20,202,"[245, 98, 0, 0, 0, 0, 0, 0]"
1963.851991,Unknown Device,21,4,20,205,"[0, 0, 0, 0, 0, 0, 0, 0]"
1963.852135,Unknown Device,21,4,20,206,"[171, 255, 50, 0, 159, 2, 0, 0]"
1963.85228,Unknown Device,0,4,63,1,"[52, 94, 171, 121, 186, 43, 73, 121]"
1963.852424,Unknown Device,2,4,3,177,"[0, 0, 0, 226, 0, 16, 18, 0]"
1963.853528,Unknown Device,2,5,0,103,"[0, 0, 0, 0, 0, 0, 0, 0]"
1963.854597,Unknown Device,2,5,10,736,"[0, 0, 169, 6, 0, 24, 32, 0]"
1963.854739,Unknown Device,2,5,10,737,"[0, 0, 0, 0, 0, 64, 0, 0]"
1963.855007,Unknown Device,2,5,6,736,"[0, 0, 161, 6, 0, 24, 48, 0]"
1963.855149,Unknown Device,2,5,6,738,"[0, 0, 0, 128, 0, 0, 0, 128]"
1963.855975,Unknown Device,2,5,8,737,"[0, 0, 0, 0, 0, 64, 0, 0]"
1963.856521,Unknown Device,2,5,0,96,"[0, 0, 0, 0, 128, 3, 16, 0]"
1963.857523,Unknown Device,2,5,0,99,"[0, 0, 0, 0, 0, 0, 0, 0]"
1963.857844,Unknown Device,2,4,4,177,"[0, 0, 0, 98, 0, 16, 244, 255]"
1963.858033,Unknown Device,2,4,4,183,"[0, 0, 224, 8, 0, 0, 0, 0]"
1963.858641,Unknown Device,2,4,2,177,"[0, 0, 0, 98, 0, 16, 255, 255]"
1963.858826,Unknown Device,2,4,2,183,"[0, 0, 64, 7, 0, 0, 0, 0]"
1963.858973,Unknown Device,2,5,9,736,"[0, 0, 154, 6, 0, 23, 32, 0]"
1963.859505,Unknown Device,2,4,1,177,"[0, 0, 0, 226, 0, 16, 219, 255]"
1963.859684,Unknown Device,2,4,1,183,"[0, 0, 128, 248, 255, 255, 0, 0]"
1963.860249,Unknown Device,21,4,20,180,"[234, 255, 255, 95, 255, 8, 128, 1]"
1963.860406,Unknown Device,21,4,20,195,"[241, 95, 6, 192, 253, 235, 255, 5]"
1963.862287,Unknown Device,2,4,3,177,"[0, 0, 0, 226, 0, 16, 32, 0]"
1963.862465,Unknown Device,2,4,3,183,"[0, 0, 224, 251, 255, 255, 0, 0]"
1963.863981,Unknown Device,8,5,21,96,"[0, 0, 0, 0, 0, 0, 0, 0]"
1963.864096,Unknown Device,8,5,21,97,"[0, 0, 0, 0, 0, 0, 0, 192]"
1963.864253,Unknown Device,8,5,21,98,"[0, 0, 0, 64, 0, 0, 0, 192]"
1963.864389,Unknown Device,8,5,21,99,"[0, 0, 112, 0, 0, 0, 0, 240]"
1963.864532,Unknown Device,8,5,21,100,"[41, 38, 24, 250, 0, 192, 125, 0]"
1963.865012,Unknown Device,2,5,6,737,"[0, 0, 0, 0, 0, 64, 0, 0]"
1963.866529,Unknown Device,2,5,0,96,"[0, 0, 0, 0, 128, 3, 16, 0]"
1963.866657,Unknown Device,2,5,0,97,"[0, 0, 0, 0, 29, 52, 6, 0]"
1963.866814,Unknown Device,2,5,0,98,"[0, 0, 0, 0, 0, 0, 0, 0]"
1963.866969,Unknown Device,2,5,0,100,"[0, 0, 0, 0, 0, 0, 0, 0]"
1963.867211,Unknown Device,2,5,7,736,"[0, 0, 126, 6, 0, 24, 48, 0]"
1963.867821,Unknown Device,2,5,9,738,"[0, 0, 0, 0, 236, 140, 136, 63]"
1963.86794,Unknown Device,2,4,4,177,"[0, 0, 0, 98, 0, 16, 4, 0]"
1963.868233,Unknown Device,2,5,7,738,"[0, 0, 0, 128, 0, 0, 0, 128]"
1963.868587,Unknown Device,2,5,10,96,"[0, 0, 255, 255, 255, 255, 0, 0]"
1963.868724,Unknown Device,2,4,2,177,"[0, 0, 0, 98, 0, 16, 255, 255]"
1963.868867,Unknown Device,2,5,0,736,"[0, 0, 167, 6, 0, 24, 0, 0]"
1963.869014,Unknown Device,2,5,9,736,"[0, 0, 154, 6, 0, 23, 32, 0]"
1963.869501,Unknown Device,2,4,1,177,"[0, 0, 0, 226, 0, 16, 247, 255]"
1963.869969,Unknown Device,2,5,8,96,"[0, 0, 255, 255, 255, 255, 0, 0]"
1963.870278,Unknown Device,21,4,20,180,"[234, 255, 255, 95, 255, 8, 128, 1]"
1963.870564,Unknown Device,2,5,10,752,"[0, 0, 0, 0, 194, 32, 248, 28]"
1963.870858,Unknown Device,2,5,5,736,"[0, 0, 135, 6, 0, 24, 48, 0]"
1963.871007,Unknown Device,2,5,8,736,"[0, 0, 170, 6, 0, 24, 48, 0]"
1963.871145,Unknown Device,2,5,5,738,"[246, 124, 160, 51, 0, 0, 0, 128]"
1963.871289,Unknown Device,2,5,8,738,"[0, 0, 0, 128, 0, 0, 0, 128]"
1963.871847,Unknown Device,2,5,5,96,"[0, 0, 255, 255, 255, 255, 0, 0]"
1963.871996,Unknown Device,1,1,0,97,"[113, 7, 202, 252, 0, 0, 0, 255]"
1963.872092,Unknown Device,2,5,8,752,"[0, 0, 0, 0, 151, 92, 17, 13]"
1963.872329,Unknown Device,2,4,3,177,"[0, 0, 0, 226, 0, 16, 29, 0]"
1963.873817,Unknown Device,2,5,5,752,"[0, 0, 0, 0, 148, 245, 112, 51]"
1963.874578,Unknown Device,2,5,10,736,"[0, 0, 169, 6, 0, 24, 32, 0]"
1963.874991,Unknown Device,2,5,6,736,"[0, 0, 162, 6, 0, 24, 48, 0]"
1963.875143,Unknown Device,2,5,6,738,"[0, 0, 0, 128, 0, 0, 0, 128]"
1963.876517,Unknown Device,2,5,0,96,"[0, 0, 0, 0, 128, 3, 16, 0]"
1963.877869,Unknown Device,2,4,4,177,"[0, 0, 0, 98, 0, 16, 2, 0]"
1963.878046,Unknown Device,2,4,4,183,"[0, 0, 224, 8, 0, 0, 0, 0]"
1963.878675,Unknown Device,2,4,2,177,"[0, 0, 0, 98, 0, 16, 4, 0]"
1963.878847,Unknown Device,2,4,2,183,"[0, 0, 64, 7, 0, 0, 0, 0]"
1963.879011,Unknown Device,2,5,6,96,"[0, 0, 255, 255, 255, 255, 0, 0]"
1963.879149,Unknown Device,2,5,9,736,"[0, 0, 154, 6, 0, 23, 32, 0]"
1963.879557,Unknown Device,2,4,1,177,"[0, 0, 0, 226, 0, 16, 4, 0]"
1963.879744,Unknown Device,2,4,1,183,"[0, 0, 128, 248, 255, 255, 0, 0]"
1963.880242,Unknown Device,21,4,20,180,"[234, 255, 255, 95, 255, 8, 128, 1]"
1963.880401,Unknown Device,21,4,20,195,"[241, 95, 6, 192, 253, 235, 255, 5]"
1963.880955,Unknown Device,2,5,6,752,"[0, 0, 0, 0, 132, 109, 126, 7]"
1963.882193,Unknown Device,2,4,3,177,"[0, 0, 0, 226, 0, 16, 17, 0]"
1963.882365,Unknown Device,2,4,3,183,"[0, 0, 224, 251, 255, 255, 0, 0]"
1963.883951,Unknown Device,8,5,21,96,"[0, 0, 0, 0, 0, 0, 0, 0]"
1963.88409,Unknown Device,8,5,21,97,"[0, 0, 0, 0, 0, 0, 0, 192]"
1963.884248,Unknown Device,8,5,21,98,"[0, 0, 0, 64, 0, 0, 0, 192]"
1963.884392,Unknown Device,8,5,21,99,"[0, 0, 112, 0, 0, 0, 0, 240]"
1963.88453,Unknown Device,8,5,21,100,"[41, 38, 24, 250, 0, 192, 125, 0]"
1963.886505,Unknown Device,2,5,0,96,"[0, 0, 0, 0, 128, 3, 16, 0]"
1963.88665,Unknown Device,2,5,0,97,"[0, 0, 0, 0, 29, 51, 6, 0]"
1963.886802,Unknown Device,2,5,0,98,"[0, 0, 0, 0, 0, 0, 0, 0]"
1963.88695,Unknown Device,2,5,0,100,"[0, 0, 0, 0, 0, 0, 0, 0]"
1963.887217,Unknown Device,2,5,7,736,"[0, 0, 126, 6, 0, 24, 48, 0]"
1963.887867,Unknown Device,2,5,9,738,"[0, 0, 0, 0, 236, 140, 136, 63]"
1963.888002,Unknown Device,2,4,4,177,"[0, 0, 0, 98, 0, 16, 239, 255]"
1963.888211,Unknown Device,2,5,7,738,"[0, 0, 0, 128, 0, 0, 0, 128]"
1963.888562,Unknown Device,2,4,2,177,"[0, 0, 0, 98, 0, 16, 10, 0]"
1963.888706,Unknown Device,2,5,0,736,"[0, 0, 169, 6, 0, 24, 0, 0]"
1963.888925,Unknown Device,2,5,9,736,"[0, 0, 154, 6, 0, 23, 32, 0]"
1963.889149,Unknown,Unknown,Unknown,Unknown,996,"[2, 62, 0, 170, 170, 170, 170, 170]"
1963.889584,Unknown,Unknown,Unknown,Unknown,997,"[6, 126, 2, 4, 252, 65, 6, 170]"
1963.889799,Unknown Device,2,4,1,177,"[0, 0, 0, 226, 0, 16, 238, 255]"
1963.890212,Unknown Device,21,4,20,180,"[234, 255, 255, 95, 255, 8, 128, 1]"
1963.890841,Unknown Device,2,5,5,736,"[0, 0, 135, 6, 0, 24, 48, 0]"
1963.89099,Unknown Device,2,5,8,736,"[0, 0, 170, 6, 0, 24, 48, 0]"
1963.891128,Unknown Device,2,5,5,738,"[246, 124, 160, 51, 0, 0, 0, 128]"
1963.891273,Unknown Device,2,5,8,738,"[0, 0, 0, 128, 0, 0, 0, 128]"
1963.89222,Unknown Device,2,4,3,177,"[0, 0, 0, 226, 0, 16, 40, 0]"
1963.892614,Unknown Device,1,1,0,97,"[113, 7, 202, 252, 0, 0, 0, 255]"
1963.894026,Unknown Device,0,4,63,1,"[52, 94, 170, 126, 133, 111, 231, 113]"
1963.894599,Unknown Device,2,5,10,736,"[0, 0, 168, 6, 0, 24, 32, 0]"
1963.894983,Unknown Device,2,5,6,736,"[0, 0, 161, 6, 0, 24, 48, 0]"
1963.895128,Unknown Device,2,5,6,738,"[0, 0, 0, 128, 0, 0, 0, 128]"
1963.895422,Unknown,Unknown,Unknown,Unknown,996,"[1, 176, 170, 170, 170, 170, 170, 170]"
1963.896398,Unknown,Unknown,Unknown,Unknown,997,"[16, 98, 240, 26, 1, 1, 0, 243]"
1963.89655,Unknown Device,2,5,0,96,"[0, 0, 0, 0, 128, 3, 16, 0]"
1963.897844,Unknown Device,2,4,4,177,"[0, 0, 0, 98, 0, 16, 253, 255]"
1963.898007,Unknown Device,2,4,4,183,"[0, 0, 224, 8, 0, 0, 0, 0]"
1963.898651,Unknown Device,2,4,2,177,"[0, 0, 0, 98, 0, 16, 249, 255]"
1963.898846,Unknown Device,2,4,2,183,"[0, 0, 64, 7, 0, 0, 0, 0]"
1963.898995,Unknown Device,2,5,9,736,"[0, 0, 154, 6, 0, 23, 32, 0]"
1963.899512,Unknown Device,2,5,0,101,"[0, 0, 0, 0, 0, 0, 16, 0]"
1963.899649,Unknown Device,2,4,1,177,"[0, 0, 0, 226, 0, 16, 219, 255]"
1963.899862,Unknown Device,2,4,1,183,"[0, 0, 128, 248, 255, 255, 0, 0]"
1963.900258,Unknown Device,21,4,20,180,"[234, 255, 255, 95, 255, 8, 128, 1]"
1963.9004,Unknown Device,21,4,20,195,"[241, 95, 6, 192, 253, 235, 255, 5]"
1963.900551,Unknown Device,2,5,0,102,"[0, 0, 0, 0, 0, 0, 0, 0]"
1963.900693,Unknown Device,21,4,20,196,"[34, 1, 203, 0, 33, 127, 0, 0]"
1963.900872,Unknown Device,21,4,20,199,"[42, 0, 176, 254, 255, 6, 0, 0]"
1963.900991,Unknown Device,2,5,5,737,"[0, 0, 0, 0, 0, 64, 0, 0]"
1963.901134,Unknown Device,21,4,20,200,"[140, 0, 136, 0, 184, 63, 0, 4]"
1963.901622,Unknown,Unknown,Unknown,Unknown,996,"[48, 0, 5, 170, 170, 170, 170, 170]"
1963.902279,Unknown Device,2,4,3,177,"[0, 0, 0, 226, 0, 16, 30, 0]"
1963.902472,Unknown Device,2,4,3,183,"[0, 0, 224, 251, 255, 255, 0, 0]"
1963.903946,Unknown Device,8,5,21,96,"[0, 0, 0, 0, 0, 0, 0, 0]"
1963.904083,Unknown Device,8,5,21,97,"[0, 0, 0, 0, 0, 0, 0, 192]"
1963.90424,Unknown Device,8,5,21,98,"[0, 0, 0, 64, 0, 0, 0, 192]"
1963.904383,Unknown Device,8,5,21,99,"[0, 0, 112, 0, 0, 0, 0, 240]"
1963.904519,Unknown Device,8,5,21,100,"[41, 38, 24, 250, 0, 192, 125, 0]"
1963.906515,Unknown Device,2,5,0,96,"[0, 0, 0, 0, 128, 3, 16, 0]"
1963.906643,Unknown Device,2,5,0,97,"[0, 0, 0, 0, 29, 52, 6, 0]"
1963.9068,Unknown Device,2,5,0,98,"[0, 0, 0, 0, 0, 0, 0, 0]"
1963.906955,Unknown Device,2,5,0,100,"[0, 0, 0, 0, 0, 0, 0, 0]"
1963.907212,Unknown Device,2,5,7,736,"[0, 0, 126, 6, 0, 24, 48, 0]"
1963.907532,Unknown Device,2,5,0,99,"[0, 0, 0, 0, 0, 0, 0, 0]"
1963.907697,Unknown,Unknown,Unknown,Unknown,997,"[33, 0, 0, 32, 1, 0, 25, 0]"
1963.907854,Unknown Device,2,4,4,177,"[0, 0, 0, 98, 0, 16, 242, 255]"
1963.908001,Unknown Device,2,5,9,738,"[0, 0, 0, 0, 236, 140, 136, 63]"
1963.908208,Unknown Device,2,5,7,738,"[0, 0, 0, 128, 0, 0, 0, 128]"
1963.908612,Unknown Device,2,5,0,736,"[0, 0, 168, 6, 0, 24, 0, 0]"
1963.908754,Unknown Device,2,4,2,177,"[0, 0, 0, 98, 0, 16, 10, 0]"
1963.908901,Unknown Device,2,5,9,736,"[0, 0, 154, 6, 0, 23, 32, 0]"
1963.909525,Unknown Device,2,4,1,177,"[0, 0, 0, 226, 0, 16, 240, 255]"
1963.910247,Unknown Device,21,4,20,180,"[234, 255, 255, 95, 255, 8, 128, 1]"
1963.910843,Unknown Device,2,5,5,736,"[0, 0, 136, 6, 0, 24, 48, 0]"
1963.910984,Unknown Device,2,5,8,736,"[0, 0, 169, 6, 0, 24, 48, 0]"
1963.911127,Unknown Device,2,5,5,738,"[246, 124, 160, 51, 0, 0, 0, 128]"
1963.911264,Unknown Device,2,5,8,738,"[0, 0, 0, 128, 0, 0, 0, 128]"
1963.912289,Unknown Device,2,4,3,177,"[0, 0, 0, 226, 0, 16, 15, 0]"
1963.912594,Unknown,Unknown,Unknown,Unknown,997,"[34, 9, 10, 233, 7, 3, 4, 30]"
1963.913286,Unknown Device,1,1,0,97,"[113, 7, 202, 252, 0, 0, 0, 255]"
1963.914573,Unknown Device,2,5,10,736,"[0, 0, 169, 6, 0, 24, 32, 0]"
1963.914995,Unknown Device,2,5,6,736,"[0, 0, 161, 6, 0, 24, 48, 0]"
1963.915139,Unknown Device,2,5,6,738,"[0, 0, 0, 128, 0, 0, 0, 128]"
1963.916529,Unknown Device,2,5,0,96,"[0, 0, 0, 0, 128, 3, 16, 0]"
1963.917576,Unknown,Unknown,Unknown,Unknown,997,"[35, 4, 0, 0, 0, 128, 0, 224]"
1963.91787,Unknown Device,2,4,4,177,"[0, 0, 0, 98, 0, 16, 238, 255]"
1963.918056,Unknown Device,2,4,4,183,"[0, 0, 224, 8, 0, 0, 0, 0]"
1963.918685,Unknown Device,2,4,2,177,"[0, 0, 0, 98, 0, 16, 22, 0]"
1963.918852,Unknown Device,2,4,2,183,"[0, 0, 64, 7, 0, 0, 0, 0]"
1963.919001,Unknown Device,2,5,9,736,"[0, 0, 154, 6, 0, 23, 32, 0]"
1963.919531,Unknown Device,2,4,1,177,"[0, 0, 0, 226, 0, 16, 231, 255]"
1963.919711,Unknown Device,2,4,1,183,"[0, 0, 128, 248, 255, 255, 0, 0]"
1963.920203,Unknown Device,21,4,20,180,"[234, 255, 255, 95, 255, 8, 128, 1]"
1963.920383,Unknown Device,21,4,20,195,"[241, 95, 6, 192, 253, 235, 255, 5]"
1963.922184,Unknown Device,2,4,3,177,"[0, 0, 0, 226, 0, 16, 25, 0]"
1963.922378,Unknown Device,2,4,3,183,"[0, 0, 224, 251, 255, 255, 0, 0]"
1963.922551,Unknown,Unknown,Unknown,Unknown,997,"[36, 171, 0, 106, 25, 14, 0, 84]"
1963.923932,Unknown Device,8,5,21,96,"[0, 0, 0, 0, 0, 0, 0, 0]"
1963.924077,Unknown Device,8,5,21,97,"[0, 0, 0, 0, 0, 0, 0, 192]"
1963.924229,Unknown Device,8,5,21,98,"[0, 0, 0, 64, 0, 0, 0, 192]"
1963.924395,Unknown Device,8,5,21,99,"[0, 0, 112, 0, 0, 0, 0, 240]"
1963.92451,Unknown Device,8,5,21,100,"[41, 38, 24, 250, 0, 192, 125, 0]"
1963.926525,Unknown Device,2,5,0,96,"[0, 0, 0, 0, 128, 3, 16, 0]"
1963.926663,Unknown Device,2,5,0,97,"[0, 0, 0, 0, 29, 52, 6, 0]"
1963.926807,Unknown Device,2,5,0,98,"[0, 0, 0, 0, 0, 0, 0, 0]"
1963.926949,Unknown Device,2,5,0,100,"[0, 0, 0, 0, 0, 0, 0, 0]"
1963.927202,Unknown Device,2,5,7,736,"[0, 0, 125, 6, 0, 24, 48, 0]"
1963.927603,Unknown,Unknown,Unknown,Unknown,997,"[37, 97, 108, 111, 110, 32, 70, 88]"
1963.927869,Unknown Device,2,5,9,738,"[0, 0, 0, 0, 236, 140, 136, 63]"
1963.92799,Unknown Device,2,4,4,177,"[0, 0, 0, 98, 0, 16, 2, 0]"
1963.928198,Unknown Device,2,5,7,737,"[0, 0, 0, 0, 0, 64, 0, 0]"
1963.92835,Unknown Device,2,5,7,738,"[0, 0, 0, 128, 0, 0, 0, 128]"
1963.928516,Unknown Device,2,5,7,96,"[0, 0, 255, 255, 255, 255, 0, 0]"
1963.928631,Unknown Device,2,4,2,177,"[0, 0, 0, 98, 0, 16, 22, 0]"
1963.928783,Unknown Device,2,5,0,736,"[0, 0, 168, 6, 0, 24, 0, 0]"
1963.928925,Unknown Device,2,5,9,736,"[0, 0, 154, 6, 0, 23, 32, 0]"
1963.929027,Unknown Device,2,5,7,752,"[0, 0, 0, 0, 123, 170, 37, 73]"
1963.929565,Unknown Device,2,4,1,177,"[0, 0, 0, 226, 0, 16, 231, 255]"
1963.93025,Unknown Device,21,4,20,180,"[234, 255, 255, 95, 255, 8, 128, 1]"
1963.930844,Unknown Device,2,5,5,736,"[0, 0, 136, 6, 0, 24, 48, 0]"
1963.930987,Unknown Device,2,5,5,738,"[246, 124, 160, 51, 0, 0, 0, 128]"
1963.93114,Unknown Device,2,5,8,738,"[0, 0, 0, 128, 0, 0, 0, 128]"
1963.931269,Unknown Device,2,5,8,736,"[0, 0, 171, 6, 0, 24, 48, 0]"
1963.93224,Unknown Device,2,4,3,177,"[0, 0, 0, 226, 0, 16, 20, 0]"
1963.932513,Unknown,Unknown,Unknown,Unknown,997,"[38, 32, 118, 101, 114, 115, 46, 32]"
1963.933936,Unknown Device,1,1,0,97,"[113, 7, 202, 252, 0, 0, 0, 255]"
1963.934582,Unknown Device,2,5,10,736,"[0, 0, 169, 6, 0, 24, 32, 0]"
1963.934989,Unknown Device,2,5,6,736,"[0, 0, 161, 6, 0, 24, 48, 0]"
1963.935155,Unknown Device,2,5,6,738,"[0, 0, 0, 128, 0, 0, 0, 128]"
1963.936282,Unknown Device,0,4,63,1,"[52, 94, 170, 121, 21, 16, 43, 58]"
1963.936519,Unknown Device,2,5,0,96,"[0, 0, 0, 0, 128, 3, 16, 0]"
1963.937531,Unknown,Unknown,Unknown,Unknown,997,"[39, 67, 0, 0, 0, 0, 0, 0]"
1963.937846,Unknown Device,2,4,4,177,"[0, 0, 0, 98, 0, 16, 253, 255]"
1963.938023,Unknown Device,2,4,4,183,"[0, 0, 224, 8, 0, 0, 0, 0]"
1963.938661,Unknown Device,2,4,2,177,"[0, 0, 0, 98, 0, 16, 15, 0]"
1963.938841,Unknown Device,2,4,2,183,"[0, 0, 64, 7, 0, 0, 0, 0]"
1963.939047,Unknown Device,2,5,9,736,"[0, 0, 154, 6, 0, 23, 32, 0]"
1963.939477,Unknown Device,2,4,1,177,"[0, 0, 0, 226, 0, 16, 248, 255]"
1963.939664,Unknown Device,2,4,1,183,"[0, 0, 128, 248, 255, 255, 0, 0]"
1963.940222,Unknown Device,21,4,20,180,"[234, 255, 255, 95, 255, 8, 128, 1]"
1963.940379,Unknown Device,21,4,20,195,"[241, 95, 6, 192, 253, 235, 255, 5]"
1963.942195,Unknown Device,2,4,3,177,"[0, 0, 0, 226, 0, 16, 25, 0]"
1963.942362,Unknown Device,2,4,3,183,"[0, 0, 224, 251, 255, 255, 0, 0]"
1963.942514,Unknown,Unknown,Unknown,Unknown,997,"[40, 0, 0, 0, 0, 0, 0, 0]"
1963.943952,Unknown Device,8,5,21,96,"[0, 0, 0, 0, 0, 0, 0, 0]"
1963.944082,Unknown Device,8,5,21,97,"[0, 0, 0, 0, 0, 0, 0, 192]"
1963.944224,Unknown Device,8,5,21,98,"[0, 0, 0, 64, 0, 0, 0, 192]"
1963.944375,Unknown Device,8,5,21,99,"[0, 0, 112, 0, 0, 0, 0, 240]"
1963.944512,Unknown Device,8,5,21,100,"[41, 38, 24, 250, 0, 192, 125, 0]"
1963.946519,Unknown Device,2,5,0,96,"[0, 0, 0, 0, 128, 3, 16, 0]"
1963.94667,Unknown Device,2,5,0,97,"[0, 0, 0, 0, 29, 51, 6, 0]"
1963.946799,Unknown Device,2,5,0,98,"[0, 0, 0, 0, 0, 0, 0, 0]"
1963.946954,Unknown Device,2,5,0,100,"[0, 0, 0, 0, 0, 0, 0, 0]"
1963.947196,Unknown Device,2,5,7,736,"[0, 0, 125, 6, 0, 24, 48, 0]"
1963.947566,Unknown,Unknown,Unknown,Unknown,997,"[41, 0, 0, 0, 67, 84, 82, 32]"
1963.947844,Unknown Device,2,5,9,738,"[0, 0, 0, 0, 236, 140, 136, 63]"
1963.947992,Unknown Device,2,4,4,177,"[0, 0, 0, 98, 0, 16, 252, 255]"
1963.948199,Unknown Device,2,5,7,738,"[0, 0, 0, 128, 0, 0, 0, 128]"
1963.948569,Unknown Device,2,4,2,177,"[0, 0, 0, 98, 0, 16, 14, 0]"
1963.94872,Unknown Device,2,5,0,736,"[0, 0, 168, 6, 0, 24, 0, 0]"
1963.948862,Unknown Device,2,5,9,736,"[0, 0, 152, 6, 0, 23, 32, 0]"
1963.949485,Unknown Device,2,4,1,177,"[0, 0, 0, 226, 0, 16, 250, 255]"
1963.950207,Unknown Device,21,4,20,180,"[235, 255, 255, 95, 255, 8, 128, 1]"
1963.950825,Unknown Device,2,5,5,736,"[0, 0, 134, 6, 0, 24, 48, 0]"
1963.950981,Unknown Device,2,5,8,736,"[0, 0, 170, 6, 0, 24, 48, 0]"
1963.95111,Unknown Device,2,5,5,738,"[246, 124, 160, 51, 0, 0, 0, 128]"
1963.95126,Unknown Device,2,5,8,738,"[0, 0, 0, 128, 0, 0, 0, 128]"
1963.952202,Unknown Device,2,4,3,177,"[0, 0, 0, 226, 0, 16, 13, 0]"
1963.952544,Unknown,Unknown,Unknown,Unknown,997,"[42, 69, 108, 101, 99, 116, 114, 111]"
1963.954572,Unknown Device,2,5,10,736,"[0, 0, 168, 6, 0, 24, 32, 0]"
1963.954715,Unknown Device,1,1,0,97,"[113, 7, 202, 252, 0, 0, 0, 255]"
1963.95499,Unknown Device,2,5,6,736,"[0, 0, 161, 6, 0, 24, 48, 0]"
1963.955132,Unknown Device,2,5,6,738,"[0, 0, 0, 128, 0, 0, 0, 128]"
1963.956508,Unknown Device,2,5,0,96,"[0, 0, 0, 0, 128, 3, 16, 0]"
1963.957519,Unknown Device,2,5,0,99,"[0, 0, 0, 0, 0, 0, 0, 0]"
1963.957662,Unknown,Unknown,Unknown,Unknown,997,"[43, 110, 105, 99, 115, 0, 0, 0]"
1963.957907,Unknown Device,2,4,4,177,"[0, 0, 0, 98, 0, 16, 237, 255]"
1963.958073,Unknown Device,2,4,4,183,"[0, 0, 224, 8, 0, 0, 0, 0]"
1963.958591,Unknown Device,2,4,2,177,"[0, 0, 0, 98, 0, 16, 19, 0]"
1963.958776,Unknown Device,2,4,2,183,"[0, 0, 64, 7, 0, 0, 0, 0]"
1963.958922,Unknown Device,2,5,9,736,"[0, 0, 154, 6, 0, 23, 32, 0]"
1963.959075,Unknown Device,2,5,9,737,"[0, 0, 0, 8, 0, 64, 0, 0]"
1963.959503,Unknown Device,2,4,1,177,"[0, 0, 0, 226, 0, 16, 238, 255]"
1963.959684,Unknown Device,2,4,1,183,"[0, 0, 128, 248, 255, 255, 0, 0]"
1963.960211,Unknown Device,21,4,20,180,"[235, 255, 255, 95, 255, 8, 128, 1]"
1963.960369,Unknown Device,21,4,20,195,"[241, 95, 6, 192, 253, 235, 255, 5]"
1963.962262,Unknown Device,2,4,3,177,"[0, 0, 0, 226, 0, 16, 9, 0]"
1963.962449,Unknown Device,2,4,3,183,"[0, 0, 224, 251, 255, 255, 0, 0]"
1963.962601,Unknown,Unknown,Unknown,Unknown,997,"[44, 0, 0, 0, 0, 0, 0, 0]"
1963.963922,Unknown Device,8,5,21,96,"[0, 0, 0, 0, 0, 0, 0, 0]"
1963.964067,Unknown Device,8,5,21,97,"[0, 0, 0, 0, 0, 0, 0, 192]"
1963.964225,Unknown Device,8,5,21,98,"[0, 0, 0, 64, 0, 0, 0, 192]"
1963.96437,Unknown Device,8,5,21,99,"[0, 0, 112, 0, 0, 0, 0, 240]"
1963.9645,Unknown Device,8,5,21,100,"[41, 38, 24, 250, 0, 192, 125, 0]"
1963.966506,Unknown Device,2,5,0,96,"[0, 0, 0, 0, 128, 3, 16, 0]"
1963.966644,Unknown Device,2,5,0,97,"[0, 0, 0, 0, 29, 52, 6, 0]"
1963.966803,Unknown Device,2,5,0,98,"[0, 0, 0, 0, 0, 0, 0, 0]"
1963.966951,Unknown Device,2,5,0,100,"[0, 0, 0, 0, 0, 0, 0, 0]"
1963.967203,Unknown Device,2,5,7,736,"[0, 0, 125, 6, 0, 24, 48, 0]"
1963.967597,Unknown,Unknown,Unknown,Unknown,997,"[45, 0, 0, 0, 0, 0, 0, 0]"
1963.967827,Unknown Device,2,4,4,177,"[0, 0, 0, 98, 0, 16, 245, 255]"
1963.967961,Unknown Device,2,5,9,738,"[0, 0, 0, 0, 236, 140, 136, 63]"
1963.968199,Unknown Device,2,5,7,738,"[0, 0, 0, 128, 0, 0, 0, 128]"
1963.968593,Unknown Device,2,5,0,736,"[0, 0, 169, 6, 0, 24, 0, 0]"
1963.968737,Unknown Device,2,4,2,177,"[0, 0, 0, 98, 0, 16, 252, 255]"
1963.968928,Unknown Device,2,5,9,736,"[0, 0, 153, 6, 0, 23, 32, 0]"
1963.969515,Unknown Device,2,4,1,177,"[0, 0, 0, 226, 0, 16, 246, 255]"
1963.970227,Unknown Device,21,4,20,180,"[235, 255, 255, 95, 255, 8, 128, 1]"
1963.97082,Unknown Device,2,5,5,736,"[0, 0, 135, 6, 0, 24, 48, 0]"
1963.970969,Unknown Device,2,5,8,736,"[0, 0, 170, 6, 0, 24, 48, 0]"
1963.971107,Unknown Device,2,5,5,738,"[246, 124, 160, 51, 0, 0, 0, 128]"
1963.971252,Unknown Device,2,5,8,738,"[0, 0, 0, 128, 0, 0, 0, 128]"
1963.972142,Unknown Device,2,4,3,177,"[0, 0, 0, 226, 0, 16, 1, 0]"
1963.972593,Unknown,Unknown,Unknown,Unknown,997,"[46, 19, 170, 170, 170, 170, 170, 170]"
1963.974557,Unknown Device,2,5,10,736,"[0, 0, 169, 6, 0, 24, 32, 0]"
1963.974969,Unknown Device,2,5,6,736,"[0, 0, 161, 6, 0, 24, 48, 0]"
1963.975114,Unknown Device,2,5,6,738,"[0, 0, 0, 128, 0, 0, 0, 128]"
1963.975479,Unknown Device,1,1,0,97,"[113, 7, 202, 252, 0, 0, 0, 255]"
1963.976498,Unknown Device,2,5,0,96,"[0, 0, 0, 0, 128, 3, 16, 0]"
1963.977823,Unknown Device,2,4,4,177,"[0, 0, 0, 98, 0, 16, 234, 255]"
1963.97798,Unknown Device,2,4,4,183,"[0, 0, 224, 8, 0, 0, 0, 0]"
1963.97863,Unknown Device,2,4,2,177,"[0, 0, 0, 98, 0, 16, 242, 255]"
1963.978825,Unknown Device,2,4,2,183,"[0, 0, 64, 7, 0, 0, 0, 0]"
1963.978959,Unknown Device,0,4,63,1,"[52, 94, 171, 121, 101, 60, 17, 199]"
1963.979089,Unknown Device,2,5,9,736,"[0, 0, 153, 6, 0, 23, 32, 0]"
1963.979526,Unknown,Unknown,Unknown,Unknown,996,"[1, 187, 170, 170, 170, 170, 170, 170]"
1963.979678,Unknown Device,2,4,1,177,"[0, 0, 0, 226, 0, 16, 240, 255]"
1963.980233,Unknown Device,21,4,20,180,"[234, 255, 255, 95, 255, 8, 128, 1]"
1963.980377,Unknown Device,2,4,1,183,"[0, 0, 128, 248, 255, 255, 0, 0]"
1963.980522,Unknown Device,21,4,20,195,"[241, 95, 6, 192, 253, 235, 255, 5]"
1963.980674,Unknown,Unknown,Unknown,Unknown,997,"[6, 251, 1, 163, 115, 5, 0, 170]"
1963.982238,Unknown Device,2,4,3,177,"[0, 0, 0, 226, 0, 16, 9, 0]"
1963.982425,Unknown Device,2,4,3,183,"[0, 0, 224, 251, 255, 255, 0, 0]"
1963.983925,Unknown Device,8,5,21,96,"[0, 0, 0, 0, 0, 0, 0, 0]"
1963.984063,Unknown Device,8,5,21,97,"[0, 0, 0, 0, 0, 0, 0, 192]"
1963.984207,Unknown Device,8,5,21,98,"[0, 0, 0, 64, 0, 0, 0, 192]"
1963.984352,Unknown Device,8,5,21,99,"[0, 0, 112, 0, 0, 0, 0, 240]"
1963.984489,Unknown Device,8,5,21,100,"[41, 38, 24, 250, 0, 192, 125, 0]"
1963.986496,Unknown Device,2,5,0,96,"[0, 0, 0, 0, 128, 3, 16, 0]"
1963.98664,Unknown Device,2,5,0,97,"[0, 0, 0, 0, 29, 52, 6, 0]"
1963.986778,Unknown Device,2,5,0,98,"[0, 0, 0, 0, 0, 0, 0, 0]"
1963.986926,Unknown Device,2,5,0,100,"[0, 0, 0, 0, 0, 0, 0, 0]"
1963.987194,Unknown Device,2,5,7,736,"[0, 0, 125, 6, 0, 24, 48, 0]"
1963.987814,Unknown Device,2,5,9,738,"[0, 0, 0, 0, 236, 140, 136, 63]"
1963.987963,Unknown Device,2,4,4,177,"[0, 0, 0, 98, 0, 16, 248, 255]"
1963.988187,Unknown Device,2,5,7,738,"[0, 0, 0, 128, 0, 0, 0, 128]"
1963.988573,Unknown Device,2,4,2,177,"[0, 0, 0, 98, 0, 16, 8, 0]"
1963.988725,Unknown Device,2,5,0,736,"[0, 0, 168, 6, 0, 24, 0, 0]"
1963.988869,Unknown Device,2,5,9,736,"[0, 0, 154, 6, 0, 23, 32, 0]"
1963.989004,Unknown,Unknown,Unknown,Unknown,996,"[1, 200, 170, 170, 170, 170, 170, 170]"
1963.989479,Unknown Device,2,4,1,177,"[0, 0, 0, 226, 0, 16, 250, 255]"
1963.9897,Unknown,Unknown,Unknown,Unknown,997,"[16, 12, 8, 0, 9, 70, 76, 32]"
1963.990195,Unknown Device,21,4,20,180,"[234, 255, 255, 95, 255, 7, 128, 1]"
1963.990825,Unknown Device,2,5,5,736,"[0, 0, 135, 6, 0, 24, 48, 0]"
1963.990966,Unknown Device,2,5,5,738,"[246, 124, 160, 51, 0, 0, 0, 128]"
1963.991109,Unknown Device,2,5,8,738,"[0, 0, 0, 128, 0, 0, 0, 128]"
1963.991252,Unknown Device,2,5,8,736,"[0, 0, 171, 6, 0, 24, 48, 0]"
1963.992256,Unknown Device,2,4,3,177,"[0, 0, 0, 226, 0, 16, 32, 0]"
1963.99455,Unknown Device,2,5,10,736,"[0, 0, 169, 6, 0, 24, 32, 0]"
1963.994958,Unknown Device,2,5,6,736,"[0, 0, 161, 6, 0, 24, 48, 0]"
1963.995102,Unknown,Unknown,Unknown,Unknown,996,"[48, 0, 5, 170, 170, 170, 170, 170]"
1963.995245,Unknown Device,2,5,6,738,"[0, 0, 0, 128, 0, 0, 0, 128]"
1963.996503,Unknown Device,2,5,0,96,"[0, 0, 0, 0, 128, 3, 16, 0]"
1963.996645,Unknown Device,1,1,0,97,"[113, 7, 202, 252, 0, 0, 0, 255]"
1963.997804,Unknown Device,2,4,4,177,"[0, 0, 0, 98, 0, 16, 241, 255]"
1963.997965,Unknown Device,2,4,4,183,"[0, 0, 224, 8, 0, 0, 0, 0]"
1963.998597,Unknown Device,2,4,2,177,"[0, 0, 0, 98, 0, 16, 9, 0]"
1963.998761,Unknown Device,2,4,2,183,"[0, 0, 64, 7, 0, 0, 0, 0]"
1963.998964,Unknown Device,2,5,9,736,"[0, 0, 154, 6, 0, 23, 32, 0]"
1963.999511,Unknown Device,2,4,1,177,"[0, 0, 0, 226, 0, 16, 252, 255]"
1963.999676,Unknown Device,2,4,1,183,"[0, 0, 128, 248, 255, 255, 0, 0]"
1964.000212,Unknown Device,21,4,20,180,"[234, 255, 255, 95, 255, 7, 128, 1]"
1964.000369,Unknown Device,21,4,20,195,"[241, 95, 6, 192, 253, 235, 255, 5]"
1964.00052,Unknown Device,21,4,20,196,"[34, 1, 200, 0, 33, 127, 0, 0]"
1964.000649,Unknown,Unknown,Unknown,Unknown,997,"[33, 75, 114, 97, 107, 101, 110, 170]"
1964.000792,Unknown Device,21,4,20,199,"[254, 255, 47, 0, 0, 0, 0, 0]"
1964.000946,Unknown Device,21,4,20,200,"[124, 0, 76, 0, 4, 64, 0, 4]"
1964.002219,Unknown Device,2,4,3,177,"[0, 0, 0, 226, 0, 16, 28, 0]"
1964.002418,Unknown Device,2,4,3,183,"[0, 0, 224, 251, 255, 255, 0, 0]"
1964.003913,Unknown Device,8,5,21,96,"[0, 0, 0, 0, 0, 0, 0, 0]"
1964.004057,Unknown Device,8,5,21,97,"[0, 0, 0, 0, 0, 0, 0, 192]"
1964.004209,Unknown Device,8,5,21,98,"[0, 0, 0, 64, 0, 0, 0, 192]"
1964.004354,Unknown Device,8,5,21,99,"[0, 0, 112, 0, 0, 0, 0, 240]"
1964.004498,Unknown Device,8,5,21,100,"[41, 38, 24, 250, 0, 192, 125, 0]"
1964.006484,Unknown Device,2,5,0,96,"[0, 0, 0, 0, 128, 3, 16, 0]"
1964.006636,Unknown Device,2,5,0,97,"[0, 0, 0, 0, 29, 52, 6, 0]"
1964.00678,Unknown Device,2,5,0,98,"[0, 0, 0, 0, 0, 0, 0, 0]"
1964.006928,Unknown Device,2,5,0,100,"[0, 0, 0, 0, 0, 0, 0, 0]"
1964.007181,Unknown Device,2,5,7,736,"[0, 0, 125, 6, 0, 24, 48, 0]"
1964.007489,Unknown Device,2,5,0,99,"[0, 0, 0, 0, 0, 0, 0, 0]"
1964.007633,Unknown,Unknown,Unknown,Unknown,996,"[2, 62, 0, 170, 170, 170, 170, 170]"
1964.007814,Unknown Device,2,5,9,738,"[0, 0, 0, 0, 236, 140, 136, 63]"
1964.007962,Unknown Device,2,4,4,177,"[0, 0, 0, 98, 0, 16, 243, 255]"
1964.008178,Unknown Device,2,5,7,738,"[0, 0, 0, 128, 0, 0, 0, 128]"
1964.008501,Unknown,Unknown,Unknown,Unknown,997,"[6, 126, 2, 4, 252, 66, 7, 170]"
1964.008639,Unknown Device,2,5,0,736,"[0, 0, 169, 6, 0, 24, 0, 0]"
1964.008783,Unknown Device,2,4,2,177,"[0, 0, 0, 98, 0, 16, 251, 255]"
1964.008931,Unknown Device,2,5,9,736,"[0, 0, 154, 6, 0, 23, 32, 0]"
1964.00949,Unknown Device,2,4,1,177,"[0, 0, 0, 226, 0, 16, 249, 255]"
1964.010224,Unknown Device,21,4,20,180,"[234, 255, 255, 95, 255, 7, 128, 1]"
1964.010811,Unknown Device,2,5,5,738,"[246, 124, 160, 51, 0, 0, 0, 128]"
1964.010945,Unknown Device,2,5,5,736,"[0, 0, 136, 6, 0, 24, 48, 0]"
1964.011098,Unknown Device,2,5,8,736,"[0, 0, 171, 6, 0, 24, 48, 0]"
1964.011242,Unknown Device,2,5,8,738,"[0, 0, 0, 128, 0, 0, 0, 128]"
1964.012268,Unknown Device,2,4,3,177,"[0, 0, 0, 226, 0, 16, 34, 0]"
1964.013821,Unknown,Unknown,Unknown,Unknown,996,"[1, 176, 170, 170, 170, 170, 170, 170]"
1964.014555,Unknown Device,2,5,10,736,"[0, 0, 169, 6, 0, 24, 32, 0]"
1964.014806,Unknown,Unknown,Unknown,Unknown,997,"[16, 98, 240, 26, 1, 1, 0, 253]"
1964.014998,Unknown Device,2,5,6,736,"[0, 0, 162, 6, 0, 24, 48, 0]"
1964.01515,Unknown Device,2,5,6,738,"[0, 0, 0, 128, 0, 0, 0, 128]"
1964.016476,Unknown Device,2,5,0,96,"[0, 0, 0, 0, 128, 3, 16, 0]"
1964.017281,Unknown Device,1,1,0,97,"[113, 7, 202, 252, 0, 0, 0, 255]"
1964.017817,Unknown Device,2,4,4,177,"[0, 0, 0, 98, 0, 16, 3, 0]"
1964.018017,Unknown Device,2,4,4,183,"[0, 0, 224, 8, 0, 0, 0, 0]"
1964.018624,Unknown Device,2,4,2,177,"[0, 0, 0, 98, 0, 16, 4, 0]"
1964.018818,Unknown Device,2,4,2,183,"[0, 0, 64, 7, 0, 0, 0, 0]"
1964.018938,Unknown Device,2,5,9,736,"[0, 0, 155, 6, 0, 23, 32, 0]"
1964.019518,Unknown Device,2,4,1,177,"[0, 0, 0, 226, 0, 16, 243, 255]"
1964.019713,Unknown Device,2,4,1,183,"[0, 0, 128, 248, 255, 255, 0, 0]"
1964.020069,Unknown,Unknown,Unknown,Unknown,996,"[48, 0, 5, 170, 170, 170, 170, 170]"
1964.020227,Unknown Device,21,4,20,180,"[234, 255, 255, 95, 255, 7, 128, 1]"
1964.020371,Unknown Device,21,4,20,195,"[241, 95, 6, 192, 253, 235, 255, 5]"
1964.021569,Unknown Device,0,4,63,1,"[52, 94, 171, 125, 234, 213, 85, 151]"
1964.022231,Unknown Device,2,4,3,177,"[0, 0, 0, 226, 0, 16, 36, 0]"
1964.022404,Unknown Device,2,4,3,183,"[0, 0, 224, 251, 255, 255, 0, 0]"
1964.023912,Unknown Device,8,5,21,96,"[0, 0, 0, 0, 0, 0, 0, 0]"
1964.024065,Unknown Device,8,5,21,97,"[0, 0, 0, 0, 0, 0, 0, 192]"
1964.024209,Unknown Device,8,5,21,98,"[0, 0, 0, 64, 0, 0, 0, 192]"
1964.024353,Unknown Device,8,5,21,99,"[0, 0, 112, 0, 0, 0, 0, 240]"
1964.024491,Unknown Device,8,5,21,100,"[41, 38, 24, 250, 0, 192, 125, 0]"
1964.025617,Unknown,Unknown,Unknown,Unknown,997,"[33, 0, 0, 42, 1, 0, 25, 0]"
1964.026485,Unknown Device,2,5,0,96,"[0, 0, 0, 0, 128, 3, 16, 0]"
1964.026614,Unknown Device,2,5,0,97,"[0, 0, 0, 0, 29, 51, 6, 0]"
1964.026766,Unknown Device,2,5,0,98,"[0, 0, 0, 0, 0, 0, 0, 0]"
1964.026922,Unknown Device,2,5,0,100,"[0, 0, 0, 0, 0, 0, 0, 0]"
1964.027189,Unknown Device,2,5,7,736,"[0, 0, 124, 6, 0, 24, 48, 0]"
1964.027803,Unknown Device,2,5,9,738,"[0, 0, 0, 0, 236, 140, 136, 63]"
1964.027948,Unknown Device,2,4,4,177,"[0, 0, 0, 98, 0, 16, 246, 255]"
1964.028188,Unknown Device,2,5,7,738,"[0, 0, 0, 128, 0, 0, 0, 128]"
1964.028549,Unknown Device,2,4,2,177,"[0, 0, 0, 98, 0, 16, 244, 255]"
1964.028689,Unknown Device,2,5,0,736,"[0, 0, 167, 6, 0, 24, 0, 0]"
1964.028833,Unknown Device,2,5,9,736,"[0, 0, 154, 6, 0, 23, 32, 0]"
1964.02947,Unknown Device,2,4,1,177,"[0, 0, 0, 226, 0, 16, 248, 255]"
1964.030207,Unknown Device,21,4,20,180,"[234, 255, 255, 95, 255, 7, 128, 1]"
1964.030601,Unknown,Unknown,Unknown,Unknown,997,"[34, 9, 10, 233, 7, 3, 4, 30]"
1964.030807,Unknown Device,2,5,5,736,"[0, 0, 136, 6, 0, 24, 48, 0]"
1964.030955,Unknown Device,2,5,8,736,"[0, 0, 170, 6, 0, 24, 48, 0]"
1964.031093,Unknown Device,2,5,5,738,"[246, 124, 160, 51, 0, 0, 0, 128]"
1964.031238,Unknown Device,2,5,8,738,"[0, 0, 0, 128, 0, 0, 0, 128]"
1964.032237,Unknown Device,2,4,3,177,"[0, 0, 0, 226, 0, 16, 25, 0]"
1964.034538,Unknown Device,2,5,10,736,"[0, 0, 168, 6, 0, 24, 32, 0]"
1964.034948,Unknown Device,2,5,6,736,"[0, 0, 161, 6, 0, 24, 48, 0]"
1964.035106,Unknown Device,2,5,6,738,"[0, 0, 0, 128, 0, 0, 0, 128]"
1964.035622,Unknown,Unknown,Unknown,Unknown,997,"[35, 4, 0, 0, 0, 128, 0, 224]"
1964.036481,Unknown Device,2,5,0,96,"[0, 0, 0, 0, 128, 3, 16, 0]"
1964.037887,Unknown Device,2,4,4,177,"[0, 0, 0, 98, 0, 16, 240, 255]"
1964.038079,Unknown Device,2,4,4,183,"[0, 0, 224, 8, 0, 0, 0, 0]"
1964.03832,Unknown Device,1,1,0,97,"[113, 7, 202, 252, 0, 0, 0, 255]"
1964.038534,Unknown Device,2,4,2,177,"[0, 0, 0, 98, 0, 16, 1, 0]"
1964.038713,Unknown Device,2,4,2,183,"[0, 0, 64, 7, 0, 0, 0, 0]"
1964.038856,Unknown Device,2,5,9,736,"[0, 0, 153, 6, 0, 23, 32, 0]"
1964.039499,Unknown Device,2,4,1,177,"[0, 0, 0, 226, 0, 16, 237, 255]"
1964.039684,Unknown Device,2,4,1,183,"[0, 0, 128, 248, 255, 255, 0, 0]"
1964.040221,Unknown Device,21,4,20,180,"[234, 255, 255, 95, 255, 7, 128, 1]"
1964.040371,Unknown Device,21,4,20,195,"[241, 95, 6, 192, 253, 235, 255, 5]"
1964.040734,Unknown,Unknown,Unknown,Unknown,997,"[36, 171, 0, 106, 25, 14, 0, 84]"
1964.042151,Unknown Device,2,4,3,177,"[0, 0, 0, 226, 0, 16, 39, 0]"
1964.042316,Unknown Device,2,4,3,183,"[0, 0, 224, 251, 255, 255, 0, 0]"
1964.043909,Unknown Device,8,5,21,96,"[0, 0, 0, 0, 0, 0, 0, 0]"
1964.044055,Unknown Device,8,5,21,97,"[0, 0, 0, 0, 0, 0, 0, 192]"
1964.044197,Unknown Device,8,5,21,98,"[0, 0, 0, 64, 0, 0, 0, 192]"
1964.04434,Unknown Device,8,5,21,99,"[0, 0, 112, 0, 0, 0, 0, 240]"
1964.044483,Unknown Device,8,5,21,100,"[40, 38, 24, 250, 0, 192, 125, 0]"
1964.045599,Unknown,Unknown,Unknown,Unknown,997,"[37, 97, 108, 111, 110, 32, 70, 88]"
1964.046461,Unknown Device,2,5,0,96,"[0, 0, 0, 0, 128, 3, 16, 0]"
1964.046604,Unknown Device,2,5,0,97,"[0, 0, 0, 0, 29, 52, 6, 0]"
1964.04676,Unknown Device,2,5,0,98,"[0, 0, 0, 0, 0, 0, 0, 0]"
1964.046901,Unknown Device,2,5,0,100,"[0, 0, 0, 0, 0, 0, 0, 0]"
1964.047172,Unknown Device,2,5,7,736,"[0, 0, 125, 6, 0, 24, 48, 0]"
1964.047796,Unknown Device,2,5,9,738,"[0, 0, 0, 0, 236, 140, 136, 63]"
1964.047943,Unknown Device,2,4,4,177,"[0, 0, 0, 98, 0, 16, 224, 255]"
1964.048165,Unknown Device,2,5,7,738,"[0, 0, 0, 128, 0, 0, 0, 128]"
1964.048556,Unknown Device,2,4,2,177,"[0, 0, 0, 98, 0, 16, 246, 255]"
1964.048684,Unknown Device,2,5,0,736,"[0, 0, 169, 6, 0, 24, 0, 0]"
1964.048827,Unknown Device,2,5,9,736,"[0, 0, 154, 6, 0, 23, 32, 0]"
1964.049555,Unknown Device,2,4,1,177,"[0, 0, 0, 226, 0, 16, 239, 255]"
1964.05021,Unknown Device,21,4,20,180,"[234, 255, 255, 95, 255, 7, 128, 1]"
1964.050576,Unknown,Unknown,Unknown,Unknown,997,"[38, 32, 118, 101, 114, 115, 46, 32]"
1964.050813,Unknown Device,2,5,5,736,"[0, 0, 135, 6, 0, 24, 48, 0]"
1964.050947,Unknown Device,2,5,8,736,"[0, 0, 170, 6, 0, 24, 48, 0]"
1964.051114,Unknown Device,2,5,5,738,"[246, 124, 160, 51, 0, 0, 0, 128]"
1964.051244,Unknown Device,2,5,8,738,"[0, 0, 0, 128, 0, 0, 0, 128]"
1964.052163,Unknown Device,2,4,3,177,"[0, 0, 0, 226, 0, 16, 20, 0]"
1964.054533,Unknown Device,2,5,10,736,"[0, 0, 169, 6, 0, 24, 32, 0]"
1964.05497,Unknown Device,2,5,6,736,"[0, 0, 161, 6, 0, 24, 48, 0]"
1964.0551,Unknown Device,2,5,6,738,"[0, 0, 0, 128, 0, 0, 0, 128]"
1964.055608,Unknown,Unknown,Unknown,Unknown,997,"[39, 67, 0, 0, 0, 0, 0, 0]"
1964.056462,Unknown Device,2,5,0,96,"[0, 0, 0, 0, 128, 3, 16, 0]"
1964.057469,Unknown Device,2,5,0,99,"[0, 0, 0, 0, 0, 0, 0, 0]"
1964.057802,Unknown Device,2,4,4,177,"[0, 0, 0, 98, 0, 16, 239, 255]"
1964.057993,Unknown Device,2,4,4,183,"[0, 0, 224, 8, 0, 0, 0, 0]"
1964.058515,Unknown Device,2,4,2,177,"[0, 0, 0, 98, 0, 16, 0, 0]"
1964.058682,Unknown Device,2,4,2,183,"[0, 0, 64, 7, 0, 0, 0, 0]"
1964.058826,Unknown Device,2,5,9,736,"[0, 0, 154, 6, 0, 23, 32, 0]"
1964.05941,Unknown Device,1,1,0,97,"[113, 7, 202, 252, 0, 0, 0, 255]"
1964.059582,Unknown Device,2,4,1,177,"[0, 0, 0, 226, 0, 16, 232, 255]"
1964.059763,Unknown Device,2,4,1,183,"[0, 0, 128, 248, 255, 255, 0, 0]"
1964.06019,Unknown Device,21,4,20,180,"[234, 255, 255, 95, 255, 7, 128, 1]"
1964.060348,Unknown Device,21,4,20,195,"[241, 95, 6, 192, 253, 235, 255, 5]"
1964.060728,Unknown,Unknown,Unknown,Unknown,997,"[40, 0, 0, 0, 0, 0, 0, 0]"
1964.061582,Unknown Device,2,5,0,737,"[0, 0, 0, 8, 0, 64, 0, 0]"
1964.062209,Unknown Device,2,4,3,177,"[0, 0, 0, 226, 0, 16, 21, 0]"
1964.062389,Unknown Device,2,4,3,183,"[0, 0, 224, 251, 255, 255, 0, 0]"
1964.06391,Unknown Device,8,5,21,96,"[0, 0, 0, 0, 0, 0, 0, 0]"
1964.064049,Unknown Device,0,4,63,1,"[52, 94, 170, 126, 153, 5, 82, 187]"
1964.064193,Unknown Device,8,5,21,97,"[0, 0, 0, 0, 0, 0, 0, 192]"
1964.064337,Unknown Device,8,5,21,98,"[0, 0, 0, 64, 0, 0, 0, 192]"
1964.064481,Unknown Device,8,5,21,99,"[0, 0, 112, 0, 0, 0, 0, 240]"
1964.064619,Unknown Device,8,5,21,100,"[40, 38, 24, 250, 0, 192, 125, 0]"
1964.065516,Unknown,Unknown,Unknown,Unknown,997,"[41, 0, 0, 0, 67, 84, 82, 32]"
1964.066463,Unknown Device,2,5,0,96,"[0, 0, 0, 0, 128, 3, 16, 0]"
1964.066607,Unknown Device,2,5,0,97,"[0, 0, 0, 0, 29, 52, 6, 0]"
1964.066759,Unknown Device,2,5,0,98,"[0, 0, 0, 0, 0, 0, 0, 0]"
1964.066907,Unknown Device,2,5,0,100,"[0, 0, 0, 0, 0, 0, 0, 0]"
1964.067188,Unknown Device,2,5,7,736,"[0, 0, 126, 6, 0, 24, 48, 0]"
1964.067782,Unknown Device,2,5,9,738,"[0, 0, 0, 0, 236, 140, 136, 63]"
1964.06793,Unknown Device,2,4,4,177,"[0, 0, 0, 98, 0, 16, 236, 255]"
1964.068196,Unknown Device,2,5,7,738,"[0, 0, 0, 128, 0, 0, 0, 128]"
1964.068568,Unknown Device,2,5,0,736,"[0, 0, 169, 6, 0, 24, 0, 0]"
1964.06872,Unknown Device,2,4,2,177,"[0, 0, 0, 98, 0, 16, 253, 255]"
1964.068869,Unknown Device,2,5,9,736,"[0, 0, 154, 6, 0, 23, 32, 0]"
1964.069533,Unknown Device,2,4,1,177,"[0, 0, 0, 226, 0, 16, 232, 255]"
1964.070203,Unknown Device,21,4,20,180,"[234, 255, 255, 95, 255, 7, 128, 1]"
1964.070625,Unknown,Unknown,Unknown,Unknown,997,"[42, 69, 108, 101, 99, 116, 114, 111]"
1964.070798,Unknown Device,2,5,5,736,"[0, 0, 136, 6, 0, 24, 48, 0]"
1964.070954,Unknown Device,2,5,8,736,"[0, 0, 170, 6, 0, 24, 48, 0]"
1964.071084,Unknown Device,2,5,5,738,"[246, 124, 160, 51, 0, 0, 0, 128]"
1964.071229,Unknown Device,2,5,8,738,"[0, 0, 0, 128, 0, 0, 0, 128]"
1964.072133,Unknown Device,2,4,3,177,"[0, 0, 0, 226, 0, 16, 22, 0]"
1964.074546,Unknown Device,2,5,10,736,"[0, 0, 169, 6, 0, 24, 32, 0]"
1964.07495,Unknown Device,2,5,6,736,"[0, 0, 161, 6, 0, 24, 48, 0]"
1964.075103,Unknown Device,2,5,6,738,"[0, 0, 0, 128, 0, 0, 0, 128]"
1964.075654,Unknown,Unknown,Unknown,Unknown,997,"[43, 110, 105, 99, 115, 0, 0, 0]"
1964.076465,Unknown Device,2,5,0,96,"[0, 0, 0, 0, 128, 3, 16, 0]"
1964.077762,Unknown Device,2,4,4,431,"[0, 0, 0, 0, 1, 26, 19, 0]"
1964.077938,Unknown Device,2,4,4,285,"[0, 0, 0, 0, 0, 0, 0, 0]"
1964.078177,Unknown Device,2,4,4,193,"[0, 243, 199, 46, 0, 0, 0, 0]"
1964.078563,Unknown Device,2,4,2,431,"[0, 0, 0, 0, 1, 26, 19, 0]"
1964.078715,Unknown Device,2,4,4,177,"[0, 0, 0, 98, 0, 16, 237, 255]"
1964.078863,Unknown Device,2,4,2,285,"[0, 0, 0, 0, 0, 0, 0, 0]"
1964.078994,Unknown Device,2,4,4,181,"[246, 127, 0, 192, 83, 21, 28, 24]"
1964.079137,Unknown Device,2,5,9,736,"[0, 0, 154, 6, 0, 23, 32, 0]"
1964.079273,Unknown Device,2,4,4,182,"[0, 0, 0, 231, 0, 0, 0, 0]"
1964.079416,Unknown Device,2,4,2,193,"[0, 243, 199, 46, 0, 0, 0, 0]"
1964.079545,Unknown Device,2,4,1,431,"[0, 0, 0, 0, 1, 26, 19, 0]"
1964.07971,Unknown Device,2,4,2,177,"[0, 0, 0, 98, 0, 16, 14, 0]"
1964.079838,Unknown Device,2,4,4,183,"[0, 0, 224, 8, 0, 0, 0, 0]"
1964.079986,Unknown Device,2,4,1,285,"[0, 0, 0, 0, 0, 0, 0, 0]"
1964.080129,Unknown Device,2,4,4,184,"[0, 0, 0, 0, 0, 0, 0, 128]"
1964.080266,Unknown Device,2,4,1,193,"[0, 243, 199, 46, 0, 0, 0, 0]"
1964.080408,Unknown Device,2,4,2,181,"[249, 127, 0, 192, 83, 21, 28, 23]"
1964.080551,Unknown Device,1,1,0,97,"[113, 7, 202, 252, 0, 0, 0, 255]"
1964.080694,Unknown Device,2,4,1,177,"[0, 0, 0, 226, 0, 16, 230, 255]"
1964.080844,Unknown Device,2,4,2,182,"[0, 0, 64, 189, 0, 0, 0, 0]"
1964.080992,Unknown Device,2,4,4,185,"[0, 0, 0, 0, 0, 0, 0, 128]"
1964.081135,Unknown Device,21,4,20,180,"[234, 255, 255, 95, 255, 7, 128, 1]"
1964.081277,Unknown Device,2,4,4,186,"[8, 0, 0, 0, 0, 0, 0, 0]"
1964.081414,Unknown Device,2,4,1,181,"[243, 127, 0, 192, 83, 20, 27, 24]"
1964.081557,Unknown Device,2,4,2,183,"[0, 0, 64, 7, 0, 0, 0, 0]"
1964.0817,Unknown Device,2,4,1,182,"[0, 0, 0, 62, 255, 255, 0, 0]"
1964.081843,Unknown Device,2,4,2,184,"[0, 0, 0, 0, 0, 0, 0, 128]"
1964.081998,Unknown Device,2,4,4,187,"[0, 0, 4, 0, 0, 0, 0, 0]"
1964.082127,Unknown Device,21,4,20,195,"[241, 95, 6, 192, 253, 235, 255, 5]"
1964.082312,Unknown Device,2,4,3,431,"[0, 0, 0, 0, 1, 26, 19, 0]"
1964.082463,Unknown Device,2,4,1,183,"[0, 0, 128, 248, 255, 255, 0, 0]"
1964.082606,Unknown Device,2,4,2,185,"[0, 0, 0, 0, 0, 0, 0, 128]"
1964.082748,Unknown Device,2,4,1,184,"[0, 0, 0, 0, 0, 0, 0, 128]"
1964.082904,Unknown Device,2,4,2,186,"[8, 0, 0, 0, 0, 0, 0, 0]"
1964.083047,Unknown Device,2,4,3,285,"[0, 0, 0, 0, 0, 0, 0, 0]"
1964.083246,Unknown Device,2,4,3,193,"[0, 243, 199, 46, 0, 0, 0, 0]"
1964.083403,Unknown Device,2,4,3,177,"[0, 0, 0, 226, 0, 16, 25, 0]"
1964.08354,Unknown Device,2,4,1,185,"[0, 0, 0, 0, 0, 0, 0, 128]"
1964.083683,Unknown Device,2,4,2,187,"[0, 0, 4, 0, 0, 0, 0, 0]"
1964.083858,Unknown Device,2,4,1,186,"[8, 0, 0, 0, 0, 0, 0, 0]"
1964.084009,Unknown,Unknown,Unknown,Unknown,997,"[44, 0, 0, 0, 0, 0, 0, 0]"
1964.084124,Unknown Device,2,4,3,181,"[243, 127, 0, 192, 83, 19, 27, 24]"
1964.084281,Unknown Device,8,5,21,96,"[0, 0, 0, 0, 0, 0, 0, 0]"
1964.084423,Unknown Device,2,4,3,182,"[0, 0, 64, 152, 255, 255, 0, 0]"
1964.08456,Unknown Device,2,4,1,187,"[0, 0, 4, 0, 0, 0, 0, 0]"
1964.084702,Unknown Device,8,5,21,97,"[0, 0, 0, 0, 0, 0, 0, 192]"
1964.084863,Unknown Device,8,5,21,98,"[0, 0, 0, 64, 0, 0, 0, 192]"
1964.084992,Unknown Device,8,5,21,99,"[0, 0, 112, 0, 0, 0, 0, 240]"
1964.085143,Unknown Device,2,4,3,183,"[0, 0, 224, 251, 255, 255, 0, 0]"
1964.085286,Unknown Device,8,5,21,100,"[40, 38, 24, 250, 0, 192, 125, 0]"
1964.085428,Unknown Device,2,4,3,184,"[0, 0, 0, 0, 0, 0, 0, 128]"
1964.085692,Unknown,Unknown,Unknown,Unknown,997,"[45, 0, 0, 0, 0, 0, 0, 0]"
1964.086158,Unknown Device,2,4,3,185,"[0, 0, 0, 0, 0, 0, 0, 128]"
1964.086315,Unknown Device,2,4,3,186,"[8, 0, 0, 0, 0, 0, 0, 0]"
1964.086472,Unknown Device,2,5,0,96,"[0, 0, 0, 0, 128, 3, 16, 0]"
1964.086609,Unknown Device,2,5,0,97,"[0, 0, 0, 0, 29, 52, 6, 0]"
1964.086751,Unknown Device,2,5,0,98,"[0, 0, 0, 0, 0, 0, 0, 0]"
1964.086898,Unknown Device,2,5,0,100,"[0, 0, 0, 0, 0, 0, 0, 0]"
1964.087084,Unknown Device,2,4,3,187,"[0, 0, 4, 0, 0, 0, 0, 0]"
1964.087235,Unknown Device,2,5,7,736,"[0, 0, 126, 6, 0, 24, 48, 0]"
1964.087781,Unknown Device,2,5,9,738,"[0, 0, 0, 0, 236, 140, 136, 63]"
1964.087928,Unknown Device,2,4,4,177,"[0, 0, 0, 98, 0, 16, 247, 255]"
1964.088156,Unknown Device,2,5,7,738,"[0, 0, 0, 128, 0, 0, 0, 128]"
1964.088574,Unknown Device,2,5,0,736,"[0, 0, 168, 6, 0, 24, 0, 0]"
1964.08871,Unknown Device,2,4,2,177,"[0, 0, 0, 98, 0, 16, 255, 255]"
1964.088857,Unknown Device,2,5,9,736,"[0, 0, 154, 6, 0, 23, 32, 0]"
1964.089474,Unknown Device,2,4,1,177,"[0, 0, 0, 226, 0, 16, 242, 255]"
1964.09023,Unknown Device,21,4,20,180,"[234, 255, 255, 95, 255, 7, 128, 1]"
1964.090598,Unknown,Unknown,Unknown,Unknown,997,"[46, 19, 170, 170, 170, 170, 170, 170]"
1964.090791,Unknown Device,2,5,5,736,"[0, 0, 137, 6, 0, 24, 48, 0]"
1964.090938,Unknown Device,2,5,8,736,"[0, 0, 170, 6, 0, 24, 48, 0]"
1964.091082,Unknown Device,2,5,5,738,"[246, 124, 160, 51, 0, 0, 0, 128]"
1964.091225,Unknown Device,2,5,8,738,"[0, 0, 0, 128, 0, 0, 0, 128]"
1964.092192,Unknown Device,2,4,3,177,"[0, 0, 0, 226, 0, 16, 11, 0]"
1964.094527,Unknown Device,2,5,10,736,"[0, 0, 169, 6, 0, 24, 32, 0]"
1964.094954,Unknown Device,2,5,6,736,"[0, 0, 162, 6, 0, 24, 48, 0]"
1964.095099,Unknown Device,2,5,6,738,"[0, 0, 0, 128, 0, 0, 0, 128]"
1964.096457,Unknown Device,2,5,0,96,"[0, 0, 0, 0, 128, 3, 16, 0]"
1964.097796,Unknown Device,2,4,4,177,"[0, 0, 0, 98, 0, 16, 251, 255]"
1964.097959,Unknown Device,2,4,4,183,"[0, 0, 224, 8, 0, 0, 0, 0]"
1964.098539,Unknown Device,2,4,2,177,"[0, 0, 0, 98, 0, 16, 7, 0]"
1964.098705,Unknown Device,2,4,2,183,"[0, 0, 64, 7, 0, 0, 0, 0]"
1964.098853,Unknown Device,2,5,9,736,"[0, 0, 154, 6, 0, 23, 32, 0]"
1964.099461,Unknown Device,2,5,0,101,"[0, 0, 0, 0, 0, 0, 16, 0]"
1964.099606,Unknown Device,2,4,1,177,"[0, 0, 0, 226, 0, 16, 238, 255]"
1964.099814,Unknown Device,2,4,1,183,"[0, 0, 128, 248, 255, 255, 0, 0]"
1964.100162,Unknown Device,21,4,20,431,"[0, 0, 0, 0, 1, 26, 19, 0]"
1964.100328,Unknown Device,21,4,20,285,"[0, 0, 0, 0, 0, 64, 0, 0]"
1964.100472,Unknown Device,2,5,0,102,"[0, 0, 0, 0, 0, 0, 0, 0]"
1964.100616,Unknown Device,21,4,20,180,"[235, 255, 255, 95, 255, 7, 128, 1]"
1964.100768,Unknown Device,21,4,20,195,"[241, 31, 6, 192, 253, 235, 255, 5]"
1964.100902,Unknown,Unknown,Unknown,Unknown,996,"[1, 187, 170, 170, 170, 170, 170, 170]"
1964.101047,Unknown Device,21,4,20,196,"[35, 1, 198, 0, 33, 127, 0, 0]"
1964.101206,Unknown Device,21,4,20,197,"[49, 29, 0, 22, 176, 0, 0, 255]"
1964.101343,Unknown Device,1,1,0,97,"[113, 7, 202, 252, 0, 0, 0, 255]"
1964.101473,Unknown Device,1,1,0,98,"[0, 228, 119, 193, 182, 168, 102, 17]"
1964.101618,Unknown Device,21,4,20,198,"[4, 0, 32, 255, 255, 254, 255, 159]"
1964.101762,Unknown,Unknown,Unknown,Unknown,997,"[6, 251, 1, 163, 115, 5, 0, 170]"
1964.101904,Unknown Device,21,4,20,199,"[237, 255, 239, 254, 255, 9, 0, 0]"
1964.102049,Unknown Device,21,4,20,203,"[0, 0, 255, 255, 1, 0, 0, 0]"
1964.102207,Unknown Device,21,4,20,200,"[156, 0, 80, 0, 236, 63, 0, 4]"
1964.102351,Unknown Device,2,4,3,177,"[0, 0, 0, 226, 0, 16, 20, 0]"
1964.102489,Unknown Device,21,4,20,202,"[245, 98, 0, 0, 0, 0, 0, 0]"
1964.102634,Unknown Device,2,4,3,183,"[0, 0, 224, 251, 255, 255, 0, 0]"
1964.102778,Unknown Device,21,4,20,205,"[0, 0, 0, 0, 0, 0, 0, 0]"
1964.102934,Unknown Device,21,4,20,206,"[168, 255, 48, 0, 161, 2, 0, 0]"
1964.103457,Unknown Device,2,5,0,103,"[0, 0, 0, 0, 0, 0, 0, 0]"
1964.103897,Unknown Device,8,5,21,96,"[0, 0, 0, 0, 0, 0, 0, 0]"
1964.104041,Unknown Device,8,5,21,97,"[0, 0, 0, 0, 0, 0, 0, 192]"
1964.104185,Unknown Device,8,5,21,98,"[0, 0, 0, 64, 0, 0, 0, 192]"
1964.104329,Unknown Device,8,5,21,99,"[0, 0, 112, 0, 0, 0, 0, 240]"
1964.104466,Unknown Device,8,5,21,100,"[40, 38, 24, 250, 0, 192, 125, 0]"
1964.104611,Unknown Device,2,5,10,737,"[0, 0, 0, 0, 0, 64, 0, 0]"
1964.105926,Unknown Device,2,5,8,737,"[0, 0, 0, 0, 0, 64, 0, 0]"
1964.106449,Unknown Device,2,5,0,96,"[0, 0, 0, 0, 128, 3, 16, 0]"
1964.106593,Unknown Device,2,5,0,97,"[0, 0, 0, 0, 29, 52, 6, 0]"
1964.106737,Unknown Device,0,4,63,1,"[52, 94, 171, 122, 196, 216, 23, 127]"
1964.106885,Unknown Device,2,5,0,98,"[0, 0, 0, 0, 0, 0, 0, 0]"
1964.107024,Unknown Device,2,5,0,100,"[0, 0, 0, 0, 0, 0, 0, 0]"
1964.107168,Unknown Device,2,5,7,736,"[0, 0, 126, 6, 0, 24, 48, 0]"
1964.107505,Unknown Device,2,5,0,99,"[0, 0, 0, 0, 0, 0, 0, 0]"
1964.107762,Unknown Device,2,5,9,738,"[0, 0, 0, 0, 236, 140, 136, 63]"
1964.10791,Unknown Device,2,4,4,177,"[0, 0, 0, 98, 0, 16, 245, 255]"
1964.108148,Unknown Device,2,5,7,738,"[0, 0, 0, 128, 0, 0, 0, 128]"
1964.108555,Unknown Device,2,4,2,177,"[0, 0, 0, 98, 0, 16, 12, 0]"
1964.1087,Unknown Device,2,5,0,736,"[0, 0, 168, 6, 0, 24, 0, 0]"
1964.108848,Unknown Device,2,5,9,736,"[0, 0, 154, 6, 0, 23, 32, 0]"
1964.109507,Unknown Device,2,4,1,177,"[0, 0, 0, 226, 0, 16, 247, 255]"
1964.11019,Unknown Device,21,4,20,180,"[235, 255, 255, 95, 255, 7, 128, 1]"
1964.11032,Unknown,Unknown,Unknown,Unknown,996,"[1, 200, 170, 170, 170, 170, 170, 170]"
1964.1108,Unknown Device,2,5,5,736,"[0, 0, 137, 6, 0, 24, 48, 0]"
1964.110948,Unknown,Unknown,Unknown,Unknown,997,"[16, 12, 8, 0, 9, 70, 82, 32]"
1964.111087,Unknown Device,2,5,8,736,"[0, 0, 170, 6, 0, 24, 48, 0]"
1964.111231,Unknown Device,2,5,5,738,"[246, 124, 160, 51, 0, 0, 0, 128]"
1964.111374,Unknown Device,2,5,8,738,"[0, 0, 0, 128, 0, 0, 0, 128]"
1964.112234,Unknown Device,2,4,3,177,"[0, 0, 0, 226, 0, 16, 25, 0]"
1964.114525,Unknown Device,2,5,10,736,"[0, 0, 169, 6, 0, 24, 32, 0]"
1964.114938,Unknown Device,2,5,6,736,"[0, 0, 162, 6, 0, 24, 48, 0]"
1964.115082,Unknown Device,2,5,6,737,"[0, 0, 0, 0, 0, 64, 0, 0]"
1964.115226,Unknown Device,2,5,6,738,"[0, 0, 0, 128, 0, 0, 0, 128]"
1964.116427,Unknown,Unknown,Unknown,Unknown,996,"[48, 0, 5, 170, 170, 170, 170, 170]"
1964.116579,Unknown Device,2,5,0,96,"[0, 0, 0, 0, 128, 3, 16, 0]"
1964.11784,Unknown Device,2,4,4,177,"[0, 0, 0, 98, 0, 16, 255, 255]"
1964.118011,Unknown Device,2,4,4,183,"[0, 0, 224, 8, 0, 0, 0, 0]"
1964.118576,Unknown Device,2,4,2,177,"[0, 0, 0, 98, 0, 16, 254, 255]"
1964.118748,Unknown Device,2,4,2,183,"[0, 0, 64, 7, 0, 0, 0, 0]"
1964.118953,Unknown Device,2,5,9,736,"[0, 0, 154, 6, 0, 23, 32, 0]"
1964.119567,Unknown Device,2,4,1,177,"[0, 0, 0, 226, 0, 16, 230, 255]"
1964.119754,Unknown Device,2,4,1,183,"[0, 0, 128, 248, 255, 255, 0, 0]"
1964.120195,Unknown Device,21,4,20,180,"[235, 255, 255, 95, 255, 7, 128, 1]"
1964.120339,Unknown Device,21,4,20,195,"[241, 95, 6, 176, 253, 235, 255, 5]"
1964.121628,Unknown,Unknown,Unknown,Unknown,997,"[33, 75, 114, 97, 107, 101, 110, 170]"
1964.121809,Unknown Device,1,1,0,97,"[113, 7, 202, 252, 0, 0, 0, 255]"
1964.122264,Unknown Device,2,4,3,177,"[0, 0, 0, 226, 0, 16, 33, 0]"
1964.122465,Unknown Device,2,4,3,183,"[0, 0, 224, 251, 255, 255, 0, 0]"
1964.123905,Unknown Device,8,5,21,96,"[0, 0, 0, 0, 0, 0, 0, 0]"
1964.124035,Unknown Device,8,5,21,97,"[0, 0, 0, 0, 0, 0, 0, 192]"
1964.124178,Unknown Device,8,5,21,98,"[0, 0, 0, 64, 0, 0, 0, 192]"
1964.124321,Unknown Device,8,5,21,99,"[0, 0, 112, 0, 0, 0, 0, 240]"
1964.124458,Unknown Device,8,5,21,100,"[40, 38, 24, 250, 0, 192, 125, 0]"
1964.125951,Unknown,Unknown,Unknown,Unknown,996,"[2, 197, 9, 170, 170, 170, 170, 170]"
1964.12647,Unknown Device,2,5,0,96,"[0, 0, 0, 0, 128, 3, 16, 0]"
1964.126606,Unknown,Unknown,Unknown,Unknown,997,"[2, 5, 9, 170, 170, 170, 170, 170]"
1964.126748,Unknown Device,2,5,0,97,"[0, 0, 0, 0, 29, 52, 6, 0]"
1964.126895,Unknown Device,2,5,0,98,"[0, 0, 0, 0, 0, 0, 0, 0]"
1964.12706,Unknown Device,2,5,0,100,"[0, 0, 0, 0, 0, 0, 0, 0]"
1964.127188,Unknown Device,2,5,7,736,"[0, 0, 126, 6, 0, 24, 48, 0]"
1964.12762,Unknown,Unknown,Unknown,Unknown,996,"[2, 197, 15, 170, 170, 170, 170, 170]"
1964.127763,Unknown Device,2,5,9,738,"[0, 0, 0, 0, 236, 140, 136, 63]"
1964.127952,Unknown Device,2,4,4,177,"[0, 0, 0, 98, 0, 16, 0, 0]"
1964.12816,Unknown Device,2,5,7,738,"[0, 0, 0, 128, 0, 0, 0, 128]"
1964.128416,Unknown,Unknown,Unknown,Unknown,997,"[2, 5, 15, 170, 170, 170, 170, 170]"
1964.128558,Unknown Device,2,5,0,736,"[0, 0, 169, 6, 0, 24, 0, 0]"
1964.128709,Unknown Device,2,4,2,177,"[0, 0, 0, 98, 0, 16, 7, 0]"
1964.128856,Unknown Device,2,5,9,736,"[0, 0, 154, 6, 0, 23, 32, 0]"
1964.129262,Unknown,Unknown,Unknown,Unknown,996,"[2, 62, 0, 170, 170, 170, 170, 170]"
1964.129574,Unknown Device,2,4,1,177,"[0, 0, 0, 226, 0, 16, 225, 255]"
1964.130167,Unknown Device,21,4,20,180,"[235, 255, 255, 95, 255, 7, 128, 1]"
1964.130331,Unknown,Unknown,Unknown,Unknown,997,"[6, 126, 2, 4, 252, 67, 10, 170]"
1964.130783,Unknown Device,2,5,5,736,"[0, 0, 136, 6, 0, 24, 48, 0]"
1964.130924,Unknown Device,2,5,8,736,"[0, 0, 170, 6, 0, 24, 48, 0]"
1964.131067,Unknown Device,2,5,5,738,"[246, 124, 160, 51, 0, 0, 0, 128]"
1964.131209,Unknown Device,2,5,8,738,"[0, 0, 0, 128, 0, 0, 0, 128]"
1964.132091,Unknown Device,2,4,3,177,"[0, 0, 0, 226, 0, 16, 35, 0]"
1964.134531,Unknown Device,2,5,10,736,"[0, 0, 170, 6, 0, 24, 32, 0]"
1964.134953,Unknown Device,2,5,6,736,"[0, 0, 162, 6, 0, 24, 48, 0]"
1964.135096,Unknown Device,2,5,6,738,"[0, 0, 0, 128, 0, 0, 0, 128]"
1964.135543,Unknown,Unknown,Unknown,Unknown,996,"[1, 176, 170, 170, 170, 170, 170, 170]"
1964.136426,Unknown,Unknown,Unknown,Unknown,997,"[16, 98, 240, 26, 1, 1, 0, 28]"
1964.136568,Unknown Device,2,5,0,96,"[0, 0, 0, 0, 128, 3, 16, 0]"
1964.137851,Unknown Device,2,4,4,177,"[0, 0, 0, 98, 0, 16, 250, 255]"
1964.138044,Unknown Device,2,4,4,183,"[0, 0, 224, 8, 0, 0, 0, 0]"
1964.138574,Unknown Device,2,4,2,177,"[0, 0, 0, 98, 0, 16, 239, 255]"
1964.138759,Unknown Device,2,5,9,736,"[0, 0, 154, 6, 0, 23, 32, 0]"
1964.138927,Unknown Device,2,4,2,183,"[0, 0, 64, 7, 0, 0, 0, 0]"
1964.139516,Unknown Device,2,4,1,177,"[0, 0, 0, 226, 0, 16, 227, 255]"
1964.13966,Unknown Device,2,4,1,183,"[0, 0, 128, 248, 255, 255, 0, 0]"
1964.140608,Unknown Device,21,4,20,180,"[234, 255, 255, 95, 255, 7, 128, 1]"
1964.140766,Unknown Device,21,4,20,195,"[241, 95, 6, 176, 253, 235, 255, 5]"
1964.141727,Unknown,Unknown,Unknown,Unknown,996,"[48, 0, 5, 170, 170, 170, 170, 170]"
1964.142154,Unknown Device,2,4,3,177,"[0, 0, 0, 226, 0, 16, 36, 0]"
1964.142326,Unknown Device,2,4,3,183,"[0, 0, 224, 251, 255, 255, 0, 0]"
1964.14247,Unknown Device,1,1,0,97,"[113, 7, 202, 252, 0, 0, 0, 255]"
1964.142599,Unknown Device,1,1,0,98,"[0, 4, 178, 179, 182, 168, 102, 17]"
1964.143885,Unknown Device,8,5,21,96,"[0, 0, 0, 0, 0, 0, 0, 0]"
1964.14403,Unknown Device,8,5,21,97,"[0, 0, 0, 0, 0, 0, 0, 192]"
1964.144174,Unknown Device,8,5,21,98,"[0, 0, 0, 64, 0, 0, 0, 192]"
1964.144312,Unknown Device,8,5,21,99,"[0, 0, 112, 0, 0, 0, 0, 240]"
1964.144456,Unknown Device,8,5,21,100,"[40, 38, 24, 250, 0, 192, 125, 0]"
1964.14646,Unknown Device,2,5,0,96,"[0, 0, 0, 0, 128, 3, 16, 0]"
1964.146604,Unknown Device,2,5,0,97,"[0, 0, 0, 0, 29, 53, 6, 0]"
1964.146748,Unknown Device,2,5,0,98,"[0, 0, 0, 0, 0, 0, 0, 0]"
1964.146918,Unknown Device,2,5,0,100,"[0, 0, 0, 0, 0, 0, 0, 0]"
1964.147162,Unknown Device,2,5,7,736,"[0, 0, 125, 6, 0, 24, 48, 0]"
1964.147307,Unknown,Unknown,Unknown,Unknown,997,"[33, 1, 0, 238, 0, 0, 25, 0]"
1964.147743,Unknown Device,2,5,9,738,"[0, 0, 0, 0, 236, 140, 136, 63]"
1964.147934,Unknown Device,2,4,4,177,"[0, 0, 0, 98, 0, 16, 242, 255]"
1964.148144,Unknown Device,2,5,7,738,"[0, 0, 0, 128, 0, 0, 0, 128]"
1964.148516,Unknown Device,2,4,2,177,"[0, 0, 0, 98, 0, 16, 243, 255]"
1964.148668,Unknown Device,2,5,0,736,"[0, 0, 168, 6, 0, 24, 0, 0]"
1964.148873,Unknown Device,2,5,9,736,"[0, 0, 154, 6, 0, 23, 32, 0]"
1964.149424,Unknown Device,2,4,1,177,"[0, 0, 0, 226, 0, 16, 233, 255]"
1964.149689,Unknown Device,0,4,63,1,"[52, 94, 171, 120, 165, 122, 18, 97]"
1964.150612,Unknown Device,21,4,20,180,"[234, 255, 255, 95, 255, 7, 128, 1]"
1964.150778,Unknown Device,2,5,5,736,"[0, 0, 136, 6, 0, 24, 48, 0]"
1964.150926,Unknown Device,2,5,5,737,"[0, 0, 0, 0, 0, 64, 0, 0]"
1964.151071,Unknown Device,2,5,5,738,"[246, 124, 160, 51, 0, 0, 0, 128]"
1964.151215,Unknown Device,2,5,8,738,"[0, 0, 0, 128, 0, 0, 0, 128]"
1964.151353,Unknown Device,2,5,8,736,"[0, 0, 170, 6, 0, 24, 48, 0]"
1964.152207,Unknown,Unknown,Unknown,Unknown,997,"[34, 1, 6, 232, 7, 3, 4, 30]"
1964.152416,Unknown Device,2,4,3,177,"[0, 0, 0, 226, 0, 16, 27, 0]"
1964.154505,Unknown Device,2,5,10,736,"[0, 0, 169, 6, 0, 24, 32, 0]"
1964.154923,Unknown Device,2,5,6,736,"[0, 0, 162, 6, 0, 24, 48, 0]"
1964.155076,Unknown Device,2,5,6,738,"[0, 0, 0, 128, 0, 0, 0, 128]"
1964.156465,Unknown Device,2,5,0,96,"[0, 0, 0, 0, 128, 3, 16, 0]"
1964.157241,Unknown,Unknown,Unknown,Unknown,997,"[35, 4, 0, 0, 0, 128, 0, 24]"
1964.157469,Unknown Device,2,5,0,99,"[0, 0, 0, 0, 0, 0, 0, 0]"
1964.157838,Unknown Device,2,4,4,177,"[0, 0, 0, 98, 0, 16, 231, 255]"
1964.158025,Unknown Device,2,4,4,183,"[0, 0, 224, 8, 0, 0, 0, 0]"
1964.15856,Unknown Device,2,4,2,177,"[0, 0, 0, 98, 0, 16, 247, 255]"
1964.158755,Unknown Device,2,5,9,736,"[0, 0, 154, 6, 0, 23, 32, 0]"
1964.158889,Unknown Device,2,4,2,183,"[0, 0, 64, 7, 0, 0, 0, 0]"
1964.159526,Unknown Device,2,4,1,177,"[0, 0, 0, 226, 0, 16, 235, 255]"
1964.159698,Unknown Device,2,4,1,183,"[0, 0, 128, 248, 255, 255, 0, 0]"
1964.160447,Unknown Device,21,4,20,180,"[234, 255, 255, 95, 255, 7, 128, 1]"
1964.160591,Unknown Device,21,4,20,195,"[241, 95, 6, 176, 253, 235, 255, 5]"
1964.162216,Unknown,Unknown,Unknown,Unknown,997,"[36, 79, 7, 231, 10, 14, 0, 84]"
1964.162374,Unknown Device,2,4,3,177,"[0, 0, 0, 226, 0, 16, 25, 0]"
1964.162526,Unknown Device,2,4,3,183,"[0, 0, 224, 251, 255, 255, 0, 0]"
1964.162973,Unknown Device,1,1,0,97,"[113, 7, 202, 252, 0, 0, 0, 255]"
1964.163878,Unknown Device,8,5,21,96,"[0, 0, 0, 0, 0, 0, 0, 0]"
1964.164032,Unknown Device,8,5,21,97,"[0, 0, 0, 0, 0, 0, 0, 192]"
1964.164161,Unknown Device,8,5,21,98,"[0, 0, 0, 64, 0, 0, 0, 192]"
1964.164305,Unknown Device,8,5,21,99,"[0, 0, 112, 0, 0, 0, 0, 240]"
1964.164449,Unknown Device,8,5,21,100,"[40, 38, 24, 250, 0, 192, 125, 0]"
1964.166466,Unknown Device,2,5,0,96,"[0, 0, 0, 0, 128, 3, 16, 0]"
1964.166611,Unknown Device,2,5,0,97,"[0, 0, 0, 0, 29, 52, 6, 0]"
1964.166748,Unknown Device,2,5,0,98,"[0, 0, 0, 0, 0, 0, 0, 0]"
1964.166897,Unknown Device,2,5,0,100,"[0, 0, 0, 0, 0, 0, 0, 0]"
1964.167141,Unknown Device,2,5,7,736,"[0, 0, 125, 6, 0, 24, 48, 0]"
1964.167279,Unknown,Unknown,Unknown,Unknown,997,"[37, 97, 108, 111, 110, 32, 70, 88]"
1964.167736,Unknown Device,2,5,9,738,"[0, 0, 0, 0, 236, 140, 136, 63]"
1964.167921,Unknown Device,2,4,4,177,"[0, 0, 0, 98, 0, 16, 235, 255]"
1964.168137,Unknown Device,2,5,7,738,"[0, 0, 0, 128, 0, 0, 0, 128]"
1964.168488,Unknown Device,2,4,2,177,"[0, 0, 0, 98, 0, 16, 1, 0]"
1964.168632,Unknown Device,2,5,0,736,"[0, 0, 168, 6, 0, 24, 0, 0]"
1964.168776,Unknown Device,2,5,9,736,"[0, 0, 154, 6, 0, 23, 32, 0]"
1964.169425,Unknown Device,2,4,1,177,"[0, 0, 0, 226, 0, 16, 244, 255]"
1964.170307,Unknown Device,21,4,20,180,"[234, 255, 255, 95, 255, 7, 128, 1]"
1964.170782,Unknown Device,2,5,5,736,"[0, 0, 136, 6, 0, 24, 48, 0]"
1964.170929,Unknown Device,2,5,8,736,"[0, 0, 170, 6, 0, 24, 48, 0]"
1964.171058,Unknown Device,2,5,5,738,"[246, 124, 160, 51, 0, 0, 0, 128]"
1964.171215,Unknown Device,2,5,8,738,"[0, 0, 0, 128, 0, 0, 0, 128]"
1964.172183,Unknown,Unknown,Unknown,Unknown,997,"[38, 32, 118, 101, 114, 115, 46, 32]"
1964.172432,Unknown Device,2,4,3,177,"[0, 0, 0, 226, 0, 16, 15, 0]"
1964.174503,Unknown Device,2,5,10,736,"[0, 0, 169, 6, 0, 24, 32, 0]"
1964.174918,Unknown Device,2,5,6,736,"[0, 0, 162, 6, 0, 24, 48, 0]"
1964.175069,Unknown Device,2,5,6,738,"[0, 0, 0, 128, 0, 0, 0, 128]"
1964.176459,Unknown Device,2,5,0,96,"[0, 0, 0, 0, 128, 3, 16, 0]"
1964.177227,Unknown,Unknown,Unknown,Unknown,997,"[39, 67, 0, 0, 0, 0, 0, 0]"
1964.177903,Unknown Device,2,4,4,177,"[0, 0, 0, 98, 0, 16, 249, 255]"
1964.178074,Unknown Device,2,4,4,183,"[0, 0, 224, 8, 0, 0, 0, 0]"
1964.178225,Unknown Device,2,5,7,737,"[0, 0, 0, 0, 0, 64, 0, 0]"
1964.178509,Unknown Device,2,4,2,177,"[0, 0, 0, 98, 0, 16, 7, 0]"
1964.178674,Unknown Device,2,4,2,183,"[0, 0, 64, 7, 0, 0, 0, 0]"
1964.178877,Unknown Device,2,5,9,736,"[0, 0, 155, 6, 0, 23, 32, 0]"
1964.179466,Unknown Device,2,4,1,177,"[0, 0, 0, 226, 0, 16, 242, 255]"
1964.179651,Unknown Device,2,4,1,183,"[0, 0, 128, 248, 255, 255, 0, 0]"
1964.180223,Unknown Device,21,4,20,180,"[234, 255, 255, 95, 255, 7, 128, 1]"
1964.18038,Unknown Device,21,4,20,195,"[241, 31, 6, 192, 253, 235, 255, 5]"
1964.182204,Unknown,Unknown,Unknown,Unknown,997,"[40, 0, 0, 0, 0, 0, 0, 0]"
1964.182397,Unknown Device,2,4,3,177,"[0, 0, 0, 226, 0, 16, 22, 0]"
1964.18313,Unknown Device,2,4,3,183,"[0, 0, 224, 251, 255, 255, 0, 0]"
1964.183493,Unknown Device,1,1,0,97,"[113, 7, 202, 252, 0, 0, 0, 255]"
1964.183879,Unknown Device,8,5,21,96,"[0, 0, 0, 0, 0, 0, 0, 0]"
1964.184016,Unknown Device,8,5,21,97,"[0, 0, 0, 0, 0, 0, 0, 192]"
1964.18416,Unknown Device,8,5,21,98,"[0, 0, 0, 64, 0, 0, 0, 192]"
1964.184304,Unknown Device,8,5,21,99,"[0, 0, 112, 0, 0, 0, 0, 240]"
1964.184448,Unknown Device,8,5,21,100,"[40, 38, 24, 250, 0, 192, 125, 0]"
1964.186451,Unknown Device,2,5,0,96,"[0, 0, 0, 0, 128, 3, 16, 0]"
1964.186595,Unknown Device,2,5,0,97,"[0, 0, 0, 0, 29, 51, 6, 0]"
1964.186762,Unknown Device,2,5,0,98,"[0, 0, 0, 0, 0, 0, 0, 0]"
1964.186896,Unknown Device,2,5,0,100,"[0, 0, 0, 0, 0, 0, 0, 0]"
1964.18714,Unknown Device,2,5,7,736,"[0, 0, 125, 6, 0, 24, 48, 0]"
1964.187278,Unknown,Unknown,Unknown,Unknown,997,"[41, 0, 0, 0, 67, 84, 82, 32]"
1964.187728,Unknown Device,2,5,9,738,"[0, 0, 0, 0, 236, 140, 136, 63]"
1964.187862,Unknown Device,2,4,4,177,"[0, 0, 0, 98, 0, 16, 245, 255]"
1964.188128,Unknown Device,2,5,7,738,"[0, 0, 0, 128, 0, 0, 0, 128]"
1964.188541,Unknown Device,2,5,0,736,"[0, 0, 168, 6, 0, 24, 0, 0]"
1964.188679,Unknown Device,2,4,2,177,"[0, 0, 0, 98, 0, 16, 250, 255]"
1964.188827,Unknown Device,2,5,9,736,"[0, 0, 154, 6, 0, 23, 32, 0]"
1964.189499,Unknown Device,2,4,1,177,"[0, 0, 0, 226, 0, 16, 243, 255]"
1964.190154,Unknown Device,21,4,20,180,"[234, 255, 255, 95, 255, 7, 128, 1]"
1964.190769,Unknown Device,2,5,5,736,"[0, 0, 136, 6, 0, 24, 48, 0]"
1964.190911,Unknown Device,2,5,8,736,"[0, 0, 171, 6, 0, 24, 48, 0]"
1964.191056,Unknown Device,2,5,5,738,"[246, 124, 160, 51, 0, 0, 0, 128]"
1964.1912,Unknown Device,2,5,8,738,"[0, 0, 0, 128, 0, 0, 0, 128]"
1964.192196,Unknown,Unknown,Unknown,Unknown,997,"[42, 69, 108, 101, 99, 116, 114, 111]"
1964.192425,Unknown Device,2,4,3,177,"[0, 0, 0, 226, 0, 16, 24, 0]"
1964.192569,Unknown Device,0,4,63,1,"[52, 94, 171, 124, 71, 224, 242, 119]"
1964.194514,Unknown Device,2,5,10,736,"[0, 0, 169, 6, 0, 24, 32, 0]"
1964.194933,Unknown Device,2,5,6,736,"[0, 0, 162, 6, 0, 24, 48, 0]"
1964.195078,Unknown Device,2,5,6,738,"[0, 0, 0, 128, 0, 0, 0, 128]"
1964.196447,Unknown Device,2,5,0,96,"[0, 0, 0, 0, 128, 3, 16, 0]"
1964.197279,Unknown,Unknown,Unknown,Unknown,997,"[43, 110, 105, 99, 115, 0, 0, 0]"
1964.19784,Unknown Device,2,4,4,177,"[0, 0, 0, 98, 0, 16, 246, 255]"
1964.198042,Unknown Device,2,4,4,183,"[0, 0, 224, 8, 0, 0, 0, 0]"
1964.198613,Unknown Device,2,4,2,177,"[0, 0, 0, 98, 0, 16, 247, 255]"
1964.198757,Unknown Device,2,5,9,736,"[0, 0, 154, 6, 0, 23, 32, 0]"
1964.198905,Unknown Device,2,4,2,183,"[0, 0, 64, 7, 0, 0, 0, 0]"
1964.199433,Unknown Device,2,4,1,177,"[0, 0, 0, 226, 0, 16, 250, 255]"
1964.199619,Unknown Device,2,4,1,183,"[0, 0, 128, 248, 255, 255, 0, 0]"
1964.200193,Unknown Device,21,4,20,180,"[234, 255, 255, 95, 255, 7, 128, 1]"
1964.200337,Unknown Device,21,4,20,195,"[241, 31, 6, 192, 253, 235, 255, 5]"
1964.200495,Unknown Device,21,4,20,196,"[36, 1, 198, 0, 33, 127, 0, 0]"
1964.200639,Unknown Device,21,4,20,199,"[231, 255, 79, 254, 255, 235, 255, 15]"
1964.200784,Unknown Device,21,4,20,200,"[156, 0, 84, 0, 184, 63, 0, 4]"
1964.202176,Unknown,Unknown,Unknown,Unknown,997,"[44, 0, 0, 0, 0, 0, 0, 0]"
1964.202363,Unknown Device,2,4,3,177,"[0, 0, 0, 226, 0, 16, 25, 0]"
1964.202507,Unknown Device,2,4,3,183,"[0, 0, 224, 251, 255, 255, 0, 0]"
1964.203865,Unknown Device,8,5,21,96,"[0, 0, 0, 0, 0, 0, 0, 0]"
1964.20401,Unknown Device,8,5,21,97,"[0, 0, 0, 0, 0, 0, 0, 192]"
1964.204154,Unknown Device,1,1,0,97,"[113, 7, 202, 252, 0, 0, 0, 255]"
1964.204298,Unknown Device,8,5,21,98,"[0, 0, 0, 64, 0, 0, 0, 192]"
1964.204442,Unknown Device,8,5,21,99,"[0, 0, 112, 0, 0, 0, 0, 240]"
1964.204586,Unknown Device,8,5,21,100,"[40, 38, 24, 250, 0, 192, 125, 0]"
1964.206446,Unknown Device,2,5,0,96,"[0, 0, 0, 0, 128, 3, 16, 0]"
1964.20659,Unknown Device,2,5,0,97,"[0, 0, 0, 0, 29, 52, 6, 0]"
1964.206734,Unknown Device,2,5,0,98,"[0, 0, 0, 0, 0, 0, 0, 0]"
1964.206882,Unknown Device,2,5,0,100,"[0, 0, 0, 0, 0, 0, 0, 0]"
1964.20714,Unknown Device,2,5,7,736,"[0, 0, 126, 6, 0, 24, 48, 0]"
1964.207284,Unknown,Unknown,Unknown,Unknown,997,"[45, 0, 0, 0, 0, 0, 0, 0]"
1964.207442,Unknown Device,2,5,0,99,"[0, 0, 0, 0, 0, 0, 0, 0]"
1964.207714,Unknown Device,2,5,9,738,"[0, 0, 0, 0, 236, 140, 136, 63]"
1964.207862,Unknown Device,2,4,4,177,"[0, 0, 0, 98, 0, 16, 251, 255]"
1964.208134,Unknown Device,2,5,7,738,"[0, 0, 0, 128, 0, 0, 0, 128]"
1964.208463,Unknown Device,2,4,2,177,"[0, 0, 0, 98, 0, 16, 234, 255]"
1964.208607,Unknown Device,2,5,0,736,"[0, 0, 168, 6, 0, 24, 0, 0]"
1964.208827,Unknown Device,2,5,9,736,"[0, 0, 154, 6, 0, 23, 32, 0]"
1964.208957,Unknown Device,2,5,9,737,"[0, 0, 0, 8, 0, 64, 0, 0]"
1964.209443,Unknown Device,2,4,1,177,"[0, 0, 0, 226, 0, 16, 243, 255]"
1964.210161,Unknown Device,21,4,20,180,"[234, 255, 255, 95, 255, 7, 128, 1]"
1964.210758,Unknown Device,2,5,5,736,"[0, 0, 137, 6, 0, 24, 48, 0]"
1964.210906,Unknown Device,2,5,8,736,"[0, 0, 171, 6, 0, 24, 48, 0]"
1964.211051,Unknown Device,2,5,5,738,"[246, 124, 160, 51, 0, 0, 0, 128]"
1964.211195,Unknown Device,2,5,8,738,"[0, 0, 0, 128, 0, 0, 0, 128]"
1964.212196,Unknown,Unknown,Unknown,Unknown,997,"[46, 19, 170, 170, 170, 170, 170, 170]"
1964.212411,Unknown Device,2,4,3,177,"[0, 0, 0, 226, 0, 16, 32, 0]"
1964.214494,Unknown Device,2,5,10,736,"[0, 0, 169, 6, 0, 24, 32, 0]"
1964.214922,Unknown Device,2,5,6,736,"[0, 0, 162, 6, 0, 24, 48, 0]"
1964.215065,Unknown Device,2,5,6,738,"[0, 0, 0, 128, 0, 0, 0, 128]"
1964.216438,Unknown Device,2,5,0,96,"[0, 0, 0, 0, 128, 3, 16, 0]"
1964.217829,Unknown Device,2,4,4,177,"[0, 0, 0, 98, 0, 16, 247, 255]"
1964.218029,Unknown Device,2,4,4,183,"[0, 0, 224, 8, 0, 0, 0, 0]"
1964.218593,Unknown Device,2,4,2,177,"[0, 0, 0, 98, 0, 16, 244, 255]"
1964.218736,Unknown Device,2,5,9,736,"[0, 0, 154, 6, 0, 23, 32, 0]"
1964.218882,Unknown Device,2,4,2,183,"[0, 0, 64, 7, 0, 0, 0, 0]"
1964.219363,Unknown,Unknown,Unknown,Unknown,996,"[1, 187, 170, 170, 170, 170, 170, 170]"
1964.219506,Unknown Device,2,4,1,177,"[0, 0, 0, 226, 0, 16, 243, 255]"
1964.219804,Unknown Device,2,4,1,183,"[0, 0, 128, 248, 255, 255, 0, 0]"
1964.220149,Unknown,Unknown,Unknown,Unknown,997,"[6, 251, 1, 163, 115, 5, 0, 170]"
1964.220292,Unknown Device,21,4,20,180,"[234, 255, 255, 95, 255, 7, 128, 1]"
1964.220449,Unknown Device,21,4,20,195,"[241, 31, 6, 192, 253, 235, 255, 5]"
1964.222079,Unknown Device,2,4,3,177,"[0, 0, 0, 226, 0, 16, 20, 0]"
1964.222277,Unknown Device,2,4,3,183,"[0, 0, 224, 251, 255, 255, 0, 0]"
1964.223865,Unknown Device,8,5,21,96,"[0, 0, 0, 0, 0, 0, 0, 0]"
1964.224009,Unknown Device,8,5,21,97,"[0, 0, 0, 0, 0, 0, 0, 192]"
1964.224151,Unknown Device,8,5,21,98,"[0, 0, 0, 64, 0, 0, 0, 192]"
1964.224294,Unknown Device,8,5,21,99,"[0, 0, 112, 0, 0, 0, 0, 240]"
1964.224437,Unknown Device,8,5,21,100,"[40, 38, 24, 250, 0, 192, 125, 0]"
1964.225366,Unknown Device,1,1,0,97,"[113, 7, 202, 252, 0, 0, 0, 255]"
1964.226429,Unknown Device,2,5,0,96,"[0, 0, 0, 0, 128, 3, 16, 0]"
1964.226572,Unknown Device,2,5,0,97,"[0, 0, 0, 0, 29, 52, 6, 0]"
1964.226722,Unknown Device,2,5,0,98,"[0, 0, 0, 0, 0, 0, 0, 0]"
1964.226869,Unknown Device,2,5,0,100,"[0, 0, 0, 0, 0, 0, 0, 0]"
1964.227147,Unknown Device,2,5,7,736,"[0, 0, 125, 6, 0, 24, 48, 0]"
1964.227707,Unknown Device,2,5,9,738,"[0, 0, 0, 0, 236, 140, 136, 63]"
1964.227854,Unknown Device,2,4,4,177,"[0, 0, 0, 98, 0, 16, 233, 255]"
1964.228119,Unknown Device,2,5,7,738,"[0, 0, 0, 128, 0, 0, 0, 128]"
1964.228514,Unknown Device,2,4,2,177,"[0, 0, 0, 98, 0, 16, 248, 255]"
1964.228664,Unknown Device,2,5,0,736,"[0, 0, 169, 6, 0, 24, 0, 0]"
1964.228793,Unknown,Unknown,Unknown,Unknown,996,"[1, 200, 170, 170, 170, 170, 170, 170]"
1964.228939,Unknown Device,2,5,9,736,"[0, 0, 154, 6, 0, 23, 32, 0]"
1964.229456,Unknown,Unknown,Unknown,Unknown,997,"[16, 12, 8, 0, 9, 82, 76, 32]"
1964.229622,Unknown Device,2,4,1,177,"[0, 0, 0, 226, 0, 16, 232, 255]"
1964.230148,Unknown Device,21,4,20,180,"[234, 255, 255, 95, 255, 7, 128, 1]"
1964.230774,Unknown Device,2,5,5,736,"[0, 0, 136, 6, 0, 24, 48, 0]"
1964.230916,Unknown Device,2,5,8,736,"[0, 0, 170, 6, 0, 24, 48, 0]"
1964.231047,Unknown Device,2,5,5,738,"[246, 124, 160, 51, 0, 0, 0, 128]"
1964.231191,Unknown Device,2,5,8,738,"[0, 0, 0, 128, 0, 0, 0, 128]"
1964.232102,Unknown Device,2,4,3,177,"[0, 0, 0, 226, 0, 16, 24, 0]"
1964.2345,Unknown Device,2,5,10,736,"[0, 0, 169, 6, 0, 24, 32, 0]"
1964.234709,Unknown Device,2,5,9,752,"[0, 0, 0, 0, 235, 184, 17, 60]"
1964.2349,Unknown Device,0,4,63,1,"[52, 94, 170, 123, 137, 123, 174, 240]"
1964.23503,Unknown,Unknown,Unknown,Unknown,996,"[48, 0, 5, 170, 170, 170, 170, 170]"
1964.235168,Unknown Device,2,5,6,736,"[0, 0, 162, 6, 0, 24, 48, 0]"
1964.235327,Unknown Device,2,5,6,738,"[0, 0, 0, 128, 0, 0, 0, 128]"
1964.236429,Unknown Device,2,5,0,96,"[0, 0, 0, 0, 128, 3, 16, 0]"
1964.237826,Unknown Device,2,4,4,177,"[0, 0, 0, 98, 0, 16, 244, 255]"
1964.237999,Unknown Device,2,4,4,183,"[0, 0, 224, 8, 0, 0, 0, 0]"
1964.238584,Unknown Device,2,4,2,177,"[0, 0, 0, 98, 0, 16, 248, 255]"
1964.238756,Unknown Device,2,4,2,183,"[0, 0, 64, 7, 0, 0, 0, 0]"
1964.238905,Unknown Device,2,5,9,736,"[0, 0, 154, 6, 0, 23, 32, 0]"
1964.239478,Unknown Device,2,4,1,177,"[0, 0, 0, 226, 0, 16, 233, 255]"
1964.239651,Unknown Device,2,4,1,183,"[0, 0, 128, 248, 255, 255, 0, 0]"
1964.240148,Unknown Device,21,4,20,180,"[234, 255, 255, 95, 255, 7, 128, 1]"
1964.240292,Unknown,Unknown,Unknown,Unknown,997,"[33, 75, 114, 97, 107, 101, 110, 170]"
1964.240444,Unknown Device,21,4,20,195,"[241, 31, 6, 192, 253, 235, 255, 5]"
1964.242175,Unknown Device,2,4,3,177,"[0, 0, 0, 226, 0, 16, 31, 0]"
1964.242347,Unknown Device,2,4,3,183,"[0, 0, 224, 251, 255, 255, 0, 0]"
1964.243855,Unknown Device,8,5,21,96,"[0, 0, 0, 0, 0, 0, 0, 0]"
1964.243999,Unknown Device,8,5,21,97,"[0, 0, 0, 0, 0, 0, 0, 192]"
1964.244157,Unknown Device,8,5,21,98,"[0, 0, 0, 64, 0, 0, 0, 192]"
1964.244301,Unknown Device,8,5,21,99,"[0, 0, 112, 0, 0, 0, 0, 240]"
1964.244438,Unknown Device,8,5,21,100,"[40, 38, 24, 250, 0, 192, 125, 0]"
1964.245948,Unknown Device,1,1,0,97,"[113, 7, 202, 252, 0, 0, 0, 255]"
1964.246428,Unknown Device,2,5,0,96,"[0, 0, 0, 0, 128, 3, 16, 0]"
1964.246566,Unknown Device,2,5,0,97,"[0, 0, 0, 0, 29, 52, 6, 0]"
1964.24671,Unknown Device,2,5,0,98,"[0, 0, 0, 0, 0, 0, 0, 0]"
1964.246858,Unknown Device,2,5,0,100,"[0, 0, 0, 0, 0, 0, 0, 0]"
1964.247125,Unknown Device,2,5,7,736,"[0, 0, 125, 6, 0, 24, 48, 0]"
1964.247397,Unknown,Unknown,Unknown,Unknown,996,"[2, 197, 9, 170, 170, 170, 170, 170]"
1964.247697,Unknown Device,2,5,9,738,"[0, 0, 0, 0, 236, 140, 136, 63]"
1964.24791,Unknown Device,2,4,4,177,"[0, 0, 0, 98, 0, 16, 254, 255]"
1964.248125,Unknown Device,2,5,7,738,"[0, 0, 0, 128, 0, 0, 0, 128]"
1964.248312,Unknown,Unknown,Unknown,Unknown,997,"[2, 5, 9, 170, 170, 170, 170, 170]"
1964.24852,Unknown Device,2,4,2,177,"[0, 0, 0, 98, 0, 16, 244, 255]"
1964.248664,Unknown Device,2,5,0,736,"[0, 0, 168, 6, 0, 24, 0, 0]"
1964.248802,Unknown Device,2,5,9,736,"[0, 0, 154, 6, 0, 23, 32, 0]"
1964.249398,Unknown Device,2,4,1,177,"[0, 0, 0, 226, 0, 16, 235, 255]"
1964.250173,Unknown Device,21,4,20,180,"[234, 255, 255, 95, 255, 7, 128, 1]"
1964.250723,Unknown,Unknown,Unknown,Unknown,996,"[2, 197, 15, 170, 170, 170, 170, 170]"
1964.250871,Unknown Device,2,5,5,736,"[0, 0, 136, 6, 0, 24, 48, 0]"
1964.251016,Unknown Device,2,5,8,736,"[0, 0, 170, 6, 0, 24, 48, 0]"
1964.251154,Unknown Device,2,5,5,738,"[246, 124, 160, 51, 0, 0, 0, 128]"
1964.251284,Unknown,Unknown,Unknown,Unknown,997,"[2, 5, 15, 170, 170, 170, 170, 170]"
1964.251428,Unknown Device,2,5,8,738,"[0, 0, 0, 128, 0, 0, 0, 128]"
1964.252095,Unknown Device,2,4,3,177,"[0, 0, 0, 226, 0, 16, 21, 0]"
1964.252983,Unknown,Unknown,Unknown,Unknown,996,"[2, 62, 0, 170, 170, 170, 170, 170]"
1964.253782,Unknown,Unknown,Unknown,Unknown,997,"[6, 126, 2, 4, 252, 68, 8, 170]"
1964.254507,Unknown Device,2,5,10,736,"[0, 0, 169, 6, 0, 24, 32, 0]"
1964.254919,Unknown Device,2,5,6,736,"[0, 0, 161, 6, 0, 24, 48, 0]"
1964.255086,Unknown Device,2,5,6,738,"[0, 0, 0, 128, 0, 0, 0, 128]"
1964.256428,Unknown Device,2,5,0,96,"[0, 0, 0, 0, 128, 3, 16, 0]"
1964.25743,Unknown Device,2,5,0,99,"[0, 0, 0, 0, 0, 0, 0, 0]"
1964.257812,Unknown Device,2,4,4,177,"[0, 0, 0, 98, 0, 16, 250, 255]"
1964.257979,Unknown Device,2,4,4,183,"[0, 0, 224, 8, 0, 0, 0, 0]"
1964.258586,Unknown Device,2,4,2,177,"[0, 0, 0, 98, 0, 16, 249, 255]"
1964.258731,Unknown Device,2,5,9,736,"[0, 0, 154, 6, 0, 23, 32, 0]"
1964.258887,Unknown Device,2,4,2,183,"[0, 0, 64, 7, 0, 0, 0, 0]"
1964.259284,Unknown,Unknown,Unknown,Unknown,996,"[1, 176, 170, 170, 170, 170, 170, 170]"
1964.259505,Unknown Device,2,4,1,177,"[0, 0, 0, 226, 0, 16, 233, 255]"
1964.259704,Unknown Device,2,4,1,183,"[0, 0, 128, 248, 255, 255, 0, 0]"
1964.260154,Unknown Device,21,4,20,180,"[234, 255, 255, 95, 255, 7, 128, 1]"
1964.260291,Unknown,Unknown,Unknown,Unknown,997,"[16, 98, 240, 26, 1, 1, 0, 213]"
1964.260433,Unknown Device,21,4,20,195,"[241, 31, 6, 192, 253, 235, 255, 5]"
1964.262194,Unknown Device,2,4,3,177,"[0, 0, 0, 226, 0, 16, 33, 0]"
1964.262387,Unknown Device,2,4,3,183,"[0, 0, 224, 251, 255, 255, 0, 0]"
1964.263857,Unknown Device,8,5,21,96,"[0, 0, 0, 0, 0, 0, 0, 0]"
1964.263994,Unknown Device,8,5,21,97,"[0, 0, 0, 0, 0, 0, 0, 192]"
1964.264151,Unknown Device,8,5,21,98,"[0, 0, 0, 64, 0, 0, 0, 192]"
1964.264293,Unknown Device,8,5,21,99,"[0, 0, 112, 0, 0, 0, 0, 240]"
1964.26443,Unknown Device,8,5,21,100,"[40, 38, 24, 250, 0, 192, 125, 0]"
1964.265479,Unknown,Unknown,Unknown,Unknown,996,"[48, 0, 5, 170, 170, 170, 170, 170]"
1964.266426,Unknown Device,2,5,0,96,"[0, 0, 0, 0, 128, 3, 16, 0]"
1964.266569,Unknown Device,2,5,0,97,"[0, 0, 0, 0, 29, 51, 6, 0]"
1964.266711,Unknown Device,1,1,0,97,"[113, 7, 202, 252, 0, 0, 0, 255]"
1964.266866,Unknown Device,2,5,0,98,"[0, 0, 0, 0, 0, 0, 0, 0]"
1964.266995,Unknown Device,2,5,0,100,"[0, 0, 0, 0, 0, 0, 0, 0]"
1964.267138,Unknown Device,2,5,7,736,"[0, 0, 124, 6, 0, 24, 48, 0]"
1964.267704,Unknown Device,2,5,9,738,"[0, 0, 0, 0, 236, 140, 136, 63]"
1964.267907,Unknown Device,2,4,4,177,"[0, 0, 0, 98, 0, 16, 245, 255]"
1964.268114,Unknown Device,2,5,7,738,"[0, 0, 0, 128, 0, 0, 0, 128]"
1964.268518,Unknown Device,2,5,0,736,"[0, 0, 167, 6, 0, 24, 0, 0]"
1964.26866,Unknown Device,2,4,2,177,"[0, 0, 0, 98, 0, 16, 253, 255]"
1964.268803,Unknown Device,2,5,9,736,"[0, 0, 153, 6, 0, 23, 32, 0]"
1964.26943,Unknown Device,2,4,1,177,"[0, 0, 0, 226, 0, 16, 229, 255]"
1964.270172,Unknown Device,21,4,20,180,"[234, 255, 255, 95, 255, 7, 128, 1]"
1964.270745,Unknown Device,2,5,5,736,"[0, 0, 135, 6, 0, 24, 48, 0]"
1964.2709,Unknown,Unknown,Unknown,Unknown,997,"[33, 0, 0, 249, 0, 0, 13, 0]"
1964.271043,Unknown Device,2,5,8,736,"[0, 0, 171, 6, 0, 24, 48, 0]"
1964.271186,Unknown Device,2,5,5,738,"[246, 124, 160, 51, 0, 0, 0, 128]"
1964.271322,Unknown Device,2,5,8,738,"[0, 0, 0, 128, 0, 0, 0, 128]"
1964.272217,Unknown Device,2,4,3,177,"[0, 0, 0, 226, 0, 16, 18, 0]"
1964.274487,Unknown Device,2,5,10,736,"[0, 0, 168, 6, 0, 24, 32, 0]"
1964.274899,Unknown Device,2,5,6,736,"[0, 0, 161, 6, 0, 24, 48, 0]"
1964.275043,Unknown Device,2,5,6,738,"[0, 0, 0, 128, 0, 0, 0, 128]"
1964.275888,Unknown,Unknown,Unknown,Unknown,997,"[34, 6, 10, 233, 7, 3, 4, 30]"
1964.27641,Unknown Device,2,5,0,96,"[0, 0, 0, 0, 128, 3, 16, 0]"
1964.277099,Unknown Device,0,4,63,1,"[52, 94, 170, 125, 196, 135, 208, 131]"
1964.277889,Unknown Device,2,4,4,177,"[0, 0, 0, 98, 0, 16, 241, 255]"
1964.278099,Unknown Device,2,4,4,183,"[0, 0, 224, 8, 0, 0, 0, 0]"
1964.278563,Unknown Device,2,4,2,177,"[0, 0, 0, 98, 0, 16, 253, 255]"
1964.278721,Unknown Device,2,5,9,736,"[0, 0, 154, 6, 0, 23, 32, 0]"
1964.278869,Unknown Device,2,4,2,183,"[0, 0, 64, 7, 0, 0, 0, 0]"
1964.279483,Unknown Device,2,4,1,177,"[0, 0, 0, 226, 0, 16, 237, 255]"
1964.279678,Unknown Device,2,4,1,183,"[0, 0, 128, 248, 255, 255, 0, 0]"
1964.280174,Unknown Device,21,4,20,180,"[234, 255, 255, 95, 255, 7, 128, 1]"
1964.280318,Unknown Device,21,4,20,195,"[241, 31, 6, 192, 253, 235, 255, 5]"
1964.280871,Unknown,Unknown,Unknown,Unknown,997,"[35, 4, 0, 0, 0, 128, 0, 152]"
1964.282148,Unknown Device,2,4,3,177,"[0, 0, 0, 226, 0, 16, 10, 0]"
1964.282334,Unknown Device,2,4,3,183,"[0, 0, 224, 251, 255, 255, 0, 0]"
1964.283852,Unknown Device,8,5,21,96,"[0, 0, 0, 0, 0, 0, 0, 0]"
1964.283996,Unknown Device,8,5,21,97,"[0, 0, 0, 0, 0, 0, 0, 192]"
1964.284148,Unknown Device,8,5,21,98,"[0, 0, 0, 64, 0, 0, 0, 192]"
1964.284292,Unknown Device,8,5,21,99,"[0, 0, 112, 0, 0, 0, 0, 240]"
1964.284422,Unknown Device,8,5,21,100,"[40, 38, 24, 250, 0, 192, 125, 0]"
1964.2859,Unknown,Unknown,Unknown,Unknown,997,"[36, 159, 4, 143, 33, 14, 0, 84]"
1964.286407,Unknown Device,2,5,0,96,"[0, 0, 0, 0, 128, 3, 16, 0]"
1964.286559,Unknown Device,2,5,0,97,"[0, 0, 0, 0, 29, 51, 6, 0]"
1964.286703,Unknown Device,2,5,0,98,"[0, 0, 0, 0, 0, 0, 0, 0]"
1964.286851,Unknown Device,2,5,0,100,"[0, 0, 0, 0, 0, 0, 0, 0]"
1964.287116,Unknown Device,2,5,7,736,"[0, 0, 124, 6, 0, 24, 48, 0]"
1964.287367,Unknown Device,1,1,0,97,"[113, 7, 202, 252, 0, 0, 0, 255]"
1964.28771,Unknown Device,2,5,9,738,"[0, 0, 0, 0, 236, 140, 136, 63]"
1964.287866,Unknown Device,2,4,4,177,"[0, 0, 0, 98, 0, 16, 238, 255]"
1964.288124,Unknown Device,2,5,7,738,"[0, 0, 0, 128, 0, 0, 0, 128]"
1964.288488,Unknown Device,2,4,2,177,"[0, 0, 0, 98, 0, 16, 254, 255]"
1964.28864,Unknown Device,2,5,0,736,"[0, 0, 168, 6, 0, 24, 0, 0]"
1964.288784,Unknown Device,2,5,9,736,"[0, 0, 154, 6, 0, 23, 32, 0]"
1964.289404,Unknown Device,2,4,1,177,"[0, 0, 0, 226, 0, 16, 244, 255]"
1964.290158,Unknown Device,21,4,20,180,"[234, 255, 255, 95, 255, 7, 128, 1]"
1964.290757,Unknown Device,2,5,5,736,"[0, 0, 135, 6, 0, 24, 48, 0]"
1964.290891,Unknown,Unknown,Unknown,Unknown,997,"[37, 97, 108, 111, 110, 32, 70, 88]"
1964.291043,Unknown Device,2,5,8,736,"[0, 0, 170, 6, 0, 24, 48, 0]"
1964.291173,Unknown Device,2,5,5,738,"[246, 124, 160, 51, 0, 0, 0, 128]"
1964.291331,Unknown Device,2,5,8,738,"[0, 0, 0, 128, 0, 0, 0, 128]"
1964.292198,Unknown Device,2,4,3,177,"[0, 0, 0, 226, 0, 16, 11, 0]"
1964.29448,Unknown Device,2,5,10,736,"[0, 0, 169, 6, 0, 24, 32, 0]"
1964.294905,Unknown Device,2,5,6,736,"[0, 0, 162, 6, 0, 24, 48, 0]"
1964.295058,Unknown Device,2,5,6,738,"[0, 0, 0, 128, 0, 0, 0, 128]"
1964.295902,Unknown,Unknown,Unknown,Unknown,997,"[38, 32, 118, 101, 114, 115, 46, 32]"
1964.296409,Unknown Device,2,5,0,96,"[0, 0, 0, 0, 128, 3, 16, 0]"
1964.29772,Unknown Device,2,4,4,177,"[0, 0, 0, 98, 0, 16, 219, 255]"
1964.297918,Unknown Device,2,4,4,183,"[0, 0, 224, 8, 0, 0, 0, 0]"
1964.298496,Unknown Device,2,4,2,177,"[0, 0, 0, 98, 0, 16, 242, 255]"
1964.298662,Unknown Device,2,4,2,183,"[0, 0, 64, 7, 0, 0, 0, 0]"
1964.298881,Unknown Device,2,5,9,736,"[0, 0, 154, 6, 0, 23, 32, 0]"
1964.299439,Unknown Device,2,5,0,101,"[0, 0, 0, 0, 0, 0, 16, 0]"
1964.299554,Unknown Device,2,4,1,177,"[0, 0, 0, 226, 0, 16, 220, 255]"
1964.299755,Unknown Device,2,4,1,183,"[0, 0, 128, 248, 255, 255, 0, 0]"
1964.300167,Unknown Device,21,4,20,180,"[234, 255, 255, 95, 255, 7, 128, 1]"
1964.300318,Unknown Device,21,4,20,195,"[241, 223, 5, 192, 253, 235, 255, 5]"
1964.300477,Unknown Device,2,5,0,102,"[0, 0, 0, 0, 0, 0, 0, 0]"
1964.300643,Unknown Device,21,4,20,196,"[37, 1, 190, 0, 33, 127, 0, 0]"
1964.300759,Unknown Device,21,4,20,199,"[244, 255, 143, 255, 255, 20, 0, 0]"
1964.300907,Unknown Device,21,4,20,200,"[152, 0, 72, 0, 200, 63, 0, 4]"
1964.30106,Unknown,Unknown,Unknown,Unknown,997,"[39, 67, 0, 0, 0, 0, 0, 0]"
1964.302176,Unknown Device,2,4,3,177,"[0, 0, 0, 226, 0, 16, 13, 0]"
1964.302342,Unknown Device,2,4,3,183,"[0, 0, 224, 251, 255, 255, 0, 0]"
1964.30386,Unknown Device,8,5,21,96,"[0, 0, 0, 0, 0, 0, 0, 0]"
1964.30399,Unknown Device,8,5,21,97,"[0, 0, 0, 0, 0, 0, 0, 192]"
1964.304147,Unknown Device,8,5,21,98,"[0, 0, 0, 64, 0, 0, 0, 192]"
1964.304283,Unknown Device,8,5,21,99,"[0, 0, 112, 0, 0, 0, 0, 240]"
1964.304426,Unknown Device,8,5,21,100,"[40, 38, 24, 250, 0, 192, 125, 0]"
1964.305864,Unknown,Unknown,Unknown,Unknown,997,"[40, 0, 0, 0, 0, 0, 0, 0]"
1964.306409,Unknown Device,2,5,0,96,"[0, 0, 0, 0, 128, 3, 16, 0]"
1964.306551,Unknown Device,2,5,0,97,"[0, 0, 0, 0, 29, 51, 6, 0]"
1964.306702,Unknown Device,2,5,0,98,"[0, 0, 0, 0, 0, 0, 0, 0]"
1964.306848,Unknown Device,2,5,0,100,"[0, 0, 0, 0, 0, 0, 0, 0]"
1964.307112,Unknown Device,2,5,7,736,"[0, 0, 126, 6, 0, 24, 48, 0]"
1964.307409,Unknown Device,2,5,0,99,"[0, 0, 0, 0, 0, 0, 0, 0]"
1964.307672,Unknown Device,2,5,9,738,"[0, 0, 0, 0, 236, 140, 136, 63]"
1964.307897,Unknown Device,2,4,4,177,"[0, 0, 0, 98, 0, 16, 224, 255]"
1964.308012,Unknown Device,1,1,0,97,"[113, 7, 202, 252, 0, 0, 0, 255]"
1964.308155,Unknown Device,2,5,7,738,"[0, 0, 0, 128, 0, 0, 0, 128]"
1964.308517,Unknown Device,2,5,0,736,"[0, 0, 168, 6, 0, 24, 0, 0]"
1964.30866,Unknown Device,2,4,2,177,"[0, 0, 0, 98, 0, 16, 243, 255]"
1964.308801,Unknown Device,2,5,9,736,"[0, 0, 154, 6, 0, 23, 32, 0]"
1964.309468,Unknown Device,2,4,1,177,"[0, 0, 0, 226, 0, 16, 229, 255]"
1964.310143,Unknown Device,21,4,20,180,"[235, 255, 255, 95, 255, 7, 128, 1]"
1964.310738,Unknown Device,2,5,5,736,"[0, 0, 135, 6, 0, 24, 48, 0]"
1964.310884,Unknown,Unknown,Unknown,Unknown,997,"[41, 0, 0, 0, 67, 84, 82, 32]"
1964.311027,Unknown Device,2,5,8,736,"[0, 0, 170, 6, 0, 24, 48, 0]"
1964.311164,Unknown Device,2,5,5,738,"[246, 124, 160, 51, 0, 0, 0, 128]"
1964.311306,Unknown Device,2,5,8,738,"[0, 0, 0, 128, 0, 0, 0, 128]"
1964.311527,Unknown Device,2,5,0,737,"[0, 0, 0, 8, 0, 64, 0, 0]"
1964.312217,Unknown Device,2,4,3,177,"[0, 0, 0, 226, 0, 16, 30, 0]"
1964.314473,Unknown Device,2,5,10,736,"[0, 0, 169, 6, 0, 24, 32, 0]"
1964.314909,Unknown Device,2,5,6,736,"[0, 0, 162, 6, 0, 24, 48, 0]"
1964.315052,Unknown Device,2,5,6,738,"[0, 0, 0, 128, 0, 0, 0, 128]"
1964.315848,Unknown,Unknown,Unknown,Unknown,997,"[42, 69, 108, 101, 99, 116, 114, 111]"
1964.316416,Unknown Device,2,5,0,96,"[0, 0, 0, 0, 128, 3, 16, 0]"
1964.317831,Unknown Device,2,4,4,177,"[0, 0, 0, 98, 0, 16, 4, 0]"
1964.318038,Unknown Device,2,4,4,183,"[0, 0, 224, 8, 0, 0, 0, 0]"
1964.318498,Unknown Device,2,4,2,177,"[0, 0, 0, 98, 0, 16, 241, 255]"
1964.318697,Unknown Device,2,4,2,183,"[0, 0, 64, 7, 0, 0, 0, 0]"
1964.318852,Unknown Device,2,5,9,736,"[0, 0, 154, 6, 0, 23, 32, 0]"
1964.319495,Unknown Device,2,4,1,177,"[0, 0, 0, 226, 0, 16, 245, 255]"
1964.31969,Unknown Device,2,4,1,183,"[0, 0, 128, 248, 255, 255, 0, 0]"
1964.319938,Unknown Device,0,4,63,1,"[52, 94, 171, 125, 6, 135, 145, 57]"
1964.32019,Unknown Device,21,4,20,180,"[235, 255, 255, 95, 255, 7, 128, 1]"
1964.320349,Unknown Device,21,4,20,195,"[241, 223, 5, 192, 253, 235, 255, 5]"
1964.320997,Unknown,Unknown,Unknown,Unknown,997,"[43, 110, 105, 99, 115, 0, 0, 0]"
1964.322148,Unknown Device,2,4,3,177,"[0, 0, 0, 226, 0, 16, 17, 0]"
1964.32232,Unknown Device,2,4,3,183,"[0, 0, 224, 251, 255, 255, 0, 0]"
1964.323839,Unknown Device,8,5,21,96,"[0, 0, 0, 0, 0, 0, 0, 0]"
1964.323984,Unknown Device,8,5,21,97,"[0, 0, 0, 0, 0, 0, 0, 192]"
1964.324136,Unknown Device,8,5,21,98,"[0, 0, 0, 64, 0, 0, 0, 192]"
1964.324281,Unknown Device,8,5,21,99,"[0, 0, 112, 0, 0, 0, 0, 240]"
1964.324433,Unknown Device,8,5,21,100,"[40, 38, 24, 250, 0, 192, 125, 0]"
1964.325872,Unknown,Unknown,Unknown,Unknown,997,"[44, 0, 0, 0, 0, 0, 0, 0]"
1964.326408,Unknown Device,2,5,0,96,"[0, 0, 0, 0, 128, 3, 16, 0]"
1964.326545,Unknown Device,2,5,0,97,"[0, 0, 0, 0, 29, 51, 6, 0]"
1964.326689,Unknown Device,2,5,0,98,"[0, 0, 0, 0, 0, 0, 0, 0]"
1964.326859,Unknown Device,2,5,0,100,"[0, 0, 0, 0, 0, 0, 0, 0]"
1964.327103,Unknown Device,2,5,7,736,"[0, 0, 124, 6, 0, 24, 48, 0]"
1964.327704,Unknown Device,2,5,9,738,"[0, 0, 0, 0, 236, 140, 136, 63]"
1964.327824,Unknown Device,2,4,4,431,"[0, 0, 0, 0, 1, 26, 19, 0]"
1964.328011,Unknown Device,2,4,4,285,"[0, 0, 0, 0, 0, 0, 0, 0]"
1964.328149,Unknown Device,2,5,7,738,"[0, 0, 0, 128, 0, 0, 0, 128]"
1964.328486,Unknown Device,2,4,2,431,"[0, 0, 0, 0, 1, 26, 19, 0]"
1964.328616,Unknown Device,2,5,0,736,"[0, 0, 167, 6, 0, 24, 0, 0]"
1964.32876,Unknown Device,2,4,4,193,"[0, 243, 199, 46, 0, 0, 0, 0]"
1964.328916,Unknown Device,2,4,2,285,"[0, 0, 0, 0, 0, 0, 0, 0]"
1964.32906,Unknown Device,2,4,4,177,"[0, 0, 0, 98, 0, 16, 12, 0]"
1964.32919,Unknown Device,2,5,9,736,"[0, 0, 153, 6, 0, 23, 32, 0]"
1964.329342,Unknown Device,1,1,0,97,"[113, 7, 202, 252, 0, 0, 0, 255]"
1964.329485,Unknown Device,2,4,2,193,"[0, 243, 199, 46, 0, 0, 0, 0]"
1964.329601,Unknown Device,2,4,1,431,"[0, 0, 0, 0, 1, 26, 19, 0]"
1964.329745,Unknown Device,2,4,2,177,"[0, 0, 0, 98, 0, 16, 247, 255]"
1964.329879,Unknown Device,2,4,4,181,"[250, 127, 0, 192, 83, 21, 28, 24]"
1964.330031,Unknown Device,2,4,4,182,"[0, 0, 0, 231, 0, 0, 0, 0]"
1964.330175,Unknown Device,21,4,20,180,"[235, 255, 255, 95, 255, 7, 128, 1]"
1964.330319,Unknown Device,2,4,1,285,"[0, 0, 0, 0, 0, 0, 0, 0]"
1964.330456,Unknown Device,2,4,2,181,"[251, 127, 0, 0, 84, 21, 28, 23]"
1964.3306,Unknown Device,2,4,1,193,"[0, 243, 199, 46, 0, 0, 0, 0]"
1964.330744,Unknown Device,2,4,2,182,"[0, 0, 64, 189, 0, 0, 0, 0]"
1964.3309,Unknown Device,2,4,4,184,"[0, 0, 0, 0, 0, 0, 0, 128]"
1964.33103,Unknown Device,2,5,5,736,"[0, 0, 135, 6, 0, 24, 48, 0]"
1964.33121,Unknown Device,2,4,4,185,"[0, 0, 0, 0, 0, 0, 0, 128]"
1964.331326,Unknown Device,2,4,1,177,"[0, 0, 0, 226, 0, 16, 236, 255]"
1964.33147,Unknown Device,2,4,2,184,"[0, 0, 0, 0, 0, 0, 0, 128]"
1964.331622,Unknown Device,2,4,1,181,"[245, 127, 0, 192, 83, 20, 27, 24]"
1964.331752,Unknown Device,2,5,8,736,"[0, 0, 170, 6, 0, 24, 48, 0]"
1964.3319,Unknown Device,2,4,2,185,"[0, 0, 0, 0, 0, 0, 0, 128]"
1964.332039,Unknown Device,2,4,4,186,"[8, 0, 0, 0, 0, 0, 0, 0]"
1964.332183,Unknown Device,2,5,5,738,"[246, 124, 160, 51, 0, 0, 0, 128]"
1964.332327,Unknown Device,2,4,1,182,"[0, 0, 0, 62, 255, 255, 0, 0]"
1964.332479,Unknown Device,2,4,2,186,"[8, 0, 0, 0, 0, 0, 0, 0]"
1964.332623,Unknown Device,2,4,1,184,"[0, 0, 0, 0, 0, 0, 0, 128]"
1964.332767,Unknown Device,2,4,2,187,"[0, 0, 4, 0, 0, 0, 0, 0]"
1964.332908,Unknown Device,2,4,4,187,"[0, 0, 4, 0, 0, 0, 0, 0]"
1964.333025,Unknown Device,2,4,3,431,"[0, 0, 0, 0, 1, 26, 19, 0]"
1964.333183,Unknown,Unknown,Unknown,Unknown,997,"[45, 0, 0, 0, 0, 0, 0, 0]"
1964.33332,Unknown Device,2,4,3,285,"[0, 0, 0, 0, 0, 0, 0, 0]"
1964.333464,Unknown Device,2,4,1,185,"[0, 0, 0, 0, 0, 0, 0, 128]"
1964.333616,Unknown Device,2,4,3,193,"[0, 243, 199, 46, 0, 0, 0, 0]"
1964.33376,Unknown Device,2,5,8,738,"[0, 0, 0, 128, 0, 0, 0, 128]"
1964.333908,Unknown Device,2,4,1,186,"[8, 0, 0, 0, 0, 0, 0, 0]"
1964.33406,Unknown Device,2,4,3,177,"[0, 0, 0, 226, 0, 16, 14, 0]"
1964.334232,Unknown Device,2,4,3,181,"[247, 127, 0, 192, 83, 19, 27, 24]"
1964.33439,Unknown Device,2,4,1,187,"[0, 0, 4, 0, 0, 0, 0, 0]"
1964.334528,Unknown Device,2,4,3,182,"[0, 0, 64, 152, 255, 255, 0, 0]"
1964.334672,Unknown Device,2,5,10,736,"[0, 0, 169, 6, 0, 24, 32, 0]"
1964.334898,Unknown Device,2,5,6,736,"[0, 0, 161, 6, 0, 24, 48, 0]"
1964.335043,Unknown Device,2,4,3,184,"[0, 0, 0, 0, 0, 0, 0, 128]"
1964.335187,Unknown Device,2,5,6,738,"[0, 0, 0, 128, 0, 0, 0, 128]"
1964.335325,Unknown Device,2,4,3,185,"[0, 0, 0, 0, 0, 0, 0, 128]"
1964.335949,Unknown,Unknown,Unknown,Unknown,997,"[46, 19, 170, 170, 170, 170, 170, 170]"
1964.336102,Unknown Device,2,4,3,186,"[8, 0, 0, 0, 0, 0, 0, 0]"
1964.336332,Unknown Device,2,4,3,187,"[0, 0, 4, 0, 0, 0, 0, 0]"
1964.33647,Unknown Device,2,5,0,96,"[0, 0, 0, 0, 128, 3, 16, 0]"
1964.337852,Unknown Device,2,4,4,177,"[0, 0, 0, 98, 0, 16, 251, 255]"
1964.338025,Unknown Device,2,4,4,183,"[0, 0, 224, 8, 0, 0, 0, 0]"
1964.338468,Unknown Device,2,4,2,177,"[0, 0, 0, 98, 0, 16, 251, 255]"
1964.338626,Unknown Device,2,4,2,183,"[0, 0, 64, 7, 0, 0, 0, 0]"
1964.33877,Unknown Device,2,5,9,736,"[0, 0, 153, 6, 0, 23, 32, 0]"
1964.339474,Unknown Device,2,4,1,177,"[0, 0, 0, 226, 0, 16, 237, 255]"
1964.339668,Unknown Device,2,4,1,183,"[0, 0, 128, 248, 255, 255, 0, 0]"
1964.340138,Unknown Device,21,4,20,180,"[235, 255, 255, 95, 255, 7, 128, 1]"
1964.340297,Unknown Device,21,4,20,195,"[241, 223, 5, 176, 253, 235, 255, 5]"
1964.342164,Unknown Device,2,4,3,177,"[0, 0, 0, 226, 0, 16, 13, 0]"
1964.34235,Unknown Device,2,4,3,183,"[0, 0, 224, 251, 255, 255, 0, 0]"
1964.343181,Unknown,Unknown,Unknown,Unknown,996,"[1, 187, 170, 170, 170, 170, 170, 170]"
1964.343843,Unknown Device,8,5,21,96,"[0, 0, 0, 0, 0, 0, 0, 0]"
1964.343973,Unknown,Unknown,Unknown,Unknown,997,"[6, 251, 1, 163, 115, 5, 0, 170]"
1964.344126,Unknown Device,8,5,21,97,"[0, 0, 0, 0, 0, 0, 0, 192]"
1964.34427,Unknown Device,8,5,21,98,"[0, 0, 0, 64, 0, 0, 0, 192]"
1964.344413,Unknown Device,8,5,21,99,"[0, 0, 112, 0, 0, 0, 0, 240]"
1964.344551,Unknown Device,8,5,21,100,"[40, 38, 24, 250, 0, 192, 125, 0]"
1964.346424,Unknown Device,2,5,0,96,"[0, 0, 0, 0, 128, 3, 16, 0]"
1964.346562,Unknown Device,2,5,0,97,"[0, 0, 0, 0, 29, 52, 6, 0]"
1964.346706,Unknown Device,2,5,0,98,"[0, 0, 0, 0, 0, 0, 0, 0]"
1964.346854,Unknown Device,2,5,0,100,"[0, 0, 0, 0, 0, 0, 0, 0]"
1964.347105,Unknown Device,2,5,7,736,"[0, 0, 125, 6, 0, 24, 48, 0]"
1964.347692,Unknown Device,2,5,9,738,"[0, 0, 0, 0, 236, 140, 136, 63]"
1964.34784,Unknown Device,2,4,4,177,"[0, 0, 0, 98, 0, 16, 247, 255]"
1964.348121,Unknown Device,2,5,7,738,"[0, 0, 0, 128, 0, 0, 0, 128]"
1964.3485,Unknown Device,2,4,2,177,"[0, 0, 0, 98, 0, 16, 248, 255]"
1964.348643,Unknown Device,2,5,0,736,"[0, 0, 168, 6, 0, 24, 0, 0]"
1964.348791,Unknown Device,2,5,9,736,"[0, 0, 154, 6, 0, 23, 32, 0]"
1964.349374,Unknown Device,2,4,1,177,"[0, 0, 0, 226, 0, 16, 2, 0]"
1964.35012,Unknown Device,21,4,20,431,"[0, 0, 0, 0, 1, 26, 19, 0]"
1964.350257,Unknown Device,1,1,0,97,"[113, 7, 202, 252, 0, 0, 0, 255]"
1964.350399,Unknown Device,21,4,20,285,"[0, 0, 0, 0, 0, 64, 0, 0]"
1964.350564,Unknown Device,21,4,20,180,"[235, 255, 255, 95, 255, 7, 128, 1]"
1964.350706,Unknown Device,21,4,20,197,"[41, 29, 0, 6, 176, 0, 0, 255]"
1964.350853,Unknown Device,2,5,5,736,"[0, 0, 135, 6, 0, 24, 48, 0]"
1964.35099,Unknown Device,2,5,8,736,"[0, 0, 170, 6, 0, 24, 48, 0]"
1964.351132,Unknown Device,2,5,5,738,"[246, 124, 160, 51, 0, 0, 0, 128]"
1964.351275,Unknown Device,2,5,8,738,"[0, 0, 0, 128, 0, 0, 0, 128]"
1964.351426,Unknown Device,21,4,20,198,"[4, 0, 32, 255, 255, 254, 255, 159]"
1964.351583,Unknown Device,21,4,20,203,"[0, 0, 0, 0, 0, 0, 0, 0]"
1964.351748,Unknown Device,21,4,20,202,"[245, 98, 0, 0, 0, 0, 0, 0]"
1964.351881,Unknown Device,21,4,20,205,"[0, 0, 0, 0, 0, 0, 0, 0]"
1964.352038,Unknown Device,21,4,20,206,"[170, 255, 50, 0, 161, 2, 0, 0]"
1964.352245,Unknown Device,2,4,3,177,"[0, 0, 0, 226, 0, 16, 21, 0]"
1964.352514,Unknown,Unknown,Unknown,Unknown,996,"[1, 200, 170, 170, 170, 170, 170, 170]"
1964.353057,Unknown,Unknown,Unknown,Unknown,997,"[16, 12, 8, 0, 9, 82, 82, 32]"
1964.353418,Unknown Device,2,5,0,103,"[0, 0, 0, 0, 0, 0, 0, 0]"
1964.354468,Unknown Device,2,5,10,736,"[0, 0, 169, 6, 0, 24, 32, 0]"
1964.354618,Unknown Device,2,5,10,737,"[0, 0, 0, 0, 0, 64, 0, 0]"
1964.354891,Unknown Device,2,5,6,736,"[0, 0, 161, 6, 0, 24, 48, 0]"
1964.355034,Unknown Device,2,5,6,738,"[0, 0, 0, 128, 0, 0, 0, 128]"
1964.35586,Unknown Device,2,5,8,737,"[0, 0, 0, 0, 0, 64, 0, 0]"
1964.356413,Unknown Device,2,5,0,96,"[0, 0, 0, 0, 128, 3, 16, 0]"
1964.35742,Unknown Device,2,5,0,99,"[0, 0, 0, 0, 0, 0, 0, 0]"
1964.357856,Unknown Device,2,4,4,177,"[0, 0, 0, 98, 0, 16, 249, 255]"
1964.358041,Unknown Device,2,4,4,183,"[0, 0, 224, 8, 0, 0, 0, 0]"
1964.358487,Unknown Device,2,4,2,177,"[0, 0, 0, 98, 0, 16, 252, 255]"
1964.358665,Unknown Device,2,4,2,183,"[0, 0, 64, 7, 0, 0, 0, 0]"
1964.358798,Unknown,Unknown,Unknown,Unknown,996,"[48, 0, 5, 170, 170, 170, 170, 170]"
1964.358948,Unknown Device,2,5,9,736,"[0, 0, 154, 6, 0, 23, 32, 0]"
1964.359396,Unknown Device,2,4,1,177,"[0, 0, 0, 226, 0, 16, 239, 255]"
1964.359589,Unknown Device,2,4,1,183,"[0, 0, 128, 248, 255, 255, 0, 0]"
1964.360152,Unknown Device,21,4,20,180,"[235, 255, 255, 95, 255, 7, 128, 1]"
1964.360295,Unknown Device,21,4,20,195,"[241, 223, 5, 176, 253, 235, 255, 5]"
1964.362096,Unknown Device,2,4,3,177,"[0, 0, 0, 226, 0, 16, 22, 0]"
1964.362261,Unknown Device,2,4,3,183,"[0, 0, 224, 251, 255, 255, 0, 0]"
1964.36295,Unknown Device,0,4,63,1,"[52, 94, 171, 124, 212, 142, 157, 131]"
1964.363832,Unknown Device,8,5,21,96,"[0, 0, 0, 0, 0, 0, 0, 0]"
1964.363983,Unknown,Unknown,Unknown,Unknown,997,"[33, 75, 114, 97, 107, 101, 110, 170]"
1964.364113,Unknown Device,8,5,21,97,"[0, 0, 0, 0, 0, 0, 0, 192]"
1964.364257,Unknown Device,8,5,21,98,"[0, 0, 0, 64, 0, 0, 0, 192]"
1964.364401,Unknown Device,8,5,21,99,"[0, 0, 112, 0, 0, 0, 0, 240]"
1964.364539,Unknown Device,8,5,21,100,"[41, 38, 24, 250, 0, 192, 125, 0]"
1964.364885,Unknown Device,2,5,6,737,"[0, 0, 0, 0, 0, 64, 0, 0]"
1964.366414,Unknown Device,2,5,0,96,"[0, 0, 0, 0, 128, 3, 16, 0]"
1964.366558,Unknown Device,2,5,0,97,"[0, 0, 0, 0, 29, 52, 6, 0]"
1964.366702,Unknown Device,2,5,0,98,"[0, 0, 0, 0, 0, 0, 0, 0]"
1964.366859,Unknown Device,2,5,0,100,"[0, 0, 0, 0, 0, 0, 0, 0]"
1964.367088,Unknown Device,2,5,7,736,"[0, 0, 125, 6, 0, 24, 48, 0]"
1964.367695,Unknown Device,2,5,9,738,"[0, 0, 0, 0, 236, 140, 136, 63]"
1964.36785,Unknown Device,2,4,4,177,"[0, 0, 0, 98, 0, 16, 252, 255]"
1964.368094,Unknown Device,2,5,7,738,"[0, 0, 0, 128, 0, 0, 0, 128]"
1964.368224,Unknown,Unknown,Unknown,Unknown,996,"[2, 197, 9, 170, 170, 170, 170, 170]"
1964.368475,Unknown Device,2,4,2,177,"[0, 0, 0, 98, 0, 16, 2, 0]"
1964.368619,Unknown Device,2,5,0,736,"[0, 0, 170, 6, 0, 24, 0, 0]"
1964.368763,Unknown Device,2,5,9,736,"[0, 0, 154, 6, 0, 23, 32, 0]"
1964.369005,Unknown,Unknown,Unknown,Unknown,997,"[2, 5, 9, 170, 170, 170, 170, 170]"
1964.369525,Unknown Device,2,4,1,177,"[0, 0, 0, 226, 0, 16, 232, 255]"
1964.370136,Unknown Device,21,4,20,180,"[235, 255, 255, 95, 255, 7, 128, 1]"
1964.370657,Unknown,Unknown,Unknown,Unknown,996,"[2, 197, 15, 170, 170, 170, 170, 170]"
1964.370791,Unknown Device,2,5,5,736,"[0, 0, 136, 6, 0, 24, 48, 0]"
1964.370943,Unknown Device,2,5,8,736,"[0, 0, 170, 6, 0, 24, 48, 0]"
1964.371074,Unknown,Unknown,Unknown,Unknown,997,"[2, 5, 15, 170, 170, 170, 170, 170]"
1964.371218,Unknown Device,2,5,5,738,"[246, 124, 160, 51, 0, 0, 0, 128]"
1964.371369,Unknown Device,1,1,0,97,"[113, 7, 202, 252, 0, 0, 0, 255]"
1964.371513,Unknown Device,2,5,8,738,"[0, 0, 0, 128, 0, 0, 0, 128]"
1964.37211,Unknown Device,2,4,3,177,"[0, 0, 0, 226, 0, 16, 33, 0]"
1964.374473,Unknown Device,2,5,10,736,"[0, 0, 169, 6, 0, 24, 32, 0]"
1964.374886,Unknown Device,2,5,6,736,"[0, 0, 162, 6, 0, 24, 48, 0]"
1964.375045,Unknown Device,2,5,6,738,"[0, 0, 0, 128, 0, 0, 0, 128]"
1964.376402,Unknown Device,2,5,0,96,"[0, 0, 0, 0, 128, 3, 16, 0]"
1964.377827,Unknown Device,2,4,4,177,"[0, 0, 0, 98, 0, 16, 227, 255]"
1964.378022,Unknown Device,2,4,4,183,"[0, 0, 224, 8, 0, 0, 0, 0]"
1964.378501,Unknown Device,2,4,2,177,"[0, 0, 0, 98, 0, 16, 1, 0]"
1964.378688,Unknown Device,2,4,2,183,"[0, 0, 64, 7, 0, 0, 0, 0]"
1964.37883,Unknown Device,2,5,9,736,"[0, 0, 154, 6, 0, 23, 32, 0]"
1964.379422,Unknown Device,2,4,1,177,"[0, 0, 0, 226, 0, 16, 234, 255]"
1964.379588,Unknown Device,2,4,1,183,"[0, 0, 128, 248, 255, 255, 0, 0]"
1964.380142,Unknown Device,21,4,20,180,"[235, 255, 255, 95, 255, 7, 128, 1]"
1964.380294,Unknown Device,21,4,20,195,"[241, 223, 5, 176, 253, 235, 255, 5]"
1964.382096,Unknown Device,2,4,3,177,"[0, 0, 0, 226, 0, 16, 15, 0]"
1964.382305,Unknown Device,2,4,3,183,"[0, 0, 224, 251, 255, 255, 0, 0]"
1964.383839,Unknown Device,8,5,21,96,"[0, 0, 0, 0, 0, 0, 0, 0]"
1964.383968,Unknown Device,8,5,21,97,"[0, 0, 0, 0, 0, 0, 0, 192]"
1964.384112,Unknown Device,8,5,21,98,"[0, 0, 0, 64, 0, 0, 0, 192]"
1964.384264,Unknown Device,8,5,21,99,"[0, 0, 112, 0, 0, 0, 0, 240]"
1964.384394,Unknown Device,8,5,21,100,"[41, 38, 24, 250, 0, 192, 125, 0]"
1964.386404,Unknown Device,2,5,0,96,"[0, 0, 0, 0, 128, 3, 16, 0]"
1964.386556,Unknown Device,2,5,0,97,"[0, 0, 0, 0, 29, 51, 6, 0]"
1964.3867,Unknown Device,2,5,0,98,"[0, 0, 0, 0, 0, 0, 0, 0]"
1964.386848,Unknown Device,2,5,0,100,"[0, 0, 0, 0, 0, 0, 0, 0]"
1964.3871,Unknown Device,2,5,7,736,"[0, 0, 126, 6, 0, 24, 48, 0]"
1964.387677,Unknown Device,2,5,9,738,"[0, 0, 0, 0, 236, 140, 136, 63]"
1964.387847,Unknown Device,2,4,4,177,"[0, 0, 0, 98, 0, 16, 251, 255]"
1964.388091,Unknown Device,2,5,7,738,"[0, 0, 0, 128, 0, 0, 0, 128]"
1964.388498,Unknown Device,2,5,0,736,"[0, 0, 168, 6, 0, 24, 0, 0]"
1964.388642,Unknown Device,2,4,2,177,"[0, 0, 0, 98, 0, 16, 7, 0]"
1964.388841,Unknown Device,2,5,9,736,"[0, 0, 153, 6, 0, 23, 32, 0]"
1964.389396,Unknown Device,2,4,1,177,"[0, 0, 0, 226, 0, 16, 224, 255]"
1964.390143,Unknown Device,21,4,20,180,"[235, 255, 255, 95, 255, 7, 128, 1]"
1964.390721,Unknown Device,2,5,5,736,"[0, 0, 135, 6, 0, 24, 48, 0]"
1964.390869,Unknown Device,2,5,8,736,"[0, 0, 169, 6, 0, 24, 48, 0]"
1964.391007,Unknown Device,2,5,5,738,"[246, 124, 160, 51, 0, 0, 0, 128]"
1964.391151,Unknown Device,2,5,8,738,"[0, 0, 0, 128, 0, 0, 0, 128]"
1964.391917,Unknown Device,1,1,0,97,"[113, 7, 202, 252, 0, 0, 0, 255]"
1964.392055,Unknown Device,2,4,3,177,"[0, 0, 0, 226, 0, 16, 21, 0]"
1964.394451,Unknown Device,2,5,10,736,"[0, 0, 169, 6, 0, 24, 32, 0]"
1964.394887,Unknown Device,2,5,6,736,"[0, 0, 161, 6, 0, 24, 48, 0]"
1964.395024,Unknown Device,2,5,6,738,"[0, 0, 0, 128, 0, 0, 0, 128]"
1964.396411,Unknown Device,2,5,0,96,"[0, 0, 0, 0, 128, 3, 16, 0]"
1964.397797,Unknown Device,2,4,4,177,"[0, 0, 0, 98, 0, 16, 2, 0]"
1964.397962,Unknown Device,2,4,4,183,"[0, 0, 224, 8, 0, 0, 0, 0]"
1964.398465,Unknown Device,2,4,2,177,"[0, 0, 0, 98, 0, 16, 0, 0]"
1964.398621,Unknown Device,2,4,2,183,"[0, 0, 64, 7, 0, 0, 0, 0]"
1964.398764,Unknown Device,2,5,9,736,"[0, 0, 154, 6, 0, 23, 32, 0]"
1964.399397,Unknown Device,2,4,1,177,"[0, 0, 0, 226, 0, 16, 252, 255]"
1964.39959,Unknown Device,2,4,1,183,"[0, 0, 128, 248, 255, 255, 0, 0]"
1964.400111,Unknown Device,21,4,20,180,"[235, 255, 255, 95, 255, 7, 128, 1]"
1964.400268,Unknown Device,21,4,20,195,"[241, 223, 5, 176, 253, 235, 255, 5]"
1964.400418,Unknown Device,21,4,20,196,"[40, 1, 183, 0, 33, 127, 0, 0]"
1964.400561,Unknown Device,21,4,20,199,"[232, 255, 175, 255, 255, 235, 255, 15]"
1964.400717,Unknown Device,21,4,20,200,"[144, 0, 60, 0, 200, 63, 0, 4]"
1964.400872,Unknown Device,2,5,5,737,"[0, 0, 0, 0, 0, 64, 0, 0]"
1964.402148,Unknown Device,2,4,3,177,"[0, 0, 0, 226, 0, 16, 7, 0]"
1964.402355,Unknown Device,2,4,3,183,"[0, 0, 224, 251, 255, 255, 0, 0]"
1964.403838,Unknown Device,8,5,21,96,"[0, 0, 0, 0, 0, 0, 0, 0]"
1964.403967,Unknown Device,8,5,21,97,"[0, 0, 0, 0, 0, 0, 0, 192]"
1964.40411,Unknown Device,8,5,21,98,"[0, 0, 0, 64, 0, 0, 0, 192]"
1964.404261,Unknown Device,8,5,21,99,"[0, 0, 112, 0, 0, 0, 0, 240]"
1964.404403,Unknown Device,8,5,21,100,"[41, 38, 24, 250, 0, 192, 125, 0]"
1964.404756,Unknown Device,0,4,63,1,"[52, 94, 170, 123, 94, 63, 161, 135]"
1964.406405,Unknown Device,2,5,0,96,"[0, 0, 0, 0, 128, 3, 16, 0]"
1964.406541,Unknown Device,2,5,0,97,"[0, 0, 0, 0, 29, 52, 6, 0]"
1964.406684,Unknown Device,2,5,0,98,"[0, 0, 0, 0, 0, 0, 0, 0]"
1964.406838,Unknown Device,2,5,0,100,"[0, 0, 0, 0, 0, 0, 0, 0]"
1964.407088,Unknown Device,2,5,7,736,"[0, 0, 126, 6, 0, 24, 48, 0]"
1964.407415,Unknown Device,2,5,0,99,"[0, 0, 0, 0, 0, 0, 0, 0]"
1964.407678,Unknown Device,2,5,9,738,"[0, 0, 0, 0, 236, 140, 136, 63]"
1964.407811,Unknown Device,2,4,4,177,"[0, 0, 0, 98, 0, 16, 245, 255]"
1964.408089,Unknown Device,2,5,7,738,"[0, 0, 0, 128, 0, 0, 0, 128]"
1964.40845,Unknown Device,2,4,2,177,"[0, 0, 0, 98, 0, 16, 241, 255]"
1964.408578,Unknown Device,2,5,0,736,"[0, 0, 167, 6, 0, 24, 0, 0]"
1964.408721,Unknown Device,2,5,9,736,"[0, 0, 154, 6, 0, 23, 32, 0]"
1964.409369,Unknown Device,2,4,1,177,"[0, 0, 0, 226, 0, 16, 235, 255]"
1964.410145,Unknown Device,21,4,20,180,"[234, 255, 255, 95, 255, 7, 128, 1]"
1964.410722,Unknown Device,2,5,5,736,"[0, 0, 135, 6, 0, 24, 48, 0]"
1964.41087,Unknown Device,2,5,8,736,"[0, 0, 170, 6, 0, 24, 48, 0]"
1964.411023,Unknown Device,2,5,5,738,"[246, 124, 160, 51, 0, 0, 0, 128]"
1964.411152,Unknown Device,2,5,8,738,"[0, 0, 0, 128, 0, 0, 0, 128]"
1964.412154,Unknown Device,2,4,3,177,"[0, 0, 0, 226, 0, 16, 11, 0]"
1964.412519,Unknown Device,1,1,0,97,"[113, 7, 202, 252, 0, 0, 0, 255]"
1964.41445,Unknown Device,2,5,10,736,"[0, 0, 169, 6, 0, 24, 32, 0]"
1964.414876,Unknown Device,2,5,6,736,"[0, 0, 161, 6, 0, 24, 48, 0]"
1964.41502,Unknown Device,2,5,6,738,"[0, 0, 0, 128, 0, 0, 0, 128]"
1964.416399,Unknown Device,2,5,0,96,"[0, 0, 0, 0, 128, 3, 16, 0]"
1964.417728,Unknown Device,2,4,4,177,"[0, 0, 0, 98, 0, 16, 240, 255]"
1964.417912,Unknown Device,2,4,4,183,"[0, 0, 224, 8, 0, 0, 0, 0]"
1964.418533,Unknown Device,2,4,2,177,"[0, 0, 0, 98, 0, 16, 253, 255]"
1964.418727,Unknown Device,2,4,2,183,"[0, 0, 64, 7, 0, 0, 0, 0]"
1964.418918,Unknown Device,2,5,9,736,"[0, 0, 154, 6, 0, 23, 32, 0]"
1964.419368,Unknown Device,2,4,1,177,"[0, 0, 0, 226, 0, 16, 240, 255]"
1964.419541,Unknown Device,2,4,1,183,"[0, 0, 128, 248, 255, 255, 0, 0]"
1964.420131,Unknown Device,21,4,20,180,"[235, 255, 255, 95, 255, 7, 128, 1]"
1964.420289,Unknown Device,21,4,20,195,"[241, 159, 5, 176, 253, 235, 255, 5]"
1964.422129,Unknown Device,2,4,3,177,"[0, 0, 0, 226, 0, 16, 22, 0]"
1964.42233,Unknown Device,2,4,3,183,"[0, 0, 224, 251, 255, 255, 0, 0]"
1964.423819,Unknown Device,8,5,21,96,"[0, 0, 0, 0, 0, 0, 0, 0]"
1964.423963,Unknown Device,8,5,21,97,"[0, 0, 0, 0, 0, 0, 0, 192]"
1964.424116,Unknown Device,8,5,21,98,"[0, 0, 0, 64, 0, 0, 0, 192]"
1964.42426,Unknown Device,8,5,21,99,"[0, 0, 112, 0, 0, 0, 0, 240]"
1964.42439,Unknown Device,8,5,21,100,"[41, 38, 24, 250, 0, 192, 125, 0]"
1964.426386,Unknown Device,2,5,0,96,"[0, 0, 0, 0, 128, 3, 16, 0]"
1964.426538,Unknown Device,2,5,0,97,"[0, 0, 0, 0, 29, 52, 6, 0]"
1964.426682,Unknown Device,2,5,0,98,"[0, 0, 0, 0, 0, 0, 0, 0]"
1964.426852,Unknown Device,2,5,0,100,"[0, 0, 0, 0, 0, 0, 0, 0]"
1964.427082,Unknown Device,2,5,7,736,"[0, 0, 125, 6, 0, 24, 48, 0]"
1964.427667,Unknown Device,2,5,9,738,"[0, 0, 0, 0, 236, 140, 136, 63]"
1964.427801,Unknown Device,2,4,4,177,"[0, 0, 0, 98, 0, 16, 4, 0]"
1964.428081,Unknown Device,2,5,7,737,"[0, 0, 0, 0, 0, 64, 0, 0]"
1964.428225,Unknown Device,2,5,7,738,"[0, 0, 0, 128, 0, 0, 0, 128]"
1964.428491,Unknown Device,2,5,0,736,"[0, 0, 168, 6, 0, 24, 0, 0]"
1964.428635,Unknown Device,2,4,2,177,"[0, 0, 0, 98, 0, 16, 252, 255]"
1964.428783,Unknown Device,2,5,9,736,"[0, 0, 154, 6, 0, 23, 32, 0]"
1964.429369,Unknown Device,2,4,1,177,"[0, 0, 0, 226, 0, 16, 235, 255]"
1964.430115,Unknown Device,21,4,20,180,"[235, 255, 255, 95, 255, 7, 128, 1]"
1964.430721,Unknown Device,2,5,5,736,"[0, 0, 135, 6, 0, 24, 48, 0]"
1964.430869,Unknown Device,2,5,8,736,"[0, 0, 171, 6, 0, 24, 48, 0]"
1964.431007,Unknown Device,2,5,5,738,"[246, 124, 160, 51, 0, 0, 0, 128]"
1964.431151,Unknown Device,2,5,8,738,"[0, 0, 0, 128, 0, 0, 0, 128]"
1964.432132,Unknown Device,2,4,3,177,"[0, 0, 0, 226, 0, 16, 19, 0]"
1964.433612,Unknown Device,1,1,0,97,"[113, 7, 202, 252, 0, 0, 0, 255]"
1964.434457,Unknown Device,2,5,10,736,"[0, 0, 169, 6, 0, 24, 32, 0]"
1964.434883,Unknown Device,2,5,6,736,"[0, 0, 161, 6, 0, 24, 48, 0]"
1964.435035,Unknown Device,2,5,6,738,"[0, 0, 0, 128, 0, 0, 0, 128]"
1964.436386,Unknown Device,2,5,0,96,"[0, 0, 0, 0, 128, 3, 16, 0]"
1964.437832,Unknown Device,2,4,4,177,"[0, 0, 0, 98, 0, 16, 249, 255]"
1964.438013,Unknown Device,2,4,4,183,"[0, 0, 224, 8, 0, 0, 0, 0]"
1964.438491,Unknown Device,2,4,2,177,"[0, 0, 0, 98, 0, 16, 232, 255]"
1964.438664,Unknown Device,2,5,9,736,"[0, 0, 154, 6, 0, 23, 32, 0]"
1964.438819,Unknown Device,2,4,2,183,"[0, 0, 64, 7, 0, 0, 0, 0]"
1964.439486,Unknown Device,2,4,1,177,"[0, 0, 0, 226, 0, 16, 250, 255]"
1964.439685,Unknown Device,2,4,1,183,"[0, 0, 128, 248, 255, 255, 0, 0]"
1964.440117,Unknown Device,21,4,20,180,"[235, 255, 255, 95, 255, 7, 128, 1]"
1964.44026,Unknown Device,21,4,20,195,"[241, 159, 5, 176, 253, 235, 255, 5]"
1964.442114,Unknown Device,2,4,3,177,"[0, 0, 0, 226, 0, 16, 19, 0]"
1964.44232,Unknown Device,2,4,3,183,"[0, 0, 224, 251, 255, 255, 0, 0]"
1964.443814,Unknown Device,8,5,21,96,"[0, 0, 0, 0, 0, 0, 0, 0]"
1964.443965,Unknown Device,8,5,21,97,"[0, 0, 0, 0, 0, 0, 0, 192]"
1964.444109,Unknown Device,8,5,21,98,"[0, 0, 0, 64, 0, 0, 0, 192]"
1964.444246,Unknown Device,8,5,21,99,"[0, 0, 112, 0, 0, 0, 0, 240]"
1964.444396,Unknown Device,8,5,21,100,"[40, 38, 24, 250, 0, 192, 125, 0]"
1964.446385,Unknown Device,2,5,0,96,"[0, 0, 0, 0, 128, 3, 16, 0]"
1964.446521,Unknown Device,2,5,0,97,"[0, 0, 0, 0, 29, 52, 6, 0]"
1964.446671,Unknown Device,2,5,0,98,"[0, 0, 0, 0, 0, 0, 0, 0]"
1964.446804,Unknown Device,0,4,63,1,"[52, 94, 170, 125, 134, 61, 71, 9]"
1964.446954,Unknown Device,2,5,0,100,"[0, 0, 0, 0, 0, 0, 0, 0]"
1964.447106,Unknown Device,2,5,7,736,"[0, 0, 126, 6, 0, 24, 48, 0]"
1964.447658,Unknown Device,2,5,9,738,"[0, 0, 0, 0, 236, 140, 136, 63]"
1964.447898,Unknown Device,2,4,4,177,"[0, 0, 0, 98, 0, 16, 240, 255]"
1964.448078,Unknown Device,2,5,7,738,"[0, 0, 0, 128, 0, 0, 0, 128]"
1964.448491,Unknown Device,2,5,0,736,"[0, 0, 168, 6, 0, 24, 0, 0]"
1964.448655,Unknown Device,2,4,2,177,"[0, 0, 0, 98, 0, 16, 243, 255]"
1964.448773,Unknown Device,2,5,9,736,"[0, 0, 154, 6, 0, 23, 32, 0]"
1964.449377,Unknown Device,2,4,1,177,"[0, 0, 0, 226, 0, 16, 245, 255]"
1964.450124,Unknown Device,21,4,20,180,"[235, 255, 255, 95, 255, 7, 128, 1]"
1964.450713,Unknown Device,2,5,5,736,"[0, 0, 135, 6, 0, 24, 48, 0]"
1964.450845,Unknown Device,2,5,8,736,"[0, 0, 170, 6, 0, 24, 48, 0]"
1964.450997,Unknown Device,2,5,5,738,"[246, 124, 160, 51, 0, 0, 0, 128]"
1964.451161,Unknown Device,2,5,8,738,"[0, 0, 0, 128, 0, 0, 0, 128]"
1964.452144,Unknown Device,2,4,3,177,"[0, 0, 0, 226, 0, 16, 23, 0]"
1964.454181,Unknown Device,1,1,0,97,"[113, 7, 202, 252, 0, 0, 0, 255]"
1964.454469,Unknown Device,2,5,10,736,"[0, 0, 170, 6, 0, 24, 32, 0]"
1964.454866,Unknown Device,2,5,6,736,"[0, 0, 161, 6, 0, 24, 48, 0]"
1964.455019,Unknown Device,2,5,6,738,"[0, 0, 0, 128, 0, 0, 0, 128]"
1964.456381,Unknown Device,2,5,0,96,"[0, 0, 0, 0, 128, 3, 16, 0]"
1964.457385,Unknown Device,2,5,0,99,"[0, 0, 0, 0, 0, 0, 0, 0]"
1964.45781,Unknown Device,2,4,4,177,"[0, 0, 0, 98, 0, 16, 246, 255]"
1964.458019,Unknown Device,2,4,4,183,"[0, 0, 224, 8, 0, 0, 0, 0]"
1964.458512,Unknown Device,2,4,2,177,"[0, 0, 0, 98, 0, 16, 238, 255]"
1964.458655,Unknown Device,2,5,9,736,"[0, 0, 154, 6, 0, 23, 32, 0]"
1964.458825,Unknown Device,2,4,2,183,"[0, 0, 64, 7, 0, 0, 0, 0]"
1964.458941,Unknown Device,2,5,9,737,"[0, 0, 0, 8, 0, 64, 0, 0]"
1964.459086,Unknown Device,2,5,9,96,"[0, 0, 255, 255, 255, 255, 0, 0]"
1964.459394,Unknown Device,2,4,1,177,"[0, 0, 0, 226, 0, 16, 241, 255]"
1964.459567,Unknown Device,2,4,1,183,"[0, 0, 128, 248, 255, 255, 0, 0]"
1964.460108,Unknown Device,21,4,20,180,"[235, 255, 255, 95, 255, 7, 128, 1]"
1964.46026,Unknown Device,21,4,20,195,"[241, 159, 5, 176, 253, 235, 255, 5]"
1964.462154,Unknown Device,2,4,3,177,"[0, 0, 0, 226, 0, 16, 14, 0]"
1964.462334,Unknown Device,2,4,3,183,"[0, 0, 224, 251, 255, 255, 0, 0]"
1964.463811,Unknown Device,8,5,21,96,"[0, 0, 0, 0, 0, 0, 0, 0]"
1964.463955,Unknown Device,8,5,21,97,"[0, 0, 0, 0, 0, 0, 0, 192]"
1964.464108,Unknown Device,8,5,21,98,"[0, 0, 0, 64, 0, 0, 0, 192]"
1964.464252,Unknown Device,8,5,21,99,"[0, 0, 112, 0, 0, 0, 0, 240]"
1964.464382,Unknown Device,8,5,21,100,"[40, 38, 24, 250, 0, 192, 125, 0]"
1964.466375,Unknown Device,2,5,0,96,"[0, 0, 0, 0, 128, 3, 16, 0]"
1964.466512,Unknown Device,2,5,0,97,"[0, 0, 0, 0, 29, 51, 6, 0]"
1964.466656,Unknown Device,2,5,0,98,"[0, 0, 0, 0, 0, 0, 0, 0]"
1964.466804,Unknown Device,2,5,0,100,"[0, 0, 0, 0, 0, 0, 0, 0]"
1964.467085,Unknown Device,2,5,7,736,"[0, 0, 126, 6, 0, 24, 48, 0]"
1964.46765,Unknown Device,2,5,9,738,"[0, 0, 0, 0, 236, 140, 136, 63]"
1964.467798,Unknown Device,2,4,4,177,"[0, 0, 0, 98, 0, 16, 1, 0]"
1964.468079,Unknown Device,2,5,7,738,"[0, 0, 0, 128, 0, 0, 0, 128]"
1964.468486,Unknown Device,2,5,0,736,"[0, 0, 168, 6, 0, 24, 0, 0]"
1964.46863,Unknown Device,2,4,2,177,"[0, 0, 0, 98, 0, 16, 239, 255]"
1964.468778,Unknown Device,2,5,9,736,"[0, 0, 154, 6, 0, 23, 32, 0]"
1964.469378,Unknown Device,2,4,1,177,"[0, 0, 0, 226, 0, 16, 227, 255]"
1964.470145,Unknown Device,21,4,20,180,"[235, 255, 255, 95, 255, 7, 128, 1]"
1964.470722,Unknown Device,2,5,5,736,"[0, 0, 135, 6, 0, 24, 48, 0]"
1964.470856,Unknown Device,2,5,8,736,"[0, 0, 170, 6, 0, 24, 48, 0]"
1964.470995,Unknown Device,2,5,5,738,"[246, 124, 160, 51, 0, 0, 0, 128]"
1964.471139,Unknown Device,2,5,8,738,"[0, 0, 0, 128, 0, 0, 0, 128]"
1964.472115,Unknown Device,2,4,3,177,"[0, 0, 0, 226, 0, 16, 13, 0]"
1964.473294,Unknown Device,0,4,63,10,"[0, 0, 0, 0, 2, 26, 1, 0]"
1964.473424,Unknown,Unknown,Unknown,Unknown,996,"[2, 62, 0, 170, 170, 170, 170, 170]"
1964.47444,Unknown Device,2,5,10,736,"[0, 0, 169, 6, 0, 24, 32, 0]"
1964.474787,Unknown Device,1,1,0,97,"[113, 7, 202, 252, 0, 0, 0, 255]"
1964.474925,Unknown Device,2,5,6,738,"[0, 0, 0, 128, 0, 0, 0, 128]"
1964.47507,Unknown Device,2,5,6,736,"[0, 0, 162, 6, 0, 24, 48, 0]"
1964.475767,Unknown,Unknown,Unknown,Unknown,997,"[6, 126, 2, 4, 252, 68, 8, 170]"
1964.476367,Unknown Device,2,5,0,96,"[0, 0, 0, 0, 128, 3, 16, 0]"
1964.477752,Unknown Device,2,4,4,177,"[0, 0, 0, 98, 0, 16, 248, 255]"
1964.477922,Unknown Device,2,4,4,183,"[0, 0, 224, 8, 0, 0, 0, 0]"
1964.478123,Unknown,Unknown,Unknown,Unknown,997,"[6, 126, 21, 4, 252, 84, 9, 170]"
1964.47846,Unknown Device,2,4,2,177,"[0, 0, 0, 98, 0, 16, 236, 255]"
1964.478661,Unknown Device,2,4,2,183,"[0, 0, 64, 7, 0, 0, 0, 0]"
1964.478831,Unknown Device,2,5,9,736,"[0, 0, 154, 6, 0, 23, 32, 0]"
1964.479496,Unknown Device,2,4,1,177,"[0, 0, 0, 226, 0, 16, 231, 255]"
1964.479677,Unknown Device,2,4,1,183,"[0, 0, 128, 248, 255, 255, 0, 0]"
1964.480514,Unknown Device,21,4,20,180,"[236, 255, 255, 95, 255, 7, 128, 1]"
1964.480666,Unknown Device,21,4,20,195,"[241, 159, 5, 176, 253, 235, 255, 5]"
1964.482098,Unknown Device,2,4,3,177,"[0, 0, 0, 226, 0, 16, 19, 0]"
1964.48227,Unknown Device,2,4,3,183,"[0, 0, 224, 251, 255, 255, 0, 0]"
1964.483018,Unknown,Unknown,Unknown,Unknown,997,"[6, 126, 2, 4, 252, 67, 10, 170]"
1964.48329,Unknown,Unknown,Unknown,Unknown,997,"[6, 126, 2, 4, 252, 65, 6, 170]"
1964.483801,Unknown Device,8,5,21,96,"[0, 0, 0, 0, 0, 0, 0, 0]"
1964.483953,Unknown Device,8,5,21,97,"[0, 0, 0, 0, 0, 0, 0, 192]"
1964.484097,Unknown Device,8,5,21,98,"[0, 0, 0, 64, 0, 0, 0, 192]"
1964.484239,Unknown Device,8,5,21,99,"[0, 0, 112, 0, 0, 0, 0, 240]"
1964.48439,Unknown Device,8,5,21,100,"[40, 38, 24, 250, 0, 192, 125, 0]"
1964.486375,Unknown Device,2,5,0,96,"[0, 0, 0, 0, 128, 3, 16, 0]"
1964.486518,Unknown Device,2,5,0,97,"[0, 0, 0, 0, 29, 52, 6, 0]"
1964.48666,Unknown Device,2,5,0,98,"[0, 0, 0, 0, 0, 0, 0, 0]"
1964.486815,Unknown Device,2,5,0,100,"[0, 0, 0, 0, 0, 0, 0, 0]"
1964.487072,Unknown Device,2,5,7,736,"[0, 0, 126, 6, 0, 24, 48, 0]"
1964.487667,Unknown Device,2,5,9,738,"[0, 0, 0, 0, 236, 140, 136, 63]"
1964.487813,Unknown Device,2,4,4,177,"[0, 0, 0, 98, 0, 16, 255, 255]"
1964.488077,Unknown Device,2,5,7,738,"[0, 0, 0, 128, 0, 0, 0, 128]"
1964.48841,Unknown,Unknown,Unknown,Unknown,997,"[6, 126, 2, 4, 252, 66, 7, 170]"
1964.488553,Unknown Device,2,5,0,736,"[0, 0, 169, 6, 0, 24, 0, 0]"
1964.488695,Unknown Device,2,4,2,177,"[0, 0, 0, 98, 0, 16, 253, 255]"
1964.488836,Unknown Device,2,5,9,736,"[0, 0, 154, 6, 0, 23, 32, 0]"
1964.489338,Unknown Device,0,4,63,1,"[52, 94, 171, 120, 229, 46, 176, 152]"
1964.489481,Unknown Device,2,4,1,177,"[0, 0, 0, 226, 0, 16, 0, 0]"
1964.49054,Unknown Device,21,4,20,180,"[236, 255, 255, 95, 255, 7, 128, 1]"
1964.490711,Unknown Device,2,5,5,736,"[0, 0, 134, 6, 0, 24, 48, 0]"
1964.490866,Unknown Device,2,5,8,736,"[0, 0, 169, 6, 0, 24, 48, 0]"
1964.490995,Unknown Device,2,5,5,738,"[246, 124, 160, 51, 0, 0, 0, 128]"
1964.491138,Unknown Device,2,5,8,738,"[0, 0, 0, 128, 0, 0, 0, 128]"
1964.492153,Unknown Device,2,4,3,177,"[0, 0, 0, 226, 0, 16, 2, 0]"
1964.49445,Unknown Device,2,5,10,736,"[0, 0, 168, 6, 0, 24, 32, 0]"
1964.494873,Unknown Device,2,5,6,736,"[0, 0, 161, 6, 0, 24, 48, 0]"
1964.495017,Unknown Device,2,5,6,738,"[0, 0, 0, 128, 0, 0, 0, 128]"
1964.495491,Unknown Device,1,1,0,97,"[113, 7, 202, 252, 0, 0, 0, 255]"
1964.496365,Unknown Device,2,5,0,96,"[0, 0, 0, 0, 128, 3, 16, 0]"
1964.49769,Unknown Device,2,4,4,177,"[0, 0, 0, 98, 0, 16, 238, 255]"
1964.497873,Unknown Device,2,4,4,183,"[0, 0, 224, 8, 0, 0, 0, 0]"
1964.498532,Unknown Device,2,4,2,177,"[0, 0, 0, 98, 0, 16, 253, 255]"
1964.498683,Unknown Device,2,5,9,736,"[0, 0, 154, 6, 0, 23, 32, 0]"
1964.498816,Unknown Device,2,4,2,183,"[0, 0, 64, 7, 0, 0, 0, 0]"
1964.499361,Unknown Device,2,5,0,101,"[0, 0, 0, 0, 0, 0, 16, 0]"
1964.499513,Unknown Device,2,4,1,177,"[0, 0, 0, 226, 0, 16, 251, 255]"
1964.49976,Unknown Device,2,4,1,183,"[0, 0, 128, 248, 255, 255, 0, 0]"
1964.500361,Unknown Device,2,5,0,102,"[0, 0, 0, 0, 0, 0, 0, 0]"
1964.500504,Unknown Device,21,4,20,180,"[236, 255, 255, 95, 255, 7, 128, 1]"
1964.500684,Unknown Device,21,4,20,195,"[241, 159, 5, 192, 253, 235, 255, 5]"
1964.500818,Unknown Device,21,4,20,196,"[37, 1, 180, 0, 33, 127, 0, 0]"
1964.500962,Unknown Device,21,4,20,199,"[210, 255, 255, 0, 0, 2, 0, 0]"
1964.501114,Unknown Device,21,4,20,200,"[140, 0, 108, 0, 192, 63, 0, 4]"
1964.502104,Unknown Device,2,4,3,177,"[0, 0, 0, 226, 0, 16, 7, 0]"
1964.502298,Unknown Device,2,4,3,183,"[0, 0, 224, 251, 255, 255, 0, 0]"
1964.503809,Unknown Device,8,5,21,96,"[0, 0, 0, 0, 0, 0, 0, 0]"
1964.503947,Unknown Device,8,5,21,97,"[0, 0, 0, 0, 0, 0, 0, 192]"
1964.504092,Unknown Device,8,5,21,98,"[0, 0, 0, 64, 0, 0, 0, 192]"
1964.504235,Unknown Device,8,5,21,99,"[0, 0, 112, 0, 0, 0, 0, 240]"
1964.504373,Unknown Device,8,5,21,100,"[40, 38, 24, 250, 0, 192, 125, 0]"
1964.506371,Unknown Device,2,5,0,96,"[0, 0, 0, 0, 128, 3, 16, 0]"
1964.506515,Unknown Device,2,5,0,97,"[0, 0, 0, 0, 29, 52, 6, 0]"
1964.506653,Unknown Device,2,5,0,98,"[0, 0, 0, 0, 0, 0, 0, 0]"
1964.5068,Unknown Device,2,5,0,100,"[0, 0, 0, 0, 0, 0, 0, 0]"
1964.507081,Unknown Device,2,5,7,736,"[0, 0, 125, 6, 0, 24, 48, 0]"
1964.507366,Unknown Device,2,5,0,99,"[0, 0, 0, 0, 0, 0, 0, 0]"
1964.507631,Unknown Device,2,5,9,738,"[0, 0, 0, 0, 236, 140, 136, 63]"
1964.507822,Unknown Device,2,4,4,177,"[0, 0, 0, 98, 0, 16, 4, 0]"
1964.508074,Unknown Device,2,5,7,738,"[0, 0, 0, 128, 0, 0, 0, 128]"
1964.508467,Unknown Device,2,5,0,736,"[0, 0, 167, 6, 0, 24, 0, 0]"
1964.50861,Unknown Device,2,4,2,177,"[0, 0, 0, 98, 0, 16, 243, 255]"
1964.508823,Unknown Device,2,5,9,736,"[0, 0, 154, 6, 0, 23, 32, 0]"
1964.509387,Unknown Device,2,4,1,177,"[0, 0, 0, 226, 0, 16, 254, 255]"
1964.510286,Unknown Device,21,4,20,180,"[237, 255, 255, 95, 255, 7, 128, 1]"
1964.510707,Unknown Device,2,5,5,736,"[0, 0, 135, 6, 0, 24, 48, 0]"
1964.510841,Unknown Device,2,5,5,738,"[246, 124, 160, 51, 0, 0, 0, 128]"
1964.510986,Unknown Device,2,5,8,738,"[0, 0, 0, 128, 0, 0, 0, 128]"
1964.511137,Unknown Device,2,5,8,736,"[0, 0, 171, 6, 0, 24, 48, 0]"
1964.512096,Unknown Device,2,4,3,177,"[0, 0, 0, 226, 0, 16, 9, 0]"
1964.514429,Unknown Device,2,5,10,736,"[0, 0, 169, 6, 0, 24, 32, 0]"
1964.514854,Unknown Device,2,5,6,736,"[0, 0, 162, 6, 0, 24, 48, 0]"
1964.514999,Unknown Device,2,5,6,738,"[0, 0, 0, 128, 0, 0, 0, 128]"
1964.516051,Unknown Device,1,1,0,97,"[113, 7, 202, 252, 0, 0, 0, 255]"
1964.516358,Unknown Device,2,5,0,96,"[0, 0, 0, 0, 128, 3, 16, 0]"
1964.517739,Unknown Device,2,4,4,177,"[0, 0, 0, 98, 0, 16, 253, 255]"
1964.517938,Unknown Device,2,4,4,183,"[0, 0, 224, 8, 0, 0, 0, 0]"
1964.518446,Unknown Device,2,4,2,177,"[0, 0, 0, 98, 0, 16, 239, 255]"
1964.518626,Unknown Device,2,4,2,183,"[0, 0, 64, 7, 0, 0, 0, 0]"
1964.51876,Unknown Device,2,5,9,736,"[0, 0, 154, 6, 0, 23, 32, 0]"
1964.519389,Unknown Device,2,4,1,177,"[0, 0, 0, 226, 0, 16, 242, 255]"
1964.519561,Unknown Device,2,4,1,183,"[0, 0, 128, 248, 255, 255, 0, 0]"
1964.520179,Unknown Device,21,4,20,180,"[237, 255, 255, 95, 255, 7, 128, 1]"
1964.520323,Unknown Device,21,4,20,195,"[241, 159, 5, 192, 253, 235, 255, 5]"
1964.522087,Unknown Device,2,4,3,177,"[0, 0, 0, 226, 0, 16, 25, 0]"
1964.522267,Unknown Device,2,4,3,183,"[0, 0, 224, 251, 255, 255, 0, 0]"
1964.523828,Unknown Device,8,5,21,96,"[0, 0, 0, 0, 0, 0, 0, 0]"
1964.523943,Unknown Device,8,5,21,97,"[0, 0, 0, 0, 0, 0, 0, 192]"
1964.524088,Unknown Device,8,5,21,98,"[0, 0, 0, 64, 0, 0, 0, 192]"
1964.524239,Unknown Device,8,5,21,99,"[0, 0, 112, 0, 0, 0, 0, 240]"
1964.524369,Unknown Device,8,5,21,100,"[42, 38, 24, 250, 0, 192, 125, 0]"
1964.52636,Unknown Device,2,5,0,96,"[0, 0, 0, 0, 128, 3, 16, 0]"
1964.526512,Unknown Device,2,5,0,97,"[0, 0, 0, 0, 29, 51, 6, 0]"
1964.526656,Unknown Device,2,5,0,98,"[0, 0, 0, 0, 0, 0, 0, 0]"
1964.526811,Unknown Device,2,5,0,100,"[0, 0, 0, 0, 0, 0, 0, 0]"
1964.52707,Unknown Device,2,5,7,736,"[0, 0, 125, 6, 0, 24, 48, 0]"
1964.527655,Unknown Device,2,5,9,738,"[0, 0, 0, 0, 236, 140, 136, 63]"
1964.527803,Unknown Device,2,4,4,177,"[0, 0, 0, 98, 0, 16, 251, 255]"
1964.528069,Unknown Device,2,5,7,738,"[0, 0, 0, 128, 0, 0, 0, 128]"
1964.528433,Unknown Device,2,4,2,177,"[0, 0, 0, 98, 0, 16, 249, 255]"
1964.528577,Unknown Device,2,5,0,736,"[0, 0, 169, 6, 0, 24, 0, 0]"
1964.528722,Unknown Device,2,5,9,736,"[0, 0, 154, 6, 0, 23, 32, 0]"
1964.529367,Unknown Device,2,4,1,177,"[0, 0, 0, 226, 0, 16, 221, 255]"
1964.530109,Unknown Device,21,4,20,180,"[237, 255, 255, 95, 255, 7, 128, 1]"
1964.530709,Unknown Device,2,5,5,736,"[0, 0, 135, 6, 0, 24, 48, 0]"
1964.53085,Unknown Device,2,5,8,736,"[0, 0, 171, 6, 0, 24, 48, 0]"
1964.530993,Unknown Device,2,5,5,738,"[246, 124, 160, 51, 0, 0, 0, 128]"
1964.531135,Unknown Device,2,5,8,738,"[0, 0, 0, 128, 0, 0, 0, 128]"
1964.532052,Unknown Device,2,4,3,177,"[0, 0, 0, 226, 0, 16, 40, 0]"
1964.53254,Unknown Device,0,4,63,1,"[52, 94, 171, 127, 10, 71, 45, 172]"
1964.53443,Unknown Device,2,5,10,736,"[0, 0, 169, 6, 0, 24, 32, 0]"
1964.534874,Unknown Device,2,5,6,736,"[0, 0, 161, 6, 0, 24, 48, 0]"
1964.535003,Unknown Device,2,5,6,738,"[0, 0, 0, 128, 0, 0, 0, 128]"
1964.536356,Unknown Device,2,5,0,96,"[0, 0, 0, 0, 128, 3, 16, 0]"
1964.53669,Unknown Device,1,1,0,97,"[113, 7, 202, 252, 0, 0, 0, 255]"
1964.537754,Unknown Device,2,4,4,177,"[0, 0, 0, 98, 0, 16, 1, 0]"
1964.537925,Unknown Device,2,4,4,183,"[0, 0, 224, 8, 0, 0, 0, 0]"
1964.538442,Unknown Device,2,4,2,177,"[0, 0, 0, 98, 0, 16, 254, 255]"
1964.538606,Unknown Device,2,4,2,183,"[0, 0, 64, 7, 0, 0, 0, 0]"
1964.538753,Unknown Device,2,5,9,736,"[0, 0, 154, 6, 0, 23, 32, 0]"
1964.539003,Unknown,Unknown,Unknown,Unknown,996,"[2, 62, 0, 170, 170, 170, 170, 170]"
1964.539434,Unknown Device,2,4,1,177,"[0, 0, 0, 226, 0, 16, 239, 255]"
1964.539605,Unknown Device,2,4,1,183,"[0, 0, 128, 248, 255, 255, 0, 0]"
1964.539741,Unknown,Unknown,Unknown,Unknown,997,"[6, 126, 21, 4, 252, 84, 9, 170]"
1964.540122,Unknown Device,21,4,20,180,"[237, 255, 255, 95, 255, 7, 128, 1]"
1964.540251,Unknown Device,21,4,20,195,"[241, 159, 5, 176, 253, 235, 255, 5]"
1964.542134,Unknown Device,2,4,3,177,"[0, 0, 0, 226, 0, 16, 21, 0]"
1964.542333,Unknown Device,2,4,3,183,"[0, 0, 224, 251, 255, 255, 0, 0]"
1964.543796,Unknown Device,8,5,21,96,"[0, 0, 0, 0, 0, 0, 0, 0]"
1964.543939,Unknown Device,8,5,21,97,"[0, 0, 0, 0, 0, 0, 0, 192]"
1964.544097,Unknown Device,8,5,21,98,"[0, 0, 0, 64, 0, 0, 0, 192]"
1964.544235,Unknown Device,8,5,21,99,"[0, 0, 112, 0, 0, 0, 0, 240]"
1964.544379,Unknown Device,8,5,21,100,"[42, 38, 24, 250, 0, 192, 125, 0]"
1964.545241,Unknown,Unknown,Unknown,Unknown,996,"[1, 176, 170, 170, 170, 170, 170, 170]"
1964.545577,Unknown,Unknown,Unknown,Unknown,997,"[16, 98, 240, 26, 1, 1, 1, 221]"
1964.546352,Unknown Device,2,5,0,96,"[0, 0, 0, 0, 128, 3, 16, 0]"
1964.546496,Unknown Device,2,5,0,97,"[0, 0, 0, 0, 29, 52, 6, 0]"
1964.54664,Unknown Device,2,5,0,98,"[0, 0, 0, 0, 0, 0, 0, 0]"
1964.546795,Unknown Device,2,5,0,100,"[0, 0, 0, 0, 0, 0, 0, 0]"
1964.547054,Unknown Device,2,5,7,736,"[0, 0, 125, 6, 0, 24, 48, 0]"
1964.547653,Unknown Device,2,5,9,738,"[0, 0, 0, 0, 236, 140, 136, 63]"
1964.547801,Unknown Device,2,4,4,177,"[0, 0, 0, 98, 0, 16, 254, 255]"
1964.548068,Unknown Device,2,5,7,738,"[0, 0, 0, 128, 0, 0, 0, 128]"
1964.548462,Unknown Device,2,5,0,736,"[0, 0, 168, 6, 0, 24, 0, 0]"
1964.548606,Unknown Device,2,4,2,177,"[0, 0, 0, 98, 0, 16, 2, 0]"
1964.548755,Unknown Device,2,5,9,736,"[0, 0, 154, 6, 0, 23, 32, 0]"
1964.549342,Unknown Device,2,4,1,177,"[0, 0, 0, 226, 0, 16, 238, 255]"
1964.550108,Unknown Device,21,4,20,180,"[237, 255, 255, 95, 255, 7, 128, 1]"
1964.550679,Unknown Device,2,5,5,738,"[246, 124, 160, 51, 0, 0, 0, 128]"
1964.550827,Unknown Device,2,5,5,736,"[0, 0, 135, 6, 0, 24, 48, 0]"
1964.550971,Unknown Device,2,5,8,736,"[0, 0, 171, 6, 0, 24, 48, 0]"
1964.55111,Unknown Device,2,5,8,738,"[0, 0, 0, 128, 0, 0, 0, 128]"
1964.551466,Unknown,Unknown,Unknown,Unknown,996,"[48, 0, 5, 170, 170, 170, 170, 170]"
1964.552186,Unknown Device,2,4,3,177,"[0, 0, 0, 226, 0, 16, 7, 0]"
1964.554438,Unknown Device,2,5,10,736,"[0, 0, 169, 6, 0, 24, 32, 0]"
1964.554864,Unknown Device,2,5,6,736,"[0, 0, 161, 6, 0, 24, 48, 0]"
1964.555009,Unknown Device,2,5,6,738,"[0, 0, 0, 128, 0, 0, 0, 128]"
1964.556134,Unknown,Unknown,Unknown,Unknown,997,"[33, 80, 6, 15, 74, 57, 72, 83]"
1964.556599,Unknown Device,2,5,0,96,"[0, 0, 0, 0, 128, 3, 16, 0]"
1964.557388,Unknown Device,1,1,0,97,"[113, 7, 202, 252, 0, 0, 0, 255]"
1964.557532,Unknown Device,2,5,0,99,"[0, 0, 0, 0, 0, 0, 0, 0]"
1964.557726,Unknown Device,2,4,4,177,"[0, 0, 0, 98, 0, 16, 251, 255]"
1964.557903,Unknown Device,2,4,4,183,"[0, 0, 224, 8, 0, 0, 0, 0]"
1964.558424,Unknown Device,2,4,2,177,"[0, 0, 0, 98, 0, 16, 15, 0]"
1964.558604,Unknown Device,2,4,2,183,"[0, 0, 64, 7, 0, 0, 0, 0]"
1964.558752,Unknown Device,2,5,9,736,"[0, 0, 154, 6, 0, 23, 32, 0]"
1964.55941,Unknown Device,2,4,1,177,"[0, 0, 0, 226, 0, 16, 239, 255]"
1964.559568,Unknown Device,2,4,1,183,"[0, 0, 128, 248, 255, 255, 0, 0]"
1964.560138,Unknown Device,21,4,20,180,"[237, 255, 255, 95, 255, 6, 128, 1]"
1964.560282,Unknown Device,21,4,20,195,"[241, 95, 5, 176, 253, 235, 255, 5]"
1964.561129,Unknown,Unknown,Unknown,Unknown,997,"[34, 30, 6, 231, 7, 2, 2, 28]"
1964.561465,Unknown Device,2,5,0,737,"[0, 0, 0, 8, 0, 64, 0, 0]"
1964.562104,Unknown Device,2,4,3,177,"[0, 0, 0, 226, 0, 16, 7, 0]"
1964.562298,Unknown Device,2,4,3,183,"[0, 0, 224, 251, 255, 255, 0, 0]"
1964.563796,Unknown Device,8,5,21,96,"[0, 0, 0, 0, 0, 0, 0, 0]"
1964.563948,Unknown Device,8,5,21,97,"[0, 0, 0, 0, 0, 0, 0, 192]"
1964.564079,Unknown Device,8,5,21,98,"[0, 0, 0, 64, 0, 0, 0, 192]"
1964.564223,Unknown Device,8,5,21,99,"[0, 0, 112, 0, 0, 0, 0, 240]"
1964.564367,Unknown Device,8,5,21,100,"[42, 38, 24, 250, 0, 192, 125, 0]"
1964.566136,Unknown,Unknown,Unknown,Unknown,997,"[35, 4, 0, 0, 0, 128, 32, 32]"
1964.566393,Unknown Device,2,5,0,96,"[0, 0, 0, 0, 128, 3, 16, 0]"
1964.566545,Unknown Device,2,5,0,97,"[0, 0, 0, 0, 29, 52, 6, 0]"
1964.566689,Unknown Device,2,5,0,98,"[0, 0, 0, 0, 0, 0, 0, 0]"
1964.566837,Unknown Device,2,5,0,100,"[0, 0, 0, 0, 0, 0, 0, 0]"
1964.56706,Unknown Device,2,5,7,736,"[0, 0, 126, 6, 0, 24, 48, 0]"
1964.567653,Unknown Device,2,5,9,738,"[0, 0, 0, 0, 236, 140, 136, 63]"
1964.567795,Unknown Device,2,4,4,177,"[0, 0, 0, 98, 0, 16, 241, 255]"
1964.568054,Unknown Device,2,5,7,738,"[0, 0, 0, 128, 0, 0, 0, 128]"
1964.568462,Unknown Device,2,5,0,736,"[0, 0, 168, 6, 0, 24, 0, 0]"
1964.568606,Unknown Device,2,4,2,177,"[0, 0, 0, 98, 0, 16, 4, 0]"
1964.568805,Unknown Device,2,5,9,736,"[0, 0, 154, 6, 0, 23, 32, 0]"
1964.56944,Unknown Device,2,4,1,177,"[0, 0, 0, 226, 0, 16, 242, 255]"
1964.570101,Unknown Device,21,4,20,180,"[237, 255, 255, 95, 255, 6, 128, 1]"
1964.570678,Unknown Device,2,5,5,736,"[0, 0, 136, 6, 0, 24, 48, 0]"
1964.570826,Unknown Device,2,5,8,736,"[0, 0, 171, 6, 0, 24, 48, 0]"
1964.570964,Unknown Device,2,5,5,738,"[246, 124, 160, 51, 0, 0, 0, 128]"
1964.571109,Unknown Device,2,5,8,738,"[0, 0, 0, 128, 0, 0, 0, 128]"
1964.571253,Unknown,Unknown,Unknown,Unknown,997,"[36, 32, 81, 25, 66, 3, 0, 80]"
1964.572137,Unknown Device,2,4,3,177,"[0, 0, 0, 226, 0, 16, 23, 0]"
1964.574301,Unknown Device,0,4,63,1,"[52, 94, 170, 121, 15, 49, 100, 8]"
1964.574429,Unknown Device,2,5,10,736,"[0, 0, 169, 6, 0, 24, 32, 0]"
1964.574851,Unknown Device,2,5,6,736,"[0, 0, 162, 6, 0, 24, 48, 0]"
1964.574995,Unknown Device,2,5,6,738,"[0, 0, 0, 128, 0, 0, 0, 128]"
1964.576117,Unknown,Unknown,Unknown,Unknown,997,"[37, 105, 103, 101, 111, 110, 32, 50]"
1964.576395,Unknown Device,2,5,0,96,"[0, 0, 0, 0, 128, 3, 16, 0]"
1964.577822,Unknown Device,2,4,4,431,"[0, 0, 0, 0, 1, 26, 19, 0]"
1964.577972,Unknown Device,1,1,0,97,"[113, 7, 202, 252, 0, 0, 0, 255]"
1964.578115,Unknown Device,2,4,4,285,"[0, 0, 0, 0, 0, 0, 0, 0]"
1964.578519,Unknown Device,2,4,2,431,"[0, 0, 0, 0, 1, 26, 19, 0]"
1964.578662,Unknown Device,2,4,4,193,"[0, 243, 199, 46, 0, 0, 0, 0]"
1964.578795,Unknown Device,2,4,2,285,"[0, 0, 0, 0, 0, 0, 0, 0]"
1964.578946,Unknown Device,2,4,4,177,"[0, 0, 0, 98, 0, 16, 230, 255]"
1964.579089,Unknown Device,2,5,9,736,"[0, 0, 154, 6, 0, 23, 32, 0]"
1964.579218,Unknown Device,2,4,4,181,"[243, 127, 0, 192, 83, 21, 28, 24]"
1964.579369,Unknown Device,2,4,2,193,"[0, 243, 199, 46, 0, 0, 0, 0]"
1964.579483,Unknown Device,2,4,1,431,"[0, 0, 0, 0, 1, 26, 19, 0]"
1964.579626,Unknown Device,2,4,2,177,"[0, 0, 0, 98, 0, 16, 2, 0]"
1964.579795,Unknown Device,2,4,4,182,"[0, 0, 0, 231, 0, 0, 0, 0]"
1964.579924,Unknown Device,2,4,1,285,"[0, 0, 0, 0, 0, 0, 0, 0]"
1964.580068,Unknown Device,2,4,4,183,"[0, 0, 224, 8, 0, 0, 0, 0]"
1964.580232,Unknown Device,2,4,1,193,"[0, 243, 199, 46, 0, 0, 0, 0]"
1964.580347,Unknown Device,2,4,2,181,"[255, 127, 0, 192, 83, 21, 28, 23]"
1964.580489,Unknown Device,2,4,1,177,"[0, 0, 0, 226, 0, 16, 225, 255]"
1964.580631,Unknown Device,2,4,2,182,"[0, 0, 64, 189, 0, 0, 0, 0]"
1964.580772,Unknown Device,2,4,1,181,"[240, 127, 0, 192, 83, 20, 28, 23]"
1964.580929,Unknown Device,2,4,4,184,"[0, 0, 0, 0, 0, 0, 0, 128]"
1964.581072,Unknown Device,21,4,20,180,"[237, 255, 255, 95, 255, 6, 128, 1]"
1964.581208,Unknown Device,2,4,4,185,"[0, 0, 0, 0, 0, 0, 0, 128]"
1964.581351,Unknown Device,2,4,1,182,"[0, 0, 0, 62, 255, 255, 0, 0]"
1964.581507,Unknown Device,2,4,2,183,"[0, 0, 64, 7, 0, 0, 0, 0]"
1964.581644,Unknown Device,2,4,1,183,"[0, 0, 128, 248, 255, 255, 0, 0]"
1964.58179,Unknown Device,2,4,2,184,"[0, 0, 0, 0, 0, 0, 0, 128]"
1964.581933,Unknown Device,2,4,4,186,"[8, 0, 0, 0, 0, 0, 0, 0]"
1964.58207,Unknown Device,21,4,20,195,"[241, 95, 5, 176, 253, 235, 255, 5]"
1964.582226,Unknown,Unknown,Unknown,Unknown,997,"[38, 32, 118, 101, 114, 115, 46, 32]"
1964.582369,Unknown Device,2,4,1,184,"[0, 0, 0, 0, 0, 0, 0, 128]"
1964.582519,Unknown Device,2,4,2,185,"[0, 0, 0, 0, 0, 0, 0, 128]"
1964.582662,Unknown Device,2,4,1,185,"[0, 0, 0, 0, 0, 0, 0, 128]"
1964.582809,Unknown Device,2,4,2,186,"[8, 0, 0, 0, 0, 0, 0, 0]"
1964.582946,Unknown Device,2,4,4,187,"[0, 0, 4, 0, 0, 0, 0, 0]"
1964.583075,Unknown Device,2,4,3,431,"[0, 0, 0, 0, 1, 26, 19, 0]"
1964.583246,Unknown Device,2,4,1,186,"[8, 0, 0, 0, 0, 0, 0, 0]"
1964.583397,Unknown Device,2,4,2,187,"[0, 0, 4, 0, 0, 0, 0, 0]"
1964.583526,Unknown Device,2,4,1,187,"[0, 0, 4, 0, 0, 0, 0, 0]"
1964.583683,Unknown Device,2,4,3,285,"[0, 0, 0, 0, 0, 0, 0, 0]"
1964.583852,Unknown Device,8,5,21,96,"[0, 0, 0, 0, 0, 0, 0, 0]"
1964.583966,Unknown Device,8,5,21,97,"[0, 0, 0, 0, 0, 0, 0, 192]"
1964.58411,Unknown Device,2,4,3,193,"[0, 243, 199, 46, 0, 0, 0, 0]"
1964.584252,Unknown Device,8,5,21,98,"[0, 0, 0, 64, 0, 0, 0, 192]"
1964.584403,Unknown Device,2,4,3,177,"[0, 0, 0, 226, 0, 16, 10, 0]"
1964.584545,Unknown Device,8,5,21,99,"[0, 0, 112, 0, 0, 0, 0, 240]"
1964.584673,Unknown Device,8,5,21,100,"[42, 38, 24, 250, 0, 192, 125, 0]"
1964.584969,Unknown Device,2,4,3,181,"[250, 127, 0, 192, 83, 19, 27, 24]"
1964.585205,Unknown Device,2,4,3,182,"[0, 0, 64, 152, 255, 255, 0, 0]"
1964.585473,Unknown Device,2,4,3,183,"[0, 0, 224, 251, 255, 255, 0, 0]"
1964.586073,Unknown Device,2,4,3,184,"[0, 0, 0, 0, 0, 0, 0, 128]"
1964.586201,Unknown,Unknown,Unknown,Unknown,997,"[39, 83, 0, 0, 0, 0, 0, 0]"
1964.586358,Unknown Device,2,4,3,185,"[0, 0, 0, 0, 0, 0, 0, 128]"
1964.5865,Unknown Device,2,5,0,96,"[0, 0, 0, 0, 128, 3, 16, 0]"
1964.586636,Unknown Device,2,5,0,97,"[0, 0, 0, 0, 29, 52, 6, 0]"
1964.586783,Unknown Device,2,5,0,98,"[0, 0, 0, 0, 0, 0, 0, 0]"
1964.586948,Unknown Device,2,5,0,100,"[0, 0, 0, 0, 0, 0, 0, 0]"
1964.587077,Unknown Device,2,5,7,736,"[0, 0, 126, 6, 0, 24, 48, 0]"
1964.58722,Unknown Device,2,4,3,186,"[8, 0, 0, 0, 0, 0, 0, 0]"
1964.587456,Unknown Device,2,4,3,187,"[0, 0, 4, 0, 0, 0, 0, 0]"
1964.587627,Unknown Device,2,5,9,738,"[0, 0, 0, 0, 236, 140, 136, 63]"
1964.587866,Unknown Device,2,4,4,177,"[0, 0, 0, 98, 0, 16, 239, 255]"
1964.588051,Unknown Device,2,5,7,738,"[0, 0, 0, 128, 0, 0, 0, 128]"
1964.588427,Unknown Device,2,4,2,177,"[0, 0, 0, 98, 0, 16, 0, 0]"
1964.588569,Unknown Device,2,5,0,736,"[0, 0, 168, 6, 0, 24, 0, 0]"
1964.58872,Unknown Device,2,5,9,736,"[0, 0, 154, 6, 0, 23, 32, 0]"
1964.589423,Unknown Device,2,4,1,177,"[0, 0, 0, 226, 0, 16, 229, 255]"
1964.590085,Unknown Device,21,4,20,180,"[237, 255, 255, 95, 255, 6, 128, 1]"
1964.590691,Unknown Device,2,5,5,736,"[0, 0, 136, 6, 0, 24, 48, 0]"
1964.590825,Unknown Device,2,5,8,736,"[0, 0, 170, 6, 0, 24, 48, 0]"
1964.590969,Unknown Device,2,5,5,738,"[246, 124, 160, 51, 0, 0, 0, 128]"
1964.591108,Unknown Device,2,5,8,738,"[0, 0, 0, 128, 0, 0, 0, 128]"
1964.591252,Unknown,Unknown,Unknown,Unknown,997,"[40, 0, 0, 0, 0, 0, 0, 0]"
1964.592098,Unknown Device,2,4,3,177,"[0, 0, 0, 226, 0, 16, 19, 0]"
1964.594405,Unknown Device,2,5,10,736,"[0, 0, 167, 6, 0, 24, 32, 0]"
1964.594831,Unknown Device,2,5,6,738,"[0, 0, 0, 128, 0, 0, 0, 128]"
1964.594976,Unknown Device,2,5,6,736,"[0, 0, 160, 6, 0, 24, 48, 0]"
1964.596115,Unknown,Unknown,Unknown,Unknown,997,"[41, 0, 0, 0, 67, 114, 111, 115]"
1964.596401,Unknown Device,2,5,0,96,"[0, 0, 0, 0, 128, 3, 16, 0]"
1964.597694,Unknown Device,2,4,4,177,"[0, 0, 0, 98, 0, 16, 236, 255]"
1964.597892,Unknown Device,2,4,4,183,"[0, 0, 224, 8, 0, 0, 0, 0]"
1964.598428,Unknown Device,2,4,2,177,"[0, 0, 0, 98, 0, 16, 7, 0]"
1964.598572,Unknown Device,1,1,0,97,"[113, 7, 202, 252, 0, 0, 0, 255]"
1964.598716,Unknown Device,2,4,2,183,"[0, 0, 64, 7, 0, 0, 0, 0]"
1964.598858,Unknown Device,2,5,9,736,"[0, 0, 154, 6, 0, 23, 32, 0]"
1964.599452,Unknown Device,2,4,1,177,"[0, 0, 0, 226, 0, 16, 232, 255]"
1964.599653,Unknown Device,2,4,1,183,"[0, 0, 128, 248, 255, 255, 0, 0]"
1964.600079,Unknown Device,21,4,20,431,"[0, 0, 0, 0, 1, 26, 19, 0]"
1964.60023,Unknown Device,21,4,20,285,"[0, 0, 0, 0, 0, 64, 0, 0]"
1964.600388,Unknown Device,21,4,20,180,"[237, 255, 255, 95, 255, 6, 128, 1]"
1964.600532,Unknown Device,21,4,20,195,"[241, 95, 5, 176, 253, 235, 255, 5]"
1964.600684,Unknown Device,21,4,20,196,"[43, 1, 170, 0, 33, 127, 0, 0]"
1964.600832,Unknown Device,21,4,20,197,"[41, 29, 0, 6, 176, 0, 0, 255]"
1964.60099,Unknown Device,21,4,20,198,"[3, 0, 16, 255, 255, 254, 255, 159]"
1964.601142,Unknown Device,21,4,20,199,"[241, 255, 223, 1, 0, 253, 255, 15]"
1964.6013,Unknown Device,21,4,20,203,"[254, 255, 0, 0, 0, 0, 0, 0]"
1964.601444,Unknown Device,21,4,20,200,"[108, 0, 88, 0, 228, 63, 0, 4]"
1964.601595,Unknown Device,21,4,20,202,"[227, 98, 0, 0, 0, 0, 0, 0]"
1964.601758,Unknown Device,21,4,20,205,"[0, 0, 0, 0, 0, 0, 0, 0]"
1964.60191,Unknown Device,21,4,20,206,"[170, 255, 50, 0, 159, 2, 0, 0]"
1964.602054,Unknown,Unknown,Unknown,Unknown,997,"[42, 115, 32, 84, 104, 101, 32, 82]"
1964.602269,Unknown Device,2,4,3,177,"[0, 0, 0, 226, 0, 16, 40, 0]"
1964.602916,Unknown Device,2,4,3,183,"[0, 0, 224, 251, 255, 255, 0, 0]"
1964.603396,Unknown Device,2,5,0,103,"[0, 0, 0, 0, 0, 0, 0, 0]"
1964.603779,Unknown Device,8,5,21,96,"[0, 0, 0, 0, 0, 0, 0, 0]"
1964.603922,Unknown Device,8,5,21,97,"[0, 0, 0, 0, 0, 0, 0, 192]"
1964.604067,Unknown Device,8,5,21,98,"[0, 0, 0, 64, 0, 0, 0, 192]"
1964.604211,Unknown Device,8,5,21,99,"[0, 0, 112, 0, 0, 0, 0, 240]"
1964.604348,Unknown Device,8,5,21,100,"[42, 38, 24, 250, 0, 192, 125, 0]"
1964.604492,Unknown Device,2,5,10,737,"[0, 0, 0, 0, 0, 64, 0, 0]"
1964.605804,Unknown Device,2,5,8,737,"[0, 0, 0, 0, 0, 64, 0, 0]"
1964.60614,Unknown,Unknown,Unknown,Unknown,997,"[43, 111, 97, 100, 32, 69, 108, 101]"
1964.60637,Unknown Device,2,5,0,96,"[0, 0, 0, 0, 128, 3, 16, 0]"
1964.606522,Unknown Device,2,5,0,97,"[0, 0, 0, 0, 29, 52, 6, 0]"
1964.606666,Unknown Device,2,5,0,98,"[0, 0, 0, 0, 0, 0, 0, 0]"
1964.606814,Unknown Device,2,5,0,100,"[0, 0, 0, 0, 0, 0, 0, 0]"
1964.607038,Unknown Device,2,5,7,736,"[0, 0, 125, 6, 0, 24, 48, 0]"
1964.607403,Unknown Device,2,5,0,99,"[0, 0, 0, 0, 0, 0, 0, 0]"
1964.607632,Unknown Device,2,5,9,738,"[0, 0, 0, 0, 236, 140, 136, 63]"
1964.607808,Unknown Device,2,4,4,177,"[0, 0, 0, 98, 0, 16, 246, 255]"
1964.608032,Unknown Device,2,5,7,738,"[0, 0, 0, 128, 0, 0, 0, 128]"
1964.608396,Unknown Device,2,4,2,177,"[0, 0, 0, 98, 0, 16, 241, 255]"
1964.60854,Unknown Device,2,5,0,736,"[0, 0, 169, 6, 0, 24, 0, 0]"
1964.608691,Unknown Device,2,5,9,736,"[0, 0, 154, 6, 0, 23, 32, 0]"
1964.609401,Unknown Device,2,4,1,177,"[0, 0, 0, 226, 0, 16, 231, 255]"
1964.610091,Unknown Device,21,4,20,180,"[237, 255, 255, 95, 255, 6, 128, 1]"
1964.61067,Unknown Device,2,5,5,736,"[0, 0, 135, 6, 0, 24, 48, 0]"
1964.610818,Unknown Device,2,5,8,736,"[0, 0, 170, 6, 0, 24, 48, 0]"
1964.61097,Unknown Device,2,5,5,738,"[246, 124, 160, 51, 0, 0, 0, 128]"
1964.6111,Unknown Device,2,5,8,738,"[0, 0, 0, 128, 0, 0, 0, 128]"
1964.61123,Unknown,Unknown,Unknown,Unknown,997,"[44, 99, 116, 114, 111, 110, 105, 99]"
1964.612061,Unknown Device,2,4,3,177,"[0, 0, 0, 226, 0, 16, 33, 0]"
1964.614412,Unknown Device,2,5,10,736,"[0, 0, 169, 6, 0, 24, 32, 0]"
1964.614839,Unknown Device,2,5,6,736,"[0, 0, 162, 6, 0, 24, 48, 0]"
1964.614983,Unknown Device,2,5,6,737,"[0, 0, 0, 0, 0, 64, 0, 0]"
1964.615135,Unknown Device,2,5,6,738,"[0, 0, 0, 128, 0, 0, 0, 128]"
1964.616108,Unknown,Unknown,Unknown,Unknown,997,"[45, 115, 0, 0, 0, 0, 0, 0]"
1964.616366,Unknown Device,2,5,0,96,"[0, 0, 0, 0, 128, 3, 16, 0]"
1964.616503,Unknown Device,0,4,63,1,"[52, 94, 170, 122, 98, 234, 42, 162]"
1964.617718,Unknown Device,2,4,4,177,"[0, 0, 0, 98, 0, 16, 252, 255]"
1964.617888,Unknown Device,2,4,4,183,"[0, 0, 224, 8, 0, 0, 0, 0]"
1964.618425,Unknown Device,2,4,2,177,"[0, 0, 0, 98, 0, 16, 9, 0]"
1964.618626,Unknown Device,2,4,2,183,"[0, 0, 64, 7, 0, 0, 0, 0]"
1964.618782,Unknown Device,2,5,9,736,"[0, 0, 154, 6, 0, 23, 32, 0]"
1964.61894,Unknown Device,1,1,0,97,"[113, 7, 202, 252, 0, 0, 0, 255]"
1964.619359,Unknown Device,2,4,1,177,"[0, 0, 0, 226, 0, 16, 243, 255]"
1964.619543,Unknown Device,2,4,1,183,"[0, 0, 128, 248, 255, 255, 0, 0]"
1964.620107,Unknown Device,21,4,20,180,"[237, 255, 255, 95, 255, 6, 128, 1]"
1964.620257,Unknown Device,21,4,20,195,"[241, 95, 5, 176, 253, 235, 255, 5]"
1964.62111,Unknown,Unknown,Unknown,Unknown,997,"[46, 19, 170, 170, 170, 170, 170, 170]"
1964.62216,Unknown Device,2,4,3,177,"[0, 0, 0, 226, 0, 16, 30, 0]"
1964.622353,Unknown Device,2,4,3,183,"[0, 0, 224, 251, 255, 255, 0, 0]"
1964.623767,Unknown Device,8,5,21,96,"[0, 0, 0, 0, 0, 0, 0, 0]"
1964.623923,Unknown Device,8,5,21,97,"[0, 0, 0, 0, 0, 0, 0, 192]"
1964.624075,Unknown Device,8,5,21,98,"[0, 0, 0, 64, 0, 0, 0, 192]"
1964.624203,Unknown Device,8,5,21,99,"[0, 0, 112, 0, 0, 0, 0, 240]"
1964.624345,Unknown Device,8,5,21,100,"[42, 38, 24, 250, 0, 192, 125, 0]"
1964.626368,Unknown Device,2,5,0,96,"[0, 0, 0, 0, 128, 3, 16, 0]"
1964.626511,Unknown Device,2,5,0,97,"[0, 0, 0, 0, 29, 52, 6, 0]"
1964.626661,Unknown Device,2,5,0,98,"[0, 0, 0, 0, 0, 0, 0, 0]"
1964.626808,Unknown Device,2,5,0,100,"[0, 0, 0, 0, 0, 0, 0, 0]"
1964.627049,Unknown Device,2,5,7,736,"[0, 0, 125, 6, 0, 24, 48, 0]"
1964.627616,Unknown Device,2,5,9,738,"[0, 0, 0, 0, 236, 140, 136, 63]"
1964.627762,Unknown Device,2,4,4,177,"[0, 0, 0, 98, 0, 16, 6, 0]"
1964.628026,Unknown Device,2,5,7,738,"[0, 0, 0, 128, 0, 0, 0, 128]"
1964.628444,Unknown Device,2,5,0,736,"[0, 0, 167, 6, 0, 24, 0, 0]"
1964.628586,Unknown Device,2,4,2,177,"[0, 0, 0, 98, 0, 16, 4, 0]"
1964.628825,Unknown Device,2,5,9,736,"[0, 0, 154, 6, 0, 23, 32, 0]"
1964.629179,Unknown,Unknown,Unknown,Unknown,996,"[1, 187, 170, 170, 170, 170, 170, 170]"
1964.629372,Unknown Device,2,4,1,177,"[0, 0, 0, 226, 0, 16, 239, 255]"
1964.629515,Unknown,Unknown,Unknown,Unknown,997,"[6, 251, 1, 163, 82, 5, 0, 170]"
1964.630088,Unknown Device,21,4,20,180,"[237, 255, 255, 95, 255, 6, 128, 1]"
1964.630674,Unknown Device,2,5,5,736,"[0, 0, 136, 6, 0, 24, 48, 0]"
1964.630807,Unknown Device,2,5,8,736,"[0, 0, 170, 6, 0, 24, 48, 0]"
1964.630957,Unknown Device,2,5,5,738,"[246, 124, 160, 51, 0, 0, 0, 128]"
1964.6311,Unknown Device,2,5,8,738,"[0, 0, 0, 128, 0, 0, 0, 128]"
1964.632051,Unknown Device,2,4,3,177,"[0, 0, 0, 226, 0, 16, 8, 0]"
1964.634397,Unknown Device,2,5,10,736,"[0, 0, 169, 6, 0, 24, 32, 0]"
1964.634837,Unknown Device,2,5,6,736,"[0, 0, 161, 6, 0, 24, 48, 0]"
1964.63499,Unknown Device,2,5,6,738,"[0, 0, 0, 128, 0, 0, 0, 128]"
1964.636382,Unknown Device,2,5,0,96,"[0, 0, 0, 0, 128, 3, 16, 0]"
1964.63773,Unknown Device,2,4,4,177,"[0, 0, 0, 98, 0, 16, 6, 0]"
1964.637911,Unknown Device,2,4,4,183,"[0, 0, 224, 8, 0, 0, 0, 0]"
1964.63846,Unknown Device,2,4,2,177,"[0, 0, 0, 98, 0, 16, 250, 255]"
1964.63859,Unknown,Unknown,Unknown,Unknown,996,"[1, 200, 170, 170, 170, 170, 170, 170]"
1964.638746,Unknown Device,2,4,2,183,"[0, 0, 64, 7, 0, 0, 0, 0]"
1964.638876,Unknown Device,2,5,9,736,"[0, 0, 154, 6, 0, 23, 32, 0]"
1964.63902,Unknown,Unknown,Unknown,Unknown,997,"[3, 8, 0, 0, 170, 170, 170, 170]"
1964.639441,Unknown Device,2,4,1,177,"[0, 0, 0, 226, 0, 16, 231, 255]"
1964.639607,Unknown Device,1,1,0,97,"[113, 7, 202, 252, 0, 0, 0, 255]"
1964.639727,Unknown Device,2,4,1,183,"[0, 0, 128, 248, 255, 255, 0, 0]"
1964.640107,Unknown Device,21,4,20,180,"[237, 255, 255, 95, 255, 6, 128, 1]"
1964.64025,Unknown Device,21,4,20,195,"[241, 95, 5, 176, 253, 235, 255, 5]"
1964.642069,Unknown Device,2,4,3,177,"[0, 0, 0, 226, 0, 16, 17, 0]"
1964.642256,Unknown Device,2,4,3,183,"[0, 0, 224, 251, 255, 255, 0, 0]"
1964.643766,Unknown Device,8,5,21,96,"[0, 0, 0, 0, 0, 0, 0, 0]"
1964.64391,Unknown Device,8,5,21,97,"[0, 0, 0, 0, 0, 0, 0, 192]"
1964.644062,Unknown Device,8,5,21,98,"[0, 0, 0, 64, 0, 0, 0, 192]"
1964.644206,Unknown Device,8,5,21,99,"[0, 0, 112, 0, 0, 0, 0, 240]"
1964.644336,Unknown Device,8,5,21,100,"[42, 38, 24, 250, 0, 192, 125, 0]"
1964.646353,Unknown Device,2,5,0,96,"[0, 0, 0, 0, 128, 3, 16, 0]"
1964.646505,Unknown Device,2,5,0,97,"[0, 0, 0, 0, 29, 52, 6, 0]"
1964.646649,Unknown Device,2,5,0,98,"[0, 0, 0, 0, 0, 0, 0, 0]"
1964.646797,Unknown Device,2,5,0,100,"[0, 0, 0, 0, 0, 0, 0, 0]"
1964.647034,Unknown Device,2,5,7,736,"[0, 0, 126, 6, 0, 24, 48, 0]"
1964.647612,Unknown Device,2,5,9,738,"[0, 0, 0, 0, 236, 140, 136, 63]"
1964.647802,Unknown Device,2,4,4,177,"[0, 0, 0, 98, 0, 16, 19, 0]"
1964.648026,Unknown Device,2,5,7,738,"[0, 0, 0, 128, 0, 0, 0, 128]"
1964.64839,Unknown Device,2,4,2,177,"[0, 0, 0, 98, 0, 16, 247, 255]"
1964.648534,Unknown Device,2,5,0,736,"[0, 0, 168, 6, 0, 24, 0, 0]"
1964.648678,Unknown Device,2,5,9,736,"[0, 0, 154, 6, 0, 23, 32, 0]"
1964.649426,Unknown Device,2,4,1,177,"[0, 0, 0, 226, 0, 16, 227, 255]"
1964.650094,Unknown Device,21,4,20,180,"[237, 255, 255, 95, 255, 6, 128, 1]"
1964.650671,Unknown Device,2,5,5,736,"[0, 0, 136, 6, 0, 24, 48, 0]"
1964.650813,Unknown Device,2,5,8,736,"[0, 0, 171, 6, 0, 24, 48, 0]"
1964.650957,Unknown Device,2,5,5,737,"[0, 0, 0, 0, 0, 64, 0, 0]"
1964.651101,Unknown Device,2,5,5,738,"[246, 124, 160, 51, 0, 0, 0, 128]"
1964.651253,Unknown Device,2,5,8,738,"[0, 0, 0, 128, 0, 0, 0, 128]"
1964.652062,Unknown Device,2,4,3,177,"[0, 0, 0, 226, 0, 16, 23, 0]"
1964.6544,Unknown Device,2,5,10,736,"[0, 0, 169, 6, 0, 24, 32, 0]"
1964.654825,Unknown Device,2,5,6,736,"[0, 0, 162, 6, 0, 24, 48, 0]"
1964.654969,Unknown Device,2,5,6,738,"[0, 0, 0, 128, 0, 0, 0, 128]"
1964.656348,Unknown Device,2,5,0,96,"[0, 0, 0, 0, 128, 3, 16, 0]"
1964.657643,Unknown Device,2,5,0,99,"[0, 0, 0, 0, 0, 0, 0, 0]"
1964.657777,Unknown Device,2,4,4,177,"[0, 0, 0, 98, 0, 16, 255, 255]"
1964.658086,Unknown Device,2,4,4,183,"[0, 0, 224, 8, 0, 0, 0, 0]"
1964.658386,Unknown Device,0,4,63,1,"[52, 94, 170, 125, 192, 175, 37, 130]"
1964.658529,Unknown Device,2,4,2,177,"[0, 0, 0, 98, 0, 16, 5, 0]"
1964.658667,Unknown Device,2,5,9,736,"[0, 0, 154, 6, 0, 23, 32, 0]"
1964.658815,Unknown Device,2,4,2,183,"[0, 0, 64, 7, 0, 0, 0, 0]"
1964.659464,Unknown Device,2,4,1,177,"[0, 0, 0, 226, 0, 16, 235, 255]"
1964.659658,Unknown Device,2,4,1,183,"[0, 0, 128, 248, 255, 255, 0, 0]"
1964.660056,Unknown Device,1,1,0,97,"[113, 7, 202, 252, 0, 0, 0, 255]"
1964.6602,Unknown Device,21,4,20,180,"[237, 255, 255, 95, 255, 6, 128, 1]"
1964.660359,Unknown Device,21,4,20,195,"[241, 31, 5, 176, 253, 235, 255, 5]"
1964.662092,Unknown Device,2,4,3,177,"[0, 0, 0, 226, 0, 16, 17, 0]"
1964.662264,Unknown Device,2,4,3,183,"[0, 0, 224, 251, 255, 255, 0, 0]"
1964.66376,Unknown Device,8,5,21,96,"[0, 0, 0, 0, 0, 0, 0, 0]"
1964.663912,Unknown Device,8,5,21,97,"[0, 0, 0, 0, 0, 0, 0, 192]"
1964.664056,Unknown Device,8,5,21,98,"[0, 0, 0, 64, 0, 0, 0, 192]"
1964.664199,Unknown Device,8,5,21,99,"[0, 0, 112, 0, 0, 0, 0, 240]"
1964.664328,Unknown Device,8,5,21,100,"[42, 38, 24, 250, 0, 192, 125, 0]"
1964.666363,Unknown Device,2,5,0,96,"[0, 0, 0, 0, 128, 3, 16, 0]"
1964.666506,Unknown Device,2,5,0,97,"[0, 0, 0, 0, 29, 52, 6, 0]"
1964.666662,Unknown Device,2,5,0,98,"[0, 0, 0, 0, 0, 0, 0, 0]"
1964.666803,Unknown Device,2,5,0,100,"[0, 0, 0, 0, 0, 0, 0, 0]"
1964.66703,Unknown Device,2,5,7,736,"[0, 0, 126, 6, 0, 24, 48, 0]"
1964.667603,Unknown Device,2,5,9,738,"[0, 0, 0, 0, 236, 140, 136, 63]"
1964.6678,Unknown Device,2,4,4,177,"[0, 0, 0, 98, 0, 16, 245, 255]"
1964.668028,Unknown Device,2,5,7,738,"[0, 0, 0, 128, 0, 0, 0, 128]"
1964.66839,Unknown Device,2,4,2,177,"[0, 0, 0, 98, 0, 16, 252, 255]"
1964.668533,Unknown Device,2,5,0,736,"[0, 0, 168, 6, 0, 24, 0, 0]"
1964.668676,Unknown Device,2,5,9,736,"[0, 0, 154, 6, 0, 23, 32, 0]"
1964.669331,Unknown Device,2,4,1,177,"[0, 0, 0, 226, 0, 16, 237, 255]"
1964.670091,Unknown Device,21,4,20,180,"[237, 255, 255, 95, 255, 6, 128, 1]"
1964.67065,Unknown Device,2,5,5,736,"[0, 0, 136, 6, 0, 24, 48, 0]"
1964.670804,Unknown Device,2,5,8,736,"[0, 0, 170, 6, 0, 24, 48, 0]"
1964.670932,Unknown Device,2,5,5,738,"[246, 124, 160, 51, 0, 0, 0, 128]"
1964.67109,Unknown Device,2,5,8,738,"[0, 0, 0, 128, 0, 0, 0, 128]"
1964.672056,Unknown Device,2,4,3,177,"[0, 0, 0, 226, 0, 16, 7, 0]"
1964.674401,Unknown Device,2,5,10,736,"[0, 0, 169, 6, 0, 24, 32, 0]"
1964.674836,Unknown Device,2,5,6,736,"[0, 0, 161, 6, 0, 24, 48, 0]"
1964.67498,Unknown Device,2,5,6,738,"[0, 0, 0, 128, 0, 0, 0, 128]"
1964.676349,Unknown Device,2,5,0,96,"[0, 0, 0, 0, 128, 3, 16, 0]"
1964.677733,Unknown Device,2,4,4,177,"[0, 0, 0, 98, 0, 16, 254, 255]"
1964.677912,Unknown Device,2,4,4,183,"[0, 0, 224, 8, 0, 0, 0, 0]"
1964.678055,Unknown Device,2,5,7,737,"[0, 0, 0, 0, 0, 64, 0, 0]"
1964.678487,Unknown Device,2,4,2,177,"[0, 0, 0, 98, 0, 16, 246, 255]"
1964.67863,Unknown Device,2,5,9,736,"[0, 0, 154, 6, 0, 23, 32, 0]"
1964.678776,Unknown Device,2,4,2,183,"[0, 0, 64, 7, 0, 0, 0, 0]"
1964.679456,Unknown Device,2,4,1,177,"[0, 0, 0, 226, 0, 16, 240, 255]"
1964.679644,Unknown Device,2,4,1,183,"[0, 0, 128, 248, 255, 255, 0, 0]"
1964.680071,Unknown Device,21,4,20,180,"[237, 255, 255, 95, 255, 6, 128, 1]"
1964.680229,Unknown Device,21,4,20,195,"[241, 31, 5, 176, 253, 235, 255, 5]"
1964.680711,Unknown Device,1,1,0,97,"[113, 8, 74, 252, 0, 0, 0, 255]"
1964.682054,Unknown Device,2,4,3,177,"[0, 0, 0, 226, 0, 16, 22, 0]"
1964.682234,Unknown Device,2,4,3,183,"[0, 0, 224, 251, 255, 255, 0, 0]"
1964.683761,Unknown Device,8,5,21,96,"[0, 0, 0, 0, 0, 0, 0, 0]"
1964.683905,Unknown Device,8,5,21,97,"[0, 0, 0, 0, 0, 0, 0, 192]"
1964.684049,Unknown Device,8,5,21,98,"[0, 0, 0, 64, 0, 0, 0, 192]"
1964.684193,Unknown Device,8,5,21,99,"[0, 0, 112, 0, 0, 0, 0, 240]"
1964.684331,Unknown Device,8,5,21,100,"[41, 38, 24, 250, 0, 192, 125, 0]"
1964.68636,Unknown Device,2,5,0,96,"[0, 0, 0, 0, 128, 3, 16, 0]"
1964.686504,Unknown Device,2,5,0,97,"[0, 0, 0, 0, 29, 52, 6, 0]"
1964.686648,Unknown Device,2,5,0,98,"[0, 0, 0, 0, 0, 0, 0, 0]"
1964.686796,Unknown Device,2,5,0,100,"[0, 0, 0, 0, 0, 0, 0, 0]"
1964.687034,Unknown Device,2,5,7,736,"[0, 0, 126, 6, 0, 24, 48, 0]"
1964.687599,Unknown Device,2,5,9,738,"[0, 0, 0, 0, 236, 140, 136, 63]"
1964.687761,Unknown Device,2,4,4,177,"[0, 0, 0, 98, 0, 16, 10, 0]"
1964.688013,Unknown Device,2,5,7,738,"[0, 0, 0, 128, 0, 0, 0, 128]"
1964.688426,Unknown Device,2,5,0,736,"[0, 0, 169, 6, 0, 24, 0, 0]"
1964.688578,Unknown Device,2,4,2,177,"[0, 0, 0, 98, 0, 16, 239, 255]"
1964.688783,Unknown Device,2,5,9,736,"[0, 0, 154, 6, 0, 23, 32, 0]"
1964.689304,Unknown Device,2,4,1,177,"[0, 0, 0, 226, 0, 16, 237, 255]"
1964.690093,Unknown Device,21,4,20,180,"[237, 255, 255, 95, 255, 6, 128, 1]"
1964.690648,Unknown Device,2,5,5,736,"[0, 0, 135, 6, 0, 24, 48, 0]"
1964.690804,Unknown Device,2,5,8,736,"[0, 0, 171, 6, 0, 24, 48, 0]"
1964.690934,Unknown Device,2,5,5,738,"[246, 124, 160, 51, 0, 0, 0, 128]"
1964.691079,Unknown Device,2,5,8,738,"[0, 0, 0, 128, 0, 0, 0, 128]"
1964.692025,Unknown Device,2,4,3,177,"[0, 0, 0, 226, 0, 16, 22, 0]"
1964.694389,Unknown Device,2,5,10,736,"[0, 0, 170, 6, 0, 24, 32, 0]"
1964.694815,Unknown Device,2,5,6,736,"[0, 0, 161, 6, 0, 24, 48, 0]"
1964.694959,Unknown Device,2,5,6,738,"[0, 0, 0, 128, 0, 0, 0, 128]"
1964.696353,Unknown Device,2,5,0,96,"[0, 0, 0, 0, 128, 3, 16, 0]"
1964.697695,Unknown Device,2,4,4,177,"[0, 0, 0, 98, 0, 16, 241, 255]"
1964.697865,Unknown Device,2,4,4,183,"[0, 0, 224, 8, 0, 0, 0, 0]"
1964.698458,Unknown Device,2,4,2,177,"[0, 0, 0, 98, 0, 16, 248, 255]"
1964.698616,Unknown Device,2,4,2,183,"[0, 0, 64, 7, 0, 0, 0, 0]"
1964.698765,Unknown Device,2,5,9,736,"[0, 0, 154, 6, 0, 23, 32, 0]"
1964.699358,Unknown Device,2,5,0,101,"[0, 0, 0, 0, 0, 0, 16, 0]"
1964.699495,Unknown Device,2,4,1,177,"[0, 0, 0, 226, 0, 16, 242, 255]"
1964.700064,Unknown Device,21,4,20,180,"[237, 255, 255, 95, 255, 6, 128, 1]"
1964.700207,Unknown Device,21,4,20,195,"[241, 31, 5, 176, 253, 235, 255, 5]"
1964.700351,Unknown Device,2,4,1,183,"[0, 0, 128, 248, 255, 255, 0, 0]"
1964.700503,Unknown Device,2,5,0,102,"[0, 0, 0, 0, 0, 0, 0, 0]"
1964.700647,Unknown Device,0,4,63,1,"[52, 94, 170, 121, 68, 169, 213, 2]"
1964.700781,Unknown Device,21,4,20,196,"[42, 1, 165, 0, 33, 127, 0, 0]"
1964.700939,Unknown Device,21,4,20,199,"[0, 0, 160, 0, 0, 0, 0, 0]"
1964.701091,Unknown Device,21,4,20,200,"[116, 0, 84, 0, 176, 63, 0, 4]"
1964.701829,Unknown Device,1,1,0,97,"[113, 8, 74, 252, 0, 0, 0, 255]"
1964.702137,Unknown Device,2,4,3,177,"[0, 0, 0, 226, 0, 16, 22, 0]"
1964.702324,Unknown Device,2,4,3,183,"[0, 0, 224, 251, 255, 255, 0, 0]"
1964.70375,Unknown Device,8,5,21,96,"[0, 0, 0, 0, 0, 0, 0, 0]"
1964.703894,Unknown Device,8,5,21,97,"[0, 0, 0, 0, 0, 0, 0, 192]"
1964.704039,Unknown Device,8,5,21,98,"[0, 0, 0, 64, 0, 0, 0, 192]"
1964.704183,Unknown Device,8,5,21,99,"[0, 0, 112, 0, 0, 0, 0, 240]"
1964.70432,Unknown Device,8,5,21,100,"[41, 38, 24, 250, 0, 192, 125, 0]"
1964.706349,Unknown Device,2,5,0,96,"[0, 0, 0, 0, 128, 3, 16, 0]"
1964.706494,Unknown Device,2,5,0,97,"[0, 0, 0, 0, 29, 52, 6, 0]"
1964.706638,Unknown Device,2,5,0,98,"[0, 0, 0, 0, 0, 0, 0, 0]"
1964.706786,Unknown Device,2,5,0,100,"[0, 0, 0, 0, 0, 0, 0, 0]"
1964.707016,Unknown Device,2,5,7,736,"[0, 0, 125, 6, 0, 24, 48, 0]"
1964.707401,Unknown Device,2,5,0,99,"[0, 0, 0, 0, 0, 0, 0, 0]"
1964.707616,Unknown Device,2,5,9,738,"[0, 0, 0, 0, 236, 140, 136, 63]"
1964.707757,Unknown Device,2,4,4,177,"[0, 0, 0, 98, 0, 16, 249, 255]"
1964.708015,Unknown Device,2,5,7,738,"[0, 0, 0, 128, 0, 0, 0, 128]"
1964.708423,Unknown Device,2,5,0,736,"[0, 0, 169, 6, 0, 24, 0, 0]"
1964.708566,Unknown Device,2,4,2,177,"[0, 0, 0, 98, 0, 16, 253, 255]"
1964.708714,Unknown Device,2,5,9,736,"[0, 0, 154, 6, 0, 23, 32, 0]"
1964.708852,Unknown Device,2,5,9,737,"[0, 0, 0, 8, 0, 64, 0, 0]"
1964.709426,Unknown Device,2,4,1,177,"[0, 0, 0, 226, 0, 16, 225, 255]"
1964.710054,Unknown Device,21,4,20,180,"[237, 255, 255, 95, 255, 6, 128, 1]"
1964.71065,Unknown Device,2,5,5,736,"[0, 0, 136, 6, 0, 24, 48, 0]"
1964.710796,Unknown Device,2,5,8,736,"[0, 0, 170, 6, 0, 24, 48, 0]"
1964.710947,Unknown Device,2,5,5,738,"[246, 124, 160, 51, 0, 0, 0, 128]"
1964.71109,Unknown Device,2,5,8,738,"[0, 0, 0, 128, 0, 0, 0, 128]"
1964.712133,Unknown Device,2,4,3,177,"[0, 0, 0, 226, 0, 16, 26, 0]"
1964.714382,Unknown Device,2,5,10,736,"[0, 0, 169, 6, 0, 24, 32, 0]"
1964.714812,Unknown Device,2,5,6,736,"[0, 0, 161, 6, 0, 24, 48, 0]"
1964.714954,Unknown Device,2,5,6,738,"[0, 0, 0, 128, 0, 0, 0, 128]"
1964.716346,Unknown Device,2,5,0,96,"[0, 0, 0, 0, 128, 3, 16, 0]"
1964.717665,Unknown Device,2,4,4,177,"[0, 0, 0, 98, 0, 16, 251, 255]"
1964.717834,Unknown Device,2,4,4,183,"[0, 0, 224, 8, 0, 0, 0, 0]"
1964.718416,Unknown Device,2,4,2,177,"[0, 0, 0, 98, 0, 16, 251, 255]"
1964.718587,Unknown Device,2,4,2,183,"[0, 0, 64, 7, 0, 0, 0, 0]"
1964.718727,Unknown Device,2,5,9,736,"[0, 0, 154, 6, 0, 23, 32, 0]"
1964.719415,Unknown Device,2,4,1,177,"[0, 0, 0, 226, 0, 16, 249, 255]"
1964.719593,Unknown Device,2,4,1,183,"[0, 0, 128, 248, 255, 255, 0, 0]"
1964.720066,Unknown Device,21,4,20,180,"[237, 255, 255, 95, 255, 6, 128, 1]"
1964.720208,Unknown Device,21,4,20,195,"[241, 31, 5, 176, 253, 235, 255, 5]"
1964.722094,Unknown Device,2,4,3,177,"[0, 0, 0, 226, 0, 16, 28, 0]"
1964.722273,Unknown Device,2,4,3,183,"[0, 0, 224, 251, 255, 255, 0, 0]"
1964.722857,Unknown Device,1,1,0,97,"[113, 8, 74, 252, 0, 0, 0, 255]"
1964.72374,Unknown Device,8,5,21,96,"[0, 0, 0, 0, 0, 0, 0, 0]"
1964.72389,Unknown Device,8,5,21,97,"[0, 0, 0, 0, 0, 0, 0, 192]"
1964.724033,Unknown Device,8,5,21,98,"[0, 0, 0, 64, 0, 0, 0, 192]"
1964.724171,Unknown Device,8,5,21,99,"[0, 0, 112, 0, 0, 0, 0, 240]"
1964.724323,Unknown Device,8,5,21,100,"[41, 38, 24, 250, 0, 192, 125, 0]"
1964.726309,Unknown Device,2,5,0,96,"[0, 0, 0, 0, 128, 3, 16, 0]"
1964.726453,Unknown Device,2,5,0,97,"[0, 0, 0, 0, 29, 52, 6, 0]"
1964.726605,Unknown Device,2,5,0,98,"[0, 0, 0, 0, 0, 0, 0, 0]"
1964.726747,Unknown Device,2,5,0,100,"[0, 0, 0, 0, 0, 0, 0, 0]"
1964.727013,Unknown Device,2,5,7,736,"[0, 0, 125, 6, 0, 24, 48, 0]"
1964.727612,Unknown Device,2,5,9,738,"[0, 0, 0, 0, 236, 140, 136, 63]"
1964.727754,Unknown Device,2,4,4,177,"[0, 0, 0, 98, 0, 16, 243, 255]"
1964.728012,Unknown Device,2,5,7,738,"[0, 0, 0, 128, 0, 0, 0, 128]"
1964.728404,Unknown Device,2,4,2,177,"[0, 0, 0, 98, 0, 16, 253, 255]"
1964.728542,Unknown Device,2,5,0,736,"[0, 0, 169, 6, 0, 24, 0, 0]"
1964.72869,Unknown Device,2,5,9,736,"[0, 0, 154, 6, 0, 23, 32, 0]"
1964.729404,Unknown Device,2,4,1,177,"[0, 0, 0, 226, 0, 16, 3, 0]"
1964.730087,Unknown Device,21,4,20,180,"[237, 255, 255, 95, 255, 6, 128, 1]"
1964.730637,Unknown Device,2,5,5,736,"[0, 0, 136, 6, 0, 24, 48, 0]"
1964.730785,Unknown Device,2,5,8,736,"[0, 0, 170, 6, 0, 24, 48, 0]"
1964.730929,Unknown Device,2,5,5,738,"[246, 124, 160, 51, 0, 0, 0, 128]"
1964.731074,Unknown Device,2,5,8,738,"[0, 0, 0, 128, 0, 0, 0, 128]"
1964.732061,Unknown Device,2,4,3,177,"[0, 0, 0, 226, 0, 16, 19, 0]"
1964.734385,Unknown Device,2,5,10,736,"[0, 0, 169, 6, 0, 24, 32, 0]"
1964.73481,Unknown Device,2,5,6,736,"[0, 0, 162, 6, 0, 24, 48, 0]"
1964.734954,Unknown Device,2,5,6,738,"[0, 0, 0, 128, 0, 0, 0, 128]"
1964.736333,Unknown Device,2,5,0,96,"[0, 0, 0, 0, 128, 3, 16, 0]"
1964.737747,Unknown Device,2,4,4,177,"[0, 0, 0, 98, 0, 16, 231, 255]"
1964.737934,Unknown Device,2,4,4,183,"[0, 0, 224, 8, 0, 0, 0, 0]"
1964.738483,Unknown Device,2,4,2,177,"[0, 0, 0, 98, 0, 16, 253, 255]"
1964.738688,Unknown Device,2,4,2,183,"[0, 0, 64, 7, 0, 0, 0, 0]"
1964.738826,Unknown Device,2,5,9,736,"[0, 0, 154, 6, 0, 23, 32, 0]"
1964.73939,Unknown Device,2,4,1,177,"[0, 0, 0, 226, 0, 16, 232, 255]"
1964.739562,Unknown Device,2,4,1,183,"[0, 0, 128, 248, 255, 255, 0, 0]"
1964.740087,Unknown Device,21,4,20,180,"[237, 255, 255, 95, 255, 6, 128, 1]"
1964.740239,Unknown Device,21,4,20,195,"[241, 31, 5, 176, 253, 235, 255, 5]"
1964.742051,Unknown Device,2,4,3,177,"[0, 0, 0, 226, 0, 16, 17, 0]"
1964.742217,Unknown Device,2,4,3,183,"[0, 0, 224, 251, 255, 255, 0, 0]"
1964.743012,Unknown Device,0,4,63,1,"[52, 94, 170, 125, 8, 10, 83, 121]"
1964.743743,Unknown Device,8,5,21,96,"[0, 0, 0, 0, 0, 0, 0, 0]"
1964.743887,Unknown Device,8,5,21,97,"[0, 0, 0, 0, 0, 0, 0, 192]"
1964.744032,Unknown Device,8,5,21,98,"[0, 0, 0, 64, 0, 0, 0, 192]"
1964.744169,Unknown Device,8,5,21,99,"[0, 0, 112, 0, 0, 0, 0, 240]"
1964.744313,Unknown Device,8,5,21,100,"[41, 38, 24, 250, 0, 192, 125, 0]"
1964.744457,Unknown Device,1,1,0,97,"[113, 8, 74, 252, 0, 0, 0, 255]"
1964.746342,Unknown Device,2,5,0,96,"[0, 0, 0, 0, 128, 3, 16, 0]"
1964.746428,Unknown Device,0,4,63,10,"[0, 0, 0, 0, 2, 26, 1, 0]"
1964.746572,Unknown,Unknown,Unknown,Unknown,996,"[2, 62, 0, 170, 170, 170, 170, 170]"
1964.74672,Unknown Device,2,5,0,97,"[0, 0, 0, 0, 29, 52, 6, 0]"
1964.746858,Unknown Device,2,5,0,98,"[0, 0, 0, 0, 0, 0, 0, 0]"
1964.747002,Unknown Device,2,5,0,100,"[0, 0, 0, 0, 0, 0, 0, 0]"
1964.747146,Unknown Device,2,5,7,736,"[0, 0, 126, 6, 0, 24, 48, 0]"
1964.747588,Unknown Device,2,5,9,738,"[0, 0, 0, 0, 236, 140, 136, 63]"
1964.747736,Unknown Device,2,4,4,177,"[0, 0, 0, 98, 0, 16, 6, 0]"
1964.748002,Unknown Device,2,5,7,738,"[0, 0, 0, 128, 0, 0, 0, 128]"
1964.748415,Unknown Device,2,5,0,736,"[0, 0, 168, 6, 0, 24, 0, 0]"
1964.748553,Unknown Device,2,4,2,177,"[0, 0, 0, 98, 0, 16, 6, 0]"
1964.748744,Unknown Device,2,5,9,736,"[0, 0, 154, 6, 0, 23, 32, 0]"
1964.749352,Unknown Device,2,4,1,177,"[0, 0, 0, 226, 0, 16, 242, 255]"
1964.750057,Unknown Device,21,4,20,180,"[237, 255, 255, 95, 255, 6, 128, 1]"
1964.750201,Unknown,Unknown,Unknown,Unknown,997,"[6, 126, 2, 4, 252, 65, 6, 170]"
1964.750622,Unknown Device,2,5,5,738,"[246, 124, 160, 51, 0, 0, 0, 128]"
1964.75077,Unknown Device,2,5,5,736,"[0, 0, 135, 6, 0, 24, 48, 0]"
1964.750914,Unknown Device,2,5,8,736,"[0, 0, 170, 6, 0, 24, 48, 0]"
1964.751052,Unknown Device,2,5,8,738,"[0, 0, 0, 128, 0, 0, 0, 128]"
1964.752025,Unknown Device,2,4,3,177,"[0, 0, 0, 226, 0, 16, 19, 0]"
1964.752339,Unknown,Unknown,Unknown,Unknown,997,"[6, 126, 2, 4, 252, 66, 7, 170]"
1964.753016,Unknown,Unknown,Unknown,Unknown,997,"[6, 126, 21, 4, 252, 84, 9, 170]"
1964.754364,Unknown Device,2,5,10,736,"[0, 0, 169, 6, 0, 24, 32, 0]"
1964.7548,Unknown Device,2,5,6,736,"[0, 0, 162, 6, 0, 24, 48, 0]"
1964.754942,Unknown Device,2,5,6,738,"[0, 0, 0, 128, 0, 0, 0, 128]"
1964.756324,Unknown Device,2,5,0,96,"[0, 0, 0, 0, 128, 3, 16, 0]"
1964.757725,Unknown Device,2,4,4,177,"[0, 0, 0, 98, 0, 16, 244, 255]"
1964.757918,Unknown Device,2,4,4,183,"[0, 0, 224, 8, 0, 0, 0, 0]"
1964.758463,Unknown Device,2,4,2,177,"[0, 0, 0, 98, 0, 16, 249, 255]"
1964.75862,Unknown Device,2,5,0,99,"[0, 0, 0, 0, 0, 0, 0, 0]"
1964.75876,Unknown Device,2,4,2,183,"[0, 0, 64, 7, 0, 0, 0, 0]"
1964.758903,Unknown Device,2,5,9,736,"[0, 0, 154, 6, 0, 23, 32, 0]"
1964.759391,Unknown Device,2,4,1,177,"[0, 0, 0, 226, 0, 16, 250, 255]"
1964.759612,Unknown Device,2,4,1,183,"[0, 0, 128, 248, 255, 255, 0, 0]"
1964.759745,Unknown,Unknown,Unknown,Unknown,997,"[6, 126, 2, 4, 252, 68, 8, 170]"
1964.760051,Unknown Device,21,4,20,180,"[236, 255, 255, 95, 255, 6, 128, 1]"
1964.760208,Unknown Device,21,4,20,195,"[241, 31, 5, 176, 253, 235, 255, 5]"
1964.76209,Unknown Device,2,4,3,177,"[0, 0, 0, 226, 0, 16, 11, 0]"
1964.76226,Unknown Device,2,4,3,183,"[0, 0, 224, 251, 255, 255, 0, 0]"
1964.762986,Unknown,Unknown,Unknown,Unknown,997,"[6, 126, 2, 4, 252, 67, 10, 170]"
1964.763739,Unknown Device,8,5,21,96,"[0, 0, 0, 0, 0, 0, 0, 0]"
1964.763882,Unknown Device,8,5,21,97,"[0, 0, 0, 0, 0, 0, 0, 192]"
1964.76402,Unknown Device,8,5,21,98,"[0, 0, 0, 64, 0, 0, 0, 192]"
1964.764177,Unknown Device,8,5,21,99,"[0, 0, 112, 0, 0, 0, 0, 240]"
1964.764305,Unknown Device,8,5,21,100,"[42, 38, 24, 250, 0, 192, 125, 0]"
1964.765575,Unknown Device,1,1,0,97,"[113, 8, 74, 252, 0, 0, 0, 255]"
1964.766315,Unknown Device,2,5,0,96,"[0, 0, 0, 0, 128, 3, 16, 0]"
1964.766466,Unknown Device,2,5,0,97,"[0, 0, 0, 0, 29, 52, 6, 0]"
1964.766608,Unknown Device,2,5,0,98,"[0, 0, 0, 0, 0, 0, 0, 0]"
1964.766755,Unknown Device,2,5,0,100,"[0, 0, 0, 0, 0, 0, 0, 0]"
1964.76699,Unknown Device,2,5,7,736,"[0, 0, 125, 6, 0, 24, 48, 0]"
1964.767591,Unknown Device,2,5,9,738,"[0, 0, 0, 0, 236, 140, 136, 63]"
1964.767802,Unknown Device,2,4,4,177,"[0, 0, 0, 98, 0, 16, 245, 255]"
1964.768002,Unknown Device,2,5,7,738,"[0, 0, 0, 128, 0, 0, 0, 128]"
1964.768407,Unknown Device,2,4,2,177,"[0, 0, 0, 98, 0, 16, 237, 255]"
1964.768544,Unknown Device,2,5,0,736,"[0, 0, 169, 6, 0, 24, 0, 0]"
1964.76869,Unknown Device,2,5,9,736,"[0, 0, 154, 6, 0, 23, 32, 0]"
1964.769314,Unknown Device,2,4,1,177,"[0, 0, 0, 226, 0, 16, 231, 255]"
1964.770038,Unknown Device,21,4,20,180,"[236, 255, 255, 95, 255, 6, 128, 1]"
1964.770624,Unknown Device,2,5,5,736,"[0, 0, 136, 6, 0, 24, 48, 0]"
1964.770757,Unknown Device,2,5,5,738,"[246, 124, 160, 51, 0, 0, 0, 128]"
1964.770901,Unknown Device,2,5,8,736,"[0, 0, 171, 6, 0, 24, 48, 0]"
1964.771054,Unknown Device,2,5,8,738,"[0, 0, 0, 128, 0, 0, 0, 128]"
1964.772071,Unknown Device,2,4,3,177,"[0, 0, 0, 226, 0, 16, 18, 0]"
1964.774359,Unknown Device,2,5,10,736,"[0, 0, 171, 6, 0, 24, 32, 0]"
1964.774784,Unknown Device,2,5,6,736,"[0, 0, 161, 6, 0, 24, 48, 0]"
1964.774928,Unknown Device,2,5,6,738,"[0, 0, 0, 128, 0, 0, 0, 128]"
1964.776303,Unknown Device,2,5,0,96,"[0, 0, 0, 0, 128, 3, 16, 0]"
1964.777729,Unknown Device,2,4,4,177,"[0, 0, 0, 98, 0, 16, 246, 255]"
1964.777909,Unknown Device,2,4,4,183,"[0, 0, 224, 8, 0, 0, 0, 0]"
1964.778359,Unknown Device,2,4,2,177,"[0, 0, 0, 98, 0, 16, 242, 255]"
1964.778546,Unknown Device,2,4,2,183,"[0, 0, 64, 7, 0, 0, 0, 0]"
1964.778679,Unknown Device,2,5,9,736,"[0, 0, 155, 6, 0, 23, 32, 0]"
1964.779422,Unknown Device,2,4,1,177,"[0, 0, 0, 226, 0, 16, 238, 255]"
1964.779588,Unknown Device,2,4,1,183,"[0, 0, 128, 248, 255, 255, 0, 0]"
1964.780044,Unknown Device,21,4,20,180,"[236, 255, 255, 95, 255, 6, 128, 1]"
1964.780189,Unknown Device,21,4,20,195,"[241, 31, 5, 176, 253, 235, 255, 5]"
1964.782042,Unknown Device,2,4,3,177,"[0, 0, 0, 226, 0, 16, 18, 0]"
1964.782243,Unknown Device,2,4,3,183,"[0, 0, 224, 251, 255, 255, 0, 0]"
1964.78372,Unknown Device,8,5,21,96,"[0, 0, 0, 0, 0, 0, 0, 0]"
1964.783864,Unknown Device,8,5,21,97,"[0, 0, 0, 0, 0, 0, 0, 192]"
1964.784031,Unknown Device,8,5,21,98,"[0, 0, 0, 64, 0, 0, 0, 192]"
1964.784161,Unknown Device,8,5,21,99,"[0, 0, 112, 0, 0, 0, 0, 240]"
1964.784305,Unknown Device,8,5,21,100,"[42, 38, 24, 250, 0, 192, 125, 0]"
1964.78613,Unknown Device,1,1,0,97,"[113, 8, 74, 252, 0, 0, 0, 255]"
1964.786274,Unknown Device,0,4,63,1,"[52, 94, 172, 122, 252, 104, 6, 164]"
1964.786418,Unknown Device,2,5,0,96,"[0, 0, 0, 0, 128, 3, 16, 0]"
1964.786569,Unknown Device,2,5,0,97,"[0, 0, 0, 0, 29, 52, 6, 0]"
1964.786703,Unknown Device,2,5,0,98,"[0, 0, 0, 0, 0, 0, 0, 0]"
1964.786847,Unknown Device,2,5,0,100,"[0, 0, 0, 0, 0, 0, 0, 0]"
1964.787,Unknown Device,2,5,7,736,"[0, 0, 126, 6, 0, 24, 48, 0]"
1964.787579,Unknown Device,2,5,9,738,"[0, 0, 0, 0, 236, 140, 136, 63]"
1964.787792,Unknown Device,2,4,4,177,"[0, 0, 0, 98, 0, 16, 247, 255]"
1964.787994,Unknown Device,2,5,7,738,"[0, 0, 0, 128, 0, 0, 0, 128]"
1964.788387,Unknown Device,2,4,2,177,"[0, 0, 0, 98, 0, 16, 3, 0]"
1964.788531,Unknown Device,2,5,0,736,"[0, 0, 169, 6, 0, 24, 0, 0]"
1964.788679,Unknown Device,2,5,9,736,"[0, 0, 154, 6, 0, 23, 32, 0]"
1964.789322,Unknown Device,2,4,1,177,"[0, 0, 0, 226, 0, 16, 238, 255]"
1964.790053,Unknown Device,21,4,20,180,"[236, 255, 255, 95, 255, 6, 128, 1]"
1964.790617,Unknown Device,2,5,5,736,"[0, 0, 136, 6, 0, 24, 48, 0]"
1964.790765,Unknown Device,2,5,8,736,"[0, 0, 170, 6, 0, 24, 48, 0]"
1964.790902,Unknown Device,2,5,5,738,"[246, 124, 160, 51, 0, 0, 0, 128]"
1964.791047,Unknown Device,2,5,8,738,"[0, 0, 0, 128, 0, 0, 0, 128]"
1964.792052,Unknown Device,2,4,3,177,"[0, 0, 0, 226, 0, 16, 4, 0]"
1964.794366,Unknown Device,2,5,10,736,"[0, 0, 169, 6, 0, 24, 32, 0]"
1964.794792,Unknown Device,2,5,6,736,"[0, 0, 162, 6, 0, 24, 48, 0]"
1964.79495,Unknown Device,2,5,6,738,"[0, 0, 0, 128, 0, 0, 0, 128]"
1964.796312,Unknown Device,2,5,0,96,"[0, 0, 0, 0, 128, 3, 16, 0]"
1964.797722,Unknown Device,2,4,4,177,"[0, 0, 0, 98, 0, 16, 246, 255]"
1964.79788,Unknown Device,2,4,4,183,"[0, 0, 224, 8, 0, 0, 0, 0]"
1964.798481,Unknown Device,2,4,2,177,"[0, 0, 0, 98, 0, 16, 254, 255]"
1964.798611,Unknown Device,2,5,9,736,"[0, 0, 154, 6, 0, 23, 32, 0]"
1964.798759,Unknown Device,2,4,2,183,"[0, 0, 64, 7, 0, 0, 0, 0]"
1964.799315,Unknown Device,2,4,1,177,"[0, 0, 0, 226, 0, 16, 235, 255]"
1964.799472,Unknown Device,2,4,1,183,"[0, 0, 128, 248, 255, 255, 0, 0]"
1964.800064,Unknown Device,21,4,20,180,"[236, 255, 255, 95, 255, 6, 128, 1]"
1964.800215,Unknown Device,21,4,20,195,"[241, 31, 5, 176, 253, 235, 255, 5]"
1964.800371,Unknown Device,21,4,20,196,"[40, 1, 161, 0, 33, 127, 0, 0]"
1964.800528,Unknown Device,21,4,20,199,"[249, 255, 31, 2, 0, 22, 0, 0]"
1964.800682,Unknown Device,21,4,20,200,"[84, 0, 100, 0, 216, 63, 0, 4]"
1964.801996,Unknown Device,2,4,3,177,"[0, 0, 0, 226, 0, 16, 26, 0]"
1964.802152,Unknown Device,2,4,3,183,"[0, 0, 224, 251, 255, 255, 0, 0]"
1964.803725,Unknown Device,8,5,21,96,"[0, 0, 0, 0, 0, 0, 0, 0]"
1964.803868,Unknown Device,8,5,21,97,"[0, 0, 0, 0, 0, 0, 0, 192]"
1964.804011,Unknown Device,8,5,21,98,"[0, 0, 0, 64, 0, 0, 0, 192]"
1964.804147,Unknown Device,8,5,21,99,"[0, 0, 112, 0, 0, 0, 0, 240]"
1964.80429,Unknown Device,8,5,21,100,"[42, 38, 24, 250, 0, 192, 125, 0]"
1964.806311,Unknown Device,2,5,0,96,"[0, 0, 0, 0, 128, 3, 16, 0]"
1964.80644,Unknown Device,2,5,0,97,"[0, 0, 0, 0, 29, 52, 6, 0]"
1964.806582,Unknown Device,2,5,0,98,"[0, 0, 0, 0, 0, 0, 0, 0]"
1964.806723,Unknown Device,1,1,0,97,"[113, 8, 74, 252, 0, 0, 0, 255]"
1964.80688,Unknown Device,2,5,0,100,"[0, 0, 0, 0, 0, 0, 0, 0]"
1964.807024,Unknown Device,2,5,7,736,"[0, 0, 126, 6, 0, 24, 48, 0]"
1964.807569,Unknown Device,2,5,9,738,"[0, 0, 0, 0, 236, 140, 136, 63]"
1964.80771,Unknown Device,2,4,4,177,"[0, 0, 0, 98, 0, 16, 0, 0]"
1964.80798,Unknown Device,2,5,7,738,"[0, 0, 0, 128, 0, 0, 0, 128]"
1964.808299,Unknown Device,2,5,0,99,"[0, 0, 0, 0, 0, 0, 0, 0]"
1964.80845,Unknown Device,2,4,2,177,"[0, 0, 0, 98, 0, 16, 251, 255]"
1964.808592,Unknown Device,2,5,0,736,"[0, 0, 170, 6, 0, 24, 0, 0]"
1964.808724,Unknown Device,2,5,9,736,"[0, 0, 154, 6, 0, 23, 32, 0]"
1964.809376,Unknown Device,2,4,1,177,"[0, 0, 0, 226, 0, 16, 223, 255]"
1964.810066,Unknown Device,21,4,20,180,"[236, 255, 255, 95, 255, 6, 128, 1]"
1964.810612,Unknown Device,2,5,5,736,"[0, 0, 135, 6, 0, 24, 48, 0]"
1964.810758,Unknown Device,2,5,8,736,"[0, 0, 170, 6, 0, 24, 48, 0]"
1964.810895,Unknown Device,2,5,5,738,"[246, 124, 160, 51, 0, 0, 0, 128]"
1964.811039,Unknown Device,2,5,8,738,"[0, 0, 0, 128, 0, 0, 0, 128]"
1964.811401,Unknown Device,2,5,0,737,"[0, 0, 0, 8, 0, 64, 0, 0]"
1964.811752,Unknown,Unknown,Unknown,Unknown,996,"[2, 62, 0, 170, 170, 170, 170, 170]"
1964.812022,Unknown Device,2,4,3,177,"[0, 0, 0, 226, 0, 16, 20, 0]"
1964.812355,Unknown,Unknown,Unknown,Unknown,997,"[6, 126, 2, 4, 252, 65, 6, 170]"
1964.814349,Unknown Device,2,5,10,736,"[0, 0, 169, 6, 0, 24, 32, 0]"
1964.814776,Unknown Device,2,5,6,736,"[0, 0, 162, 6, 0, 24, 48, 0]"
1964.81492,Unknown Device,2,5,6,738,"[0, 0, 0, 128, 0, 0, 0, 128]"
1964.8163,Unknown Device,2,5,0,96,"[0, 0, 0, 0, 128, 3, 16, 0]"
1964.817668,Unknown Device,2,4,4,177,"[0, 0, 0, 98, 0, 16, 253, 255]"
1964.817863,Unknown Device,2,4,4,183,"[0, 0, 224, 8, 0, 0, 0, 0]"
1964.817994,Unknown,Unknown,Unknown,Unknown,996,"[1, 176, 170, 170, 170, 170, 170, 170]"
1964.818459,Unknown Device,2,4,2,177,"[0, 0, 0, 98, 0, 16, 245, 255]"
1964.818603,Unknown,Unknown,Unknown,Unknown,997,"[16, 98, 240, 26, 1, 1, 0, 243]"
1964.818745,Unknown Device,2,4,2,183,"[0, 0, 64, 7, 0, 0, 0, 0]"
1964.818875,Unknown Device,2,5,9,736,"[0, 0, 153, 6, 0, 23, 32, 0]"
1964.819311,Unknown Device,2,4,1,177,"[0, 0, 0, 226, 0, 16, 233, 255]"
1964.819498,Unknown Device,2,4,1,183,"[0, 0, 128, 248, 255, 255, 0, 0]"
1964.820045,Unknown Device,21,4,20,180,"[236, 255, 255, 95, 255, 6, 128, 1]"
1964.820189,Unknown Device,21,4,20,195,"[241, 31, 5, 176, 253, 235, 255, 5]"
1964.822064,Unknown Device,2,4,3,177,"[0, 0, 0, 226, 0, 16, 18, 0]"
1964.822259,Unknown Device,2,4,3,183,"[0, 0, 224, 251, 255, 255, 0, 0]"
1964.823714,Unknown Device,8,5,21,96,"[0, 0, 0, 0, 0, 0, 0, 0]"
1964.823879,Unknown Device,8,5,21,97,"[0, 0, 0, 0, 0, 0, 0, 192]"
1964.823996,Unknown Device,8,5,21,98,"[0, 0, 0, 64, 0, 0, 0, 192]"
1964.824139,Unknown Device,8,5,21,99,"[0, 0, 112, 0, 0, 0, 0, 240]"
1964.824277,Unknown,Unknown,Unknown,Unknown,996,"[48, 0, 5, 170, 170, 170, 170, 170]"
1964.824421,Unknown Device,8,5,21,100,"[42, 38, 24, 250, 0, 192, 125, 0]"
1964.82538,Unknown Device,2,5,0,96,"[0, 0, 255, 255, 255, 255, 0, 0]"
1964.826284,Unknown Device,2,5,0,96,"[0, 0, 0, 0, 128, 3, 16, 0]"
1964.826429,Unknown Device,2,5,0,97,"[0, 0, 0, 0, 29, 52, 6, 0]"
1964.826581,Unknown Device,2,5,0,98,"[0, 0, 0, 0, 0, 0, 0, 0]"
1964.826729,Unknown Device,2,5,0,100,"[0, 0, 0, 0, 0, 0, 0, 0]"
1964.826981,Unknown Device,2,5,7,736,"[0, 0, 126, 6, 0, 24, 48, 0]"
1964.827238,Unknown Device,1,1,0,97,"[113, 8, 74, 252, 0, 0, 0, 255]"
1964.827347,Unknown Device,2,5,0,752,"[0, 0, 0, 0, 206, 32, 59, 159]"
1964.827562,Unknown Device,2,5,9,738,"[0, 0, 0, 0, 236, 140, 136, 63]"
1964.827774,Unknown Device,2,4,4,431,"[0, 0, 0, 0, 1, 26, 19, 0]"
1964.827947,Unknown Device,2,4,4,285,"[0, 0, 0, 0, 0, 0, 0, 0]"
1964.828091,Unknown Device,2,5,7,738,"[0, 0, 0, 128, 0, 0, 0, 128]"
1964.828385,Unknown Device,2,5,0,736,"[0, 0, 170, 6, 0, 24, 0, 0]"
1964.828514,Unknown Device,2,4,2,431,"[0, 0, 0, 0, 1, 26, 19, 0]"
1964.828644,Unknown Device,0,4,63,1,"[52, 94, 170, 125, 194, 182, 170, 233]"
1964.828786,Unknown Device,2,4,4,193,"[0, 243, 199, 46, 0, 0, 0, 0]"
1964.828929,Unknown Device,2,4,4,177,"[0, 0, 0, 98, 0, 16, 253, 255]"
1964.829074,Unknown Device,2,5,9,736,"[0, 0, 154, 6, 0, 23, 32, 0]"
1964.829226,Unknown Device,2,4,2,285,"[0, 0, 0, 0, 0, 0, 0, 0]"
1964.829398,Unknown Device,2,4,2,193,"[0, 243, 199, 46, 0, 0, 0, 0]"
1964.829542,Unknown Device,2,4,2,177,"[0, 0, 0, 98, 0, 16, 251, 255]"
1964.829684,Unknown Device,2,4,4,181,"[254, 127, 0, 192, 83, 21, 28, 24]"
